date,open,high,low,close,volume,ma_5,ma_10,ma_20,ma_ratio_5_20,rsi_14,macd,macd_signal,daily_return,volatility_10,volatility_20,volume_change,volume_ma_10,high_low_range,target_return,target_direction
2016-08-05,51.78,52.0,51.4,51.63,1781500,51.970000000000006,52.039,51.802,1.0032431180263313,61.39410187667563,0.4085082050792366,0.49954456414558834,-0.0028968713789107037,0.006424848008300907,0.009908705541237801,31.68807339449541,332400.0,0.011621150493898924,0.010652721286073863,1
2016-08-08,51.75,52.3,51.75,52.18,612500,51.9,52.057,51.88100000000001,1.0003662227019523,63.451776649746236,0.404773922727685,0.4805904358620077,0.010652721286073863,0.007371018607578986,0.009568245495472055,-0.656188605108055,387500.0,0.01054043694902256,-0.008623993867382218,0
2016-08-09,52.07,52.2,51.63,51.73,58000,51.774,52.015,51.9055,0.9974665497875947,46.3068181818181,0.3613379588029275,0.45673994045019173,-0.008623993867382218,0.007819594371930649,0.009455044484240394,-0.9053061224489796,387400.0,0.01101875120819641,0.0003866228494104895,1
2016-08-10,52.15,52.19,51.61,51.75,113000,51.814,52.001999999999995,51.89200000000001,0.9984968781315037,46.153846153846104,0.32478456303506675,0.4303488649671668,0.0003866228494104895,0.007668483386259995,0.008800021994975472,0.9482758620689655,391700.0,0.011207729468599001,-0.004251207729468631,0
2016-08-11,51.8,51.8,51.5,51.53,103500,51.763999999999996,51.947,51.8765,0.9978313880080575,43.12668463611863,0.2748947565156925,0.399258043276872,-0.004251207729468631,0.007617627888286118,0.008817096723923423,-0.08407079646017701,303750.0,0.00582185134872884,0.0009703085581214133,1
2016-08-12,51.99,51.99,51.45,51.58,81500,51.754,51.862,51.85549999999999,0.998042637714418,44.35483870967739,0.2366632014761194,0.3667390749167215,0.0009703085581214133,0.0071711085887357605,0.008787438087571278,-0.2125603864734299,304600.0,0.01046917409848777,0.002132609538580743,1
2016-08-15,51.6,51.8,51.56,51.69,65500,51.65599999999999,51.778,51.900999999999996,0.9952794743839232,43.74999999999999,0.21278761617188025,0.33594878316775323,0.002132609538580743,0.007183729908090793,0.006910629766180166,-0.19631901840490795,302250.0,0.004643064422518764,0.006771135616173263,1
2016-08-16,51.5,52.1,51.5,52.04,145500,51.718,51.746,51.947,0.9955916607311298,52.12765957446804,0.21957697109109375,0.31267442075242136,0.006771135616173263,0.007612751156305872,0.0069139795089526255,1.2213740458015265,312500.0,0.01152959262106075,0.002305918524212025,1
2016-08-17,52.0,52.8,52.0,52.16,1401500,51.8,51.806999999999995,51.95550000000001,0.9970070541136162,51.086956521739104,0.23196661416351816,0.29653285943464075,0.002305918524212025,0.005546242994014535,0.00580397608159987,8.632302405498281,441700.0,0.015337423312883382,-0.012461656441717817,0
2016-08-18,52.25,52.25,51.47,51.51,119500,51.79600000000001,51.78000000000001,51.93000000000001,0.997419603312151,38.442211055276374,0.18717825344631933,0.2746619382369765,-0.012461656441717817,0.006862954956090836,0.006452953295153801,-0.914734213342847,448200.0,0.015142690739662224,-0.0033003300330032292,0
2016-08-19,51.45,51.45,50.6,51.34,84000,51.748000000000005,51.751,51.894999999999996,0.9971673571635034,35.30864197530866,0.1363933183721997,0.24700821426402114,-0.0033003300330032292,0.006879767208178779,0.006479740807703896,-0.297071129707113,278450.0,0.016556291390728502,0.0025321386832877213,1
2016-08-22,51.85,51.85,51.2,51.47,75000,51.70399999999999,51.68000000000001,51.8685,0.996828518272169,38.90274314214461,0.10542058213609806,0.21869068783843654,0.0025321386832877213,0.0058072596898455595,0.006518663151218282,-0.1071428571428571,224700.0,0.012628715756751478,-0.0033028948902273925,0
2016-08-23,51.02,51.71,51.02,51.3,55000,51.556,51.637,51.826,0.9947902597152009,46.29080118694361,0.06639156563048942,0.18823086339684714,-0.0033028948902273925,0.005287624041245548,0.006496775038729047,-0.2666666666666667,224400.0,0.013450292397660775,-0.013840155945418986,0
2016-08-24,51.3,51.3,50.5,50.59,144000,51.242,51.521,51.7615,0.9899635829718999,34.54545454545449,-0.02158149933124065,0.14626839085122958,-0.013840155945418986,0.006661745922268437,0.007067585448092647,1.6181818181818182,227500.0,0.01581340185807466,0.009290373591618772,1
2016-08-25,50.6,51.3,50.6,51.06,69500,51.152,51.474000000000004,51.7105,0.9891994855977025,43.16546762589925,-0.052767444821704146,0.10646122371664285,0.009290373591618772,0.007528437744925327,0.007371550328361483,-0.5173611111111112,224100.0,0.013709361535448408,0.003525264394829586,1
2016-08-26,51.0,51.4,50.85,51.24,363000,51.132000000000005,51.44,51.650999999999996,0.989951791833653,37.6315789473684,-0.06224056513676146,0.07272086594596198,0.003525264394829586,0.007641107469052179,0.007229533268301079,4.223021582733813,252250.0,0.010733801717408219,0.01951600312256052,1
2016-08-29,51.03,52.65,51.03,52.24,989500,51.286,51.495000000000005,51.6365,0.9932121658129425,55.86206896551733,0.010818848464104747,0.06034046244959054,0.01951600312256052,0.009964689785147782,0.008566509265944836,1.7258953168044076,344650.0,0.03101071975497698,-0.004211332312404226,0
2016-08-30,52.2,52.6,52.0,52.02,402000,51.42999999999999,51.49300000000001,51.6195,0.9963289067116108,52.96703296703303,0.05038598050507659,0.05834956606068775,-0.004211332312404226,0.009875452289247865,0.008587197465451661,-0.593734209196564,370300.0,0.011534025374855851,0.004805843906189988,1
2016-08-31,52.2,52.3,52.0,52.27,280000,51.766,51.504,51.6555,1.0021391720145967,58.078602620087395,0.10075469101575152,0.06683059105170051,0.004805843906189988,0.009971338205202056,0.007867561673933442,-0.30348258706467657,258150.0,0.005739429883298204,-0.0053568012244117336,0
2016-09-01,52.4,52.4,51.9,51.99,201500,51.952,51.552,51.666,1.0055355552974878,54.26195426195432,0.11673297200256627,0.07681106724187367,-0.0053568012244117336,0.009186794336528643,0.007928098643057357,-0.28035714285714286,266350.0,0.009617234083477592,-0.002692825543373689,0
2016-09-02,52.0,52.29,51.7,51.85,148500,52.074,51.602999999999994,51.677,1.0076823345008417,51.65289256198352,0.11675318676998359,0.08479949114749566,-0.002692825543373689,0.009157410281621443,0.007923990305876137,-0.26302729528535984,272800.0,0.01137897782063638,-0.032015429122468686,0
2016-09-05,51.8,51.94,49.26,50.19,137000,51.664,51.475,51.5775,1.001677087877466,34.95934959349589,-0.016983148517873303,0.06444296321442188,-0.032015429122468686,0.01384387709299418,0.010347046163682625,-0.07744107744107742,279000.0,0.053397091053994816,0.022115959354453096,1
2016-09-06,50.75,51.3,50.53,51.3,102000,51.52,51.475,51.556000000000004,0.9993017301574986,43.97759103641456,-0.03302177988565802,0.044950014594405896,0.022115959354453096,0.015853198117982144,0.011511826486309726,-0.25547445255474455,283700.0,0.015009746588693881,0.005068226120857888,1
2016-09-07,51.3,51.7,51.0,51.56,165000,51.378,51.572,51.5465,0.9967311068646756,50.3703703703704,-0.024470601841777295,0.03106589130716926,0.005068226120857888,0.015114378491070384,0.011575103019819875,0.6176470588235294,285800.0,0.013576415826221933,0.012412723041117069,1
2016-09-08,51.88,52.3,51.6,52.2,427000,51.419999999999995,51.686,51.580000000000005,0.9968980224893368,55.955678670360115,0.033562037387383725,0.031565120523212156,0.012412723041117069,0.015312565662566986,0.011858359732261155,1.587878787878788,321550.0,0.013409961685823672,0.014367816091954033,1
2016-09-09,52.2,53.3,51.95,52.95,463500,51.64,51.857000000000006,51.6485,0.9998354260046275,59.4387755102041,0.13847579134313293,0.05294725468719631,0.014367816091954033,0.015784251339158974,0.012245728675633187,0.08548009367681497,331600.0,0.02549575070821519,0.0009442870632672129,1
2016-09-15,53.25,54.0,52.9,53.0,518500,52.202,51.93300000000001,51.714,1.0094365162238466,61.01036269430054,0.22308370921339105,0.08697454559243527,0.0009442870632672129,0.014735200648835371,0.012244783640324712,0.1186623516720604,284500.0,0.020754716981132102,0.002452830188679256,1
2016-09-16,53.01,53.25,52.6,53.13,812000,52.568000000000005,52.044000000000004,51.768499999999996,1.0154437544066375,67.78711484593835,0.2972000698329609,0.1290196504405404,0.002452830188679256,0.014596035619634228,0.012181582102055954,0.566055930568949,325500.0,0.01223414266892525,-0.0005646527385657629,0
2016-09-19,53.0,53.5,52.75,53.1,148000,52.876,52.126999999999995,51.8155,1.0204668487228725,65.2238805970149,0.34948838576188024,0.17311339750480836,-0.0005646527385657629,0.014588721655398372,0.012183633320709675,-0.8177339901477833,312300.0,0.014124293785310734,-0.006779661016949157,0
2016-09-20,53.0,53.0,52.45,52.74,132500,52.984,52.202,51.876999999999995,1.0213389363301657,60.90116279069766,0.35775429270604775,0.21004157654505623,-0.006779661016949157,0.014671607966560078,0.01191742690650337,-0.10472972972972971,305400.0,0.010428517254455767,-0.015547971179370457,0
2016-09-21,52.5,52.5,51.52,51.92,120500,52.778,52.209,51.90599999999999,1.0167995992756138,47.61194029850747,0.2947403532155093,0.22698133187914687,-0.015547971179370457,0.015615618720808333,0.012465536417948878,-0.09056603773584904,302600.0,0.0188751926040061,0.0028890600924498244,1
2016-09-22,52.0,52.5,52.0,52.07,543500,52.592000000000006,52.397000000000006,51.936,1.0126309303758474,50.37707390648565,0.2539774051449726,0.23238054653231205,0.0028890600924498244,0.01074462421866695,0.012468648985628888,3.5103734439834025,343250.0,0.009602458229306703,-0.0063376224313423934,0
2016-09-23,51.57,52.0,51.56,51.74,95000,52.31400000000001,52.44100000000001,51.958000000000006,1.0068516879017668,46.050670640834575,0.19282150674047216,0.2244687385739441,-0.0063376224313423934,0.008954880777283061,0.012537609145890449,-0.8252069917203312,342550.0,0.008504058755314993,0.015075376884422065,1
2016-09-26,52.34,52.6,52.05,52.52,52000,52.198,52.537,52.0545,1.0027567261235821,53.675450762829406,0.20493216745785503,0.2205614243507263,0.015075376884422065,0.009974701149232178,0.012463665290610038,-0.4526315789473684,331250.0,0.010472201066260553,0.0036176694592535696,1
2016-09-27,52.7,52.89,52.51,52.71,80000,52.19199999999999,52.588,52.137,1.0010549130176265,55.92286501377409,0.22724186269275037,0.22189751201913113,0.0036176694592535696,0.009309464999874522,0.012351822853793748,0.5384615384615385,296550.0,0.00720925820527419,0.01195219123505975,1
2016-09-28,52.35,53.4,52.3,53.34,272500,52.476,52.626999999999995,52.242000000000004,1.0044791547031124,75.28089887640452,0.2923877280455329,0.2359955552244115,0.01195219123505975,0.008948744780291519,0.012560612901250986,2.40625,277450.0,0.020622422197225373,0.025684289463816956,1
2016-09-29,53.5,55.2,53.5,54.71,2324500,53.004000000000005,52.798,52.3655,1.0121931424315629,76.27118644067798,0.4493836313499031,0.27867317044950984,0.025684289463816956,0.011926615942324524,0.013076270043634602,7.530275229357798,458050.0,0.031072929994516593,-0.001645037470297983,0
2016-09-30,54.85,55.15,54.11,54.62,485500,53.58,52.947,52.49550000000001,1.0206589136211675,74.20886075949363,0.5600854515302416,0.3349556266656562,-0.001645037470297983,0.012026804479176834,0.013020514275380826,-0.791137879113788,425400.0,0.019040644452581457,0.030208714756499555,1
2016-10-03,55.0,57.3,55.0,56.27,2429000,54.33,53.263999999999996,52.6955,1.0310178288468654,77.762619372442,0.7720588382637814,0.42237626898528124,0.030208714756499555,0.01470033245855701,0.014418918591168388,4.003089598352214,653500.0,0.040874355784609864,-0.003554291807357446,0
2016-10-04,56.77,57.25,56.0,56.07,524000,55.001999999999995,53.597,52.8995,1.0397451771755875,73.00884955752208,0.9133820462371958,0.5205774244356642,-0.003554291807357446,0.014423715113166112,0.014364250933741416,-0.7842733635240839,692650.0,0.022293561619404316,0.019975031210986316,1
2016-10-05,56.69,57.3,56.0,57.19,1399500,55.772000000000006,54.124,53.1665,1.0490064232176277,76.68789808917194,1.10304117446438,0.6370701744414073,0.019975031210986316,0.012739040682201375,0.014708289312338658,1.670801526717557,820550.0,0.02273124672145475,-0.021157545025354052,0
2016-10-06,56.05,56.9,55.8,55.98,829500,56.025999999999996,54.515,53.455999999999996,1.0480769230769231,65.9574468085106,1.1425400222268252,0.738164143998491,-0.021157545025354052,0.016030129878355392,0.013412828270983404,-0.4072883172561629,849150.0,0.01964987495534122,0.001071811361200492,1
2016-10-07,56.0,56.69,55.65,56.04,169500,56.31,54.94500000000001,53.693000000000005,1.0487400592255973,66.40624999999997,1.1652523385965239,0.8235817829180976,0.001071811361200492,0.015487585920340522,0.012859624589953987,-0.7956600361663653,856600.0,0.018558172733761584,-0.007137758743754441,0
2016-10-10,56.0,56.0,55.55,55.64,93500,56.18399999999999,55.257000000000005,53.897000000000006,1.0424327884668902,66.11111111111109,1.1378588276201214,0.8864371918585023,-0.007137758743754441,0.0159652148971457,0.01311860236184519,-0.44837758112094395,860750.0,0.008087706685837578,0.013838964773544182,1
2016-10-13,56.0,56.7,56.0,56.41,323000,56.251999999999995,55.626999999999995,54.107499999999995,1.0396340618213742,75.08379888268153,1.1648541244036181,0.9421205783675255,0.013838964773544182,0.016129106214597292,0.01317110486509096,2.4545454545454546,885050.0,0.012409147314306024,-0.00673639425633743,0
2016-10-14,56.46,56.46,55.55,56.03,168500,56.02,55.896,54.2615,1.0324078766713047,71.5686274509804,1.1424162045114485,0.9821797035963102,-0.00673639425633743,0.01655870492144676,0.01313938804900344,-0.478328173374613,874650.0,0.01624129930394438,-0.0033910405140102906,0
2016-10-17,56.0,56.2,55.75,55.84,297500,55.992000000000004,56.00899999999999,54.40350000000001,1.029198489067799,72.67699115044249,1.0966609544020756,1.0050759537574634,-0.0033910405140102906,0.015014563406806476,0.013209142663743872,0.7655786350148368,671950.0,0.008058739255014376,-0.011640401146131851,0
2016-10-18,55.21,55.5,54.8,55.19,47500,55.822,56.065999999999995,54.5065,1.02413473622412,64.98316498316495,0.9964634113887101,1.0033534452837127,-0.011640401146131851,0.015615736676878838,0.013593112322774875,-0.8403361344537815,628150.0,0.012683457148034117,-0.006885305308932721,0
2016-10-19,55.11,55.11,54.7,54.81,58000,55.65599999999999,55.92,54.592000000000006,1.019490035169988,61.53846153846155,0.8762919641686864,0.9779411490607075,-0.006885305308932721,0.01191195348762226,0.013728460096090293,0.2210526315789474,391050.0,0.007480386790731556,0.021346469622331554,1
2016-10-20,55.2,56.15,55.16,55.98,497500,55.57000000000001,55.911,54.754000000000005,1.0149030207838696,63.692946058091266,0.8654876455299885,0.9554504483545638,0.021346469622331554,0.014085697694701494,0.014247572189462243,7.577586206896552,388400.0,0.01768488745980711,0.010182207931404008,1
2016-10-21,56.39,57.25,55.4,56.55,880500,55.674,55.847,54.9855,1.0125214829364104,60.40723981900451,0.892629701918132,0.9428862990672775,0.010182207931404008,0.012820750551067631,0.013624945104013375,0.7698492462311557,336500.0,0.03271441202475688,-0.024756852343059244,0
2016-10-24,56.74,56.74,55.0,55.15,110500,55.536,55.763999999999996,55.1395,1.007190852292821,52.61083743842366,0.7920415158755887,0.9127173424289399,-0.024756852343059244,0.01348144531277393,0.015104876190302229,-0.8745031232254401,264600.0,0.03155031731640983,-0.01885766092475072,0
2016-10-25,54.4,54.6,53.0,54.11,299500,55.32000000000001,55.571000000000005,55.258,1.00112200948279,38.67924528301884,0.6212440309034974,0.8544226801238515,-0.01885766092475072,0.01450767739128446,0.015756960879336417,1.7104072398190047,277600.0,0.02956939567547591,0.0,0
2016-10-26,54.01,55.45,51.6,54.11,1400000,55.17999999999999,55.418000000000006,55.3375,0.9971538287779533,39.50749464668092,0.4803486334934206,0.7796078707977654,0.0,0.01447911388141764,0.01547470862722669,3.674457429048414,408250.0,0.07115135834411387,0.029014969506560684,1
2016-10-27,54.0,56.4,53.0,55.68,1006500,55.120000000000005,55.345000000000006,55.486000000000004,0.9934037414843384,42.288049029622066,0.48972860836025234,0.7216320183102629,0.029014969506560684,0.016982899860372144,0.016646212985253383,-0.2810714285714285,476600.0,0.06106321839080457,-0.00520833333333337,0
2016-10-28,55.5,56.5,55.0,55.39,556000,54.888,55.281000000000006,55.588499999999996,0.9873984727056856,46.67418263810599,0.46836273558228925,0.6709781617646683,-0.00520833333333337,0.016934078789518428,0.01659593107953494,-0.44759066070541476,515350.0,0.02708070048745261,0.012276584220978437,1
2016-10-31,55.9,56.15,55.39,56.07,144500,55.072,55.303999999999995,55.65650000000001,0.9894980819850331,50.158061116965236,0.500530638840786,0.6368886571798918,0.012276584220978437,0.017408441090067422,0.015843344378927267,-0.7401079136690647,500050.0,0.013554485464597789,0.030140895309434645,1
2016-11-01,56.01,58.0,56.0,57.76,924000,55.802,55.561,55.8135,0.9997939566592312,59.833024118738415,0.6548441739995425,0.640479760543822,0.030140895309434645,0.019090918686152477,0.017073872573152092,5.3944636678200695,587700.0,0.03462603878116344,-0.003462603878116255,0
2016-11-02,58.4,58.45,57.3,57.56,1243000,56.492,55.836,55.878,1.0109882243458963,55.63173359451522,0.7523280642350372,0.6628494212820651,-0.003462603878116255,0.018889246587036123,0.015860099780446783,0.34523809523809534,706200.0,0.01997915218902025,-0.004343293954134797,0
2016-11-03,55.8,57.75,55.7,57.31,527500,56.818000000000005,55.968999999999994,55.94,1.015695387915624,56.34920634920637,0.8001877723769866,0.6903170915010495,-0.004343293954134797,0.01816222575408848,0.015873662002893987,-0.5756234915526951,709200.0,0.035770371662886005,0.010294887454196378,1
2016-11-04,57.95,59.5,57.78,57.9,3602000,57.32000000000001,56.104,55.9755,1.0240194370751492,59.82824427480915,0.875631272802984,0.7273799277614365,0.010294887454196378,0.018167556548880134,0.015412368239921165,5.828436018957346,981350.0,0.029706390328151967,-0.0029360967184801634,0
2016-11-07,57.61,58.25,57.1,57.73,389500,57.652,56.362,56.063,1.0283431139967536,62.700000000000024,0.9111994708825861,0.7641438363856664,-0.0029360967184801634,0.015667061478179638,0.014565775185659841,-0.8918656302054414,1009250.0,0.019920318725099577,0.014204053351810186,1
2016-11-08,58.0,59.3,58.0,58.55,903000,57.81,56.806,56.1885,1.0288582183186952,67.91187739463602,0.9940953585987131,0.8101341408282758,0.014204053351810186,0.013481265131053874,0.014832343087509504,1.3183568677792041,1069600.0,0.022203245089666902,0.011955593509820783,1
2016-11-09,57.51,59.55,57.0,59.25,781500,58.148,57.31999999999999,56.36899999999999,1.0315598999450055,66.39919759277836,1.103554012979167,0.8688181152584541,0.011955593509820783,0.013220770557917422,0.014807553718059564,-0.13455149501661134,1007750.0,0.043037974683544256,0.009282700421940904,1
2016-11-10,59.88,60.77,59.55,59.8,1431000,58.646,57.732000000000006,56.5385,1.037275484846609,66.3316582914573,1.2206107477447148,0.9391766417557063,0.009282700421940904,0.01126097765407286,0.014670513414350352,0.8310940499040307,1050200.0,0.020401337792642242,0.00234113712374584,1
2016-11-11,59.79,60.45,59.55,59.94,500500,59.053999999999995,58.187,56.734,1.0408925864560932,77.56041426927506,1.309579861902968,1.0132572857851585,0.00234113712374584,0.010566826074806574,0.01449198670744903,-0.6502445842068483,1044650.0,0.01501501501501511,-0.0108441775108441,0
2016-11-14,60.0,60.25,58.82,59.29,337500,59.366,58.50899999999999,56.906499999999994,1.0432200188027732,81.20481927710847,1.3125091694411637,1.0731076625163596,-0.0108441775108441,0.01195890652445882,0.014771056205160702,-0.32567432567432564,1063950.0,0.024118738404452687,-0.0025299375948726333,0
2016-11-15,59.25,59.65,59.0,59.14,198500,59.483999999999995,58.647000000000006,57.104000000000006,1.0416783412720647,79.7633136094675,1.287881029541559,1.1160623359213995,-0.0025299375948726333,0.008487754360087398,0.014428898666085639,-0.4118518518518518,991400.0,0.010990869124112252,-0.00405816706121076,0
2016-11-16,59.5,59.5,58.65,58.9,233000,59.414,58.781000000000006,57.308499999999995,1.0367397506478098,72.61235955056182,1.2347634723035057,1.1398025631978208,-0.00405816706121076,0.008535387771277667,0.01433471557328217,0.1738035264483626,890400.0,0.014431239388794592,-0.003395585738539819,0
2016-11-17,59.0,59.0,58.5,58.7,134500,59.194,58.919999999999995,57.44449999999999,1.0304554831184884,73.54196301564728,1.1631213579739352,1.1444663221530438,-0.003395585738539819,0.008457886669174228,0.013789094026244935,-0.4227467811158798,851100.0,0.008517887563884156,-0.0013628620102215105,0
2016-11-18,58.7,58.94,58.43,58.62,110500,58.92999999999999,58.992,57.548,1.0240147355251268,69.82892690513219,1.0873547856875376,1.1330440148599425,-0.0013628620102215105,0.008047050865409938,0.013690327614630583,-0.1784386617100372,501950.0,0.00870010235414531,-0.0018764926646195335,0
2016-11-21,58.5,59.0,58.5,58.51,155000,58.774,59.06999999999999,57.71600000000001,1.018331138679049,57.731958762886606,1.006827074800043,1.1078006268479625,-0.0018764926646195335,0.007992366665224371,0.012224080867326723,0.40271493212669673,478500.0,0.008545547769612033,0.0,0
2016-11-22,58.11,58.98,58.11,58.51,152500,58.648,59.065999999999995,57.936,1.0122894228113781,60.215053763440814,0.9322617506027129,1.0726928515989127,0.0,0.0065991243726807175,0.011124648751943137,-0.016129032258064502,403450.0,0.014869253119124893,-0.009229191591180963,0
2016-11-23,58.5,58.5,57.75,57.97,300000,58.462,58.938,58.129000000000005,1.005728638029211,56.68016194331981,0.8201406361962285,1.022182408518376,-0.009229191591180963,0.005649301627700671,0.011483817740602321,0.9672131147540983,355300.0,0.012937726410212179,0.00862515094014138,1
2016-11-24,58.0,58.75,57.7,58.47,260000,58.416,58.80499999999999,58.268499999999996,1.0025313848820547,55.87628865979382,0.7628361660920433,0.9703131600331095,0.00862515094014138,0.005503158548661749,0.009896006765723022,-0.1333333333333333,238200.0,0.017957927142124117,0.009235505387378051,1
2016-11-25,58.01,60.25,58.0,59.01,1499500,58.49399999999999,58.712,58.449499999999986,1.0007613409866638,62.26053639846745,0.7523231349153505,0.9267151550095578,0.009235505387378051,0.006484285397189642,0.009831172417266163,4.767307692307693,338100.0,0.03812913065582105,0.0145738010506693,1
2016-11-28,59.75,60.7,59.3,59.87,774500,58.766,58.77,58.6395,1.0021572489533506,62.54752851711027,0.8041169351624973,0.9021955110401457,0.0145738010506693,0.00735659110491361,0.009955239576769963,-0.4834944981660554,381800.0,0.0233839986637716,0.00434274260898615,1
2016-11-29,60.25,61.9,59.8,60.13,1330500,59.089999999999996,58.86899999999999,58.757999999999996,1.0056502944279928,59.12863070539422,0.8562731383742204,0.8930110365069608,0.00434274260898615,0.0073112502946284935,0.007718715886357396,0.7178825048418334,495000.0,0.03492433061699653,-0.009812073840013369,0
2016-11-30,60.5,60.5,59.26,59.54,584000,59.403999999999996,58.93299999999999,58.857000000000006,1.0092937118779413,47.32510288065846,0.8403126350401067,0.8824713562135901,-0.009812073840013369,0.008006823911813885,0.008079151329379345,-0.5610672679443818,530100.0,0.02082633523681562,-0.004030903594222424,0
2016-12-01,59.9,59.95,59.01,59.3,104500,59.57000000000001,58.99300000000001,58.956500000000005,1.0104059772883398,43.5483870967742,0.7990864556753152,0.8657943761059351,-0.004030903594222424,0.00804895723234066,0.008067098227325247,-0.8210616438356164,527100.0,0.01585160202360885,-0.004384485666104498,0
2016-12-02,59.4,59.9,59.0,59.04,437000,59.576,59.035000000000004,59.0135,1.0095317173189184,47.26477024070023,0.7369396034017583,0.8400234215650998,-0.004384485666104498,0.008204669270243522,0.007914022171867962,3.1818181818181817,559750.0,0.015243902439024366,0.01287262872628725,1
2016-12-05,59.5,60.6,59.05,59.8,2099000,59.562,59.164,59.117,1.007527445574031,56.370656370656334,0.7404776581344308,0.820114268878966,0.01287262872628725,0.008971067202411906,0.008280651661910908,3.803203661327231,754150.0,0.025919732441471645,0.050000000000000044,1
2016-12-06,60.15,62.79,60.0,62.79,3732000,60.093999999999994,59.592000000000006,59.32899999999999,1.0128942001382124,74.52711223203025,0.9733296650260073,0.8507573481083743,0.050000000000000044,0.017487737546738,0.013393735378797176,0.7779895188184849,1112100.0,0.04443382704252268,0.04984870202261504,1
2016-12-07,63.47,65.92,63.47,65.92,3621000,61.370000000000005,60.387,59.6625,1.02861931699141,83.24125230202574,1.3943581072911968,0.9594774999449389,0.04984870202261504,0.020949887069859115,0.01686931083059496,-0.029742765273311877,1444200.0,0.03716626213592237,0.03276699029126218,1
2016-12-08,67.3,68.85,67.0,68.08,2835000,63.126,61.348,60.076499999999996,1.0507602806421812,86.5533230293663,1.8806412673873893,1.1437102534334291,0.03276699029126218,0.021749213248039193,0.01793181026609364,-0.21706710853355426,1701700.0,0.027173913043478177,-0.02423619271445343,0
2016-12-09,68.25,68.25,65.6,66.43,1511500,64.60400000000001,62.089999999999996,60.400999999999996,1.0695849406466784,77.34806629834257,2.108576606295948,1.336683524005933,-0.02423619271445343,0.025138956694267692,0.01920764575902447,-0.46684303350970013,1702900.0,0.03989161523408107,-0.005118169501731162,0
2016-12-13,66.75,67.75,65.5,66.09,693500,65.862,62.712,60.741,1.0843087864868868,75.5735492577598,2.236006554371926,1.5165481300791317,-0.005118169501731162,0.02569690738751846,0.018995448851996444,-0.541184254052266,1694800.0,0.034044484793463455,-0.022091087910425244,0
2016-12-14,66.11,66.3,62.79,64.63,802000,66.22999999999999,63.162,61.015499999999996,1.0854618908310183,71.15628970775093,2.1938960401366145,1.6520177120906283,-0.022091087910425244,0.027654272852519455,0.019917904877531763,0.156452775775054,1641950.0,0.05430914436020421,0.0021661766981277975,1
2016-12-15,65.25,66.1,63.95,64.77,1743000,66.0,63.685,61.309000000000005,1.0765140517705394,70.48114434330297,2.147069898896575,1.7510281494518178,0.0021661766981277975,0.027070422056753574,0.01982335285855646,1.1733167082294265,1757850.0,0.03319438011425029,0.04261232051875874,1
2016-12-16,64.99,67.85,64.99,67.53,2565000,65.89,64.508,61.7505,1.0670358944461988,74.20454545454544,2.3060856583364497,1.8620396512287443,0.04261232051875874,0.02859346572049657,0.021410512602321966,0.4716006884681583,2003900.0,0.04235154746038797,0.04990374648304474,1
2016-12-19,68.1,70.9,68.1,70.9,2953500,66.78399999999999,65.694,62.3645,1.0708656367003662,77.4241670810542,2.6732223854379455,2.0242761980705843,0.04990374648304474,0.029953755809314322,0.023310307112539484,0.15146198830409352,2255550.0,0.03949224259520467,0.04851904090267989,1
2016-12-20,72.0,74.44,71.6,74.34,4316500,68.434,67.148,63.15599999999999,1.0835708404585471,80.50665521683125,3.204817001993952,2.260384358855258,0.04851904090267989,0.031253264413911123,0.024665150746796947,0.46148637210089727,2477300.0,0.03820285176217384,-0.015873015873015928,0
2016-12-21,74.19,74.7,72.0,73.16,2000000,70.14000000000001,68.18499999999999,63.8885,1.097850160827066,78.51758793969847,3.4906553254837718,2.506438552180961,-0.015873015873015928,0.03173664525566172,0.025329150159360336,-0.5366616471678443,2304100.0,0.03690541279387648,0.02460360852925092,1
2016-12-22,72.8,76.75,72.8,74.96,2354500,72.17800000000001,69.089,64.738,1.1149247737032348,80.77830188679243,3.8184129256483317,2.7688334268744352,0.02460360852925092,0.029668364743268907,0.024997034769989775,0.1772499999999999,2177450.0,0.05269477054429033,0.019343649946638175,1
2016-12-23,75.32,77.5,74.6,76.41,2004500,73.954,69.922,65.635,1.1267464005484877,82.61359369132555,4.147357906681563,3.044538322835861,0.019343649946638175,0.028986837103911665,0.025008095435583265,-0.14865151836908053,2094400.0,0.03795314749378361,0.026043711556079208,1
2016-12-26,77.39,79.79,77.37,78.4,703000,75.45400000000001,71.119,66.6045,1.132866397916057,83.38119167264894,4.516561434195566,3.338942945107802,0.026043711556079208,0.026236523659725144,0.025130095596241527,-0.6492890995260663,2013550.0,0.03086734693877553,-0.021301020408163285,0
2016-12-27,78.0,78.5,76.1,76.73,419000,75.93199999999999,72.18299999999999,67.4475,1.1257941361799917,76.26224566691785,4.621133298382361,3.595381015762714,-0.021301020408163285,0.02818021134282214,0.026381441315846747,-0.4039829302987198,1986100.0,0.031278509057734986,-0.023328554672227386,0
2016-12-28,77.5,78.5,74.6,74.94,1693000,76.28800000000001,73.214,68.18800000000002,1.1187892297765,67.89682539682536,4.5076083110827625,3.777826474826724,-0.023328554672227386,0.028365211300499682,0.02754859699634632,3.0405727923627683,2075200.0,0.05204163330664539,0.0076060848678944915,1
2016-12-29,74.98,76.5,73.8,75.51,1026500,76.398,74.288,68.9865,1.1074340631862754,65.73485811096992,4.412765562502358,3.904814292361851,0.0076060848678944915,0.028137251513802596,0.02711376722949244,-0.393679858239811,2003550.0,0.03575685339690111,-0.018143292279168333,0
2016-12-30,75.5,76.0,73.8,74.14,1194500,75.944,74.949,69.7285,1.0891385875216018,66.52378911273034,4.178882889825388,3.9596280118545586,-0.018143292279168333,0.02826666835436935,0.027737491643200517,0.1636629322942036,1866500.0,0.029673590504451078,-0.01416239546803344,0
2017-01-02,74.5,75.0,72.5,73.09,2199000,74.88199999999999,75.16799999999999,70.431,1.063196603768227,64.55906821963391,3.8642581988126494,3.940554049246177,-0.01416239546803344,0.025250870421099258,0.02811745320058466,0.8409376308078693,1791050.0,0.03420440552743193,0.012450403611985239,1
2017-01-03,73.5,75.4,72.6,74.0,1628500,74.33599999999998,75.134,71.141,1.0449108109247829,69.94465730097912,3.6463128346424156,3.881705806325425,0.012450403611985239,0.02013717454635096,0.028116212001849227,-0.2594361073215098,1522250.0,0.03783783783783799,-0.0050000000000001155,0
2017-01-04,74.0,74.55,73.41,73.63,717000,74.074,75.18100000000001,71.683,1.0333551888174322,68.67622259696455,3.4044888275615506,3.7862624105726503,-0.0050000000000001155,0.019484412563255477,0.026766549288668645,-0.5597175314706786,1393950.0,0.015482819502920015,-0.004753497215808644,0
2017-01-05,74.0,74.18,73.05,73.28,326000,73.628,75.013,72.051,1.021887274291821,63.49131862975128,3.148307752753894,3.658671479008899,-0.004753497215808644,0.017624116466646248,0.02503773866291729,-0.5453277545327755,1191100.0,0.015420305676856027,0.0378002183406112,1
2017-01-06,73.89,76.6,72.5,76.05,2489000,74.01,74.977,72.4495,1.0215391410568742,62.43360695316269,3.132686594397441,3.5534745020866074,0.0378002183406112,0.020802035637122615,0.025348535240788395,6.634969325153374,1239550.0,0.05391190006574615,-0.013938198553583248,0
2017-01-09,76.77,76.77,74.71,74.99,786000,74.39000000000001,74.636,72.8775,1.0207540050084047,51.773049645390046,3.000189258427014,3.4428174533546887,-0.013938198553583248,0.018939578454649948,0.024803931070944675,-0.6842105263157895,1247850.0,0.027470329377250333,-0.011468195759434585,0
2017-01-10,75.05,75.05,74.0,74.13,634000,74.41600000000001,74.376,73.27950000000001,1.015509112371127,52.69294836202109,2.793586624735923,3.312971287630936,-0.011468195759434585,0.018198280642317932,0.024998561759439375,-0.19338422391857502,1269350.0,0.01416430594900846,-0.01079185215162548,0
2017-01-11,74.6,74.6,73.0,73.33,1268000,74.35600000000001,74.215,73.7145,1.0087024940818972,45.208700764256335,2.536065055607736,3.1575900412262965,-0.01079185215162548,0.017061027157193556,0.024450797924677404,1.0,1226850.0,0.021819173598799868,0.0016364380199100914,1
2017-01-12,73.5,74.7,73.25,73.45,907000,74.39,74.009,74.1485,1.0032569775518048,40.56122448979595,2.3149747657710407,2.9890669861352457,0.0016364380199100914,0.016788264878524004,0.024456156578704046,-0.28470031545741326,1214900.0,0.019741320626276416,0.0076242341729066965,1
2017-01-13,74.0,75.34,73.6,74.01,1950000,73.982,73.99600000000001,74.4725,0.9934136761891974,34.59649122807019,2.160046763582514,2.8232629416246997,0.0076242341729066965,0.016107505971295236,0.02294854576621037,1.1499448732083795,1290450.0,0.023510336441021604,-0.013241453857586905,0
2017-01-16,74.5,74.5,72.8,73.03,430000,73.59,73.99,74.579,0.9867388943268214,36.356932153392336,1.9358718699751591,2.6457847272947914,-0.013241453857586905,0.016020315630376758,0.020650893713546663,-0.7794871794871795,1113550.0,0.023278104888402065,0.011502122415445681,1
2017-01-17,72.5,74.24,72.32,73.87,813500,73.53800000000001,73.977,74.55550000000001,0.9863524488468323,45.75733544805713,1.8051835986876341,2.47766450157336,0.011502122415445681,0.01594125079197617,0.017676762117342065,0.8918604651162791,1032050.0,0.02599160687694601,0.002301340192229606,1
2017-01-18,74.65,76.3,73.9,74.04,2002500,73.67999999999999,74.018,74.5995,0.9876741801218505,43.98034398034398,1.69578186364825,2.321287973988338,0.002301340192229606,0.01585698843324331,0.01728991425778598,1.4615857406269206,1160600.0,0.03241491085899502,-0.0004051863857374993,0
2017-01-19,74.01,74.5,73.76,74.01,11664500,73.792,74.09100000000001,74.55199999999999,0.9898057731516259,49.40202391904326,1.5883499417382296,2.1747003675383163,-0.0004051863857374993,0.015751094309198986,0.016352060192159065,4.824968789013733,2294450.0,0.009998648831238952,0.002296986893663089,1
2017-01-20,74.8,75.98,73.76,74.18,5154500,73.82600000000001,73.904,74.44050000000001,0.9917450850007723,55.45545545545547,1.4996400320738132,2.0396883004454156,0.002296986893663089,0.009198368084425795,0.015693690532877027,-0.5581036478203094,2561000.0,0.02992720409813964,0.012941493664060388,1
2017-01-23,74.6,75.78,74.25,75.14,2846500,74.248,73.919,74.2775,0.9996028406987312,55.67729083665338,1.489629247783185,1.9296764899129697,0.012941493664060388,0.009393083071516012,0.014733488458249967,-0.44776408963042,2767050.0,0.02036199095022626,-0.014772424807026896,0
2017-01-24,75.25,75.25,73.5,74.03,2789000,74.28,73.90899999999999,74.1425,1.001854536871565,51.85528756957331,1.3762632002872976,1.8189938319878354,-0.014772424807026896,0.009895378564937518,0.01435115374207139,-0.020200245916037196,2982550.0,0.023639065243820073,-0.0021612859651491956,0
2017-01-25,74.65,75.45,73.5,73.87,2212000,74.24600000000001,73.96300000000001,74.089,1.0021190730067893,52.78564683663834,1.2589962035279854,1.7069943062958655,-0.0021612859651491956,0.009211061594128689,0.013421988744942135,-0.20688418788096097,3076950.0,0.026397725734398303,0.004061188574522756,1
2017-01-26,73.99,74.6,73.6,74.17,1718000,74.27799999999999,74.035,74.02199999999999,1.003458431277188,38.42364532019708,1.1767044402148201,1.6009363330796567,0.004061188574522756,0.009268077650297746,0.013330542461366652,-0.22332730560578662,3158050.0,0.013482540110556829,-0.014965619522718021,0
2017-01-27,74.09,75.01,72.8,73.06,2272500,74.054,73.94,73.968,1.0011626649361887,38.18849449204411,1.0102740907219925,1.4828038846081237,-0.014965619522718021,0.010185665081430189,0.01313052884763106,0.32275902211874263,3190300.0,0.030249110320284805,-0.006706816315357411,0
2017-01-30,73.51,74.0,72.0,72.57,1461500,73.53999999999999,73.894,73.942,0.9945633063752671,39.99999999999999,0.8292785281196728,1.3520988133104335,-0.006706816315357411,0.009518210515245432,0.012829160734823956,-0.35687568756875687,3293450.0,0.027559597629874606,0.005511919525974962,1
2017-01-31,72.25,73.5,72.1,72.97,738000,73.328,73.804,73.8905,0.9923873840344835,47.56756756756758,0.7099312522560837,1.2236653010995637,0.005511919525974962,0.008836684280133636,0.01255774626006953,-0.49503934314060893,3285900.0,0.019185966835685977,-0.00013704262025493463,0
2017-02-01,73.73,73.75,72.8,72.96,2465500,73.14599999999999,73.696,73.857,0.9903732889231892,46.63923182441696,0.6075374463543426,1.1004397301505195,-0.00013704262025493463,0.008762980034042998,0.012515615075774113,2.3407859078590785,3332200.0,0.013020833333333374,0.01206140350877205,1
2017-02-02,73.11,75.52,73.11,73.84,2012500,73.08,73.679,73.885,0.9891046897205115,48.88304862023652,0.5905903055896715,0.99846984523835,0.01206140350877205,0.009756059271663451,0.012768806875182129,-0.18373555059825597,2367000.0,0.0326381365113759,0.013407367280606541,1
2017-02-03,74.0,75.99,73.0,74.83,2381500,73.434,73.744,73.824,0.9947171651495449,61.8110236220472,0.6495566163228972,0.9286871994552595,0.013407367280606541,0.010661036254291658,0.009844245605962684,0.18335403726708077,2089700.0,0.039957236402512294,-0.008552719497527783,0
2017-02-06,74.4,74.6,73.82,74.19,576500,73.75800000000001,73.649,73.784,0.9996476200802342,52.15633423180588,0.6372988071671841,0.8704095209976445,-0.008552719497527783,0.010122076931923385,0.009533622278144143,-0.7579256770942683,1862700.0,0.010513546300040453,-0.0008087343307723316,0
2017-02-07,74.48,74.9,74.0,74.13,771000,73.99,73.659,73.784,1.002791933210452,50.61559507523932,0.6156461212797524,0.8194568410540661,-0.0008087343307723316,0.00893968256991878,0.009179125800959134,0.3373807458803122,1660900.0,0.01214083367057879,0.00418184270875499,1
2017-02-08,74.11,75.5,74.1,74.44,4273500,74.286,73.71600000000001,73.8395,1.0060468990174636,52.83267457180495,0.6163952007550648,0.7788445129942659,0.00418184270875499,0.008980754260919424,0.008854032347528287,4.542801556420233,1867050.0,0.018807092960773854,0.002552391187533587,1
2017-02-09,74.9,74.97,74.5,74.63,821500,74.444,73.762,73.8985,1.0073817465848427,52.95663600525616,0.6251143348083161,0.748098477357076,0.002552391187533587,0.008932520675290635,0.00886101392928582,-0.8077688077688078,1777400.0,0.00629773549510919,0.005091786144981958,1
2017-02-10,75.0,75.6,74.55,75.01,1067000,74.47999999999999,73.95700000000001,73.9485,1.0071874344983331,49.07539118065438,0.6551351454220367,0.7295058109700682,0.005091786144981958,0.007099176764643073,0.008776575806172285,0.2988435788192332,1656850.0,0.013998133582189003,0.01746433808825465,1
2017-02-13,75.45,77.6,75.2,76.32,2201500,74.90599999999999,74.332,74.113,1.0106998772145237,65.83679114799438,0.7756912204564372,0.7387428928673421,0.01746433808825465,0.00764914481901491,0.008892892254450514,1.0632614807872538,1730850.0,0.031446540880503034,-0.012709643605870014,0
2017-02-14,76.35,76.9,74.61,75.35,670500,75.15,74.57,74.18699999999998,1.0129807109062237,59.203980099502395,0.7839252824297773,0.7477793707798293,-0.012709643605870014,0.00948429724394878,0.009208512584768546,-0.6954349307290484,1724100.0,0.03039150630391515,-0.002654280026542666,0
2017-02-15,75.2,75.78,74.0,75.15,582500,75.292,74.789,74.24249999999999,1.0141361080243796,56.17128463476071,0.7654884331789162,0.7513211832596467,-0.002654280026542666,0.009616811290790088,0.009239198929403083,-0.1312453392990306,1535800.0,0.02368596141051232,0.0042581503659346875,1
2017-02-16,75.0,76.0,74.0,75.47,493000,75.46,74.952,74.3155,1.0154005557387085,66.85314685314682,0.767847158886326,0.7546263783849826,0.0042581503659346875,0.00910302173085549,0.00926638932176814,-0.15364806866952785,1383850.0,0.026500596263415926,0.008745196766927199,1
2017-02-17,75.25,77.8,75.0,76.13,2349000,75.684,75.082,74.41299999999998,1.017080348863774,74.31693989071042,0.8135943410344453,0.7664199709148752,0.008745196766927199,0.008570368215525622,0.00942406786625452,3.764705882352941,1380600.0,0.03677919348482855,-0.0384867988966241,0
2017-02-20,76.9,77.7,72.33,73.2,963500,75.06,74.983,74.316,1.0100113030841273,51.16751269035535,0.6064322262953965,0.7344224219909795,-0.0384867988966241,0.015219574434008091,0.012579907978912825,-0.5898254576415496,1419300.0,0.07336065573770498,0.0286885245901638,1
2017-02-21,74.0,76.0,73.9,75.3,592500,75.05,75.1,74.37950000000001,1.0090145806304156,59.79899497487441,0.6047361851033202,0.7084851746134476,0.0286885245901638,0.017928991830281883,0.013811116270809293,-0.3850544888427607,1401450.0,0.02788844621513937,-0.00504648074369185,0
2017-02-22,75.5,76.0,74.1,74.92,732500,75.00399999999999,75.148,74.43199999999999,1.0076848667239897,54.72027972027973,0.5662024071311293,0.680028621116984,-0.00504648074369185,0.018025046508480875,0.013860218266756907,0.23628691983122363,1047350.0,0.025360384410037448,-0.011879337960491232,0
2017-02-23,75.0,75.4,73.5,74.03,589000,74.716,75.088,74.425,1.0039099764863957,46.4726631393298,0.4585625251628471,0.6357354019261567,-0.011879337960491232,0.018441223523785924,0.014118599933315703,-0.1959044368600683,1024100.0,0.025665270836147586,0.0005403214912871324,1
2017-02-24,74.0,74.9,73.4,74.07,518500,74.304,74.994,74.4755,0.9976972292901694,49.441340782122886,0.37219438373283253,0.5830271982874918,0.0005403214912871324,0.018339573831813442,0.013672174845785295,-0.11969439728353137,969250.0,0.02025111381125962,0.00027001485081701304,1
2017-02-27,74.25,75.1,73.9,74.09,637500,74.482,74.771,74.5515,0.9990677585293387,49.813084112149575,0.3018809466155119,0.5267979479530959,0.00027001485081701304,0.017173825007674216,0.013559746231552842,0.2295081967213115,812850.0,0.01619651774868388,0.0037791874746928578,1
2017-02-28,74.5,74.7,74.0,74.37,338000,74.296,74.673,74.6215,0.9956379863712203,49.671977507029084,0.26568801500944517,0.47457596136436575,0.0037791874746928578,0.016909115199905556,0.013535755497733707,-0.4698039215686275,779600.0,0.009412397472099002,0.010622562861368756,1
2017-03-01,74.5,76.2,74.5,75.16,454000,74.34400000000001,74.674,74.7315,0.9948147702106878,52.35137533274181,0.2973238889362193,0.43912554687873645,0.010622562861368756,0.017297156564928185,0.013699415319864653,0.3431952662721893,766750.0,0.02261841405002665,0.012107503991484858,1
2017-03-02,75.99,77.0,75.55,76.07,657500,74.752,74.73400000000001,74.84299999999999,0.9987841214275217,54.49152542372879,0.3913141162128966,0.4295632607455685,0.012107503991484858,0.017678241453367584,0.01370127612546655,0.44823788546255505,783200.0,0.01906139082424087,-0.01038517155251728,0
2017-03-03,75.55,75.7,75.0,75.28,281000,74.994,74.649,74.8655,1.0017164114311665,45.390070921985824,0.3974738200198402,0.42314537260042284,-0.01038517155251728,0.017773877196532485,0.013652993329711288,-0.5726235741444867,576400.0,0.009298618490967093,-0.00013283740701386382,0
2017-03-06,75.05,75.45,75.0,75.27,117000,75.22999999999999,74.856,74.9195,1.0041444483745885,49.6124031007752,0.3969724618056887,0.41791079044147605,-0.00013283740701386382,0.011972061322332134,0.013491624477393596,-0.5836298932384342,491750.0,0.0059784774810681925,0.022319649262654506,1
2017-03-07,75.1,77.8,75.1,76.95,2011000,75.74600000000001,75.021,75.06049999999999,1.0091326330093726,57.6271186440678,0.5260728511045016,0.4395432025740812,0.022319649262654506,0.010527402290153755,0.014311858682347247,16.188034188034187,633600.0,0.03508771929824565,0.02742040285899927,1
2017-03-08,77.5,80.1,76.8,79.06,4208000,76.526,75.435,75.29150000000001,1.0163962731516836,63.20824135393676,0.789543835870191,0.5095433292333031,0.02742040285899927,0.012798933503518033,0.015402931593652133,1.0924912978617605,981150.0,0.04174045029091825,-0.03440424993675684,0
2017-03-09,79.0,79.2,75.75,76.34,1157000,76.58,75.666,75.377,1.0159597755283443,50.67092651757191,0.7699892645513415,0.5616325162969109,-0.03440424993675684,0.017360118878909866,0.01754366698875405,-0.7250475285171103,1037950.0,0.04519255960178154,-0.004060780717841217,0
2017-03-10,76.49,76.9,76.0,76.03,368000,76.73,75.862,75.428,1.0172614944052607,60.859554873369156,0.7211645803037783,0.5935389290982844,-0.004060780717841217,0.017499263487950625,0.017558381740399077,-0.6819360414866034,1022900.0,0.011837432592397812,-0.01499408128370383,0
2017-03-13,76.2,76.25,74.5,74.89,272500,76.654,75.942,75.35650000000001,1.017218156363419,48.30157415078709,0.5837530518442691,0.5915817536474814,-0.01499408128370383,0.018383360822575072,0.01743890839437131,-0.2595108695652174,986400.0,0.02336760582187208,0.015489384430497966,1
2017-03-14,74.5,76.69,74.2,76.05,266500,76.474,76.11,75.39150000000001,1.014358382576285,54.396887159533065,0.5619776030301864,0.5856609235240224,0.015489384430497966,0.018928859668102493,0.017564836621147592,-0.022018348623853212,979250.0,0.03274161735700191,-0.00013149243918464393,0
2017-03-15,76.25,76.25,75.5,76.04,83000,75.87,76.19800000000001,75.436,1.0057532212736624,58.39598997493738,0.5377150422438888,0.5760717472679957,-0.00013149243918464393,0.01871395975241116,0.01754921362177855,-0.6885553470919324,942150.0,0.009863229879011046,0.010652288269331844,1
2017-03-16,75.5,78.0,75.0,76.85,1214500,75.97200000000001,76.276,75.505,1.006185020859546,60.91051805337522,0.577193491288881,0.5762960960721728,0.010652288269331844,0.018626231346824583,0.01767455242976584,13.632530120481928,997850.0,0.03903708523096942,-0.005595315549772217,0
2017-03-17,77.0,77.7,76.4,76.42,328500,76.05,76.39,75.5195,1.0070246757459995,58.85931558935363,0.5672442021783866,0.5744857172934156,-0.005595315549772217,0.01835547645133466,0.017637029112761174,-0.7295183202964183,1002600.0,0.01701125359853438,0.003663962313530611,1
2017-03-20,77.0,77.0,76.7,76.7,42500,76.412,76.533,75.6945,1.0094788921255837,58.85931558935363,0.5753210360413306,0.5746527810429987,0.003663962313530611,0.018353624507257485,0.01508753017957457,-0.8706240487062404,995150.0,0.003911342894393705,0.00782268578878731,1
2017-03-21,77.5,78.0,77.0,77.3,214500,76.662,76.568,75.7945,1.0114454215015602,58.25617283950619,0.6229559225602799,0.5843134093464549,0.00782268578878731,0.01710341820298567,0.013847887400956837,4.047058823529412,815500.0,0.0129366106080207,-0.009184993531694663,0
2017-03-22,77.25,78.9,76.5,76.59,161500,76.77199999999999,76.321,75.878,1.0117820712195893,52.037617554858976,0.5965393131655929,0.5867585901102825,-0.009184993531694663,0.014430501599426404,0.01397962507284964,-0.24708624708624705,410850.0,0.031335683509596625,0.0040475257866563474,1
2017-03-24,76.7,77.0,76.5,76.9,107000,76.78200000000001,76.377,76.0215,1.010003748939445,56.59609120521176,0.5937737153416691,0.5881616151565598,0.0040475257866563474,0.009401252806308016,0.013645227401911462,-0.33746130030959753,305850.0,0.006501950585175552,0.0018205461638491904,1
2017-03-27,76.8,77.24,76.7,77.04,292500,76.90599999999999,76.478,76.16999999999999,1.0096625968228963,57.13134568896058,0.5960083755611976,0.5897309672374874,0.0018205461638491904,0.009248119277509062,0.0136410595795304,1.7336448598130842,298300.0,0.007009345794392419,-0.00233644859813098,0
2017-03-28,77.4,77.88,76.55,76.86,176500,76.938,76.675,76.30850000000001,1.0082494086504123,49.587534372135636,0.5766080851284983,0.5871063908156896,-0.00233644859813098,0.0074532588468354585,0.013671440789503065,-0.3965811965811966,288700.0,0.017304189435336955,-0.010798855061150081,0
2017-03-29,77.5,78.25,75.99,76.03,265500,76.684,76.673,76.39150000000001,1.0038289600282753,34.2679127725856,0.4886265688621023,0.5674104264249722,-0.010798855061150081,0.0070360199129144265,0.013953154174045131,0.5042492917847026,288600.0,0.02972510850979883,-0.011968959621202147,0
2017-03-30,76.02,76.02,75.0,75.12,131500,76.39000000000001,76.581,76.3895,1.0000065454021825,42.19948849104856,0.3415341949341695,0.5222351801268117,-0.011968959621202147,0.007990837795810743,0.014063965326524985,-0.5047080979284368,293450.0,0.013578274760383332,0.006789137380191601,1
2017-03-31,75.5,76.0,74.5,75.63,254500,76.136,76.459,76.3675,0.9969686057550659,47.50623441396504,0.2630825151338172,0.47040464712821284,0.006789137380191601,0.0074284227517565585,0.013873321920475077,0.935361216730038,197450.0,0.019833399444664817,-0.00912336374454581,0
2017-04-03,76.0,76.5,74.66,74.94,219000,75.716,76.311,76.35050000000001,0.9916896418491036,50.33025099075296,0.14357669745396606,0.40503905719336347,-0.00912336374454581,0.007718735349342756,0.01382735116824038,-0.13948919449901764,186500.0,0.024552975713904503,0.03576194288764345,1
2017-04-04,75.01,78.0,75.0,77.62,489500,75.86800000000001,76.40299999999999,76.468,0.9921535805827275,58.63586358635872,0.26209975542610664,0.37645119683991213,0.03576194288764345,0.014229747631851399,0.015988329149658625,1.2351598173515983,231200.0,0.03864983251739242,-0.0386498325173924,0
2017-04-05,78.0,78.74,73.74,74.62,1510000,75.586,76.135,76.35150000000002,0.9899740018205272,44.12251655629137,0.11265657001482055,0.3236922714748938,-0.0386498325173924,0.01873279451318749,0.0175754571034189,2.0847803881511746,360750.0,0.06700616456714018,-0.04971857410881808,0
2017-04-06,73.01,73.5,70.89,70.91,2496000,74.744,75.567,75.94399999999999,0.9841988833877595,30.173564753004,-0.30166679827054566,0.19862045752580593,-0.04971857410881808,0.023825283053076005,0.019299956739529386,0.652980132450331,594200.0,0.036807220420251016,0.007756310816527945,1
2017-04-07,70.89,72.45,70.89,71.46,286000,73.91,75.023,75.7,0.9763540290620871,33.57615894039732,-0.5789666817047276,0.043103029679699215,0.007756310816527945,0.024051381615122,0.018219793976798623,-0.8854166666666666,612100.0,0.021830394626364432,-0.00027987685418406905,0
2017-04-10,70.91,72.1,70.2,71.44,119000,73.21,74.46300000000001,75.4705,0.9700478995104046,32.27762803234499,-0.7912219558288882,-0.12376196742201828,-0.00027987685418406905,0.02397438638087418,0.018229327339392636,-0.583916083916084,594750.0,0.026595744680850946,-0.006858902575587855,0
2017-04-11,71.57,71.75,70.8,70.95,455000,71.876,73.872,75.2735,0.9548645937813441,28.445349626612355,-0.9875903676830973,-0.2965276474742341,-0.006858902575587855,0.023913835039547245,0.01803615055315771,2.823529411764706,622600.0,0.013389711064129709,0.006060606060605878,1
2017-04-12,71.48,71.5,71.0,71.38,62000,71.228,73.407,75.03999999999999,0.9492004264392324,31.972318339100298,-1.0958836776237604,-0.4563988535041394,0.006060606060605878,0.024263547287413017,0.017659316987981382,-0.8637362637362638,602250.0,0.007004763239002522,-0.017932193891846526,0
2017-04-13,71.25,72.5,69.96,70.1,758500,71.066,72.905,74.743,0.9508047576361667,27.950713359273607,-1.2703484227040747,-0.6191887673441265,-0.017932193891846526,0.02449805930214926,0.017952559412948512,11.233870967741936,664950.0,0.036233951497860295,-0.005991440798858605,0
2017-04-14,70.59,70.59,69.5,69.68,537000,70.71000000000001,72.30999999999999,74.3845,0.9506012677372303,26.560509554140097,-1.426064693947012,-0.7805639526647037,-0.005991440798858605,0.02405009452073438,0.01762508289361305,-0.2920237310481213,693200.0,0.015642939150401883,0.004592422502870175,1
2017-04-17,70.01,70.48,69.2,70.0,734500,70.422,71.816,74.0635,0.9508327313724033,28.345959595959542,-1.5062861065282647,-0.925708383437416,0.004592422502870175,0.024361507551990208,0.01774574063243444,0.36778398510242094,744750.0,0.0182857142857143,-0.014142857142857124,0
2017-04-18,69.0,69.53,67.5,69.01,568500,70.03399999999999,70.955,73.679,0.9505286445255771,28.062499999999957,-1.6309463459406004,-1.066755975938053,-0.014142857142857124,0.019327727781411175,0.01777570566826386,-0.22600408441116404,752650.0,0.029416026662802505,0.014345746993189357,1
2017-04-19,67.75,71.0,66.1,70.0,217500,69.758,70.49300000000001,73.314,0.9514963035709415,34.079601990049696,-1.6310539825634862,-1.1796155772631396,0.014345746993189357,0.01829944589564292,0.018082807888276178,-0.6174142480211082,623400.0,0.07000000000000008,0.029285714285714137,1
2017-04-20,70.0,72.89,69.0,72.05,2316000,70.148,70.607,73.087,0.9597876503345327,39.84108967082859,-1.4490180399453578,-1.2334960697995832,0.029285714285714137,0.01397496128057705,0.019575301092550148,9.648275862068965,605400.0,0.05399028452463568,0.013462873004857823,1
2017-04-21,72.7,73.4,72.0,73.02,1801500,70.816,70.763,72.893,0.9715061802916604,44.63687150837987,-1.2125053437067095,-1.2292979245810085,0.013462873004857823,0.01436165184290057,0.019861465951016642,-0.22215025906735753,756950.0,0.019172829361818758,0.03752396603670238,1
2017-04-24,73.0,76.3,72.5,75.76,1006000,71.968,71.19500000000001,72.82900000000001,0.9881777863213829,44.8218262806236,-0.7948101504290577,-1.1424003697506184,0.03752396603670238,0.01810750150724659,0.021772976878994144,-0.44157646405772966,845650.0,0.050158394931362156,0.0025079197465680547,1
2017-04-25,76.0,76.5,75.4,75.95,435500,73.35600000000001,71.69500000000001,72.78349999999999,1.007865793758201,54.38943894389439,-0.44334172093313384,-1.0025886399871216,0.0025079197465680547,0.017601628552080726,0.021779718071035518,-0.5670974155069582,843700.0,0.014483212639894593,-0.0005266622778143937,0
2017-04-26,75.5,76.0,75.0,75.91,163000,74.53799999999998,72.148,72.7775,1.0241901686647656,71.77700348432063,-0.1661132736536075,-0.8352935667204188,-0.0005266622778143937,0.017762027202909574,0.021641494643209358,-0.6257175660160734,853800.0,0.013173494928204453,-0.01040706099328137,0
2017-04-27,75.25,75.75,74.75,75.12,218000,75.152,72.65,72.7775,1.0326268420871836,65.61433447098986,-0.010038412979852751,-0.6702425359723055,-0.01040706099328137,0.016751389771377984,0.021598255845083625,0.33742331288343563,799750.0,0.01331203407880724,-0.0018636847710330473,0
2017-04-28,75.0,75.01,74.71,74.98,137000,75.54400000000001,73.18,72.74499999999999,1.03847687126263,64.94932432432441,0.10118876746800254,-0.515956275284244,-0.0018636847710330473,0.016441911043682783,0.02154640208415482,-0.37155963302752293,759750.0,0.0040010669511871344,-0.007335289410509427,0
2017-05-02,73.06,75.0,73.0,74.43,743500,75.27799999999999,73.623,72.7195,1.0351831351975742,64.62184873949586,0.14330477759133942,-0.3841040647091274,-0.007335289410509427,0.01709419665207093,0.021511150966638897,4.427007299270073,760650.0,0.026870885395673786,-0.02969232836221969,0
2017-05-03,75.0,75.0,71.51,72.22,313000,74.53200000000001,73.944,72.4495,1.02874415972505,53.07017543859651,-0.0016277475552328724,-0.3076088012783485,-0.02969232836221969,0.01967174596916145,0.020729587706039592,-0.5790181573638198,735100.0,0.048324563832733244,0.03060094156743287,1
2017-05-04,72.85,75.0,72.85,74.43,173000,74.236,74.38700000000001,72.44,1.0247929320817228,64.81861738535255,0.06113597488040057,-0.2338598460465987,0.03060094156743287,0.02116919752586167,0.020309943682803352,-0.44728434504792336,730650.0,0.028886201800349395,-0.0190783286309284,0
2017-05-05,74.5,74.5,73.0,73.01,329000,73.81400000000001,74.483,72.545,1.0174925908057069,60.6662395900064,-0.003663228053255807,-0.18782052244793015,-0.0190783286309284,0.020871044790349572,0.017287408687596963,0.9017341040462428,531950.0,0.020545130803999452,0.025612929735652434,1
2017-05-08,73.0,75.0,73.0,74.88,108000,73.79400000000001,74.66900000000001,72.716,1.014824797843666,64.2191142191142,0.09478370102210931,-0.13129967775392226,0.025612929735652434,0.021968406241372744,0.018065616363538005,-0.6717325227963526,362600.0,0.02670940170940171,0.006810897435897578,1
2017-05-09,74.99,76.25,74.5,75.39,957500,73.986,74.632,72.9135,1.0147092102285586,69.12470023980813,0.2115180904569769,-0.06273612411174244,0.006810897435897578,0.01842541334120091,0.018077883357719926,7.8657407407407405,357750.0,0.02321262766945218,0.017111022682053445,1
2017-05-10,75.5,77.2,75.5,76.68,955500,74.878,74.705,73.2,1.0229234972677594,69.67020023557126,0.40347217801469526,0.0305055363135451,0.017111022682053445,0.019236768964606164,0.018194610048134583,-0.002088772845952991,409750.0,0.022170057381325024,0.03873239436619724,1
2017-05-11,76.11,80.51,76.0,79.65,1969000,75.922,75.07900000000001,73.6135,1.0313597370047614,71.22905027932961,0.786188660539807,0.1816421611587975,0.03873239436619724,0.022578451362139207,0.019782322754504575,1.0607012035583465,590350.0,0.05662272441933465,0.01883239171374762,1
2017-05-12,80.2,81.43,79.0,81.15,1141500,77.55,75.682,74.16600000000001,1.0456273764258552,72.05642973412914,1.1967364612584532,0.3846610211787287,0.01883239171374762,0.022245266575002556,0.019171348020400943,-0.42026409344845095,682700.0,0.029944547134935388,0.013924830560690049,1
2017-05-15,81.75,82.5,81.2,82.28,654500,79.03,76.412,74.796,1.0566073052034868,69.38168846611175,1.5948951488726806,0.6267078467175191,0.013924830560690049,0.022028769509235942,0.018948597715892742,-0.4266316250547525,734450.0,0.01579970831307726,-0.0035245503159941904,0
2017-05-16,82.4,82.4,81.0,81.99,871000,80.35,77.168,75.3955,1.065713470963121,67.84869976359334,1.8655334921730145,0.8744729758086183,-0.0035245503159941904,0.021735184063334672,0.019123154735522858,0.3307868601986248,747200.0,0.01707525307964393,-0.04622514940846434,0
2017-05-17,82.0,82.0,77.9,78.2,441000,80.65400000000001,77.766,75.855,1.0632654406433328,55.539429124334795,1.7539762569562214,1.050373632038139,-0.04622514940846434,0.025403417049679272,0.022187952687231956,-0.49368541905855334,760000.0,0.05242966751918151,-0.00012787723785168126,0
2017-05-18,79.45,79.45,77.75,78.19,183500,80.362,78.142,76.26450000000001,1.053727487887549,57.71744595274005,1.6457878104820196,1.1694564677269152,-0.00012787723785168126,0.024235025647389153,0.022154767857636166,-0.5839002267573696,761050.0,0.02174191073027245,0.004348382146054597,1
2017-05-19,78.3,79.0,78.0,78.53,242500,79.838,78.69399999999999,76.58850000000001,1.0424280407632998,58.83524141363861,1.5693918730964498,1.2494435488008222,0.004348382146054597,0.022711020124751437,0.021452935824778325,0.3215258855585832,752400.0,0.012733987011333249,0.005602954284986694,1
2017-05-22,78.0,79.5,78.0,78.97,14000,79.176,79.103,76.886,1.029784356059621,61.36136136136133,1.5267524136280173,1.3049053217662614,0.005602954284986694,0.021806157738553003,0.021352524337286106,-0.9422680412371134,743000.0,0.018994554894263646,0.008104343421552418,1
2017-05-23,79.89,80.4,78.3,79.61,293000,78.7,79.525,77.07849999999999,1.0210369947521036,70.07061379684953,1.5270006728635508,1.3493243919857194,0.008104343421552418,0.021818310224046632,0.019895395163627472,19.928571428571427,676550.0,0.026378595653812443,0.00904408993844985,1
2017-05-24,80.0,80.5,79.51,80.33,351500,79.126,79.89000000000001,77.2975,1.0236553575471394,67.434988179669,1.567229358328845,1.3929053852543447,0.00904408993844985,0.021495361084647415,0.019946203468515174,0.19965870307167233,616150.0,0.012324162828333063,-0.009336486991161408,0
2017-05-25,79.5,80.4,79.0,79.58,244000,79.404,79.883,77.48100000000001,1.0248189878808998,70.2153846153846,1.5210583357352334,1.4185359753505224,-0.009336486991161408,0.018204606413256295,0.02012460057704064,-0.3058321479374111,443650.0,0.017592359889419523,0.007539582809751311,1
2017-05-26,79.01,80.65,79.0,80.18,27000,79.73400000000001,79.786,77.734,1.0257287673347573,67.69025367156209,1.5154137073700298,1.437911521754424,0.007539582809751311,0.01723547672939802,0.01991515765397661,-0.889344262295082,332200.0,0.020578697929658336,-0.010975305562484494,0
2017-05-29,80.0,80.4,78.4,79.3,853000,79.8,79.488,77.95000000000002,1.0237331622835149,62.7361563517915,1.4235221756608922,1.4350336525357177,-0.010975305562484494,0.016616835420988924,0.020146089551554325,30.59259259259259,352050.0,0.025220680958385876,-0.014501891551071733,0
2017-05-30,78.3,78.99,77.5,78.15,18000,79.508,79.104,78.136,1.0175591276748235,54.83234714003944,1.243567019186088,1.3967403258657918,-0.014501891551071733,0.016973365550263762,0.02040167905084876,-0.9788980070339977,266750.0,0.019065898912347983,-0.007933461292386479,0
2017-05-31,77.05,78.8,76.0,77.53,353000,78.94800000000001,79.037,78.4015,1.006970529900576,41.75738724727837,1.0389461185954332,1.32518148441172,-0.007933461292386479,0.008998323873068877,0.0191271117584349,18.61111111111111,257950.0,0.03611505223784338,-0.03469624661421378,0
2017-06-01,76.2,76.8,73.66,74.84,218000,78.0,78.702,78.422,0.994618856953406,27.544483985765126,0.6522038617954138,1.190585959888459,-0.03469624661421378,0.013968638350698915,0.01985761744866576,-0.38243626062322944,261400.0,0.04195617316942812,-0.010154997327632365,0
2017-06-02,74.1,77.0,73.2,74.08,234500,76.78,78.257,78.4755,0.9783945307771216,20.029239766081915,0.28114136587748817,1.0086970410862648,-0.010154997327632365,0.013723968541927629,0.019492329746322534,0.07568807339449535,260600.0,0.0512958963282937,0.04954103671706256,1
2017-06-05,77.7,77.78,74.05,77.75,282000,76.47,78.135,78.619,0.9726656406212238,37.57327080890976,0.2799825287238207,0.862954138613776,0.04954103671706256,0.022182543550529038,0.021697940485918867,0.2025586353944564,287400.0,0.04797427652733124,-0.019678456591639915,0
2017-06-06,77.01,78.68,76.0,76.22,294500,76.084,77.796,78.6605,0.9672453137216266,43.31081081081081,0.15383264173763678,0.7211298392385482,-0.019678456591639915,0.022604504219355153,0.022198320584005574,0.04432624113475181,287550.0,0.0351613749672003,-0.015743899239044956,0
2017-06-07,75.3,76.49,74.5,75.02,199500,75.582,77.265,78.5775,0.9618784003054308,40.08755472170108,-0.042482314069062,0.5684074085770262,-0.015743899239044956,0.022358908530424524,0.022141881440442792,-0.32258064516129037,272350.0,0.02652625966408951,-0.0057318048520393905,0
2017-06-08,74.75,75.09,74.25,74.59,53500,75.53200000000001,76.766,78.3245,0.9643470433899994,37.74875621890549,-0.23010819324446175,0.40870428821272864,-0.0057318048520393905,0.022338830116765962,0.020094766267277863,-0.731829573934837,253300.0,0.011261563212226886,-0.002681324574339783,0
2017-06-09,74.01,75.75,74.0,74.39,29500,75.59400000000001,76.187,77.9865,0.9693216133561579,35.542929292929315,-0.39044062629363907,0.24887530531145513,-0.002681324574339783,0.021867486055949986,0.019424425741639967,-0.44859813084112155,253550.0,0.02352466729399113,-0.04893130797150158,0
2017-06-12,74.0,74.0,70.68,70.75,283000,74.194,75.33200000000001,77.41,0.9584549799767472,26.48619957537157,-0.801978109437087,0.03870462236174671,-0.04893130797150158,0.025566128780895307,0.021335272297345585,8.59322033898305,196550.0,0.046925795053003434,-0.005653710247349952,0
2017-06-13,71.0,72.45,69.1,70.35,424500,73.02000000000001,74.55199999999999,76.828,0.9504347373353466,23.056155507559424,-1.1471772417068848,-0.1984717504519796,-0.005653710247349952,0.02558654091724728,0.021320732854927717,0.5,237200.0,0.04761904761904774,0.022885572139303534,1
2017-06-14,70.35,72.6,70.35,71.96,1921000,72.408,73.99499999999999,76.51599999999999,0.9463118824820954,30.340557275541798,-1.2761261089643483,-0.4140026221544534,0.022885572139303534,0.027657641720750983,0.020273436184958023,3.5253239104829213,394000.0,0.031267370761534186,-0.0009727626459142824,0
2017-06-15,71.5,73.0,71.05,71.89,44000,71.868,73.7,76.201,0.9431372291702209,28.010610079575585,-1.3681957216707445,-0.6048412420577116,-0.0009727626459142824,0.025918086112976947,0.020265922760103854,-0.9770952628839147,376600.0,0.02712477396021704,-0.025038252886354084,0
2017-06-16,71.0,72.0,69.5,70.09,150500,71.008,73.301,75.779,0.9370406049169295,26.707132018209407,-1.5683278031738013,-0.7975385542809296,-0.025038252886354084,0.02674335947212367,0.020689937963197517,2.4204545454545454,368200.0,0.03566842630903124,0.0019974318733058105,1
2017-06-19,70.55,71.99,70.0,70.23,368500,70.904,72.549,75.342,0.9410952722253192,28.891257995735614,-1.6960856698423044,-0.9772479773932046,0.0019974318733058105,0.019049646488384125,0.02060394822671363,1.4485049833887045,376850.0,0.028335469172718137,-0.01765627224832711,0
2017-06-20,70.11,71.49,68.5,68.99,2476000,70.63199999999999,71.826,74.811,0.9441392308617714,27.96697626418988,-1.8757696318208588,-1.1569523082787354,-0.01765627224832711,0.018945406199576673,0.020504082689911125,5.719131614654002,595000.0,0.04333961443687484,0.0191332077112627,1
2017-06-21,68.05,71.85,68.0,70.31,304000,70.30199999999999,71.35499999999999,74.31,0.9460637868389179,37.423653525819006,-1.889872227310363,-1.3035362920850608,0.0191332077112627,0.02083589587621278,0.02103510803458385,-0.877221324717286,605450.0,0.0547575024889773,0.009529227705874055,1
2017-06-22,71.0,71.5,70.75,70.98,336000,70.12,70.994,73.88,0.9491066594477532,41.35044642857145,-1.825936970473819,-1.4080164277628127,0.009529227705874055,0.021429709552507024,0.02131897235114651,0.10526315789473695,633700.0,0.010566356720202874,-0.01775147928994092,0
2017-06-29,71.0,71.0,69.11,69.72,429000,70.04599999999999,70.527,73.357,0.9548645664353775,24.11347517730499,-1.8555496670209806,-1.4975230756144462,-0.01775147928994092,0.021795710965156246,0.021255659495558778,0.2767857142857142,673650.0,0.027108433734939767,-0.01950659781985087,0
2017-06-30,69.3,69.99,68.0,68.36,214500,69.672,70.288,72.80999999999999,0.9569015245158633,24.380704041721017,-1.9660946609879062,-1.591237392689138,-0.01950659781985087,0.016808377524108506,0.0214297924032346,-0.5,666800.0,0.02911059098888231,-0.019163253364540722,0
2017-07-03,68.0,68.0,66.71,67.05,103000,69.284,69.958,72.25500000000001,0.9588817382880077,24.207119741100357,-2.134799774084641,-1.6999498689682389,-0.019163253364540722,0.017545037899907568,0.02153871798164421,-0.5198135198135199,634650.0,0.019239373601789803,0.0037285607755406236,1
2017-07-04,68.0,68.5,67.0,67.3,172500,68.68199999999999,69.492,71.74350000000001,0.9573271446193728,26.129666011787833,-2.222704922247786,-1.8045008796241484,0.0037285607755406236,0.01507604132362672,0.021681198540129672,0.674757281553398,459800.0,0.022288261515601784,0.0035661218424964947,1
2017-07-05,68.94,68.94,67.35,67.54,209000,67.994,69.057,71.3785,0.9525837612166128,27.62900065316792,-2.247101207307253,-1.8930209451607694,0.0035661218424964947,0.01532947459903627,0.020761243059894144,0.2115942028985507,476300.0,0.02354160497482978,-0.007995262066923359,0
2017-07-06,67.25,67.7,66.65,67.0,86000,67.45,68.748,71.0245,0.9496722961794873,34.64373464373469,-2.2836840379685697,-1.9711535637223294,-0.007995262066923359,0.01386992426465283,0.02073815272937412,-0.5885167464114833,469850.0,0.015671641791044733,-0.01104477611940291,0
2017-07-07,67.0,68.95,65.56,66.26,582000,67.03,68.351,70.45,0.9514549325762952,33.7051792828686,-2.3453522495924517,-2.0459933008963542,-0.01104477611940291,0.013813361368529072,0.016340326200563356,5.767441860465116,491200.0,0.05116208874132207,0.026863869604587975,1
2017-07-10,67.0,68.4,66.49,68.04,417000,67.228,68.256,70.041,0.9598378092831341,34.59119496855354,-2.2249458370517345,-2.0817838081274305,0.026863869604587975,0.016458563206458197,0.017812762562766437,-0.28350515463917525,285300.0,0.028071722516167116,-0.04997060552616117,0
2017-07-11,65.14,66.98,64.64,64.64,278000,66.696,67.68900000000001,69.522,0.959350996806766,27.414330218068585,-2.376479891761406,-2.1407230248542257,-0.04997060552616117,0.020861200291606846,0.020316118835423187,-0.33333333333333337,282700.0,0.036200495049505,-0.0027846534653466204,0
2017-07-12,63.0,65.0,63.0,64.46,129500,66.08000000000001,67.037,69.0155,0.957466076461085,30.492030492030537,-2.4824797364284024,-2.209074367169061,-0.0027846534653466204,0.020047649867402817,0.02033815490694405,-0.5341726618705036,262050.0,0.031026993484331373,-0.007446478436239468,0
2017-07-13,64.98,65.0,63.1,63.98,126000,65.476,66.463,68.49499999999999,0.9559237900576686,28.84224779959382,-2.575528278701057,-2.2823651494754604,-0.007446478436239468,0.01983471652385246,0.0203119024454017,-0.027027027027026973,231750.0,0.029696780243826174,0.015317286652078765,1
2017-07-14,64.1,65.5,64.0,64.96,277000,65.21600000000001,66.123,68.2055,0.9561692238895692,36.113025499655436,-2.540902170467959,-2.33407255367396,0.015317286652078765,0.020701333595739873,0.018370792523937023,1.1984126984126986,238000.0,0.02309113300492611,0.003232758620689724,1
2017-07-17,64.9,66.0,64.1,65.17,124500,64.642,65.935,67.9465,0.9513661483667296,30.8208955223881,-2.4680651663483673,-2.3608710762088414,0.003232758620689724,0.020191122837303576,0.01843852970145338,-0.5505415162454874,240150.0,0.029154518950437403,0.04986957188890595,1
2017-07-18,65.02,68.42,65.0,68.42,321000,65.398,66.047,67.76950000000001,0.9650063819269729,41.98998748435545,-2.123613779458694,-2.3134196168588117,0.04986957188890595,0.026191939494683833,0.021254863702640736,1.5783132530120483,255000.0,0.04998538439052911,0.011692487576731914,1
2017-07-19,66.51,71.1,66.51,69.22,508000,66.35,66.215,67.636,0.980986456916435,48.38917525773196,-1.7657260685968623,-2.203880907206422,0.011692487576731914,0.026372722491949326,0.021484070088111894,0.5825545171339563,284900.0,0.06631031493787908,-0.0036116729268997894,0
2017-07-20,70.0,70.5,68.6,68.97,265000,67.348,66.412,67.58,0.9965670316661734,52.11658570437195,-1.4851504994760916,-2.0601348256603558,-0.0036116729268997894,0.026209768617195896,0.020780226049620456,-0.4783464566929134,302800.0,0.02754820936639127,-0.01609395389299695,0
2017-07-21,68.06,69.0,67.5,67.86,423500,67.928,66.572,67.4615,1.0069150552537374,52.85010555946517,-1.3369485521652251,-1.9154975709613296,-0.01609395389299695,0.02656120871495527,0.021053176017821022,0.5981132075471698,286950.0,0.022104332449160036,0.0007368110816385887,1
2017-07-24,68.0,68.85,67.77,67.91,238000,68.476,66.559,67.4075,1.0158513518525387,52.177016416845106,-1.201611430458243,-1.7727203428607123,0.0007368110816385887,0.02516950974966321,0.020709418349837055,-0.4380165289256198,269050.0,0.015903401560889388,0.028714475040494847,1
2017-07-25,67.06,70.0,67.06,69.86,185000,68.764,67.081,67.385,1.0204644950656674,57.37913486005087,-0.9263289398848684,-1.6034420622655436,0.028714475040494847,0.01942234179409829,0.021292178605953272,-0.2226890756302521,259750.0,0.04208416833667331,0.006727741196679071,1
2017-07-26,70.0,71.45,70.0,70.33,237000,68.986,67.66799999999999,67.35249999999999,1.0242529972903756,60.63897763578274,-0.6626024422574801,-1.4152741382639311,0.006727741196679071,0.019067185011208472,0.0212345934223077,0.2810810810810811,270500.0,0.020617090857386645,0.016778046352907916,1
2017-07-27,70.51,71.9,70.5,71.51,117000,69.494,68.421,67.442,1.0304261439459093,66.31448104412677,-0.35429703879148633,-1.2030787183694422,0.016778046352907916,0.01828028027858667,0.021139897245383583,-0.5063291139240507,269600.0,0.01957768144315488,0.0005593623269470882,1
2017-07-28,69.12,71.8,69.12,71.55,102000,70.232,69.08,67.6015,1.038911858464679,62.229965156794385,-0.10551876497864043,-0.983566727691282,0.0005593623269470882,0.018517361071542036,0.020559626993428115,-0.1282051282051282,252100.0,0.03745632424877698,0.006848357791754189,1
2017-07-31,73.5,74.5,72.0,72.04,317500,71.058,69.767,67.851,1.0472653313878941,82.34265734265733,0.1296838001451448,-0.7609166221239966,0.006848357791754189,0.01840854959900729,0.019931316396361295,2.1127450980392157,271400.0,0.03470294280955025,0.019017212659633298,1
2017-08-01,71.5,74.0,71.5,73.41,434000,71.768,70.266,68.1565,1.0529883430047025,85.4315122723674,0.4217691853544352,-0.5243794606283102,0.019017212659633298,0.012737167201116655,0.020220154534207332,0.36692913385826764,282700.0,0.03405530581664624,0.0035417518049312147,1
2017-08-02,74.0,74.0,73.32,73.67,140000,72.436,70.711,68.463,1.0580313453982446,89.04109589041097,0.6665452656710613,-0.28619451536843593,0.0035417518049312147,0.012673887859705735,0.02022021760525666,-0.6774193548387097,245900.0,0.009230351567802454,0.010587756210126198,1
2017-08-03,74.5,74.5,73.1,74.45,134500,73.024,71.25899999999999,68.8355,1.0608479636234212,88.86158886158887,0.912947661751943,-0.04636607994436015,0.010587756210126198,0.012224786511557579,0.020039670992583573,-0.03928571428571426,232850.0,0.018804566823371466,-0.018938885157824048,0
2017-08-04,74.5,74.5,72.9,73.04,235000,73.322,71.777,69.1745,1.0599570651034704,79.34377330350488,0.9831153776358121,0.1595302115716743,-0.018938885157824048,0.012857833024197395,0.020455634532429885,0.7472118959107807,214000.0,0.02190580503833508,-0.013280394304490906,0
2017-08-07,73.25,73.25,71.6,72.07,223500,73.328,72.193,69.376,1.0569649446494465,66.39712488769086,0.9495075723865796,0.3175256837346554,-0.013280394304490906,0.014349419580089477,0.020173433883954418,-0.04893617021276597,212550.0,0.02289440821423624,-0.0015262938809490478,0
2017-08-08,72.1,72.5,71.5,71.96,63000,73.03800000000001,72.40299999999999,69.74199999999999,1.0472599007771504,63.12260536398463,0.9035811429475871,0.4347367755772417,-0.0015262938809490478,0.01204509666296193,0.015931413826894295,-0.7181208053691275,200350.0,0.013896609227348528,-0.007782101167315036,0
2017-08-09,71.96,72.05,71.0,71.4,262500,72.584,72.51,70.089,1.0355975973405243,61.30232558139538,0.8126293119860151,0.5103152828589964,-0.007782101167315036,0.01241851843050823,0.016106372793510695,3.166666666666667,202900.0,0.014705882352941135,0.0021008403361342243,1
2017-08-10,71.45,72.0,71.3,71.55,253500,72.004,72.514,70.4675,1.021804377904708,68.84576098059244,0.7440758340305251,0.5570673930933022,0.0021008403361342243,0.01123357641356072,0.015849792198715473,-0.03428571428571425,216550.0,0.009783368273934352,-0.02683438155136275,0
2017-08-11,71.55,71.85,69.51,69.63,253500,71.322,72.322,70.701,1.0087834684092165,57.37564322469983,0.5287239543328468,0.5513987053412112,-0.02683438155136275,0.014089580276853218,0.017247926312669696,0.0,231700.0,0.03360620422231781,-0.00847335918425951,0
2017-08-15,70.0,70.0,68.55,69.04,113000,70.71600000000001,72.022,70.8945,0.9974821742166179,46.01941747572818,0.30691010038928823,0.5025009843508266,-0.00847335918425951,0.013774292873502082,0.01745898225573717,-0.554240631163708,211250.0,0.021002317497103167,0.026651216685978918,1
2017-08-16,70.0,71.0,69.0,70.88,732000,70.5,71.76899999999999,71.0175,0.9927130636814869,52.35646958011997,0.27640739316410645,0.45728226611348255,0.026651216685978918,0.015325656913870276,0.014740999811752139,5.477876106194691,241050.0,0.028216704288939055,-0.028075620767494258,0
2017-08-17,70.76,71.0,68.75,68.89,302500,69.998,71.291,71.001,0.985873438402276,39.503205128205074,0.09061288017385039,0.38394838892555616,-0.028075620767494258,0.016914511136573933,0.01597677256816557,-0.5867486338797814,257300.0,0.032660763536072,-0.02032225286688938,0
2017-08-18,68.89,68.89,67.0,67.49,421500,69.18599999999999,70.595,70.92699999999999,0.9754536354279753,35.33236994219651,-0.1676661585526915,0.27362547942990667,-0.02032225286688938,0.0162442990975535,0.016594138829332843,0.3933884297520662,286000.0,0.028004148762779683,-0.049785153356052714,0
2017-08-21,67.3,67.3,64.12,64.13,372000,68.08599999999998,69.704,70.7405,0.9624755267491746,26.331538001196805,-0.6361449933549466,0.09167138487293602,-0.049785153356052714,0.020559963751657813,0.019642203392036397,-0.11743772241992878,299700.0,0.04958677685950402,0.007016996725401681,1
2017-08-22,62.25,65.0,61.1,64.58,588000,67.194,68.95500000000001,70.574,0.9521070082466632,22.039265357821378,-0.9600398640022263,-0.11867086490209644,0.007016996725401681,0.021481162700341176,0.019748899079067364,0.5806451612903225,336150.0,0.060390213688448414,0.013936203158872784,1
2017-08-23,64.6,67.74,64.0,65.48,2128000,66.114,68.30699999999999,70.35499999999999,0.9397199914718217,25.076080340839894,-1.131068154520733,-0.3211503228258238,0.013936203158872784,0.02273502684657465,0.01877912691247495,2.619047619047619,542650.0,0.05711667684789241,-0.006108735491753281,0
2017-08-24,66.25,66.9,64.75,65.08,166500,65.352,67.675,70.0925,0.932367942361879,20.809968847351982,-1.284083844761497,-0.5137370272129584,-0.006108735491753281,0.02275242054685887,0.01864579071994195,-0.9217575187969925,533050.0,0.033036263060848274,0.007221880762138921,1
2017-08-25,65.0,66.0,65.0,65.55,172500,64.96399999999998,67.075,69.7945,0.9307896754042222,25.21508934480471,-1.351841620935744,-0.6813579459575156,0.007221880762138921,0.023084972761699046,0.018210653818539094,0.03603603603603611,524950.0,0.015255530129672007,-0.015255530129671957,0
2017-08-28,65.8,66.0,64.25,64.55,134000,65.04799999999999,66.567,69.4445,0.9366904506476392,25.165125495376458,-1.469294674964729,-0.8389452917589584,-0.015255530129671957,0.022340295342824588,0.018336845986531434,-0.22318840579710142,513000.0,0.027110766847405113,-0.03671572424477143,0
2017-08-29,63.5,64.0,62.0,62.18,145500,64.568,65.881,68.9515,0.9364263286512984,21.896551724137893,-1.7336320286915594,-1.0178826391454787,-0.03671572424477143,0.024209379038221582,0.019414483107165495,0.08582089552238803,516250.0,0.0321646831778707,-0.021389514313283953,0
2017-08-30,60.1,62.49,60.01,60.85,79000,63.64200000000001,64.878,68.3235,0.9314803837625416,20.968629609245966,-2.0270743197460064,-1.2197209752655842,-0.021389514313283953,0.020593041591073162,0.018634754185887906,-0.45704467353951894,450950.0,0.04075595727198034,0.010024650780608102,1
2017-08-31,61.75,62.5,60.01,61.46,16000,62.91799999999999,64.135,67.713,0.9291864191514184,22.920021470746107,-2.185217717925468,-1.4128203237975612,0.010024650780608102,0.02140295052709323,0.01892171140228022,-0.7974683544303798,422300.0,0.040514155548324146,0.006833712984054774,1
2017-09-05,61.5,62.0,61.5,61.88,22000,62.184000000000005,63.574,67.08449999999999,0.9269503387518728,27.37886748394631,-2.250712201195114,-1.5803986992770718,0.006833712984054774,0.0218267130385014,0.018736481863902654,0.375,382350.0,0.008080155138978667,-0.007595345830640032,0
2017-09-06,62.0,62.5,61.25,61.41,302000,61.556,63.302,66.503,0.9256123783889448,27.57201646090533,-2.3138692783870525,-1.727092815099068,-0.007595345830640032,0.016328005153176763,0.01859203839543793,12.727272727272727,375350.0,0.020354991043803942,-0.02296042989741076,0
2017-09-07,61.02,61.9,60.0,60.0,131000,61.120000000000005,62.843999999999994,65.8995,0.92747289433152,17.18938480096506,-2.4494610707353033,-1.8715664662263154,-0.02296042989741076,0.01678462782970942,0.01884814835595811,-0.5662251655629139,329650.0,0.03166666666666664,0.0024999999999999467,1
2017-09-08,61.1,61.5,60.02,60.15,317000,60.98,62.311,65.309,0.9337151081780459,20.35278154681143,-2.5158140582362307,-2.0004159846282983,0.0024999999999999467,0.015526914348882348,0.01895284653907972,1.4198473282442747,148550.0,0.02460515378221109,0.009642560266001743,1
2017-09-11,60.0,61.0,60.0,60.73,166000,60.834,61.876,64.7755,0.9391513766779108,25.718390804597732,-2.492861965158774,-2.0989051807343935,0.009642560266001743,0.016544522747583734,0.019395045471567396,-0.4763406940063092,148500.0,0.016466326362588508,-0.012185081508315432,0
2017-09-12,61.0,61.0,59.94,59.99,109000,60.456,61.32000000000001,64.1975,0.9417189142879395,31.68141592920358,-2.505502211720213,-2.1802245869315575,-0.012185081508315432,0.015844391778625188,0.019270808747770676,-0.34337349397590367,142150.0,0.017669611601933692,0.028171361893648994,1
2017-09-13,60.0,61.95,59.3,61.68,638000,60.50999999999999,61.032999999999994,63.8,0.9484326018808776,38.43700159489633,-2.3520379922259593,-2.2145872679904377,0.028171361893648994,0.01940277829216007,0.020421328557210572,4.853211009174312,192550.0,0.04296368352788595,-0.0022697795071335847,0
2017-09-14,61.0,62.0,61.0,61.54,542500,60.818,60.96900000000001,63.425,0.9588963342530548,33.27674023769097,-2.2161667320270197,-2.2149031607977543,-0.0022697795071335847,0.015732283011029333,0.020426392242456147,-0.14968652037617558,232250.0,0.016249593760155997,0.006987325316867077,1
2017-09-15,61.55,62.0,61.5,61.97,55500,61.182,61.081,62.979499999999994,0.9714589668066594,36.83319220999152,-2.050157434355171,-2.1819540155092376,0.006987325316867077,0.01410555831435362,0.01923415930160789,-0.8976958525345622,229900.0,0.008068420203324189,-0.006938841374858784,0
2017-09-18,61.05,61.55,61.0,61.54,17500,61.343999999999994,61.089,62.61199999999999,0.9797482910624162,32.965165675446045,-1.931031546613923,-2.131769521730175,-0.006938841374858784,0.014041785118050144,0.01855595533199549,-0.6846846846846847,230050.0,0.008937276568085751,0.0024374390640233834,1
2017-09-19,61.5,62.0,61.45,61.69,194000,61.684000000000005,61.06999999999999,62.322,0.9897628445813678,36.90476190476189,-1.8037274289065266,-2.066161103165445,0.0024374390640233834,0.013879544953806411,0.01829252075205265,10.085714285714285,247250.0,0.008915545469281848,0.007942940508996577,1
2017-09-20,61.85,62.25,61.51,62.18,322500,61.784000000000006,61.147000000000006,62.2245,0.9929207948637596,50.0,-1.6443441181225964,-1.9817977061568754,0.007942940508996577,0.013831941645025264,0.014999241472119713,0.6623711340206186,249300.0,0.01190093277581219,-0.002894821486008392,0
2017-09-21,62.01,62.5,61.9,62.0,178000,61.876,61.347,62.0955,0.9964651222713401,57.28770595690747,-1.5150911638830777,-1.888456397702116,-0.002894821486008392,0.011102324156646411,0.014868451936551693,-0.4480620155038759,254000.0,0.009677419354838733,0.00887096774193541,1
2017-09-22,62.3,62.9,62.0,62.55,43500,61.992,61.587,61.949,1.0006941193562446,56.9604086845466,-1.352683964249458,-1.7813019110115846,0.00887096774193541,0.01123086166760012,0.014625104769143835,-0.7556179775280899,226650.0,0.014388489208633072,0.026538768984812,1
2017-09-25,63.2,64.9,63.0,64.21,90000,62.525999999999996,61.935,61.905499999999996,1.0100233420293836,62.84454244762952,-1.077605001980963,-1.6405625292054604,0.026538768984812,0.013264811342928238,0.015927936697657217,1.0689655172413794,219050.0,0.02959040647874172,-0.01105746768416127,0
2017-09-26,63.7,63.85,63.0,63.5,71000,62.88799999999999,62.286,61.803,1.0175557820817758,61.224489795918416,-0.9064450742551386,-1.493739038215396,-0.01105746768416127,0.013099970422699843,0.01598275556957503,-0.21111111111111114,215250.0,0.013385826771653566,-0.00015748031496054526,0
2017-09-27,63.5,63.5,62.6,63.49,54000,63.15,62.467000000000006,61.75,1.022672064777328,72.06068268015179,-0.7628132781821506,-1.347553886208747,-0.00015748031496054526,0.010530604539825494,0.01565024584578598,-0.23943661971830987,156850.0,0.014175460702472808,-0.014017955583556452,0
2017-09-28,63.4,63.5,62.6,62.6,66000,63.27,62.573,61.770999999999994,1.0242670508814817,64.16184971098272,-0.7125853664077937,-1.2205601822485566,-0.014017955583556452,0.011760621334737568,0.013589154484999344,0.22222222222222232,109200.0,0.014376996805111798,0.006389776357827559,1
2017-09-29,62.42,63.0,62.4,63.0,18500,63.35999999999999,62.676,61.878499999999995,1.0239420800439571,63.40023612750891,-0.6332035510129757,-1.1030888560014405,0.006389776357827559,0.011732657987003188,0.012627883813198796,-0.7196969696969697,105500.0,0.009523809523809547,-0.00031746031746038295,0
2017-10-02,63.0,63.0,62.0,62.98,39000,63.114,62.81999999999999,61.954499999999996,1.0187153475534465,69.29032258064517,-0.5653892677148917,-0.9955489383441308,-0.00031746031746038295,0.011371521899866704,0.012484870025119287,1.108108108108108,107650.0,0.015878056525881232,-0.04715782788186729,0
2017-10-03,60.3,60.3,59.75,60.01,57500,62.416,62.652,61.861000000000004,1.0089717269361955,40.75304540420817,-0.7427383133620893,-0.9449868133477226,-0.04715782788186729,0.01935395449822971,0.01643635489451376,0.47435897435897445,94000.0,0.009165139143476041,-0.0018330278286952106,0
2017-10-04,60.0,60.5,58.25,59.9,136500,61.698,62.424,61.7855,0.9985838101172605,40.88888888888887,-0.8819976703408159,-0.9323889847463414,-0.0018330278286952106,0.019006812583792755,0.016372485881264137,1.373913043478261,75400.0,0.037562604340567615,0.0016694490818029983,1
2017-10-05,59.8,60.35,59.8,60.0,92500,61.178,62.224000000000004,61.7855,0.9901675959569801,38.638985005767005,-0.9730755406763834,-0.9405262959323498,0.0016694490818029983,0.01907932296949011,0.015548444897460274,-0.3223443223443223,66850.0,0.009166666666666738,0.020499999999999963,1
2017-10-06,60.0,61.29,60.0,61.23,5000,60.824,62.092,61.8395,0.9835784571350027,48.36325237592396,-0.9352240084244627,-0.9394658384307725,0.020499999999999963,0.020211343442600713,0.01620096019497771,-0.9459459459459459,63000.0,0.02106810387065163,0.004082965866405441,1
2017-10-09,59.01,61.97,59.01,61.48,3000,60.524,61.818999999999996,61.876999999999995,0.9781340401118349,48.902821316614414,-0.8749674061367898,-0.9265661519719759,0.004082965866405441,0.01779856744580768,0.016092487405201965,-0.4,54300.0,0.04814573845152897,-0.0030904359141183946,0
2017-10-10,61.4,61.5,59.81,61.29,22500,60.779999999999994,61.598,61.94199999999999,0.9812405153207839,45.19956850053936,-0.8329433740750858,-0.9078415963925979,-0.0030904359141183946,0.017634559028177968,0.01583452089209087,6.5,49450.0,0.027573829335943836,-0.009952683961494513,0
2017-10-11,59.7,61.0,59.7,60.68,27000,60.936,61.31699999999999,61.891999999999996,0.984553738770762,43.19587628865978,-0.8391872991085023,-0.8941107369357788,-0.009952683961494513,0.01770675138774504,0.014667571571072388,0.19999999999999996,46750.0,0.021423862887277476,-0.04103493737640085,0
2017-10-12,60.25,60.9,57.65,58.19,310500,60.574,60.87599999999999,61.7245,0.9813607238616756,31.27147766323023,-1.0331483537744788,-0.9219182603035189,-0.04103493737640085,0.021081474975702445,0.017222815450376804,10.5,71200.0,0.05585152087987627,-0.038150885031792425,0
2017-10-13,57.2,57.2,55.4,55.97,158500,59.52199999999999,60.173,61.4245,0.9690270169069344,16.229508196721298,-1.3504323897233235,-1.00762108618748,-0.038150885031792425,0.02257317111712265,0.018780299903554995,-0.48953301127214166,85200.0,0.032160085760228774,0.04002144005717345,1
2017-10-16,56.99,58.76,56.74,58.21,100000,58.867999999999995,59.696000000000005,61.258,0.9609846877142576,30.735615440640927,-1.404937746780412,-1.0870844183060664,0.04002144005717345,0.02779871588886692,0.021282083612986627,-0.3690851735015773,91300.0,0.034701941247208316,0.008417797629273416,1
2017-10-17,58.25,59.65,58.25,58.7,72500,58.35,59.56500000000001,61.10850000000001,0.9548589803382508,33.145672061928224,-1.3925423684430314,-1.1481760083334593,0.008417797629273416,0.024326676142212122,0.021397701184715456,-0.275,92800.0,0.023850085178875612,0.033560477001703504,1
2017-10-19,59.0,61.63,58.26,60.67,83000,58.348,59.641999999999996,61.032999999999994,0.9560074058296332,43.68868541530412,-1.2098104638374707,-1.1605028994342617,0.033560477001703504,0.026793193251146426,0.02276382572633068,0.14482758620689662,87450.0,0.05554639854953032,-0.013350914784901913,0
2017-10-20,59.5,60.0,59.5,59.86,32500,58.681999999999995,59.628,60.926,0.9631684338377703,40.0,-1.1174728124930837,-1.1518968820460262,-0.013350914784901913,0.027206842265413082,0.022929567237287497,-0.608433734939759,81450.0,0.00835282325425994,0.01871032408954232,1
2017-10-23,60.99,61.0,60.65,60.98,51000,59.684000000000005,59.60300000000001,60.847500000000004,0.980878425572127,44.047619047619044,-0.9430490365110913,-1.1101273129390392,0.01871032408954232,0.027063249525369853,0.023266945064297585,0.5692307692307692,86050.0,0.0057395867497540415,0.0003279763857002571,1
2017-10-24,60.0,61.0,60.0,61.0,16500,60.242000000000004,59.55500000000001,60.687,0.9926672928304251,53.574007220216615,-0.7940497928042731,-1.0469118089120861,0.0003279763857002571,0.02702511447807957,0.02235372370942659,-0.6764705882352942,87400.0,0.01639344262295082,-0.012950819672131186,0
2017-10-25,60.1,60.21,60.1,60.21,5000,60.544000000000004,59.44699999999999,60.5225,1.0003552397868563,51.06675843083277,-0.7312834361359251,-0.9837861343568539,-0.012950819672131186,0.027310365698768185,0.02239663310925737,-0.696969696969697,85650.0,0.001826939046669979,-0.034213585783092526,0
2017-10-26,60.0,60.95,57.21,58.15,235500,60.04,59.193999999999996,60.2555,0.9964235629942495,44.390539721043055,-0.8381042856278427,-0.9546497646110517,-0.034213585783092526,0.029165194007046414,0.02348406012282669,46.1,106500.0,0.06431642304385214,-0.0407566638005159,0
2017-10-27,57.05,58.49,55.25,55.78,245500,59.224000000000004,58.95300000000001,59.9145,0.9884752438892089,34.54339194554737,-1.1013046174448249,-0.9839807351778064,-0.0407566638005159,0.029125896216274556,0.024801394340696663,0.0424628450106157,100000.0,0.05808533524560778,-0.03352456077447119,0
2017-10-30,54.1,54.8,53.25,53.91,146500,57.81,58.747,59.46,0.9722502522704339,30.337662337662337,-1.4441390128291403,-1.0760123907080732,-0.03352456077447119,0.028551400994152782,0.025396748619582292,-0.4032586558044806,98800.0,0.028751623075496148,-0.03005008347245408,0
2017-10-31,52.25,55.0,52.05,52.29,173500,56.068000000000005,58.154999999999994,58.9255,0.951506563372394,28.239845261121857,-1.8255148039384537,-1.2259128733541493,-0.03005008347245408,0.02510827703074154,0.025823757131942907,0.1843003412969284,106150.0,0.056416140753490204,0.04991394148020656,1
2017-11-01,54.0,54.9,53.41,54.9,187500,55.00599999999999,57.77499999999999,58.67,0.9375490028975625,37.257495590828924,-1.8953047849621143,-1.3597912556757423,0.04991394148020656,0.031240800931113512,0.027340221811899577,0.08069164265129691,117650.0,0.027140255009107505,0.049908925318761455,1
2017-11-02,55.0,57.64,55.0,57.64,152000,54.903999999999996,57.472,58.556999999999995,0.9376163396348857,48.80069777583952,-1.709809131519549,-1.4297948308445037,0.049908925318761455,0.033871602917864105,0.029893406968037012,-0.18933333333333335,124550.0,0.04580152671755726,0.005031228313671088,1
2017-11-03,58.5,58.5,56.7,57.93,64500,55.33399999999999,57.278999999999996,58.4535,0.9466327935880655,54.66666666666667,-1.5218588716255752,-1.4482076390007181,0.005031228313671088,0.03384262210298715,0.02992159367944442,-0.575657894736842,127750.0,0.031071983428275458,-0.0017262213015708516,0
2017-11-06,58.0,58.0,57.25,57.83,11500,56.117999999999995,56.964,58.28349999999999,0.9628454022150352,48.99257688229056,-1.3652384814337069,-1.431613807487316,-0.0017262213015708516,0.0330087912852894,0.029477592154006894,-0.8217054263565892,123800.0,0.012969047207331835,0.002593809441466366,1
2017-11-07,58.0,58.0,57.1,57.98,13000,57.25599999999999,56.662,58.10849999999999,0.9853291687102576,48.056155507559374,-1.215006113261353,-1.3882922686421235,0.002593809441466366,0.033055676365896805,0.029462121659430903,0.13043478260869557,123450.0,0.015522593997930297,-0.006553984132459445,0
2017-11-08,57.75,58.0,57.06,57.6,11000,57.79600000000001,56.400999999999996,57.924,0.9977902078585734,40.93325457767277,-1.1137698577045398,-1.3333877864546069,-0.006553984132459445,0.0329373150023868,0.029475853276741116,-0.15384615384615385,124050.0,0.016319444444444404,0.007118055555555447,1
2017-11-09,58.0,58.5,58.0,58.01,18000,57.870000000000005,56.387,57.79050000000001,1.0013756586290135,44.40411373260737,-0.9890546163685201,-1.2645211524373896,0.007118055555555447,0.03126690138330047,0.02950159526335817,0.6363636363636365,102300.0,0.008619203585588693,-0.00017238407171171755,0
2017-11-10,58.01,58.01,58.0,58.0,31000,57.884,56.609,57.781000000000006,1.0017825928938577,40.337224383917,-0.8808696880697156,-1.1877908595638549,-0.00017238407171171755,0.027802725352605976,0.028021810677301823,0.7222222222222223,80850.0,0.00017241379310341397,-0.013793103448275779,0
2017-11-13,58.0,58.0,57.1,57.2,24500,57.758,56.938,57.842499999999994,0.9985391364481135,38.27160493827161,-0.8498886794245522,-1.1202104235359944,-0.013793103448275779,0.025421937392992963,0.02676819822212187,-0.20967741935483875,68650.0,0.015734265734265708,0.005244755244755206,1
2017-11-14,57.88,58.0,57.49,57.5,14000,57.662,57.45899999999999,57.806999999999995,0.9974916532599859,41.374920432845315,-0.7919988443957351,-1.0545681077079425,0.005244755244755206,0.0220525591011565,0.025213475165694756,-0.4285714285714286,52700.0,0.00886956521739127,-0.008695652173912993,0
2017-11-15,57.5,57.55,57.0,57.0,81000,57.541999999999994,57.669,57.721999999999994,0.996881604933994,45.936395759717314,-0.7775039725709192,-0.9991552806805379,-0.008695652173912993,0.017515681531284973,0.025191954836610318,4.785714285714286,42050.0,0.009649122807017494,0.001052631578947416,1
2017-11-16,57.0,57.06,56.02,57.06,13500,57.352,57.611000000000004,57.541500000000006,0.9967067247117296,55.40540540540542,-0.7525008225934116,-0.9498243890631127,0.001052631578947416,0.00677699484723039,0.023846022722501727,-0.8333333333333334,28200.0,0.018226428321065528,-0.002979320014020348,0
2017-11-17,56.99,57.0,56.11,56.89,12000,57.13000000000001,57.507000000000005,57.392999999999994,0.9954175596327081,64.6942800788955,-0.7378972056868847,-0.9074389523878672,-0.002979320014020348,0.0064518116480892515,0.02371679079855346,-0.11111111111111116,22950.0,0.015644225698716832,-0.033573563016347396,0
2017-11-20,56.2,56.2,54.2,54.98,201500,56.686,57.222,57.092999999999996,0.9928712801919676,62.89549376797699,-0.8704112128890458,-0.900033404488103,-0.033573563016347396,0.011941178324304318,0.0241592263147694,15.791666666666668,41950.0,0.03637686431429611,-0.012368133866860642,0
2017-11-21,54.05,54.99,54.0,54.3,61500,56.04600000000001,56.854,56.757999999999996,0.9874555128792419,46.47058823529411,-1.0185585266469914,-0.9237384289198808,-0.012368133866860642,0.011824104554966337,0.02418169545707612,-0.6947890818858561,46800.0,0.018232044198895066,-0.0051565377532227785,0
2017-11-22,54.3,54.3,54.0,54.02,19000,55.45,56.495999999999995,56.44849999999999,0.9823113103093973,20.0331125827814,-1.145357037122345,-0.9680621505603736,-0.0051565377532227785,0.011831284638651737,0.024118441104384235,-0.6910569105691057,47600.0,0.005553498704183583,-0.0003702332469456282,0
2017-11-23,53.2,55.49,53.0,54.0,8000,54.838,56.09499999999999,56.241,0.9750537863835992,15.94454072790289,-1.2332435392084804,-1.021098428289995,-0.0003702332469456282,0.011099749831654064,0.023138207820819514,-0.5789473684210527,46600.0,0.04611111111111115,0.004629629629629539,1
2017-11-24,54.01,55.18,54.01,54.25,21500,54.31,55.71999999999999,56.1645,0.9669809221127226,19.76351351351346,-1.268103407917458,-1.0704994242154877,0.004629629629629539,0.0115274813448565,0.021450071076753726,1.6875,45650.0,0.021566820276497728,-0.024147465437788007,0
2017-11-27,53.12,54.0,52.51,52.94,1092500,53.902,55.294,56.116,0.9605460118326324,14.406779661016913,-1.3854653744795655,-1.1334926142683033,-0.024147465437788007,0.012655158065290464,0.020798306667467126,49.81395348837209,152450.0,0.028145069890442048,0.0011333585190782536,1
2017-11-28,53.2,53.39,52.15,53.0,16500,53.641999999999996,54.843999999999994,56.1515,0.9553084067211027,15.97633136094673,-1.4568405291993969,-1.198162197254522,0.0011333585190782536,0.012250494175449047,0.019617966122581883,-0.9848970251716247,152700.0,0.023396226415094378,-0.028301886792452824,0
2017-11-29,53.0,53.0,51.5,51.5,554500,53.138,54.294,55.9815,0.9492064342684637,8.535031847133794,-1.615817182849419,-1.2816931943735015,-0.028301886792452824,0.013832530044029517,0.016936111440404782,32.60606060606061,200050.0,0.02912621359223301,-0.002135922330097073,0
2017-11-30,52.0,52.0,50.5,51.39,25000,52.616,53.727,55.669000000000004,0.9451579873897501,8.427672955974856,-1.730732598867526,-1.3715010752723065,-0.002135922330097073,0.013583749954788867,0.011493485020362215,-0.9549143372407575,201200.0,0.02918855808523059,0.011870013621327002,1
2017-12-04,51.95,52.0,51.92,52.0,21000,52.166,53.238,55.3725,0.9420921937785001,16.49484536082474,-1.7523816273846506,-1.4476771856947752,0.011870013621327002,0.015192590766494518,0.011921993059821289,-0.16000000000000003,202100.0,0.0015384615384615057,0.014615384615384475,1
2017-12-05,52.0,54.5,51.0,52.76,648500,52.129999999999995,53.016,55.11900000000001,0.9457718753968684,21.16788321167884,-1.6887461753409738,-1.495890983624015,0.014615384615384475,0.014078043119291733,0.012714652738216014,29.88095238095238,246800.0,0.06633813495072025,-0.03316906747536008,0
2017-12-07,52.3,52.3,51.0,51.01,86500,51.73199999999999,52.687,54.770500000000006,0.9445230552943644,18.37381203801479,-1.759245508636205,-1.5485618886264532,-0.03316906747536008,0.016734190978527005,0.014103496063134303,-0.866615265998458,249300.0,0.025485198980591987,-0.01725151930993918,0
2017-12-08,50.13,50.13,50.13,50.13,500,51.45799999999999,52.298,54.39699999999999,0.945971285181168,16.326530612244895,-1.8646310773588297,-1.6117757263729287,-0.01725151930993918,0.01709144219819686,0.01431538848425199,-0.9942196531791907,247450.0,0.0,-0.007580291242768822,0
2017-12-11,49.5,49.75,49.5,49.75,5500,51.13,51.873000000000005,53.983999999999995,0.9471324836988739,16.0,-1.956262151687291,-1.6806730114358013,-0.007580291242768822,0.01691721941071162,0.013934259708380733,10.0,247200.0,0.005025125628140704,0.0032160804020100464,1
2017-12-12,49.6,50.15,49.6,49.91,6500,50.712,51.439,53.57950000000001,0.9464813968028816,21.02857142857141,-1.9929957608997597,-1.743137561328593,0.0032160804020100464,0.016805185794672627,0.01404890716257567,0.18181818181818188,245700.0,0.011019835704267626,0.00020036064916850727,1
2017-12-13,49.5,51.0,49.5,49.92,66500,50.144000000000005,51.137,53.2155,0.9422818539711175,22.896039603960418,-1.9982657309562626,-1.794163195254127,0.00020036064916850727,0.015977345705865214,0.014061579328499671,9.23076923076923,143100.0,0.03004807692307692,-0.03385416666666674,0
2017-12-14,49.76,49.76,48.2,48.23,101000,49.588,50.66,52.751999999999995,0.9400212314225054,19.494204425711274,-2.114437180647748,-1.8582179923328512,-0.03385416666666674,0.018006808538592704,0.01500171407956253,0.518796992481203,151550.0,0.03234501347708885,0.011611030478954953,1
2017-12-15,49.0,49.0,48.5,48.79,36500,49.32,50.388999999999996,52.341499999999996,0.9422733395107133,24.027916251246282,-2.1366861833331257,-1.913911630532906,0.011611030478954953,0.017733334911890376,0.0156702782452508,-0.6386138613861386,99750.0,0.010248001639680263,-0.016191842590694838,0
2017-12-18,48.8,48.8,48.0,48.0,24500,48.97,50.05,51.8885,0.943754396446226,20.435193945127736,-2.1927879810685837,-1.9696869006400417,-0.016191842590694838,0.01801410443273888,0.01564190203395348,-0.3287671232876712,99700.0,0.016666666666666607,-0.04999999999999993,0
2017-12-19,47.1,47.1,45.6,45.6,85500,48.108,49.410000000000004,51.324,0.9373392564881926,18.524871355060057,-2.403206335635467,-2.0563907876391267,-0.04999999999999993,0.021274900262647795,0.01810911217894028,2.489795918367347,106150.0,0.03289473684210526,-0.035307017543859676,0
2017-12-20,44.76,45.0,43.32,43.99,282000,46.922000000000004,48.533,50.7745,0.9241252991166826,15.897047691143086,-2.6691101024826267,-2.178934650607827,-0.035307017543859676,0.019931260458093944,0.018227400509068077,2.2982456140350878,69500.0,0.03819049784041827,0.0009092975676290305,1
2017-12-21,43.66,44.05,43.02,44.03,24000,46.082,47.835,50.261,0.9168540220051332,18.212765957446805,-2.843831172206386,-2.311913954927539,0.0009092975676290305,0.01993104010686506,0.01841303202819209,-0.9148936170212766,63250.0,0.023393141040199728,0.049511696570520014,1
2017-12-22,44.04,46.23,44.04,46.21,436500,45.566,47.443,49.8705,0.9136864479000613,31.259044862518095,-2.774409432847996,-2.4044130505116303,0.049511696570520014,0.028302671058200432,0.022756579735901335,17.1875,106850.0,0.04739233932049335,0.04414628868210335,1
2017-12-26,47.0,48.52,46.21,48.25,497500,45.616,47.29299999999999,49.583,0.9199927394469879,37.70491803278688,-2.525666936964946,-2.4286638278022936,0.04414628868210335,0.032719083906525066,0.025504925154259825,0.13974799541809846,156050.0,0.04787564766839383,0.04994818652849742,1
2017-12-27,48.5,50.66,48.49,50.66,290000,46.628,47.368,49.403499999999994,0.9438197698543627,43.7869822485207,-2.109749973672365,-2.364881056976308,0.04994818652849742,0.036729768307847126,0.02829453560673911,-0.4170854271356784,184400.0,0.04283458349782856,0.025661271219897364,1
2017-12-28,52.0,52.9,51.0,51.96,234500,48.222,47.571999999999996,49.3545,0.9770537640944594,52.88753799392098,-1.656142666549428,-2.223133378890932,0.025661271219897364,0.03745888892928306,0.028529868336206906,-0.19137931034482758,201200.0,0.03656658968437257,0.00019245573518089643,1
2017-12-29,52.05,54.0,51.15,51.97,203500,49.81,47.946000000000005,49.303000000000004,1.010283349897572,55.90500641848523,-1.2810811847118089,-2.034722940055108,0.00019245573518089643,0.03504020101798768,0.028527724814587447,-0.13219616204690832,211450.0,0.05483933038291325,0.0005772561092938222,1
2018-01-01,52.2,52.2,51.51,52.0,113500,50.967999999999996,48.267,49.328,1.0332468374959454,57.38673670387393,-0.9702372182041401,-1.8218257956849144,0.0005772561092938222,0.03508923008668837,0.027772402815719056,-0.44226044226044225,219150.0,0.013269230769230863,-0.0028846153846153744,0
2018-01-02,52.85,52.9,51.5,51.85,160000,51.688,48.652,49.351,1.0473546635326538,56.373193166885684,-0.7276074755761428,-1.6029821316631603,-0.0028846153846153744,0.03435903996307828,0.027777141410624855,0.4096916299559472,232700.0,0.027000964320154263,0.01620057859209245,1
2018-01-03,52.8,52.8,52.05,52.69,43000,52.093999999999994,49.361,49.38549999999999,1.05484403316763,58.629283489096565,-0.46221257778411484,-1.3748282208873512,0.01620057859209245,0.02759512103525212,0.027884556586031,-0.73125,228450.0,0.014234200037957867,0.015372936040994434,1
2018-01-04,52.99,53.5,52.5,53.5,40500,52.402,50.312,49.4225,1.060286306844049,67.36980883322349,-0.1843993378868305,-1.1367424442872471,0.015372936040994434,0.021282495983385028,0.027904492708557067,-0.05813953488372092,204300.0,0.018691588785046728,0.011028037383177702,1
2018-01-05,53.0,55.0,53.0,54.09,199000,52.826,51.318,49.576499999999996,1.0655451675693122,67.43421052631581,0.08242755192313922,-0.8929084450451699,0.011028037383177702,0.020502146169955923,0.02677797177044246,3.91358024691358,221800.0,0.036975411351451284,0.015344795710852344,1
2018-01-08,54.5,55.5,54.5,54.92,80000,53.410000000000004,52.189,49.815999999999995,1.0721454954231573,72.70341207349082,0.3567514393591793,-0.6429764681643001,0.015344795710852344,0.01789999495509269,0.026452869730927003,-0.5979899497487438,186150.0,0.01820830298616169,-0.009104151493080859,0
2018-01-09,54.01,55.0,53.99,54.42,140000,53.924,52.806000000000004,50.0495,1.077413360772835,83.05847076461771,0.5277259786397366,-0.40883597880349276,-0.009104151493080859,0.01701024934349962,0.02649288891677803,0.75,150400.0,0.01855935317897828,0.02774715178243281,1
2018-01-10,54.5,56.5,54.5,55.93,341000,54.572,53.333000000000006,50.3505,1.0838422657173217,95.09063444108762,0.7761222589462662,-0.17184433125354098,0.02774715178243281,0.012351932975955368,0.02697771529865224,1.4357142857142855,155500.0,0.03575898444484177,0.0012515644555695093,1
2018-01-11,56.25,56.68,55.5,56.0,68000,55.072,53.737,50.6545,1.0872084415007552,95.10173323285608,0.967474076748303,0.05601935034682784,0.0012515644555695093,0.011281603117326806,0.02696672927473781,-0.8005865102639296,138850.0,0.021071428571428567,-0.017857142857142905,0
2018-01-12,55.21,55.21,54.8,55.0,213500,55.254,54.04,50.993,1.0835604886945267,86.35235732009926,1.0265961667442056,0.2501347136263034,-0.017857142857142905,0.013764275998200725,0.02593660503270947,2.139705882352941,139850.0,0.007454545454545522,-0.018000000000000016,0
2018-01-15,54.15,54.25,54.0,54.01,22500,55.072,54.241,51.254,1.0744917469856012,76.08695652173913,0.9822434319347977,0.39655645728800226,-0.018000000000000016,0.015665059718968526,0.026493181706041372,-0.8946135831381733,130750.0,0.004628772449546381,0.018329938900203624,1
2018-01-16,54.49,55.02,54.0,55.0,67500,55.188,54.556000000000004,51.604,1.0694519804666305,72.55717255717256,1.015274839911065,0.5203001338126149,0.018329938900203624,0.016073831600273578,0.026132642804055414,2.0,121500.0,0.0185454545454546,0.0,0
2018-01-17,55.09,55.09,55.0,55.0,3000,55.001999999999995,54.787,52.074,1.056227675999539,68.26923076923076,1.0295840645088745,0.6221569199518668,0.0,0.015748126288655715,0.022519047771963965,-0.9555555555555556,117500.0,0.0016363636363636983,0.029090909090909056,1
2018-01-18,55.99,57.75,55.99,56.6,316500,55.122,55.097,52.70450000000001,1.0458689485717536,73.36024217961655,1.1566971713646197,0.7290649702344174,0.029090909090909056,0.017327365446022137,0.02024073836877802,104.5,145100.0,0.031095406360423992,0.013780918727915203,1
2018-01-19,57.0,58.5,56.55,57.38,90500,55.598,55.426,53.372,1.0417072622348797,75.234521575985,1.3053277004240798,0.84431751627235,0.013780918727915203,0.017441445479364777,0.020043983485474606,-0.7140600315955766,134250.0,0.033983966538863764,-0.00941094457999303,0
2018-01-22,57.79,58.7,56.5,56.84,181500,56.164,55.617999999999995,53.903499999999994,1.0419360523899193,72.57918552036199,1.3638236682008653,0.9482187466580531,-0.00941094457999303,0.01773137493804739,0.018764371961218322,1.005524861878453,144400.0,0.038705137227304766,-0.012315270935960632,0
2018-01-23,56.35,56.35,56.05,56.14,18500,56.391999999999996,55.79,54.298,1.0385649563519834,65.81118240146654,1.3382712364795353,1.0262292446223495,-0.012315270935960632,0.018013494521706006,0.017662019422764668,-0.8980716253443526,132250.0,0.005343783398646318,0.004631278945493422,1
2018-01-24,57.0,57.0,56.31,56.4,38000,56.672000000000004,55.837,54.585,1.038233947055052,63.99613899613898,1.3237413114958159,1.0857316579970429,0.004631278945493422,0.015878981494492107,0.014605588362124052,1.054054054054054,101950.0,0.01223404255319145,0.010283687943262398,1
2018-01-25,56.2,57.0,56.0,56.98,15000,56.748000000000005,55.935,54.83599999999999,1.0348676052228465,63.961352657004795,1.3435399023319903,1.1372933068640323,0.010283687943262398,0.016152554261604727,0.013873803542723804,-0.6052631578947368,96650.0,0.01755001755001755,0.013864513864513928,1
2018-01-29,56.99,57.99,56.99,57.77,256500,56.826,56.212,55.12600000000001,1.030838442840039,63.8215324927255,1.406760565781056,1.191186758647437,0.013864513864513928,0.01491935377030383,0.013975797762670878,16.1,100950.0,0.01731002250302925,-0.01332871732733254,0
2018-01-30,57.77,58.0,56.57,57.0,14000,56.858000000000004,56.511,55.37600000000001,1.0267624963883268,62.19281663516066,1.378836463745067,1.228716699666963,-0.01332871732733254,0.014172765658606751,0.014561805469370604,-0.9454191033138402,100100.0,0.02508771929824561,0.007894736842105399,1
2018-01-31,57.5,58.5,57.2,57.45,4412000,57.120000000000005,56.75600000000001,55.65599999999999,1.0263044415696423,57.983193277310924,1.3771428058679192,1.2584019209071542,0.007894736842105399,0.013490284082082894,0.014465421873310059,314.14285714285717,534550.0,0.022628372497824144,0.029068755439512595,1
2018-02-01,58.89,59.2,58.0,59.12,227000,57.664,57.168000000000006,55.9775,1.0301281764994865,64.02877697841724,1.4933413040454582,1.305389797534815,0.029068755439512595,0.015419046360295677,0.015243824926798885,-0.9485494106980961,556950.0,0.020297699594046058,-0.001691474966170392,0
2018-02-02,59.7,60.25,58.99,59.02,728000,58.072,57.410000000000004,56.253499999999995,1.0323268774387373,69.66731898238748,1.5593846709475656,1.3561887722173651,-0.001691474966170392,0.013558175543467891,0.015162082256295496,2.20704845814978,598100.0,0.021348695357505894,-0.03168417485598107,0
2018-02-06,58.01,58.01,57.0,57.15,332500,57.948,57.387,56.40650000000001,1.0273284107328056,64.14414414414414,1.4441834949198977,1.3737877167578718,-0.03168417485598107,0.017161518065174037,0.017150510556211737,-0.5432692307692308,622300.0,0.01767279090113732,0.00804899387576552,1
2018-02-07,58.3,58.3,57.0,57.61,540000,58.07000000000001,57.464,56.541,1.0270423232698398,62.34626300851465,1.3741633884034101,1.3738628510869795,0.00804899387576552,0.01701561341793236,0.01694815995739587,0.6240601503759398,658150.0,0.02256552681826067,-0.007984724874153803,0
2018-02-08,57.51,57.51,57.1,57.15,12500,58.010000000000005,57.565,56.67750000000001,1.023510211283137,59.74614687216681,1.2669491922619613,1.352480119321976,-0.007984724874153803,0.016677329988752213,0.01690952025709795,-0.9768518518518519,657550.0,0.007174103237095304,0.019772528433945835,1
2018-02-09,57.48,58.5,57.45,58.28,84500,57.842,57.753,56.795,1.0184347213663174,57.954545454545446,1.2586537486495715,1.3337148451874952,0.019772528433945835,0.01761290604280621,0.016370414746492992,5.76,662200.0,0.01801647220315712,-0.012525737817433158,0
2018-02-12,58.0,58.0,57.51,57.55,928000,57.548,57.81,56.8725,1.0118774451624246,50.80875356803042,1.179577218769218,1.3028873199038398,-0.012525737817433158,0.0180962266655981,0.016698448429102928,9.982248520710058,753500.0,0.008514335360556072,0.0069504778453519656,1
2018-02-13,58.0,58.49,57.5,57.95,64500,57.708000000000006,57.827999999999996,57.02,1.012065941774816,55.35197685631628,1.1360890290479304,1.269527661732658,0.0069504778453519656,0.017683566657538594,0.016095508440060295,-0.9304956896551724,734300.0,0.017083692838654047,0.0006902502157031254,1
2018-02-14,57.9,57.99,57.7,57.99,37500,57.784000000000006,57.927,57.21900000000001,1.0098743424387004,59.526261585993815,1.09226108520307,1.2340743464267405,0.0006902502157031254,0.01701264352642664,0.015353510615096084,-0.41860465116279066,736650.0,0.005000862217623713,0.0063804104155889,1
2018-02-15,57.5,58.75,57.5,58.36,228500,58.025999999999996,58.017999999999994,57.387,1.011134926028543,59.97963340122199,1.074991202302357,1.2022577176018638,0.0063804104155889,0.016959555867479447,0.014981123616335265,5.093333333333334,318300.0,0.02141877998629198,-0.006168608636052064,0
2018-02-16,58.0,58.0,58.0,58.0,5000,57.96999999999999,57.90599999999999,57.537,1.0075255922276098,55.312500000000014,1.0204921065561905,1.1659045953927292,-0.006168608636052064,0.014053533320378408,0.01511072022196622,-0.9781181619256017,296100.0,0.0,-0.01775862068965517,0
2018-02-19,57.26,57.98,56.6,56.97,602000,57.854,57.701,57.555499999999995,1.0051862984423732,45.93495934959348,0.8839986029766465,1.1095233969095126,-0.01775862068965517,0.014928292406605094,0.014431305550962201,119.4,283500.0,0.02422327540810945,-0.003861681586800003,0
2018-02-20,56.62,56.75,56.55,56.75,19500,57.614,57.661,57.524,1.0015645643557471,48.65446716899893,0.7494353326168692,1.037505784050984,-0.003861681586800003,0.011205397305273397,0.01410751570239793,-0.967607973421927,252200.0,0.003524229074889918,-0.004405286343612369,0
2018-02-21,57.45,57.45,56.5,56.5,143000,57.315999999999995,57.55,57.507000000000005,0.9966786652059748,44.774477447744765,0.6155246754105832,0.9531095623229039,-0.004405286343612369,0.010817038784325656,0.013984169924437236,6.333333333333333,212500.0,0.01681415929203545,0.01115044247787611,1
2018-02-22,56.51,57.49,56.5,57.13,28500,57.07000000000001,57.548,57.55650000000001,0.9915474359976718,37.639751552795076,0.5538508023810422,0.8732578103345316,0.01115044247787611,0.011300978468175932,0.013898938459638846,-0.8006993006993007,214100.0,0.017328899002275546,-0.00245055137405914,0
2018-02-23,57.0,58.47,56.09,56.99,97500,56.867999999999995,57.419000000000004,57.58599999999999,0.987531691730629,37.45364647713228,0.48805103516551185,0.7962164553007278,-0.00245055137405914,0.008919835521230437,0.013890862663951523,2.4210526315789473,215400.0,0.041761712581154506,-0.01737146867871564,0
2018-02-26,56.6,56.65,56.0,56.0,169000,56.674,57.263999999999996,57.537,0.985000955906634,42.02496532593623,0.3519623168608703,0.7073656276127563,-0.01737146867871564,0.009645244895838574,0.014249289718188594,0.7333333333333334,139500.0,0.011607142857142832,0.0,0
2018-02-27,55.9,56.01,55.9,56.0,303000,56.524,57.069,57.44849999999999,0.9839073256917067,38.074074074074105,0.24132913509101428,0.614158329108408,0.0,0.009109336329955215,0.013830937443028074,0.7928994082840237,163350.0,0.001964285714285704,0.018035714285714155,1
2018-02-28,56.3,57.75,56.06,57.01,582000,56.626,56.971000000000004,57.449,0.9856742502045293,49.04109589041096,0.2324703273215718,0.5378207287510407,0.018035714285714155,0.011346964817978922,0.014188329785099965,0.9207920792079207,217800.0,0.029643922118926466,-0.00017540782318892223,0
2018-03-01,57.25,57.25,56.6,57.0,175500,56.6,56.835,57.42650000000001,0.9856076898296081,39.64401294498382,0.22208271066663343,0.47467312513415927,-0.00017540782318892223,0.011016339216065351,0.014069376075977939,-0.6984536082474226,212500.0,0.0114035087719298,0.0,0
2018-03-02,57.0,57.1,56.6,57.0,159500,56.602,56.735,57.320499999999996,0.9874652175050811,44.95412844036701,0.21141340746784465,0.4220211816008964,0.0,0.010948175941053592,0.012261136196703236,-0.09116809116809121,227950.0,0.008771929824561403,-0.007894736842105288,0
2018-03-05,56.55,56.55,56.55,56.55,18000,56.712,56.693,57.197,0.9915205342937566,37.27272727272722,0.16474756128682344,0.3705664575380819,-0.007894736842105288,0.009713718902375422,0.012337733631799554,-0.8871473354231975,169550.0,0.0,-0.006542882404951378,0
2018-03-06,56.5,56.5,56.15,56.18,890000,56.748000000000005,56.636,57.14849999999999,0.9929919420457232,34.47684391080615,0.09679286628702499,0.3158117392878705,-0.006542882404951378,0.009846858868606288,0.010268001429813493,48.44444444444444,256600.0,0.006229975080099705,-0.013883944464222142,0
2018-03-07,56.49,56.5,55.11,55.4,57500,56.426,56.525999999999996,57.038,0.9892703110207232,26.282051282051285,-0.01977326644828281,0.24869473814063986,-0.013883944464222142,0.010639114459092712,0.010442308228160927,-0.9353932584269663,248050.0,0.025090252707581237,-0.0072202166064981865,0
2018-03-08,55.5,55.5,55.0,55.0,11500,56.025999999999996,56.313,56.930499999999995,0.9841122069892237,26.11464968152866,-0.14278350415887076,0.17039908968073775,-0.0072202166064981865,0.009675118718556067,0.010420246427240548,-0.8,246350.0,0.00909090909090909,0.008545454545454634,1
2018-03-09,55.01,55.5,55.01,55.47,8500,55.720000000000006,56.161,56.79,0.9811586546927277,36.88811188811189,-0.20003900659127538,0.09631147042633514,0.008545454545454634,0.010434331181780747,0.009450605556309093,-0.26086956521739135,237450.0,0.00883360374977469,0.0005408328826392861,1
2018-03-12,55.05,55.75,55.0,55.5,44000,55.50999999999999,56.111000000000004,56.6875,0.9792282249173097,38.698010849909586,-0.2402244970258849,0.029004276935891138,0.0005408328826392861,0.00907547947937762,0.00916287651072185,4.176470588235294,224950.0,0.013513513513513514,-0.018018018018018056,0
2018-03-13,55.25,55.25,54.5,54.5,513000,55.174,55.961,56.515,0.9762717862514376,34.07643312101911,-0.34874333429487336,-0.04654524531026176,-0.018018018018018056,0.01055403756973683,0.009602325507662579,10.659090909090908,245950.0,0.013761467889908258,-0.007339449541284404,0
2018-03-14,55.0,55.0,54.0,54.1,233000,54.914,55.67,56.320499999999996,0.9750268552303336,24.95867768595039,-0.46169976424299364,-0.12957614909680815,-0.007339449541284404,0.007685607996679706,0.009606877065530641,-0.5458089668615984,211050.0,0.018484288354898334,-0.01663585951940849,0
2018-03-15,54.0,54.5,53.0,53.2,314500,54.553999999999995,55.29,56.0625,0.9730925306577479,22.17327459618207,-0.6167317277152549,-0.2270072648204975,-0.01663585951940849,0.008233354484496875,0.009748375336566112,0.34978540772532196,224950.0,0.02819548872180451,0.0033834586466165995,1
2018-03-16,53.2,53.49,52.5,53.38,977500,54.136,54.928,55.831500000000005,0.9696318386573887,28.166666666666657,-0.7168082606041679,-0.32496746397723164,0.0033834586466165995,0.008606940985384635,0.009898902981051269,2.108108108108108,306750.0,0.018546272011989544,0.007868115399025655,1
2018-03-19,53.8,53.8,53.8,53.8,1500,53.79600000000001,54.653,55.673,0.9662852729330197,32.866043613707106,-0.7535427720059786,-0.4106825255829811,0.007868115399025655,0.009698634797903586,0.009693644515176899,-0.99846547314578,305100.0,0.0,0.004275092936802949,1
2018-03-20,54.0,54.1,53.98,54.03,9000,53.702,54.438,55.537,0.9669589642940742,23.58156028368795,-0.7553884117423735,-0.47962370281485955,0.004275092936802949,0.010094038771010493,0.009817309388446022,5.0,217000.0,0.0022209883398113003,-0.019433647973348234,0
2018-03-21,55.45,55.5,52.5,52.98,395500,53.477999999999994,54.196000000000005,55.361000000000004,0.9659868860750346,19.91017964071854,-0.8319866945929135,-0.5500963011704704,-0.019433647973348234,0.01083263514042893,0.010527744440709691,42.94444444444444,250800.0,0.05662514156285391,-0.014533786334465781,0
2018-03-22,52.49,53.2,52.0,52.21,367500,53.279999999999994,53.916999999999994,55.11500000000001,0.9667059784087814,17.852348993288587,-0.9439427658337323,-0.6288655941031228,-0.014533786334465781,0.011281523493547704,0.010253393536310895,-0.07079646017699115,286400.0,0.02298410266232528,0.04999042329055725,1
2018-03-26,52.98,54.82,52.98,54.82,630000,53.568,53.852,55.0065,0.9738485451719341,40.99895941727368,-0.8126953257422542,-0.6656315404309491,0.04999042329055725,0.020616405781215125,0.015925796370403995,0.7142857142857142,348550.0,0.03356439255746084,0.013133892739875863,1
2018-03-27,55.45,56.0,55.0,55.54,117500,53.916,53.855999999999995,54.98350000000001,0.9805850846162938,46.787148594377506,-0.6431687521578482,-0.661138982776329,0.013133892739875863,0.021099276489912364,0.015818480510153568,-0.8134920634920635,355900.0,0.018005041411595247,0.012783579402232625,1
2018-03-28,55.5,57.08,55.0,56.25,223000,54.36,54.03099999999999,54.996,0.9884355225834606,54.29726996966634,-0.4463810520315121,-0.6181873966273657,0.012783579402232625,0.02036865696644486,0.016087032622268082,0.897872340425532,326900.0,0.03697777777777775,0.02275555555555564,1
2018-03-29,56.25,57.6,56.25,57.53,306000,55.27,54.374,55.02199999999999,1.0045072879938937,61.74558960074282,-0.18500742883245636,-0.5315514030683839,0.02275555555555564,0.02083194460028306,0.01639195507119648,0.3721973094170403,334200.0,0.023466017729880086,0.008169650617069424,1
2018-03-30,57.0,58.75,56.5,58.0,332000,56.428,54.854,55.072,1.0246223126089482,61.74558960074282,0.059373699643529676,-0.4133663825260012,0.008169650617069424,0.019202802330905402,0.016477702755928733,0.08496732026143783,335950.0,0.03879310344827586,0.0,0
2018-04-02,58.0,58.0,57.75,58.0,17000,57.064,55.31600000000001,55.122,1.0352309422735024,61.638733705772815,0.2501637723851786,-0.28066035154376523,0.0,0.01933893696413918,0.016477702755928733,-0.9487951807228916,239900.0,0.004310344827586207,0.0,0
2018-04-03,58.0,58.9,58.0,58.0,233500,57.556,55.736000000000004,55.19449999999999,1.0427850601056265,67.96714579055443,0.3967923049048707,-0.14516982025403805,0.0,0.019526689174010493,0.016347526742158343,12.735294117647058,263100.0,0.01551724137931032,0.0041379310344829,1
2018-04-04,57.8,59.0,57.8,58.24,398500,57.95399999999999,56.157,55.2975,1.0480401464804014,71.60751565762004,0.5262956588174035,-0.010876724439749741,0.0041379310344829,0.019529421217625263,0.016248832571369495,0.7066381156316917,302050.0,0.020604395604395653,0.012877747252747263,1
2018-04-05,59.25,59.25,57.6,58.99,2237500,58.246,56.758,55.477,1.0499125763830057,80.69989395546129,0.6815897889902729,0.1276165782462548,0.012877747252747263,0.017057852452299297,0.015978021349689155,4.614805520702635,486250.0,0.027970842515680598,-0.015765383963383672,0
2018-04-06,58.75,58.75,58.01,58.06,10500,58.258,57.342999999999996,55.629999999999995,1.0472406974653965,72.98624754420432,0.7213035401058789,0.24635397061817965,-0.015765383963383672,0.017265328432564973,0.016382266514623545,-0.9953072625698324,450550.0,0.012745435756114398,0.0013778849466068444,1
2018-04-09,59.0,59.0,58.11,58.14,10000,58.286,57.675,55.7635,1.0452356828391332,72.0528455284553,0.7505800853946809,0.34719919357347995,0.0013778849466068444,0.010542000634929742,0.016329123427116725,-0.04761904761904767,388550.0,0.015307877536979713,-0.00017199862401096055,0
2018-04-10,58.98,58.98,57.15,58.13,123000,58.312,57.934000000000005,55.895,1.043241792646927,71.30977130977132,0.764166209647783,0.43059259678834055,-0.00017199862401096055,0.010372465265072444,0.01633435225390102,11.3,389100.0,0.03148116291071733,-0.010837777395492854,0
2018-04-11,57.01,57.88,57.0,57.5,32000,58.164,58.059000000000005,56.045,1.0378089035596396,74.56521739130437,0.7158457519013837,0.48764322781094926,-0.010837777395492854,0.01097790111316765,0.015935002287090796,-0.7398373983739837,370000.0,0.015304347826087,-0.01460869565217393,0
2018-04-12,57.5,58.0,56.5,56.66,232500,57.698,57.972,56.173,1.0271482740818543,74.0021574973031,0.6028215100556125,0.510678884259882,-0.01460869565217393,0.009481466049117425,0.01625811467688452,6.265625,362650.0,0.026473702788563362,0.005471231909636387,1
2018-04-13,57.5,58.0,56.51,56.97,1212500,57.48,57.86900000000001,56.3615,1.0198451070322827,65.42324246771878,0.5321293375547356,0.5149689749188526,0.005471231909636387,0.009210792990398517,0.015632520255053534,4.21505376344086,450700.0,0.026154116201509602,-0.017026505178163953,0
2018-04-16,56.05,56.05,55.55,56.0,4000,57.052,57.669000000000004,56.49249999999999,1.0099039695534806,53.18559556786705,0.3933006629451583,0.4906353125241138,-0.017026505178163953,0.010353756073663376,0.016295649970705168,-0.996701030927835,449400.0,0.008928571428571428,-0.003214285714285725,0
2018-04-17,56.0,56.05,55.01,55.82,121500,56.589999999999996,57.451,56.59349999999999,0.9999381554418795,46.786248131539615,0.26569072514055847,0.4456463950474028,-0.003214285714285725,0.010284254357669546,0.01629275723432789,29.375,438200.0,0.01863131494088139,-0.026513794338946517,0
2018-04-18,55.65,55.7,53.99,54.34,38500,55.958000000000006,57.061,56.609,0.9885000618276246,26.85050798258348,0.044620936545605616,0.3654413033470434,-0.026513794338946517,0.012075310258039384,0.01747506698371999,-0.6831275720164609,402200.0,0.031468531468531485,-0.0016562384983438427,0
2018-04-19,53.3,54.25,53.25,54.25,6500,55.476,56.587,56.6725,0.9788874674665843,21.198156682027673,-0.1362698771575097,0.2650990672461328,-0.0016562384983438427,0.01016116004733014,0.01685258313025195,-0.8311688311688312,179100.0,0.018433179723502304,-0.004608294930875556,0
2018-04-20,54.25,54.44,53.26,54.0,56500,54.882000000000005,56.181,56.762,0.9668792502026005,20.41420118343197,-0.29638353601713163,0.15280254659347992,-0.004608294930875556,0.009857708511098767,0.016503728951732723,7.692307692307692,183700.0,0.021851851851851848,0.02777777777777768,1
2018-04-23,53.1,55.5,53.1,55.5,8500,54.782000000000004,55.916999999999994,56.79600000000001,0.9645397563208676,34.86682808716709,-0.29879300052517976,0.06248343716974799,0.02777777777777768,0.014733266561915438,0.01357939882794226,-0.8495575221238938,183550.0,0.04324324324324322,0.02630630630630626,1
2018-04-24,55.5,57.0,55.0,56.96,199500,55.010000000000005,55.8,56.867000000000004,0.9673448572986091,43.24894514767933,-0.18080847271211553,0.013825055193375284,0.02630630630630626,0.017688247613568617,0.014502084440878416,22.470588235294116,191200.0,0.0351123595505618,0.015098314606741603,1
2018-04-25,57.0,58.3,56.1,57.82,91000,55.705999999999996,55.83200000000001,56.9455,0.978233574206917,43.89989572471324,-0.017705968326247046,0.007518850489450819,0.015098314606741603,0.018126690759912262,0.014606885852757408,-0.543859649122807,197100.0,0.03804911795226558,-0.01643030093393294,0
2018-04-26,58.0,58.85,56.65,56.87,89500,56.23,55.852999999999994,56.9125,0.9880079068745881,43.808532778355854,0.03449919571768589,0.012914919535097834,-0.01643030093393294,0.01830592159658409,0.014225800156814485,-0.016483516483516536,182800.0,0.03868471953578342,-0.0022859152452961995,0
2018-04-27,57.0,57.9,54.03,56.74,51000,56.778,55.83,56.8495,0.9987422932479617,42.75362318840581,0.06463715392056457,0.023259366412191184,-0.0022859152452961995,0.018237045790013735,0.014082568851753425,-0.4301675977653632,66650.0,0.06820585125132177,0.0010574550581599063,1
2018-04-30,56.75,56.81,56.75,56.8,13500,57.038,55.910000000000004,56.7895,1.004375808908337,43.15139031925847,0.09229923337956336,0.03706733980566562,0.0010574550581599063,0.017259636156585937,0.014088519006064672,-0.7352941176470589,67600.0,0.001056338028169054,0.0,0
2018-05-02,56.8,56.8,56.74,56.8,182000,57.00599999999999,56.008,56.72950000000001,1.0048740073506726,46.145374449339194,0.11291995964083412,0.052237863772699324,0.0,0.017190780270025813,0.014088519006064672,12.481481481481481,73650.0,0.001056338028168929,-0.005457746478873204,0
2018-05-03,55.99,56.49,55.99,56.49,10000,56.739999999999995,56.223,56.64200000000001,1.0017301648953072,49.0058479532164,0.10305961742797365,0.06240221450375419,-0.005457746478873204,0.014388405439392557,0.01406948156570439,-0.945054945054945,70800.0,0.008851124092759781,0.0072579217560628795,1
2018-05-07,56.5,56.9,56.5,56.9,15000,56.746,56.488,56.5375,1.003687817820031,49.59537572254335,0.12686636221929604,0.07529504404686256,0.0072579217560628795,0.014276106069765962,0.013822634768898777,0.5,71650.0,0.007029876977152875,-0.024604569420035083,0
2018-05-08,56.5,56.85,55.5,55.5,21000,56.498000000000005,56.638,56.4095,1.001568884673681,47.24669603524229,0.03239168805614412,0.06671437284871887,-0.024604569420035083,0.01690908358478086,0.014423872355366713,0.3999999999999999,68100.0,0.02432432432432435,-0.027027027027026973,0
2018-05-09,55.0,55.0,54.0,54.0,23000,55.938,56.488,56.2025,0.9952938036564211,41.249999999999986,-0.16165418700678913,0.021040660877617266,-0.027027027027026973,0.016821094771491296,0.015421781731496727,0.09523809523809534,69550.0,0.018518518518518517,-0.006296296296296355,0
2018-05-10,54.0,54.0,53.52,53.66,10500,55.31,56.158,55.979,0.9880490898372605,46.32829373650104,-0.3389647251671306,-0.05096041633133232,-0.006296296296296355,0.013407213031601872,0.015411481031272017,-0.5434782608695652,50650.0,0.008945210585165802,-0.002981736861721873,0
2018-05-11,53.9,53.98,53.0,53.5,10000,54.712,55.726,55.778999999999996,0.98087093709102,45.980707395498385,-0.4867839248634951,-0.1381251180377649,-0.002981736861721873,0.011322573672092062,0.015324679647931763,-0.04761904761904767,42550.0,0.018317757009345736,-0.02691588785046728,0
2018-05-14,52.51,54.5,51.0,52.06,34500,53.74400000000001,55.245000000000005,55.549,0.967506165727556,40.77946768060836,-0.7119210878750337,-0.25288431200521866,-0.02691588785046728,0.01263297971640994,0.01602582568686349,2.45,37050.0,0.06723011909335382,-0.022474068382635437,0
2018-05-15,51.0,51.45,50.5,50.89,41500,52.822,54.660000000000004,55.245000000000005,0.9561408272241831,27.37978410206081,-0.9735308755578558,-0.3970136247157461,-0.022474068382635437,0.01309424450449768,0.016361905409028394,0.2028985507246377,36100.0,0.01866771467871886,-0.02063273727647863,0
2018-05-18,50.01,50.1,49.1,49.84,30500,51.99000000000001,53.964,54.937,0.9463567358974828,13.599182004089911,-1.2511621237360515,-0.5678433245198071,-0.02063273727647863,0.012713033593423736,0.016514774941841916,-0.2650602409638554,37800.0,0.020064205457463884,0.00922953451043318,1
2018-05-21,49.84,51.49,48.65,50.3,126000,51.318,53.314,54.661,0.938841221346115,9.914712153517996,-1.4177260689043152,-0.7378198733967087,0.00922953451043318,0.014022294977219888,0.01684369548444005,3.1311475409836067,32200.0,0.05646123260437383,0.021868787276341894,1
2018-05-22,51.0,51.4,51.0,51.4,21500,50.897999999999996,52.80500000000001,54.513999999999996,0.9336684154529111,21.301154249737593,-1.4443191761568883,-0.8791197339487447,0.021868787276341894,0.017634279387161465,0.01707280922180765,-0.8293650793650793,33350.0,0.0077821011673151474,-0.04766536964980539,0
2018-05-23,52.9,52.9,48.83,48.95,283000,50.276,52.010000000000005,54.249,0.9267636269792991,17.130801687763636,-1.644136349347292,-1.0321230570284543,-0.04766536964980539,0.020274359636915925,0.01981324105371468,12.162790697674419,60150.0,0.08314606741573034,0.0008171603677220585,1
2018-05-24,49.95,50.0,48.9,48.99,18500,49.896,51.359,53.9985,0.9240256673796494,16.990701606086176,-1.7787607858999195,-1.1814506028027474,0.0008171603677220585,0.020494013323504808,0.019855107030337753,-0.9346289752650176,59900.0,0.022453561951418684,-0.013880383751786018,0
2018-05-25,48.06,49.0,48.01,48.31,13500,49.589999999999996,50.79,53.638999999999996,0.9245138798262458,16.06714628297358,-1.9182100078610915,-1.3288024838144163,-0.013880383751786018,0.019849279078131322,0.018404313425827712,-0.2702702702702703,58950.0,0.020492651624922417,0.021734630511281328,1
2018-05-28,49.0,49.8,49.0,49.36,11500,49.402,50.36,53.259,0.9275803150641206,23.094339622641456,-1.9218444694219983,-1.4474108809359327,0.021734630511281328,0.022387520868804717,0.01799599152478621,-0.14814814814814814,59050.0,0.016207455429497513,0.008508914100486153,1
2018-05-29,49.94,50.0,48.6,49.78,105000,49.078,49.988,52.85699999999999,0.9285052121762494,23.15233785822018,-1.8692863470617738,-1.531785974161101,0.008508914100486153,0.02296624593312206,0.0176270571547531,8.130434782608695,68550.0,0.02812374447569302,-0.005624748895138643,0
2018-05-30,49.5,50.64,49.0,49.5,146500,49.188,49.732000000000006,52.4885,0.9371195595225621,25.288303130148236,-1.8291421047902432,-1.5912572002869296,-0.005624748895138643,0.021869407129396116,0.017497891231207312,0.39523809523809517,79750.0,0.03313131313131314,-0.0010101010101009056,0
2018-05-31,49.99,50.5,49.25,49.45,452000,49.279999999999994,49.58800000000001,52.124,0.9454378021640701,28.718428437792312,-1.780833742841999,-1.6291725087979434,-0.0010101010101009056,0.020978472887073128,0.01751740822396039,2.0853242320819114,120800.0,0.025278058645096056,0.009302325581395321,1
2018-06-01,49.99,50.0,49.2,49.91,25500,49.6,49.595,51.7795,0.9579080524145657,32.654949121184046,-1.6859957527931826,-1.6405371575969914,0.009302325581395321,0.020253008689640587,0.01780435934222847,-0.9435840707964602,120300.0,0.01602885193348021,-0.0116209176517732,0
2018-06-04,49.01,52.39,49.01,49.33,223000,49.594,49.498000000000005,51.406000000000006,0.9647511963584017,31.433659839715006,-1.6387466636917694,-1.640179058815947,-0.0116209176517732,0.020307982976825987,0.01777779748760407,7.745098039215685,130000.0,0.06851814311777828,0.01013581998783697,1
2018-06-05,49.13,50.0,49.12,49.83,7500,49.604,49.341,51.073,0.9712372486440977,39.164237123420754,-1.543166931048873,-1.6207766332625322,0.01013581998783697,0.01909398782814965,0.018180541711462987,-0.9663677130044843,128600.0,0.017660044150110427,0.023078466787076035,1
2018-06-06,50.0,51.4,49.03,50.98,7571500,49.9,49.544,50.777,0.9827284006538393,50.43816942551118,-1.3589586854619995,-1.5684130437024257,0.023078466787076035,0.012719098199910137,0.01911234429633965,1008.5333333333333,857450.0,0.046488819144762605,-0.010396233817183131,0
2018-06-07,51.95,52.75,50.15,50.45,797000,50.1,49.690000000000005,50.5245,0.9915981355579966,53.12820512820513,-1.2414284795410921,-1.503016130870159,-0.010396233817183131,0.013514429583882817,0.018614717498850644,-0.8947368421052632,935300.0,0.05153617443012887,0.0009910802775023875,1
2018-06-11,50.15,50.7,50.0,50.5,188000,50.217999999999996,49.909000000000006,50.3495,0.9973882560899313,51.070663811563186,-1.131210472286348,-1.428654999153397,0.0009910802775023875,0.012202245518549551,0.01787715938603192,-0.7641154328732748,952750.0,0.013861386138613917,-0.0027722772277227747,0
2018-06-12,50.3,50.6,50.0,50.36,122500,50.424,50.009,50.1845,1.0047723898813379,43.79474940334128,-1.0431341364339275,-1.351550826609503,-0.0027722772277227747,0.010730715149861462,0.01786230874403467,-0.348404255319149,963850.0,0.011914217633042125,0.0011914217633042234,1
2018-06-13,50.5,50.65,50.0,50.42,158000,50.542,50.07299999999999,50.0305,1.0102237635042624,62.27045075125212,-0.9574545669035786,-1.272731574668318,0.0011914217633042234,0.010488800199090828,0.017887079644422356,0.28979591836734686,969150.0,0.012891709639032101,0.011503371677905605,1
2018-06-14,50.5,51.48,50.5,51.0,125500,50.546,50.223,49.977500000000006,1.0113751188034614,65.39050535987752,-0.8331477296145238,-1.1848148056575594,0.011503371677905605,0.010624982495780283,0.017211884248700834,-0.20569620253164556,967050.0,0.019215686274509744,0.009607843137255045,1
2018-06-19,51.0,51.75,51.0,51.49,733000,50.754000000000005,50.427,50.00750000000001,1.0149277608358747,75.07886435331237,-0.687173452768512,-1.08528653507975,0.009607843137255045,0.010705477158404562,0.016577297133053753,4.840637450199203,995150.0,0.01456593513303554,-0.010875898232666548,0
2018-06-20,51.45,51.5,50.6,50.93,247000,50.84,50.529,50.062,1.0155407294954257,63.41880341880345,-0.6096474700228498,-0.9901587220683701,-0.010875898232666548,0.011489351507421076,0.016051114236698902,-0.6630286493860846,1017300.0,0.017671313567641834,0.0013744354997053954,1
2018-06-21,50.51,51.0,50.0,51.0,188000,50.968,50.696000000000005,50.097,1.0173862706349681,61.09090909090911,-0.536376144851495,-0.8994022066249951,0.0013744354997053954,0.01045535811171794,0.015940177511658,-0.23886639676113364,1013800.0,0.0196078431372549,-0.034901960784313735,0
2018-06-22,50.51,50.51,48.51,49.22,513000,50.728,50.635,49.988,1.0148035528526846,47.99999999999999,-0.6148515892915825,-0.8424920831583126,-0.034901960784313735,0.015638984136270212,0.01701208478926974,1.728723404255319,1064350.0,0.04063388866314507,-0.004469727752945962,0
2018-06-25,49.1,50.0,48.0,49.0,281000,50.328,50.437,49.990500000000004,1.0067512827437213,46.861924686192445,-0.6868782014393204,-0.8113693068145142,-0.004469727752945962,0.013127436809168284,0.013235638067107704,-0.4522417153996101,335300.0,0.04081632653061224,-0.02020408163265308,0
2018-06-26,48.99,50.0,47.99,48.01,107000,49.632,50.193,49.941500000000005,0.9938027492165833,37.66233766233766,-0.8144559949859627,-0.811986644448804,-0.02020408163265308,0.014005806071148055,0.013991659550844552,-0.6192170818505338,266300.0,0.04186627785877938,0.011455946677775497,1
2018-06-27,49.7,50.0,48.0,48.56,141000,49.158,49.999,49.95399999999999,0.984065340112904,44.98044328552806,-0.861253913063976,-0.8218400981718385,0.011455946677775497,0.014856328776836528,0.013902816569365258,0.31775700934579443,261600.0,0.04118616144975288,0.0193574958813838,1
2018-06-28,48.5,50.0,48.5,49.5,179000,48.858,49.913,49.961,0.9779227797682192,47.96547472256475,-0.8131183342012918,-0.8200957453777291,0.0193574958813838,0.016576548683682794,0.013719329001835999,0.2695035460992907,267250.0,0.030303030303030304,-0.015555555555555656,0
2018-06-29,50.0,50.0,48.5,48.73,129000,48.76,49.744,49.9085,0.9769878878347376,35.446313065976724,-0.8275634694604364,-0.8215892901942705,-0.015555555555555656,0.017101290328954452,0.014007410082065599,-0.2793296089385475,264350.0,0.03078185922429715,0.010465832136261177,1
2018-07-02,48.73,49.25,48.73,49.24,111500,48.808,49.568,49.8955,0.9782044472948462,42.15304798962388,-0.7887661997123487,-0.8150246720978862,0.010465832136261177,0.01700456937245731,0.014187027080855976,-0.1356589147286822,262950.0,0.01056051990251834,-0.005686433793663737,0
2018-07-03,49.0,49.0,48.6,48.96,105000,48.998000000000005,49.315,49.871,0.9824948366786309,40.30226700251892,-0.7717168721352081,-0.8063631121053506,-0.005686433793663737,0.01638362555991027,0.0142400873497894,-0.058295964125560484,200150.0,0.008169934640522847,-0.04003267973856206,0
2018-07-04,48.4,48.4,46.99,47.0,1116000,48.686,48.922,49.7255,0.9790952328282271,32.78688524590167,-0.9059179189379094,-0.8262740734718624,-0.04003267973856206,0.019802238271627314,0.016555559953892646,9.628571428571428,287050.0,0.029999999999999926,-0.014042553191489282,0
2018-07-05,47.99,48.0,46.33,46.34,56500,48.054,48.456,49.576,0.9692996611263515,30.308880308880347,-1.0533869109464291,-0.8716966409667759,-0.014042553191489282,0.019606070547239587,0.016631628141854295,-0.9493727598566308,273900.0,0.03603798014674151,-0.009926629261976738,0
2018-07-06,47.0,47.0,45.0,45.88,25000,47.484,48.122,49.378499999999995,0.9616330994258636,25.000000000000057,-1.193616042452291,-0.936080521263879,-0.009926629261976738,0.01746489536618992,0.016401802526142886,-0.5575221238938053,225100.0,0.043591979075850044,-0.015911072362685297,0
2018-07-09,45.06,45.3,44.62,45.15,39500,46.666000000000004,47.737,49.087,0.9506794059526963,19.75190839694659,-1.3481133273363426,-1.0184870824783716,-0.015911072362685297,0.01766425570403848,0.015294676688226944,0.5800000000000001,200950.0,0.015060908084163892,-0.0033222591362126463,0
2018-07-10,45.25,45.25,44.75,45.0,108500,45.874,47.436,48.8145,0.9397617511190323,20.556107249255263,-1.4657609057801295,-1.1079418471387232,-0.0033222591362126463,0.017168914495527685,0.015268005133891873,1.7468354430379747,201100.0,0.011111111111111112,0.006888888888888944,1
2018-07-11,45.0,45.75,45.0,45.31,11000,45.536,47.111,48.555,0.9378230872206776,22.40543161978667,-1.5165017617599688,-1.1896538300629724,0.006888888888888944,0.01669780823554052,0.015457536352460458,-0.8986175115207373,188100.0,0.01655263738689031,0.013021408077686925,1
2018-07-12,45.0,46.0,45.0,45.9,143000,45.448,46.751000000000005,48.332,0.9403293883969213,31.79824561403511,-1.4919083952283856,-1.2501047430960552,0.013021408077686925,0.015685478296156557,0.01598742624422504,12.0,184500.0,0.02178649237472767,-0.0002178649237472019,0
2018-07-13,45.31,46.0,45.25,45.89,72500,45.45,46.467,48.10549999999999,0.944798411824012,32.547699214365906,-1.4564360038406363,-1.2913709952449715,-0.0002178649237472019,0.01554978940071886,0.015964095385719423,-0.493006993006993,178850.0,0.016343429941163654,-0.0019612115929397156,0
2018-07-16,46.0,46.0,45.55,45.8,86500,45.58,46.123000000000005,47.8455,0.9526496744730434,36.20474406991262,-1.419226170088514,-1.31694203021368,-0.0019612115929397156,0.01456396673524933,0.015528388220339891,0.193103448275862,176350.0,0.009825327510917093,0.0006550218340610758,1
2018-07-17,45.75,46.2,44.15,45.83,196500,45.745999999999995,45.81,47.5625,0.9618081471747699,31.775700934579433,-1.371506486435564,-1.3278549214580568,0.0006550218340610758,0.01476988085192528,0.015203270652177135,1.2716763005780347,185500.0,0.044730525856426014,0.034693432249618184,1
2018-07-18,47.4,47.5,47.0,47.42,57000,46.16799999999999,45.852000000000004,47.387,0.9742756452191528,37.22358722358726,-1.191651959511617,-1.3006143290687688,0.034693432249618184,0.014814205035006604,0.01761003646895236,-0.7099236641221374,79600.0,0.01054407423028258,0.022986081822016002,1
2018-07-19,48.95,49.2,48.5,48.51,195000,46.690000000000005,46.069,47.2625,0.9878868024332188,48.699763593380624,-0.9502086468559696,-1.230533192626209,0.022986081822016002,0.015260891043022234,0.018557055490620717,2.4210526315789473,93450.0,0.014430014430014489,-0.010513296227581903,0
2018-07-20,48.0,48.0,48.0,48.0,500,47.112,46.281,47.201499999999996,0.9981038738175695,42.67139479905436,-0.790898830423707,-1.1426063201857088,-0.010513296227581903,0.015324322664924386,0.017044027243338346,-0.9974358974358974,91000.0,0.0,-0.00020833333333325488,0
2018-07-23,47.99,47.99,47.99,47.99,500,47.55,46.565000000000005,47.150999999999996,1.0084621747152764,44.078144078144085,-0.6578680758921749,-1.0456586713270022,-0.00020833333333325488,0.013704297485773701,0.01702652189227384,0.0,87100.0,0.0,0.01479474890602206,1
2018-07-24,48.49,50.0,48.49,48.7,61500,48.124,46.935,47.185500000000005,1.0198895847241207,62.24783861671472,-0.4895064525310957,-0.9344282275678208,0.01479474890602206,0.013501293693398293,0.01673442825305354,122.0,82400.0,0.031006160164271004,0.012936344969199043,1
2018-07-26,49.99,50.0,49.02,49.33,15500,48.50599999999999,47.337,47.224000000000004,1.0271472132813821,71.6353111432706,-0.30176436639313664,-0.8078954553328841,0.012936344969199043,0.01358050962416291,0.016787014844164012,-0.7479674796747968,82850.0,0.01986620717616049,0.008716805189539878,1
2018-07-27,48.62,49.9,48.55,49.76,44000,48.756,47.723,47.237,1.0321569955755021,78.19767441860463,-0.11693208390450138,-0.6697027810472076,0.008716805189539878,0.01349339107856866,0.01633447100391591,1.838709677419355,72950.0,0.027130225080385883,0.04762861736334423,1
2018-07-30,50.85,52.24,50.01,52.13,343000,49.582,48.347,47.407,1.045879300525239,90.96244131455403,0.21827192185045874,-0.4921078404676744,0.04762861736334423,0.017933838366696174,0.01898367756414016,6.795454545454546,100000.0,0.04277767120659896,-0.043928639938614955,0
2018-07-31,51.6,51.6,49.53,49.84,299000,49.952000000000005,48.751,47.437,1.0530176866159329,72.70168855534712,0.29573065089665107,-0.3345401421948093,-0.043928639938614955,0.025239359606763465,0.021649703585989374,-0.1282798833819242,121250.0,0.041532905296950244,-0.00040128410914930246,0
2018-08-01,49.89,51.99,49.31,49.82,117500,50.176,49.15,47.480000000000004,1.0567818028643639,71.74541947926711,0.3514520978599478,-0.19734169418385789,-0.00040128410914930246,0.02527930269924836,0.021598190481596315,-0.6070234113712374,113350.0,0.053793657165796864,-0.00642312324367722,0
2018-08-02,50.0,50.5,49.5,49.5,39000,50.21,49.358,47.605000000000004,1.0547211427371075,67.82178217821783,0.3655762845364876,-0.0847580984397888,-0.00642312324367722,0.023881539474723542,0.01942849278822866,-0.6680851063829787,111550.0,0.020202020202020204,0.008080808080808133,1
2018-08-03,49.06,49.95,49.02,49.9,7000,50.238,49.497,47.783,1.051378105183852,69.11344137273593,0.40438496316298966,0.013070513880766896,0.008080808080808133,0.023054462623850514,0.019046738783104877,-0.8205128205128205,92750.0,0.018637274549098193,-0.017434869739478942,0
2018-08-06,49.03,49.03,49.03,49.03,500,49.618,49.6,47.9405,1.0349912912881594,64.33007985803019,0.3607805380052582,0.08261251870566516,-0.017434869739478942,0.02360485620800477,0.019403825188212945,-0.9285714285714286,92750.0,0.0,-0.019987762594330105,0
2018-08-07,49.0,49.01,47.9,48.05,209500,49.260000000000005,49.606,48.085499999999996,1.0244252425367317,59.08346972176759,0.24432942954258863,0.11495590087304987,-0.019987762594330105,0.024650994784992615,0.019638505670188135,418.0,113650.0,0.023100936524453684,-0.008949011446410027,0
2018-08-08,48.0,48.02,47.6,47.62,42500,48.82,49.498000000000005,48.216499999999996,1.012516462206921,50.90415913200722,0.11600643083772866,0.11516600686598563,-0.008949011446410027,0.02425048758845708,0.019778177925353385,-0.7971360381861575,111750.0,0.008819823603527966,0.008819823603527954,1
2018-08-09,48.0,48.4,47.9,48.04,36000,48.528,49.369,48.353,1.0036192170082519,47.73820981713187,0.0476507317859145,0.10166295184997141,0.008819823603527954,0.0240028951790992,0.019802761414952554,-0.15294117647058825,113800.0,0.010407993338884263,0.0,0
2018-08-10,48.02,48.21,47.9,48.04,60500,48.156,49.197,48.46,0.9937267849773008,50.20242914979757,-0.006447331366196352,0.08004089520673786,0.0,0.023711321125689837,0.01967356803319612,0.6805555555555556,115450.0,0.006452955870108291,-0.021024146544546207,0
2018-08-13,47.4,47.95,47.0,47.03,24500,47.756,48.687,48.516999999999996,0.98431477626399,45.588235294117645,-0.1293281804869011,0.03816708006801007,-0.021024146544546207,0.016037098155854416,0.020360959735290386,-0.5950413223140496,83600.0,0.020199872421858448,-0.0006378907080587526,0
2018-08-15,46.52,47.03,46.52,47.0,61500,47.54600000000001,48.403,48.577,0.9787759639335489,41.66666666666666,-0.22652168700042097,-0.014770673345676139,-0.0006378907080587526,0.010926986952583184,0.020351527967543637,1.510204081632653,59850.0,0.010851063829787191,0.0,0
2018-08-16,46.8,47.0,46.6,47.0,18000,47.422000000000004,48.120999999999995,48.6355,0.9750490896567323,37.82654127481715,-0.3000890019383533,-0.07183433906421158,0.0,0.010949712041894153,0.02035346963608252,-0.7073170731707317,49900.0,0.00851063829787231,0.002765957446808631,1
2018-08-17,47.01,47.8,47.01,47.13,12000,47.239999999999995,47.884,48.620999999999995,0.9715966351987824,35.81445523193101,-0.3439370235912875,-0.12625487596962676,0.002765957446808631,0.011268409604046304,0.018802466342129016,-0.33333333333333337,47200.0,0.016762147252280906,-0.0025461489497136114,0
2018-08-20,47.98,48.02,47.0,47.01,15000,47.034,47.595000000000006,48.546,0.9688542825361512,13.532763532763553,-0.38394402604197353,-0.17779270598409613,-0.0025461489497136114,0.010380990571645831,0.017999348533037866,0.25,48000.0,0.0216975111678367,-0.019357583492873753,0
2018-08-24,47.0,47.05,46.1,46.1,1500,46.848,47.302,48.451,0.9669150275536108,16.84397163120569,-0.4835057057279357,-0.23893530593286405,-0.019357583492873753,0.01063312761776217,0.01834004901321916,-0.9,48100.0,0.020607375271149583,0.035357917570498776,1
2018-08-27,47.01,47.95,46.75,47.73,23500,46.994,47.269999999999996,48.438,0.9701886948263759,35.5862068965517,-0.4259713441630595,-0.27634251357890316,0.035357917570498776,0.015762909380988985,0.02014399536289999,14.666666666666666,29500.0,0.02514142049025776,0.011313639220616123,1
2018-08-28,47.98,48.95,47.7,48.27,1143500,47.248000000000005,47.334999999999994,48.4165,0.9758656656305187,41.7670682730924,-0.3329632677898502,-0.28766666442109257,0.011313639220616123,0.01586630571897365,0.020023387726336463,47.659574468085104,139600.0,0.025896001657344105,-0.015951937020924012,0
2018-08-29,48.9,48.9,47.0,47.5,893000,47.322,47.281,48.325,0.9792446973616141,34.693877551020435,-0.31772374051409713,-0.2936780796396935,-0.015951937020924012,0.016511797500418625,0.020063748084012383,-0.21906427634455616,225300.0,0.03999999999999997,0.010736842105263156,1
2018-08-30,47.5,48.15,47.5,48.01,666500,47.522000000000006,47.278,48.2375,0.9851671417465666,43.18181818181817,-0.26147939589048264,-0.28723834288985134,0.010736842105263156,0.01692845335789322,0.02012393001209472,-0.2536394176931691,285900.0,0.013538846073734609,-0.017079775046865198,0
2018-08-31,48.35,48.35,47.02,47.19,14000,47.739999999999995,47.294,47.990500000000004,0.9947802169179315,44.1256830601093,-0.27984659715813365,-0.2857599937435078,-0.017079775046865198,0.016420796282196188,0.016704368406972377,-0.9789947486871718,284850.0,0.028183937274846332,-0.02013138376774737,0
2018-09-03,46.1,46.9,46.01,46.24,62000,47.44199999999999,47.218,47.810500000000005,0.9922924880517875,41.19897959183677,-0.366831195334683,-0.30197423406174284,-0.02013138376774737,0.017674800109594636,0.014471220205764579,3.428571428571429,284900.0,0.019247404844290668,-0.003027681660899617,0
2018-09-04,46.75,46.75,46.06,46.1,4500,47.008,47.128,47.6245,0.9870549822045377,37.16931216931219,-0.4419692002270281,-0.32997322729479994,-0.003027681660899617,0.017672386709246396,0.014452163764982895,-0.9274193548387096,283550.0,0.014967462039045504,0.022776572668112838,1
2018-09-05,46.46,47.72,46.0,47.15,40000,46.938,47.129999999999995,47.507,0.9880228176900248,44.83159117305458,-0.41204063767570887,-0.3463867093709817,0.022776572668112838,0.01930347463664304,0.015599778891594297,7.888888888888889,286350.0,0.036479321314952254,-0.030116648992576933,0
2018-09-07,46.06,46.06,45.7,45.73,31000,46.482,47.001999999999995,47.2985,0.9827372961087562,42.79379157427937,-0.4971730671562895,-0.3765439809280433,-0.030116648992576933,0.02157586263680681,0.016568366766661916,-0.22499999999999998,287950.0,0.007872293898972217,-0.015963262628471364,0
2018-09-10,46.99,46.99,44.25,45.0,55500,46.044,46.892,47.096999999999994,0.9776418880183452,39.711934156378604,-0.6164400923373066,-0.424523203209896,-0.015963262628471364,0.021307055940215657,0.016509771947292244,0.7903225806451613,293350.0,0.06088888888888893,0.011111111111111072,1
2018-09-11,45.01,45.9,45.01,45.5,4000,45.896,46.669,46.9695,0.9771447428650508,42.66144814090019,-0.662971920130552,-0.47221294659402724,0.011111111111111072,0.017617219368825415,0.01640378058094342,-0.9279279279279279,291400.0,0.019560439560439572,-0.00879120879120876,0
2018-09-12,45.45,45.45,45.01,45.1,6000,45.696,46.352,46.8435,0.9755035383777898,40.32411820781696,-0.7237820767192105,-0.5225267726190639,-0.00879120879120876,0.01671945813245995,0.01640060121388091,0.5,177650.0,0.009756097560975717,0.03259423503325931,1
2018-09-13,45.72,47.35,45.72,46.57,52000,45.58,46.259,46.769999999999996,0.9745563395338893,48.1418918918919,-0.6459121757363135,-0.5472038532425139,0.03259423503325931,0.020366544793369933,0.01804959690982837,7.666666666666666,93550.0,0.035001073652566085,-0.007086106935795589,0
2018-09-14,46.5,46.75,45.5,46.24,61500,45.682,46.08200000000001,46.68,0.9786203941730934,50.621669626998234,-0.6038669578638363,-0.5585364741667783,-0.007086106935795589,0.01992362615972815,0.018090201566573004,0.1826923076923077,33050.0,0.027032871972318337,0.004757785467127906,1
2018-09-17,46.0,46.99,46.0,46.46,11000,45.974000000000004,46.009,46.6515,0.9854774230196244,43.553299492385804,-0.546494015566438,-0.5561279824467102,0.004757785467127906,0.019470118969561623,0.017555361831914376,-0.8211382113821138,32750.0,0.021308652604390917,-0.0206629358588033,0
2018-09-18,46.5,46.5,44.5,45.5,51500,45.974000000000004,45.935,46.576499999999996,0.9870642920786236,36.514118792599774,-0.571897049201624,-0.559281795797693,-0.0206629358588033,0.01952761753520618,0.01812754429108748,3.6818181818181817,31700.0,0.04395604395604396,0.012087912087912045,1
2018-09-19,45.5,46.5,45.4,46.05,47500,46.164,45.93,46.529,0.9921554299469147,42.78606965174127,-0.5414077217169222,-0.5557069809815389,0.012087912087912045,0.019971120216564633,0.018378734048127704,-0.07766990291262132,36000.0,0.023887079261672127,-0.0421281216069489,0
2018-09-24,46.0,46.0,43.8,44.11,83500,45.672000000000004,45.626,46.378,0.9847772650825823,33.013937282229946,-0.666108018169453,-0.5777871884191218,-0.0421281216069489,0.022194940925785122,0.020528361380559277,0.7578947368421052,40350.0,0.04987531172069832,0.03151212876898657,1
2018-09-25,44.99,45.5,44.99,45.5,55500,45.524,45.602999999999994,46.3025,0.9831866529884995,42.98755186721992,-0.6453335151830331,-0.5912964537719041,0.03151212876898657,0.023407048353418426,0.02194120956205177,-0.33532934131736525,42800.0,0.011208791208791166,0.005274725274725389,1
2018-09-26,45.5,46.0,45.0,45.74,39500,45.379999999999995,45.677,46.2845,0.9804578206527021,47.795414462081126,-0.6025576679408786,-0.5935486966056991,0.005274725274725389,0.022778671242725444,0.021568466206793143,-0.28828828828828834,41200.0,0.021862702229995628,-0.01639702667249676,0
2018-09-27,45.52,45.52,44.99,44.99,354500,45.278,45.626,46.1475,0.9811582425916896,45.35564853556485,-0.6220061332874423,-0.5992401839420477,-0.01639702667249676,0.023195448481060064,0.020138790670869818,7.974683544303797,76250.0,0.011780395643476353,-0.0006668148477440017,0
2018-09-28,44.99,45.0,44.0,44.96,270500,45.06,45.612,45.982,0.9799486755687009,39.981701738334856,-0.6325483083220718,-0.6059018088180526,-0.0006668148477440017,0.0230294011588989,0.019874632101319,-0.23695345557122705,102700.0,0.02224199288256228,0.00022241992882565675,1
2018-10-01,44.0,44.97,44.0,44.97,40500,45.232,45.452,45.8555,0.9864029396691781,46.00840336134455,-0.6328015986389843,-0.611281766782239,0.00022241992882565675,0.02000396520855229,0.019663132865482498,-0.8502772643253235,101550.0,0.021569935512563906,-0.00022237046920159376,0
2018-10-02,44.99,45.0,44.0,44.96,20500,45.124,45.324,45.703,0.9873312474017023,49.77272727272728,-0.6265863520366892,-0.6143426838331291,-0.00022237046920159376,0.01997768708122416,0.019424664876958493,-0.49382716049382713,97450.0,0.02224199288256228,-0.010453736654804202,0
2018-10-03,44.0,44.5,44.0,44.49,13500,44.874,45.126999999999995,45.568,0.9847700140449439,44.24173318129989,-0.6520691491199315,-0.6218879768904896,-0.010453736654804202,0.01993238755840244,0.0192291452429939,-0.3414634146341463,97700.0,0.011238480557428635,-0.03349067206113743,0
2018-10-04,43.9,44.35,42.3,43.0,82500,44.476,44.876999999999995,45.406,0.9795181253578822,39.35091277890465,-0.7834637149359338,-0.6542031244995785,-0.03349067206113743,0.021467322341200495,0.020077453593159517,5.111111111111111,100800.0,0.04767441860465126,-0.02488372093023261,0
2018-10-05,43.0,43.1,41.61,41.93,154500,43.87,44.464999999999996,45.197500000000005,0.9706289064660655,25.47568710359407,-0.9628359392654318,-0.7159296874527492,-0.02488372093023261,0.0212988718309659,0.02064109638856162,0.8727272727272728,111500.0,0.03553541616980687,-0.04459813975673732,0
2018-10-08,41.66,41.66,40.02,40.06,23000,42.888,44.06,44.843,0.9564034520437972,21.909090909090892,-1.2415710330932157,-0.8210579565808425,-0.04459813975673732,0.021734031904521372,0.021433350810205528,-0.8511326860841424,105450.0,0.04093859211183209,0.007488766849725437,1
2018-10-09,41.0,41.47,39.75,40.36,1507500,41.968,43.54600000000001,44.5745,0.9415248628700267,22.472924187725596,-1.4218726475384216,-0.9412208947723584,0.007488766849725437,0.017658662495149455,0.021026967562167903,64.54347826086956,250650.0,0.04261645193260651,0.015113974231912852,1
2018-10-10,39.51,41.0,39.51,40.97,15500,41.264,43.069,44.373000000000005,0.9299348703040137,28.890959925442658,-1.4982699506218324,-1.0526307059422533,0.015113974231912852,0.018941582309047775,0.021398099258372077,-0.9897180762852404,248250.0,0.03636807420063466,-0.021723212106419365,0
2018-10-11,40.07,41.5,40.07,40.08,25000,40.67999999999999,42.578,44.102000000000004,0.92240714706816,23.0352303523035,-1.6120482370761167,-1.164514212169026,-0.021723212106419365,0.019190057969524953,0.021400061861792417,0.6129032258064515,215300.0,0.03567864271457085,-0.02195608782435121,0
2018-10-12,40.25,40.25,38.1,39.2,246500,40.134,42.002,43.807,0.9161549524048668,25.474525474525464,-1.7530192793172077,-1.2822152255986623,-0.02195608782435121,0.019057165797193357,0.02168764977964052,8.86,212900.0,0.05484693877551016,-0.001530612244898033,0
2018-10-15,38.56,39.25,38.5,39.14,28500,39.95,41.419,43.435500000000005,0.9197545786280806,13.364055299539146,-1.8482755741862391,-1.3954272953161777,-0.001530612244898033,0.018925023309244587,0.019677714247045144,-0.8843813387423936,211700.0,0.019161982626469086,0.02197240674501777,1
2018-10-16,40.7,41.09,40.0,40.0,14500,39.878,40.923,43.1235,0.9247394112258978,19.139784946236517,-1.8332396163293652,-1.4829897595188153,0.02197240674501777,0.02176061282580263,0.02082441942147523,-0.49122807017543857,211100.0,0.027250000000000087,0.04974999999999996,1
2018-10-17,40.95,42.0,40.95,41.99,209500,40.082,40.673,42.9,0.9343123543123544,35.76850094876659,-1.6418212491613957,-1.5147560574473315,0.04974999999999996,0.02913270674752841,0.024302749709100128,13.448275862068966,230700.0,0.02500595379852339,-0.011193141224100978,0
2018-10-18,42.0,42.01,41.35,41.52,52500,40.370000000000005,40.525,42.70100000000001,0.9454111144938057,34.33515482695809,-1.510632257800033,-1.513931297517872,-0.011193141224100978,0.02755308346873366,0.02406781383996135,-0.7494033412887828,227700.0,0.01589595375722535,0.008429672447013425,1
2018-10-19,41.0,41.96,40.55,41.87,19500,40.903999999999996,40.519,42.492000000000004,0.9626282594370703,36.30742049469962,-1.36271344966449,-1.4836877279471956,0.008429672447013425,0.026632698890603098,0.023950399100417425,-0.6285714285714286,214200.0,0.03367566276570346,-0.010269882971100985,0
2018-10-22,41.99,42.0,41.25,41.44,10000,41.364,40.657,42.3585,0.9765218315096144,35.008517887563855,-1.2655951418698095,-1.4400692107317186,-0.010269882971100985,0.022036080424979596,0.022318061303262245,-0.4871794871794872,212900.0,0.0180984555984556,0.007963320463320489,1
2018-10-23,41.01,42.0,41.0,41.77,53500,41.718,40.798,42.172,0.9892345632173007,38.275862068965516,-1.1487577765962627,-1.3818069239046276,0.007963320463320489,0.02204587472256183,0.0209897254198618,4.35,67500.0,0.023940627244433802,0.0383050035910939,1
2018-10-24,43.5,43.85,43.0,43.37,840000,41.994,41.038,42.0535,0.9985851356010795,51.57984628522629,-0.9164919459506606,-1.2887439283138342,0.0383050035910939,0.024471497584289577,0.022968869899150188,14.700934579439252,149950.0,0.019598801014526206,0.017984782107447472,1
2018-10-25,43.4,44.5,42.8,44.15,3704000,42.519999999999996,41.445,42.0115,1.0121038287135664,59.719789842381786,-0.6618507174283081,-1.1633652861367292,0.017984782107447472,0.022630066762670552,0.023152593003850835,3.40952380952381,517850.0,0.03850509626274072,0.02219705549263873,1
2018-10-26,44.0,45.5,44.0,45.13,1622500,43.172000000000004,42.038,42.02,1.0274155164207521,74.07407407407409,-0.37662638491161715,-1.006017505891707,0.02219705549263873,0.019850873261603057,0.02371141376333836,-0.5619600431965444,655450.0,0.03323731442499446,0.016397075116330484,1
2018-10-29,45.75,46.25,45.0,45.87,455500,44.05800000000001,42.711,42.065,1.047379056222513,75.11394712853237,-0.08983664992090468,-0.8227813346975466,0.016397075116330484,0.019049589065010857,0.023977398326606284,-0.7192604006163328,698150.0,0.027250926531502073,0.006104207543056406,1
2018-10-30,45.75,47.0,45.75,46.15,245000,44.934000000000005,43.326,42.1245,1.0666951536516756,74.3421052631579,0.15821612421621722,-0.6265818429147938,0.006104207543056406,0.019171548132306197,0.023998479894820696,-0.4621295279912184,721200.0,0.027085590465872156,-0.0021668472372697867,0
2018-10-31,46.25,46.6,45.75,46.05,638500,45.47,43.732,42.2025,1.0774243232036016,80.30456852791879,0.34277922504482206,-0.4327096293228707,-0.0021668472372697867,0.015204373516135407,0.023850854864907296,1.6061224489795918,764100.0,0.018458197611292106,-0.0010857763300758938,0
2018-11-01,45.9,46.5,45.5,46.0,170000,45.839999999999996,44.18,42.3525,1.0823446077563308,87.6940133037694,0.47948502512370794,-0.25027069843355504,-0.0010857763300758938,0.01397107239290005,0.022367947328878566,-0.7337509788566954,775850.0,0.021739130434782608,0.0,0
2018-11-02,46.0,46.99,45.2,46.0,145000,46.013999999999996,44.593,42.556,1.0812576369959583,88.28125000000003,0.5811264921356738,-0.08399126031970928,0.0,0.014351350195651435,0.021369075436330442,-0.1470588235294118,788400.0,0.03891304347826085,-0.022173913043478377,0
2018-11-05,45.05,45.88,44.5,44.98,37500,45.836,44.947,42.802,1.070884538105696,77.30263157894736,0.5727700746420723,0.04736100667264703,-0.022173913043478377,0.016508887812253063,0.019105981401547293,-0.7413793103448276,791150.0,0.030680302356602993,-0.029346376167185384,0
2018-11-06,44.5,45.5,43.6,43.66,85000,45.337999999999994,45.135999999999996,42.967,1.0551818837712663,59.88165680473371,0.45439658430215957,0.12876812219854955,-0.029346376167185384,0.020370845615336444,0.020664732333172096,1.2666666666666666,794300.0,0.043518094365551964,0.0258818140174073,1
2018-11-07,44.49,45.83,44.0,44.79,172500,45.086,45.278000000000006,43.158,1.04467306177302,67.94731064763994,0.4466179627047637,0.19233809029979237,0.0258818140174073,0.018368849411202415,0.021101388906169735,1.0294117647058822,727550.0,0.040857334226389784,-0.004465282429113593,0
2018-11-08,44.79,45.0,43.6,44.59,67000,44.803999999999995,45.321999999999996,43.3835,1.032742863070061,65.17857142857146,0.4194795217073235,0.23776637658129862,-0.004465282429113593,0.017746812204721275,0.020302738817694975,-0.6115942028985507,363850.0,0.031397174254317074,0.00403677954698356,1
2018-11-09,44.5,45.0,44.25,44.77,67000,44.558,45.286,43.662,1.020521277083047,69.11595866819751,0.4077957913337542,0.27177225953178974,0.00403677954698356,0.016215032322001846,0.01925490087455769,0.0,208300.0,0.016752289479562206,0.0046906410542773,1
2018-11-12,44.5,45.0,44.5,44.98,16000,44.55800000000001,45.196999999999996,43.95399999999999,1.013741638986213,68.68451688009313,0.4107467627922503,0.29956716018388185,0.0046906410542773,0.015238167722305917,0.019162595671706337,-0.7611940298507462,164350.0,0.011116051578479325,0.0002223210315697166,1
2018-11-13,44.6,45.1,44.6,44.99,152000,44.824,45.081,44.2035,1.0140373499835986,61.571428571428605,0.4091756234757753,0.3214888528422606,0.0002223210315697166,0.015008709022889321,0.01889243396906795,8.5,155050.0,0.011113580795732384,0.0002222716159145932,1
2018-11-14,45.0,45.0,44.61,45.0,99500,44.866,44.976,44.354,1.0115434910041936,56.82182985553773,0.40407942459847135,0.33800696719350276,0.0002222716159145932,0.015032548317188987,0.01586866277285141,-0.3453947368421053,101150.0,0.00866666666666668,0.0,0
2018-11-15,45.0,45.25,44.01,45.0,246500,44.948,44.876,44.528,1.0094322673374057,48.76190476190474,0.39548178246270993,0.3495019302473442,0.0,0.01504542012071799,0.015513375220247826,1.4773869346733668,108800.0,0.0275555555555556,-0.013111111111111184,0
2018-11-16,45.0,45.0,44.01,44.41,115000,44.876,44.717,44.654999999999994,1.004949053857351,35.68627450980391,0.33717329608896307,0.347036203415668,-0.013111111111111184,0.0154096125315224,0.015942171746311865,-0.5334685598377282,105800.0,0.022292276514298628,-0.006980409817608502,0
2018-11-19,44.05,44.8,43.76,44.1,98500,44.7,44.629,44.788,0.998035187996785,30.01949317738793,0.2629182335899998,0.3302126094505344,-0.006980409817608502,0.014041648050648291,0.01581376110614144,-0.14347826086956517,111900.0,0.023582766439909277,0.020408163265306145,1
2018-11-20,44.88,45.0,44.88,45.0,110000,44.702,44.763,44.9495,0.9944938208433909,41.146711635750435,0.2735398429302407,0.3188780561464757,0.020408163265306145,0.01187813585335174,0.016248518966517425,0.11675126903553301,114400.0,0.0026666666666666098,-0.00022222222222212373,0
2018-11-22,44.9,45.0,44.5,44.99,86000,44.7,44.783,45.0305,0.9926605300851645,41.42614601018676,0.2779466326648503,0.3106917714501506,-0.00022222222222212373,0.008776230793298007,0.014089853066850757,-0.21818181818181814,105750.0,0.011113580795732384,0.026672593909757625,1
2018-11-23,45.85,47.0,45.0,46.19,294000,44.938,44.943,45.13250000000001,0.9956904669584001,51.339915373765855,0.37395825843794483,0.3233450688477094,0.026672593909757625,0.01182197717076731,0.01473025383404974,2.4186046511627906,128450.0,0.04329941545789132,0.007793894782420319,1
2018-11-26,45.75,46.75,45.75,46.55,253500,45.366,45.120999999999995,45.2035,1.003594854380745,62.20839813374809,0.4736373583064619,0.35340352673945996,0.007793894782420319,0.011897079473233084,0.014045770509971276,-0.1377551020408163,147100.0,0.021482277121374866,-0.00773361976369491,0
2018-11-27,46.46,46.5,46.0,46.19,62500,45.784000000000006,45.242000000000004,45.2195,1.0124835524497178,73.12614259597814,0.5176179937213163,0.3862464201358312,-0.00773361976369491,0.01244933769319106,0.013744963610539394,-0.7534516765285996,151750.0,0.01082485386447283,-0.014938298332972444,0
2018-11-28,46.01,46.01,45.5,45.5,55000,45.884,45.293,45.187,1.015424790315799,57.05765407554676,0.49113424091277125,0.4072239842912192,-0.014938298332972444,0.013653183173883395,0.014089403770799891,-0.12,142050.0,0.011208791208791166,0.01098901098901095,1
2018-11-29,45.75,46.0,45.75,46.0,178000,46.086,45.393,45.1845,1.0199515320519204,63.22701688555348,0.5046739304113501,0.4267139735152454,0.01098901098901095,0.01398698453007439,0.014318371715292556,2.2363636363636363,149900.0,0.005434782608695652,-0.017391304347825987,0
2018-11-30,45.75,45.75,45.1,45.2,18000,45.888,45.413,45.1445,1.0164693373500648,53.61344537815127,0.4457130155693676,0.43051378192606987,-0.017391304347825987,0.015320679577728279,0.01484071162137761,-0.898876404494382,127050.0,0.014380530973451294,-0.02522123893805306,0
2018-12-03,44.5,45.0,43.5,44.06,87500,45.39,45.378,45.0475,1.007603085631833,43.31395348837212,0.3034990450741404,0.405110834555684,-0.02522123893805306,0.016915942727263638,0.015811452767742096,3.8611111111111107,124300.0,0.034044484793463455,0.04925102133454362,1
2018-12-04,45.0,46.25,45.0,46.23,10500,45.398,45.591,45.11,1.0063843937042785,56.85840707964601,0.3617245776482605,0.3964335831741993,0.04925102133454362,0.022877865713536987,0.018805657092325394,-0.88,115500.0,0.027038719446247028,-0.037637897469175785,0
2018-12-05,45.11,45.49,44.01,44.49,194000,45.196,45.540000000000006,45.1515,1.000985570800527,47.63231197771588,0.26441723618755475,0.37003031377687046,-0.037637897469175785,0.025711355342320295,0.019597085845584488,17.476190476190474,123900.0,0.03326590244998885,-0.049898853674983146,0
2018-12-06,43.9,43.99,42.27,42.27,286500,44.45,45.268,45.0255,0.9872183540438196,39.4919168591224,0.008071971667767741,0.2976386453550499,-0.049898853674983146,0.030016474561713486,0.02176431036786822,0.4768041237113403,143950.0,0.0406907972557369,0.011355571327182234,1
2018-12-07,41.75,43.5,41.5,42.75,140500,43.96,44.924,44.9335,0.9783346500940278,43.555900621118006,-0.1545697252826912,0.2071969712275017,0.011355571327182234,0.028528602633123037,0.02198188340809548,-0.5095986038394416,128600.0,0.04678362573099415,0.009356725146198785,1
2018-12-10,43.0,43.19,42.61,43.15,14500,43.778000000000006,44.583999999999996,44.852500000000006,0.9760436987904799,46.33770239013106,-0.248325245967159,0.11609252778856956,0.009356725146198785,0.02862485718932862,0.022089106979509443,-0.896797153024911,104700.0,0.013441483198145964,-0.034298957126303486,0
2018-12-11,42.5,42.9,41.5,41.67,51500,42.866,44.132,44.687,0.9592498937051044,37.7121771217712,-0.4370131867203142,0.0054713848867928155,-0.034298957126303486,0.029886146333372353,0.02319665468028406,2.5517241379310347,103600.0,0.03359731221502276,-0.016078713702903813,0
2018-12-12,41.11,41.11,40.99,41.0,6500,42.168,43.682,44.4875,0.9478617589210453,35.9605911330049,-0.6333127051255545,-0.12228543311567665,-0.016078713702903813,0.02990991423654813,0.023342753212395005,-0.8737864077669903,98750.0,0.0029268292682926205,-0.01658536585365855,0
2018-12-13,40.12,41.1,39.5,40.32,778500,41.778,43.114,44.2535,0.9440609217350039,28.560993425858257,-0.8341363995441782,-0.26465562640137696,-0.01658536585365855,0.029022149374685873,0.023470803000961108,118.76923076923077,158800.0,0.039682539682539715,0.018601190476190466,1
2018-12-14,40.89,41.35,40.15,41.07,41000,41.442,42.701,44.057,0.9406450734276051,30.539772727272705,-0.9221420131252174,-0.3961529037461451,0.018601190476190466,0.03056841013100869,0.024049678676337442,-0.9473346178548491,161100.0,0.029218407596786043,-0.0017044071098125668,0
2018-12-17,41.48,41.8,41.0,41.0,6000,41.012,42.394999999999996,43.8865,0.9345014981828126,31.18201595358954,-0.9861675848696265,-0.5141558399708415,-0.0017044071098125668,0.030092601077660222,0.02396441769926628,-0.8536585365853658,152950.0,0.01951219512195115,-0.02073170731707319,0
2018-12-18,41.0,41.0,40.0,40.15,80500,40.708000000000006,41.787,43.689,0.9317677218521826,30.8243727598566,-1.0928979606252796,-0.6299042641017292,-0.02073170731707319,0.022895274000412635,0.02425855707282973,12.416666666666666,159950.0,0.024906600249066005,-0.0032378580323784156,0
2018-12-19,40.0,40.75,40.0,40.02,1159500,40.512,41.339999999999996,43.440000000000005,0.9325966850828729,27.982326951399102,-1.1744343181475045,-0.7388102749108844,-0.0032378580323784156,0.021447925499708406,0.023551722522984077,13.403726708074535,256500.0,0.01874062968515742,0.01449275362318847,1
2018-12-20,40.25,41.0,40.0,40.6,800000,40.568000000000005,41.173,43.2205,0.9386286600108745,32.784431137724525,-1.1786644065977114,-0.8267811012482498,0.01449275362318847,0.017559324565849622,0.023954409662288928,-0.310047434238896,307850.0,0.02463054187192118,0.010591133004926201,1
2018-12-21,40.25,41.95,40.0,41.03,141000,40.56,41.001,42.9625,0.9440791387838232,38.02371541501974,-1.1342445111487578,-0.8882737832283514,0.010591133004926201,0.01748712805634379,0.023095195221084053,-0.82375,307900.0,0.04752620034121381,0.002680965147453085,1
2018-12-24,40.16,41.43,40.16,41.14,2500,40.588,40.8,42.692,0.9507167619226085,25.96789423984889,-1.0777418066101347,-0.9261673879047081,0.002680965147453085,0.017044105858928096,0.022966472829212405,-0.9822695035460993,306700.0,0.030870199319397256,0.00875060768108904,1
2018-12-26,41.5,41.5,41.5,41.5,5500,40.858000000000004,40.783,42.4575,0.9623270329152682,33.767643865363695,-0.9924733992751982,-0.9394285901788062,0.00875060768108904,0.01385532817754968,0.02319215021384783,1.2000000000000002,302100.0,0.0,0.0002409638554217164,1
2018-12-27,41.5,41.95,41.0,41.51,273500,41.156,40.834,42.258,0.9739220975909886,44.57142857142853,-0.9135597080666287,-0.9342548137563708,0.0002409638554217164,0.012706714587629595,0.023100844529410403,48.72727272727273,328800.0,0.022886051553842518,-0.01108166706817637,0
2018-12-28,41.01,43.48,39.6,41.05,337000,41.246,40.907,42.0105,0.9818021685054927,37.82234957020054,-0.8780169618711184,-0.9230072433793204,-0.01108166706817637,0.01194165204658916,0.02285671776199204,0.2321755027422303,284650.0,0.09451887941534703,0.023629719853836884,1
2018-12-31,41.0,42.5,40.51,42.02,205000,41.443999999999996,41.002,41.8515,0.9902631924781667,42.516556291390756,-0.762785272266413,-0.890962849156739,0.023629719853836884,0.012799957161711359,0.023556429934437517,-0.3916913946587537,301050.0,0.047358400761542165,-0.0004759638267491928,0
2019-01-02,42.11,42.11,41.5,42.0,263500,41.616,41.102000000000004,41.74849999999999,0.9968262332778425,52.70935960591132,-0.6654067659121239,-0.8458516325078159,-0.0004759638267491928,0.012762423202769132,0.022991756682143885,0.2853658536585366,326800.0,0.01452380952380951,-0.02238095238095228,0
2019-01-03,42.5,42.5,41.05,41.06,19500,41.528,41.193,41.49,1.0009158833453844,50.471698113207566,-0.6565158362509322,-0.8079844732564392,-0.02238095238095228,0.013101933926076755,0.019942069645212748,-0.9259962049335864,320700.0,0.03531417437895769,0.044325377496346796,1
2019-01-04,41.5,43.11,41.5,42.88,9500,41.80200000000001,41.479,41.4095,1.009478501310086,67.06666666666669,-0.4968831610320308,-0.7457642108115575,0.044325377496346796,0.018415541680233558,0.021405889012966965,-0.5128205128205128,205700.0,0.03754664179104476,0.019356343283582156,1
2019-01-07,42.75,44.0,42.75,43.71,85000,42.334,41.79,41.481500000000004,1.0205513301110134,67.4142480211082,-0.2999415133701433,-0.6565996713232747,0.019356343283582156,0.018695246396335078,0.018603504397573918,7.947368421052632,134200.0,0.028597574925646303,-0.005490734385724116,0
2019-01-08,44.0,44.5,43.0,43.47,66500,42.624,42.034000000000006,41.5175,1.0266514120551575,65.93548387096773,-0.1613696639100226,-0.5575536698406243,-0.005490734385724116,0.019093334729509175,0.018531240351860857,-0.21764705882352942,126750.0,0.03450655624568668,-0.00897170462387853,0
2019-01-09,43.7,44.0,41.51,43.08,906000,42.84,42.228,41.513999999999996,1.031941031941032,70.0960219478738,-0.08207411616879057,-0.4624577591062575,-0.00897170462387853,0.019662481121718436,0.01854930792427152,12.62406015037594,217100.0,0.05779944289693598,0.004410399257195996,1
2019-01-10,42.9,44.75,42.52,43.27,66000,43.282,42.404999999999994,41.594,1.0405827763619753,72.10884353741494,-0.0038559620562139685,-0.37073739969624886,0.004410399257195996,0.01961318758348437,0.0167005491998537,-0.9271523178807947,223150.0,0.0515368615669054,0.013404206147446196,1
2019-01-11,43.3,44.5,43.25,43.85,42000,43.476,42.638999999999996,41.7365,1.041678147424916,72.10884353741494,0.10373781637451174,-0.27584235648209676,0.013404206147446196,0.01974757051711496,0.016315973591807965,-0.36363636363636365,200000.0,0.028506271379703532,-0.00820980615735456,0
2019-01-14,44.25,44.25,43.01,43.49,69500,43.432,42.883,41.894999999999996,1.0366869554839482,66.89560439560438,0.15813479017209175,-0.1890469271512591,-0.00820980615735456,0.01949612613914729,0.015875083134909228,0.6547619047619047,173250.0,0.028512301678546837,-0.0016095654173373664,0
2019-01-15,43.0,44.0,43.0,43.42,206000,43.422,43.023,42.0125,1.0335495388277296,65.74585635359114,0.1933673503819051,-0.11256407164462626,-0.0016095654173373664,0.018565954064494003,0.015530200649676093,1.964028776978417,173350.0,0.023030861354214647,-0.003915246430216568,0
2019-01-16,43.1,43.25,42.7,43.25,721500,43.456,43.148,42.125,1.0315964391691395,62.411347517730476,0.20520633800632737,-0.04900998971443554,-0.003915246430216568,0.018677986740973887,0.015572505309177346,2.5024271844660193,219150.0,0.012716763005780281,-0.005780346820809301,0
2019-01-17,42.51,43.5,42.5,43.0,33000,43.402,43.342,42.2675,1.0268409534512333,60.21947873799725,0.1922003444014564,-0.0007679228912571556,-0.005780346820809301,0.016806412504154163,0.014719468802652711,-0.9542619542619543,220500.0,0.023255813953488372,0.00046511627906986597,1
2019-01-18,43.25,43.7,42.65,43.02,206500,43.236000000000004,43.356,42.4175,1.0192962810160902,64.37956204379563,0.18141558765232446,0.035668779217459166,0.00046511627906986597,0.009440121069686573,0.014652912149105182,5.257575757575758,240200.0,0.024407252440725342,-0.010692701069270116,0
2019-01-21,43.25,43.28,42.52,42.56,60500,43.05,43.241,42.5155,1.0125718855476236,54.258675078864336,0.1342034211092482,0.055375707595816975,-0.010692701069270116,0.007252602219673651,0.014760343049655334,-0.7070217917675545,237750.0,0.01785714285714281,0.02161654135338331,1
2019-01-22,42.51,43.48,42.5,43.48,564500,43.062,43.242000000000004,42.638,1.009944181246775,60.2209944751381,0.16907476161129154,0.0781155183989119,0.02161654135338331,0.010435637050061291,0.01527677237144835,8.330578512396695,287550.0,0.02253909843606249,-0.011039558417663242,0
2019-01-23,43.1,43.55,42.5,43.0,164500,43.012,43.234,42.731,1.00657602209169,64.30678466076694,0.15617823623128402,0.09372806196538633,-0.011039558417663242,0.010652970038735925,0.015597204659259064,-0.70859167404783,213400.0,0.024418604651162724,0.0006976744186046879,1
2019-01-24,43.5,43.6,43.0,43.03,22000,43.018,43.21,42.8075,1.0049173626116918,51.503006012024024,0.14668747433832152,0.10431994443997337,0.0006976744186046879,0.010541059833563503,0.015526448455597175,-0.8662613981762918,209000.0,0.013943760167325155,0.00046479200557736355,1
2019-01-25,43.0,43.4,43.0,43.05,44500,43.024,43.13,42.884499999999996,1.003252923550467,42.10526315789469,0.13917548169467864,0.11129105189091444,0.00046479200557736355,0.009373258064666684,0.01552525141515588,1.022727272727273,209250.0,0.009291521486643405,0.022067363530778206,1
2019-01-28,43.1,44.25,43.1,44.0,31500,43.312,43.181,43.032,1.00650678564789,55.41922290388549,0.2074874477807782,0.1305303310688872,0.022067363530778206,0.01167920849972343,0.015828851161215476,-0.2921348314606742,205450.0,0.026136363636363603,0.01840909090909104,1
2019-01-29,44.1,45.0,43.9,44.81,669000,43.578,43.32,43.1715,1.0094159341232063,66.29001883239174,0.32325907422680444,0.16907607970047067,0.01840909090909104,0.012800704808014717,0.015521101816419755,20.238095238095237,251750.0,0.024548091943762583,0.004240124972104464,1
2019-01-30,44.6,45.0,44.25,45.0,17500,43.978,43.495,43.3215,1.0151541382454439,66.2900188323917,0.4254361710238115,0.22034809796513885,0.004240124972104464,0.01255233070303543,0.01549600048342856,-0.9738415545590433,181350.0,0.016666666666666666,-0.006666666666666599,0
2019-01-31,44.99,45.0,44.5,44.7,135000,44.312,43.665,43.5035,1.0185847115749307,58.44930417495032,0.47670955260524295,0.27162038889315965,-0.006666666666666599,0.012632288979446233,0.014475819843949276,6.714285714285714,191550.0,0.011185682326621923,-0.012304250559284191,0
2019-02-01,45.0,45.0,44.05,44.15,175000,44.532,43.778,43.567,1.0221497922739688,56.32183908045974,0.467573774042485,0.31081106592302477,-0.012304250559284191,0.013630361815251587,0.01147281078569354,0.2962962962962963,188400.0,0.02151755379388455,0.036013590033975085,1
2019-02-04,44.85,46.0,44.85,45.74,264000,44.88,44.096,43.6685,1.0277431100220984,67.2106824925816,0.58192524355551,0.36503390144952186,0.036013590033975085,0.016283267118365242,0.013295422057710596,0.5085714285714287,208750.0,0.02514210756449494,0.0056843025797987945,1
2019-02-06,45.99,46.0,45.5,46.0,96500,45.118,44.348,43.795,1.0302089279598128,70.13177159590045,0.6856259647573921,0.4291523141110959,0.0056843025797987945,0.01549249164939268,0.013182668137849981,-0.634469696969697,161950.0,0.010869565217391304,-0.006956521739130417,0
2019-02-07,46.0,46.0,45.5,45.68,67000,45.254,44.616,43.925,1.0302561183836085,69.42028985507247,0.7335325017131922,0.49002835163151515,-0.006956521739130417,0.015048073732535305,0.013094445480020521,-0.30569948186528495,152200.0,0.010945709281961471,0.009851138353765387,1
2019-02-08,46.0,47.7,45.0,46.13,194000,45.540000000000006,44.926,44.068,1.0334029227557413,71.21418826739428,0.7986042044368205,0.5517435221925762,0.009851138353765387,0.014956674469118912,0.013181190561766701,1.8955223880597014,169400.0,0.058530240624322626,-0.001734229351831873,0
2019-02-11,46.35,46.35,45.75,46.05,133500,45.92,45.226,44.178000000000004,1.0394313911901851,75.1079136690647,0.8341036387138843,0.6082155454968379,-0.001734229351831873,0.015080400807618207,0.013003090900458548,-0.3118556701030928,178300.0,0.013029315960912084,0.004343105320304019,1
2019-02-12,46.0,46.25,46.0,46.25,256000,46.022,45.451,44.316,1.0384962541745644,72.23113964686996,0.8683655471792306,0.6602455458333165,0.004343105320304019,0.014104515790078131,0.012758054555766729,0.9176029962546817,200750.0,0.005405405405405406,0.00540540540540535,1
2019-02-13,46.5,46.51,46.5,46.5,82500,46.122,45.62,44.470000000000006,1.0371486395322689,79.1666666666666,0.9052560390289557,0.7092476444724445,0.00540540540540535,0.013317386999085903,0.012716454750955383,-0.677734375,142100.0,0.00021505376344081744,0.00021505376344088667,1
2019-02-14,47.0,47.0,46.5,46.51,153500,46.288,45.771,44.633,1.0370801873053568,79.0969899665551,0.9246402586943674,0.7523261673168291,0.00021505376344088667,0.013362939442768005,0.012622741678747511,0.8606060606060606,155700.0,0.010750376263169211,0.003440120404214264,1
2019-02-15,47.43,47.43,46.0,46.67,8000,46.396,45.968,44.816500000000005,1.0352437160420827,79.57516339869275,0.9420536472220249,0.7902716632978682,0.003440120404214264,0.012892132837382627,0.01242451426281746,-0.9478827361563518,143000.0,0.030640668523676872,-0.014356117420184278,0
2019-02-18,46.5,46.5,45.15,46.0,33500,46.386,46.153,44.9655,1.0315908863461989,67.12328767123283,0.8915136678950191,0.8105200642172985,-0.014356117420184278,0.013200106847544895,0.013082103192242768,3.1875,128850.0,0.029347826086956554,0.008695652173912993,1
2019-02-19,46.0,46.4,46.0,46.4,10000,46.416000000000004,46.219,45.1575,1.0278691247301115,64.64088397790047,0.8736659499847406,0.8231492413707869,0.008695652173912993,0.007462129429146618,0.012692678254604088,-0.7014925373134329,103450.0,0.008620689655172384,-0.002586206896551646,0
2019-02-20,46.0,46.4,46.0,46.28,34000,46.372,46.247,45.2975,1.0237209559026437,61.940298507462664,0.8401537385167543,0.8265501407999805,-0.002586206896551646,0.007399829629301394,0.012105449634686242,2.4,97200.0,0.008643042350907489,-0.016853932584269704,0
2019-02-21,46.0,46.0,45.5,45.5,852000,46.17,46.229,45.4225,1.0164566019043426,56.849315068493105,0.7421011085801013,0.8096603343560047,-0.016853932584269704,0.009013498903000858,0.012527724245417881,24.058823529411764,175700.0,0.01098901098901099,0.005274725274725389,1
2019-02-22,45.5,45.98,45.5,45.74,204500,45.984,46.190000000000005,45.558,1.0093507177663639,64.37613019891499,0.6759675539735497,0.7829217782795138,0.005274725274725389,0.00854137111542424,0.012527114650234907,-0.7599765258215962,176750.0,0.010494097070397833,-0.009400961958898169,0
2019-02-25,45.0,45.5,45.0,45.31,13000,45.846000000000004,46.116,45.67100000000001,1.003831753191303,45.08009153318079,0.5821481872137184,0.7427670600663548,-0.009400961958898169,0.008966488325195789,0.012828308255725993,-0.9364303178484108,164700.0,0.011035091591260206,-0.028911939969101796,0
2019-02-26,45.0,45.0,44.0,44.0,61500,45.366,45.891000000000005,45.67100000000001,0.9933218015808717,31.54981549815504,0.39750739345929276,0.6737151267449424,-0.028911939969101796,0.01213255109145856,0.013793218013536364,3.730769230769231,145250.0,0.022727272727272728,-0.006363636363636349,0
2019-02-27,43.15,43.9,42.75,43.72,47500,44.854,45.613,45.6165,0.9832845571229708,31.784386617100424,0.22597962178890896,0.5841680257537357,-0.006363636363636349,0.011579171474070754,0.013159315294520075,-0.22764227642276424,141750.0,0.02630375114364132,0.006404391582799596,1
2019-02-28,43.51,44.0,43.5,44.0,4000,44.553999999999995,45.362,45.566500000000005,0.9777797285286337,29.558541266794663,0.11135268248261099,0.4896049570995108,0.006404391582799596,0.012106724167301132,0.01321474248622021,-0.9157894736842105,126800.0,0.011363636363636364,0.011363636363636465,1
2019-03-01,44.5,44.5,44.5,44.5,500,44.306,45.144999999999996,45.5565,0.972550569073568,36.234458259325095,0.060162314849662835,0.4037164286495412,0.011363636363636465,0.01298200070514894,0.013424070621792907,-0.875,126050.0,0.0,0.022022471910112307,1
2019-03-04,44.0,45.48,44.0,45.48,2500,44.339999999999996,45.093,45.623,0.971878219319203,43.99375975038999,0.09754692921303132,0.3424825287622392,0.022022471910112307,0.014919667486126643,0.013970114115828639,4.0,122950.0,0.032541776605101075,-0.024626209322779147,0
2019-03-05,46.0,46.0,44.21,44.36,35500,44.41199999999999,44.889,45.553999999999995,0.9749308512973613,35.30219780219781,0.03638049397962817,0.281262121805717,-0.024626209322779147,0.016173210238666243,0.01261796711088048,13.2,125500.0,0.04035166816952207,0.003155996393146898,1
2019-03-06,44.52,44.52,44.36,44.5,101500,44.568,44.711,45.479,0.9799687767980826,36.43724696356278,-0.0007884281431813633,0.22485201181593736,0.003155996393146898,0.01634452108308881,0.012555190595516677,1.859154929577465,132250.0,0.003595505617977611,-0.022471910112359605,0
2019-03-08,43.16,44.4,43.16,43.5,5000,44.467999999999996,44.511,45.37,0.9801190213797664,30.787878787878782,-0.10967247336026986,0.15794711478069592,-0.022471910112359605,0.01692940160208499,0.013358466557333309,-0.9507389162561576,47550.0,0.028505747126436828,-0.014482758620689706,0
2019-03-11,42.5,43.0,42.2,42.87,14500,44.141999999999996,44.224000000000004,45.207,0.9764417015064037,30.937880633373922,-0.2439870674949134,0.07756027832557408,-0.014482758620689706,0.01683327471317871,0.013296078459036886,1.9,28550.0,0.018661068346162754,-0.00863074411010023,0
2019-03-12,42.7,42.7,42.5,42.5,35000,43.546,43.943,45.0295,0.9670549306565696,26.161369193154044,-0.37595448948079735,-0.013142675235700209,-0.00863074411010023,0.01681942399875354,0.013335241956595974,1.4137931034482758,30750.0,0.004705882352941244,0.0,0
2019-03-13,41.71,42.5,41.71,42.5,5500,43.174,43.79299999999999,44.842,0.9628027295838723,26.550868486352357,-0.4750633871679639,-0.10552681762215296,0.0,0.014863009709430119,0.013228567455502433,-0.8428571428571429,25150.0,0.018588235294117628,-0.0007058823529412228,0
2019-03-14,42.0,42.94,42.0,42.47,7000,42.768,43.668,44.640499999999996,0.9580537852398607,29.27496580027359,-0.5496921430520061,-0.1943598827081236,-0.0007058823529412228,0.014843762459622562,0.013066173293644305,0.2727272727272727,21100.0,0.022133270543913296,-0.012243936896632834,0
2019-03-15,40.66,42.95,40.65,41.95,10500,42.458000000000006,43.463,44.4125,0.9559921193357727,25.032938076416343,-0.643379149593045,-0.2841637360851079,-0.012243936896632834,0.014730296780873894,0.013129357721547361,0.5,21750.0,0.05482717520858174,0.013110846245530272,1
2019-03-18,42.5,42.5,42.5,42.5,10000,42.384,43.263,44.204,0.9588272554519953,31.77691309987027,-0.6655740504489174,-0.3604457989578698,0.013110846245530272,0.014950222317471291,0.013627655333749418,-0.04761904761904767,22700.0,0.0,-0.02941176470588236,0
2019-03-19,41.31,41.31,41.25,41.25,6500,42.134,42.839999999999996,43.9665,0.958320539501666,32.02614379084966,-0.7750934280374366,-0.4433753247737832,-0.02941176470588236,0.01360352965792639,0.01457872898508308,-0.35,23100.0,0.0014545454545455098,-0.0060606060606061,0
2019-03-20,41.0,41.05,41.0,41.0,105000,41.834,42.504,43.6965,0.9573764489146729,32.15223097112859,-0.872009254603519,-0.5291021107397305,-0.0060606060606061,0.012556157928632924,0.014199857700023962,15.153846153846153,30050.0,0.0012195121951218818,0.0,0
2019-03-22,40.22,41.0,40.21,41.0,3500,41.54,42.153999999999996,43.432500000000005,0.956426639037587,29.56403269754766,-0.9380030303506928,-0.610882294661923,0.0,0.012287697827188922,0.014244965208400925,-0.9666666666666667,20250.0,0.019268292682926808,-0.01048780487804879,0
2019-03-25,40.5,40.7,40.5,40.57,21500,41.264,41.861,43.186,0.9554948362895384,22.9711141678129,-1.0133200565873537,-0.6913698470470091,-0.01048780487804879,0.011271538094493872,0.014058195542481791,5.142857142857143,21900.0,0.004929751047572168,-0.008380576780872673,0
2019-03-26,40.0,40.45,39.03,40.23,60500,40.809999999999995,41.597,42.9105,0.9510492769834888,10.407239819004502,-1.0879038229370224,-0.7706766422250118,-0.008380576780872673,0.010976195215561962,0.013830813260240523,1.8139534883720931,26500.0,0.03529704200845145,0.019139945314442075,1
2019-03-27,40.2,41.2,40.2,41.0,117000,40.760000000000005,41.447,42.695,0.9546785337861577,23.24840764331212,-1.0725161319239476,-0.831044540164799,0.019139945314442075,0.013531347985589356,0.014923892277544924,0.9338842975206612,34700.0,0.024390243902439025,-0.024146341463414656,0
2019-03-28,40.55,41.0,40.0,40.01,49500,40.562,41.198,42.4955,0.9545010648186278,18.5133239831697,-1.1272122015641486,-0.890278072444669,-0.024146341463414656,0.01491978973315139,0.014553425316565855,-0.5769230769230769,39100.0,0.024993751562109475,0.000999750062484317,1
2019-03-29,40.1,41.49,40.0,40.05,570500,40.372,40.956,42.312,0.9541501228965779,22.04213938411668,-1.1540286412929177,-0.9430281862143188,0.000999750062484317,0.014995560071538698,0.014600608180343899,10.525252525252526,95450.0,0.03720349563046198,0.009238451935081216,1
2019-04-01,40.01,40.8,40.0,40.42,43000,40.342,40.803000000000004,42.132999999999996,0.9574917523081671,29.272419627749628,-1.1323716793562753,-0.9808968848427102,0.009238451935081216,0.015492115345325602,0.014722925308727656,-0.9246275197195443,98700.0,0.01979218208807514,-0.008906481939633837,0
2019-04-02,40.01,40.5,40.0,40.06,88000,40.308,40.559000000000005,41.910999999999994,0.9617522846030876,29.322033898305122,-1.1312174022907442,-1.010960988332317,-0.008906481939633837,0.014377796154233954,0.01429153014765165,1.0465116279069768,106500.0,0.012481278082875686,-0.0009985022466300064,0
2019-04-03,40.1,40.1,40.0,40.02,43000,40.112,40.436,41.638,0.9633507853403143,29.12457912457917,-1.1206125709454895,-1.0328913048549515,-0.0009985022466300064,0.01176333510420137,0.012841874648072694,-0.5113636363636364,110150.0,0.0024987506246876914,-0.038730634682658804,0
2019-04-04,39.05,39.05,38.02,38.47,80500,39.804,40.18300000000001,41.3435,0.9627631913118145,23.19034852546919,-1.2231801524163615,-1.0709490743672334,-0.038730634682658804,0.016359033496899378,0.014215335558784964,0.872093023255814,107700.0,0.026774109695866754,0.005978684689368352,1
2019-04-05,38.75,38.75,38.7,38.7,2500,39.534000000000006,39.953,41.0535,0.962987321422047,27.336122733612314,-1.2712524153645717,-1.1110097425667012,0.005978684689368352,0.016717233820581424,0.014334989963391599,-0.968944099378882,107600.0,0.0012919896640826139,-0.029974160206718392,0
2019-04-08,38.7,38.7,37.5,37.54,34500,38.958000000000006,39.65,40.7555,0.9558955233036034,18.12339331619546,-1.3869642747642814,-1.1662006490062173,-0.029974160206718392,0.01839772484839189,0.01485380083714033,12.8,108900.0,0.03196590303676086,0.0002663825253061969,1
2019-04-09,37.5,38.0,37.5,37.55,5000,38.456,39.382,40.48950000000001,0.9497771027056396,21.712538226299756,-1.461018132986112,-1.2251641458021965,0.0002663825253061969,0.018558314999682878,0.01484113314263558,-0.855072463768116,103350.0,0.013315579227696406,0.012516644474034777,1
2019-04-10,37.5,38.39,37.5,38.02,71500,38.056,39.084,40.2655,0.945126721386795,27.958579881656917,-1.4648948807897,-1.2731102927996973,0.012516644474034777,0.017627986854658894,0.01542304798646511,13.3,98800.0,0.02340873224618623,0.0018411362440819978,1
2019-04-11,38.02,38.46,38.0,38.09,55000,37.980000000000004,38.892,40.045,0.9484330128605319,28.696925329429106,-1.445654214472981,-1.307619077134354,0.0018411362440819978,0.01677587526462782,0.015462669633466512,-0.23076923076923073,99350.0,0.012076660540824385,0.005250721974271455,1
2019-04-12,38.0,38.99,37.51,38.29,74000,37.897999999999996,38.716,39.836,0.9513505372025303,32.727272727272776,-1.3981505104986454,-1.3257253638072124,0.005250721974271455,0.01699099803511984,0.015613414305020066,0.34545454545454546,49700.0,0.03865238965787422,-0.013319404544267388,0
2019-04-15,39.6,39.6,37.5,37.78,116000,37.946,38.452,39.6275,0.9575673459087755,31.90546528803553,-1.385682930342135,-1.337716877114197,-0.013319404544267388,0.01647585613365644,0.015641321958280628,0.5675675675675675,57000.0,0.05558496559025943,0.03096876654314462,1
2019-04-16,37.85,39.0,37.85,38.95,37500,38.226000000000006,38.340999999999994,39.45,0.9689733840304183,35.70432357043241,-1.2667902914121925,-1.3235315599737962,0.03096876654314462,0.020250586706533003,0.017170776076779963,-0.6767241379310345,51950.0,0.02952503209242615,-0.04929396662387675,0
2019-04-17,37.5,37.5,37.0,37.03,30000,38.028000000000006,38.042,39.239,0.969137847549632,31.604938271604993,-1.3123668245421527,-1.3212986128874675,-0.04929396662387675,0.02501856543391404,0.019166190179104606,-0.19999999999999996,50650.0,0.013502565487442613,0.012692411558196115,1
2019-04-18,37.5,37.5,37.5,37.5,5000,37.910000000000004,37.94500000000001,39.064,0.9704587343845997,35.05275498241505,-1.2956263097631577,-1.3161641522626057,0.012692411558196115,0.023084675833983805,0.019576451764648516,-0.8333333333333334,43100.0,0.0,0.01200000000000001,1
2019-04-19,38.0,38.0,37.95,37.95,9500,37.842,37.87,38.911500000000004,0.9725145522531898,35.65621370499423,-1.2318481137424229,-1.2993009445585693,0.01200000000000001,0.023401176920943817,0.019895418387994235,0.8999999999999999,43800.0,0.0013175230566534165,-0.01449275362318847,0
2019-04-22,37.4,37.4,37.4,37.4,500,37.766000000000005,37.85600000000001,38.753,0.9745310040512994,34.88636363636364,-1.2117159303786806,-1.2817839417225916,-0.01449275362318847,0.02177907789608962,0.019987621658567448,-0.9473684210526316,40400.0,0.0,-0.03743315508021383,0
2019-04-23,36.5,36.5,36.0,36.0,39000,37.176,37.701,38.5415,0.9645706576028438,30.216535433070888,-1.2938150353742799,-1.2841901604529293,-0.03743315508021383,0.02475695326294869,0.021342665827778155,77.0,43800.0,0.013888888888888888,0.0,0
2019-04-24,36.05,36.05,36.0,36.0,148500,36.97,37.499,38.2915,0.9654884243239361,35.65621370499423,-1.3433933650959204,-1.2960308013815276,0.0,0.024141993989121764,0.02060450910441126,2.8076923076923075,51500.0,0.00138888888888881,0.00694444444444442,1
2019-04-25,35.98,36.51,35.98,36.25,110500,36.72,37.315,38.103500000000004,0.9636909995144801,35.805330243337195,-1.3469844397770174,-1.3062215290606258,0.00694444444444442,0.02435982632379217,0.020356738328577244,-0.25589225589225584,57050.0,0.014620689655172445,0.049655172413793025,1
2019-04-26,37.49,38.06,37.48,38.05,6500,36.739999999999995,37.291,38.0035,0.9667530622179534,52.75080906148866,-1.190857966210622,-1.283148816490625,0.049655172413793025,0.029806947006946045,0.02370805638776059,-0.9411764705882353,50300.0,0.015243101182654544,-0.014191852825229945,0
2019-04-29,38.04,38.05,37.5,37.51,38500,36.762,37.263999999999996,37.858,0.9710497120819906,49.79591836734694,-1.0980425471348312,-1.2461275626194663,-0.014191852825229945,0.029850768219081475,0.023687300126509145,4.923076923076923,42550.0,0.014662756598240394,0.012529992002132673,1
2019-04-30,37.98,37.98,37.98,37.98,1000,37.158,37.167,37.754000000000005,0.984213593261641,49.795918367346914,-0.9753177310824626,-1.1919655963120657,0.012529992002132673,0.02822908814560014,0.02391186891322865,-0.974025974025974,38900.0,0.0,-0.012638230647709192,0
2019-05-02,37.9,37.9,37.5,37.5,1500,37.458,37.214,37.628,0.9954820878069522,47.110675808031324,-0.9063416759863614,-1.134840812246925,-0.012638230647709192,0.023394385635782923,0.02401764634146924,0.5,36050.0,0.010666666666666628,-0.007733333333333259,0
2019-05-03,37.9,37.9,37.21,37.21,149500,37.65,37.184999999999995,37.565000000000005,1.002262744576068,44.757281553398066,-0.8651058302445662,-1.0808938158464532,-0.007733333333333259,0.023200116166392164,0.022543544382365725,98.66666666666667,50500.0,0.018543402311206603,-0.0008062348830959465,0
2019-05-06,37.2,37.2,37.18,37.18,3000,37.476,37.108,37.489,0.999653231614607,46.94501018329938,-0.8253329501876578,-1.0297816427146942,-0.0008062348830959465,0.022780915508483237,0.02247727371307887,-0.979933110367893,49850.0,0.0005379236148467759,-0.002151694459386677,0
2019-05-07,37.1,37.1,37.1,37.1,1000,37.394,37.077999999999996,37.467,0.9980516187578402,39.40435280641464,-0.7911481244999123,-0.9820549390717379,-0.002151694459386677,0.022348075051340573,0.021478002714939975,-0.6666666666666667,49900.0,0.0,-0.01994609164420491,0
2019-05-08,37.09,37.09,36.0,36.36,1628500,37.07,37.114,37.4075,0.9909777451045914,45.56291390728475,-0.8143805473998285,-0.9485200607373561,-0.01994609164420491,0.019667587302838206,0.0219175353818924,1627.5,208850.0,0.02997799779978007,-0.010176017601760123,0
2019-05-09,36.44,36.5,35.5,35.99,246500,36.768,37.113,37.306,0.9855787272824748,39.865771812080546,-0.8528175676501846,-0.9293795621199219,-0.010176017601760123,0.019995157761741558,0.021746962623232356,-0.8486337120049126,218650.0,0.027785495971103084,0.00027785495971088814,1
2019-05-10,36.0,36.0,35.8,36.0,37000,36.525999999999996,37.088,37.201499999999996,0.9818421300216389,36.09129814550638,-0.87241560268793,-0.9179867702335235,0.00027785495971088814,0.019854039816920074,0.02173328661261617,-0.8498985801217038,211300.0,0.005555555555555635,-0.001388888888888773,0
2019-05-13,37.49,37.49,35.0,35.95,123000,36.279999999999994,36.878,37.0845,0.9783063004759399,38.86328725038403,-0.8818167343820278,-0.9107527630632244,-0.001388888888888773,0.009252646589520318,0.021657742801442142,2.324324324324324,222950.0,0.06926286509040339,-0.011961057023643917,0
2019-05-14,36.0,36.0,35.0,35.52,427500,35.964,36.679,36.971500000000006,0.9727492798506956,45.66787003610111,-0.9134350941494063,-0.9112892292804609,-0.011961057023643917,0.009047705959882442,0.02162553737964648,2.475609756097561,261850.0,0.02815315315315315,0.011542792792792689,1
2019-05-15,36.5,36.5,35.11,35.93,82500,35.878,36.474000000000004,36.820499999999996,0.9744028462405455,49.41176470588235,-0.895091243891379,-0.9080496322026445,0.011542792792792689,0.008833183960965756,0.020429477665819724,-0.8070175438596492,270000.0,0.038686334539382146,0.0016699137211244608,1
2019-05-16,35.0,36.0,35.0,35.99,182500,35.878,36.323,36.7685,0.9757808994111807,47.74305555555557,-0.8657324866363183,-0.8995862030893793,0.0016699137211244608,0.00870601721308649,0.017416218606385914,1.212121212121212,288100.0,0.027785495971103084,-0.028896915809947132,0
2019-05-17,35.0,35.0,34.25,34.95,157000,35.668,36.097,36.641000000000005,0.9734450478971642,18.99999999999997,-0.9158276769733931,-0.9028344978661821,-0.028896915809947132,0.011739931625918588,0.018128376861656016,-0.13972602739726026,288850.0,0.02145922746781116,-0.02775393419170258,0
2019-05-20,33.3,33.99,33.21,33.98,144000,35.274,35.777,36.442499999999995,0.9679357892570489,17.495395948434563,-1.0220181802064445,-0.9266712343342347,-0.02775393419170258,0.013350728389586454,0.018530564008915933,-0.08280254777070062,302950.0,0.02295467922307243,-0.014420247204237624,0
2019-05-21,34.49,34.49,33.48,33.49,164500,34.868,35.416000000000004,36.247,0.9619554721770078,8.807339449541246,-1.1326572561844088,-0.9678684387042696,-0.014420247204237624,0.013227031276700229,0.018528687661012472,0.14236111111111116,319300.0,0.03015825619587952,0.04508808599581959,1
2019-05-22,34.9,35.15,34.75,35.0,1244500,34.682,35.28,36.196999999999996,0.958145702682543,30.709876543209845,-1.0859766774641884,-0.9914900864562534,0.04508808599581959,0.02134663163047321,0.020126057940918422,6.565349544072948,280900.0,0.011428571428571389,0.013428571428571345,1
2019-05-23,35.0,36.0,35.0,35.47,49000,34.577999999999996,35.228,36.1705,0.9559724084544035,36.936936936936895,-0.999534894393193,-0.9930990480436414,0.013428571428571345,0.02183830895014421,0.020391075336830402,-0.9606267577340297,261150.0,0.028192839018889203,-0.008739780095855743,0
2019-05-24,36.0,36.0,34.61,35.16,94500,34.62,35.144,36.116,0.9585779156052718,35.4466858789625,-0.9451484843587394,-0.983508935306661,-0.008739780095855743,0.02195447752730022,0.020389422712952732,0.9285714285714286,266900.0,0.03953356086461891,-0.024459613196814556,0
2019-05-27,34.99,35.0,34.08,34.3,36500,34.684000000000005,34.979,35.9285,0.9653617601625452,31.865284974093214,-0.960371114851867,-0.9788813712157023,-0.024459613196814556,0.02305120321554452,0.017105855536878337,-0.6137566137566137,258250.0,0.026822157434402385,-0.017492711370262204,0
2019-05-28,33.26,33.99,33.26,33.7,27000,34.726,34.797000000000004,35.738,0.9716828026190609,32.453825857519774,-1.0092165248980294,-0.9849484019521678,-0.017492711370262204,0.02331631697066144,0.017214419610342667,-0.26027397260273977,218200.0,0.021661721068249373,0.0038575667655784684,1
2019-05-29,34.0,34.0,33.69,33.83,422500,34.492000000000004,34.587,35.5305,0.9707715906052546,35.28610354223427,-1.0256143074139956,-0.9930815830445334,0.0038575667655784684,0.022831970638098203,0.01684963075631407,14.648148148148149,252200.0,0.009163464380727232,0.0020691693762933117,1
2019-05-30,33.31,34.0,33.31,33.9,34500,34.178,34.378,35.3505,0.9668321523033621,35.81081081081078,-1.0211896149987112,-0.9987031894353691,0.0020691693762933117,0.02284677412452604,0.016848839768618146,-0.9183431952662722,237400.0,0.02035398230088489,-0.028023598820058893,0
2019-06-03,33.04,33.99,32.61,32.95,52000,33.736000000000004,34.178,35.1375,0.96011383849164,31.92771084337346,-1.0818689629354665,-1.0153363441353886,-0.028023598820058893,0.02274985114190009,0.01762158965416487,0.5072463768115942,226900.0,0.041881638846737554,-0.006373292867981828,0
2019-06-10,33.81,33.81,32.4,32.74,23500,33.424,34.053999999999995,34.9155,0.9572825822342512,32.79702970297025,-1.133832908322546,-1.03903565697282,-0.006373292867981828,0.021406122686635463,0.017580579177354682,-0.5480769230769231,214850.0,0.04306658521686022,-0.01252290775809417,0
2019-06-11,32.7,32.99,32.0,32.33,108000,33.15,33.938,34.677,0.9559650488796608,27.72277227722769,-1.194330781109322,-1.0700946818001205,-0.01252290775809417,0.02130681909610146,0.017608052113994167,3.5957446808510642,209200.0,0.03062171357871952,0.019486545004639755,1
2019-06-12,32.0,32.99,32.0,32.96,50500,32.976,33.733999999999995,34.507,0.9556321905700293,32.48554913294795,-1.1778623819410186,-1.0916482218283001,0.019486545004639755,0.015624901460416271,0.01824428951864424,-0.5324074074074074,89800.0,0.03003640776699035,0.04035194174757284,1
2019-06-13,33.0,34.6,33.0,34.29,27500,33.054,33.616,34.422,0.9602579745511592,46.30872483221475,-1.045439990775641,-1.0824065756177683,0.04035194174757284,0.02078771370119748,0.020774793437535004,-0.4554455445544554,87650.0,0.04666083406240891,0.04899387576552927,1
2019-06-14,35.8,36.0,35.25,35.97,17000,33.658,33.696999999999996,34.4205,0.9778475036678724,60.31088082901557,-0.7957593140417885,-1.0250771233025724,0.04899387576552927,0.026347222159118094,0.02372820717652655,-0.38181818181818183,79900.0,0.02085070892410342,0.0008340283569641116,1
2019-06-17,36.8,37.0,35.85,36.0,16000,34.309999999999995,33.867000000000004,34.423,0.9967173111001364,63.65614798694233,-0.5886789056145005,-0.937797479764958,0.0008340283569641116,0.024619495353730172,0.023725466662967425,-0.05882352941176472,77850.0,0.03194444444444441,0.011944444444444535,1
2019-06-18,35.01,37.8,35.0,36.43,79500,35.13,34.14,34.46849999999999,1.0191914356586451,58.816276202219484,-0.3854258345604791,-0.8273231507240622,0.011944444444444535,0.02334231683315085,0.023675572231183988,3.96875,83100.0,0.07685973099094145,0.010705462530881116,1
2019-06-19,36.0,37.0,36.0,36.82,29500,35.902,34.439,34.513,1.0402457045171385,58.40597758405979,-0.19067854715849109,-0.699994230010948,0.010705462530881116,0.023305693427770346,0.023657666367101128,-0.628930817610063,43800.0,0.027159152634437807,-0.009505703422053258,0
2019-06-20,36.5,37.0,34.98,36.47,107500,36.338,34.696000000000005,34.537,1.0521469728117672,58.116480793060745,-0.06384601660526812,-0.572764587329812,-0.009505703422053258,0.023952633997373147,0.023784766366590666,2.6440677966101696,51100.0,0.05538799012887313,0.015903482314230777,1
2019-06-21,35.22,38.27,35.22,37.05,92000,36.554,35.105999999999995,34.641999999999996,1.0551931181802439,67.65083440308089,0.08251959584075763,-0.44170775069569806,0.015903482314230777,0.02047075331133014,0.022921977013867695,-0.14418604651162792,55100.0,0.0823211875843456,-0.026990553306342813,0
2019-06-24,37.2,37.2,36.01,36.05,3500,36.564,35.437,34.74550000000001,1.0523377127973406,64.34676434676432,0.11648103469914162,-0.3300699936167302,-0.026990553306342813,0.023359254422592506,0.022868348490554975,-0.9619565217391304,53100.0,0.03300970873786421,0.008599167822468834,1
2019-06-25,35.12,37.0,35.0,36.36,616500,36.55,35.839999999999996,34.888999999999996,1.047608128636533,65.11350059737157,0.16649092514717267,-0.23075780986394961,0.008599167822468834,0.022021041919683085,0.022510978487138462,175.14285714285714,103950.0,0.05500550055005501,-0.013201320132013139,0
2019-06-26,36.0,36.6,35.0,35.88,685500,36.362,36.132,34.93300000000001,1.0409068788824318,61.27562642369023,0.1654845324765759,-0.15150934139584452,-0.013201320132013139,0.023186813135183153,0.02065711557180481,0.1119221411192215,167450.0,0.04459308807134898,-0.0036231884057971175,0
2019-06-27,35.13,35.95,35.05,35.75,31000,36.218,36.278,34.947,1.036369359315535,67.58793969849242,0.15243981420216812,-0.090719510276242,-0.0036231884057971175,0.02055040521755312,0.020487601397616313,-0.9547775346462436,167800.0,0.025174825174825333,-0.019580419580419672,0
2019-06-28,34.77,35.49,34.26,35.05,150000,35.818,36.186,34.941500000000005,1.025084784568493,63.66863905325439,0.0846419316315874,-0.055647221894676135,-0.019580419580419672,0.014577031167245453,0.020886955857085474,3.838709677419355,181100.0,0.035092724679030074,0.012838801711840375,1
2019-07-01,36.69,36.69,35.5,35.5,11500,35.708000000000006,36.136,35.0015,1.020184849220748,68.66902237926972,0.06645678794659204,-0.0312264199264225,0.012838801711840375,0.015354894733075119,0.02023859046064699,-0.9233333333333333,180650.0,0.03352112676056332,0.0033802816901407073,1
2019-07-03,35.25,35.99,34.5,35.62,41000,35.559999999999995,36.055,35.097500000000004,1.0131775767504805,66.66666666666663,0.06102447551023715,-0.01277624083909057,0.0033802816901407073,0.01476205655270252,0.019716644051369272,2.5652173913043477,176800.0,0.041830432341381306,-0.017405951712521017,0
2019-07-04,35.5,35.5,35.0,35.0,407500,35.384,35.873000000000005,35.156,1.0064853794515873,54.883081155433295,0.006614265191039692,-0.008898139633064519,-0.017405951712521017,0.01471909964839615,0.020232094053310477,8.939024390243903,214600.0,0.014285714285714285,-0.014285714285714235,0
2019-07-09,34.98,35.0,34.1,34.5,30000,35.134,35.676,35.186,0.9985221394872961,37.93103448275864,-0.07597623309541746,-0.02231375832553511,-0.014285714285714235,0.014958838642646943,0.020552620217058934,-0.9263803680981595,206850.0,0.02608695652173909,0.0,0
2019-07-10,34.5,34.5,34.5,34.5,20000,35.024,35.42100000000001,35.2635,0.9932082748450948,37.62376237623763,-0.1398180624298675,-0.045814619146401586,0.0,0.013177290977272476,0.019386489731585348,-0.33333333333333337,199650.0,0.0,-0.01449275362318836,0
2019-07-11,33.5,34.0,33.5,34.0,35500,34.724000000000004,35.216,35.326499999999996,0.9829448147990887,30.1794453507341,-0.22812926133942568,-0.08227754758500641,-0.01449275362318836,0.011567870904333505,0.019664608285456322,0.7749999999999999,202850.0,0.014705882352941176,-0.02588235294117658,0
2019-07-12,34.0,34.0,33.11,33.12,25000,34.224000000000004,34.891999999999996,35.366,0.9677090991347623,22.05438066465257,-0.36491861363222,-0.13880576079444912,-0.02588235294117658,0.011939601061843157,0.020399608273694605,-0.295774647887324,143700.0,0.02687198067632852,-0.018719806763284996,0
2019-07-15,32.51,33.0,32.3,32.5,102500,33.724000000000004,34.553999999999995,35.343,0.9541917777211895,21.1901306240929,-0.5173898313700747,-0.21452257490957424,-0.018719806763284996,0.012266841652601288,0.02040601215845719,3.0999999999999996,85400.0,0.021538461538461624,-0.014769230769230646,0
2019-07-16,31.15,32.5,31.15,32.02,285000,33.228,34.181,35.2295,0.9431868178657091,12.960235640648051,-0.669241756020881,-0.3054664111318356,-0.014769230769230646,0.012151386391883724,0.01820029316143213,1.7804878048780486,110800.0,0.04216114928169898,-0.0037476577139289313,0
2019-07-17,32.05,32.05,31.5,31.9,14500,32.708000000000006,33.866,35.025999999999996,0.9338205904185465,14.890016920473812,-0.7901600245533231,-0.4024051338161331,-0.0037476577139289313,0.011922816789633446,0.013424538726169376,-0.9491228070175438,97250.0,0.01724137931034474,-0.045454545454545414,0
2019-07-18,31.51,31.51,30.31,30.45,180500,31.998,33.361,34.7485,0.9208455041224801,8.085106382978722,-0.9915614027533479,-0.520236387603576,-0.045454545454545414,0.013966672296290566,0.015954267848483316,11.448275862068966,114150.0,0.03940886699507399,0.03809523809523818,1
2019-07-19,31.5,31.95,30.75,31.61,21000,31.695999999999998,32.959999999999994,34.5075,0.9185249583423892,22.380336351875798,-1.0455190477504814,-0.6252929196329572,0.03809523809523818,0.021411143846008236,0.01855325734327377,-0.8836565096952909,112150.0,0.037962670041126204,0.012337867763366095,1
2019-07-22,30.5,32.0,30.5,32.0,44500,31.596000000000004,32.66,34.2665,0.9220667415697548,26.5331664580726,-1.0447676978450957,-0.709187875275385,0.012337867763366095,0.02256033731576301,0.01863821221393164,1.119047619047619,75850.0,0.046875,-0.00031250000000004885,0
2019-07-23,31.0,32.0,31.0,31.99,16000,31.589999999999996,32.409,34.0425,0.9279576999339061,29.041095890410958,-1.0330705695961981,-0.7739644141395476,-0.00031250000000004885,0.022608056009442577,0.0186819373489728,-0.6404494382022472,74450.0,0.03125976867771179,0.015004688965301716,1
2019-07-24,32.0,32.8,31.5,32.47,98000,31.703999999999997,32.205999999999996,33.8135,0.9376136750114599,29.331514324693032,-0.9738426706023802,-0.8139400654321142,0.015004688965301716,0.023621200512383554,0.018626548380566568,5.125,82250.0,0.04003695719125338,-0.03018170619032956,0
2019-07-25,32.35,32.35,31.3,31.49,35000,31.912,31.954999999999995,33.585499999999996,0.9501719492042697,24.786324786324784,-0.9945177620391021,-0.8500556047535118,-0.03018170619032956,0.02475687176396972,0.018824732164310888,-0.6428571428571428,82200.0,0.03334391870435061,-0.03397904096538573,0
2019-07-29,31.0,31.0,30.25,30.42,36500,31.674,31.684999999999995,33.288500000000006,0.9514997671868661,23.49537037037038,-1.0847387851073123,-0.8969922408242719,-0.03397904096538573,0.02554955067085495,0.019417222782403952,0.04285714285714293,83350.0,0.024654832347140037,0.01939513477975008,1
2019-07-30,30.0,31.5,30.0,31.01,35500,31.476,31.536,33.045,0.9525192918747162,30.011454753722816,-1.095997549219362,-0.93679330250329,0.01939513477975008,0.026621801199226938,0.020364343324494782,-0.0273972602739726,76650.0,0.04837149306675266,-0.041921960657852364,0
2019-07-31,30.16,30.2,29.51,29.71,585000,31.02,31.305,32.743,0.9473780655407262,26.12163509471587,-1.1960322213958179,-0.9886410862817956,-0.041921960657852364,0.029073165565573964,0.02177507945137882,15.47887323943662,106650.0,0.023224503534163506,0.0,0
2019-08-01,29.71,29.9,29.71,29.71,2000,30.468,31.086000000000002,32.476,0.9381697253356325,27.492130115424985,-1.2607769677289866,-1.043068262571234,0.0,0.0291449088040292,0.021713674215381285,-0.9965811965811966,105400.0,0.006395153147088445,0.004039044092897903,1
2019-08-02,29.7,30.0,29.0,29.83,115500,30.136000000000003,31.024,32.1925,0.936118661178846,31.242873432155065,-1.287562430323586,-1.0919670961217043,0.004039044092897903,0.025848809664141156,0.02135527962481958,56.75,98900.0,0.03352329869259135,-0.026148172980221207,0
2019-08-05,29.0,29.5,29.0,29.05,23000,29.862000000000002,30.768,31.863999999999997,0.9371704745166961,30.683090705487103,-1.3560973377088317,-1.1447931444391297,-0.026148172980221207,0.022627555425818627,0.02151483833427675,-0.8008658008658008,99100.0,0.01721170395869191,-0.027538726333907082,0
2019-08-06,29.0,29.0,28.0,28.25,77500,29.310000000000002,30.393,31.5265,0.9296940668961033,29.6216216216216,-1.4581563410709606,-1.2074657837654958,-0.027538726333907082,0.022118583208085196,0.02181753722409807,2.369565217391304,102400.0,0.035398230088495575,-0.008495575221238894,0
2019-08-07,28.0,28.75,28.0,28.01,56000,28.97,29.994999999999997,31.201999999999998,0.9284661239664125,29.242262540021343,-1.5406452315561516,-1.274101673323627,-0.008495575221238894,0.02178017248892607,0.021802065294967487,-0.2774193548387097,106400.0,0.026776151374509102,-0.00035701535166021703,0
2019-08-08,27.5,28.2,27.5,28.0,98000,28.627999999999997,29.548000000000002,30.877,0.9271626129481491,34.552332912988646,-1.5885137898387747,-1.3369840966266566,-0.00035701535166021703,0.02006074415556222,0.0217934717225048,0.75,106400.0,0.024999999999999974,-0.017857142857142905,0
2019-08-09,27.5,27.5,27.5,27.5,1500,28.162,29.149,30.552,0.9217727153705159,21.73314993122419,-1.6478009646774332,-1.3991474702368119,-0.017857142857142905,0.019357828068174265,0.021841635694382813,-0.9846938775510204,103050.0,0.0,-0.04218181818181821,0
2019-08-16,26.45,27.5,26.16,26.34,12000,27.619999999999997,28.741000000000003,30.213,0.9141760169463475,14.80099502487559,-1.7680082843980038,-1.4729196330690504,-0.04218181818181821,0.02047372762921502,0.022738370782634763,7.0,100600.0,0.050873196659073645,0.02277904328018221,1
2019-08-19,26.0,27.65,26.0,26.94,78500,27.358000000000004,28.334000000000003,29.934999999999995,0.9139134792049444,20.74159907300117,-1.7941763179751113,-1.5371709700502627,0.02277904328018221,0.021107137360719223,0.023875276303170198,5.541666666666667,104900.0,0.06124721603563469,0.040460282108389034,1
2019-08-20,26.5,28.28,26.47,28.03,162500,27.362000000000002,28.166000000000004,29.735500000000002,0.9201795833263271,25.974025974025977,-1.7072803178662888,-1.571192839613468,0.040460282108389034,0.024673461249332892,0.02625604210913446,1.0700636942675161,62650.0,0.06457367106671431,0.049946485907955696,1
2019-08-21,29.42,29.43,29.42,29.43,1000,27.648000000000003,28.137999999999998,29.612000000000002,0.933675536944482,39.33747412008281,-1.508062308460616,-1.5585667333828976,0.049946485907955696,0.03032529649395175,0.029120043318837954,-0.9938461538461538,62550.0,0.0003397893306149511,0.013591573224600806,1
2019-08-22,29.43,30.89,29.2,29.83,55000,28.113999999999997,28.137999999999998,29.581,0.950407356073155,46.71857619577306,-1.302885095297075,-1.5074304057657333,0.013591573224600806,0.030634280810036118,0.02760927926080006,54.0,56500.0,0.05665437479047943,-0.033858531679517245,0
2019-08-23,30.5,30.5,28.4,28.82,36000,28.610000000000003,28.115,29.441499999999998,0.9717575531138021,38.363443145589784,-1.2078558246384965,-1.447515489540286,-0.033858531679517245,0.03146309258962538,0.026973267577382144,-0.34545454545454546,57800.0,0.07286606523247749,-0.04961832061068705,0
2019-08-26,28.25,28.25,27.38,27.39,38500,28.7,28.029000000000003,29.210999999999995,0.9825065899832256,37.840670859538776,-1.23371202768789,-1.404754797169807,-0.04961832061068705,0.03423558096028137,0.02848181505605512,0.06944444444444442,53900.0,0.03176341730558602,0.029937933552391494,1
2019-08-27,27.75,28.5,27.0,28.21,297000,28.736,28.049,29.022000000000002,0.9901454069326717,42.76061776061776,-1.1744972348896923,-1.3587032847137839,0.029937933552391494,0.035624238275139004,0.02965492750157221,6.714285714285714,78000.0,0.053172633817795106,-0.007444168734491385,0
2019-08-28,28.5,28.99,28.0,28.0,116000,28.45,28.049,28.7985,0.9878986752782263,41.24401913875598,-1.1314714315875136,-1.31325691408853,-0.007444168734491385,0.035730854899221,0.029246090021728254,-0.6094276094276094,79800.0,0.0353571428571428,-0.015000000000000013,0
2019-08-29,28.0,28.0,27.5,27.58,75500,28.0,28.057,28.603,0.9789182952837114,42.71555996035677,-1.1183717688113077,-1.2742798850330856,-0.015000000000000013,0.035578181961979385,0.028805669081392486,-0.34913793103448276,87200.0,0.01812907904278463,-0.01087744742567065,0
2019-08-30,27.58,27.58,27.0,27.28,61500,27.692,28.151,28.445999999999998,0.973493637066723,44.94264859228363,-1.1192951467637258,-1.2432829373792138,-0.01087744742567065,0.03262473218909479,0.02808789200234356,-0.1854304635761589,92150.0,0.021260997067448616,0.04948680351906143,1
2019-09-02,28.59,28.64,28.59,28.63,4000,27.939999999999998,28.32,28.326999999999998,0.9863381226391782,52.89719626168223,-0.9995707830881102,-1.194540506520993,0.04948680351906143,0.035315827248042365,0.030193704712904872,-0.9349593495934959,84700.0,0.0017464198393293997,0.036674816625916984,1
2019-09-03,27.76,29.9,27.75,29.68,12000,28.233999999999998,28.484999999999996,28.325499999999998,0.9967696951510123,57.155025553662696,-0.8106178396603454,-1.1177559731488635,0.036674816625916984,0.0349314959622841,0.030051487164867958,2.0,69650.0,0.07243935309973042,0.00876010781671166,1
2019-09-04,28.69,29.94,28.68,29.94,4000,28.621999999999996,28.536,28.337,1.0100575219677452,60.60869565217392,-0.6325992333888983,-1.0207246251968705,0.00876010781671166,0.03146773356898266,0.030109487881888178,-0.6666666666666667,69950.0,0.042084168336673396,-0.010354041416165694,0
2019-09-05,28.9,29.7,28.8,29.63,12000,29.032,28.516,28.326999999999998,1.0248879161224274,65.44600938967136,-0.5106462030236472,-0.9187089407622258,-0.010354041416165694,0.03141266221708339,0.03020024201406799,2.0,65650.0,0.030374620317245988,-0.0043874451569354544,0
2019-09-11,29.0,29.5,29.0,29.5,5500,29.476,28.583999999999996,28.3495,1.0397361505493925,62.573673870333984,-0.41964999743237286,-0.8188971520962552,-0.0043874451569354544,0.029212454893127238,0.02959083803554515,-0.5416666666666667,62600.0,0.01694915254237288,0.0,0
2019-09-12,29.45,29.5,29.45,29.5,3500,29.65,28.794999999999998,28.412,1.0435731381106574,58.08580858085807,-0.3435743378103453,-0.7238325892390732,0.0,0.02285807532159084,0.02881452512732439,-0.36363636363636365,59100.0,0.0016949152542373122,0.014915254237288122,1
2019-09-13,29.01,30.0,29.01,29.94,6500,29.701999999999998,28.967999999999996,28.508500000000005,1.0418647070172051,53.136531365313665,-0.24495580861576016,-0.6280572331144106,0.014915254237288122,0.021696849069434317,0.02881727420247785,0.8571428571428572,30050.0,0.03306613226452901,-0.03306613226452915,0
2019-09-16,28.54,30.4,28.54,28.95,133500,29.504,29.063,28.556,1.0331979268805156,44.95412844036698,-0.24387341897766035,-0.5512204702870606,-0.03306613226452915,0.024778211545420554,0.02996671964251473,19.53846153846154,31800.0,0.06424870466321242,-0.006217616580310836,0
2019-09-17,28.57,28.94,28.57,28.77,7500,29.332,29.182,28.6195,1.0248956131309073,49.683143219264885,-0.2546051830050402,-0.4918974128306565,-0.006217616580310836,0.024193855140814687,0.02967039163599169,-0.9438202247191011,25000.0,0.012860618700034793,-0.009037191518943222,0
2019-09-18,28.51,28.51,28.51,28.51,1500,29.133999999999997,29.305,28.727999999999998,1.0141325536062378,58.33333333333334,-0.2808525174082064,-0.4496884337461665,-0.009037191518943222,0.02407063409376537,0.027906110056388784,-0.8,19000.0,0.0,0.018940722553489886,1
2019-09-19,28.57,29.45,28.55,29.05,23500,29.044,29.347,28.833500000000004,1.0073005358350529,56.52173913043478,-0.25513914672797,-0.41077857634252724,0.018940722553489886,0.019197267292782778,0.027785525439955536,14.666666666666666,20950.0,0.03098106712564539,-0.018932874354561147,0
2019-09-20,28.6,28.6,28.5,28.5,8000,28.756,29.229000000000003,28.857,0.9964999826731816,53.687315634218294,-0.2759604187394302,-0.38381494482190787,-0.018932874354561147,0.015640017290097653,0.026858112197938655,-0.6595744680851063,20550.0,0.0035087719298246113,-0.032631578947368456,0
2019-09-23,28.5,28.5,27.53,27.57,707500,28.48,28.992,28.764,0.9901265470727298,49.931412894375875,-0.36331656725280226,-0.37971526930808674,-0.032631578947368456,0.017295632426944957,0.025265688007403142,87.4375,90900.0,0.035183170112441015,0.006528835690968515,1
2019-09-24,27.6,27.8,27.5,27.75,713500,28.276,28.804000000000002,28.659999999999997,0.9866015352407538,53.277545327754524,-0.413258660050996,-0.38642394745666864,0.006528835690968515,0.017863356424291595,0.025070838533122558,0.008480565371024706,161050.0,0.010810810810810836,0.0018018018018017834,1
2019-09-25,27.25,27.8,27.25,27.8,55000,28.133999999999997,28.634000000000004,28.609,0.9833968331643886,42.93015332197617,-0.44368897594643997,-0.3978769531546229,0.0018018018018017834,0.018046684571330192,0.024030308175881983,-0.9229152067274001,166000.0,0.01978417266187053,-0.036330935251798646,0
2019-09-26,27.25,27.39,26.41,26.79,220500,27.682,28.363000000000007,28.579,0.9686133174708701,25.214408233276174,-0.5430439074776672,-0.4269103440192318,-0.036330935251798646,0.02027543248813665,0.02278196853277151,3.009090909090909,187700.0,0.03658081373646885,0.04404628592758497,1
2019-09-27,26.37,28.12,26.0,27.97,1957500,27.576,28.166000000000004,28.567,0.9653096229915638,35.407407407407405,-0.5205665016120733,-0.4456415755378001,0.04404628592758497,0.0255613070803699,0.023973120930870784,7.877551020408163,382800.0,0.0757954951734001,0.0028602073650341175,1
2019-09-30,28.49,28.49,27.75,28.05,395000,27.672000000000004,28.076,28.569499999999998,0.9685853795131174,37.8834355828221,-0.4906418502745069,-0.4546416304851415,0.0028602073650341175,0.023880442247020663,0.023918915726248005,-0.7982120051085568,408950.0,0.026381461675579265,0.033511586452762865,1
2019-10-01,27.99,29.2,27.99,28.99,157500,27.919999999999998,28.098000000000003,28.639999999999997,0.9748603351955307,46.521145975443375,-0.38661949551972086,-0.4410372034920574,0.033511586452762865,0.026434859208734444,0.024725550965760512,-0.6012658227848101,423950.0,0.04173853052776823,-0.0013797861331493744,0
2019-10-02,29.0,29.5,28.52,28.95,46500,28.15,28.142000000000003,28.7235,0.9800337702578027,46.26865671641791,-0.30390546264324314,-0.4136108553222946,-0.0013797861331493744,0.02621939803288183,0.02453985548024406,-0.7047619047619047,428450.0,0.03385146804835926,0.011053540587219413,1
2019-10-03,28.89,29.45,28.6,29.27,76000,28.645999999999997,28.163999999999998,28.7555,0.9961920328285022,45.37931034482757,-0.21011064528824264,-0.3729108133154842,0.011053540587219413,0.02576252199421045,0.022114306862504606,0.6344086021505377,433700.0,0.029039972668260947,0.005466347796378557,1
2019-10-04,29.49,29.88,29.0,29.43,46500,28.938,28.256999999999998,28.743000000000002,1.0067842605156037,53.73831775700935,-0.1214667212034044,-0.32262199489306825,0.005466347796378557,0.024796712036182833,0.02053424501392508,-0.38815789473684215,437550.0,0.02990146109412161,0.030581039755351647,1
2019-10-07,29.5,30.4,29.5,30.33,120500,29.394,28.532999999999998,28.7625,1.021955671447197,60.92436974789915,0.021162754603274436,-0.25386504499379975,0.030581039755351647,0.022516986768145925,0.021589250084752275,1.5913978494623655,378850.0,0.029673590504450995,0.01879327398615227,1
2019-10-08,30.34,31.2,30.2,30.9,129000,29.776,28.848000000000003,28.826,1.0329563588427113,66.04026845637583,0.1781384093851095,-0.1674643541180179,0.01879327398615227,0.022651780134828537,0.02177480221876341,0.0705394190871369,320400.0,0.03236245954692557,-0.04142394822006468,0
2019-10-09,29.66,30.2,28.42,29.62,141000,29.910000000000004,29.03,28.832,1.037389012208657,53.479853479853475,0.19698670405024998,-0.09457414248436433,-0.04142394822006468,0.028083669369623674,0.023851606415128197,0.09302325581395343,329000.0,0.060094530722484725,0.04625253207292368,1
2019-10-10,30.0,31.06,29.95,30.99,261000,30.253999999999998,29.449999999999996,28.9065,1.0466158130524275,63.81798002219755,0.3187967730437329,-0.011899959378744884,0.04625253207292368,0.02608966866024956,0.02595296690053556,0.8510638297872339,333050.0,0.03581800580832525,-0.0025814778960954188,0
2019-10-11,30.56,31.0,30.52,30.91,5500,30.55,29.744,28.955000000000002,1.055085477465032,70.46568627450982,0.4042172342432515,0.07132347934565439,-0.0025814778960954188,0.02443089127229984,0.025817147954585302,-0.9789272030651341,137850.0,0.015528955030734403,-0.003235198964736341,0
2019-10-14,30.0,31.89,30.0,30.81,21000,30.645999999999997,30.02,29.048000000000002,1.055012393280088,68.93564356435644,0.45855842482129816,0.14877046844078315,-0.003235198964736341,0.02471192752209401,0.024519082948261932,2.8181818181818183,100450.0,0.061343719571567694,-0.0227198961376176,0
2019-10-15,30.0,30.11,30.0,30.11,1000,30.488,30.131999999999998,29.115000000000002,1.0471578224283016,63.23024054982818,0.4400672388089859,0.2070298225144237,-0.0227198961376176,0.025087404210583385,0.02512994178363044,-0.9523809523809523,84800.0,0.003653271338425753,0.0019926934573231136,1
2019-10-16,30.05,30.9,30.0,30.17,50000,30.597999999999995,30.253999999999998,29.198,1.0479484896225768,71.72236503856044,0.42535115587844174,0.25069408918722735,0.0019926934573231136,0.025028442792306187,0.02498221353965591,49.0,85150.0,0.029830957905203796,-0.01392111368909521,0
2019-10-17,29.81,29.81,29.75,29.75,5000,30.35,30.302,29.232999999999997,1.0382102418499641,62.67806267806269,0.3754698811507673,0.27564924757993536,-0.01392111368909521,0.02553368239881517,0.024968246097186272,-0.9,78050.0,0.0020168067226890326,0.0131092436974789,1
2019-10-18,29.52,30.5,29.01,30.14,37000,30.195999999999998,30.373,29.314999999999998,1.030052873955313,64.25648021828104,0.36322136241938807,0.2931636705478259,0.0131092436974789,0.025764952806048628,0.02461455616329616,6.4,77100.0,0.0494359654943596,-0.026211015262110116,0
2019-10-21,29.04,29.35,28.64,29.35,33500,29.904000000000003,30.275,29.404000000000003,1.0170044891851449,52.50696378830085,0.2864657268045576,0.29182408179917224,-0.026211015262110116,0.025185356541446956,0.02416187218548405,-0.09459459459459463,68400.0,0.02419080068143103,0.005110732538330387,1
2019-10-23,29.01,29.98,28.6,29.5,13500,29.782,30.134999999999998,29.491500000000002,1.009850295847956,53.77229080932785,0.2350307903336244,0.2804654235060627,0.005110732538330387,0.02422346524636339,0.02415431664425944,-0.5970149253731343,56850.0,0.046779661016949116,0.0077966101694915135,1
2019-10-24,29.73,29.75,29.7,29.73,7000,29.694,30.145999999999997,29.588,1.0035825334595105,53.19444444444446,0.21040192796655788,0.26645272439816176,0.0077966101694915135,0.0205832650427002,0.024171429537428558,-0.4814814814814815,43450.0,0.0016818028927009993,0.010090817356205983,1
2019-10-25,29.75,30.3,29.28,30.03,114000,29.75,30.05,29.75,1.0,54.08719346049047,0.21263969189017828,0.2556901178965651,0.010090817356205983,0.013683929741506434,0.02228668052555479,15.285714285714285,28750.0,0.033966033966033954,0.012321012321012237,1
2019-10-28,30.0,30.4,30.0,30.4,108000,29.802,29.999000000000002,29.871499999999997,0.9976733675911823,50.51395007342144,0.24148535089711842,0.25284916449667577,0.012321012321012237,0.014526963283433848,0.020489760250221895,-0.052631578947368474,39000.0,0.01315789473684206,-0.013157894736842035,0
2019-10-29,29.75,30.0,29.75,30.0,6500,29.932,29.918,29.969,0.998765390903934,43.22289156626506,0.22942442446782607,0.24816421649090584,-0.013157894736842035,0.014985258070368159,0.020861701892438748,-0.9398148148148148,37550.0,0.008333333333333333,0.032333333333333325,1
2019-10-30,30.5,30.98,30.5,30.97,103000,30.226,30.003999999999998,30.068,1.005254755886657,60.66350710900473,0.29473937470735123,0.2574792481341949,0.032333333333333325,0.01676284224193767,0.02077418517924405,14.846153846153847,47750.0,0.015498869874071697,0.013884404262189287,1
2019-10-31,29.57,31.48,29.57,31.4,190500,30.560000000000002,30.127000000000002,30.190499999999997,1.012238949338368,53.80333951762524,0.37685519754792196,0.2813544380169404,0.013884404262189287,0.017105957460521744,0.020865142130740106,0.8495145631067962,61800.0,0.060828025477707014,-0.007006369426751591,0
2019-11-01,31.4,31.6,31.0,31.18,206000,30.79,30.270000000000003,30.286,1.0166413524400713,52.44122965641953,0.41934645250793423,0.3089528409151392,-0.007006369426751591,0.016420992833147213,0.02094705720849079,0.08136482939632539,81900.0,0.019243104554201456,0.04971135343168687,1
2019-11-04,31.79,32.73,31.79,32.73,226500,31.255999999999993,30.528999999999996,30.451,1.026435913434698,63.75358166189112,0.5715051684736672,0.36146330642684477,0.04971135343168687,0.02170220887210716,0.023375333207844746,0.09951456310679618,100850.0,0.028719828903146893,0.049495875343721574,1
2019-11-05,33.95,34.36,33.35,34.35,470000,32.126,31.029000000000003,30.651999999999997,1.0480882161033538,76.8354430379747,0.8134357274955555,0.45185779064058695,0.049495875343721574,0.021456545007669792,0.024780249127155034,1.075055187637969,144500.0,0.02940320232896646,0.049490538573507825,1
2019-11-06,34.8,36.06,34.8,36.05,751000,33.141999999999996,31.684000000000005,30.9095,1.0722269852310777,80.81761006289308,1.1293250745640329,0.5873512474252762,0.049490538573507825,0.023438776699042953,0.026472578395491598,0.597872340425532,218250.0,0.03495145631067976,-0.0011095700416088317,0
2019-11-07,36.5,36.5,35.7,36.01,278500,34.064,32.312,31.229000000000003,1.090781004835249,84.17030567685592,1.3607560436397463,0.7420322066681703,-0.0011095700416088317,0.024133839450519504,0.023917374299341845,-0.6291611185086552,245400.0,0.022216051096917447,0.01360733129686209,1
2019-11-08,36.2,36.5,36.0,36.5,334500,35.128,32.959,31.5045,1.1150153152724214,84.34125269978405,1.565657731164709,0.9067573115674781,0.01360733129686209,0.024005076243768058,0.022383772044122417,0.20107719928186718,267450.0,0.0136986301369863,0.006849315068493178,1
2019-11-11,36.4,37.25,36.4,36.75,3008000,35.931999999999995,33.594,31.7965,1.130061484754611,92.4311926605505,1.728294007930252,1.071064650840033,0.006849315068493178,0.02425948230253089,0.022238009345112598,7.9925261584454415,557450.0,0.023129251700680312,-0.009795918367346945,0
2019-11-12,36.88,37.0,35.8,36.39,449500,36.339999999999996,34.233,32.0755,1.1329519415129927,88.57782754759242,1.8073019853627414,1.2183121177445746,-0.009795918367346945,0.02377648482904301,0.022473912182275676,-0.8505651595744681,601750.0,0.03297609233305861,0.030777686177521302,1
2019-11-13,36.0,38.2,36.0,37.51,2233500,36.632,34.887,32.445499999999996,1.1290317609529827,89.61303462321796,1.9379515177059972,1.362239997736859,0.030777686177521302,0.02368990948908034,0.021721877990279057,3.9688542825361512,814800.0,0.05865102639296196,-0.020527859237536528,0
2019-11-14,38.0,38.0,36.37,36.74,1821500,36.778,35.421,32.774,1.1221700128150363,82.60447035957245,1.9568028434141809,1.4811525668723236,-0.020527859237536528,0.02689363142628368,0.022785691135112394,-0.18446384598164312,977900.0,0.04436581382689174,0.006804572672836073,1
2019-11-15,36.98,37.0,36.51,36.99,172500,36.876,36.001999999999995,33.136,1.1128681796233701,82.39921337266476,1.9692156730326857,1.578765188104396,0.006804572672836073,0.02590897119715877,0.02209450553656554,-0.9052978314575899,974550.0,0.01324682346580162,-0.006217896728845762,0
2019-11-18,36.5,37.5,36.5,36.76,740500,36.878,36.405,33.467,1.1019212956046256,83.80000000000001,1.9381520418445248,1.650642558852422,-0.006217896728845762,0.02416844884575596,0.022425800894066567,3.292753623188406,1025950.0,0.02720348204570185,0.0,0
2019-11-19,37.45,37.45,36.61,36.76,346000,36.952,36.646,33.8375,1.0920428518655338,82.05980066445184,1.8917272363057194,1.6988594943430815,0.0,0.020395817374971894,0.020899123507865762,-0.5327481431465226,1013550.0,0.022850924918389647,-0.02883569096844385,0
2019-11-20,36.0,36.0,35.7,35.7,27000,36.59,36.611,34.147499999999994,1.071527930302365,72.25672877846796,1.7492379757120062,1.7089351906168666,-0.02883569096844385,0.017020403823707623,0.022744318140356105,-0.9219653179190751,941150.0,0.008403361344537735,0.016246498599439718,1
2019-11-21,35.5,36.98,35.0,36.28,594000,36.498000000000005,36.638,34.475,1.0586802030456854,75.44910179640722,1.6639345609937166,1.6999350646922369,0.016246498599439718,0.01785486704344752,0.022783093396335743,21.0,972700.0,0.05457552370452031,0.007166482910694549,1
2019-11-22,36.5,36.99,36.49,36.54,20500,36.408,36.641999999999996,34.8005,1.0461918650594102,71.82130584192444,1.598879924835586,1.679724036720907,0.007166482910694549,0.01745690604775752,0.022793537235067933,-0.9654882154882155,941300.0,0.013683634373289545,0.01258894362342633,1
2019-11-25,36.5,37.0,36.5,37.0,659000,36.456,36.666999999999994,35.1305,1.03773074678698,67.50330250990756,1.5663854956537335,1.6570563285074724,0.01258894362342633,0.017789303961504188,0.022794988845068233,31.146341463414636,706400.0,0.013513513513513514,0.04162162162162164,1
2019-11-26,37.5,38.83,37.0,38.54,758500,36.812,36.882,35.5575,1.0352808830767068,66.80161943319843,1.6459253531818732,1.6548301334423525,0.04162162162162164,0.021436630542821713,0.023139838607511936,0.15098634294385427,737300.0,0.0474831344058121,-0.00856253243383498,0
2019-11-27,38.02,38.5,38.02,38.21,316500,37.314,36.952,35.9195,1.0388229234816744,64.28571428571432,1.6631611349696556,1.6564963337478131,-0.00856253243383498,0.019933709409490376,0.02313485562697358,-0.5827290705339485,545600.0,0.012562156503533024,0.008898194190002595,1
2019-11-28,38.0,38.98,38.0,38.55,1983000,37.767999999999994,37.132999999999996,36.277,1.0411004217548308,63.576158940397356,1.6848340564846467,1.66216387829518,0.008898194190002595,0.018342404096971052,0.0231268398263658,5.265402843601896,561750.0,0.02542153047989616,0.023346303501945664,1
2019-11-29,39.0,39.7,38.52,39.45,1707500,38.35,37.379,36.6905,1.0452296916095447,66.46341463414637,1.7544087493355889,1.6806128525032618,0.023346303501945664,0.019249589769214325,0.022908288377868923,-0.13893091275844682,715250.0,0.02991128010139416,0.012927756653992262,1
2019-12-02,40.0,40.9,38.5,39.96,7045500,38.942,37.699,37.05200000000001,1.0510093922055488,71.37724550898207,1.8296093349101383,1.7104121489846371,0.012927756653992262,0.01877658745706704,0.021135885576436933,3.126207906295754,1345750.0,0.060060060060060025,-0.005255255255255276,0
2019-12-03,40.25,40.8,39.5,39.75,3128500,39.184000000000005,37.998000000000005,37.322,1.049890145222657,65.05376344086025,1.850924787027978,1.7385146765933053,-0.005255255255255276,0.019112692930823832,0.019244722021797563,-0.5559577034986871,1624000.0,0.0327044025157232,0.007547169811320753,1
2019-12-04,39.79,41.3,39.79,40.05,6821000,39.552,38.43300000000001,37.522,1.0541015937316776,73.74461979913916,1.8704633915416338,1.764904419582971,0.007547169811320753,0.014132646721869806,0.016520717217058598,1.1802780885408342,2303400.0,0.037702871410736534,0.016479400749063844,1
2019-12-05,40.49,41.1,39.7,40.71,5458500,39.983999999999995,38.876,37.757,1.0589824403421881,75.20325203252034,1.9171051655447329,1.7953445687753233,0.016479400749063844,0.014141247961275485,0.01662357579140377,-0.19975076968186478,2789850.0,0.03438958486858262,0.04986489805944494,1
2019-12-06,40.88,42.74,40.52,42.74,3082000,40.642,39.496,38.069,1.0675878010980062,82.57080610021791,2.093737835597935,1.8550232221398457,0.04986489805944494,0.018425619604907708,0.019236075508189336,-0.4353760190528534,3096000.0,0.051941974730931185,0.031118390266728913,1
2019-12-09,43.9,44.87,43.25,44.07,4013000,41.464,40.203,38.434999999999995,1.0788083777806687,84.77640342530927,2.3143618610174244,1.9468909499153615,0.031118390266728913,0.01897408070881537,0.019907051502634124,0.30207657365347185,3431400.0,0.03675970047651458,0.001361470388019148,1
2019-12-10,44.1,44.55,43.12,44.13,1532000,42.339999999999996,40.762,38.821999999999996,1.090618721343568,94.32176656151421,2.4656272728302184,2.050638214498333,0.001361470388019148,0.017577435397041576,0.019495546053567833,-0.6182407176675804,3508750.0,0.03240426014049399,0.005211874008610895,1
2019-12-11,44.73,44.8,43.3,44.36,2291500,43.202000000000005,41.376999999999995,39.1645,1.1030908092788114,94.1048034934498,2.5743893217111236,2.1553884359408912,0.005211874008610895,0.01611124914047377,0.01888080176105114,0.49575718015665804,3706250.0,0.033814247069431924,-0.012849413886384164,0
2019-12-12,44.51,44.75,43.32,43.79,811000,43.818,41.900999999999996,39.516999999999996,1.108839233747501,88.27877507919747,2.584793897652446,2.2412695282832025,-0.012849413886384164,0.01835979386357895,0.018327534168572076,-0.6460833515164739,3589050.0,0.032655857501712716,0.0034254395980817254,1
2019-12-13,44.0,44.5,43.5,43.94,1348500,44.058,42.35,39.8645,1.1051938441470481,87.882096069869,2.5754551021916257,2.308106643064887,0.0034254395980817254,0.01818941908002874,0.018364116941320934,0.6627620221948212,3553150.0,0.02275830678197542,0.03732362312243964,1
2019-12-16,44.5,45.91,44.0,45.58,1395500,44.36,42.912,40.3055,1.1005942117080794,88.01295896328294,2.669614677232964,2.380408249898503,0.03732362312243964,0.020022811361295988,0.019057361391143657,0.03485354097144966,2988150.0,0.041904344010530864,-0.018429135585783185,0
2019-12-17,45.98,45.99,44.25,44.74,753000,44.482,43.411,40.7045,1.0928030070385337,83.41862845445243,2.6459549177669714,2.433517583472197,-0.018429135585783185,0.021747379538843113,0.020036649366888544,-0.46040845575062705,2750600.0,0.03889137237371484,-0.03777380420205645,0
2019-12-18,44.5,44.5,42.75,43.05,1555000,44.22,43.711,41.072,1.076645890144137,70.23381294964028,2.4624499219714764,2.4393040511720527,-0.03777380420205645,0.026911981145683148,0.021025146665601888,1.0650730411686586,2224000.0,0.04065040650406505,-0.020905923344947674,0
2019-12-19,43.45,43.85,41.2,42.15,1982500,43.891999999999996,43.855000000000004,41.3655,1.0610774679382577,62.14028776978416,2.218821222451119,2.395207485427866,-0.020905923344947674,0.02810747611792909,0.02202565203427948,0.27491961414791,1876400.0,0.062870699881376,0.01708185053380773,1
2019-12-20,42.15,43.1,41.84,42.87,284000,43.678,43.868,41.682,1.0478863778129648,62.84201235657545,2.060094221716355,2.328184832685564,0.01708185053380773,0.02371007687857208,0.022123077030571443,-0.8567465321563682,1596600.0,0.029391182645206394,-0.032423606251457904,0
2019-12-23,42.4,42.5,41.2,41.48,463000,42.858000000000004,43.608999999999995,41.906,1.0227175106190045,56.91446842525978,1.8013754123461965,2.2228229486176905,-0.032423606251457904,0.02311661608970068,0.023878512128244028,0.630281690140845,1241600.0,0.03134040501446474,0.010366441658630654,1
2019-12-24,41.0,42.98,40.5,41.91,480500,42.291999999999994,43.387,42.0745,1.0051694018942587,57.357594936708864,1.6124489900493941,2.1007481569040314,0.010366441658630654,0.023596891004824348,0.022401634184906812,0.03779697624190059,1136450.0,0.05917442137914572,0.02743975184920089,1
2019-12-26,42.4,43.5,41.98,43.06,1545000,42.294,43.257,42.317,0.9994564832100573,58.94897182025895,1.537792117992936,1.9881569491218123,0.02743975184920089,0.025615532434348796,0.022745866347065356,2.215400624349636,1061800.0,0.03529958197863453,-0.0225267069205759,0
2019-12-27,42.6,43.06,41.65,42.09,679000,42.282000000000004,43.086999999999996,42.494,0.9950110603849956,47.30737365368683,1.3843966527863785,1.8674048898547255,-0.0225267069205759,0.02621834852962976,0.02362097130019439,-0.5605177993527508,1048600.0,0.03349964362081263,0.004038964124494893,1
2019-12-30,42.79,42.95,42.0,42.26,568000,42.160000000000004,42.919,42.634499999999996,0.9888705156621986,41.70485792850594,1.2619996740315358,1.7463238466900877,0.004038964124494893,0.026237435758659545,0.023208297638198996,-0.16347569955817376,970550.0,0.022479886417416065,-0.00402271651680064,0
2019-12-31,42.01,42.48,41.76,42.09,372500,42.282,42.57,42.741,0.9892608970309538,40.74410163339382,1.1381615889782495,1.62469139514772,-0.00402271651680064,0.021989124303958916,0.02316308171571739,-0.3441901408450704,868250.0,0.017106200997861698,0.016868614872891374,1
2020-01-01,42.01,43.7,42.0,42.8,463500,42.459999999999994,42.376,42.8935,0.9898935736183802,43.21739130434781,1.0848051224666548,1.5167141406115072,0.016868614872891374,0.02289273798606721,0.023283415136551324,0.24429530201342287,839300.0,0.039719626168224366,0.035280373831775735,1
2020-01-02,43.1,44.5,43.05,44.31,3096000,42.71,42.502,43.1065,0.990801851228933,52.09003215434085,1.1510950119807433,1.4435903148853546,0.035280373831775735,0.022638261565085836,0.024311446259913418,5.679611650485437,993400.0,0.0327239900699617,-0.020085759422252325,0
2020-01-03,43.53,44.24,43.0,43.42,613000,42.976,42.629,43.242,0.993848573146478,48.027314112291364,1.1189164922327421,1.3786555503548321,-0.020085759422252325,0.02254283201180211,0.02480013686066157,-0.8020025839793281,856450.0,0.028558268079226207,-0.03385536619069551,0
2020-01-06,42.99,42.99,41.31,41.95,606000,42.914,42.537,43.2025,0.9933221457091603,36.04919292851654,0.9636892589004589,1.2956622920639576,-0.03385536619069551,0.02470879996997879,0.023602193382420734,-0.011419249592169667,888650.0,0.04004767580452919,0.0011918951132299238,1
2020-01-07,42.5,42.5,41.94,42.0,742500,42.896,42.589000000000006,43.099000000000004,0.9952899139191164,38.78887070376431,0.8350788708606345,1.2035456078232931,0.0011918951132299238,0.022258717292219083,0.022398925042975863,0.22524752475247523,916600.0,0.013333333333333388,-0.00642857142857145,0
2020-01-08,41.99,43.0,41.25,41.73,940500,42.682,42.571,42.979,0.9930896484329557,43.888888888888886,0.7032607164606475,1.103488629550764,-0.00642857142857145,0.022146163019510865,0.022402122487772902,0.2666666666666666,962600.0,0.04193625688952792,0.04984423676012484,1
2020-01-09,42.55,43.81,42.55,43.81,1707000,42.58200000000001,42.646,42.951499999999996,0.9913972736691388,56.92821368948249,0.7578959434525601,1.0343700923311232,0.04984423676012484,0.02604439036750269,0.025257490654142907,0.8149920255183414,978800.0,0.028760556950468044,0.01620634558320022,1
2020-01-10,44.75,45.0,43.75,44.52,1299500,42.802,42.889,42.98800000000001,0.9956732111286869,56.89223057644112,0.8487025065550355,0.9972365751759058,0.01620634558320022,0.024838737564789142,0.0253345131292605,-0.2387229056824839,1040850.0,0.028077268643306376,0.0029200359389036645,1
2020-01-13,44.5,44.85,44.5,44.65,720000,43.342,43.128,43.0235,1.007402930956338,64.79925303454716,0.9205457966603277,0.9818984194727902,0.0029200359389036645,0.024850589067815374,0.0253323558179783,-0.44594074644093884,1056050.0,0.007838745800671924,0.002239641657334923,1
2020-01-14,44.65,45.2,44.3,44.75,710000,43.892,43.394,42.982,1.0211716532501978,63.68015414258191,0.974319932250971,0.9803827220284265,0.002239641657334923,0.024653906634833498,0.023864561072416784,-0.01388888888888884,1089800.0,0.020111731843575547,0.027486033519553033,1
2020-01-15,44.75,46.0,44.5,45.98,914000,44.742000000000004,43.712,43.044,1.0394480066908283,63.95793499043976,1.103466962331943,1.0049995700891299,0.027486033519553033,0.02537213402850039,0.02426914312302387,0.2873239436619719,1134850.0,0.032622879512831666,0.0071770334928231705,1
2020-01-16,45.6,47.45,45.5,46.31,778000,45.242,43.912,43.207,1.0470988497234244,71.4867617107943,1.218400197155134,1.0476796955023309,0.0071770334928231705,0.023433005020741318,0.022438664521753957,-0.14879649890590807,903050.0,0.04210753616929395,-0.0053984020729863635,0
2020-01-17,46.65,46.65,46.0,46.06,61500,45.55,44.176,43.4025,1.0494787166637864,69.19191919191921,1.2746196808809387,1.0930676925780525,-0.0053984020729863635,0.02213322769295704,0.02179527777350418,-0.9209511568123393,847900.0,0.014112027789839308,-0.028006947459835008,0
2020-01-20,45.99,46.0,44.5,44.77,113000,45.574,44.458,43.4975,1.0477383757687222,62.159709618874764,1.2012347216247363,1.1147010983873893,-0.028006947459835008,0.021007676478205273,0.022754673104835733,0.8373983739837398,798600.0,0.03350457895912441,-0.017199017199017286,0
2020-01-21,44.9,44.9,43.75,44.0,1396000,45.424,44.658,43.6235,1.0412736254541703,55.415162454873645,1.068625597174723,1.1054859981448562,-0.017199017199017286,0.022310322087538803,0.021760783656774134,11.353982300884956,863950.0,0.026136363636363603,0.005454545454545601,1
2020-01-22,44.0,44.75,43.5,44.24,400000,45.07600000000001,44.909000000000006,43.74,1.030544124371285,49.643221202854235,0.9716967891620385,1.0787281563482927,0.005454545454545601,0.021954457213715667,0.021703011171608493,-0.7134670487106017,809900.0,0.028254972875226037,-0.003616636528029016,0
2020-01-23,44.99,44.99,44.0,44.08,340000,44.63,44.936,43.791,1.0191591879609967,53.634361233480156,0.8719184149166352,1.0373662080619612,-0.003616636528029016,0.01574122569257091,0.020955307359713717,-0.15000000000000002,673200.0,0.022459165154265017,-0.004990925589836603,0
2020-01-24,44.0,44.4,43.82,43.86,144000,44.190000000000005,44.87,43.8795,1.0070761973130962,62.19667943805871,0.7662582252381327,0.9831446114971956,-0.004990925589836603,0.014825640495544839,0.020257698889789576,-0.5764705882352941,557650.0,0.013223894208846291,-0.00729594163246694,0
2020-01-27,44.0,44.5,43.51,43.54,112500,43.944,44.759,43.94350000000001,1.0000113782470672,59.50617283950615,0.6492166723534041,0.9163590236684374,-0.00729594163246694,0.014847345023091782,0.020363448555510748,-0.21875,496900.0,0.022737712448323427,0.0039044556729443958,1
2020-01-28,43.21,43.9,43.2,43.71,72500,43.886,44.655,44.0245,0.9968540244636509,62.37500000000001,0.5636802229724509,0.8458232635292401,0.0039044556729443958,0.014914518518731516,0.02032354400560597,-0.3555555555555555,433150.0,0.016014641958361834,-0.013498055364905115,0
2020-01-29,43.6,43.97,43.0,43.12,242000,43.662,44.369,44.040499999999994,0.9914056379923026,44.70046082949307,0.4431752529677482,0.7652936614169417,-0.013498055364905115,0.010936278288696468,0.020295240256290415,2.3379310344827586,365950.0,0.022495361781076043,-0.01321892393320967,0
2020-01-30,42.52,43.25,41.85,42.55,320500,43.356,43.992999999999995,43.9525,0.9864285308002958,34.53689167974879,0.2982420114772566,0.6718833314290047,-0.01321892393320967,0.00999524574581751,0.01876924916649622,0.3243801652892562,320200.0,0.03290246768507635,0.0016451233842538215,1
2020-01-31,42.6,43.0,42.3,42.62,82500,43.108,43.648999999999994,43.9125,0.9816794762311414,33.914421553090364,0.18687560277128767,0.5748817856974613,0.0016451233842538215,0.010466291111046125,0.018281196986429535,-0.7425897035881435,322300.0,0.016424213984045116,-0.042233693101830116,0
2020-02-03,42.44,42.45,40.5,40.82,262000,42.564,43.254,43.856,0.9705399489237504,25.46816479400752,-0.046096661631068514,0.4506860962317554,-0.042233693101830116,0.01392981859214181,0.019154351750484435,2.175757575757576,337200.0,0.04777070063694275,0.03478686918177365,1
2020-02-04,40.0,42.85,40.0,42.24,421000,42.269999999999996,43.077999999999996,43.868,0.9635725357891856,27.19512195121959,-0.11482311765421116,0.3375842534545621,0.03478686918177365,0.01925581805354497,0.02077851230295716,0.6068702290076335,239700.0,0.06747159090909094,0.005681818181818121,1
2020-02-06,42.5,43.25,42.0,42.48,396000,42.142,42.902,43.9055,0.9598341893384655,26.387176325524024,-0.14821480692985034,0.24042444137767965,0.005681818181818121,0.01926822423303286,0.020742744793212316,-0.05938242280285033,239300.0,0.0294256120527307,-0.020244821092278653,0
2020-02-07,41.55,42.01,41.5,41.62,363500,41.956,42.656,43.79600000000001,0.9579870307790666,24.54128440366972,-0.2412913178218119,0.14408128953778135,-0.020244821092278653,0.019948124723897797,0.017782541569490565,-0.08207070707070707,241650.0,0.012253724171071553,0.005285920230658547,1
2020-02-10,41.99,42.94,41.4,41.84,572000,41.8,42.45399999999999,43.66199999999999,0.957354221061793,30.84967320261441,-0.29391489395857917,0.056482052838509246,0.005285920230658547,0.02024247066488193,0.017343057754294573,0.5735900962861074,284450.0,0.03680688336520074,-0.005258126195028856,0
2020-02-11,42.0,42.0,41.5,41.62,52500,41.96,42.262,43.51049999999999,0.9643649234092921,33.23943661971832,-0.34934459157047115,-0.024683276043286836,-0.005258126195028856,0.020221652530759783,0.017293560894073596,-0.9082167832167832,278450.0,0.01201345506967804,0.022104757328207603,1
2020-02-12,42.7,43.2,41.81,42.54,72000,42.019999999999996,42.144999999999996,43.4,0.9682027649769585,39.07455012853471,-0.3154009689977997,-0.08282681463418941,0.022104757328207603,0.021801004165396695,0.018180155761715614,0.37142857142857144,278400.0,0.032675129290079936,0.007757404795486478,1
2020-02-13,42.78,43.0,42.4,42.87,132000,42.098,42.12,43.2445,0.9734879580062203,42.38993710691825,-0.25888786334685676,-0.11803902437672288,0.007757404795486478,0.021644643856467593,0.016969779544894623,0.8333333333333333,267400.0,0.013995801259622147,0.002799160251924615,1
2020-02-14,43.23,43.8,42.9,42.99,132000,42.372,42.164,43.078500000000005,0.983599707510707,44.45859872611468,-0.20208827500670168,-0.13484887450271865,0.002799160251924615,0.021175683177852216,0.016854577359870553,0.0,248550.0,0.020935101186322365,-0.014887183065829257,0
2020-02-17,42.26,42.74,42.25,42.35,24000,42.474000000000004,42.137,42.892999999999994,0.9902315063063906,42.717258261933935,-0.20633830379995288,-0.1491467603621655,-0.014887183065829257,0.021776711030772736,0.017041062338022835,-0.8181818181818181,242700.0,0.011570247933884344,-0.013931523022432168,0
2020-02-18,42.25,42.25,41.51,41.76,164000,42.501999999999995,42.230999999999995,42.74249999999999,0.9943732818623151,38.64959254947615,-0.25438219184252375,-0.17019384665823717,-0.013931523022432168,0.01706896472439226,0.0162730065879449,5.833333333333333,232900.0,0.01772030651341001,-0.002394636015325746,0
2020-02-19,41.6,42.5,41.6,41.66,78000,42.326,42.173,42.6255,0.9929736894581881,40.987654320987666,-0.2971016802879376,-0.19557541338417728,-0.002394636015325746,0.012730889321510962,0.015943149255337265,-0.524390243902439,198600.0,0.021603456553048454,0.0,0
2020-02-20,41.7,41.96,41.35,41.66,33500,42.083999999999996,42.090999999999994,42.4965,0.9902933182732695,44.09030544488713,-0.32718559083305365,-0.22189744887395257,0.0,0.012509093012363689,0.01584432624200722,-0.5705128205128205,162350.0,0.014642342774843962,0.002160345655304985,1
2020-02-21,41.0,42.0,40.0,41.75,11000,41.836,42.104,42.38,0.9871637564889097,44.238410596026526,-0.3398475083161685,-0.24548746076239578,0.002160345655304985,0.01073424716141714,0.015882806734199253,-0.6716417910447761,127100.0,0.04790419161676647,-0.017964071856287456,0
2020-02-24,41.0,41.25,39.72,41.0,454000,41.565999999999995,42.019999999999996,42.237,0.9841134550275823,51.38461538461538,-0.4057239677879494,-0.2775347621675065,-0.017964071856287456,0.01199367992339403,0.016246706013359202,40.27272727272727,115300.0,0.037317073170731734,-0.030487804878048808,0
2020-02-26,40.5,40.5,39.7,39.75,1734000,41.164,41.833,42.0475,0.9789880492300375,30.331753554502413,-0.5524280432397646,-0.33251341838195814,-0.030487804878048808,0.015032814370991285,0.017342145427645214,2.8193832599118944,283450.0,0.020125786163521942,-0.030440251572327104,0
2020-02-27,39.98,39.98,38.25,38.54,565500,40.54,41.433,41.789,0.9701117518964321,23.0136986301371,-0.7575958739414475,-0.41752990949385604,-0.030440251572327104,0.013842364277700171,0.018157827109690515,-0.6738754325259515,332800.0,0.044888427607680255,0.012195121951219523,1
2020-02-28,38.5,39.5,38.49,39.01,337000,40.01,41.047,41.5835,0.9621604723027162,31.114327062228725,-0.8722134521385883,-0.5084666180228026,0.012195121951219523,0.014520140619516704,0.01851353410098894,-0.40406719717064543,353300.0,0.025890797231479058,0.06998205588310702,1
2020-03-02,39.9,41.74,39.51,41.74,736500,40.007999999999996,40.922,41.54299999999999,0.9630503333895001,49.4692144373673,-0.7342960167985879,-0.5536324977779596,0.06998205588310702,0.029030157507636788,0.024807668403545875,1.185459940652819,413750.0,0.05342597029228567,0.005270723526593191,1
2020-03-03,41.74,44.0,41.53,41.96,368000,40.2,40.882999999999996,41.510000000000005,0.9684413394362804,51.804670912951174,-0.6003231427652693,-0.5629706267754216,0.005270723526593191,0.028779147861533474,0.024838720574064395,-0.5003394433129668,448150.0,0.05886558627264058,-0.006673021925643452,0
2020-03-05,42.0,43.81,41.6,41.68,121500,40.586,40.875,41.553,0.976728515389984,45.10250569476083,-0.510853533277448,-0.5525472080758269,-0.006673021925643452,0.028494583433771453,0.02288967626273614,-0.6698369565217391,443900.0,0.05302303262955856,-0.004078694817658435,0
2020-03-06,42.0,42.0,41.5,41.51,34000,41.18,40.86,41.51649999999999,0.9918947888189035,42.111368909512784,-0.44849582176104263,-0.5317369308128701,-0.004078694817658435,0.028516359146823697,0.021503783987928522,-0.7201646090534979,439500.0,0.012045290291496025,-0.044808479884365204,0
2020-03-09,38.61,40.83,38.61,39.65,577500,41.30800000000001,40.659000000000006,41.375,0.9983806646525681,33.88030888030889,-0.5429050697551858,-0.5339705586013332,-0.044808479884365204,0.031842224787488924,0.023583711538967198,15.985294117647058,493900.0,0.055989911727616616,0.06254728877679705,1
2020-03-10,41.0,42.42,38.75,42.13,311500,41.386,40.697,41.4005,0.9996497626840256,49.098360655737714,-0.41285071909811677,-0.50974659070069,0.06254728877679705,0.038311273103487246,0.027389863577898955,-0.4606060606060606,523950.0,0.0871113220982673,-0.0413007358177071,0
2020-03-11,41.01,43.15,40.1,40.39,278000,41.071999999999996,40.636,41.328,0.9938056523422375,44.86891385767792,-0.4450548521263542,-0.4968082429858228,-0.0413007358177071,0.040291864989075554,0.028939619890152115,-0.1075441412520064,506350.0,0.07551374102500612,-0.06932409012131713,0
2020-03-12,39.51,39.51,37.57,37.59,713000,40.254000000000005,40.42,41.12650000000001,0.9787849683294226,37.32087227414333,-0.6885759836769552,-0.5351617911240493,-0.06932409012131713,0.04506275937211073,0.03269467983143084,1.564748201438849,404250.0,0.05160947060388395,0.0007980845969670636,1
2020-03-13,35.2,38.69,35.2,37.62,458500,39.476,40.327999999999996,40.8805,0.9656437665879821,37.43781094527364,-0.869128710861311,-0.6019551750715016,0.0007980845969670636,0.04415080777738522,0.032121740255354726,-0.3569424964936886,393550.0,0.09276980329611896,-0.07496012759170656,0
2020-03-16,37.0,37.0,34.8,34.8,276500,38.50600000000001,39.907,40.477,0.9513056797687578,31.525784157363105,-1.225640064514451,-0.7266921529600916,-0.07496012759170656,0.04942564122979907,0.0354580261574425,-0.3969465648854962,387500.0,0.06321839080459779,-0.045977011494252706,0
2020-03-17,34.99,37.41,32.19,33.2,321500,36.72,39.053,39.9875,0.9182869646764614,30.162767039674478,-1.6186259961285643,-0.9050789215937861,-0.045977011494252706,0.041472269413583625,0.03621695712198943,0.16274864376130194,346000.0,0.15722891566265054,-0.07500000000000007,0
2020-03-18,32.0,32.0,30.71,30.71,271500,34.784000000000006,37.928000000000004,39.4055,0.8827194173402191,28.373205741626805,-2.106707555129617,-1.1454046483009523,-0.07500000000000007,0.04336472549876695,0.038849226794564,-0.15552099533437014,336350.0,0.04200586128296969,-0.0289807880169326,0
2020-03-19,28.41,31.3,28.41,29.82,365000,33.230000000000004,36.742000000000004,38.8085,0.8562557171753611,28.81438289601556,-2.5360967246588757,-1.423543063572537,-0.0289807880169326,0.0426055283666701,0.038968530451360534,0.3443830570902393,360700.0,0.09691482226693496,-0.010731052984574108,0
2020-03-20,30.01,31.44,29.5,29.5,257000,31.606,35.541000000000004,38.2005,0.8273713694846927,26.725403817914838,-2.869138419023294,-1.7126621346626885,-0.010731052984574108,0.04216894578154935,0.03886009461904547,-0.2958904109589041,383000.0,0.06576271186440683,-0.07491525423728818,0
2020-03-24,27.29,27.29,27.29,27.29,664000,30.104000000000003,34.305,37.482,0.8031588495811324,13.71170266197889,-3.273668083621928,-2.0248633244545364,-0.07491525423728818,0.04415177522801427,0.04076130555321399,1.5836575875486383,391650.0,0.0,-0.06815683400513006,0
2020-03-25,27.0,27.0,25.25,25.43,263500,28.55,32.635000000000005,36.666,0.7786505209185622,11.647331786542921,-3.7016765891209005,-2.3602259773878096,-0.06815683400513006,0.028313558160788867,0.041757489985329146,-0.6031626506024097,386850.0,0.06881635863153755,-0.0007864726700747005,0
2020-03-26,25.5,27.1,24.1,25.41,131500,27.49,31.137,35.8865,0.7660262215596394,11.789572569281333,-3.996421981302479,-2.6874651781707435,-0.0007864726700747005,0.03215289220463558,0.042056188935914236,-0.5009487666034156,372200.0,0.1180637544273908,0.0031483667847302943,1
2020-03-27,25.5,27.25,25.0,25.49,378000,26.624000000000002,29.927,35.173500000000004,0.7569334868580039,12.21698113207546,-4.175422821543858,-2.9850567068453664,0.0031483667847302943,0.03411931957436425,0.04240332818170761,1.8745247148288975,338700.0,0.08826990976853669,0.0003923107100824996,1
2020-03-30,25.49,25.5,24.98,25.5,202500,25.824,28.714999999999996,34.5215,0.7480555595788132,13.436692506459934,-4.26728475823959,-3.2415023171242114,0.0003923107100824996,0.03406884148433639,0.04260623798500267,-0.4642857142857143,313100.0,0.020392156862745082,0.044313725490195965,1
2020-03-31,26.1,27.0,25.25,26.63,652500,25.692,27.898000000000003,33.9025,0.7578202197478061,6.9444444444444,-4.200483885186511,-3.4332986307366715,0.044313725490195965,0.03991217756858182,0.04443264152809513,2.2222222222222223,350700.0,0.06571535861809989,0.07472775065715376,1
2020-04-01,26.2,28.62,26.0,28.62,630500,26.330000000000002,27.439999999999998,33.246500000000005,0.7919630637811499,17.753424657534225,-3.9415318178635914,-3.5349452681620557,0.07472775065715376,0.05005223736806225,0.04493682106702729,-0.03371647509578546,381600.0,0.09154437456324252,0.06848357791754012,1
2020-04-02,29.03,30.76,29.03,30.58,912500,27.363999999999997,27.427,32.677499999999995,0.8373957616096703,29.867892016082692,-3.537378126167706,-3.535431839763186,0.06848357791754012,0.051050847206466514,0.0487044395866987,0.4472640761300555,445700.0,0.05657292347939832,0.029431000654022377,1
2020-04-03,30.65,31.5,30.65,31.48,171000,28.562,27.593,32.167500000000004,0.8879148208595632,33.20568927789935,-3.108626622688959,-3.450070796348341,0.029431000654022377,0.050610980255787905,0.04967179071567876,-0.8126027397260274,426300.0,0.02700127064803054,-0.0460609911054638,0
2020-04-06,31.03,31.1,30.0,30.03,666000,29.468,27.645999999999997,31.5935,0.9327235032522513,35.89591957421645,-2.8529537738359423,-3.3306473918458614,-0.0460609911054638,0.05312519776186333,0.050170241275202,2.8947368421052633,467200.0,0.03663003663003667,0.028305028305028124,1
2020-04-07,30.0,31.0,29.8,30.88,209500,30.318,28.005000000000003,31.154999999999994,0.9731343283582092,42.82178217821781,-2.552321726742143,-3.174982258825118,0.028305028305028124,0.04581700234677837,0.05053541938651597,-0.6854354354354355,421750.0,0.038860103626942984,0.035945595854922185,1
2020-04-08,30.04,32.78,30.04,31.99,271000,30.991999999999997,28.661,30.647999999999996,1.011224223440355,54.330175913396474,-2.1991505020761473,-2.9798159074753245,0.035945595854922185,0.036009337353678464,0.04881289884427788,0.2935560859188544,422500.0,0.08565176617693036,0.05689277899343548,1
2020-04-09,32.99,34.38,32.06,33.81,246000,31.637999999999998,29.500999999999998,30.319,1.0435040733533427,62.69891788669638,-1.7522026707614629,-2.734293260132552,0.05689277899343548,0.036253971414284894,0.05066994436587309,-0.09225092250922506,433950.0,0.06861875184856552,-0.008577343981070684,0
2020-04-10,32.51,35.0,32.51,33.52,212000,32.04600000000001,30.304000000000002,30.115499999999997,1.064103202669722,62.81887755102042,-1.40519564997917,-2.4684737381018755,-0.008577343981070684,0.03737533126963586,0.04855315365457132,-0.1382113821138211,417350.0,0.07428400954653944,-0.028937947494033556,0
2020-04-13,33.99,34.0,32.5,32.55,394000,32.55,31.009000000000004,29.862000000000002,1.0900140646976089,68.21329639889194,-1.1946893442382986,-2.21371685932916,-0.028937947494033556,0.04080926076788205,0.04883410152948926,0.8584905660377358,436500.0,0.04608294930875576,0.026420890937020047,1
2020-04-14,32.5,34.0,31.01,33.41,51000,33.056,31.687,29.7925,1.1095409918603674,79.68749999999997,-0.9475440694357573,-1.9604823013504795,0.026420890937020047,0.04027920879605878,0.04651370237026247,-0.8705583756345178,376350.0,0.08949416342412447,0.00658485483388227,1
2020-04-15,34.0,34.01,33.63,33.63,14500,33.384,32.188,29.814000000000004,1.1197424028979672,80.13196480938414,-0.7255636510641281,-1.7134985712932094,0.00658485483388227,0.03624215693303775,0.04530815891987184,-0.7156862745098039,314750.0,0.011299435028248452,-0.03746654772524549,0
2020-04-16,33.21,33.5,32.0,32.37,278000,33.096,32.367,29.897000000000002,1.107000702411613,73.21187584345476,-0.6438916577408946,-1.4995771885827465,-0.03746654772524549,0.034933106687750376,0.04266767513143105,18.17241379310345,251300.0,0.046339202965708995,0.07476058078467718,1
2020-04-17,34.5,34.79,34.39,34.79,163000,33.35,32.698,30.1455,1.1063011063011063,76.9587928032501,-0.3795173990660956,-1.2755652306794165,0.07476058078467718,0.040734128411469776,0.04476529201847416,-0.4136690647482014,250500.0,0.011497556769186507,-0.01552170163840183,0
2020-04-20,34.81,35.34,34.25,34.25,146500,33.69,33.12,30.383,1.1088437613138926,72.89663461538458,-0.2111385080922119,-1.0626798861619757,-0.01552170163840183,0.03696940291051533,0.04488732399590852,-0.10122699386503065,198550.0,0.031824817518248276,-0.022189781021897725,0
2020-04-21,33.98,34.0,32.6,33.49,149500,33.706,33.381,30.693,1.098165705535464,65.80142764438675,-0.13743836834809287,-0.8776315825991992,-0.022189781021897725,0.03820213601492989,0.04112412835926646,0.020477815699658786,192550.0,0.04180352343983274,0.023887727679904325,1
2020-04-22,34.0,35.5,33.75,34.29,612500,33.838,33.611000000000004,31.136000000000003,1.0867805755395683,63.01754385964911,-0.014312180590188461,-0.7049677021973971,0.023887727679904325,0.03743235674579988,0.0367019538109259,3.096989966555184,226700.0,0.0510352872557597,-0.00874890638670156,0
2020-04-23,34.62,34.62,32.9,33.99,9500,34.162,33.629,31.564999999999998,1.0822746713131635,59.19413919413919,0.05838568367131103,-0.5522970250236555,-0.00874890638670156,0.03335888091807917,0.03693252291727099,-0.9844897959183674,203050.0,0.050603118564283574,0.0,0
2020-04-24,33.99,34.0,33.4,33.99,29000,34.001999999999995,33.676,31.99,1.0628946545795561,66.2295081967213,0.11467733591412355,-0.4189021528360998,0.0,0.033194525056229274,0.0369936553030658,2.0526315789473686,184750.0,0.01765225066195944,-0.04177699323330397,0
2020-04-27,33.01,33.2,32.5,32.57,85500,33.666,33.678,32.3435,1.0408892049407144,56.617071260767425,0.04419726475491359,-0.3262822693178971,-0.04177699323330397,0.03473161175324574,0.03902398294996314,1.9482758620689653,153900.0,0.02149217070924172,0.002763279091188009,1
2020-04-28,33.0,33.0,32.5,32.66,31500,33.5,33.603,32.644999999999996,1.0261908408638385,52.85106382978722,-0.004346349569310348,-0.26189508536817974,0.002763279091188009,0.033563076296400665,0.0383710686736721,-0.631578947368421,151950.0,0.015309246785058177,0.01041028781383968,1
2020-04-29,33.0,33.0,32.99,33.0,43500,33.242,33.54,32.864,1.011501947419669,46.05647517039921,-0.015207057662998125,-0.21255747982714343,0.01041028781383968,0.033690451929888225,0.03531795140086218,0.38095238095238093,154850.0,0.00030303030303024275,0.014545454545454417,1
2020-04-30,33.0,33.5,33.0,33.48,100000,33.14,33.650999999999996,33.009,1.003968614620255,49.80879541108984,0.01474773864722323,-0.16709643613227013,0.014545454545454417,0.03144153103438428,0.03237104971982822,1.2988505747126435,137050.0,0.014934289127837517,-0.01314217443249699,0
2020-05-04,33.48,34.0,33.0,33.04,197500,32.95,33.476,33.087,0.9958594009731919,52.46727089627393,0.0029488156578310054,-0.13308738577424992,-0.01314217443249699,0.01937454580636554,0.03208073207979023,0.9750000000000001,140500.0,0.03026634382566586,-0.0045399515738497875,0
2020-05-05,33.06,33.2,32.61,32.89,88000,33.013999999999996,33.339999999999996,33.230000000000004,0.9934998495335537,47.18004338394796,-0.01829477147811076,-0.1101288629150221,-0.0045399515738497875,0.019018423198152248,0.03002269120700484,-0.5544303797468355,134650.0,0.017938583155974564,0.0033444816053511683,1
2020-05-06,32.99,33.0,32.65,33.0,183500,33.082,33.291,33.336,0.992380609551236,46.5422612513721,-0.025955191354100293,-0.09329412860283774,0.0033444816053511683,0.017972211009602633,0.029516616246309715,1.085227272727273,138050.0,0.010606060606060648,-0.0060606060606061,0
2020-05-07,32.95,33.0,32.5,32.8,281000,33.042,33.142,33.37650000000001,0.9899779785178192,52.67080745341615,-0.04761557511614711,-0.08415841790549963,-0.0060606060606061,0.015648985328660565,0.02858357703682165,0.5313351498637602,104900.0,0.015243902439024392,0.0,0
2020-05-08,32.99,33.0,32.2,32.8,240000,32.906,33.023,33.326,0.9873972273900258,32.32682060390759,-0.0640433336178532,-0.08013540104797036,0.0,0.015618431071632183,0.02545430855252779,-0.14590747330960852,127950.0,0.02439024390243894,0.020121951219512324,1
2020-05-11,33.0,35.0,32.0,33.46,787000,32.989999999999995,32.97,33.323,0.9900069021396631,43.13043478260869,-0.023534673371408132,-0.06881525551265792,0.020121951219512324,0.01731565577956843,0.025823524542587472,2.279166666666667,203750.0,0.08965929468021518,-0.07172743574417217,0
2020-05-12,32.49,33.45,30.94,31.06,257500,32.624,32.819,33.2485,0.9812171977683204,33.55886332882271,-0.18298190909432321,-0.091648586228991,-0.07172743574417217,0.025652439428713408,0.02982860643820876,-0.6728081321473951,220950.0,0.08081133290405672,0.022537025112685294,1
2020-05-13,31.08,31.9,31.07,31.76,268500,32.376,32.729,33.166,0.9761804257372008,32.64746227709193,-0.2499792372636236,-0.12331471643591752,0.022537025112685294,0.026995360629877556,0.029646496767455975,0.042718446601941684,244650.0,0.026133501259445788,0.02550377833753137,1
2020-05-14,31.71,33.0,31.4,32.57,74500,32.33,32.686,33.113,0.9763536979434059,40.897435897435884,-0.2350058705898448,-0.14565294726670297,0.02550377833753137,0.02818987986754394,0.03023455632424731,-0.7225325884543762,247750.0,0.04912496162112378,-0.003070310101320306,0
2020-05-15,32.0,33.0,31.8,32.47,103000,32.263999999999996,32.584999999999994,33.117999999999995,0.9742134186847032,40.37974683544302,-0.22857367880166635,-0.16223709357369565,-0.003070310101320306,0.027659978650766717,0.029014615823688895,0.3825503355704698,248050.0,0.036957191253464715,0.005543578688019801,1
2020-05-18,32.44,33.9,32.0,32.65,164000,32.102,32.546,33.011,0.9724637242131409,50.60060060060059,-0.20657040969353346,-0.1711037567976632,0.005543578688019801,0.027507162391300626,0.02325369911173529,0.5922330097087378,244700.0,0.05819295558958648,-0.033996937212863676,0
2020-05-19,32.4,32.9,31.5,31.54,293500,32.198,32.411,32.8755,0.979391948411431,42.70833333333335,-0.27552431099407215,-0.191987867636945,-0.033996937212863676,0.02945623241879139,0.024131633650962832,0.7896341463414633,265250.0,0.044388078630310676,0.0003170577045021883,1
2020-05-20,31.51,31.99,31.5,31.55,70500,32.156,32.266000000000005,32.778499999999994,0.9810088930243911,40.13605442176872,-0.3256104238535329,-0.2187123788802626,0.0003170577045021883,0.029390351893657067,0.023752182938783253,-0.7597955706984668,253950.0,0.015530903328050663,0.030110935023771823,1
2020-05-21,32.0,32.5,32.0,32.5,248000,32.141999999999996,32.236000000000004,32.689,0.9832665422619229,43.734015345268574,-0.28535754448298434,-0.23204141200080697,0.030110935023771823,0.031284758481587384,0.02415620947382441,2.517730496453901,250650.0,0.015384615384615385,-0.00676923076923075,0
2020-05-28,32.52,32.75,32.25,32.28,754000,32.104,32.184,32.603500000000004,0.9846795589430581,45.00000000000002,-0.26811830800198067,-0.23925679120104174,-0.00676923076923075,0.03134672736699272,0.02413284030949208,2.0403225806451615,302050.0,0.015489467162329615,0.0535935563816603,1
2020-05-29,33.4,34.7,33.31,34.01,555000,32.376,32.239,32.6045,0.9929917649404222,56.10021786492373,-0.1135506063943339,-0.2141155542397002,0.0535935563816603,0.03539524561409057,0.027183644310966978,-0.26392572944297077,278850.0,0.04087033225521907,-0.023816524551602325,0
2020-06-01,34.0,34.0,32.96,33.2,212500,32.708,32.453,32.635999999999996,1.0022061527147936,51.01214574898787,-0.05577191588812269,-0.1824468265693847,-0.023816524551602325,0.026367185715624606,0.02598784850154092,-0.6171171171171171,274350.0,0.03132530120481925,0.0072289156626503814,1
2020-06-02,33.48,35.0,31.75,33.44,598500,33.086,32.621,32.675,1.0125784238714615,53.22580645161291,0.009277165458769332,-0.1441020281637539,0.0072289156626503814,0.02580295344810734,0.026020395894745963,1.816470588235294,307350.0,0.097188995215311,-0.04306220095693769,0
2020-06-03,32.72,32.95,31.9,32.0,582500,32.986000000000004,32.564,32.625,1.011065134099617,46.47887323943663,-0.0547359721236802,-0.12622881695573915,-0.04306220095693769,0.028819877125517278,0.027747267251293953,-0.026733500417710943,358150.0,0.03281250000000013,0.00031249999999993783,1
2020-06-04,32.15,32.55,32.0,32.01,198000,32.932,32.518,32.5515,1.011689169469917,43.23062558356674,-0.1034672226840172,-0.12167649810139476,0.00031249999999993783,0.02881784342634049,0.0275045323928242,-0.6600858369098712,367650.0,0.01718213058419235,0.0012496094970322336,1
2020-06-05,32.5,32.5,32.0,32.05,67000,32.54,32.458000000000006,32.501999999999995,1.0011691588209957,55.928143712574844,-0.1372769805568268,-0.12479659459248119,0.0012496094970322336,0.028740503880448378,0.027382329652316163,-0.6616161616161615,357950.0,0.015600624024960999,0.046801872074883066,1
2020-06-08,32.39,33.9,32.21,33.55,203000,32.61,32.659,32.535000000000004,1.0023052097740892,59.78142076502732,-0.042543577402398114,-0.10834599115446458,0.046801872074883066,0.029917691807416432,0.029382291348903366,2.029850746268657,348900.0,0.050372578241430634,-0.01698956780923999,0
2020-06-09,32.9,34.0,32.71,32.98,257000,32.517999999999994,32.802,32.534,0.9995082067990408,52.30078563411895,-0.01330750852183371,-0.08933829462793841,-0.01698956780923999,0.030808618880381927,0.02966223260087168,0.26600985221674867,367550.0,0.03911461491813218,-0.000909642207398198,0
2020-06-10,33.05,33.44,32.76,32.95,87500,32.708,32.846999999999994,32.5415,1.0051165434906197,52.714932126696866,0.007356733575718977,-0.06999928898720693,-0.000909642207398198,0.029519036819762874,0.029625602848800444,-0.6595330739299611,351500.0,0.020637329286798168,0.0015174506828528056,1
2020-06-11,32.56,33.39,32.56,33.0,55000,32.906,32.919,32.5515,1.0108904351565982,52.009184845005755,0.027451433411975756,-0.0505091445073704,0.0015174506828528056,0.02936880590827635,0.02962579652406097,-0.37142857142857144,281600.0,0.0251515151515151,-0.01272727272727281,0
2020-06-12,32.85,33.36,32.49,32.58,37000,33.012,32.775999999999996,32.5075,1.0155194955010383,56.483790523690786,0.00937803375762769,-0.03853170885437079,-0.01272727272727281,0.023467462442189325,0.02940356676825535,-0.32727272727272727,229800.0,0.02670349907918961,-0.008594229588704816,0
2020-06-15,32.26,32.5,32.14,32.3,23500,32.762,32.68599999999999,32.5695,1.0059104376794241,54.52352231604342,-0.02722509171239551,-0.036270385425975736,-0.008594229588704816,0.022516509378166724,0.024357467324211967,-0.3648648648648649,210900.0,0.011145510835913296,0.03560371517027883,1
2020-06-16,32.69,34.49,32.35,33.45,148500,32.856,32.687,32.654,1.0061860721504257,55.59481743227329,0.03614539507561432,-0.021787229325657725,0.03560371517027883,0.025474707364708606,0.025094657719775225,5.319148936170213,165900.0,0.06397608370702543,0.011061285500747253,1
2020-06-17,33.02,34.3,33.02,33.82,98500,33.029999999999994,32.86899999999999,32.716499999999996,1.0095823208472787,58.91203703703706,0.11489839304256577,0.005549895147986976,0.011061285500747253,0.020496739387642297,0.02461291989365953,-0.3367003367003367,117500.0,0.03784742755765801,-0.003548196333530429,0
2020-06-18,34.49,34.49,32.95,33.7,189000,33.17,33.038,32.778,1.0119592409542988,47.7951635846373,0.16571742685665214,0.03758340148972001,-0.003548196333530429,0.020645989422053385,0.024618506524744396,0.9187817258883249,116600.0,0.04569732937685457,-0.02284866468842739,0
2020-06-19,33.21,33.69,32.91,32.93,212000,33.24,33.126000000000005,32.791999999999994,1.0136618687484755,48.06866952789697,0.1422198900801419,0.05851069920780439,-0.02284866468842739,0.022500425052788743,0.025223473929167222,0.12169312169312163,131100.0,0.02368660795627091,-0.003947767992711904,0
2020-06-22,32.8,33.5,32.73,32.8,490000,33.339999999999996,33.051,32.855000000000004,1.0147618322934102,45.34883720930232,0.11181902918595199,0.06917236520343392,-0.003947767992711904,0.01640497754057523,0.023906858573878864,1.3113207547169812,159800.0,0.023475609756097658,0.014634146341463428,1
2020-06-23,33.0,33.65,32.6,33.28,3450500,33.306,33.081,32.941500000000005,1.0110650698966348,60.810810810810814,0.12501699823823742,0.08034129181039462,0.014634146341463428,0.01627150805093421,0.024060447864493795,6.041836734693877,479150.0,0.031550480769230685,-0.01171875,0
2020-06-24,33.99,34.0,32.66,32.89,482000,33.12,33.075,32.961,1.004823882770547,56.984126984127,0.10282148113403622,0.08483732967512295,-0.01171875,0.01676575403147281,0.023383251056101974,-0.8603100999855093,518600.0,0.040741866828823456,-0.004256612952265093,0
2020-06-25,32.98,33.0,32.66,32.75,202500,32.93,33.05,32.9845,0.9983477087723023,55.468750000000014,0.07309198504233194,0.08248826074856475,-0.004256612952265093,0.016804894886061798,0.02334686216322414,-0.5798755186721991,533350.0,0.010381679389313081,0.0015267175572517555,1
2020-06-26,33.0,33.0,32.62,32.8,21000,32.903999999999996,33.072,32.92399999999999,0.9993925403960637,42.42424242424243,0.05295529169364954,0.0765816669375817,0.0015267175572517555,0.016260897036828766,0.01980553219704057,-0.8962962962962963,531750.0,0.011585365853658616,0.004878048780487809,1
2020-06-29,32.99,33.01,32.76,32.96,90500,32.936,33.138,32.912,1.0007292173067575,49.77973568281942,0.049338733751589814,0.07113308030038332,0.004878048780487809,0.015952073114343112,0.019141484026436537,3.3095238095238093,538450.0,0.00758495145631068,0.004550970873786309,1
2020-06-30,33.0,33.49,32.8,33.11,245000,32.902,33.104,32.8955,1.0001975954157865,51.71673819742485,0.05790879537816096,0.06848822331593885,0.004550970873786309,0.010952844011670392,0.019096173177989062,1.707182320441989,548100.0,0.020839625490788428,-0.025369978858350795,0
2020-07-01,33.25,33.29,31.99,32.27,209500,32.778,32.949,32.909,0.9960193260202376,43.302752293578024,-0.0030452451751372678,0.05418152961772363,-0.025369978858350795,0.012462359892631916,0.017341288641482454,-0.14489795918367343,559200.0,0.04028509451502946,0.013325069724201999,1
2020-07-02,32.5,32.7,32.0,32.7,507000,32.768,32.849000000000004,32.9435,0.9946726971936801,51.098901098901145,-0.01646456190292156,0.040052311313594595,0.013325069724201999,0.013702646174271176,0.017574011296486718,1.4200477326968972,591000.0,0.021406727828746263,0.030886850152905154,1
2020-07-03,32.5,35.15,32.2,33.71,706000,32.95,32.927,33.0265,0.9976836782583685,61.38933764135705,0.05377915931493504,0.042797680913862685,0.030886850152905154,0.015445789593215553,0.01878514800951559,0.39250493096646943,640400.0,0.08751112429546117,0.01809552061702746,1
2020-07-06,33.5,35.2,33.12,34.32,751500,33.222,33.079,33.065,1.0047482231967337,57.69911504424777,0.15686151457889963,0.06561044764687007,0.01809552061702746,0.015994351923282253,0.016149369512245677,0.06444759206798878,666550.0,0.06060606060606076,0.05040792540792527,1
2020-07-07,34.0,36.89,34.0,36.05,1286000,33.809999999999995,33.356,33.2185,1.017806342851122,65.90584878744647,0.3738421460298298,0.12725678732346202,0.05040792540792527,0.021520352004048202,0.018933122785537562,0.7112441783100465,450100.0,0.08016643550624135,-0.0036061026352287584,0
2020-07-08,36.98,36.99,35.0,35.92,142000,34.540000000000006,33.659000000000006,33.367000000000004,1.0351544939610993,65.81196581196582,0.5292105365280833,0.20764753716438628,-0.0036061026352287584,0.02082639177484131,0.018984166291141115,-0.8895800933125972,416100.0,0.05540089086859693,-0.025890868596881944,0
2020-07-09,35.99,36.0,34.86,34.99,404000,34.998000000000005,33.883,33.4665,1.0457621800905383,64.34540389972148,0.5707189845078702,0.2802618266330831,-0.025890868596881944,0.023334226413910156,0.020162974607620284,1.8450704225352115,436250.0,0.03258073735352959,0.00028579594169753086,1
2020-07-10,35.0,35.11,34.65,35.0,289000,35.25600000000001,34.102999999999994,33.5875,1.0496762188314108,65.58073654390941,0.5975336490560466,0.34371619111767576,0.00028579594169753086,0.023369134528121432,0.019831812016390057,-0.2846534653465347,463050.0,0.013142857142857168,0.018857142857142684,1
2020-07-13,35.49,36.0,35.25,35.66,275000,35.524,34.373000000000005,33.7555,1.052391462132097,66.4364640883978,0.6643823617470019,0.40784942524354106,0.018857142857142684,0.02366058244201046,0.019880667497084788,-0.04844290657439443,481500.0,0.02103196859226024,-0.016264722378014573,0
2020-07-14,35.5,35.94,34.9,35.08,233000,35.33,34.57,33.837,1.0441232969825929,64.73755047106329,0.662917594063309,0.4588630590074947,-0.016264722378014573,0.024896186700208437,0.01906476516158115,-0.1527272727272727,480300.0,0.029646522234891653,-0.0025655644241732167,0
2020-07-15,34.75,35.0,34.75,34.99,86000,35.144,34.842,33.895500000000006,1.036833797996784,65.17615176151767,0.6470358804186702,0.4964976232897298,-0.0025655644241732167,0.022638109741352195,0.018988031389756358,-0.630901287553648,467950.0,0.007144898542440697,0.004858531008859579,1
2020-07-16,35.29,35.99,35.1,35.16,550000,35.178000000000004,35.088,33.9685,1.035606517803259,65.73333333333339,0.6407805676723726,0.5253542121662583,0.004858531008859579,0.02258977028727847,0.018954760784066042,5.395348837209302,472250.0,0.02531285551763369,0.021046643913538166,1
2020-07-17,35.49,36.4,35.4,35.9,1499000,35.35799999999999,35.307,34.117000000000004,1.036374827798458,68.19306930693074,0.6876086779973818,0.5578051053324831,0.021046643913538166,0.021653047730976222,0.01842442610242038,1.7254545454545456,551550.0,0.02785515320334262,0.050139275766016844,1
2020-07-20,36.4,38.09,36.2,37.7,2228500,35.766000000000005,35.644999999999996,34.362,1.0408590885280253,73.58684480986648,0.8600511156822463,0.6182543074024358,0.050139275766016844,0.025572343692030645,0.02092151059933986,0.4866577718478986,699250.0,0.05013262599469497,0.004509283819628562,1
2020-07-21,38.49,39.0,37.5,37.87,874000,36.324,35.827,34.5915,1.050084558345258,80.90507726269321,0.998915690897654,0.6943865841014795,0.004509283819628562,0.021205616027022187,0.02085431683337681,-0.6078079425622616,658050.0,0.03960918933192501,-0.021653023501452373,0
2020-07-22,37.75,38.2,36.9,37.05,468000,36.736,35.94,34.7995,1.0556473512550466,73.01587301587304,1.030915962751351,0.7616924598314537,-0.021653023501452373,0.02274446362306093,0.021426194447862822,-0.46453089244851253,690650.0,0.03508771929824573,0.015114709851552055,1
2020-07-23,37.5,38.89,37.15,37.61,1080000,37.226,36.202,35.042500000000004,1.0623100520796174,71.66666666666671,1.088911435425885,0.82713625495034,0.015114709851552055,0.020473521188266827,0.02136695236519486,1.3076923076923075,758250.0,0.0462642914118586,-0.01648497739962773,0
2020-07-24,37.26,37.26,36.85,36.99,241000,37.444,36.400999999999996,35.252,1.0621808691705434,64.81687014428417,1.0724815472315612,0.8762053134065844,-0.01648497739962773,0.02176985785148837,0.021987310178541473,-0.7768518518518519,753450.0,0.011084076777507341,0.05028386050283862,1
2020-07-27,37.3,39.49,37.07,38.85,2738500,37.674,36.72,35.5465,1.059851180847622,65.31728665207883,1.1957631841479,0.9401168875548476,0.05028386050283862,0.025771827706389416,0.024081944887968817,10.363070539419088,999800.0,0.06229086229086233,0.026769626769626687,1
2020-07-28,38.73,40.49,38.7,39.89,1147000,38.077999999999996,37.201,35.8855,1.061097100500202,69.75124378109456,1.3616873933085856,1.0244309887055953,0.026769626769626687,0.024672716105150237,0.024399302036306594,-0.5811575680116852,1091200.0,0.044873401855101504,0.037603409375783325,1
2020-07-29,39.61,42.88,39.61,41.39,2478500,38.946000000000005,37.841,36.3415,1.071667377516063,80.13182674199628,1.595825307684521,1.1387098525013806,0.037603409375783325,0.025086865644626394,0.023697113396410875,1.1608544027898868,1330450.0,0.07900459048079253,-0.015704276395264505,0
2020-07-30,42.0,42.0,40.0,40.74,1155000,39.572,38.399,36.7435,1.0769796018343383,75.48845470692723,1.7092287983473256,1.2528136416705695,-0.015704276395264505,0.026983584602399135,0.02453652047795624,-0.533992334073028,1390950.0,0.049091801669121256,0.07363770250368185,1
2020-08-03,40.63,43.79,40.63,43.74,2795500,40.922,39.183,37.245000000000005,1.0987246610283257,79.70588235294122,2.017915535495135,1.4058340204354827,0.07363770250368185,0.03276375651874125,0.027953714454529058,1.4203463203463205,1520600.0,0.07224508459076352,-0.018289894833104836,0
2020-08-04,43.75,44.25,42.0,42.94,307000,41.739999999999995,39.707,37.676,1.1078670771844144,78.43704775687411,2.1729502664742455,1.5592572696432354,-0.018289894833104836,0.033012375655647165,0.02880792890910952,-0.8901806474691468,1328450.0,0.05239869585468095,0.006986492780624243,1
2020-08-05,42.52,43.5,42.5,43.24,175000,42.410000000000004,40.244,38.0355,1.1150109765876617,79.40128296507484,2.2935848817259767,1.7061227920597837,0.006986492780624243,0.032945986156848746,0.027331854963383112,-0.4299674267100977,1258550.0,0.02312673450508788,-0.007400555041628176,0
2020-08-06,43.6,43.6,42.0,42.92,338500,42.715999999999994,40.831,38.3855,1.1128160373057534,77.36248236953456,2.3364343964477,1.832185112937367,-0.007400555041628176,0.03151793833661599,0.02744043819723542,0.9342857142857144,1245600.0,0.03727865796831317,0.00023299161230183607,1
2020-08-07,42.16,43.45,42.0,42.93,137500,43.153999999999996,41.363,38.7825,1.112718365242055,76.13382899628253,2.3441776413556283,1.9345836186210192,0.00023299161230183607,0.031874436866753716,0.02627455000786481,-0.5937961595273265,1151350.0,0.033775914279059,-0.04355928255299324,0
2020-08-10,42.26,42.48,40.5,41.06,258000,42.618,41.769999999999996,39.085499999999996,1.090378784971409,62.426035502958584,2.1743562219375505,1.9825381392843258,-0.04355928255299324,0.035654894298496734,0.028880195813037548,0.8763636363636365,1153050.0,0.048222113979542056,0.01583049196298103,1
2020-08-11,41.5,42.4,41.0,41.71,896500,42.372,42.056,39.388,1.0757591144511018,63.71428571428572,2.0683781158756673,1.9997061346025942,0.01583049196298103,0.03300961337300401,0.028830435637732556,2.4748062015503876,968850.0,0.0335650923040038,-0.009829777031886922,0
2020-08-12,41.02,41.9,41.0,41.3,107000,41.984,42.197,39.699,1.0575581248897958,65.63649742457689,1.9290690229112286,1.9855787122643211,-0.009829777031886922,0.03267663649370808,0.028577193962249333,-0.8806469604015617,864850.0,0.021791767554479386,-0.006053268765133124,0
2020-08-13,41.5,41.5,40.11,41.05,232000,41.61,42.163,40.001999999999995,1.0401979901004952,62.95180722891565,1.777997009643805,1.944062371740218,-0.006053268765133124,0.030526581824799965,0.028659286269568898,1.1682242990654204,640200.0,0.03386114494518881,-0.010962241169305664,0
2020-08-17,41.2,41.2,40.51,40.6,33000,41.144,42.148999999999994,40.274,1.0216020261210705,63.768115942028984,1.6034762356064363,1.8759451445134618,-0.010962241169305664,0.030298666679331208,0.028978793245674834,-0.8577586206896551,528000.0,0.016995073891625734,0.00911330049261072,1
2020-08-18,40.51,41.5,40.5,40.97,105500,41.126,41.872,40.527499999999996,1.014767750293011,59.1222030981067,1.4779858714961733,1.7963532899100043,0.00911330049261072,0.01671304278695788,0.028809953959655837,2.196969696969697,259000.0,0.0244081034903588,0.00048816206980717425,1
2020-08-19,41.45,41.5,40.7,40.99,182000,40.982,41.67700000000001,40.69199999999999,1.0071267079524233,55.188679245283026,1.3644195079169492,1.7099665335113934,0.00048816206980717425,0.01627708505083177,0.02697933917266816,0.7251184834123223,246500.0,0.019516955354964557,-0.0141497926323495,0
2020-08-20,41.25,41.5,40.0,40.41,300000,40.804,41.394,40.819,0.9996325240696734,44.9380165289256,1.213626265706246,1.6106984799503639,-0.0141497926323495,0.01598730932955184,0.027300855345373222,0.6483516483516483,259000.0,0.03711952487008167,-0.010146003464488906,0
2020-08-21,40.12,41.15,39.76,40.0,120500,40.594,41.102,40.9665,0.990907204667228,46.08050847457626,1.0489463606613256,1.4983480560925564,-0.010146003464488906,0.0160255588211275,0.026858346247702475,-0.5983333333333334,237200.0,0.03475000000000002,0.053749999999999964,1
2020-08-24,40.69,42.8,40.69,42.15,261500,40.904,41.024,41.1935,0.9929721922147913,40.745052386495914,1.0794798098636136,1.4145744068467678,0.053749999999999964,0.025061883055641422,0.028991367353820702,1.1701244813278007,249600.0,0.050059311981020156,0.008066429418742693,1
2020-08-25,42.15,42.85,41.35,42.49,368000,41.208000000000006,41.166999999999994,41.4685,0.9937181233948661,47.23247232472327,1.1182227708071224,1.3553040796388387,0.008066429418742693,0.020314872543902716,0.02850009287319863,0.407265774378585,260600.0,0.035302424099788184,0.005413038361967493,1
2020-08-26,42.69,42.75,41.72,42.72,145000,41.553999999999995,41.268,41.662,0.9974077096634822,46.774193548387075,1.1541812413947028,1.3150795119900116,0.005413038361967493,0.019881090455107202,0.02664693522177073,-0.6059782608695652,185450.0,0.024110486891385795,0.003979400749063666,1
2020-08-27,42.97,43.0,42.1,42.89,120000,42.05,41.427,41.812,1.0056921457954655,49.81036662452591,1.182762023292149,1.288616014250439,0.003979400749063666,0.01939791071290623,0.026153769594997454,-0.1724137931034483,186750.0,0.02098391233387733,0.00233154581487538,1
2020-08-28,42.25,43.0,42.2,42.99,20000,42.648,41.620999999999995,41.892,1.0180464050415354,50.375000000000014,1.199652812262606,1.2708233738528725,0.00233154581487538,0.019096350994008658,0.02492542366000434,-0.8333333333333334,165550.0,0.018608978832286512,-0.01791114212607592,0
2020-08-31,42.99,43.89,41.8,42.22,1859000,42.662,41.783,41.965999999999994,1.0165848544059477,58.40579710144924,1.1377905778404624,1.2442168146503907,-0.01791114212607592,0.019844935434939003,0.02501352366777309,91.95,348150.0,0.04950260540028431,0.013500710563713936,1
2020-09-01,42.2,42.95,42.0,42.79,204500,42.721999999999994,41.964999999999996,41.9185,1.019168147715209,57.91788856304983,1.1218268263377382,1.2197388169878602,0.013500710563713936,0.020016008849715123,0.01880162438185804,-0.8899946207638515,358050.0,0.022201448936667513,0.004440289787333462,1
2020-09-02,42.49,43.74,42.49,42.98,178000,42.773999999999994,42.164,41.9205,1.0203599670805452,62.72727272727273,1.1116919574813338,1.198129445086555,0.004440289787333462,0.019966242316410508,0.018379311681646932,-0.1295843520782396,357650.0,0.02908329455560726,-0.014657980456025954,0
2020-09-03,42.75,43.49,42.11,42.35,380000,42.666,42.358000000000004,41.876,1.0188652211290476,59.312320916905485,1.040826268690914,1.1666688098074267,-0.014657980456025954,0.020020765780545704,0.018595023730481157,1.1348314606741572,365650.0,0.03258559622195992,-0.0028335301062575313,0
2020-09-04,42.77,43.25,42.15,42.23,391500,42.513999999999996,42.581,41.841499999999996,1.0160725595401694,62.255639097744314,0.9638708000523621,1.1261092078564139,-0.0028335301062575313,0.019538848494872148,0.0185386426357684,0.03026315789473677,392750.0,0.026047833293866954,-0.010182334833057083,0
2020-09-07,41.8,42.19,41.7,41.8,488000,42.42999999999999,42.546,41.785,1.0154361613019025,56.18479880774961,0.8582917770443572,1.0725457216940026,-0.010182334833057083,0.010321669446241442,0.018658497527020177,0.24648786717752236,415400.0,0.01172248803827739,-0.019138755980861122,0
2020-09-08,41.85,41.98,41.0,41.0,796500,42.071999999999996,42.397000000000006,41.782,1.0069407878990952,50.06675567423229,0.7019744025845895,0.9984314578721201,-0.019138755980861122,0.011270968834070886,0.016400881656080755,0.632172131147541,458250.0,0.023902439024390168,0.012439024390243913,1
2020-09-09,40.8,41.75,40.8,41.51,223000,41.778,42.275999999999996,41.772000000000006,1.0001436368859522,57.4123989218329,0.6121875775510475,0.9211826818079056,0.012439024390243913,0.012078764702868429,0.016245962773071245,-0.7200251098556183,466050.0,0.022886051553842518,0.0691399662731873,1
2020-09-10,41.7,44.62,41.7,44.38,1698000,42.184,42.425,41.926,1.0061536993750892,72.16599190283401,0.7638111467976927,0.8897083748058631,0.0691399662731873,0.025859244305862453,0.022248709296522572,6.614349775784754,623850.0,0.06579540333483538,0.02636322667868396,1
2020-09-11,44.5,46.5,44.18,45.55,668000,42.848,42.681,42.150999999999996,1.0165357880002848,69.10112359550561,0.9672334743066315,0.9052133947060168,0.02636322667868396,0.0268155995956346,0.022667545952044774,-0.6065959952885748,688650.0,0.05093304061470912,-0.011855104281009887,0
2020-09-14,45.99,45.99,44.5,45.01,398500,43.489999999999995,42.959999999999994,42.3715,1.0263974605572141,63.84615384615383,1.0725104149554312,0.9386727987558998,-0.011855104281009887,0.02627562779209568,0.022702427567107854,-0.4034431137724551,542600.0,0.03310375472117312,0.001999555654299101,1
2020-09-15,44.34,45.49,44.0,45.1,285500,44.31,43.191,42.578,1.0406782845601015,63.281250000000014,1.1499494947805005,0.98092813796082,0.001999555654299101,0.0261975192352495,0.02269703819198224,-0.28356336260978665,550700.0,0.033037694013303816,-0.010199556541020005,0
2020-09-16,44.06,44.75,43.2,44.64,579500,44.936,43.357,42.7605,1.05087639293273,59.45945945945946,1.1608211442755731,1.0169067392237707,-0.010199556541020005,0.026672504199061732,0.022934714878074094,1.0297723292469354,590850.0,0.03472222222222216,-0.031137992831541284,0
2020-09-17,43.81,44.15,43.0,43.25,467500,44.709999999999994,43.447,42.902499999999996,1.0421304119806538,51.23339658444022,1.0452268965093126,1.022570770680879,-0.031137992831541284,0.02841310952757413,0.023954382602339546,-0.19327006039689387,599600.0,0.02658959537572251,-0.010173410404624272,0
2020-09-18,43.2,43.9,42.76,42.81,225500,44.162,43.505,43.04299999999999,1.0259972585553983,52.889324191968676,0.9076504699515979,0.9995867105350229,-0.010173410404624272,0.028658776577430822,0.023955215217478457,-0.5176470588235293,583000.0,0.0266292922214436,-0.007708479327260154,0
2020-09-21,42.98,42.99,42.1,42.48,141500,43.656000000000006,43.573,43.0595,1.013852924441761,48.44533600802406,0.7631942899425468,0.9523082264165278,-0.007708479327260154,0.02855505579403951,0.02094528097631414,-0.3725055432372506,548350.0,0.02095103578154427,0.011064030131826774,1
2020-09-22,42.1,43.6,41.76,42.95,61500,43.226,43.768,43.082499999999996,1.0033308187779262,49.8536585365854,0.6788118777993617,0.8976089566930946,0.011064030131826774,0.027657126632502686,0.021012186546627187,-0.5653710247349824,474850.0,0.04284051222351579,-0.022118742724097862,0
2020-09-23,42.05,42.98,42.0,42.0,91500,42.698,43.817,43.0465,0.9919041037018108,48.34437086092715,0.5291810776552737,0.8239233808855304,-0.022118742724097862,0.028760385518202758,0.021584243983482115,0.4878048780487805,461700.0,0.023333333333333258,0.0035714285714285587,1
2020-09-24,42.0,43.0,41.75,42.15,127000,42.478,43.594,43.009499999999996,0.9876422650809706,49.622641509433976,0.4178842276545822,0.7427155502393409,0.0035714285714285587,0.01649423574314045,0.021579847890664576,0.3879781420765027,304600.0,0.02965599051008304,-0.003558718861209953,0
2020-09-25,41.8,42.9,41.62,42.0,141500,42.316,43.239,42.959999999999994,0.9850093109869649,50.96899224806203,0.31395781551550783,0.6569640032945743,-0.003558718861209953,0.012366011259692599,0.021577160830635735,0.11417322834645671,251950.0,0.030476190476190504,-0.04738095238095241,0
2020-09-28,41.5,42.75,39.51,40.01,560500,41.822,42.739,42.8495,0.9760207236957258,45.69939183318852,0.07020968275110562,0.5396131391858806,-0.04738095238095241,0.01759173374442971,0.02369849898640819,2.96113074204947,268150.0,0.08097975506123474,0.010247438140464915,1
2020-09-29,40.0,41.4,39.52,40.42,247000,41.315999999999995,42.271,42.730999999999995,0.9668858674030564,45.22348816827347,-0.08885463417542638,0.4139195845136192,0.010247438140464915,0.018469772852799722,0.023594396206872193,-0.5593220338983051,264300.0,0.04651162790697663,-0.007916872835230127,0
2020-09-30,41.0,41.95,40.0,40.1,356500,40.936,41.817,42.587,0.9612323009369056,25.846501128668194,-0.23799215160589426,0.2835372372897166,-0.007916872835230127,0.018491280779523275,0.023562546425372147,0.44331983805668007,242000.0,0.048628428927680864,0.003491271820448949,1
2020-10-01,40.01,41.75,40.0,40.24,118000,40.553999999999995,41.516,42.4815,0.9546273083577557,16.091954022988617,-0.3409575324804166,0.15863828333568994,0.003491271820448949,0.017410198507961463,0.023447326024345426,-0.6690042075736325,207050.0,0.04348906560636183,0.005467196819085363,1
2020-10-02,41.44,42.99,40.4,40.46,156500,40.245999999999995,41.281,42.393,0.9493548463189676,19.70705725699078,-0.4001930014564081,0.04687202637727034,0.005467196819085363,0.017796515325417102,0.023510660403494844,0.326271186440678,200150.0,0.0640138408304499,-0.03534354918437965,0
2020-10-05,40.05,40.6,38.51,39.03,153500,40.05,40.936,42.2545,0.947828041983694,15.706214689265607,-0.556116026990793,-0.07372558429634234,-0.03534354918437965,0.02016792010365099,0.024625114122283877,-0.019169329073482455,201350.0,0.05354855239559322,0.03484499103253902,1
2020-10-06,38.51,41.95,38.15,40.39,682500,40.044,40.68,42.224000000000004,0.9483705949223189,28.205128205128233,-0.5634504085121463,-0.17167054913950314,0.03484499103253902,0.02377718546836056,0.02571344153398138,3.4462540716612375,263450.0,0.09408269373607339,0.030205496410002475,1
2020-10-07,40.61,42.48,40.5,41.61,138500,40.346,40.641,42.229,0.9554097894811622,41.440501043841344,-0.46545369422246097,-0.23042717815609473,0.030205496410002475,0.02549900131749028,0.026477272777289642,-0.7970695970695971,268150.0,0.047584715212689185,-0.03869262196587353,0
2020-10-08,41.0,41.0,39.0,40.0,177500,40.298,40.426,42.01,0.9592477981432993,36.930232558139544,-0.511804374545676,-0.286702617434011,-0.03869262196587353,0.028094418024578485,0.02242217735922994,0.2815884476534296,273200.0,0.05,0.05425000000000013,1
2020-10-09,40.88,42.7,40.5,42.17,166500,40.64,40.443,41.841,0.9712960971296097,48.768864177919,-0.3691810685362782,-0.3031983076544644,0.05425000000000013,0.033767507099071864,0.025170047650779414,-0.06197183098591552,275700.0,0.052169788949490224,-0.03746739388190656,0
2020-10-12,42.12,42.12,40.51,40.59,28500,40.952000000000005,40.501000000000005,41.62,0.9839500240269103,41.38686131386862,-0.37927185649431294,-0.31841301742243416,-0.03746739388190656,0.032305895045456855,0.026243647821334693,-0.8288288288288288,222500.0,0.039664942103966476,0.0199556541019954,1
2020-10-13,40.4,42.35,40.0,41.4,33500,41.153999999999996,40.599000000000004,41.435,0.9932182937130444,47.78761061946902,-0.31824017348144196,-0.3183784486342357,0.0199556541019954,0.03272744816654888,0.026790944356970624,0.17543859649122817,201150.0,0.056763285024154626,-0.033816425120772875,0
2020-10-14,40.6,40.9,39.99,40.0,718500,40.83200000000001,40.589,41.202999999999996,0.9909958012766064,42.741390952059426,-0.37847757085334166,-0.3303982730780569,-0.033816425120772875,0.03464537656717902,0.027590368917508167,20.44776119402985,237350.0,0.022749999999999916,0.005249999999999977,1
2020-10-15,40.49,41.45,40.03,40.21,65000,40.874,40.586,41.051,0.9956882901756352,43.98117014122395,-0.40460684149111614,-0.34523998676066875,0.005249999999999977,0.034667892760314414,0.026976670042438908,-0.9095337508698678,232050.0,0.0353145983586173,0.01964685401641386,1
2020-10-16,40.0,41.6,40.0,41.0,131500,40.64,40.64,40.9605,0.9921753884840272,53.62106803218728,-0.357447645079219,-0.34768151842437883,0.01964685401641386,0.03518138851933687,0.02739709721057143,1.023076923076923,229550.0,0.039024390243902474,-0.01658536585365855,0
2020-10-19,40.37,40.4,40.26,40.32,9500,40.586,40.769000000000005,40.852500000000006,0.9934765314240253,49.64131994261119,-0.3706710935305253,-0.3522794334456082,-0.01658536585365855,0.033432580977042416,0.02756921089247794,-0.9277566539923955,215150.0,0.0034722222222222363,0.0012400793650793052,1
2020-10-20,40.89,41.37,40.17,40.37,235000,40.38,40.766999999999996,40.7235,0.9915650668532912,50.987564008778335,-0.3728185691715211,-0.3563872605907908,0.0012400793650793052,0.03159944152186292,0.027406654845771584,23.736842105263158,170400.0,0.029725043349021447,-0.007183552142680183,0
2020-10-21,40.9,40.99,40.0,40.08,369000,40.396,40.614000000000004,40.6275,0.9943018891145161,49.42112879884224,-0.3933863228028258,-0.3637870730331978,-0.007183552142680183,0.029843979989791464,0.02705189193465064,0.5702127659574467,193450.0,0.02470059880239526,-0.003992015968063756,0
2020-10-22,40.05,40.44,39.91,39.92,358000,40.338,40.606,40.516000000000005,0.9956066739066047,48.03779069767442,-0.41778115743928623,-0.3745858899144155,-0.003992015968063756,0.02717472589741272,0.027022923465707085,-0.02981029810298108,211500.0,0.013276553106212452,0.03181362725450887,1
2020-10-23,40.25,41.9,39.76,41.19,306500,40.376,40.507999999999996,40.4755,0.997541722770565,57.94117647058823,-0.3308223394770877,-0.36583317982694996,0.03181362725450887,0.02278089010328464,0.028077767050754463,-0.1438547486033519,225500.0,0.05195435785384804,-0.0053411022092740845,0
2020-10-26,41.19,41.48,40.6,40.97,61500,40.506,40.546,40.5235,0.9995681518131455,52.32744783306581,-0.27647201384315423,-0.34796094663019084,-0.0053411022092740845,0.01922976009806443,0.02587863353341042,-0.799347471451876,228800.0,0.021479131071515632,-0.003905296558457283,0
2020-10-27,40.6,40.93,40.12,40.81,99500,40.594,40.487,40.54299999999999,1.0012579236859633,46.491228070175445,-0.2435027044280318,-0.32706929818975905,-0.003905296558457283,0.01807569707691671,0.025820390431827128,0.6178861788617886,235400.0,0.01984807645185009,-0.007596177407498184,0
2020-10-28,40.55,40.8,40.5,40.5,411000,40.678,40.537,40.563,1.0028350960234695,52.47524752475248,-0.2396264340380867,-0.3095807253594246,-0.007596177407498184,0.014350711447980214,0.02581479379412935,3.1306532663316586,204650.0,0.0074074074074073374,-0.06148148148148158,0
2020-10-29,40.0,40.0,37.75,38.01,477000,40.29600000000001,40.317,40.451499999999996,0.9961558903872542,30.038387715930853,-0.43249116311675806,-0.3341628129108913,-0.06148148148148158,0.02435551720580718,0.029311310240180685,0.16058394160583944,245850.0,0.05919494869771113,-0.026835043409628945,0
2020-11-02,37.25,37.99,36.51,36.99,161000,39.456,39.916000000000004,40.278,0.979591836734694,31.74442190669366,-0.6600348549804806,-0.3993372213248092,-0.026835043409628945,0.02347694623205137,0.02973970455666456,-0.6624737945492662,248800.0,0.04001081373344158,0.0348742903487429,1
2020-11-03,37.5,38.9,37.0,38.28,294500,38.918,39.712,40.240500000000004,0.9671351002099873,34.91295938104447,-0.7278820796032832,-0.465046192980504,0.0348742903487429,0.027212441129160606,0.029994799032786703,0.829192546583851,277300.0,0.049634273772204765,-0.00444096133751315,0
2020-11-04,38.87,38.87,37.5,38.11,184000,38.378,39.486000000000004,40.12650000000001,0.9564253049730227,39.62678375411634,-0.7863050381584316,-0.5292979620160896,-0.00444096133751315,0.027130567904275288,0.02881881803827806,-0.37521222410865873,272200.0,0.03594856992915239,-0.0023615848858565824,0
2020-11-05,38.11,38.5,37.99,38.02,434000,37.882000000000005,39.279999999999994,39.947,0.9483065061206098,37.81979977753057,-0.8302967573892843,-0.5894977210907286,-0.0023615848858565824,0.027138369300005526,0.027774438993369663,1.358695652173913,278700.0,0.01341399263545497,-0.002104155707522537,0
2020-11-06,38.4,38.9,37.71,37.94,87500,37.86800000000001,39.08200000000001,39.844,0.9504065856841685,31.52173913043474,-0.8616828991526191,-0.6439347567031067,-0.002104155707522537,0.02715215571792219,0.026556606745639137,-0.7983870967741935,251650.0,0.031365313653136474,-0.0005271481286240887,0
2020-11-09,37.95,37.95,37.53,37.92,7000,38.054,38.755,39.6315,0.9601958038429027,34.25196850393698,-0.8780488746178818,-0.6907575802860617,-0.0005271481286240887,0.024065389998604032,0.023004106138084283,-0.92,221700.0,0.011075949367088653,0.025843881856540074,1
2020-11-10,39.0,39.38,38.5,38.9,849000,38.178000000000004,38.548,39.547000000000004,0.9653829620451615,41.40350877192981,-0.8026883269098306,-0.7131437296108155,0.025843881856540074,0.02635572998792366,0.022660902595036562,120.28571428571429,300450.0,0.022622107969151737,-0.013624678663239131,0
2020-11-11,38.4,38.4,38.37,38.37,2500,38.23,38.303999999999995,39.3955,0.9704154027744285,40.27303754266209,-0.7767769197093912,-0.7258703676305307,-0.013624678663239131,0.026495724912191616,0.022197386004104296,-0.997055359246172,290750.0,0.0007818608287725082,-0.03570497784727644,0
2020-11-12,38.11,38.11,37.0,37.0,415000,38.025999999999996,37.95399999999999,39.24550000000001,0.9689263737243757,35.39999999999996,-0.8569115503106488,-0.7520786041665544,-0.03570497784727644,0.028144190819976392,0.022336468761538848,165.0,291150.0,0.029999999999999985,0.0008108108108109136,1
2020-11-13,37.0,37.65,36.56,37.03,65500,37.84400000000001,37.856,39.0865,0.9682115308354549,26.255707762557066,-0.9075365566186377,-0.7831701946569711,0.0008108108108109136,0.02118030219395654,0.022265309147377187,-0.8421686746987952,250000.0,0.029435592762624797,0.0002700513097488866,1
2020-11-16,37.65,37.85,36.5,37.04,99500,37.668,37.861000000000004,38.8885,0.9686154004397186,27.017543859649095,-0.9360600053600123,-0.8137481567975795,0.0002700513097488866,0.01936323304233178,0.021599653730458954,0.5190839694656488,243850.0,0.03644708423326138,0.001079913606911509,1
2020-11-17,37.04,37.75,36.72,37.08,268000,37.303999999999995,37.741,38.7265,0.9632680464281562,27.876631079478017,-0.9445492030307747,-0.8399083660442186,0.001079913606911509,0.015149895469078184,0.021454847136809365,1.6934673366834172,241200.0,0.02777777777777781,-0.0024271844660193054,0
2020-11-18,36.61,37.45,36.25,36.99,355500,37.028,37.629000000000005,38.5575,0.9603319717305323,28.623629719853824,-0.9476156775246096,-0.8614498283402968,-0.0024271844660193054,0.015143116673753891,0.021423729771052526,0.32649253731343286,258350.0,0.03244120032441208,-0.011624763449580966,0
2020-11-19,36.52,37.38,36.01,36.56,198000,36.94,37.483,38.3815,0.9624428435574429,38.21138211382114,-0.9735211412730607,-0.8838640909268496,-0.011624763449580966,0.015389567500112866,0.021479862594622198,-0.44303797468354433,234750.0,0.03747264770240712,0.01695842450765861,1
2020-11-20,36.95,37.35,36.1,37.18,228000,36.970000000000006,37.407,38.2445,0.9666749467243657,51.652173913043455,-0.9332644973007902,-0.8937441722016378,0.01695842450765861,0.016744082371385825,0.022003413890150758,0.1515151515151516,248800.0,0.03362022592791824,-0.031737493275954765,0
2020-11-23,36.42,36.98,35.5,36.0,172500,36.762,37.215,37.985,0.9678030801632224,29.787234042553123,-0.9852199529088281,-0.9120393283430759,-0.031737493275954765,0.01919085574250864,0.021238724511577333,-0.24342105263157898,265350.0,0.04111111111111102,-0.005555555555555647,0
2020-11-24,36.02,36.84,35.7,35.8,211000,36.506,36.904999999999994,37.7265,0.9676487349740898,29.629629629629562,-1.0306526323406686,-0.9357619891425946,-0.005555555555555647,0.01586047450496804,0.021238166089438647,0.22318840579710142,201550.0,0.03184357541899443,-0.005027932960893877,0
2020-11-25,36.0,36.35,35.15,35.62,142500,36.232,36.629999999999995,37.467,0.9670376598072971,29.166666666666586,-1.068861681669425,-0.9623819276479607,-0.005027932960893877,0.015763784089118476,0.021232417805865867,-0.32464454976303314,215550.0,0.03368893879842793,0.03481190342504226,1
2020-11-26,36.48,37.25,36.4,36.86,218000,36.291999999999994,36.616,37.285000000000004,0.9733673058870858,42.19653179190751,-0.9876994077056906,-0.9674454236595067,0.03481190342504226,0.01733716695494596,0.023154156286093523,0.5298245614035089,195850.0,0.023060227889310943,0.0035268583830712075,1
2020-11-27,36.81,36.99,36.55,36.99,1500,36.254,36.612,37.234,0.9736799699199655,43.385490753911796,-0.902484527446866,-0.9544532444169787,0.0035268583830712075,0.017376760565628657,0.018896733330811124,-0.9931192660550459,189450.0,0.011895106785617865,0.0005406866720734094,1
2020-11-30,36.42,37.25,36.42,37.01,76500,36.455999999999996,36.608999999999995,37.235,0.9790788236873909,34.431630971993386,-0.8238405668173314,-0.9283307088970493,0.0005406866720734094,0.01737739117680687,0.01790690374620274,50.0,187150.0,0.022426371251013193,0.013239664955417618,1
2020-12-01,37.49,37.71,37.2,37.5,99000,36.79600000000001,36.650999999999996,37.196,0.9892461555005917,42.78606965174131,-0.7137481125712029,-0.8854141896318801,0.013239664955417618,0.017875417669093226,0.016280279662343234,0.2941176470588236,170250.0,0.013599999999999947,-0.002666666666666706,0
2020-12-02,38.0,38.0,37.2,37.4,180000,37.152,36.69199999999999,37.1605,0.9997712624964681,54.20168067226889,-0.62733666707841,-0.833798685121186,-0.002666666666666706,0.01788108146311522,0.01626481111826505,0.8181818181818181,152700.0,0.021390374331550728,-0.010962566844919697,0
2020-12-03,37.4,37.52,36.91,36.99,388000,37.178,36.735,37.108999999999995,1.0018593872106498,49.61089494163425,-0.5851928090190626,-0.7840775099007614,-0.010962566844919697,0.017829269605292936,0.016420842220554184,1.1555555555555554,171700.0,0.016490943498242944,-0.013517166801838343,0
2020-12-04,36.59,36.99,36.15,36.49,671500,37.078,36.666,37.036500000000004,1.0011205162474857,45.11545293072826,-0.5853912927729183,-0.7443402664751928,-0.013517166801838343,0.0174585469227122,0.016649030287290263,0.7306701030927836,216050.0,0.023020005480953776,0.05782406138668117,1
2020-12-07,36.52,38.99,36.3,38.6,1096000,37.396,36.926,37.070499999999996,1.0087805667579344,59.870129870129894,-0.41055658582482124,-0.6775835303451185,0.05782406138668117,0.022578706086550618,0.02133873980493487,0.6321667907669397,308400.0,0.06968911917098458,0.0,0
2020-12-08,39.0,39.72,38.52,38.6,857000,37.616,37.206,37.0555,1.015125959709085,60.57818659658344,-0.268899119289145,-0.5958466481339239,0.0,0.022295974014171695,0.020528795592236863,-0.21806569343065696,373000.0,0.031088082901554293,-0.006476683937823857,0
2020-12-09,38.25,38.79,38.2,38.35,257500,37.806000000000004,37.479,37.0545,1.0202809375379511,62.04576043068641,-0.1747925672251327,-0.5116358319521657,-0.006476683937823857,0.022392918248685844,0.020343969833961997,-0.6995332555425904,384500.0,0.015384615384615288,0.003911342894393766,1
2020-12-10,38.25,39.0,38.0,38.5,1073500,38.108000000000004,37.643,37.12949999999999,1.026353707968058,59.48275862068966,-0.08710461256272595,-0.42672958807427774,0.003911342894393766,0.020255581738161724,0.018513620898231657,3.168932038834951,470050.0,0.025974025974025976,-0.017142857142857015,0
2020-12-11,38.6,39.0,37.5,37.84,860000,38.378,37.727999999999994,37.17,1.0324993274145815,64.28571428571432,-0.07006015107437236,-0.35539570067429666,-0.017142857142857015,0.02139333796610337,0.019010513969621966,-0.19888216115510016,555900.0,0.03964059196617336,0.028805496828752553,1
2020-12-14,38.0,39.2,38.0,38.93,177000,38.444,37.92,37.264500000000005,1.0316521085751855,71.35061391541615,0.03104374497575435,-0.27810781154428643,0.028805496828752553,0.022921941885957788,0.019979141915589832,-0.7941860465116279,565950.0,0.03082455689699468,0.0025687130747495956,1
2020-12-15,39.1,39.89,38.85,39.03,1097000,38.53,38.073,37.362,1.0312617097585781,73.51724137931039,0.11787963225177123,-0.1989103227850749,0.0025687130747495956,0.02275913666957914,0.019975647590434513,5.19774011299435,665750.0,0.026646169613118092,-0.021009479887266203,0
2020-12-16,38.95,39.5,38.02,38.21,196500,38.502,38.154,37.423,1.0288325361408759,59.882869692532964,0.11915698402356156,-0.13529686142334763,-0.021009479887266203,0.024078082214266865,0.020650013016534494,-0.8208751139471285,667400.0,0.03873331588589366,0.014917560847945488,1
2020-12-17,38.5,38.9,38.28,38.78,296000,38.558,38.333000000000006,37.534000000000006,1.0272819310491819,62.31086657496562,0.1642699293259824,-0.07538350327348162,0.014917560847945488,0.023872194366516105,0.020593077860931324,0.5063613231552162,658200.0,0.015987622485817365,-0.006962351727694771,0
2020-12-18,38.42,38.69,38.1,38.51,47500,38.69199999999999,38.535000000000004,37.6005,1.0290288692969507,59.97340425531915,0.17620434596661028,-0.02506593342546324,-0.006962351727694771,0.02339279762988721,0.020443013259157476,-0.839527027027027,595800.0,0.015320695923136752,-0.0059724746819007635,0
2020-12-21,38.5,38.6,38.15,38.28,166500,38.562,38.503,37.7145,1.0224714632303225,55.37190082644629,0.16519906731220857,0.012987066722071124,-0.0059724746819007635,0.014644442046140202,0.018966619005121164,2.5052631578947366,502850.0,0.011755485893417001,-0.008098223615465083,0
2020-12-22,38.28,38.4,37.85,37.97,483000,38.35,38.440000000000005,37.823,1.0139333209951618,53.815261044176715,0.12996474281303705,0.03638260194026431,-0.008098223615465083,0.014822049922672104,0.019037088060579348,1.900900900900901,465450.0,0.014485119831445804,0.02818014221754006,1
2020-12-23,38.0,39.24,38.0,39.04,502000,38.516,38.509,37.994,1.0137390114228562,62.60762607626076,0.1862345484867518,0.06635299124956182,0.02818014221754006,0.01737320278574145,0.019725199052424428,0.039337474120082705,489900.0,0.03176229508196726,0.008452868852458995,1
2020-12-24,39.24,39.5,38.75,39.37,386500,38.634,38.596,38.1195,1.0134970290796048,68.09045226130652,0.2545230338609059,0.10398699977183064,0.008452868852458995,0.017490015863662924,0.018452220849702904,-0.23007968127490042,421200.0,0.019050038100076203,-0.002794005588011128,0
2020-12-28,38.83,39.78,38.83,39.26,208000,38.784000000000006,38.738,38.233,1.0144116339288052,55.536912751677825,0.29634993227243456,0.14245958627195143,-0.002794005588011128,0.016256004859781514,0.018505033622676643,-0.461836998706339,356000.0,0.02419765664798785,0.0015282730514518672,1
2020-12-29,39.01,39.49,38.85,39.32,30500,38.992000000000004,38.777,38.3485,1.0167803173526997,55.980066445182715,0.33052941185670903,0.18007355138890296,0.0015282730514518672,0.013680001002749942,0.018499043825862278,-0.8533653846153846,341350.0,0.016276703967446605,-0.0027975584944048837,0
2020-12-30,39.0,39.49,39.0,39.21,82500,39.239999999999995,38.795,38.434000000000005,1.0209710152469165,57.31292517006803,0.344766560683631,0.21301215324784858,-0.0027975584944048837,0.013720354640351182,0.018387802625042367,1.7049180327868854,239900.0,0.012496812037745523,0.002805406783983555,1
2020-12-31,39.74,39.74,38.56,39.32,154500,39.296,38.906,38.53,1.0198806125097326,57.02054794520549,0.3607669871356691,0.2425631200254127,0.002805406783983555,0.01144094565343596,0.018349281159589233,0.8727272727272728,235700.0,0.030010172939979648,0.05645981688708024,1
2021-01-01,39.44,41.81,39.2,41.54,1828000,39.730000000000004,39.182,38.7575,1.0250919176933497,74.99999999999997,0.5462856461834491,0.30330762525702,0.05645981688708024,0.020351238736124377,0.021616727750302912,10.831715210355988,388900.0,0.06283100625902743,0.07486759749638905,1
2021-01-04,41.54,44.65,40.55,44.65,3721000,40.808,39.796,39.1655,1.041937419412493,80.36093418259023,0.9335007135720659,0.4293462429200292,0.07486759749638905,0.028782482990930842,0.025999567490100503,1.0355579868708973,756250.0,0.09182530795072792,0.006718924972004547,1
2021-01-05,45.05,46.0,44.02,44.95,1798000,41.934,40.463,39.483,1.06207734974546,80.76923076923076,1.2501677810295746,0.5935105505419384,0.006718924972004547,0.028011557013511053,0.02348902416238763,-0.5167965600644988,919400.0,0.04404894327030026,-0.010011123470522909,0
2021-01-06,44.8,45.5,44.11,44.5,652500,42.992,41.116,39.778,1.0807984312936798,83.99999999999997,1.4481243976298472,0.7644333199595201,-0.010011123470522909,0.028204315562355493,0.023771168458063152,-0.6370967741935484,936350.0,0.03123595505617979,0.008089887640449378,1
2021-01-07,44.95,46.45,44.3,44.86,2222000,44.1,41.698,40.103500000000004,1.09965464360966,83.62831858407077,1.6154337194946748,0.9346333998665511,0.008089887640449378,0.02798195024954476,0.0235457848498374,2.4053639846743295,1108350.0,0.04792688363798497,-0.014489522960321022,0
2021-01-08,45.0,45.0,44.0,44.21,475000,44.634,42.182,40.388999999999996,1.1051028745450495,80.25477707006371,1.6762551685968035,1.0829577536126016,-0.014489522960321022,0.02942105619901771,0.024072741618219543,-0.7862286228622862,1117200.0,0.022619316896629722,-0.005202442886224956,0
2021-01-11,43.7,44.15,43.25,43.98,257000,44.5,42.654,40.696000000000005,1.093473560055042,80.25477707006365,1.6864570997326993,1.2036576228366211,-0.005202442886224956,0.029565464547650848,0.023580119080059404,-0.45894736842105266,1122100.0,0.020463847203274186,0.0002273760800364233,1
2021-01-12,43.5,44.25,43.0,43.99,146000,44.30800000000001,43.120999999999995,40.949,1.0820288651737529,83.00438596491226,1.676028902192634,1.2981318787078238,0.0002273760800364233,0.029618481962169735,0.023101447809445067,-0.43190661478599224,1133650.0,0.028415548988406456,0.0006819731757217173,1
2021-01-13,43.98,44.3,43.5,44.02,1212500,44.212,43.602,41.1985,1.0731458669611758,80.81683168316829,1.6511517798784325,1.3687358589419456,0.0006819731757217173,0.029449633182735198,0.0231216483002161,7.304794520547945,1246650.0,0.018173557473875446,-0.0020445252158111105,0
2021-01-14,44.05,44.05,43.25,43.93,526000,44.025999999999996,44.063,41.4845,1.0612638455326688,79.08163265306118,1.6056651253031546,1.4161217122141876,-0.0020445252158111105,0.029657353344048818,0.022318524597330632,-0.5661855670103093,1283800.0,0.018210789893011545,0.017072615524698298,1
2021-01-15,43.98,47.22,43.95,44.68,1484000,44.120000000000005,44.376999999999995,41.7795,1.0560202970356276,81.95754716981126,1.6115583147350279,1.4552090327183556,0.017072615524698298,0.02532655257532751,0.022362762371669412,1.8212927756653992,1249400.0,0.07318710832587279,-0.01410026857654434,0
2021-01-18,44.06,44.5,43.91,44.05,482500,44.134,44.317,42.0565,1.0493978338663466,76.1325966850828,1.5475537387658775,1.47367797392786,-0.01410026857654434,0.010142125352687131,0.022657969074418735,-0.6748652291105122,925550.0,0.013393870601589182,-0.003632236095346131,0
2021-01-19,44.0,44.0,43.0,43.89,241000,44.114000000000004,44.211,42.337,1.0419727425183645,75.71428571428567,1.4670082306559564,1.4723440252734794,-0.003632236095346131,0.009752877933582501,0.022593516442828247,-0.5005181347150259,769850.0,0.0227842333105491,-0.006835269993164639,0
2021-01-20,43.27,43.93,43.25,43.59,235000,44.028000000000006,44.120000000000005,42.618,1.0330846121357173,72.98170075349837,1.3632531091378581,1.4505258420463554,-0.006835269993164639,0.009524387499616009,0.022550539092731633,-0.024896265560165998,728100.0,0.015599908235833898,0.033035099793530476,1
2021-01-21,44.0,46.24,43.75,45.03,2150500,44.248000000000005,44.137,42.917500000000004,1.0310013397798101,70.50528789659222,1.381299630921255,1.4366805998213354,0.033035099793530476,0.014456875177355348,0.02281333410771199,8.151063829787233,720950.0,0.05529646902065294,0.010437486120364214,1
2021-01-22,45.35,46.14,45.0,45.5,433000,44.412,44.266,43.224000000000004,1.0274847307051638,57.24020442930153,1.4171902148721074,1.4327825228314899,0.010437486120364214,0.01372092977833567,0.02282246166909788,-0.798651476400837,716750.0,0.025054945054945068,0.00043956043956061563,1
2021-01-25,45.05,45.8,45.05,45.52,651000,44.706,44.42,43.537,1.0268507246709697,55.09838998211091,1.4307547440088513,1.4323769670669622,0.00043956043956061563,0.013461361282082276,0.022757052318458357,0.5034642032332564,756150.0,0.016476274165202108,-0.008128295254833162,0
2021-01-26,45.5,45.5,44.4,45.15,275000,44.958,44.536,43.8285,1.025770902494952,55.898366606170576,1.395561657218451,1.4250139050972601,-0.008128295254833162,0.013939833537221067,0.022995244607645342,-0.5775729646697388,769050.0,0.02436323366555928,0.0024363233665558592,1
2021-01-27,45.74,45.75,45.0,45.26,362500,45.291999999999994,44.660000000000004,44.13099999999999,1.0263080374340035,53.802281368821276,1.360859818197838,1.4121830877173758,0.0024363233665558592,0.013922746637319556,0.022905329433717977,0.3181818181818181,684050.0,0.01657092355280601,0.00795404330534688,1
2021-01-28,45.0,46.0,44.1,45.62,2670500,45.41,44.829,44.446,1.0216892408765692,64.18511066398383,1.346881342404501,1.3991227386548009,0.00795404330534688,0.013889735140766876,0.022879401172710867,6.366896551724138,898500.0,0.04164839982463829,0.013590530469092643,1
2021-01-29,45.5,46.6,45.5,46.24,316000,45.558,44.985,44.681,1.0196280298113292,71.0820895522388,1.3700391594620953,1.3933060228162597,0.013590530469092643,0.013561691392684877,0.019882634939666882,-0.8816700992323535,781700.0,0.02378892733564017,-0.02422145328719738,0
2021-02-01,46.0,46.5,45.0,45.12,990000,45.477999999999994,45.092,44.704499999999996,1.0173025086959926,58.732612055641376,1.2832250371059502,1.3712898256741979,-0.02422145328719738,0.015290300710846864,0.012778703304890084,2.132911392405063,832450.0,0.03324468085106383,0.007313829787234161,1
2021-02-02,45.88,45.88,45.0,45.45,125500,45.538,45.248000000000005,44.7295,1.0180753194200693,60.56129985228948,1.226909413754477,1.3424137432902536,0.007313829787234161,0.015193422357258683,0.012794376572040309,-0.8732323232323232,820900.0,0.019361936193619415,-0.008580858085808551,0
2021-02-03,45.01,46.25,45.0,45.06,678500,45.498000000000005,45.394999999999996,44.7575,1.0165447131765626,57.991513437057996,1.1376945018551226,1.3014698950032275,-0.008580858085808551,0.01533602191033663,0.01273562664968982,4.4063745019920315,865250.0,0.027740790057700842,0.010208610741234025,1
2021-02-04,45.5,46.0,44.5,45.52,243500,45.478,45.444,44.7905,1.0153492370033823,56.194690265486734,1.0915267560438906,1.2594812672113602,0.010208610741234025,0.011709523816423527,0.01280891349853574,-0.6411201179071482,674550.0,0.032952548330404216,0.003734622144112354,1
2021-02-08,46.84,46.85,45.5,45.69,498000,45.368,45.463,44.8645,1.0112226816302423,62.97468354430379,1.0564776474334536,1.218880543255779,0.003734622144112354,0.011303289786256906,0.012301555903097214,1.0451745379876796,681050.0,0.029546946815495766,-0.006128255635806545,0
2021-02-09,45.35,46.0,45.01,45.41,360500,45.426,45.452000000000005,44.93599999999999,1.0109043973651417,61.80124223602479,0.9946417059587986,1.174032775796383,-0.006128255635806545,0.01149474901378887,0.012330680798888464,-0.2761044176706827,652000.0,0.021801365338031314,-0.00902884827130579,0
2021-02-10,44.22,45.49,43.95,45.0,301000,45.336,45.437,44.9865,1.0077689973658763,60.76335877862591,0.9021532423423722,1.1196568691055808,-0.00902884827130579,0.011567219717585793,0.012559384779953952,-0.16504854368932043,654600.0,0.0342222222222222,-0.011111111111111072,0
2021-02-11,45.01,45.01,44.5,44.5,22000,45.224000000000004,45.361000000000004,45.01049999999999,1.004743337665656,45.27629233511587,0.7795237823312959,1.0516302517507239,-0.011111111111111072,0.011999996391273242,0.012858761960985584,-0.9269102990033222,620550.0,0.011460674157303325,-0.022247191011235956,0
2021-02-12,45.5,45.5,43.51,43.51,13000,44.821999999999996,45.15,44.9895,0.9962769090565575,33.76835236541602,0.5955887491906395,0.9604219512387071,-0.022247191011235956,0.013073256657188687,0.013835560979055968,-0.40909090909090906,354800.0,0.045736612273040725,0.02459204780510227,1
2021-02-15,44.0,46.0,43.51,44.58,248000,44.6,44.983999999999995,44.9845,0.9914526114550568,43.45403899721447,0.5300488941751382,0.8743473398259933,0.02459204780510227,0.015086423958139495,0.014424683093922539,18.076923076923077,348000.0,0.0558546433378197,-0.004710632570659512,0
2021-02-16,44.55,45.0,44.01,44.37,236000,44.391999999999996,44.909,45.0005,0.9864779280230218,44.444444444444436,0.4559074249273678,0.7906593568462683,-0.004710632570659512,0.01326754630302441,0.014091015130476968,-0.048387096774193505,272600.0,0.022312373225152175,-0.02096010818120353,0
2021-02-17,44.51,44.52,43.1,43.44,261500,44.08,44.708,44.977999999999994,0.9800346836231048,38.39285714285716,0.318435818822401,0.6962146492414949,-0.02096010818120353,0.014141761027537418,0.01486694892684175,0.10805084745762716,286200.0,0.03268876611418052,0.013121546961325947,1
2021-02-18,43.05,44.4,42.85,44.01,259000,43.982,44.602999999999994,44.999,0.9773994977666169,40.00000000000002,0.25257133177352387,0.6074859857479007,0.013121546961325947,0.015067758198401244,0.015081221986032893,-0.009560229445506718,244250.0,0.03521926834810264,0.007271074755737406,1
2021-02-19,44.55,45.0,44.0,44.33,93500,44.146,44.483999999999995,44.964,0.9818076683569078,37.6774193548387,0.22361686093154987,0.5307121607846306,0.007271074755737406,0.014824490922741133,0.013139030246777617,-0.6389961389961389,229250.0,0.022558087074216106,-0.016016241822693456,0
2021-02-22,44.01,45.24,43.5,43.62,127500,43.95399999999999,44.277,44.87,0.979585469133051,39.782016348773844,0.1417452172698006,0.4529187720816646,-0.016016241822693456,0.015205460417882646,0.013289403583870998,0.36363636363636354,192200.0,0.03988995873452549,-0.011004126547455195,0
2021-02-23,44.0,44.0,43.0,43.14,62000,43.70799999999999,44.05,44.751,0.9766932582512121,34.57943925233643,0.03769483870552648,0.369873985406437,-0.011004126547455195,0.015340277263413504,0.013423453298746398,-0.5137254901960784,162350.0,0.023180343069077423,-0.03778395920259625,0
2021-02-24,42.4,42.49,41.0,41.51,805000,43.321999999999996,43.701,44.569,0.972020911395813,29.667812142038926,-0.17428417400100926,0.26104235352494776,-0.03778395920259625,0.018538996265151757,0.015538106749267398,11.983870967741936,212750.0,0.035894965068658205,0.01180438448566612,1
2021-02-25,41.75,42.0,41.7,42.0,36500,42.92,43.451,44.40599999999999,0.966536053686439,29.908675799086737,-0.2992901335403104,0.14897585611189612,0.01180438448566612,0.019487875329040154,0.015882227206634944,-0.9546583850931677,214200.0,0.007142857142857075,-0.01261904761904764,0
2021-02-26,41.9,41.99,40.75,41.47,63000,42.348,43.247,44.1985,0.9581320633053158,26.864035087719316,-0.4360977641361714,0.03196113206228261,-0.01261904761904764,0.01879933476429948,0.015759586234087054,0.726027397260274,219200.0,0.029901133349409262,0.01278032312515065,1
2021-03-01,41.0,42.0,41.0,42.0,177500,42.024,42.989,43.9865,0.9553840382844737,31.803628601921048,-0.49603425233365783,-0.07363794481690547,0.01278032312515065,0.01704882700295538,0.01571122832204074,1.8174603174603177,212150.0,0.023809523809523808,-0.009761904761904638,0
2021-03-02,42.0,42.01,41.0,41.59,845500,41.714000000000006,42.711,43.81,0.9521570417712851,31.803628601921048,-0.5700467800971225,-0.17291971187294888,-0.009761904761904638,0.017087366900285266,0.015084836451031989,3.763380281690141,273100.0,0.024284683818225485,-0.009136811733589822,0
2021-03-03,41.55,41.55,41.06,41.21,291000,41.653999999999996,42.488,43.598,0.955410798660489,32.21621621621624,-0.6518509339847611,-0.26870595629531135,-0.009136811733589822,0.016354917932204553,0.014885147092552469,-0.6558249556475458,276050.0,0.011890317884008612,-0.01650084930842033,0
2021-03-04,40.5,40.99,40.0,40.53,77500,41.36,42.14,43.371500000000005,0.9536216178827109,33.33333333333336,-0.762759021116274,-0.36751656925950393,-0.01650084930842033,0.015331570488844901,0.015095483066638542,-0.7336769759450172,257900.0,0.024426350851221367,-0.009129040217123241,0
2021-03-05,40.52,40.52,40.0,40.16,245500,41.098,41.723,43.1035,0.9534724558330531,23.179611650485455,-0.8704760805940523,-0.46810847152641366,-0.009129040217123241,0.014350818059729072,0.014671646662233256,2.167741935483871,273100.0,0.01294820717131482,-0.012948207171314619,0
2021-03-08,40.66,40.66,39.6,39.64,741500,40.626,41.325,42.801,0.9491834302936847,22.339181286549746,-0.9864313143092005,-0.571773040082971,-0.012948207171314619,0.014233972772058595,0.014554358808475292,2.020366598778004,334500.0,0.026740665993945388,-0.02219979818365292,0
2021-03-09,39.0,39.4,38.75,38.76,186000,40.059999999999995,40.887,42.4685,0.9432873777034743,22.470588235294144,-1.1362374795924666,-0.6846659279848701,-0.02219979818365292,0.014800567169681832,0.014943566423712508,-0.7491571139581928,346900.0,0.016769865841073237,0.04514963880288958,1
2021-03-10,39.0,41.6,39.0,40.51,962500,39.919999999999995,40.787,42.244,0.9449862702395605,31.921487603305792,-1.101057267440126,-0.7679441958759213,0.04514963880288958,0.020122927060498726,0.01905125039181285,4.174731182795699,362650.0,0.06418168353492969,0.07479634658109102,1
2021-03-11,41.01,43.54,40.81,43.54,2764500,40.522000000000006,40.940999999999995,42.196000000000005,0.9603279931747085,46.811945117029865,-0.8192373602844185,-0.7782028287576208,0.07479634658109102,0.031599889680994,0.026025566822506424,1.8722077922077922,635450.0,0.06270096463022501,0.009646302250803984,1
2021-03-12,44.25,45.25,43.0,43.96,1738500,41.282,41.19,42.2185,0.9778177813044044,51.40495867768597,-0.5555979759284142,-0.7336818581917796,0.009646302250803984,0.031075486843596848,0.025614520347238146,-0.3711340206185567,803000.0,0.051182893539581435,-0.0040946314831664665,0
2021-03-15,44.5,44.5,43.1,43.78,117500,42.11,41.368,42.1785,0.9983759498322605,52.71186440677967,-0.35707027620871656,-0.658359541795167,-0.0040946314831664665,0.03114076340736407,0.025009304026226503,-0.9324129997123958,797000.0,0.03197807217907717,-0.007080858839652815,0
2021-03-16,43.01,43.7,42.25,43.47,1149000,43.052,41.556,42.1335,1.0217997555389418,59.351145038167935,-0.222188798921664,-0.5711253932204664,-0.007080858839652815,0.031014834482682822,0.025035336820583003,8.778723404255318,827350.0,0.03335633770416386,-0.01955371520588911,0
2021-03-17,43.47,43.94,42.5,42.62,73000,43.474000000000004,41.696999999999996,42.0925,1.032820573736414,52.85977859778596,-0.18178662954951363,-0.49325764048627585,-0.01955371520588911,0.031704088771004516,0.02497744146694483,-0.9364664926022628,805550.0,0.03378695448146405,-0.014547160957297023,0
2021-03-18,42.75,43.0,41.75,42.0,226000,43.166,41.843999999999994,41.992,1.027957706229758,52.42451967063129,-0.19751955520325026,-0.43411002342967075,-0.014547160957297023,0.031570770694270715,0.024939989615784187,2.095890410958904,820400.0,0.02976190476190476,0.023333333333333206,1
2021-03-19,42.49,43.1,42.49,42.98,34000,42.970000000000006,42.126,41.9245,1.024937685601498,54.30579964850614,-0.1294183481775093,-0.3731716883792385,0.023333333333333206,0.03173885661399833,0.025507970616049706,-0.8495575221238938,799250.0,0.01419264774313633,-0.04234527687296419,0
2021-03-22,42.0,42.5,41.0,41.16,1328500,42.44599999999999,42.278,41.8015,1.0154181070057293,48.31899921813914,-0.21977303386186975,-0.3424919574757647,-0.04234527687296419,0.035010328096906435,0.026949217797486557,38.0735294117647,857950.0,0.03644314868804665,0.008503401360544283,1
2021-03-24,41.7,42.4,41.0,41.51,437500,42.054,42.553000000000004,41.72,1.0080057526366253,51.17554858934168,-0.2601389781004855,-0.32602136160070894,0.008503401360544283,0.03375076717768034,0.026980504866961786,-0.6706812194203989,883100.0,0.03372681281618884,-0.0038544928932786604,0
2021-03-25,42.25,42.25,41.12,41.35,456500,41.8,42.63699999999999,41.712,1.00210970464135,53.34967320261438,-0.30156370389312315,-0.3211298300591918,-0.0038544928932786604,0.031112035200183696,0.025616800024622886,0.04342857142857137,832500.0,0.027327690447400303,-0.005562273276904617,0
2021-03-26,41.02,42.0,40.9,41.12,714000,41.624,42.394999999999996,41.668,0.9989440337909188,53.96694214876034,-0.3489299283301719,-0.3266898497133879,-0.005562273276904617,0.017953502276828327,0.025493649641276293,0.5640744797371304,627450.0,0.02675097276264595,-0.03088521400778199,0
2021-03-29,40.75,41.12,39.5,39.85,163000,40.998,41.984,41.587,0.9858369201914058,50.81712062256809,-0.48337435000215123,-0.3580267497711406,-0.03088521400778199,0.01869988239646764,0.026256772196661057,-0.7717086834733894,469900.0,0.040652446675031303,-0.002007528230865696,0
2021-03-30,40.0,40.0,39.4,39.77,142000,40.72,41.583,41.4755,0.9817844269508506,54.19087136929463,-0.5895815253861656,-0.40433770489414556,-0.002007528230865696,0.018779739759861934,0.026035729670054648,-0.1288343558282209,472350.0,0.01508674880563242,-0.013578073925069267,0
2021-03-31,40.15,40.49,39.0,39.23,320000,40.263999999999996,41.159000000000006,41.3575,0.9735598138185334,44.095940959409596,-0.7091503206256462,-0.4653002280404457,-0.013578073925069267,0.01880296789002842,0.02610634173475992,1.2535211267605635,389450.0,0.037981136885037015,-0.0163140453734385,0
2021-04-01,39.5,39.5,38.49,38.59,333500,39.712,40.756,41.2265,0.9632639200514233,20.71005917159765,-0.8458022220739494,-0.5414006268471465,-0.0163140453734385,0.01864829627475894,0.02624986581281498,0.042187500000000044,415500.0,0.02617258357087323,0.009847110650427426,1
2021-04-02,38.5,39.35,38.5,38.97,199000,39.282,40.453,41.1485,0.9546399018190213,20.332936979785927,-0.9129135155496968,-0.6157032045876566,0.009847110650427426,0.0195225584103411,0.026195557062280835,-0.40329835082458776,412800.0,0.021811649987169654,0.0005132152938158718,1
2021-04-05,38.01,39.0,38.0,38.99,60500,39.11,40.054,41.089999999999996,0.9518130932100268,20.969696969696955,-0.9534945743634609,-0.6832614785428175,0.0005132152938158718,0.016671222798013596,0.02613916426695689,-0.6959798994974875,415450.0,0.025647601949217745,0.0002564760194920801,1
2021-04-06,38.5,39.5,38.5,39.0,46000,38.956,39.838,41.058,0.9488041307418774,21.88679245283015,-0.9736250953786438,-0.7413342019099828,0.0002564760194920801,0.01221144095888033,0.02599206841843964,-0.23966942148760328,287200.0,0.02564102564102564,0.05794871794871792,1
2021-04-07,38.5,41.8,38.5,41.26,1159500,39.362,39.813,41.183,0.9557827258820387,42.73504273504273,-0.7980165281355198,-0.7526706671550902,0.05794871794871792,0.023352994866933915,0.02852530231506019,24.206521739130434,359400.0,0.07998061076102757,0.01405719825496865,1
2021-04-08,41.0,41.84,40.98,41.84,388000,40.012,39.862,41.2495,0.9699996363592287,49.14163090128758,-0.6050694566130019,-0.7231504250466727,0.01405719825496865,0.023739212592465045,0.02693962267216144,-0.6653730056058647,352550.0,0.020554493307839542,-0.009799235181644494,0
2021-04-09,41.02,41.79,41.02,41.43,106000,40.504000000000005,39.893,41.144,0.9844448765312076,41.14285714285715,-0.47971127286615456,-0.6744625946105691,-0.009799235181644494,0.023914988077399578,0.02085466335754851,-0.7268041237113403,291750.0,0.018585566014964906,-0.05454984310885824,0
2021-04-12,41.0,41.0,39.0,39.17,537500,40.54,39.825,40.9045,0.9910889999877764,39.17301414581069,-0.55631427679252,-0.6508329310469593,-0.05454984310885824,0.02820685380694721,0.023672991135013845,4.070754716981132,329200.0,0.05105948429920858,0.007914220066377098,1
2021-04-13,38.97,39.5,38.95,39.48,13000,40.636,39.79600000000001,40.689499999999995,0.9986851644773224,38.9071038251366,-0.5852617667428888,-0.6377186981861452,0.007914220066377098,0.028355753442363844,0.023861674304314087,-0.9758139534883721,316300.0,0.013931104356636201,0.00025329280648445085,1
2021-04-14,39.5,39.95,39.49,39.49,19500,40.282,39.821999999999996,40.490500000000004,0.9948506439782169,39.666666666666664,-0.6004740535502364,-0.6302697692589636,0.00025329280648445085,0.027974701207110927,0.023882502123637975,0.5,286250.0,0.011648518612306934,0.00860977462648771,1
2021-04-15,39.5,39.91,39.5,39.83,31500,39.88,39.946000000000005,40.351,0.9883274268295706,42.9198682766191,-0.5784269955953079,-0.6199012145262325,0.00860977462648771,0.027363061863078717,0.023779401453143084,0.6153846153846154,256050.0,0.010293748430830947,0.01431082098920422,1
2021-04-16,39.9,41.5,39.75,40.4,489000,39.674,40.089,40.271,0.9851754364182662,53.26991676575504,-0.509091813487089,-0.5977393343184039,0.01431082098920422,0.027514005507389343,0.02392399633500959,14.523809523809524,285050.0,0.04331683168316832,-0.03292079207920784,0
2021-04-19,39.25,39.95,38.55,39.07,13000,39.654,40.096999999999994,40.0755,0.989482352060486,46.376811594202884,-0.5550646273511717,-0.5892043929249575,-0.03292079207920784,0.029905671898989294,0.024135912921837577,-0.9734151329243353,280300.0,0.03583312004095228,0.022011773739442075,1
2021-04-20,39.1,39.94,39.1,39.93,10000,39.74400000000001,40.19,40.013999999999996,0.9932523616734146,53.507014028056126,-0.5161537022891096,-0.574594254797788,0.022011773739442075,0.03065907302035349,0.023089372509961938,-0.23076923076923073,276700.0,0.021036814425244084,0.0005008765339344912,1
2021-04-21,39.53,40.0,39.0,39.95,63500,39.836,40.059,39.936,0.9974959935897435,57.26495726495726,-0.47819039972152666,-0.5553134837825358,0.0005008765339344912,0.02378562390155068,0.022980313756376568,5.35,167100.0,0.025031289111389236,-0.029536921151439244,0
2021-04-22,39.01,39.5,38.5,38.77,1044500,39.624,39.752,39.807,0.9954028185997438,49.01574803149608,-0.5371286623854132,-0.5516765195031113,-0.029536921151439244,0.024309125506022686,0.023811768247393273,15.448818897637796,232750.0,0.025793139025019344,0.059324219757544316,1
2021-04-23,38.01,41.67,38.0,41.07,196500,39.758,39.716,39.804500000000004,0.99883179037546,58.36012861736334,-0.3937084560692554,-0.5200829068163401,0.059324219757544316,0.03210397321304125,0.027561697460035235,-0.8118717089516515,241800.0,0.08935962990017048,-0.021670318967616287,0
2021-04-26,39.24,40.5,39.16,40.18,97500,39.980000000000004,39.817,39.821,1.003992868084679,54.429429429429426,-0.3478526425045274,-0.4856368539539776,-0.021670318967616287,0.02726137588839077,0.027085894857426986,-0.5038167938931297,197800.0,0.033349925335988136,0.04380288700846191,1
2021-04-27,40.0,43.19,40.0,41.94,2096000,40.382000000000005,40.063,39.929500000000004,1.0113324734845164,52.652106084243364,-0.16756272996801158,-0.42202202915678444,0.04380288700846191,0.030201554640610515,0.028726938245068834,20.497435897435896,406100.0,0.07606103958035283,-0.029327610872675214,0
2021-04-28,41.94,41.94,40.7,40.71,327500,40.534000000000006,40.185,40.003499999999995,1.0132613396327823,45.805493689680766,-0.12252006083007672,-0.3621216354914429,-0.029327610872675214,0.03225667634505641,0.029414360723538303,-0.84375,436900.0,0.03045934659788737,-0.022353230164578797,0
2021-04-29,40.25,40.25,39.8,39.8,97500,40.739999999999995,40.182,40.064,1.016873003194888,44.166070150322106,-0.15842657292053275,-0.3213826229772609,-0.022353230164578797,0.033185498658263674,0.029645181807431344,-0.7022900763358779,443500.0,0.011306532663316654,0.01633165829145744,1
2021-04-30,39.7,40.9,39.45,40.45,5500,40.616,40.187,40.138,1.011908914245852,55.1779935275081,-0.1329011727301861,-0.2836863329278459,0.01633165829145744,0.03328552744444497,0.029771179670907172,-0.9435897435897436,395150.0,0.035846724351050574,-0.023485784919653918,0
2021-05-03,39.51,39.95,39.4,39.5,1264500,40.48,40.230000000000004,40.1635,1.007880289317415,50.07692307692309,-0.18717157232202197,-0.2643833808066811,-0.023485784919653918,0.032349841002006205,0.03032480434140498,228.9090909090909,520300.0,0.0139240506329115,0.005316455696202649,1
2021-05-04,39.99,40.1,39.5,39.71,22500,40.034,40.208,40.199,0.9958954202840867,50.83333333333333,-0.21080597003845725,-0.25366789865303635,0.005316455696202649,0.03159916362879384,0.030338642239014373,-0.9822064056939501,521550.0,0.015109544195416807,0.00705112062452784,1
2021-05-06,39.5,40.0,39.5,39.99,4000,39.89,40.212,40.1355,0.9938832205902506,50.608828006088295,-0.20458441873323352,-0.24385120266907578,0.00705112062452784,0.03168101300297513,0.027325001055630415,-0.8222222222222222,515600.0,0.01250312578144536,0.0,0
2021-05-17,40.0,40.5,39.98,39.99,718000,39.928000000000004,40.333999999999996,40.043,0.997128087306146,48.36913285600638,-0.19737853758260826,-0.2345566696517823,0.0,0.02989109253276097,0.027091474194073473,178.5,482950.0,0.013003250812703253,-0.006001500375093838,0
2021-05-18,40.07,40.07,39.75,39.75,8500,39.788,40.202,39.958999999999996,0.9957206136289697,52.961672473867594,-0.20862887528416962,-0.22937111077825975,-0.006001500375093838,0.022579115731905994,0.027046545677160198,-0.9881615598885793,464150.0,0.008050314465408812,-0.017610062893081868,0
2021-05-19,39.65,39.65,38.0,39.05,139000,39.69799999999999,40.089,39.952999999999996,0.9936175005631617,46.11307420494699,-0.27090616122944766,-0.23767812086849735,-0.017610062893081868,0.02224071810544681,0.02437874533461415,15.352941176470587,468300.0,0.04225352112676053,0.019206145966709443,1
2021-05-20,39.6,39.9,39.05,39.8,113500,39.716,39.875,39.969,0.9936700943231004,49.377593360995824,-0.2567825970984856,-0.241499016114495,0.019206145966709443,0.017359812838699692,0.024697283554281056,-0.1834532374100719,270050.0,0.021356783919598027,0.005025125628140836,1
2021-05-21,39.31,40.0,39.25,40.0,8000,39.718,39.804,39.9945,0.9930865494005426,55.555555555555536,-0.2268364132682663,-0.23856649554524928,0.005025125628140836,0.015307674298345364,0.024715878612018304,-0.9295154185022027,238100.0,0.01875,-0.0025000000000000577,0
2021-05-24,39.99,40.0,39.9,39.9,87500,39.7,39.814,39.998000000000005,0.992549627481374,43.40473506200677,-0.20876648105633677,-0.2326064926474668,-0.0025000000000000577,0.013505914001561177,0.0246589537441121,9.9375,237100.0,0.002506265664160437,-0.010025062656641603,0
2021-05-25,40.0,40.25,39.45,39.5,240000,39.65,39.719,39.952999999999996,0.9924160889044628,45.94272076372316,-0.22413885347085483,-0.2309129648121444,-0.010025062656641603,0.012576736836639651,0.024535149068804923,1.7428571428571429,260550.0,0.020253164556961953,0.018987341772152,1
2021-05-26,39.98,40.3,39.3,40.25,181000,39.89,39.794,40.012,0.9969509147255823,38.534599728629615,-0.17379938623469826,-0.21949024909665518,0.018987341772152,0.01177419839847731,0.023694367027478763,-0.24583333333333335,152200.0,0.024844720496894408,-0.013664596273291862,0
2021-05-27,40.25,40.5,39.7,39.7,147000,39.87,39.793,40.0005,0.9967375407807402,42.4514200298954,-0.17625365679059257,-0.21084293063544268,-0.013664596273291862,0.01266644220945619,0.023430339939922322,-0.18784530386740328,164650.0,0.020151133501259372,-0.04256926952141071,0
2021-05-28,40.0,40.01,36.73,38.01,325000,39.471999999999994,39.595,39.9035,0.9891864122194793,38.018741633199504,-0.3109827444706781,-0.23087089340248979,-0.04256926952141071,0.018150006016241102,0.02528476293974302,1.2108843537414966,196750.0,0.08629308076821893,0.00105235464351483,1
2021-05-31,38.97,39.12,37.11,38.05,859500,39.102,39.400999999999996,39.8675,0.9807988963441399,32.5072886297376,-0.40980487590697123,-0.2666576899033861,0.00105235464351483,0.0181846889572788,0.0244547179391297,1.6446153846153848,210900.0,0.05282522996057814,0.05177398160315394,1
2021-06-01,38.65,40.47,38.5,40.02,593500,39.205999999999996,39.428,39.815,0.9847042571895014,53.29949238578682,-0.3254084845718026,-0.2784078488370694,0.05177398160315394,0.025479114274263377,0.023520500261258258,-0.3094822571262362,269400.0,0.0492253873063468,-0.004497751124437732,0
2021-06-02,40.2,40.6,39.46,39.84,1080500,39.124,39.507,39.798,0.983064475601789,50.82802547770702,-0.2699365713083779,-0.27671359333133116,-0.004497751124437732,0.02474360685016248,0.023035928525521995,0.8205560235888796,363550.0,0.028614457831325314,-0.008032128514056214,0
2021-06-03,39.5,39.8,39.5,39.52,90000,39.088,39.479,39.677,0.9851551276558208,47.021546261089995,-0.24892653588766223,-0.2711561818425974,-0.008032128514056214,0.0241656414411229,0.02061658222479806,-0.9167052290606201,361200.0,0.0075910931174088345,0.026568825910931126,1
2021-06-04,39.97,41.0,39.75,40.57,640000,39.6,39.536,39.67,0.9982354423997983,53.243847874720345,-0.14586822852512427,-0.24609859117910277,0.026568825910931126,0.025623807222673104,0.02061506063025009,6.111111111111111,424400.0,0.03081094404732561,-0.00024648755237854925,0
2021-06-07,40.75,40.9,40.4,40.56,401500,40.102,39.602,39.708,1.0099224337664954,54.649827784156145,-0.0642599452237036,-0.20973086198802293,-0.00024648755237854925,0.025592564506708947,0.019933209699721614,-0.37265625,455800.0,0.012327416173570018,-0.007642998027613479,0
2021-06-08,40.2,40.5,40.16,40.25,45000,40.148,39.677,39.698,1.0113355836566074,57.21153846153847,-0.0243188691872831,-0.172648463427875,-0.007642998027613479,0.025479715410400307,0.019690570382116006,-0.887920298879203,436300.0,0.008447204968944183,0.005962732919254643,1
2021-06-09,40.25,40.6,40.0,40.49,264500,40.278,39.701,39.7475,1.0133467513680106,54.41741357234318,0.02639643390891422,-0.13283948396051715,0.005962732919254643,0.024849809132624686,0.01893350622319093,4.877777777777778,444650.0,0.014818473697209221,-0.0014818473697210122,0
2021-06-10,40.5,40.7,40.3,40.43,149000,40.46,39.774,39.783500000000004,1.01700453705682,52.80312907431551,0.061043506888452725,-0.09406288579072318,-0.0014818473697210122,0.024351683768537604,0.018920659721629905,-0.4366729678638941,444850.0,0.009893643334157945,-0.0079149146673263,0
2021-06-11,40.55,40.6,40.1,40.11,82500,40.36800000000001,39.984,39.7895,1.014539011548273,51.330798479087456,0.06196593150902174,-0.0628571223307742,-0.0079149146673263,0.019214240357508294,0.018967459302724702,-0.44630872483221473,420600.0,0.012465719272001994,0.03440538519072556,1
2021-06-14,40.5,41.85,40.1,41.49,846000,40.554,40.328,39.8645,1.017296090506591,61.21758737316798,0.172067934485149,-0.015872110967589566,0.03440538519072556,0.021143863443995426,0.020440008598174998,9.254545454545454,419250.0,0.04217883827428296,0.0033743070619427495,1
2021-06-15,41.0,42.1,41.0,41.63,874500,40.83,40.489,39.9585,1.021810128007808,58.35351089588378,0.26753739055492787,0.040809789336913926,0.0033743070619427495,0.01483483303830204,0.02035320855031826,0.03368794326241131,447350.0,0.02642325246216674,-0.0007206341580591191,0
2021-06-16,41.99,42.0,41.5,41.6,852000,41.05200000000001,40.665000000000006,40.086,1.0240981888938783,62.273901808785496,0.3368933759024202,0.1000265066500152,-0.0007206341580591191,0.01463983289510936,0.019817874885196866,-0.02572898799313894,424500.0,0.012019230769230768,-0.012259615384615286,0
2021-06-17,41.5,42.0,41.01,41.09,216500,41.184000000000005,40.822,40.1505,1.02574065080136,73.47560975609757,0.3467091094264987,0.14936302720531192,-0.012259615384615286,0.01509359814437881,0.019741945135523936,-0.7458920187793427,437150.0,0.024093453394986662,0.012411779021659797,1
2021-06-18,41.0,41.61,41.0,41.6,33500,41.482,40.925,40.2305,1.0311082387740644,75.24893314366999,0.3911321586612999,0.19771685349650953,0.012411779021659797,0.013299293994722057,0.01987450520764948,-0.8452655889145496,376500.0,0.014663461538461525,-0.02548076923076925,0
2021-06-21,41.25,41.25,40.52,40.54,539500,41.292,40.923,40.2625,1.0255696988512883,54.248366013071866,0.33692079086906546,0.2255576409710207,-0.02548076923076925,0.01601396776559734,0.02080019176362055,15.104477611940297,390300.0,0.018006906758756706,0.003946719289590561,1
2021-06-22,41.0,41.0,40.54,40.7,606000,41.106,40.968,40.322500000000005,1.0194308388616777,57.04918032786883,0.30337147660599584,0.24112040809801574,0.003946719289590561,0.015812227648592407,0.020644460578290596,0.12326227988878591,446400.0,0.011302211302211323,-0.01597051597051613,0
2021-06-23,40.5,40.6,39.6,40.05,67500,40.796,40.924,40.3125,1.0119937984496123,54.12130637636076,0.2217773246721748,0.23725179141284755,-0.01597051597051613,0.016584268730057476,0.020583433844556992,-0.8886138613861386,426700.0,0.024968789013732836,-0.0012484394506865337,0
2021-06-24,40.5,40.6,39.99,40.0,207500,40.577999999999996,40.881,40.3275,1.0062116421796539,44.75138121546963,0.1513343016508415,0.22006829346044637,-0.0012484394506865337,0.01658363100172223,0.020336938302017514,2.074074074074074,432550.0,0.015249999999999986,0.014499999999999957,1
2021-06-25,40.0,41.01,40.0,40.58,547500,40.374,40.928000000000004,40.456,0.9979731065849318,50.166666666666636,0.14068709784038447,0.204192054336434,0.014499999999999957,0.017045386660792285,0.017812263801723502,1.6385542168674698,479050.0,0.024889107934943273,-0.014539181862986639,0
2021-06-28,40.02,40.5,39.85,39.99,519500,40.263999999999996,40.778,40.553000000000004,0.9928735235370993,47.929936305732504,0.08367647265737332,0.18008893800062187,-0.014539181862986639,0.013037782405399833,0.018257205717973145,-0.0511415525114155,446400.0,0.016254063515878932,0.00025006251562875725,1
2021-06-29,40.0,40.3,40.0,40.0,283500,40.124,40.614999999999995,40.55200000000001,0.9894456500295915,45.95041322314049,0.03885417118740975,0.15184198463797946,0.00025006251562875725,0.012888704750010069,0.014128307452551671,-0.4542829643888354,387300.0,0.007499999999999929,0.03675000000000006,1
2021-06-30,40.5,43.0,40.0,41.47,1623500,40.408,40.602,40.633500000000005,0.9944503919179986,56.97050938337801,0.12055915811336604,0.1455854193330568,0.03675000000000006,0.018250742743805202,0.01627417291145467,4.72663139329806,464450.0,0.07234145165179648,-0.009404388714733591,0
2021-07-01,41.01,41.5,41.0,41.08,118000,40.624,40.601,40.7115,0.9978507301376761,56.44090305444886,0.152088032108189,0.14688594188808324,-0.009404388714733591,0.01806184472616534,0.016322101446372254,-0.927317523868186,454600.0,0.012171372930866602,0.009980525803310769,1
2021-07-02,40.9,41.49,40.7,41.49,11500,40.806,40.589999999999996,40.7575,1.0011899650371097,50.0,0.2077634971228477,0.15906145293503615,0.009980525803310769,0.017893607100161926,0.015407110585896415,-0.902542372881356,452400.0,0.019040732706676285,-0.022656061701614938,0
2021-07-05,41.0,41.0,40.5,40.55,63000,40.918,40.591,40.757,1.0039502416762764,42.66304347826083,0.17403044552893476,0.16205525145381589,-0.022656061701614938,0.017465989717624867,0.016308888879361733,4.478260869565218,404750.0,0.012330456226880395,-0.0012330456226880004,0
2021-07-06,40.55,41.0,40.12,40.5,17500,41.017999999999994,40.571,40.7695,1.0060952427672645,42.54742547425474,0.14162955957326773,0.15797011307770628,-0.0012330456226880004,0.017417980943822825,0.016211136290780054,-0.7222222222222222,345900.0,0.021728395061728457,0.012098765432098757,1
2021-07-07,40.15,40.99,40.15,40.99,24000,40.922000000000004,40.665000000000006,40.7945,1.0031254213190506,49.32065217391303,0.1537185570772479,0.1571198018776146,0.012098765432098757,0.016875544974344903,0.016378484002152503,0.37142857142857144,341550.0,0.020492803122712937,0.0,0
2021-07-08,41.0,41.0,40.8,40.99,12500,40.904,40.764,40.8225,1.0019964480372345,45.54744525547446,0.16143821543987968,0.1579834845900676,0.0,0.016849743781446717,0.016371252117310105,-0.47916666666666663,322050.0,0.004879238838741225,-0.0180531837033423,0
2021-07-09,40.26,40.5,40.0,40.25,23500,40.656,40.731,40.829499999999996,0.9957506214869152,47.77947932618684,0.10661529004946857,0.14770984568194784,-0.0180531837033423,0.017424594712776183,0.016806934004601457,0.8799999999999999,269650.0,0.012422360248447204,0.007453416149068248,1
2021-07-12,40.3,40.55,40.05,40.55,7000,40.656,40.787,40.782500000000006,0.9968981793661496,48.87556221889051,0.08637949049800397,0.13544377464515905,0.007453416149068248,0.016859831397193083,0.01490155431352227,-0.7021276595744681,218400.0,0.012330456226880395,0.0004932182490753334,1
2021-07-13,40.1,40.9,40.01,40.57,35000,40.67,40.84400000000001,40.729499999999994,0.9985391423906507,54.30463576158943,0.071136291527516,0.12258227802163045,0.0004932182490753334,0.016857973834381854,0.01487052832545135,4.0,193550.0,0.021937392161695848,-0.0017254128666502888,0
2021-07-14,40.3,40.5,40.23,40.5,9000,40.572,40.747,40.6745,0.9974799936077887,54.12541254125412,0.05279889869846954,0.10862560215699828,-0.0017254128666502888,0.011454400742934311,0.01487057753148856,-0.7428571428571429,32100.0,0.006666666666666744,0.0,0
2021-07-15,40.49,40.5,40.49,40.5,4000,40.474000000000004,40.689,40.644999999999996,0.9957928404477797,49.27007299270075,0.03783029863356546,0.09446654145231172,0.0,0.011189726985719357,0.014643120554597783,-0.5555555555555556,20700.0,0.00024691358024686447,0.004938271604938427,1
2021-07-16,40.65,40.7,40.5,40.7,7500,40.564,40.61,40.6,0.9991133004926108,56.974459724950876,0.041626064410252184,0.08389844604389982,0.004938271604938427,0.010725701457435023,0.014386128645703579,0.875,20300.0,0.004914004914004983,-0.005405405405405572,0
2021-07-19,41.0,41.2,40.3,40.48,50500,40.55,40.602999999999994,40.597,0.9988422789861319,54.52830188679241,0.02657572632178784,0.07243390209947742,-0.005405405405405572,0.008069084842275111,0.013242676348392728,5.733333333333333,19050.0,0.02223320158102781,-0.016057312252964362,0
2021-07-23,40.3,40.32,39.7,39.83,100500,40.402,40.536,40.5535,0.9962641942125834,31.69642857142864,-0.03737055823552282,0.050473010032477374,-0.016057312252964362,0.009522385373490802,0.013677881565772473,0.9900990099009901,27350.0,0.015566156163695643,0.005774541802661348,1
2021-07-26,40.0,40.49,39.97,40.06,452500,40.314,40.443,40.554,0.9940819647876904,38.19444444444454,-0.06869746997431747,0.026638914031118406,0.005774541802661348,0.00868257925495611,0.013283087011168367,3.5024875621890548,70200.0,0.012980529206190791,-0.0014977533699451762,0
2021-07-27,40.35,40.35,39.8,40.0,80500,40.214,40.344,40.554,0.9916161167825615,31.234256926952213,-0.0972447943283683,0.0018621723592210648,-0.0014977533699451762,0.00865216201626947,0.013284531852721956,-0.8220994475138121,77000.0,0.013750000000000106,-0.008750000000000036,0
2021-07-28,40.0,40.0,39.65,39.65,21000,40.004,40.284,40.5075,0.987570203048818,36.686390532544465,-0.14642295677865746,-0.027794853468354645,-0.008750000000000036,0.007153342099722194,0.012970121990874075,-0.7391304347826086,76750.0,0.008827238335435092,0.007061790668348111,1
2021-07-29,39.21,39.98,39.2,39.93,27500,39.894,40.222,40.50449999999999,0.9849276006369664,42.105263157894775,-0.16094803611402142,-0.054425489997488,0.007061790668348111,0.007099886549048428,0.012686564505548751,0.30952380952380953,78800.0,0.019534184823440874,0.0020035061357375206,1
2021-07-30,39.5,40.25,39.5,40.01,99500,39.92999999999999,40.166,40.504999999999995,0.9858042217010244,34.687500000000014,-0.1641121519908637,-0.07636282239616315,0.0020035061357375206,0.00716317593017334,0.012694433252107597,2.618181818181818,85250.0,0.018745313671582105,-0.00024993751562107924,0
2021-08-02,39.7,40.4,39.7,40.0,80500,39.91799999999999,40.116,40.43149999999999,0.9872995065728454,34.579439252336485,-0.1655186569998861,-0.09419398931690776,-0.00024993751562107924,0.007170137630738713,0.009317297756849549,-0.19095477386934678,92400.0,0.017499999999999894,0.008000000000000007,1
2021-08-03,40.01,40.5,40.01,40.32,57500,39.982,40.098,40.3935,0.9898127173926498,51.25448028673836,-0.13920730158530148,-0.1031966517705865,0.008000000000000007,0.007744457086811758,0.009378456663196134,-0.2857142857142857,97750.0,0.012152777777777827,0.011656746031746046,1
2021-08-04,40.65,41.05,40.2,40.79,417500,40.209999999999994,40.107,40.3585,0.9963204777184482,54.054054054054056,-0.07951370629940158,-0.09846006267634952,0.011656746031746046,0.008513966856781994,0.009487580782777116,6.260869565217392,138750.0,0.020838440794312192,0.005148320666830131,1
2021-08-05,40.42,41.24,40.42,41.0,80500,40.424,40.159000000000006,40.381,1.0010648572348382,56.825396825396794,-0.015086944109029332,-0.0817854389628855,0.005148320666830131,0.008387716865100373,0.008045010223016609,-0.807185628742515,141750.0,0.020000000000000007,0.0,0
2021-08-06,41.25,41.25,40.68,41.0,4500,40.622,40.275999999999996,40.406,1.0053457407315745,58.11688311688308,0.03556179486187716,-0.05831599219793297,0.0,0.00584546751407633,0.00803508057098076,-0.9440993788819876,132150.0,0.013902439024390251,-0.009756097560975618,0
2021-08-09,40.7,40.7,40.06,40.6,15000,40.742000000000004,40.33,40.3865,1.008802446362027,51.43678160919542,0.04292976078082944,-0.0380668416021805,-0.009756097560975618,0.006958419519856822,0.007879945968525497,2.3333333333333335,88400.0,0.01576354679802957,0.009852216748768461,1
2021-08-10,40.6,41.0,40.6,41.0,43000,40.878,40.42999999999999,40.387,1.0121573773739074,54.07608695652169,0.08012198751755051,-0.0144290757782343,0.009852216748768461,0.0073545723001684545,0.008210465357566149,1.8666666666666667,84650.0,0.009756097560975575,0.0,0
2021-08-11,41.0,41.1,41.0,41.0,28500,40.92,40.565,40.4245,1.0122574181498845,57.51445086705207,0.10834812541648375,0.010126364460709313,0.0,0.0063148625339985425,0.007022552354133602,-0.33720930232558144,85400.0,0.002439024390243937,-0.0029268292682925745,0
2021-08-12,41.0,41.0,40.45,40.88,90500,40.896,40.660000000000004,40.440999999999995,1.0112509581859994,67.91808873720144,0.11965523487671703,0.03203213854391086,-0.0029268292682925745,0.006454747949064611,0.006898872258514563,2.175438596491228,91700.0,0.013454011741682904,0.015166340508806275,1
2021-08-13,40.95,41.8,40.9,41.5,150500,40.996,40.809000000000005,40.4875,1.0125594319234332,71.68674698795182,0.17660917835836187,0.060947546506801065,0.015166340508806275,0.0076098358611882645,0.007645927474906371,0.6629834254143647,96800.0,0.021686746987951772,-0.01686746987951815,0
2021-08-16,41.7,42.0,40.0,40.8,605500,41.036,40.888999999999996,40.502500000000005,1.0131720264181223,60.10101010101008,0.16337811780001488,0.08143366076544384,-0.01686746987951815,0.01000348788090123,0.00863284379526695,3.0232558139534884,149300.0,0.04901960784313726,0.0171568627450982,1
2021-08-17,41.23,41.75,41.23,41.5,306000,41.136,41.007,40.5525,1.0143887553171815,71.46171693735504,0.20699049921098833,0.10654502845455274,0.0171568627450982,0.010982173544785413,0.009408149867003156,-0.49463253509496286,174150.0,0.012530120481927786,0.0,0
2021-08-20,41.5,42.45,41.0,41.5,78500,41.236000000000004,41.077999999999996,40.5925,1.0158526821457166,69.47890818858565,0.2388008778183277,0.13299619832730775,0.0,0.01056523301527381,0.009371329701128453,-0.7434640522875817,140250.0,0.034939759036144644,0.0,0
2021-08-23,41.45,41.8,41.45,41.5,172000,41.36,41.128,40.6435,1.0176288951492858,68.86075949367093,0.26100216159537126,0.15859739098092046,0.0,0.010507997940998466,0.009253611357770058,1.1910828025477707,149400.0,0.0084337349397589,0.0,0
2021-08-24,41.0,42.0,41.0,41.5,230500,41.36,41.178,40.727000000000004,1.0155425147936257,69.03553299492387,0.2754219461888425,0.18196230202250488,0.0,0.010507997940998466,0.00831908630058591,0.3401162790697674,172000.0,0.024096385542168676,0.0072289156626506035,1
2021-08-25,41.74,42.0,41.1,41.8,45500,41.56,41.298,40.814,1.0182780418483854,68.87755102040815,0.3075124105149101,0.2070723237209859,0.0072289156626506035,0.009883216208698723,0.008359260934517729,-0.8026030368763557,175050.0,0.021531100478468866,-0.007894736842105177,0
2021-08-26,41.5,41.8,41.1,41.47,415000,41.553999999999995,41.345000000000006,40.8875,1.0163008254356465,58.99470899470901,0.3028253109354395,0.22622292116387666,-0.007894736842105177,0.010099309718967914,0.008624802517363535,8.12087912087912,212250.0,0.016879672052085744,-0.010127803231251509,0
2021-08-27,41.4,41.4,41.0,41.05,204000,41.464,41.35,40.957499999999996,1.0123664774461332,50.62656641604007,0.26219780772149903,0.23341789847540112,-0.010127803231251509,0.01072022524420295,0.008718843869733602,-0.508433734939759,229800.0,0.009744214372716166,0.0012180267965895553,1
2021-08-30,41.37,41.67,41.0,41.1,192500,41.384,41.372,41.016000000000005,1.0089721084454846,51.23762376237626,0.23136773759409124,0.23300786629913917,0.0012180267965895553,0.010667030427108329,0.008629725135684042,-0.056372549019607865,240000.0,0.016301703163017073,0.0048661800486617945,1
2021-08-31,41.25,41.3,41.25,41.3,156000,41.344,41.352000000000004,41.080499999999994,1.006414235464515,59.114583333333286,0.22053087082652922,0.23051246720461718,0.0048661800486617945,0.0095407640321459,0.008662535991819797,-0.18961038961038956,240550.0,0.0012106537530265657,-0.006053268765133124,0
2021-09-01,41.06,41.06,41.0,41.05,12500,41.194,41.376999999999995,41.132999999999996,1.0014829941895804,50.677506775067705,0.18958425588526495,0.22232682494074674,-0.006053268765133124,0.007952855811964284,0.008824280411229382,-0.9198717948717948,181250.0,0.0014616321559074855,-0.006090133982947665,0
2021-09-02,40.8,40.8,40.8,40.8,6000,41.06,41.307,41.157,0.9976431712709869,47.46192893401012,0.1432348082146362,0.20650842159552463,-0.006090133982947665,0.005653414177086252,0.008826480606223718,-0.52,151250.0,0.0,0.004901960784313708,1
2021-09-03,40.5,41.0,40.5,41.0,2500,41.05,41.257,41.167500000000004,0.997145806765045,51.49253731343281,0.12124324883491511,0.18945538704340273,0.004901960784313708,0.006016629705827196,0.008505701644414826,-0.5833333333333333,143650.0,0.012195121951219513,-0.018048780487804894,0
2021-09-06,40.26,40.26,40.26,40.26,500,40.882,41.132999999999996,41.1305,0.9939582548230632,35.02415458937199,0.04360036614328777,0.16028438286337976,-0.018048780487804894,0.007998898802571007,0.009348365241706635,-0.8,126500.0,0.0,0.011922503725782407,1
2021-09-07,40.1,40.99,40.1,40.74,16000,40.769999999999996,41.057,41.1175,0.9915486106888793,49.23469387755108,0.020562775816301837,0.13234006145396418,0.011922503725782407,0.009281445577310197,0.009776988032466646,31.0,105050.0,0.021845851742758972,-0.01816396661757491,0
2021-09-08,40.17,40.3,39.75,40.0,459500,40.56,40.876999999999995,41.0875,0.9871615454822027,31.060606060606105,-0.05675229097339951,0.09452159096849144,-0.01816396661757491,0.009981614119395434,0.010369058146585175,27.71875,146450.0,0.013749999999999929,-0.008750000000000036,0
2021-09-09,40.0,40.0,39.31,39.65,131500,40.33,40.69499999999999,41.019999999999996,0.9831789371038518,28.53828306264505,-0.14460025166648904,0.04669722244149535,-0.008750000000000036,0.01001898423256888,0.010206400295389285,-0.7138193688792165,118100.0,0.017402269861286197,0.011349306431273742,1
2021-09-10,40.5,40.5,39.25,40.1,508500,40.15,40.6,40.975,0.9798657718120805,35.29411764705888,-0.17588169948395915,0.0021814380564044514,0.011349306431273742,0.010923592851211458,0.01060895921185346,2.8669201520912546,148550.0,0.031172069825436407,-0.0024937655860349794,0
2021-09-13,40.0,40.0,39.8,40.0,7000,40.098,40.489999999999995,40.931,0.979648677041851,34.56790123456794,-0.2063628144465497,-0.03952741244418638,-0.0024937655860349794,0.010854184702767541,0.010605380407908897,-0.9862340216322517,130000.0,0.005000000000000071,0.0,0
2021-09-14,40.5,40.5,40.0,40.0,16000,39.95,40.36,40.856,0.977824554532994,30.26315789473695,-0.22789231688793166,-0.07720039333293544,0.0,0.010585226272415472,0.009905142915427368,1.2857142857142856,116000.0,0.0125,0.0,0
2021-09-15,40.0,40.0,40.0,40.0,1370000,39.95,40.255,40.815999999999995,0.9787828302626422,32.624113475177396,-0.24216309724072715,-0.11019293411449378,0.0,0.010573357754840942,0.009250466753819398,84.625,251750.0,0.0,0.012499999999999956,1
2021-09-16,40.0,40.5,40.0,40.5,529500,40.120000000000005,40.225,40.766,0.9841534612176815,43.61948955916479,-0.21069817475655128,-0.13029398224290528,0.012499999999999956,0.011475098836213662,0.008819300576578449,-0.6135036496350366,304100.0,0.012345679012345678,-0.012098765432098868,0
2021-09-17,40.0,40.5,40.0,40.01,92000,40.102,40.126,40.6915,0.9855129449639359,38.526315789473685,-0.2227333702489318,-0.14878185984411058,-0.012098765432098868,0.011810951456976412,0.009142976013099944,-0.826251180358829,313050.0,0.012496875781054738,-0.012746813296675819,0
2021-09-20,40.02,40.02,39.25,39.5,69000,40.001999999999995,40.05,40.591499999999996,0.9854772550903514,32.213438735177945,-0.27030814312473694,-0.17308711650023587,-0.012746813296675819,0.011128635180146397,0.009450963481428548,-0.25,319900.0,0.01949367088607603,0.010126582278481067,1
2021-09-21,39.99,40.1,39.5,39.9,156000,39.982,39.966,40.5115,0.9869296372634931,38.96353166986569,-0.2725925589889755,-0.1929882049979838,0.010126582278481067,0.010893726350509402,0.009850483865080917,1.2608695652173911,333900.0,0.015037593984962442,-0.05889724310776945,0
2021-09-22,38.9,38.9,37.2,37.55,134000,39.492,39.721,40.299,0.979974689198243,27.77017783857734,-0.4587402630536772,-0.2461386166091225,-0.05889724310776945,0.020752247203793355,0.015874473439943283,-0.14102564102564108,301350.0,0.045272969374167665,-0.01597869507323557,0
2021-09-23,38.0,38.0,36.8,36.95,130000,38.782,39.451,40.07299999999999,0.9677837945749009,23.735408560311328,-0.6472179199356631,-0.3263544772744307,-0.01597869507323557,0.020979426752107493,0.01604802293917355,-0.02985074626865669,301200.0,0.03247631935047369,-0.017861975642760597,0
2021-09-24,36.5,36.95,36.01,36.29,292000,38.038,39.07,39.835,0.9548889167817245,23.984272608125863,-0.8401594696872365,-0.4291154757569919,-0.017861975642760597,0.020186542830105056,0.016254018464282448,1.2461538461538462,279550.0,0.02590245246624428,-0.03582254064480561,0
2021-09-27,37.48,37.48,34.5,34.99,236500,37.136,38.569,39.5295,0.9394502839651401,15.976331360946759,-1.0854537383565699,-0.5603831282769075,-0.03582254064480561,0.02156087273700154,0.017452561411594392,-0.19006849315068497,302500.0,0.08516719062589302,0.028865390111460387,1
2021-09-28,35.5,36.0,34.99,36.0,149000,36.356,38.169,39.264500000000005,0.9259254542907714,27.064220183486228,-1.1846962139424377,-0.6852457454100136,0.028865390111460387,0.025141224985968602,0.01911954249422513,-0.36997885835095135,315800.0,0.0280555555555555,-0.02499999999999991,0
2021-09-29,35.21,36.5,35.1,35.1,6500,35.866,37.679,38.967,0.9204198424307748,25.458468176914778,-1.3207443504961276,-0.8123454664272365,-0.02499999999999991,0.02525791501934218,0.019552027895014784,-0.9563758389261745,179450.0,0.039886039886039844,0.004558404558404394,1
2021-09-30,35.9,35.9,34.25,35.26,95500,35.528,37.155,38.69,0.9182734556733007,23.051224944320666,-1.3995200204399438,-0.929780377229778,0.004558404558404394,0.02449104728277615,0.019739803742672438,13.692307692307692,136050.0,0.04679523539421437,-0.0022688598979012653,0
2021-10-01,35.0,36.95,35.0,35.18,209500,35.306,36.672000000000004,38.399,0.9194510273705043,23.102678571428527,-1.4516716704478938,-1.0341586358734012,-0.0022688598979012653,0.024748807247072655,0.019575116187127213,1.1937172774869111,147800.0,0.055429221148379844,-0.0022740193291642674,0
2021-10-04,35.0,35.25,35.0,35.1,193000,35.327999999999996,36.232,38.141000000000005,0.9262473453763664,22.898230088495538,-1.4823697247794954,-1.12380085365462,-0.0022740193291642674,0.024958024539635047,0.0194425358721717,-0.07875894988066823,160200.0,0.007122507122507123,-0.00826210826210827,0
2021-10-05,35.2,35.2,34.81,34.81,122000,35.089999999999996,35.723,37.8445,0.9272153153034126,22.186495176848837,-1.51266170780535,-1.201573024484766,-0.00826210826210827,0.023843777422991267,0.018945145664662107,-0.36787564766839376,156800.0,0.011203677104280396,0.002872737719046059,1
2021-10-06,34.94,35.0,34.5,34.91,98000,35.052,35.459,37.589999999999996,0.9324820430965683,18.70100783874571,-1.5111792249019018,-1.2634942645681932,0.002872737719046059,0.018002797375710738,0.018915282820628977,-0.19672131147540983,153200.0,0.014322543683758238,-0.0017187052420508664,0
2021-10-07,34.72,34.9,34.1,34.85,20000,34.970000000000006,35.249,37.35,0.9362784471218207,19.647058823529335,-1.4975826445655542,-1.3103119405676655,-0.0017187052420508664,0.017786350536376633,0.018938725807536173,-0.7959183673469388,142200.0,0.022955523672883706,-0.030129124820660103,0
2021-10-08,34.25,34.25,33.8,33.8,60500,34.694,35.0,37.035000000000004,0.9367895234237883,18.473451327433537,-1.5536242680106938,-1.3589744060562712,-0.030129124820660103,0.0190939934618491,0.01917874200781502,2.025,119050.0,0.013313609467455707,-0.0218934911242602,0
2021-10-11,33.76,33.76,32.75,33.06,1820000,34.286,34.807,36.688,0.9345290013083297,13.539445628997782,-1.6388577420145936,-1.4149510732479356,-0.0218934911242602,0.01716136820589555,0.01935770037779538,29.082644628099175,277400.0,0.03055051421657586,0.01240169388989698,1
2021-10-12,32.75,33.47,32.66,33.47,3500,34.018,34.554,36.3615,0.9355499635603592,22.58064516129022,-1.6542531106271667,-1.462811480723782,0.01240169388989698,0.013992759466511216,0.01986336270124588,-0.9980769230769231,262850.0,0.02420077681505833,-0.014042426053181956,0
2021-10-13,33.0,33.47,33.0,33.0,157000,33.636,34.344,36.0115,0.9340349610541079,22.982216142270744,-1.6849559993050818,-1.5072403844400422,-0.014042426053181956,0.01282150918386535,0.019788387665325455,43.857142857142854,277900.0,0.014242424242424208,0.0,0
2021-10-14,33.0,33.5,32.99,33.0,318500,33.266,34.118,35.6365,0.9334811218834622,25.263157894736736,-1.6898091912971225,-1.5437541458114583,0.0,0.012477860079386054,0.01925094049959386,1.0286624203821657,300200.0,0.015454545454545394,0.003030303030303161,1
2021-10-15,33.25,33.48,33.0,33.1,752500,33.126,33.91,35.291000000000004,0.9386529143407666,32.660550458715505,-1.66637725691713,-1.5682787680325927,0.003030303030303161,0.012787676596574569,0.019460583874575315,1.3626373626373627,354500.0,0.014501510574018031,0.023262839879153896,1
2021-10-18,33.5,34.0,33.2,33.87,448500,33.288,33.787,35.0095,0.9508276324997499,29.558541266794492,-1.5676043481360367,-1.5681438840532815,0.023262839879153896,0.015807934467818,0.020743726654060976,-0.4039867109634552,380050.0,0.023619722468260915,0.018010038382048954,1
2021-10-20,33.7,34.85,33.7,34.48,431500,33.489999999999995,33.754000000000005,34.7385,0.964060048649193,43.69918699186983,-1.4236927603658174,-1.5392536593157888,0.018010038382048954,0.017053045673615076,0.021165931173535723,-0.03790412486064665,411000.0,0.03335266821345704,0.014211136890951437,1
2021-10-21,34.5,35.2,34.5,34.97,428000,33.884,33.76,34.6095,0.9790375474941853,47.238095238095234,-1.2556287783764404,-1.4825286831279194,0.014211136890951437,0.01769090804223951,0.01778478678189305,-0.008111239860950192,444000.0,0.020017157563626046,0.07492136116671455,1
2021-10-22,35.3,37.59,35.1,37.59,461500,34.802,34.034000000000006,34.6415,1.0046331711963974,65.46854942233638,-0.9006427095428648,-1.3661514884109085,0.07492136116671455,0.02942332612577053,0.02467995497281007,0.07827102803738328,488150.0,0.06624102154828417,0.0,0
2021-10-25,40.0,40.0,38.0,37.59,132000,35.7,34.413,34.7065,1.0286257617449182,66.14785992217902,-0.6122559865588073,-1.2153723880404883,0.0,0.026483442204490754,0.02427589994385696,-0.71397616468039,495300.0,0.05320563979781857,0.006118648576749042,1
2021-10-26,37.72,38.99,37.55,37.82,373500,36.489999999999995,34.888999999999996,34.848,1.0471189164370982,69.67320261437911,-0.3609871182771798,-1.0444953340878267,0.006118648576749042,0.02398213298041714,0.02258609465552973,1.8295454545454546,350650.0,0.038075092543627835,0.042834479111581114,1
2021-10-27,37.6,40.65,37.01,39.44,347500,37.482000000000006,35.486000000000004,35.019999999999996,1.0703026841804686,74.70010905125413,-0.03077946229268491,-0.8417521597287984,0.042834479111581114,0.025658527931711264,0.02358506777932001,-0.06961178045515393,385050.0,0.09229208924949292,-0.012423935091277816,0
2021-10-28,39.75,39.75,38.0,38.95,7500,38.278000000000006,36.081,35.2125,1.0870571529996451,71.3541666666667,0.18919268370419928,-0.6355631910421989,-0.012423935091277816,0.025446347836132508,0.022905725715751384,-0.9784172661870504,370100.0,0.044929396662387676,0.0012836970474967568,1
2021-10-29,41.4,41.4,38.32,39.0,304500,38.56,36.681,35.3995,1.0892809220469215,80.23255813953497,0.3633680951410341,-0.4357769338055524,0.0012836970474967568,0.0253541492839528,0.02292420982487959,39.6,368700.0,0.07897435897435894,0.0,0
2021-11-01,39.35,39.4,38.39,39.0,25500,38.842,37.271,35.5905,1.0913586490777034,87.78625954198479,0.49568936512554274,-0.24948367401933336,0.0,0.025558607975107415,0.02289038917323799,-0.916256157635468,296000.0,0.025897435897435848,-0.03589743589743588,0
2021-11-02,39.0,39.0,37.6,37.6,350500,38.797999999999995,37.644,35.7155,1.0863070655597709,73.33333333333339,0.4820300824624013,-0.10318092272298643,-0.03589743589743588,0.030307722040227587,0.024651435661979956,12.745098039215685,286200.0,0.03723404255319145,0.02393617021276584,1
2021-11-03,38.0,38.6,38.0,38.5,183000,38.61,38.046,35.9,1.0754874651810584,79.63362068965522,0.5376300167580936,0.024981265173229586,0.02393617021276584,0.0305192663922414,0.024877467985340514,-0.4778887303851641,261350.0,0.01558441558441562,0.0,0
2021-11-04,38.7,38.75,38.5,38.5,285000,38.519999999999996,38.399,36.0795,1.0676422899430422,79.63362068965522,0.575064381043795,0.13499788834734266,0.0,0.030709190728571617,0.024900738856132937,0.5573770491803278,247050.0,0.006493506493506494,-0.0101298701298701,0
2021-11-05,38.5,39.79,38.1,38.11,326500,38.342,38.451,36.2425,1.057929226736566,76.17554858934172,0.5667287475805338,0.2213440601939809,-0.0101298701298701,0.020996548831209216,0.025093937694671525,0.1456140350877193,233550.0,0.04434531618997632,0.03647336657045397,1
2021-11-08,38.99,39.5,38.99,39.5,91500,38.442,38.642,36.527499999999996,1.0524125658750259,77.62512266928366,0.6646227242394502,0.3099997930030748,0.03647336657045397,0.023688455531855234,0.024633248591371164,-0.7197549770290965,229500.0,0.01291139240506324,-0.012658227848101222,0
2021-11-09,39.9,39.9,39.0,39.0,320500,38.722,38.760000000000005,36.8245,1.051528194544393,72.42063492063495,0.6938601962743363,0.3867718736573271,-0.012658227848101222,0.024344368177217687,0.024122584531818377,2.5027322404371586,224200.0,0.02307692307692304,-0.0038461538461538325,0
2021-11-10,39.0,39.0,38.65,38.85,244500,38.792,38.701,37.0935,1.0457896936120885,69.91786447638607,0.6968939969139214,0.448796298308646,-0.0038461538461538325,0.02002199752236195,0.024259833849939866,-0.23712948517940713,213900.0,0.009009009009009045,-0.01981981981981995,0
2021-11-11,38.75,38.75,38.0,38.08,140000,38.708000000000006,38.614,37.347500000000004,1.0364281411071692,53.10519645120403,0.6299045928917906,0.48501795722527496,-0.01981981981981995,0.020605574290273695,0.02456550424056515,-0.4274028629856851,227150.0,0.019695378151260504,-0.018382352941176405,0
2021-11-12,37.5,37.75,37.3,37.38,32500,38.562,38.452,37.566500000000005,1.0264996739115966,48.777648428405115,0.51440116133152,0.49089459804652397,-0.018382352941176405,0.021180813034236898,0.02519533372259298,-0.7678571428571428,199950.0,0.012038523274478406,0.013108614232209659,1
2021-11-15,37.84,38.0,37.6,37.87,33000,38.236000000000004,38.339,37.80499999999999,1.0114006083851346,50.2824858757062,0.45713321738735857,0.4841423219146909,0.013108614232209659,0.02185307748022784,0.02522208396422295,0.01538461538461533,200700.0,0.010562450488513299,0.0013203063110642788,1
2021-11-16,37.87,38.0,37.87,37.92,16500,38.019999999999996,38.371,38.0075,1.0003288824574097,39.56043956043957,0.4110442787714206,0.46952271328603684,0.0013203063110642788,0.018484815634100125,0.024955562563043,-0.5,167300.0,0.0034282700421941602,-0.0005274261603376296,0
2021-11-17,38.49,38.49,37.9,37.9,31500,37.83,38.311,38.1785,0.9908718257658106,42.29074889867838,0.368655004599141,0.4493491715486577,-0.0005274261603376296,0.016638723237505166,0.02482810786770188,0.9090909090909092,152150.0,0.015567282321899826,-0.023482849604221645,0
2021-11-18,37.2,37.2,37.0,37.01,16000,37.616,38.162,38.2805,0.9826412925640992,36.99346405228757,0.26024568717529206,0.4115284746739846,-0.023482849604221645,0.018012353961127554,0.025515340529351203,-0.4920634920634921,125250.0,0.005403944879762304,0.042691164550121785,1
2021-11-19,37.6,39.78,37.25,38.59,94000,37.858,38.21,38.3305,0.9876730019175329,47.778981581798504,0.29838373549365116,0.38889952683791795,0.042691164550121785,0.02300186413172545,0.021434727184050602,4.875,102000.0,0.0655610261725836,-0.014770665975641362,0
2021-11-22,38.7,38.7,38.0,38.02,77000,37.888000000000005,38.062,38.352,0.9879015435961621,52.50000000000001,0.27939350285995346,0.3669983220423251,-0.014770665975641362,0.019831261554880707,0.021742467349444666,-0.18085106382978722,100550.0,0.018411362440820693,-0.01367701209889538,0
2021-11-23,37.55,37.55,37.0,37.5,17500,37.804,37.912,38.336,0.9861227045075126,43.76558603491272,0.21984966244482962,0.337568590122826,-0.01367701209889538,0.019885300098738876,0.021936900214160174,-0.7727272727272727,70250.0,0.01466666666666659,0.0010666666666665492,1
2021-11-24,37.45,38.95,37.25,37.54,1167500,37.732,37.781,38.241,0.9866896786171909,44.044665012406945,0.1738839793566882,0.30483166796959843,0.0010666666666665492,0.019942952170483332,0.019474502403505265,65.71428571428571,162550.0,0.04528502930207786,-0.0010655301012253426,0
2021-11-25,37.5,37.5,37.5,37.5,20000,37.83,37.723,38.1685,0.9911314303679735,46.04409857328147,0.1326985127849909,0.2704050369326769,-0.0010655301012253426,0.019074220082693792,0.019328391564945247,-0.9828693790149893,150550.0,0.0,0.03946666666666654,1
2021-11-26,37.5,39.0,37.5,38.98,632500,37.908,37.882999999999996,38.167500000000004,0.9932010218117507,46.66666666666665,0.21698114139365288,0.2597202578248721,0.03946666666666654,0.02190437790303472,0.021413821895507133,30.625,210550.0,0.03848127244740893,0.021292970754233087,1
2021-11-29,38.9,40.0,38.9,39.81,267000,38.266,38.077,38.208000000000006,1.0015180067001672,54.98154981549817,0.34675264652702253,0.2771267355653022,0.021292970754233087,0.022412390882744403,0.021927033774390536,-0.5778656126482213,233950.0,0.027631248430042738,0.0042702838482790995,1
2021-11-30,39.6,40.0,39.55,39.98,781500,38.762,38.283,38.327,1.01134970125499,56.93251533742328,0.4580351346340521,0.3133084153790522,0.0042702838482790995,0.02237457403120563,0.02010920612482232,1.9269662921348316,310450.0,0.011255627813907026,0.0002501250625313034,1
2021-12-01,39.9,40.0,39.6,39.99,125500,39.251999999999995,38.492000000000004,38.4015,1.0221475723604545,62.922868741542636,0.5408002163744925,0.3588067755781402,0.0002501250625313034,0.022352538591561624,0.019516368549310777,-0.8394113883557262,319850.0,0.010002500625156252,-0.061515378844711144,0
2021-12-02,38.5,38.5,37.0,37.53,224500,39.257999999999996,38.544,38.353,1.0235965895757828,50.81967213114754,0.40324237196743695,0.36769389485599957,-0.061515378844711144,0.029834835239705752,0.024156944571148593,0.7888446215139442,340700.0,0.03996802557953637,-0.010658140154543028,0
2021-12-03,35.55,38.0,35.51,37.13,343500,38.888,38.398,38.304,1.0152464494569757,45.91611479028701,0.25896494547225757,0.34594810497925116,-0.010658140154543028,0.026267129351389338,0.024167742818329896,0.5300668151447661,365650.0,0.06706167519525995,-0.015351467815782338,0
2021-12-06,36.5,37.26,36.5,36.56,2000,38.238,38.251999999999995,38.157,1.0021228083968867,42.90187891440502,0.09750582277121111,0.29625964853764314,-0.015351467815782338,0.026295362725663612,0.02266754611884494,-0.9941775836972343,358150.0,0.02078774617067828,0.045951859956236296,1
2021-12-07,37.8,39.3,37.8,38.24,32500,37.89,38.326,38.119,0.993992497179884,51.512455516014256,0.1039124266633209,0.2577902041627787,0.045951859956236296,0.030222050433364744,0.025095399881857442,15.25,359650.0,0.03922594142259414,0.004184100418409997,1
2021-12-08,38.24,39.8,38.24,38.4,5000,37.572,38.412,38.0965,0.986232331054034,56.6127497621313,0.12051119123219678,0.23033440157666235,0.004184100418409997,0.03022318170611767,0.025106380244616176,-0.8461538461538461,243400.0,0.040624999999999876,0.027343750000000222,1
2021-12-09,38.5,39.45,37.0,39.45,22500,37.956,38.607,38.165,0.9945237783309315,54.30861723446894,0.21590325815957812,0.2274481728932455,0.027343750000000222,0.031152642890180614,0.025388091886708826,3.5,243650.0,0.062103929024081184,-0.056780735107731406,0
2021-12-13,38.0,39.0,37.2,37.21,44000,37.972,38.43,38.1565,0.9951646508458585,46.523605150214586,0.10949073785300101,0.20385668588519662,-0.056780735107731406,0.03421777139973662,0.028301368470122663,0.9555555555555555,184800.0,0.04837409298575644,0.005643644181671625,1
2021-12-14,37.42,37.42,37.42,37.42,500,38.144000000000005,38.191,38.134,1.0002622331777418,49.64726631393299,0.041623484189990734,0.17141004554615544,0.005643644181671625,0.03327212526355828,0.028170474847067785,-0.9886363636363636,158150.0,0.0,0.06226616782469252,1
2021-12-15,38.4,39.75,37.0,39.75,72500,38.446000000000005,38.168,38.2255,1.0057684006749423,58.10711665443875,0.17384573862278074,0.17189718416148053,0.06226616782469252,0.03964148924392569,0.03145092015048092,144.0,87250.0,0.06918238993710692,-0.04779874213836477,0
2021-12-16,38.01,38.06,37.65,37.85,140000,38.336,37.954,38.223,1.0029563351908537,51.12976113621692,0.12389057342200971,0.16229586201358637,-0.04779874213836477,0.042439022361319564,0.033430451770029505,0.9310344827586208,88700.0,0.010832232496697587,0.0287978863936591,1
2021-12-17,37.85,39.0,37.85,38.94,67000,38.234,38.095000000000006,38.3195,0.9977687600307938,49.867549668874176,0.17029161979265695,0.1638950135694005,0.0287978863936591,0.038417240332815496,0.033503146488288255,-0.5214285714285714,72950.0,0.029532614278376956,-0.004365690806368616,0
2021-12-20,38.94,39.35,38.17,38.77,140000,38.54600000000001,38.259,38.328500000000005,1.0056746285401204,46.398891966759,0.19114381715094453,0.16934477428570932,-0.004365690806368616,0.03819481488567034,0.032202049681379886,1.08955223880597,52600.0,0.030435904049522816,0.0069641475367552275,1
2021-12-21,39.5,39.73,37.5,39.04,251000,38.87,38.507,38.3795,1.0127802602952096,46.76753782668501,0.22684119323334073,0.1808440580752356,0.0069641475367552275,0.03752030474845138,0.03201771626265547,0.7928571428571429,77500.0,0.05712090163934418,-0.001280737704917989,0
2021-12-22,39.04,39.04,38.5,38.99,603000,38.718,38.58200000000001,38.454,1.0068653456077392,46.57064471879286,0.24823553411575716,0.1943223532833399,-0.001280737704917989,0.03499052808378494,0.031821429882863204,1.402390438247012,134550.0,0.01384970505257756,0.0002564760194920801,1
2021-12-23,39.0,39.4,38.56,39.0,9000,38.948,38.642,38.527,1.0109274015625405,56.059356966199516,0.26296630792260345,0.2080511442111926,0.0002564760194920801,0.0349915346816463,0.031823777882367794,-0.9850746268656716,134950.0,0.021538461538461444,0.0015384615384614886,1
2021-12-24,39.0,39.3,38.94,39.06,14500,38.972,38.603,38.605000000000004,1.0095065406035486,58.18490245971163,0.2762970702166001,0.22170032941227413,0.0015384615384614886,0.03385653208094176,0.031814206250061636,0.6111111111111112,134150.0,0.009216589861751136,-0.001536098310291889,0
2021-12-27,39.0,39.01,38.58,39.0,85000,39.018,38.782000000000004,38.606,1.0106719162824431,60.81560283687943,0.27880639030202303,0.2331215415902239,-0.001536098310291889,0.02757228239104127,0.03060647958765293,4.862068965517241,138250.0,0.011025641025641018,0.0,0
2021-12-28,38.9,39.01,38.9,39.0,21500,39.010000000000005,38.940000000000005,38.5655,1.0115258456392373,53.95833333333333,0.2775951010207791,0.24201625347633499,0.0,0.02761647147531154,0.03021195799317614,-0.7470588235294118,140350.0,0.002820512820512806,0.022564102564102573,1
2021-12-29,39.0,40.45,39.0,39.88,240500,39.188,38.953,38.5605,1.0162731292384695,57.17054263565894,0.3436820384668593,0.2623494104744398,0.022564102564102573,0.020260871193588034,0.030640770375570822,10.186046511627907,157150.0,0.03635907723169515,0.0,0
2021-12-30,39.88,39.88,39.88,39.88,500,39.364,39.156,38.555,1.0209830112825833,52.319309600863,0.39154294913296894,0.28818811820614565,0.0,0.011216055679475145,0.030640853025532936,-0.997920997920998,143200.0,0.0,0.0030090270812437314,1
2021-12-31,39.8,40.0,39.75,40.0,250500,39.552,39.262,38.6785,1.0225836058792352,69.51048951048955,0.43415143527726485,0.31738078162036953,0.0030090270812437314,0.007590004766240727,0.02696485102478514,500.0,161550.0,0.00625,0.0,0
2022-01-04,39.99,40.0,39.99,40.0,12000,39.751999999999995,39.385000000000005,38.821999999999996,1.0239554891556335,68.58789625360234,0.46258655763786294,0.34642193682386824,0.0,0.00725567165691951,0.026774183022239592,-0.9520958083832335,148750.0,0.00024999999999995024,-0.007750000000000035,0
2022-01-05,40.0,40.0,39.01,39.69,19500,39.89,39.45,38.978500000000004,1.0233846864296983,49.390243902438996,0.45486380099573864,0.3681103096582423,-0.007750000000000035,0.007863133828873761,0.02653687191511918,0.625,125600.0,0.024943310657596425,0.003023431594860293,1
2022-01-06,39.0,39.89,39.0,39.81,5500,39.876,39.532,39.057,1.0209693524848298,81.21019108280262,0.4532022246978258,0.385128692666159,0.003023431594860293,0.007800605788478832,0.02467411468933498,-0.717948717948718,65850.0,0.022356191911580017,0.0035167043456418856,1
2022-01-07,39.81,39.95,39.81,39.95,2000,39.89,39.626999999999995,39.1345,1.0193052166247172,73.05936073059375,0.4579038133567508,0.3996837168042774,0.0035167043456418856,0.00778261518268911,0.02467188931784808,-0.6363636363636364,65150.0,0.003504380475594507,0.0012515644555692873,1
2022-01-10,39.5,40.0,39.5,40.0,616500,39.89,39.721,39.162,1.0185894489556202,79.71014492753615,0.4603577211281973,0.4118185176690614,0.0012515644555692873,0.0077868214595760345,0.023955743480172483,307.25,125350.0,0.0125,0.008000000000000007,1
2022-01-11,40.0,40.5,39.75,40.32,482000,39.954,39.852999999999994,39.3175,1.0161887200356075,80.18867924528298,0.4825611221328572,0.42596703856182055,0.008000000000000007,0.00783393295774192,0.019746608444707433,-0.21816707218167075,165050.0,0.018601190476190476,0.002728174603174649,1
2022-01-12,40.45,41.15,40.1,40.43,438000,40.102000000000004,39.995999999999995,39.468,1.0160636464984292,83.02752293577966,0.5032326058586349,0.44142015202118345,0.002728174603174649,0.007750926598045599,0.019746190538392414,-0.09128630705394192,206700.0,0.025970813752164163,0.0017313875834776837,1
2022-01-13,40.47,40.5,40.25,40.5,149000,40.24,40.058,39.5055,1.0185923479009253,83.48214285714272,0.5192774138391414,0.4569916043847751,0.0017313875834776837,0.003980162429811761,0.014220960619581351,-0.6598173515981736,197550.0,0.006172839506172839,0.012345679012345734,1
2022-01-14,41.8,41.8,40.85,41.0,233500,40.45,40.17,39.663,1.0198421702846483,86.19402985074613,0.5658164809026189,0.4787565796883439,0.012345679012345734,0.005179579953384067,0.008599597202423289,0.5671140939597314,220850.0,0.02317073170731697,-0.02146341463414636,0
2022-01-17,41.0,41.0,40.11,40.12,12500,40.474000000000004,40.182,39.722,1.0189315744423746,65.99999999999993,0.5256312316685623,0.4881315100843876,-0.02146341463414636,0.009246783427784542,0.008323214540131895,-0.9464668094218416,197050.0,0.022183449651046874,0.0032402791625125715,1
2022-01-18,40.0,40.25,40.0,40.25,2000,40.46,40.207,39.796,1.0166850939792944,67.21763085399445,0.4985273329049136,0.49021067464849283,0.0032402791625125715,0.009290280390503792,0.008212846957097513,-0.84,196050.0,0.006211180124223602,-0.0253416149068324,0
2022-01-19,40.0,40.0,39.02,39.23,109000,40.22,40.161,39.8055,1.0104131338634108,41.37931034482753,0.3902433400512848,0.47021720772905123,-0.0253416149068324,0.012253239623775575,0.010121089948177509,53.5,205000.0,0.024980881978077924,0.03262809074687745,1
2022-01-21,38.51,41.25,38.51,40.51,27000,40.221999999999994,40.231,39.8815,1.0085377932123916,56.23762376237618,0.40306649847022413,0.45678706587728585,0.03262809074687745,0.01627548996518427,0.012422335371272823,-0.7522935779816513,207150.0,0.06763762034065668,0.004690199950629692,1
2022-01-24,40.75,40.75,40.7,40.7,1000,40.162,40.306,39.966499999999996,1.0048915967122465,56.83593750000001,0.42367647730591784,0.4501649481630123,0.004690199950629692,0.016292954056518434,0.012429384938025331,-0.962962962962963,207050.0,0.0012285012285011586,-0.017199017199017286,0
2022-01-25,40.0,40.7,40.0,40.0,5500,40.138,40.306,40.0135,1.0031114498856635,50.0,0.37915521881757286,0.43596300229392443,-0.017199017199017286,0.017392345158064062,0.013166868110363735,4.5,145950.0,0.01750000000000007,-0.007499999999999951,0
2022-01-26,40.0,40.01,39.7,39.7,184000,40.028,40.244,40.048500000000004,0.9994881206537073,50.086058519793504,0.31602140981596705,0.411974683798333,-0.007499999999999951,0.01730408847085334,0.013300663152539582,32.45454545454545,116150.0,0.007808564231737913,0.023929471032745564,1
2022-01-27,40.0,42.0,40.0,40.65,118500,40.312,40.266000000000005,40.131,1.004510229000025,56.32530120481925,0.3387396915404466,0.3973276853467558,0.023929471032745564,0.01907607202791412,0.014250821021959544,-0.3559782608695652,84200.0,0.04920049200492005,0.0036900369003689537,1
2022-01-28,40.55,40.8,40.55,40.8,150000,40.37,40.296,40.17700000000001,1.0048037434352985,56.390977443608975,0.36464444569449483,0.3907910374163036,0.0036900369003689537,0.019097811760665623,0.013430560877690676,0.26582278481012667,84300.0,0.006127450980392158,-0.02990196078431373,0
2022-01-31,40.8,40.8,39.15,39.58,242500,40.146,40.154,40.162,0.9996016134654649,47.31457800511509,0.2834627636705136,0.36932538266714565,-0.02990196078431373,0.020875225029865403,0.01513098902584046,0.6166666666666667,85200.0,0.041687721071248074,0.01844365841334028,1
2022-02-01,39.99,40.9,39.6,40.31,901000,40.208000000000006,40.173,40.1775,1.000759131354614,49.93924665856623,0.2748621550913839,0.3504327371519933,0.01844365841334028,0.02083643706004879,0.01569023174565969,2.7154639175257733,174050.0,0.03225006201934996,0.01910195981146101,1
2022-02-02,40.9,42.0,40.5,41.08,403500,40.483999999999995,40.256,40.2315,1.0062761766277668,53.65579302587175,0.3264159557192343,0.3456293808654415,0.01910195981146101,0.021642169907753736,0.016230093921480036,-0.5521642619311875,214200.0,0.0365141187925998,0.018013631937682684,1
2022-02-03,41.01,42.0,41.0,41.82,491000,40.717999999999996,40.515,40.338,1.0094203976399423,56.90376569037656,0.4221186091374136,0.3609272265198359,0.018013631937682684,0.019760580327823938,0.016481256570700806,0.2168525402726147,252400.0,0.02391200382592061,0.038259206121473044,1
2022-02-04,41.85,44.95,41.85,43.42,568500,41.242000000000004,40.806,40.5185,1.0178560410676605,61.35084427767354,0.6199241796600532,0.4127266171478794,0.038259206121473044,0.02064545884897279,0.01829582679387517,0.15784114052953147,306550.0,0.07139567019806543,-0.02763703362505765,0
2022-02-07,43.42,43.88,42.0,42.22,75000,41.769999999999996,40.958,40.632,1.0280074817877534,59.56284153005464,0.672108895258603,0.4646030727700241,-0.02763703362505765,0.023418588532451445,0.019660023034914407,-0.8680738786279684,313950.0,0.044528659403126544,-0.009000473709142476,0
2022-02-08,42.22,42.5,41.5,41.84,213000,42.076,41.142,40.724000000000004,1.0331990963559572,57.0792520035619,0.6750216052545142,0.5066867792669222,-0.009000473709142476,0.022730490582913,0.019839484940427563,1.8399999999999999,334700.0,0.02390057361376673,-0.046128107074569935,0
2022-02-09,40.5,40.85,38.71,39.91,1081500,41.842,41.163,40.7035,1.0279705676416033,52.80065897858319,0.5156509751344487,0.5084796184404274,-0.046128107074569935,0.02776608413238342,0.02254787536834507,4.077464788732394,424450.0,0.0536206464545227,-0.0263091956903031,0
2022-02-10,40.0,40.05,38.55,38.86,121000,41.25,40.983999999999995,40.625,1.0153846153846153,43.07304785894207,0.30115089768841585,0.46701387429002517,-0.0263091956903031,0.02767647057864128,0.023268124530137147,-0.8881183541377716,424700.0,0.03860010293360782,-0.016212043232115336,0
2022-02-11,38.86,39.44,38.0,38.23,37500,40.212,40.727000000000004,40.5115,0.9926070375078683,39.99999999999998,0.07940695213738991,0.38949248985949814,-0.016212043232115336,0.027765740100872738,0.02347305590793377,-0.6900826446280992,413450.0,0.037666753858226466,0.01831022756997136,1
2022-02-14,38.2,39.75,37.5,38.93,159500,39.553999999999995,40.662,40.408,0.9788655711740248,45.668016194331976,-0.03938852602523468,0.3037162866825516,0.01831022756997136,0.027363565444864367,0.02370986622191226,3.253333333333333,405150.0,0.05779604418186489,-0.012072951451322811,0
2022-02-15,38.51,38.51,38.2,38.46,36500,38.878,40.477,40.325,0.9641165530068195,45.047923322683694,-0.16950591175350382,0.20907184699534048,-0.012072951451322811,0.026606254805797196,0.023401782448632114,-0.7711598746081505,318700.0,0.00806032241289639,-0.011960478419136833,0
2022-02-16,38.05,38.05,38.0,38.0,17500,38.495999999999995,40.169,40.2125,0.9573142679515075,38.98586866167914,-0.3062131978739089,0.10601483802149063,-0.011960478419136833,0.02534514372617313,0.023474498288029624,-0.5205479452054795,280100.0,0.0013157894736841357,0.0034210526315789913,1
2022-02-17,38.48,38.55,37.5,38.13,43500,38.35,39.8,40.1575,0.9549897279462118,38.88426311407164,-0.39946006651098287,0.004919857114995929,0.0034210526315789913,0.024104364215348797,0.022882148502878567,1.4857142857142858,235350.0,0.027537372147914952,-0.0034093889325991222,0
2022-02-18,38.4,38.5,38.0,38.0,12500,38.303999999999995,39.257999999999996,40.032,0.9568345323741007,42.76556776556778,-0.4783348488732386,-0.09173108408265099,-0.0034093889325991222,0.017823093134802032,0.02145485967446749,-0.7126436781609196,179750.0,0.013157894736842105,0.0057894736842105665,1
2022-02-21,37.8,38.99,37.25,38.22,228000,38.162,38.858000000000004,39.908,0.956249373559186,39.96157540826129,-0.5171303638422629,-0.17681094003457337,0.0057894736842105665,0.017927963322302842,0.021476922979445066,17.24,195050.0,0.04552590266875987,-0.005232862375719405,0
2022-02-22,37.7,38.4,37.02,38.02,198000,38.074,38.476,39.809000000000005,0.9564168906528673,34.451219512195166,-0.5575869027628073,-0.25296613258022016,-0.005232862375719405,0.017985130400716344,0.021223338894997067,-0.13157894736842102,193550.0,0.03629668595476053,-0.02893214097843244,0
2022-02-23,37.56,38.02,36.73,36.92,103500,37.858000000000004,38.17700000000001,39.67,0.9543231661204942,25.980392156862777,-0.6706786423414428,-0.3365086345324647,-0.02893214097843244,0.014581158522503702,0.022024587451226613,-0.4772727272727273,95750.0,0.03494041170097525,-0.03683640303358615,0
2022-02-24,36.5,36.96,34.75,35.56,265000,37.34400000000001,37.847,39.4155,0.9474445332419988,10.542168674698829,-0.860130248651295,-0.4412329573562308,-0.03683640303358615,0.016349862211628614,0.022247436266595165,1.5603864734299515,110150.0,0.06214848143982004,0.052868391451068586,1
2022-02-25,35.75,38.2,35.15,37.44,214000,37.232000000000006,37.768,39.247499999999995,0.9486464105994015,27.5375939849624,-0.8487874302484641,-0.5227438519346775,0.052868391451068586,0.02508819912147434,0.025850783549038327,-0.1924528301886792,127800.0,0.08146367521367533,0.006143162393162482,1
2022-02-28,36.95,38.03,36.95,37.67,16000,37.122,37.641999999999996,39.152,0.948150796894156,30.123927550047682,-0.8118802371379914,-0.5805711289753404,0.006143162393162482,0.024286471800802383,0.025196006158624534,-0.9252336448598131,113450.0,0.02867002920095562,-0.010883992567029543,0
2022-03-01,37.02,37.75,36.5,37.26,518000,36.970000000000006,37.522000000000006,38.9995,0.9479608712932219,35.22853957636569,-0.806418701371804,-0.6257406434546331,-0.010883992567029543,0.02424010626461438,0.024783269750677718,31.375,161600.0,0.03354804079441761,-0.016371443907675753,0
2022-03-02,36.5,37.0,36.5,36.65,6000,36.916,37.387,38.778000000000006,0.9519830831915002,37.045720984759676,-0.8416107323085882,-0.6689146612254241,-0.016371443907675753,0.02446234602860466,0.024335700457339817,-0.9884169884169884,160450.0,0.013642564802182811,-0.003547066848567426,0
2022-03-03,36.55,36.62,36.5,36.52,33500,37.108,37.226,38.513,0.9635188118297717,39.35242839352432,-0.8699622011928696,-0.7091241692189133,-0.003547066848567426,0.024347191038801196,0.0237130887549422,4.583333333333333,159450.0,0.0032858707557502035,-0.0032858707557503752,0
2022-03-04,36.0,36.75,36.0,36.4,3000,36.9,37.066,38.162,0.9669304543787013,33.02013422818791,-0.8918334409034259,-0.7456660235558159,-0.0032858707557503752,0.02434757852752231,0.021282086600973978,-0.9104477611940298,158500.0,0.020604395604395604,0.028021978021978144,1
2022-03-07,36.0,38.0,36.0,37.42,165500,36.85,36.986000000000004,37.922000000000004,0.9717314487632508,43.500000000000014,-0.8174381621478375,-0.7600204512742202,0.028021978021978144,0.026281954134367243,0.02227284593715845,54.166666666666664,152250.0,0.053447354355959376,-0.03794762159273124,0
2022-03-08,37.0,37.0,36.0,36.0,69000,36.598,36.784,37.63,0.9725750730799892,38.83928571428572,-0.8631120815028837,-0.780638777319953,-0.03794762159273124,0.028682442252016077,0.0234048125713497,-0.5830815709969788,139350.0,0.027777777777777776,-0.020277777777777728,0
2022-03-09,35.75,36.0,34.75,35.27,195000,36.322,36.619,37.398,0.9712284079362533,35.04184100418411,-0.9472940743707667,-0.8139698367301158,-0.020277777777777728,0.028005257998322763,0.021802493428221492,1.8260869565217392,148500.0,0.03544088460447972,0.006804649844059929,1
2022-03-10,35.25,35.75,35.0,35.51,334500,36.12,36.614,37.2305,0.9701723049650152,37.125129265770404,-0.9833079539752845,-0.8478374601791496,0.006804649844059929,0.0256584007130115,0.021428059308600096,0.7153846153846153,155450.0,0.021120811039143903,-0.0005632216277103863,0
2022-03-11,34.9,35.5,34.9,35.49,26000,35.938,36.419,37.0935,0.9688489897151793,35.58606124604013,-1.001913609460587,-0.8786526900354371,-0.0005632216277103863,0.017830151551596354,0.021254456713870298,-0.922272047832586,136650.0,0.016906170752324638,-0.0070442378134686345,0
2022-03-14,35.0,35.49,34.5,35.24,9500,35.502,36.176,36.909000000000006,0.961879216451272,35.39915966386553,-1.0250158910007983,-0.9079253302285094,-0.0070442378134686345,0.017380757598340305,0.020632263248448395,-0.6346153846153846,136000.0,0.0280930760499433,-0.022985244040862773,0
2022-03-15,35.01,35.01,34.32,34.43,55000,35.188,35.892999999999994,36.707499999999996,0.9586051896751346,36.511375947995646,-1.0960502609710474,-0.9455503163770171,-0.022985244040862773,0.018124530632780113,0.02097707320182195,4.7894736842105265,89700.0,0.02004066221318611,0.0002904443799012224,1
2022-03-16,34.85,34.85,34.4,34.44,28500,35.022000000000006,35.672000000000004,36.5295,0.9587319837391699,42.89340101522839,-1.1384156475748455,-0.9841233826165829,0.0002904443799012224,0.01800626919702173,0.020951550427085047,-0.4818181818181818,91950.0,0.013066202090592418,-0.012775842044134622,0
2022-03-17,34.2,34.2,33.7,34.0,38000,34.720000000000006,35.42,36.323,0.9558681826941609,23.291925465838517,-1.1937342194430656,-1.0260455499818795,-0.012775842044134622,0.018099797801955652,0.02093419267829831,0.33333333333333326,92400.0,0.014705882352941176,0.004705882352941115,1
2022-03-18,33.5,35.48,32.98,34.16,271500,34.45399999999999,35.196,36.131,0.9535855636434085,22.44897959183666,-1.2107076393461682,-1.0629779678547373,0.004705882352941115,0.01845381929413183,0.02105532382526356,6.144736842105263,119250.0,0.07318501170960189,-0.03542154566744715,0
2022-03-21,33.26,34.0,32.56,32.95,94000,33.995999999999995,34.749,35.8675,0.9478218442880043,19.944211994421153,-1.306732881272005,-1.1117289505381909,-0.03542154566744715,0.016152205687020617,0.021931542349973982,-0.6537753222836096,112100.0,0.04370257966616078,0.0273141122913505,1
2022-03-22,33.0,33.97,32.6,33.85,464000,33.88,34.534000000000006,35.659,0.9501107714742423,31.233243967828372,-1.2952799183219028,-1.1484391440949333,0.0273141122913505,0.017834163064242594,0.02325021113519902,3.9361702127659575,151600.0,0.04047267355982267,-0.007680945347119605,0
2022-03-24,33.4,34.48,33.01,33.59,161000,33.709999999999994,34.366,35.4925,0.9497781221384798,30.698287220026316,-1.2922865152319787,-1.1772086183223425,-0.007680945347119605,0.017144808109007287,0.022601260794653813,-0.6530172413793103,148200.0,0.043763024709735004,-0.018160166716284842,0
2022-03-25,33.6,33.6,32.65,32.98,41500,33.50600000000001,34.113,35.3635,0.9474740905170587,28.83663366336627,-1.323875313207317,-1.2065419572993374,-0.018160166716284842,0.017095215983130633,0.021555381432077247,-0.7422360248447205,118900.0,0.028805336567616826,0.009702850212249814,1
2022-03-28,32.98,33.3,32.95,33.3,12000,33.333999999999996,33.894,35.1565,0.9481603686373784,22.086720867208555,-1.3080104077668224,-1.2268356473928343,0.009702850212249814,0.01783254384032214,0.017363564230175585,-0.7108433734939759,117500.0,0.010510510510510341,-0.009009009009008917,0
2022-03-29,33.4,33.5,33.0,33.0,147500,33.344,33.67,34.922999999999995,0.9547862440225641,26.038338658146884,-1.304606160965676,-1.2423897501074026,-0.009009009009008917,0.017853623498660785,0.017148946963179895,11.291666666666666,131300.0,0.015151515151515152,-0.000606060606060721,0
2022-03-30,32.76,33.85,32.75,32.98,49000,33.17,33.52499999999999,34.708999999999996,0.9556599152957448,29.369369369369252,-1.2886671509537777,-1.2516452302766776,-0.000606060606060721,0.016922275237145262,0.017163253340239264,-0.6677966101694915,130700.0,0.0333535476046089,0.015160703456640334,1
2022-03-31,33.1,33.5,32.95,33.48,318000,33.148,33.428999999999995,34.5505,0.9594072444682422,32.53012048192767,-1.2216076171729,-1.2456377076559222,0.015160703456640334,0.017977643692032797,0.01759753696031482,5.489795918367347,159650.0,0.016427718040621184,-0.004778972520907865,0
2022-04-01,33.06,33.94,33.02,33.32,169000,33.215999999999994,33.361,34.3905,0.9658481266628863,31.7647058823529,-1.1679101748411753,-1.230092201092973,-0.004778972520907865,0.01765344717296534,0.017596678547099717,-0.46855345911949686,172750.0,0.027611044417766944,-0.0021008403361344463,0
2022-04-04,32.7,33.25,32.7,33.25,38000,33.206,33.269999999999996,34.233000000000004,0.9699997078842053,32.755632582322306,-1.1181140570617245,-1.2076965722867232,-0.0021008403361344463,0.017501987507755216,0.017602716541884066,-0.7751479289940828,149400.0,0.016541353383458562,0.0039097744360903075,1
2022-04-05,33.24,33.5,32.7,33.38,23000,33.282,33.313,34.031,0.977990655578737,39.685658153241654,-1.0559875937637244,-1.1773547765821235,0.0039097744360903075,0.013182477045371415,0.016022385567653584,-0.39473684210526316,142300.0,0.023966446974235982,-0.011384062312762233,0
2022-04-06,32.51,33.58,32.5,33.0,115500,33.286,33.227999999999994,33.881,0.9824385348720522,36.81318681318682,-1.02559235791756,-1.1470022928492107,-0.011384062312762233,0.010023371315575796,0.01419414127503531,4.021739130434782,107450.0,0.032727272727272674,0.0060606060606061,1
2022-04-07,33.2,33.2,33.2,33.2,3000,33.23,33.189,33.777499999999996,0.9837909851232329,42.33716475095788,-0.9741363485461463,-1.1124291039885978,0.0060606060606061,0.01017417266498632,0.01384589625770294,-0.974025974025974,91650.0,0.0,0.005120481927710641,1
2022-04-08,33.0,33.9,32.92,33.37,283500,33.239999999999995,33.227999999999994,33.6705,0.9872143270815699,42.44741873804972,-0.9091592887987829,-1.0717751409506349,0.005120481927710641,0.008340168423169168,0.013788591008906807,93.5,115850.0,0.029367695534911507,0.033263410248726366,1
2022-04-11,34.6,35.0,33.91,34.48,1264000,33.486000000000004,33.346,33.62,0.996014277215943,64.91228070175433,-0.7593435378423266,-1.0092888203289732,0.033263410248726366,0.013021025180691245,0.01600179977439936,3.458553791887125,241050.0,0.03161252900232029,-0.017401392111368708,0
2022-04-12,34.47,34.49,33.5,33.88,664500,33.586,33.434,33.552,1.001013352408202,50.310559006211186,-0.6811762852372141,-0.9436663133106213,-0.017401392111368708,0.014143475570579073,0.01636034316053847,-0.47428797468354433,292750.0,0.029220779220779276,-0.010625737898465104,0
2022-04-13,33.98,33.98,33.4,33.52,392500,33.69,33.488,33.5065,1.00547654932625,49.290060851926974,-0.6408893917689582,-0.8831109290022888,-0.010625737898465104,0.014747637199813758,0.01574125625714921,-0.40933032355154253,327100.0,0.017303102625298276,0.0005966587112171684,1
2022-04-14,33.46,33.9,33.34,33.54,271000,33.758,33.494,33.4615,1.0088609297252067,56.45161290322585,-0.6004265619374891,-0.826574055589329,0.0005966587112171684,0.013971810094699492,0.015742952375102492,-0.3095541401273886,322400.0,0.01669648181276074,-0.0014907573047107103,0
2022-04-15,33.32,33.75,33.1,33.49,356000,33.782000000000004,33.511,33.436,1.0103481277664794,52.33415233415241,-0.5658710506799309,-0.7744334546074494,-0.0014907573047107103,0.013878266610432512,0.015506893962817112,0.3136531365313653,341100.0,0.019408778739922323,-0.016124216183935447,0
2022-04-18,33.45,33.65,32.9,32.95,159500,33.476,33.481,33.3755,1.0030111908435828,49.41995359628773,-0.5754258945587125,-0.734631942597702,-0.016124216183935447,0.014855042061917182,0.01582510861890161,-0.5519662921348314,353250.0,0.02276176024279211,0.014567526555386845,1
2022-04-19,33.0,33.7,32.83,33.43,380500,33.386,33.486000000000004,33.3995,0.9995958023323702,54.71698113207552,-0.5380637250100762,-0.6953182990801768,0.014567526555386845,0.015594981269250697,0.014065761948006543,1.3855799373040751,389000.0,0.0260245288662879,-0.0463655399341909,0
2022-04-20,32.4,32.4,31.0,31.88,170000,33.05800000000001,33.374,33.301,0.9927029218341793,36.25429553264603,-0.6263063132553341,-0.6815159019152084,-0.0463655399341909,0.021355964727701897,0.016241084364415362,-0.5532194480946124,394450.0,0.043914680050188164,-0.0031367628607276155,0
2022-04-21,32.0,32.0,31.13,31.78,506500,32.706,33.232,33.2105,0.9848090212432815,36.631944444444414,-0.696282058310679,-0.6844691331943025,-0.0031367628607276155,0.021107521575510452,0.016201936877095074,1.9794117647058824,444800.0,0.027375707992448112,-0.0034612964128382107,0
2022-04-22,31.49,31.85,31.49,31.67,10500,32.342,33.062,33.144999999999996,0.9757731181173632,36.37931034482755,-0.7519464504958009,-0.6979645966546022,-0.0034612964128382107,0.020861313622449487,0.015788988068350614,-0.9792694965449161,417500.0,0.011367224502684022,-0.005367856015156325,0
2022-04-25,31.5,31.98,31.2,31.5,63500,32.052,32.763999999999996,33.055,0.9696566328845863,33.90410958904101,-0.8005502170169478,-0.7184817207270713,-0.005367856015156325,0.015993689151575917,0.01556385766631482,5.0476190476190474,297450.0,0.024761904761904797,0.005714285714285783,1
2022-04-26,31.4,31.9,30.83,31.68,67000,31.701999999999998,32.544,32.989000000000004,0.9609869956652216,38.297872340425485,-0.8151480373168027,-0.7378149840450177,0.005714285714285783,0.016293051568444416,0.015595850274561247,0.055118110236220375,237700.0,0.033775252525252535,-0.0018939393939393367,0
2022-04-27,31.7,31.75,31.11,31.62,20500,31.65,32.354,32.92100000000001,0.9613924242884478,35.636363636363555,-0.8220819644768937,-0.7546683801313929,-0.0018939393939393367,0.0162854838477121,0.015592787190984001,-0.6940298507462687,200500.0,0.020240354206198626,0.010120177103099204,1
2022-04-28,31.44,32.9,31.15,31.94,141500,31.682,32.194,32.844,0.96462063086104,37.34513274336282,-0.7926190075285149,-0.7622585056108174,0.010120177103099204,0.01695890665727578,0.015339724726263233,5.902439024390244,187550.0,0.05479023168440826,-0.007514088916718897,0
2022-05-06,31.93,31.94,31.5,31.7,52000,31.688,32.015,32.763,0.9671885968928364,20.92050209205013,-0.779648098152677,-0.7657364241191894,-0.007514088916718897,0.016937480923741855,0.015375711231666124,-0.6325088339222615,157150.0,0.01388012618296534,-0.019558359621451138,0
2022-05-09,31.0,31.8,30.0,31.08,146500,31.603999999999996,31.828000000000003,32.6545,0.9678298549970141,20.83333333333323,-0.8100595156143058,-0.7746010424182127,-0.019558359621451138,0.017212866807040043,0.015847576884539,1.8173076923076925,155850.0,0.05791505791505794,0.0006435006435008273,1
2022-05-10,31.1,31.1,31.1,31.1,7000,31.488,31.595,32.540499999999994,0.9676556906009436,22.869955156950624,-0.8230592356698381,-0.7842926810685378,0.0006435006435008273,0.01590567543139631,0.015786638525163647,-0.9522184300341296,118500.0,0.0,0.015755627009646167,1
2022-05-11,30.76,31.66,30.75,31.59,832000,31.482,31.566000000000003,32.47,0.9695719125346474,30.22312373225151,-0.7847762900077093,-0.7843894028563722,0.015755627009646167,0.009828359550450218,0.016225629521402905,117.85714285714286,184700.0,0.028806584362139922,-0.01076289965178856,0
2022-05-12,31.05,31.89,30.2,31.25,259000,31.344,31.512999999999998,32.3725,0.9682292068885628,28.544061302681968,-0.772961716739573,-0.7821038656330124,-0.01076289965178856,0.010307964988529669,0.016218843600012727,-0.6887019230769231,159950.0,0.05408000000000004,0.03424000000000005,1
2022-05-13,31.01,32.89,31.0,32.32,97500,31.468,31.578000000000003,32.32000000000001,0.973638613861386,44.52173913043476,-0.6695404788031141,-0.7595911882670328,0.03424000000000005,0.015266663501292074,0.018166469249686453,-0.6235521235521235,168650.0,0.058477722772277245,-0.00835396039603975,0
2022-05-16,31.33,32.5,31.05,32.05,273500,31.662,31.633000000000003,32.1985,0.9833377331242138,37.5451263537906,-0.6024208139947476,-0.7281571134125757,-0.00835396039603975,0.015457787266714748,0.01626630432856567,1.805128205128205,189650.0,0.045241809672386876,-0.0021840873634944025,0
2022-05-17,31.56,32.19,31.55,31.98,19000,31.838,31.663,32.103500000000004,0.9917298736897845,51.23152709359607,-0.5485530331449411,-0.6922362973590488,-0.0021840873634944025,0.015439553060997287,0.015935400398107803,-0.9305301645338209,184850.0,0.020012507817385772,-0.0031269543464665928,0
2022-05-18,31.51,32.0,31.5,31.88,56500,31.896000000000004,31.689,32.0215,0.9960807582405572,51.23152709359603,-0.5080748226997116,-0.6554040024271814,-0.0031269543464665928,0.015470561090210097,0.01582845083457995,1.973684210526316,188450.0,0.015683814303638646,-0.008782936010037545,0
2022-05-19,31.79,31.98,31.25,31.6,259000,31.966,31.655,31.924500000000002,1.001299942050776,49.1725768321513,-0.4929072809241042,-0.622904658126566,-0.008782936010037545,0.015376888026910377,0.015874340362910924,3.5840707964601766,200200.0,0.023101265822784822,0.009493670886075778,1
2022-05-20,31.9,32.0,31.5,31.9,327000,31.881999999999998,31.675,31.845,1.0011618778458156,54.58715596330274,-0.4514750783258492,-0.5886187421664226,0.009493670886075778,0.015511949302953547,0.01611223040997271,0.26254826254826247,227700.0,0.015673981191222573,-0.01253918495297801,0
2022-05-23,31.05,31.6,31.05,31.5,76500,31.772000000000002,31.716999999999995,31.7725,0.9999842631206232,48.03493449781659,-0.4457777677052661,-0.5600505472741913,-0.01253918495297801,0.014625026902025965,0.015969708022747706,-0.7660550458715596,220700.0,0.01746031746031748,-0.018095238095238053,0
2022-05-24,32.0,32.0,30.65,30.93,304500,31.562,31.7,31.647499999999997,0.9972983647997473,43.22200392927307,-0.48170405975233166,-0.5443812497698195,-0.018095238095238053,0.015884427168834203,0.015842352377731614,2.980392156862745,250450.0,0.043646944713870074,-0.03265438086000638,0
2022-05-25,30.7,30.7,29.0,29.92,860000,31.169999999999998,31.532999999999998,31.549500000000002,0.987971283221604,32.52595155709342,-0.5849317351766423,-0.5524913468511841,-0.03265438086000638,0.017677282091168537,0.01410271109398891,1.8243021346469623,253250.0,0.05681818181818179,0.021390374331550666,1
2022-05-26,30.0,30.75,30.0,30.56,41500,30.962,31.464,31.4885,0.9832796100163552,40.77669902912619,-0.6080880992819964,-0.5636106973373466,0.021390374331550666,0.019407963041215646,0.015126184731737012,-0.9517441860465117,231500.0,0.02454188481675393,0.01996073298429324,1
2022-05-27,30.9,32.4,30.1,31.17,141000,30.816000000000003,31.349,31.4635,0.9794205984712445,50.72933549432741,-0.5706398022217236,-0.5650165183142221,0.01996073298429324,0.016788944573337038,0.01588240299204856,2.397590361445783,235850.0,0.07378889958293221,0.030798845043310985,1
2022-05-30,31.17,32.4,31.05,32.13,275500,30.942,31.357,31.495000000000005,0.9824416574059374,57.24331926863574,-0.4582157540722598,-0.5436563654658296,0.030798845043310985,0.01982010084482687,0.01731442720891862,0.9539007092198581,236050.0,0.042016806722689,0.008403361344537785,1
2022-05-31,32.35,32.5,32.16,32.4,63500,31.236,31.399,31.531,0.990644128001015,55.87808417997096,-0.34337394137313737,-0.5035998806472912,0.008403361344537785,0.019947548237922785,0.017362253660778322,-0.7695099818511797,240500.0,0.010493827160493933,-0.012037037037037068,0
2022-06-01,32.68,32.68,31.91,32.01,16500,31.654000000000003,31.412,31.5505,1.0032804551433419,55.475504322766554,-0.2805961799550438,-0.4589991405088418,-0.012037037037037068,0.020370936500184893,0.01760587700477564,-0.7401574803149606,236500.0,0.024054982817869403,-0.030927835051546393,0
2022-06-02,31.7,31.8,30.99,31.02,42000,31.746000000000002,31.354000000000003,31.5045,1.0076655715850118,40.52478134110785,-0.30718800585306383,-0.4286369135776862,-0.030927835051546393,0.02258668990412286,0.01880875853896098,1.5454545454545454,214800.0,0.026112185686653844,0.003868471953578423,1
2022-06-03,30.8,31.4,30.6,31.14,66500,31.740000000000002,31.278,31.476499999999998,1.0083713246390165,43.21907600596127,-0.3149486898944964,-0.40589926884104827,0.003868471953578423,0.022347917817113414,0.018782787268087457,0.5833333333333333,188750.0,0.02569043031470768,0.02440590879897231,1
2022-06-06,31.0,32.0,31.0,31.9,234000,31.694,31.317999999999994,31.517500000000002,1.0056000634568096,49.459459459459445,-0.2568130584181887,-0.3760820267564764,0.02440590879897231,0.023471269325388015,0.0190334245292362,2.518796992481203,204500.0,0.031347962382445145,0.0,0
2022-06-07,31.9,31.9,31.9,31.9,5000,31.594,31.415000000000003,31.557499999999997,1.0011566188703163,50.13698630136986,-0.20833855445905058,-0.34253333229699123,0.0,0.022467822781783157,0.019035447553006485,-0.9786324786324786,174550.0,0.0,-0.021003134796238165,0
2022-06-08,31.9,32.0,31.01,31.23,2159000,31.438,31.546000000000003,31.539499999999997,0.9967818132817579,47.59427828348504,-0.22143301939751225,-0.31831326971709545,-0.021003134796238165,0.020621163693689104,0.019352691512033636,430.8,304450.0,0.03170028818443799,-0.007684918347742653,0
2022-06-09,31.1,31.1,30.8,30.99,468500,31.432,31.589,31.5265,0.9970025216881037,44.036697247706414,-0.24831406150716262,-0.3043134280751089,-0.007684918347742653,0.020013678182112235,0.019278000153274737,-0.7830013895321908,347150.0,0.009680542110358204,-0.009357857373346268,0
2022-06-10,30.8,31.27,30.7,30.7,1010500,31.344,31.541999999999994,31.445500000000003,0.9967721931595935,44.68085106382978,-0.2896788202938474,-0.3013865065188566,-0.009357857373346268,0.019150461933115162,0.017562351153448588,1.1568836712913555,434100.0,0.018566775244299685,-0.04136807817589572,0
2022-06-13,30.5,30.5,29.0,29.43,171000,30.85,31.272,31.3145,0.9851666161043606,40.87591240875911,-0.4200964652658179,-0.32512849826824886,-0.04136807817589572,0.01928516999763472,0.01958442631692401,-0.830776843146957,423650.0,0.05096839959225281,0.030241250424736688,1
2022-06-14,29.71,30.42,29.7,30.32,36000,30.534000000000002,31.064,31.2315,0.97766677873301,52.469135802469125,-0.4464909567365609,-0.3494009899619113,0.030241250424736688,0.02240484507802586,0.021037198934959877,-0.7894736842105263,420900.0,0.023746701846965777,0.014182058047493395,1
2022-06-15,30.84,31.34,30.0,30.75,35000,30.438,30.938,31.175,0.9763592622293504,51.20405576679342,-0.42778019128786227,-0.3650768302271015,0.014182058047493395,0.023190461113092208,0.021361455563670976,-0.02777777777777779,422750.0,0.04357723577235772,-0.004878048780487809,0
2022-06-16,30.61,30.61,30.5,30.6,8500,30.360000000000003,30.895999999999997,31.125,0.975421686746988,46.16419919246298,-0.420211583699416,-0.37610378092156443,-0.004878048780487809,0.02117573809264295,0.021309989857501304,-0.7571428571428571,419400.0,0.0035947712418300465,0.02875816993464042,1
2022-06-17,31.39,31.5,31.39,31.48,17000,30.516000000000002,30.93,31.103999999999996,0.9810956790123458,45.57823129251698,-0.33929359674323223,-0.36874174408589805,0.02875816993464042,0.023198516416476328,0.022242800729942207,1.0,414450.0,0.003494282083862752,-0.02763659466327828,0
2022-06-20,31.6,31.6,30.1,30.61,35500,30.752,30.801000000000005,31.059499999999996,0.9900996474508605,38.74213836477987,-0.3414314292220837,-0.3632796811131352,-0.02763659466327828,0.02328379478387803,0.022921338200485745,1.0882352941176472,394600.0,0.04900359359686377,0.025155178046390114,1
2022-06-21,31.47,31.47,30.9,31.38,15000,30.964,30.749000000000002,31.082,0.9962035905025416,46.21848739495798,-0.2777909113155239,-0.34618192715361296,0.025155178046390114,0.02504142987199221,0.023279085245809957,-0.5774647887323944,395600.0,0.018164435946462724,0.019757807520713877,1
2022-06-22,31.02,32.0,30.8,32.0,10000,31.214,30.826,31.185999999999996,1.0008978387738088,56.15577889447237,-0.17530570883812402,-0.3120066834905152,0.019757807520713877,0.024804921291659364,0.022219357008641333,-0.33333333333333337,180700.0,0.03749999999999998,-0.02156250000000004,0
2022-06-23,31.93,32.5,31.0,31.31,102000,31.356,30.858000000000004,31.2235,1.0042435985715887,50.996483001172315,-0.14805598371949813,-0.2792165435363118,-0.02156250000000004,0.025819006139164165,0.022483709057241567,9.2,144050.0,0.047908016608112426,-0.022676461194506503,0
2022-06-24,31.06,31.25,30.0,30.6,81500,31.18,30.847999999999995,31.195000000000004,0.9995191537105304,42.33490566037737,-0.1816574129431423,-0.2597047174176779,-0.022676461194506503,0.02675798555197752,0.02265727693995398,-0.2009803921568627,51150.0,0.04084967320261438,-0.0032679738562092497,0
2022-06-27,30.6,30.6,30.29,30.5,74000,31.157999999999998,30.955000000000002,31.1135,1.001430247320295,41.841491841491845,-0.21389035705918147,-0.2505418453459787,-0.0032679738562092497,0.022603626777747802,0.021412706180468748,-0.09202453987730064,41450.0,0.010163934426229582,-0.0003278688524590567,0
2022-06-28,30.0,31.0,29.56,30.49,213500,30.98,30.972,31.017999999999994,0.9987749048939327,45.328282828282816,-0.23750431205540679,-0.24793433868786433,-0.0003278688524590567,0.02061071342895301,0.021269783018851428,1.885135135135135,59200.0,0.047228599540833104,-0.012135126270908403,0
2022-06-29,30.52,30.52,30.0,30.12,194500,30.604000000000003,30.909000000000002,30.923499999999997,0.9896680518052615,44.59627329192548,-0.28281434161592145,-0.2549103392734758,-0.012135126270908403,0.02038403588923605,0.021272031855488878,-0.08899297423887587,75150.0,0.01726427622841964,0.047808764940239,1
2022-06-30,30.6,32.24,30.6,31.56,540500,30.654000000000003,31.005000000000003,30.950499999999998,0.9904201870729069,54.673913043478265,-0.20021890219334892,-0.24397205185745044,0.047808764940239,0.025651763410363976,0.023011655439228944,1.7789203084832903,128350.0,0.05196451204055769,-0.020912547528517123,0
2022-07-01,31.0,31.0,30.13,30.9,55500,30.714,30.946999999999996,30.938499999999998,0.9927436688915106,58.55646100116414,-0.18587525133870386,-0.23235269175370116,-0.020912547528517123,0.024993786240857123,0.023517142468987846,-0.8973172987974098,132200.0,0.028155339805825276,-0.0016181229773462036,0
2022-07-04,30.4,30.99,30.4,30.85,5500,30.784,30.970999999999997,30.886000000000003,0.9966975328627856,53.41935483870968,-0.17650771575356572,-0.2211836965536741,-0.0016181229773462036,0.02327504495921475,0.022797345291186388,-0.9009009009009009,129200.0,0.019124797406807125,-0.011345218800648316,0
2022-07-05,30.5,30.98,30.5,30.5,3500,30.786,30.883,30.816000000000003,0.9990264797507787,48.37027379400261,-0.19507722245178272,-0.21596240173329584,-0.011345218800648316,0.02189080927329418,0.022900902083772743,-0.36363636363636365,128050.0,0.0157377049180328,0.015737704918032724,1
2022-07-06,30.75,31.0,30.5,30.98,58000,30.958,30.781,30.803500000000003,1.0050156638044376,52.374999999999986,-0.1691122807201637,-0.20659237753066945,0.015737704918032724,0.021466840054831685,0.022768993746908803,15.571428571428573,132850.0,0.016139444803098774,0.02517753389283417,1
2022-07-07,30.98,32.45,30.98,31.76,46000,30.998,30.826,30.842000000000002,1.0050580377407432,51.77215189873418,-0.08461994995356648,-0.18219789201524886,0.02517753389283417,0.022063467172272862,0.02337481197153331,-0.2068965517241379,127250.0,0.046284634760705365,0.007556675062972307,1
2022-07-13,33.0,33.0,31.6,32.0,31000,31.218,30.966,30.907,1.0100624454007183,59.5598349381018,0.0016873741507872353,-0.14542083878204165,0.007556675062972307,0.02036673692382702,0.023267543723326612,-0.32608695652173914,122200.0,0.043749999999999956,0.012499999999999956,1
2022-07-14,32.59,32.6,32.0,32.4,9500,31.528000000000002,31.156,31.055500000000002,1.0152146962695818,57.39130434782609,0.10119667509692576,-0.09609733600624817,0.012499999999999956,0.020294369462353575,0.02094448874186031,-0.6935483870967742,115750.0,0.018518518518518563,-0.04290123456790118,0
2022-07-18,31.13,31.13,31.01,31.01,31000,31.630000000000003,31.208,31.089999999999996,1.0173689289160504,43.54628422425033,0.06712337327299167,-0.06345319415040021,-0.04290123456790118,0.025598575566168524,0.022627930406911845,2.263157894736842,97500.0,0.00386971944534013,-0.023863269912931417,0
2022-07-19,30.55,31.0,29.75,30.27,38000,31.488,31.223000000000003,31.065999999999995,1.0135839824888948,43.2642487046632,-0.01936851132721884,-0.054636257585763945,-0.023863269912931417,0.02656778965050848,0.023088539421883603,0.22580645161290325,81850.0,0.04129501156260324,0.021143045920052783,1
2022-07-20,30.64,31.35,30.64,30.91,21500,31.318,31.157999999999998,31.0815,1.00760902787832,52.026143790849666,-0.0358579535487209,-0.05088059677835534,0.021143045920052783,0.02232657773809426,0.02355920115611387,-0.4342105263157895,29950.0,0.02296991264962798,0.009705596894209023,1
2022-07-21,30.99,31.32,30.15,31.21,8500,31.160000000000004,31.189000000000004,31.068,1.0029612462984423,54.52229299363058,-0.02443677063338967,-0.04559183154936221,0.009705596894209023,0.02150670291975875,0.02273872338827654,-0.6046511627906976,25250.0,0.03748798462031405,0.014098045498237566,1
2022-07-22,30.36,32.0,30.36,31.65,94500,31.009999999999998,31.269,31.119999999999997,0.9964652956298201,57.0048309178744,0.019889646415752082,-0.03249553595633935,0.014098045498237566,0.021848648544952057,0.021989575114434588,10.117647058823529,34150.0,0.05181674565560823,-0.004739336492890933,0
2022-07-25,31.25,31.65,31.25,31.5,10500,31.107999999999997,31.369,31.125999999999998,0.9994217053267365,58.560794044665016,0.04242584613897549,-0.017511259537276384,-0.004739336492890933,0.021470688302345175,0.021331925682451097,-0.8888888888888888,34850.0,0.012698412698412653,0.00952380952380949,1
2022-07-26,31.25,32.7,31.0,31.8,34500,31.413999999999998,31.451,31.116000000000003,1.0095770664609844,51.7341040462428,0.08353055137923704,0.0026971026460262983,0.00952380952380949,0.02116299283862261,0.02096286334245745,2.2857142857142856,32500.0,0.05345911949685543,0.02327044025157221,1
2022-07-27,31.5,33.0,31.11,32.54,34000,31.74,31.528999999999996,31.1775,1.0180418571084917,61.71428571428573,0.173814516437794,0.03692058540437984,0.02327044025157221,0.020946620537096245,0.02094462828677002,-0.01449275362318836,31300.0,0.0580823601720959,-0.01659496004917027,0
2022-07-28,32.2,32.3,31.75,32.0,30000,31.898000000000003,31.528999999999996,31.247499999999995,1.0208176654132333,57.67690253671561,0.1994921014103106,0.06943488860556599,-0.01659496004917027,0.021694379555702362,0.020606851487952108,-0.11764705882352944,31200.0,0.01718749999999991,0.01156249999999992,1
2022-07-29,31.56,33.0,31.0,32.37,66000,32.041999999999994,31.526,31.340999999999998,1.022366867681312,62.45006657789613,0.24685212266900436,0.10491833541825367,0.01156249999999992,0.021637339395608014,0.020657383621695617,1.2000000000000002,36850.0,0.06178560395427866,-0.040778498609823854,0
2022-08-01,31.64,32.4,30.9,31.05,78000,31.951999999999998,31.53,31.369,1.0185852274538556,50.41916167664671,0.17584527752787338,0.11910372384017762,-0.040778498609823854,0.021173825824536485,0.022879825709765343,0.18181818181818188,41550.0,0.04830917874396135,-0.026409017713365568,0
2022-08-02,30.5,31.05,29.87,30.23,222000,31.637999999999998,31.526,31.3745,1.0083985402157802,40.88200238379021,0.05279609369903682,0.10584219781194946,-0.026409017713365568,0.021509699913714143,0.023529756333686945,1.8461538461538463,59950.0,0.039034072113794234,0.036718491564670774,1
2022-08-03,30.48,31.85,30.26,31.34,97500,31.398000000000003,31.569,31.3635,1.0011000047826297,46.43628509719222,0.04433538165423556,0.0935408345804067,0.036718491564670774,0.023660867041671464,0.022461257617222223,-0.5608108108108107,67550.0,0.05073388640714741,0.0051052967453733,1
2022-08-04,31.75,31.75,31.25,31.5,19000,31.298000000000002,31.597999999999995,31.3935,0.996957969006323,45.01108647450111,0.049964904905124286,0.08482564864535022,0.0051052967453733,0.023530897695539274,0.021940323840512588,-0.8051282051282052,68600.0,0.015873015873015872,0.00952380952380949,1
2022-08-05,31.49,31.8,31.49,31.8,29500,31.184000000000005,31.613,31.440999999999995,0.9918259597341055,54.981084489281216,0.07773772335063356,0.0834080635864069,0.00952380952380949,0.023295063052154123,0.02200655758282086,0.5526315789473684,62100.0,0.009748427672956046,0.019811320754717032,1
2022-08-10,31.96,32.7,31.96,32.43,25000,31.46,31.706,31.5375,0.9975426080063416,63.81074168797956,0.14886756431676673,0.09649996373247888,0.019811320754717032,0.023940728003934323,0.02213320886965511,-0.15254237288135597,63550.0,0.022818378045020106,-0.018501387604070385,0
2022-08-11,32.3,32.3,31.75,31.83,19500,31.78,31.708999999999996,31.580000000000002,1.006333122229259,55.91259640102828,0.15503632787351762,0.10820723656068663,-0.018501387604070385,0.024741663324266364,0.022443138168116977,-0.21999999999999997,62050.0,0.01727929626138854,0.04806786050895395,1
2022-08-12,31.99,34.21,31.99,33.36,90500,32.184,31.791000000000004,31.659999999999997,1.0165508528111182,61.931187569367374,0.28015389102625576,0.14259656745380045,0.04806786050895395,0.028281273769712255,0.024222180776574707,3.6410256410256414,67700.0,0.06654676258992813,0.020683453237410054,1
2022-08-15,33.36,34.99,33.25,34.05,108000,32.694,31.996000000000002,31.7625,1.029327036599764,62.958963282937376,0.4300305699518887,0.2000833679534181,0.020683453237410054,0.027887454794530524,0.02453538732960667,0.19337016574585641,75500.0,0.051101321585903144,-0.03582966226138029,0
2022-08-16,33.9,33.9,32.8,32.83,159500,32.9,32.042,31.784,1.0351120060407752,56.43756050338819,0.445232747800155,0.2491132439227655,-0.03582966226138029,0.03081916859394995,0.02593182375192737,0.47685185185185186,84850.0,0.0335059396893086,0.007919585744745827,1
2022-08-17,32.25,33.89,32.0,33.09,71000,33.032,32.245999999999995,31.887999999999998,1.0358755644756648,56.26822157434404,0.47281014927330034,0.29385262499287246,0.007919585744745827,0.026940152068024633,0.023808674094413555,-0.554858934169279,84150.0,0.05711695376246601,-0.015110305228165588,0
2022-08-18,32.66,32.66,32.5,32.59,8000,33.184,32.482,32.004000000000005,1.0368703912010997,50.24875621890549,0.4491421857633924,0.32491053714697643,-0.015110305228165588,0.025600476553362058,0.023354933407174414,-0.8873239436619719,62750.0,0.004909481436023215,0.028843203436636822,1
2022-08-19,32.21,33.9,32.21,33.53,14000,33.218,32.701,32.135,1.0337015714952547,57.320574162679435,0.5004662350275524,0.36002167672309165,0.028843203436636822,0.024719328221749933,0.023713842872729252,0.75,54400.0,0.05040262451535931,-0.03101699970175964,0
2022-08-22,32.35,33.53,32.2,32.49,16000,32.906,32.8,32.199,1.0219572036398645,50.53956834532376,0.45201110285528756,0.37841956194953086,-0.03101699970175964,0.027516327347636642,0.024945496265905545,0.1428571428571428,54100.0,0.040935672514619825,0.017236072637734523,1
2022-08-23,32.99,33.05,32.99,33.05,7500,32.95,32.925,32.269000000000005,1.021103845796275,59.65250965250964,0.45356892120630476,0.3934494338008857,0.017236072637734523,0.027812306404039346,0.025033274266927568,-0.53125,51900.0,0.0018154311649015182,-0.016641452344931862,0
2022-08-24,32.75,32.75,32.25,32.5,54500,32.83200000000001,32.932,32.319,1.015873015873016,61.24876114965313,0.40574591368978474,0.39590872977866554,-0.016641452344931862,0.027928965012457684,0.025352966794615777,6.266666666666667,54850.0,0.015384615384615385,-0.01538461538461533,0
2022-08-25,32.05,32.05,32.0,32.0,15000,32.714,32.949,32.32899999999999,1.0119088125212659,53.481012658227854,0.3237678204652852,0.3814805479159895,-0.01538461538461533,0.027709074362193283,0.02556803524793139,-0.7247706422018348,54400.0,0.0015624999999999112,-0.021874999999999978,0
2022-08-26,31.5,31.55,31.0,31.3,24500,32.268,32.743,32.267,1.0000309914153778,49.00199600798404,0.20000985203622434,0.3451864087400365,-0.021874999999999978,0.02288029485676894,0.025456030562050137,0.6333333333333333,47800.0,0.017571884984025583,0.03322683706070295,1
2022-08-29,30.99,33.0,30.9,32.34,38000,32.238,32.571999999999996,32.284000000000006,0.9985751455829511,52.50929368029741,0.1837321291697478,0.31289555282597875,0.03322683706070295,0.024777958298634002,0.026337355006120663,0.5510204081632653,40800.0,0.06493506493506497,-0.032776747062461364,0
2022-08-30,31.61,31.94,31.0,31.28,76500,31.883999999999997,32.417,32.2295,0.9892800074465938,44.8614834673816,0.0843267094974891,0.2671817841602809,-0.032776747062461364,0.024369465087190435,0.02723952510565143,1.013157894736842,32500.0,0.030051150895140703,0.007033248081841359,1
2022-08-31,31.2,31.5,31.2,31.5,7500,31.684000000000005,32.258,32.251999999999995,0.9823886890735462,48.47363552266421,0.023033839845467696,0.21835219529731825,0.007033248081841359,0.02432060371833833,0.025649576491152275,-0.9019607843137255,26150.0,0.009523809523809547,-0.0073015873015873645,0
2022-09-01,31.95,32.0,31.12,31.27,10500,31.538,32.126,32.304,0.9762877662209014,39.011566771819126,-0.04359771147558433,0.16596221394273775,-0.0073015873015873645,0.024071393194160285,0.02491916386389503,0.3999999999999999,26400.0,0.028141989126958714,0.0220658778381837,1
2022-09-02,31.6,32.0,31.6,31.96,16000,31.669999999999998,31.969,32.335,0.9794340497912478,39.011566771819155,-0.04026234329150569,0.12471730249588905,0.0220658778381837,0.023124947636437864,0.024044330912871437,0.5238095238095237,26600.0,0.012515644555694573,-0.030037546933667114,0
2022-09-05,31.35,31.35,31.0,31.0,201000,31.401999999999997,31.82,32.31,0.9718972454348498,40.10810810810811,-0.1137715295485151,0.07701953608700822,-0.030037546933667114,0.02300210863367009,0.0250126708890355,11.5625,45100.0,0.011290322580645207,-0.014516129032258074,0
2022-09-06,31.0,31.0,30.49,30.55,1549500,31.256,31.57,32.2475,0.9692534304984882,36.5466101694915,-0.20596509109405403,0.020422610650795772,-0.014516129032258074,0.02183875329729113,0.025082983998078824,6.708955223880597,199300.0,0.016693944353518873,0.02193126022913261,1
2022-09-07,30.8,31.5,30.05,31.22,111000,31.2,31.442,32.187,0.9693354459875105,42.872008324661785,-0.22240203998478236,-0.028142319476319858,0.02193126022913261,0.023417799884758228,0.025182975152095086,-0.9283639883833494,204950.0,0.046444586803331175,-0.010890454836643193,0
2022-09-08,30.0,31.6,29.5,30.88,155500,31.122000000000003,31.330000000000002,32.1395,0.9683411378521758,35.2941176470588,-0.2598680023352422,-0.07448745604810433,-0.010890454836643193,0.02321221670800199,0.0249707299119802,0.4009009009009008,219000.0,0.0680051813471503,-0.029145077720207246,0
2022-09-09,30.0,32.0,28.57,29.98,248500,30.726,31.198,31.970500000000005,0.9610734896232462,35.85118376550167,-0.35805508962024746,-0.13120098276253295,-0.029145077720207246,0.02395994606946708,0.022826395464008907,0.5980707395498392,241400.0,0.1144096064042695,0.0006671114076051143,1
2022-09-12,30.07,30.1,29.61,30.0,35000,30.526,30.964,31.768,0.9609040543943591,31.69267707082834,-0.42930645328091543,-0.19082207686620944,0.0006671114076051143,0.020259346593417372,0.02206343877530546,-0.8591549295774648,241100.0,0.0163333333333334,0.02833333333333332,1
2022-09-13,30.1,31.4,30.1,30.85,20500,30.586000000000002,30.921,31.669000000000004,0.9658025198143294,40.44032444959445,-0.41243152220843626,-0.2351439659346548,0.02833333333333332,0.02092534248766323,0.022174567185110076,-0.41428571428571426,235500.0,0.04213938411669359,0.006482982171799101,1
2022-09-14,30.35,31.4,30.35,31.05,32000,30.552,30.875999999999998,31.567,0.9678461684670701,44.297719087635066,-0.3785559320837457,-0.263826359164473,0.006482982171799101,0.02090203763899182,0.022140070166280938,0.5609756097560976,237950.0,0.033816425120772854,-0.017713365539452464,0
2022-09-15,30.52,30.99,30.5,30.5,13500,30.476,30.799,31.4625,0.9686452125546285,45.110024449877756,-0.3915758437286918,-0.28937625607731676,-0.017713365539452464,0.02148855951915462,0.02222285316819679,-0.578125,238250.0,0.016065573770491753,0.0003278688524590567,1
2022-09-16,30.4,31.0,30.15,30.51,22000,30.582,30.654000000000003,31.311500000000002,0.9767018507577088,37.20279720279719,-0.3965165056302453,-0.3108043059879025,0.0003278688524590567,0.01978370017610614,0.02094536776680215,0.6296296296296295,238850.0,0.027859718125204897,-0.003933136676499527,0
2022-09-19,30.1,30.39,30.0,30.39,8500,30.660000000000004,30.593,31.2065,0.9824876227708973,42.8341384863124,-0.4054413375402355,-0.32973171229836906,-0.003933136676499527,0.017639183173646628,0.019994654886055327,-0.6136363636363636,219600.0,0.012833168805528154,-0.018427114182296922,0
2022-09-20,30.0,30.24,29.62,29.83,9500,30.456,30.521000000000004,31.045499999999997,0.9810117408320047,37.25190839694656,-0.4524856777826436,-0.354282505395224,-0.018427114182296922,0.01799117709757401,0.019668920824385573,0.11764705882352944,65600.0,0.02078444518940655,0.017767348307073494,1
2022-09-21,29.41,31.6,29.2,30.36,103500,30.318,30.434999999999995,30.938500000000005,0.9799440826155114,43.357664233576656,-0.44190804489242197,-0.3718076132946636,0.017767348307073494,0.017408427875814352,0.020090826972146696,9.894736842105264,64850.0,0.07905138339920956,-0.011198945981554687,0
2022-09-22,29.75,30.25,29.75,30.02,67000,30.221999999999998,30.349,30.839499999999997,0.9799769775774575,35.07692307692308,-0.45570724368336,-0.3885875393724029,-0.011198945981554687,0.01742491266572012,0.019978800024786653,-0.3526570048309179,56000.0,0.016655562958027982,0.0069953364423718245,1
2022-09-23,30.0,30.49,29.78,30.23,37500,30.166000000000004,30.373999999999995,30.786,0.9798609757682064,43.30434782608697,-0.44457320007303025,-0.3997846715125284,0.0069953364423718245,0.01489044787828244,0.019582219280204215,-0.4402985074626866,34900.0,0.023486602712537125,-0.019186238835593894,0
2022-09-26,30.0,30.0,29.4,29.65,211000,30.017999999999994,30.339000000000006,30.6515,0.9793321697143694,42.34693877551019,-0.47705139154559006,-0.41523801551914075,-0.019186238835593894,0.016195722946982957,0.018136157746650818,4.626666666666667,52500.0,0.02023608768971337,-0.011804384485666009,0
2022-09-27,29.25,29.45,29.01,29.3,83500,29.912,30.184000000000005,30.5525,0.9790360854267245,32.733812949640324,-0.5249810128811205,-0.4371866149915367,-0.011804384485666009,0.012699383000903113,0.01696387152202529,-0.6042654028436019,58800.0,0.015017064846416303,0.0013651877133105117,1
2022-09-28,29.5,29.6,29.1,29.34,52500,29.708,30.012999999999998,30.444499999999998,0.9758084383057696,35.36121673003804,-0.5533591377123024,-0.46042111953568987,0.0013651877133105117,0.012278258169867325,0.016832023235000302,-0.37125748502994016,60850.0,0.017041581458759374,-0.005794137695978141,0
2022-09-29,29.0,29.47,28.45,29.17,139000,29.538,29.880000000000003,30.339499999999997,0.9735822937095207,41.05960264900664,-0.5828478778197876,-0.48490647119250946,-0.005794137695978141,0.01152503967619028,0.016817052471182994,1.6476190476190475,73400.0,0.03496743229345216,0.035995886184436054,1
2022-09-30,28.61,30.65,28.61,30.22,445500,29.536,29.851,30.252499999999998,0.9763160069415752,51.978417266187044,-0.5155487667607552,-0.49103493030615863,0.035995886184436054,0.017246241354372697,0.018159349952618795,2.2050359712230216,115750.0,0.0675049636002647,0.002647253474520328,1
2022-10-03,30.0,30.49,29.55,30.3,38500,29.666000000000004,29.842000000000002,30.2175,0.9817489865144371,44.25887265135699,-0.45056457699358177,-0.4829408596436433,0.002647253474520328,0.01723988342527147,0.016997411298776906,-0.9135802469135803,118750.0,0.03102310231023095,-0.022442244224422425,0
2022-10-04,30.45,30.59,29.52,29.62,17500,29.73,29.820999999999998,30.171000000000003,0.9853833151039076,36.4326375711575,-0.4487614131931643,-0.47610497035354754,-0.022442244224422425,0.017751648052269253,0.017416258474991828,-0.5454545454545454,119550.0,0.036124240378122896,0.01282916948008106,1
2022-10-05,29.65,30.01,29.65,30.0,48500,29.862000000000002,29.785000000000004,30.110000000000003,0.9917635337097309,45.09803921568628,-0.41192119752966505,-0.4632682157887711,0.01282916948008106,0.01724649535963099,0.016885301432437827,1.7714285714285714,114050.0,0.012000000000000099,0.016666666666666607,1
2022-10-06,30.01,30.5,30.0,30.5,18500,30.127999999999997,29.833,30.090999999999998,1.001229603535941,49.91055456171734,-0.3384774821519443,-0.43831006906140574,0.016666666666666607,0.01767208506137531,0.01723011856149196,-0.6185567010309279,109200.0,0.01639344262295082,-0.028524590163934493,0
2022-10-07,30.5,30.5,29.5,29.63,8500,30.01,29.773000000000003,30.073500000000003,0.9978885064924269,44.006309148264975,-0.3464805258628232,-0.41994416042168925,-0.028524590163934493,0.019922008645285774,0.0171762592508309,-0.5405405405405406,106300.0,0.03374957813027337,0.019574755315558523,1
2022-10-10,30.0,30.21,30.0,30.21,44000,29.992,29.828999999999997,30.083999999999996,0.996941896024465,52.98742138364783,-0.3025344145153568,-0.3964622112404228,0.019574755315558523,0.019939501260174203,0.017751530130565345,4.176470588235294,89600.0,0.006951340615690197,0.010923535253227312,1
2022-10-11,29.57,30.98,29.57,30.54,20500,30.176,29.952999999999996,30.0685,1.003575170028435,51.46103896103895,-0.23833122853640276,-0.36483601469961885,0.010923535253227312,0.019474574794890648,0.016711095283167676,-0.5340909090909092,83300.0,0.04616895874263262,-0.01113294040602486,0
2022-10-12,30.01,30.6,30.0,30.2,32000,30.215999999999998,30.038999999999998,30.026,1.0063278491973622,51.46103896103895,-0.21243606882597632,-0.33435602552489035,-0.01113294040602486,0.020077287862847397,0.016794783085013594,0.5609756097560976,81250.0,0.019867549668874218,0.000993377483443636,1
2022-10-13,30.0,30.5,30.0,30.23,8000,30.162,30.145,30.0125,1.004981257809246,50.0,-0.18733375202919333,-0.304951570825751,0.000993377483443636,0.019857690718575374,0.01634471290172494,-0.75,68150.0,0.016539861065167052,-0.015878266622560422,0
2022-10-14,29.53,29.75,29.5,29.75,34000,30.186,30.098000000000003,29.9745,1.0070559975979583,50.850340136054434,-0.2038224354273943,-0.2847257437460796,-0.015878266622560422,0.01708036588606814,0.016708680796310754,3.25,27000.0,0.008403361344537815,0.014453781512605124,1
2022-10-17,29.75,30.4,29.6,30.18,20000,30.18,30.086000000000002,29.964,1.0072086503804565,57.382550335570464,-0.18011616247239814,-0.26380382749134335,0.014453781512605124,0.017787271991751844,0.017048608300191614,-0.4117647058823529,25150.0,0.026507620941020448,0.001325381047051044,1
2022-10-18,29.7,30.25,29.7,30.22,7000,30.116000000000003,30.145999999999997,29.9835,1.0044190971701104,57.382550335570464,-0.15629938266466326,-0.24230293852600734,0.001325381047051044,0.01599011584964576,0.01650101377507031,-0.65,24100.0,0.018199867637326297,-0.004301786896095283,0
2022-10-19,29.71,30.15,29.7,30.09,17000,30.094,30.155,29.97,1.0041374708041375,57.77027027027026,-0.1462286932692649,-0.22308808947465888,-0.004301786896095283,0.015629267695766728,0.016036528624614903,1.4285714285714284,20950.0,0.014955134596211343,-0.012961116650049842,0
2022-10-20,29.71,29.71,29.39,29.7,34000,29.988,30.075,29.953999999999997,1.0011350737797957,45.05703422053232,-0.16778323926125438,-0.212027119431978,-0.012961116650049842,0.015000713164110977,0.016104117541772812,1.0,22500.0,0.010774410774410784,-0.0016835016835017313,0
2022-10-21,29.05,29.95,29.0,29.65,62000,29.968,30.076999999999998,29.925,1.001436925647452,43.785850860420624,-0.1867472483517183,-0.20697114521592608,-0.0016835016835017313,0.01192275720284462,0.016010651161876204,0.8235294117647058,27850.0,0.032040472175379406,0.0026981450252951955,1
2022-10-24,29.31,29.75,29.3,29.73,14000,29.877999999999997,30.029000000000003,29.928999999999995,0.9982959671221893,51.18790496760258,-0.19309515007955014,-0.2041959461886509,0.0026981450252951955,0.009885054555925279,0.01542854404892829,-0.7741935483870968,24850.0,0.015136226034308755,-0.00470904809956274,0
2022-10-25,29.73,29.85,29.5,29.59,56500,29.752,29.933999999999997,29.9435,0.9936046220381718,45.33029612756265,-0.20703615399646225,-0.20476398775021318,-0.00470904809956274,0.008876831724398794,0.015216960061162218,3.0357142857142856,28450.0,0.0118283203785063,0.00811084825954711,1
2022-10-26,29.06,29.85,29.06,29.83,15500,29.7,29.897000000000002,29.968,0.9910571276027763,41.88861985472153,-0.19645390744707214,-0.20310197168958496,0.00811084825954711,0.009031181671738674,0.015309238751406284,-0.7256637168141593,26800.0,0.02648340596714726,0.004022795843110938,1
2022-10-27,30.01,30.45,29.75,29.95,31500,29.75,29.869,30.006999999999998,0.9914353317559237,54.73372781065089,-0.17635153300015105,-0.1977518839516982,0.004022795843110938,0.009162606168684667,0.015239194814587152,1.032258064516129,29150.0,0.023372287145242046,0.010350584307178723,1
2022-10-28,30.26,30.26,30.26,30.26,1500,29.872000000000003,29.919999999999998,30.009000000000004,0.9954347029224566,50.80385852090034,-0.1338627606215077,-0.18497405928566013,0.010350584307178723,0.00808707432615962,0.01310753328862082,-0.9523809523809523,25900.0,0.0,-0.026107072042300117,0
2022-10-31,29.5,29.99,28.7,29.47,209000,29.82,29.849,29.967499999999994,0.9950780011679321,35.01400560224093,-0.16206827786761835,-0.1803929030020518,-0.026107072042300117,0.010734916880237484,0.014338191869537352,138.33333333333334,44800.0,0.043773328808958234,-0.008143875127248013,0
2022-11-01,29.98,29.99,29.06,29.23,115000,29.748,29.75,29.948,0.9933217577133698,36.02305475504326,-0.20146498479414632,-0.1846073193604707,-0.008143875127248013,0.010794567940425779,0.013563525121415952,-0.44976076555023925,55600.0,0.0318166267533356,0.003763256927813874,1
2022-11-02,29.03,29.7,29.03,29.34,27000,29.65,29.675,29.915000000000003,0.9911415677753634,37.46478873239437,-0.22126052458223455,-0.19193796040482347,0.003763256927813874,0.01100828301615532,0.013239614478446654,-0.7652173913043478,56600.0,0.022835719154737498,-0.03442399454669398,0
2022-11-03,29.49,29.5,28.01,28.33,551000,29.326,29.538,29.806499999999993,0.9838793551742072,32.59803921568627,-0.31481816373720406,-0.2165140010712996,-0.03442399454669398,0.014741270291946683,0.014513412364094208,19.40740740740741,108300.0,0.05259442287327916,0.008471584892340456,1
2022-11-04,28.0,28.75,27.92,28.57,100000,28.988,29.43,29.753499999999995,0.9742719343942731,29.305912596401072,-0.36538533784737126,-0.2462882684265139,0.008471584892340456,0.015304468270161076,0.013488591453788688,-0.8185117967332123,112100.0,0.02905145257262857,0.015050752537626888,1
2022-11-07,28.16,29.2,28.16,29.0,22000,28.894,29.357,29.693,0.9730913009800288,35.747663551401914,-0.3665375644254567,-0.2703381276263025,0.015050752537626888,0.016332938448809543,0.013146048809054569,-0.78,112900.0,0.03586206896551721,0.006206896551724128,1
2022-11-08,29.0,29.3,29.0,29.18,3500,28.883999999999997,29.316000000000003,29.624999999999993,0.9749873417721521,39.49191685912242,-0.34890426542622777,-0.28605135518628755,0.006206896551724128,0.01652228373872717,0.01294352989306428,-0.8409090909090909,107600.0,0.010281014393420175,-0.005483207676490798,0
2022-11-10,29.0,29.35,29.0,29.02,30000,28.82,29.234999999999996,29.566000000000003,0.9747683149563687,41.70731707317075,-0.343876418456162,-0.29761636784026246,-0.005483207676490798,0.016221208824771655,0.012799034985486589,7.571428571428571,109050.0,0.01206064782908344,0.009648518263266848,1
2022-11-11,29.88,29.88,29.0,29.3,19500,29.014,29.169999999999998,29.5195,0.9828757262148748,45.95842956120095,-0.3136822201923657,-0.30082953831068315,0.009648518263266848,0.01657131824896708,0.013046381410417219,-0.35,107850.0,0.03003412969283273,-0.011945392491467643,0
2022-11-14,28.87,29.1,28.8,28.95,54000,29.089999999999996,29.038999999999998,29.4795,0.9867874285520445,41.52173913043479,-0.3143712988154057,-0.3035378904116277,-0.011945392491467643,0.016210997071548206,0.012846031692948,1.7692307692307692,113100.0,0.01036269430051816,-0.01934369602763386,0
2022-11-15,28.75,28.79,28.2,28.39,297500,28.968,28.930999999999994,29.390000000000004,0.9856413746172166,38.04780876494027,-0.35600096099794953,-0.3140305045288921,-0.01934369602763386,0.015316321095172126,0.012889879847222459,4.5092592592592595,121950.0,0.020781965480803095,0.014793941528707277,1
2022-11-16,28.5,28.86,28.4,28.81,21500,28.894,28.889,29.319499999999998,0.9854874742065861,40.19230769230771,-0.3510555286794599,-0.32143550935900567,0.014793941528707277,0.016252510272666654,0.013465239642481894,-0.9277310924369748,112600.0,0.01596667823672339,-0.0027768136063865967,0
2022-11-17,28.89,28.89,28.35,28.73,22000,28.836000000000002,28.827999999999996,29.2515,0.9857956002256295,38.17829457364343,-0.34956203579540457,-0.32706081464628545,-0.0027768136063865967,0.01615625826613975,0.013457618827742745,0.023255813953488413,112100.0,0.018795683954054964,0.002436477549599747,1
2022-11-18,28.5,28.86,28.5,28.8,14500,28.736,28.875,29.2065,0.9838905723041105,35.162601626016254,-0.3388242617603723,-0.32941350406910286,0.002436477549599747,0.011451615998704505,0.013249811276931511,-0.34090909090909094,58450.0,0.01249999999999998,0.0,0
2022-11-21,28.51,28.84,28.51,28.8,7500,28.706,28.898000000000003,29.163999999999998,0.9842957070360719,41.88861985472157,-0.326550230687225,-0.3288408493927273,0.0,0.011206221053808401,0.013253617815932733,-0.48275862068965514,49200.0,0.011458333333333274,-0.004166666666666652,0
2022-11-22,28.93,28.93,28.65,28.68,13500,28.764,28.866000000000003,29.111499999999996,0.988063136561153,43.142144638403984,-0.32278510399814664,-0.32762970031381117,-0.004166666666666652,0.010094692662171804,0.01323161840979248,0.8,48350.0,0.009762900976290137,-0.0034867503486750717,0
2022-11-23,28.37,28.68,28.35,28.58,13500,28.718,28.806,29.061,0.9881972402876708,40.49999999999999,-0.3241339636691194,-0.32693055298487284,-0.0034867503486750717,0.00977952499233406,0.013219865498803454,0.0,49350.0,0.011546536039188185,0.0003498950314906324,1
2022-11-24,28.5,28.79,28.5,28.59,8000,28.690000000000005,28.762999999999998,28.999000000000002,0.9893444601537985,54.333333333333364,-0.32069920741510316,-0.3256842838709189,0.0003498950314906324,0.009724632241157861,0.013030791279182904,-0.40740740740740744,47150.0,0.010143406785589337,0.011192724728926295,1
2022-11-25,28.91,28.91,28.91,28.91,500,28.712,28.724,28.947000000000003,0.991881714858189,55.51948051948051,-0.2888264017184845,-0.31831270744043205,0.011192724728926295,0.00993051545894682,0.013302143999876654,-0.9375,45250.0,0.0,-0.006226219301279867,0
2022-11-28,28.6,28.95,28.39,28.73,17500,28.698,28.702000000000005,28.8705,0.994025042863823,45.229681978798595,-0.27492233569727276,-0.30963463309180017,-0.006226219301279867,0.009399451226186973,0.013026624591690409,34.0,41600.0,0.019491820396797727,0.00591715976331364,1
2022-11-29,29.0,29.0,28.89,28.9,6000,28.741999999999997,28.752999999999997,28.842000000000002,0.996532834061438,45.03546099290778,-0.24733456504592866,-0.2971746194826259,0.00591715976331364,0.006901552582291132,0.01189217009257482,-0.6571428571428571,12450.0,0.003806228373702403,0.005536332179930881,1
2022-12-01,28.88,29.25,28.88,29.06,20000,28.838,28.778000000000002,28.833499999999997,1.000156068462032,50.70921985815601,-0.21013805453508994,-0.27976730649311876,0.005536332179930881,0.005429269108312942,0.011847433663420986,2.3333333333333335,12300.0,0.012732278045423297,0.009635237439779898,1
2022-12-02,28.8,29.83,28.8,29.34,294000,28.988,28.839,28.833499999999997,1.0053583505297659,50.70921985815601,-0.15626457131964244,-0.2550667594584235,0.009635237439779898,0.005899415179888741,0.012022911012225718,13.7,39500.0,0.035105657805044224,-0.013974096796182667,0
2022-12-06,28.06,28.95,28.06,28.93,14500,28.992,28.851999999999997,28.863500000000005,1.0044519895369584,49.652777777777786,-0.14498176171985477,-0.23304975991070978,-0.013974096796182667,0.007783017361543685,0.009550352733231985,-0.9506802721088435,39500.0,0.03076391289319048,-0.0010369858278603816,0
2022-12-07,28.5,28.94,28.5,28.9,25000,29.026,28.862000000000002,28.880000000000003,1.0050554016620499,60.851063829787186,-0.13688290221324095,-0.21381638837121603,-0.0010369858278603816,0.007796985905679084,0.00939912093228754,0.7241379310344827,41250.0,0.015224913494809733,-0.01211072664359858,0
2022-12-08,28.52,28.84,28.31,28.55,14000,28.956,28.848999999999997,28.857499999999998,1.0034133240925236,44.29824561403514,-0.15689795072272616,-0.20243270084151804,-0.01211072664359858,0.008667165632366336,0.009163050008543769,-0.43999999999999995,41300.0,0.018563922942206695,-0.028021015761821366,0
2022-12-09,28.11,28.11,27.75,27.75,104000,28.694,28.766,28.786,0.9968040019453901,33.666666666666686,-0.23460890951821511,-0.20886794257685745,-0.028021015761821366,0.012330085639690446,0.010839913932864672,6.428571428571429,50350.0,0.012972972972972953,-0.01333333333333342,0
2022-12-12,27.51,27.75,27.25,27.38,50500,28.302,28.645,28.703999999999997,0.985994983277592,28.484848484848484,-0.3223356275543594,-0.23156147957235787,-0.01333333333333342,0.01268667934466839,0.011094541593267468,-0.5144230769230769,54600.0,0.018261504747991236,0.009130752373995632,1
2022-12-13,27.12,27.63,27.1,27.63,3500,28.041999999999994,28.516999999999996,28.6205,0.9797872154574516,33.52112676056338,-0.36745102627152093,-0.2587393889121905,0.009130752373995632,0.012421937225379215,0.011064416320124067,-0.9306930693069306,54900.0,0.019182048498009325,0.021715526601520097,1
2022-12-14,27.31,28.48,27.3,28.23,44000,27.907999999999998,28.466999999999995,28.5845,0.9763333275026675,44.41687344913152,-0.35074712468215097,-0.2771409360661826,0.021715526601520097,0.014877465611366457,0.012121176699626424,11.571428571428571,57550.0,0.04179950407368047,0.003542330853701703,1
2022-12-15,27.99,28.9,27.51,28.33,46500,27.863999999999997,28.409999999999997,28.5815,0.9748963490369644,46.89826302729529,-0.32568569609011533,-0.2868498880709692,0.003542330853701703,0.014761683560595401,0.011374284673316056,0.05681818181818188,61600.0,0.04906459583480399,-0.0017649135192374654,0
2022-12-16,28.0,28.39,28.0,28.28,69000,27.97,28.332,28.555,0.9795132201015584,46.1916461916462,-0.3063277597733922,-0.2907454624114538,-0.0017649135192374654,0.01453225071960894,0.010826858032484461,0.4838709677419355,66500.0,0.01379066478076381,-0.0038896746817538297,0
2022-12-19,28.0,28.35,28.0,28.17,15000,28.127999999999997,28.214999999999996,28.526999999999997,0.9860132506046903,40.41450777202073,-0.2964452995848106,-0.2918854298461252,-0.0038896746817538297,0.013879477699207658,0.010840014187454701,-0.782608695652174,38600.0,0.012424565140220141,-0.010649627263045858,0
2022-12-20,27.82,28.23,27.33,27.87,60000,28.176,28.109,28.4805,0.9893084742192025,39.19597989949749,-0.3092559612651513,-0.29535953612993043,-0.010649627263045858,0.013651281523812427,0.011019714836459428,3.0,43150.0,0.03229278794402591,-0.010046645138141463,0
2022-12-21,27.55,28.0,27.5,27.59,34500,28.048000000000002,27.978,28.419999999999998,0.9869106263194934,33.985330073349644,-0.3381047023393222,-0.3039085693718088,-0.010046645138141463,0.013757170143218833,0.011171742724248975,-0.42500000000000004,44100.0,0.01812250815512867,0.029358463211308417,1
2022-12-22,27.98,28.99,27.98,28.4,41000,28.062,27.963,28.406,0.9878898824192073,43.037974683544306,-0.29223856269841164,-0.3015745680371294,0.029358463211308417,0.017072996060250045,0.013177863415163438,0.18840579710144922,46800.0,0.03556338028169007,0.04753521126760574,1
2022-12-23,27.76,30.5,27.75,29.75,76500,28.356,28.163,28.464499999999997,0.9961882344674947,53.52839931153184,-0.14528089132506494,-0.27031583269471654,0.04753521126760574,0.01996313760206354,0.0169494362061266,0.8658536585365855,44050.0,0.09243697478991597,-0.022521008403361353,0
2022-12-26,29.8,30.02,28.98,29.08,217000,28.538,28.333,28.488999999999997,1.0017199620906316,51.23558484349258,-0.08193478536218635,-0.2326396232282105,-0.022521008403361353,0.02118511654879221,0.0178256607526854,1.8366013071895426,60700.0,0.03576341127922968,-0.044016506189821114,0
2022-12-27,28.75,28.98,27.5,27.8,194500,28.524,28.35,28.4335,1.0031828652821497,42.48633879781422,-0.13347917772332707,-0.21280753412723383,-0.044016506189821114,0.026403472064324345,0.020271139274316233,-0.10368663594470051,79800.0,0.05323741007194246,-0.006115107913669093,0
2022-12-28,27.7,27.89,27.5,27.63,113500,28.532,28.290000000000003,28.378499999999995,1.0054090244375145,43.55742296918766,-0.1859030842430407,-0.2074266441503952,-0.006115107913669093,0.025417023968761658,0.020269866296946923,-0.41645244215938304,86750.0,0.014115092290988078,-0.013029315960912058,0
2022-12-29,27.64,27.8,26.6,27.27,678500,28.306,28.183999999999997,28.296999999999997,1.0003180549174826,46.417910447761194,-0.25357534052779584,-0.21665638342587534,-0.013029315960912058,0.025565689352865573,0.020335042978040747,4.977973568281938,149950.0,0.04400440044004398,0.03300330033003318,1
2022-12-30,27.03,29.0,27.0,28.17,784500,27.99,28.173000000000002,28.252500000000005,0.9907087868330234,55.46334716459199,-0.231910295274794,-0.21970716579565908,0.03300330033003318,0.02807134801013213,0.021795803081989456,0.15622697126013274,221500.0,0.07099751508697195,0.020944266950656765,1
2023-01-02,27.55,29.0,27.55,28.76,23000,27.926,28.232,28.2235,0.9894591386610447,57.46367239101719,-0.16522787753782708,-0.2088113081440927,0.020944266950656765,0.028782146723979527,0.02223745301900964,-0.9706819630337795,222300.0,0.05041724617524337,0.004520166898470013,1
2023-01-03,29.44,29.46,28.5,28.89,21500,28.144,28.334000000000003,28.2215,0.99725386673281,54.64788732394367,-0.10073050891156754,-0.1871951482975877,0.004520166898470013,0.028412620404376067,0.02204289387579389,-0.06521739130434778,218450.0,0.033229491173416434,-0.007961232260297657,0
2023-01-04,28.54,28.89,28.54,28.66,30000,28.35,28.441000000000003,28.2095,1.0049805916446588,52.28215767634857,-0.06739803481507778,-0.16323572560108573,-0.007961232260297657,0.0283058181481441,0.022116948862284037,0.39534883720930236,218000.0,0.012212142358688116,-0.023028611304954594,0
2023-01-06,28.26,28.26,27.99,28.0,268500,28.496,28.401000000000003,28.182,1.01114186360088,48.21428571428571,-0.0931643524338952,-0.14922145096764763,-0.023028611304954594,0.027972268759563507,0.02255714007739393,7.949999999999999,240750.0,0.009642857142857255,0.01749999999999985,1
2023-01-09,28.0,28.49,28.0,28.49,20000,28.560000000000002,28.275,28.219,1.0120840568411353,51.9464720194647,-0.07320161720722496,-0.13401748421556312,0.01749999999999985,0.023415058122690728,0.02194696334441775,-0.925512104283054,235100.0,0.017199017199017144,0.039312039312039415,1
2023-01-10,28.96,30.0,28.26,29.61,40000,28.73,28.328000000000003,28.3305,1.0141014101410142,59.62389380530973,0.03261763822343511,-0.10069045972776347,0.039312039312039415,0.026020640578462817,0.023190462940768427,1.0,217400.0,0.058763931104356584,-0.037487335359675744,0
2023-01-11,29.0,29.0,28.4,28.5,66000,28.651999999999997,28.398000000000003,28.374000000000002,1.0097977021216604,54.60992907801418,0.026605742754885142,-0.07523121923123376,-0.037487335359675744,0.024787221490890098,0.024942951755773886,0.6499999999999999,204550.0,0.02105263157894742,-0.001052631578947416,0
2023-01-12,28.5,28.5,28.26,28.47,18500,28.613999999999997,28.482,28.386000000000003,1.008032128514056,50.38503850385039,0.0191992065016926,-0.05634513408464849,-0.001052631578947416,0.024636928014690865,0.024504085107500045,-0.7196969696969697,195050.0,0.008429926238145362,0.015806111696522684,1
2023-01-13,28.44,29.49,28.0,28.92,32000,28.798000000000002,28.647000000000002,28.415499999999998,1.0134609632067006,44.932844932844944,0.049075006229227114,-0.03526110602187337,0.015806111696522684,0.02420060405971899,0.024731145352648795,0.7297297297297298,130400.0,0.051521438450898974,0.0024204702627939056,1
2023-01-16,28.5,28.99,28.5,28.99,2000,28.898000000000003,28.729000000000003,28.451,1.0157112228041194,49.40711462450593,0.07750675808152252,-0.012707533201194193,0.0024204702627939056,0.022287626911601265,0.024721366036888456,-0.9375,52150.0,0.01690238013107963,-0.008278716798896135,0
2023-01-17,28.75,28.75,28.75,28.75,500,28.726,28.728,28.48,1.0086376404494382,57.25190839694656,0.07975378009592049,0.005784729458228744,-0.008278716798896135,0.02159255916279776,0.02479139146777802,-0.75,49900.0,0.0,0.023652173913043528,1
2023-01-18,29.24,30.0,28.6,29.43,51500,28.912,28.782,28.558000000000003,1.0123958260382377,62.747875354107656,0.13485040668730974,0.031597864904044946,0.023652173913043528,0.022832336603392116,0.025104950766557447,102.0,52900.0,0.04757050628610257,-0.032959565069656804,0
2023-01-19,29.88,29.88,28.0,28.46,120000,28.910000000000004,28.762,28.601499999999998,1.0107861475796727,57.757496740547595,0.09910160522258593,0.045098612967753145,-0.032959565069656804,0.025290983847022126,0.026230474453238572,1.3300970873786406,61900.0,0.0660576247364722,0.0014054813773716202,1
2023-01-20,28.2,28.5,28.2,28.5,32500,28.826,28.812,28.6065,1.0076730812927133,52.422907488986766,0.07315480515509165,0.05070985140522085,0.0014054813773716202,0.02401105113318945,0.025421514772028628,-0.7291666666666667,38300.0,0.01052631578947371,0.011929824561403457,1
2023-01-23,28.5,28.98,28.5,28.84,5000,28.796,28.846999999999998,28.561,1.0082280032211757,50.609756097560954,0.07911494977280853,0.056390871078738386,0.011929824561403457,0.023674595416329044,0.023093070727367857,-0.8461538461538461,36800.0,0.016643550624133162,-0.01005547850208044,0
2023-01-24,28.11,28.94,28.1,28.55,11500,28.756,28.740999999999996,28.534499999999998,1.0077625330739983,47.470238095238095,0.059749080743696226,0.05706251301172996,-0.01005547850208044,0.01972576492545713,0.022654163700649495,1.2999999999999998,33950.0,0.02942206654991243,0.003852889667250503,1
2023-01-25,28.61,28.89,28.45,28.66,23000,28.601999999999997,28.756999999999998,28.577500000000004,1.000857317819963,50.0,0.05267041890330049,0.05618409419004407,0.003852889667250503,0.015729774298553555,0.020233386318757186,1.0,29650.0,0.015352407536636472,-0.0013956734124214165,0
2023-01-26,28.75,28.88,28.5,28.62,96500,28.634000000000004,28.772000000000002,28.627000000000002,1.000244524400042,55.183946488294325,0.0433333428869922,0.053613943929433694,-0.0013956734124214165,0.015734326893863695,0.020164616491040246,3.195652173913044,37450.0,0.01327742837176796,0.002096436058700135,1
2023-01-27,28.6,28.78,28.5,28.68,20000,28.669999999999998,28.748,28.6975,0.9990417283735515,51.71171171171172,0.040310467456702526,0.05095324863488747,0.002096436058700135,0.014837544277189349,0.019854307557296384,-0.7927461139896373,36250.0,0.009762900976290137,-0.02684797768479774,0
2023-01-30,28.5,28.5,27.61,27.91,31500,28.483999999999998,28.639999999999997,28.684499999999996,0.9930101622827661,33.65384615384613,-0.023941762210412776,0.03597424646582743,-0.02684797768479774,0.016890975006150347,0.019556532646201826,0.575,39200.0,0.03188821211035473,0.013973486205661079,1
2023-01-31,28.0,28.7,27.9,28.3,56000,28.434000000000005,28.595,28.6615,0.9920625228965687,47.76785714285715,-0.04289787648281873,0.020199821876098194,0.013973486205661079,0.017663016174559076,0.019217515465908008,0.7777777777777777,44750.0,0.02826855123674914,0.001413427561837377,1
2023-02-01,27.8,28.49,27.8,28.34,44000,28.369999999999997,28.485999999999997,28.633999999999997,0.9907801913808759,48.55233853006682,-0.05406978508390381,0.005345900484097794,0.001413427561837377,0.015409727907734741,0.019186226523274143,-0.2142857142857143,44000.0,0.024347212420606838,0.02046577275935091,1
2023-02-02,28.0,29.2,28.0,28.92,13500,28.43,28.532,28.647000000000002,0.9924250357803609,50.0,-0.015938718773256255,0.001088976632626984,0.02046577275935091,0.013229436211176983,0.019673413337711512,-0.6931818181818181,33350.0,0.04149377593360993,0.010719225449515868,1
2023-02-03,28.26,29.89,28.26,29.23,22000,28.54,28.605,28.708500000000004,0.9941306581674415,52.469135802469154,0.0388470308293698,0.008640587471975547,0.010719225449515868,0.013532053961794594,0.018971620454655957,0.6296296296296295,32300.0,0.055764625384878516,-0.007868628121792676,0
2023-02-06,29.0,29.0,28.6,29.0,20500,28.758,28.621000000000002,28.734,1.0008352474420545,52.577319587628864,0.06298005936898576,0.01950848185137759,-0.007868628121792676,0.013466000980653882,0.01875029842455189,-0.06818181818181823,33850.0,0.013793103448275813,0.024137931034482696,1
2023-02-07,29.56,29.75,29.4,29.7,46500,29.038,28.736,28.7385,1.0104215599283193,52.77207392197124,0.13701043717787087,0.04300887291667625,0.024137931034482696,0.014731513289727658,0.017377556791730173,1.268292682926829,37350.0,0.011784511784511833,0.016498316498316568,1
2023-02-08,29.13,31.0,28.95,30.19,155500,29.407999999999998,28.889,28.823,1.020296291156368,69.70387243735765,0.2325383920175632,0.08091477673685366,0.016498316498316568,0.01524601884588068,0.015263963788659313,2.3440860215053765,50600.0,0.06790327923153364,0.050679032792315226,1
2023-02-09,30.0,32.35,30.0,31.72,16000,29.968,29.199,28.985500000000002,1.0338962584740645,77.3809523809524,0.4267835031652645,0.1500885220225358,0.050679032792315226,0.020637651471836115,0.018567504180321766,-0.8971061093247589,42550.0,0.07408575031525856,-0.0069356872635560896,0
2023-02-10,31.5,31.5,31.25,31.5,7000,30.422000000000004,29.481,29.114500000000003,1.0449088941936149,73.0902777777778,0.5565563565924947,0.2313820889365276,-0.0069356872635560896,0.021236555639456946,0.018604757324588935,-0.5625,41250.0,0.007936507936507936,-0.042539682539682544,0
2023-02-14,30.06,30.75,30.0,30.16,39500,30.654000000000003,29.706,29.173000000000002,1.0507661193569398,61.820851688693104,0.5449931351284434,0.2941042981749108,-0.042539682539682544,0.024551821183035102,0.02137264131351033,4.642857142857143,42050.0,0.02486737400530504,-0.002984084880636617,0
2023-02-15,29.5,30.45,29.5,30.07,18500,30.728,29.883,29.238999999999997,1.0509251342385173,60.38291605301915,0.5225433959742318,0.339792117734775,-0.002984084880636617,0.02468283529451447,0.02126859076422733,-0.5316455696202531,38300.0,0.03159294978383769,-0.013967409378117801,0
2023-02-16,29.66,29.66,29.65,29.65,3000,30.619999999999997,30.014000000000003,29.25,1.0468376068376068,57.18270571827056,0.46549538500185506,0.36493277118819106,-0.013967409378117801,0.02549120758453661,0.02095714426834978,-0.8378378378378378,34200.0,0.00033726812816194145,0.010792580101180338,1
2023-02-17,29.16,29.97,29.16,29.97,6000,30.27,30.119,29.325499999999998,1.032207464493359,58.68102288021534,0.44102192472433543,0.38015060189541994,0.010792580101180338,0.025010550394064825,0.01950498008277294,1.0,33450.0,0.027027027027026987,0.009342676009342687,1
2023-02-20,29.97,31.99,29.97,30.25,48000,30.02,30.220999999999997,29.413,1.0206371332404038,66.85878962536023,0.4391578527151694,0.39195205205936984,0.009342676009342687,0.02497232049871201,0.01955646736863348,7.0,36050.0,0.06677685950413222,0.0013223140495868257,1
2023-02-21,30.0,30.39,30.0,30.29,16500,30.046,30.35,29.485500000000002,1.0190093435756558,65.09863429438542,0.4358836327340292,0.40073836819430175,0.0013223140495868257,0.024665853615703157,0.019449810825214672,-0.65625,35650.0,0.012875536480686714,0.0,0
2023-02-22,30.07,30.5,30.0,30.29,16500,30.089999999999996,30.409,29.5725,1.0174993659650011,64.8854961832061,0.42835102582306206,0.40626089972005386,0.0,0.023707651296658278,0.0192332600709031,0.0,32650.0,0.016507098052162432,-0.009574116870254223,0
2023-02-23,30.0,30.0,30.0,30.0,500,30.159999999999997,30.389999999999997,29.639499999999998,1.0175610249835523,58.62619808306708,0.39443401441620196,0.4038955226592835,-0.009574116870254223,0.02339461065027116,0.019440209823329377,-0.9696969696969697,17150.0,0.0,-0.007000000000000006,0
2023-02-24,29.21,29.98,29.01,29.79,28500,30.124000000000002,30.196999999999996,29.697999999999997,1.0143444002963165,54.54545454545453,0.346613746055656,0.39243916733855805,-0.007000000000000006,0.015015325886520653,0.019538949038534363,56.0,18400.0,0.032561262168512885,0.015441423296408185,1
2023-02-27,30.25,30.25,29.79,30.25,5000,30.124000000000002,30.071999999999996,29.7765,1.0116702768962103,59.78090766823161,0.3418928663309444,0.38232990713703535,0.015441423296408185,0.016481751297934045,0.019762309997101643,-0.8245614035087719,18200.0,0.015206611570247962,-0.02710743801652893,0
2023-02-28,28.65,29.69,28.5,29.43,19500,29.951999999999998,29.999000000000002,29.852500000000003,1.0033330541830665,47.92626728110599,0.26888485097590475,0.35964089590480924,-0.02710743801652893,0.012767541767882426,0.019782908173000453,2.9,16200.0,0.04043493034318727,0.0,0
2023-03-01,28.13,29.7,28.13,29.43,20500,29.78,29.935000000000002,29.909,0.9956869169815107,43.687707641196,0.20862062411966775,0.32943684154778097,0.0,0.012786541334399796,0.019615067515144188,0.05128205128205132,16400.0,0.053346924906557944,-0.00951410125722052,0
2023-03-02,29.5,29.5,29.02,29.15,13000,29.609999999999996,29.884999999999998,29.9495,0.988664251490008,23.060796645702325,0.13669143642182036,0.29088776052258886,-0.00951410125722052,0.012397976353885107,0.019787855369689064,-0.36585365853658536,17400.0,0.016466552315608934,0.0017152658662091813,1
2023-03-03,29.0,29.3,29.0,29.2,15500,29.492,29.808,29.9635,0.9842641880955163,25.000000000000014,0.08276752655687858,0.24926371372944683,0.0017152658662091813,0.01170007104339147,0.01928453121394165,0.1923076923076923,18350.0,0.010273972602739751,-0.0284246575342465,0
2023-03-06,28.55,28.55,28.3,28.37,31000,29.116000000000003,29.619999999999997,29.920499999999997,0.9731120803462511,28.117359413202962,-0.02663459685932068,0.19408405161169334,-0.0284246575342465,0.013409788648829519,0.02017544226705608,1.0,16650.0,0.008812125484666901,0.004229820232640069,1
2023-03-07,28.49,28.49,28.49,28.49,1000,28.927999999999997,29.439999999999998,29.895,0.9676534537548084,30.82524271844659,-0.10247233347475415,0.13477277459440384,0.004229820232640069,0.013623574910622082,0.020149464849598345,-0.967741935483871,15100.0,0.0,-0.006669006669006605,0
2023-03-08,28.1,28.48,27.9,28.3,56000,28.701999999999998,29.241000000000003,29.825,0.962347024308466,32.647814910025716,-0.17587828286320573,0.07264256310288192,-0.006669006669006605,0.013458183369944799,0.01931132227423367,55.0,19050.0,0.020494699646643175,-0.010954063604240338,0
2023-03-09,28.0,28.0,27.99,27.99,10000,28.47,29.040000000000003,29.714999999999996,0.9581019687026755,24.484536082474207,-0.25611510038563523,0.006891030405178487,-0.010954063604240338,0.013498054196313633,0.018880557882700377,-0.8214285714285714,20000.0,0.0003572704537335321,-0.03108252947481238,0
2023-03-10,27.55,27.55,27.0,27.12,109500,28.054000000000002,28.773000000000003,29.484999999999996,0.9514668475496016,14.988814317673345,-0.38546172265664325,-0.07157952020718586,-0.03108252947481238,0.015527823467794109,0.014950196656573933,9.95,28100.0,0.020280235988200616,0.004056047197640078,1
2023-03-13,27.0,27.61,27.0,27.23,72500,27.826,28.470999999999997,29.271499999999996,0.9506174948328581,16.299559471365626,-0.47363401392131976,-0.15199041895001264,0.004056047197640078,0.01384336300993329,0.015179866210071153,-0.3378995433789954,34850.0,0.022401762761659914,0.009548292324641938,1
2023-03-14,27.4,27.95,27.25,27.49,45500,27.625999999999998,28.276999999999997,29.137999999999998,0.9481089985585833,20.833333333333286,-0.5165765895398344,-0.224907653067977,0.009548292324641938,0.01377337203797221,0.013115782747522986,-0.37241379310344824,37450.0,0.025463805020007252,0.007275372862859397,1
2023-03-15,27.69,28.0,27.11,27.69,9500,27.503999999999998,28.102999999999998,29.019,0.9477928253902616,25.477707006369428,-0.5283797289612977,-0.28560206824664114,0.007275372862859397,0.01434735001381321,0.013377908863483412,-0.7912087912087912,36350.0,0.03214156735283498,-0.021668472372697756,0
2023-03-16,27.42,27.5,27.0,27.09,84000,27.324,27.897000000000002,28.891,0.9457616558789935,23.52941176470587,-0.5794690293175897,-0.3443754604608309,-0.021668472372697756,0.015171010160852937,0.0137837093281948,7.842105263157896,43450.0,0.01845699520118125,-0.012550756736803281,0
2023-03-17,27.05,27.28,26.53,26.75,357000,27.25,27.651999999999997,28.73,0.9484859032370344,14.85943775100398,-0.6400151304022295,-0.4035033944491106,-0.012550756736803281,0.014908263985332747,0.013411631507557722,3.25,77600.0,0.028037383177570093,0.009719626168224416,1
2023-03-20,26.76,27.1,26.75,27.01,41000,27.206,27.516,28.568,0.9523242789134696,22.624434389140276,-0.659417173925501,-0.45468615034438875,0.009719626168224416,0.014139112840115155,0.013433953559133393,-0.8851540616246498,78600.0,0.012958163643095202,0.0259163272861902,1
2023-03-21,27.2,28.25,27.2,27.71,71000,27.25,27.438,28.439,0.9581912162874925,33.203125,-0.6112630237066874,-0.4860015250168485,0.0259163272861902,0.017044289388355557,0.015117420527550563,0.7317073170731707,85600.0,0.03789245759653557,-0.03969686033922781,0
2023-03-22,27.75,27.75,26.12,26.61,424000,27.034000000000002,27.269,28.255000000000003,0.9567864094850469,28.619528619528623,-0.6543187405015587,-0.5196649681137906,-0.03969686033922781,0.020716080097564853,0.017006647264261873,4.971830985915493,122400.0,0.06125516723036449,0.014280345734686062,1
2023-03-24,26.84,27.0,26.5,26.99,20000,27.014,27.169,28.1045,0.9611983846003308,32.37639553429024,-0.6502818378137611,-0.5457883420537848,0.014280345734686062,0.021557763738553254,0.01759258909881281,-0.9528301886792453,123400.0,0.018525379770285292,0.0022230455724343567,1
2023-03-27,27.25,27.3,26.99,27.05,62000,27.074,27.162,27.9675,0.9680522034504335,37.99999999999999,-0.6349220782969525,-0.5636150893024183,0.0022230455724343567,0.019259497680030827,0.01766157895896603,2.1,118650.0,0.011460258780037052,0.005175600739371511,1
2023-03-28,26.85,27.2,26.85,27.19,22500,27.110000000000003,27.157999999999998,27.814500000000002,0.9746714842977584,38.22463768115945,-0.6044844082675773,-0.5717889530954501,0.005175600739371511,0.01928950519857537,0.017189400875664493,-0.6370967741935484,113650.0,0.012872379551305548,-0.006987863184994558,0
2023-03-29,27.0,27.0,26.9,27.0,93000,26.968,27.109,27.693,0.9738200989419709,38.224637681159436,-0.5889052148455036,-0.5752122054454608,-0.006987863184994558,0.019089895314563673,0.016409409910134603,3.1333333333333337,118400.0,0.0037037037037037563,-0.020000000000000018,0
2023-03-31,26.75,26.8,26.25,26.46,90000,26.938,26.986,27.5445,0.9779810851531159,36.69565217391307,-0.6130650466106005,-0.5827827736784887,-0.020000000000000018,0.019617167056269553,0.016747802375867184,-0.032258064516129004,126450.0,0.020786092214663668,-0.002645502645502673,0
2023-04-03,26.25,26.5,26.25,26.39,46500,26.818,26.916000000000004,27.4065,0.9785269917720248,42.62626262626264,-0.6305912390577753,-0.592344466754346,-0.002645502645502673,0.018650666696466964,0.01672445054919071,-0.4833333333333333,122700.0,0.009473285335354301,0.0026525198938991412,1
2023-04-04,26.08,26.5,26.07,26.46,17500,26.7,26.887,27.2695,0.9791158620436751,42.15885947046845,-0.631552315886104,-0.6001860365806977,0.0026525198938991412,0.01835369648379687,0.016745047543193593,-0.6236559139784946,88750.0,0.01625094482237338,0.019274376417233396,1
2023-04-05,26.83,27.25,26.83,26.97,21000,26.656,26.883,27.1995,0.9800180150370411,44.96124031007753,-0.5844243582343793,-0.597033700911434,0.019274376417233396,0.019199295322526323,0.01659634071637103,0.19999999999999996,86750.0,0.015572858731924424,0.0014831294030404063,1
2023-04-06,27.01,27.01,27.01,27.01,500,26.657999999999998,26.813,27.1255,0.9827652946489466,43.20000000000001,-0.5376497548521506,-0.5851569116995774,0.0014831294030404063,0.01696172222727834,0.016549933051833984,-0.9761904761904762,79700.0,0.0,-0.013698630136986356,0
2023-04-07,27.34,27.39,26.5,26.64,110500,26.694,26.816000000000003,27.0425,0.9871128778774151,45.28301886792455,-0.5243915926028002,-0.573003847880222,-0.013698630136986356,0.011830125579454173,0.016716216724128465,220.0,48350.0,0.033408408408408426,0.006006006006006093,1
2023-04-11,26.84,27.0,26.8,26.8,25000,26.776,26.796999999999997,26.982999999999997,0.9923285031316015,50.54466230936819,-0.49526463821823796,-0.5574560059478252,0.006006006006006093,0.010993795442702379,0.01671546747191086,-0.7737556561085973,48850.0,0.007462686567164152,-0.006343283582089576,0
2023-04-12,26.55,26.95,26.55,26.63,67000,26.810000000000002,26.755000000000003,26.958500000000004,0.9944915332826381,45.77777777777776,-0.4803615869116058,-0.5420371221405813,-0.006343283582089576,0.011078322483637142,0.015309062196524881,1.6800000000000002,49350.0,0.01502065339842278,-0.0011265490048816273,0
2023-04-13,26.6,26.6,26.4,26.6,16000,26.736,26.696000000000005,26.927,0.9929067478738812,35.50913838120107,-0.4656043633874738,-0.5267505703899599,-0.0011265490048816273,0.010832367861799405,0.015266359317125602,-0.7611940298507462,48700.0,0.007518796992481309,-0.022180451127819523,0
2023-04-17,26.5,26.5,26.0,26.01,425500,26.536,26.597,26.852999999999998,0.9881949875246715,40.96385542168679,-0.4958019305593062,-0.5205608424238292,-0.022180451127819523,0.012521720369533085,0.015747165597689176,25.59375,81950.0,0.019223375624759707,-0.07920030757401009,0
2023-04-18,25.0,25.0,23.5,23.95,212000,25.998,26.346000000000004,26.665999999999997,0.9749493737343435,19.60000000000005,-0.6781413130379903,-0.5520769365466615,-0.07920030757401009,0.02687475494745974,0.023055949607029322,-0.5017626321974148,94150.0,0.06263048016701461,-0.07056367432150301,0
2023-04-19,23.3,23.51,22.16,22.26,1914500,25.09,25.933,26.424500000000002,0.9494976253098449,13.876319758672722,-0.9480865122672917,-0.6312788516907876,-0.07056367432150301,0.03284677388605684,0.0269587312800012,8.03066037735849,280950.0,0.06064690026954184,0.009883198562443685,1
2023-04-20,22.26,22.6,21.76,22.48,262500,24.26,25.535000000000004,26.211000000000002,0.9255656022280722,14.903129657228007,-1.1312277764809373,-0.7312686366488176,0.009883198562443685,0.03338718376479512,0.027286039234940638,-0.8628884826325411,305450.0,0.03736654804270462,-0.010231316725978656,0
2023-04-26,22.5,22.5,22.18,22.25,40000,23.390000000000004,25.063000000000002,25.973000000000003,0.9005505717475841,14.81481481481481,-1.280170615662783,-0.8410490324516107,-0.010231316725978656,0.031189612533822818,0.026955609830170243,-0.8476190476190476,307350.0,0.014382022471910125,0.0008988764044943753,1
2023-04-27,22.39,22.39,22.26,22.27,32000,22.642000000000003,24.589,25.701,0.8809773938757248,16.37239165329052,-1.3806794427635154,-0.9489751145139916,0.0008988764044943753,0.031148337953458484,0.025791244451220934,-0.19999999999999996,310500.0,0.005837449483610193,0.004490345756623215,1
2023-04-28,22.25,22.49,20.66,22.37,168500,22.326,24.162,25.488999999999997,0.875907254109616,17.89137380191694,-1.4357142281813147,-1.0463229372474563,0.004490345756623215,0.03198966927701798,0.02504388683881009,4.265625,316300.0,0.08180599016540001,-0.006258381761287457,0
2023-05-02,22.3,22.47,21.6,22.23,103500,22.32,23.705000000000002,25.251,0.8839253890935013,16.587677725118496,-1.4736393252672642,-1.131786214851418,-0.006258381761287457,0.031242990610774825,0.024482733098925423,-0.3857566765578635,324150.0,0.039136302294196915,0.010346378767431386,1
2023-05-03,22.25,22.46,22.15,22.46,8500,22.316000000000003,23.288,25.0215,0.891872989229263,12.727272727272776,-1.4682115315281408,-1.1990712781867625,0.010346378767431386,0.03236426678113436,0.024750878379406722,-0.9178743961352657,318300.0,0.013802315227070448,-0.0008904719501335867,0
2023-05-04,22.45,22.5,22.15,22.44,35500,22.354000000000003,22.872000000000003,24.784,0.9019528728211751,12.106135986733008,-1.448822672826232,-1.2490215571146563,-0.0008904719501335867,0.032376724692292205,0.02460539273282692,3.1764705882352944,320250.0,0.015597147950089188,0.0017825311942958333,1
2023-05-05,22.03,22.5,22.03,22.48,31000,22.396,22.519,24.558,0.9119635149442137,13.508771929824562,-1.4139302886828382,-1.2820033034282927,0.0017825311942958333,0.032783175099708475,0.02472577549996524,-0.12676056338028174,280800.0,0.02090747330960849,-0.0013345195729538295,0
2023-05-08,22.25,22.46,22.16,22.45,12500,22.412,22.369,24.357499999999998,0.9201272708611311,10.951526032315968,-1.3728729473889203,-1.3001772322204181,-0.0013345195729538295,0.023503310027290086,0.024633512095122417,-0.5967741935483871,260850.0,0.01336302895322943,-0.015144766146993338,0
2023-05-09,22.11,22.13,22.11,22.11,188500,22.387999999999998,22.354000000000003,24.1435,0.9272889183424109,10.627177700348412,-1.3521827461200253,-1.3105783350003397,-0.015144766146993338,0.008168285818230644,0.024652195457359954,14.08,88250.0,0.0009045680687471539,0.004070556309362372,1
2023-05-10,22.2,22.4,22.07,22.2,241500,22.336,22.326,23.930500000000002,0.9333695493199055,12.068965517241352,-1.3133834973068446,-1.3111393674616407,0.004070556309362372,0.007516599542365652,0.024687995910163064,0.28116710875331563,86150.0,0.01486486486486479,0.00990990990991003,1
2023-05-11,22.5,22.6,22.2,22.42,79000,22.332,22.343,23.703,0.9421592203518543,16.942909760589345,-1.250468034592167,-1.2990051008877461,0.00990990990991003,0.00753423779458163,0.02421912316535635,-0.6728778467908902,90050.0,0.017841213202497864,0.014719000892060574,1
2023-05-12,22.25,23.0,22.25,22.75,25500,22.386,22.391000000000002,23.490000000000002,0.953001277139208,33.78378378378379,-1.1606001588516968,-1.2713241124805363,0.014719000892060574,0.008729706195312492,0.02469410249323108,-0.6772151898734178,89400.0,0.03296703296703297,-0.014945054945054936,0
2023-05-15,22.5,22.5,22.33,22.41,3500,22.377999999999997,22.395000000000003,23.2785,0.9613162360117703,53.1914893617021,-1.10408714898265,-1.237876719780959,-0.014945054945054936,0.010195864905393908,0.024710162549257106,-0.8627450980392157,72900.0,0.007585899152164288,0.01740294511378848,1
2023-05-16,22.38,22.89,22.35,22.8,620500,22.516000000000002,22.451999999999998,23.0785,0.9756266655111903,56.34920634920635,-1.0161172734558157,-1.1935248305159305,0.01740294511378848,0.011218229930422076,0.025184438819567743,176.28571428571428,124600.0,0.023684210526315752,-0.013596491228070273,0
2023-05-17,23.4,23.4,22.35,22.49,35500,22.574,22.455000000000002,22.8715,0.9869925453074788,54.61538461538458,-0.9603446670065203,-1.1468887978140485,-0.013596491228070273,0.011912795112737613,0.025215536213254015,-0.9427880741337631,127300.0,0.04668741662961304,-0.007114273010226824,0
2023-05-18,22.21,22.44,22.0,22.33,164000,22.556,22.444,22.657999999999998,0.9954982787536413,51.09489051094888,-0.918467614466401,-1.101204561144519,-0.007114273010226824,0.012136424811315475,0.025163895478118373,3.619718309859155,140150.0,0.019704433497537005,0.0076130765785940024,1
2023-05-19,22.17,22.76,22.16,22.5,31500,22.506,22.445999999999998,22.482499999999998,1.0010452574224398,52.313167259786454,-0.861629836955295,-1.0532896163066743,0.0076130765785940024,0.012391634311887648,0.025186896087740333,-0.8079268292682926,140200.0,0.02666666666666673,-0.005333333333333412,0
2023-05-22,22.31,22.43,22.2,22.38,27000,22.5,22.439,22.404,1.0042849491162293,52.688172043010724,-0.816852320820324,-1.0060021572094042,-0.005333333333333412,0.01250911574838447,0.018576609953069548,-0.1428571428571429,141650.0,0.010277033065236838,-0.0022341376228776078,0
2023-05-23,22.16,22.4,22.03,22.33,26500,22.406,22.461,22.407500000000002,0.9999330581278588,47.50957854406126,-0.7764499669160543,-0.9600917191507343,-0.0022341376228776078,0.011418822071704035,0.009701761074095904,-0.01851851851851849,125450.0,0.01656963725929232,0.004478280340349361,1
2023-05-24,22.43,22.43,22.43,22.43,22500,22.394,22.484,22.404999999999998,0.9995090381611248,49.81412639405202,-0.7279700603880208,-0.9136673873981916,0.004478280340349361,0.011431529670613201,0.009490871787202532,-0.15094339622641506,103550.0,0.0,-0.00847079803834161,0
2023-05-25,22.11,22.25,22.01,22.24,23500,22.375999999999998,22.465999999999998,22.4045,0.9987279341203775,45.77464788732393,-0.6968479676906973,-0.8703035034566928,-0.00847079803834161,0.011333095865897033,0.009399376363207198,0.04444444444444451,98000.0,0.010791366906474751,0.02742805755395694,1
2023-05-26,23.91,23.91,22.7,22.85,249500,22.445999999999998,22.476,22.433500000000002,1.000557202398199,55.84795321637428,-0.6158623056891983,-0.819415263903194,0.02742805755395694,0.013721287774359688,0.011224700117413642,9.617021276595745,120400.0,0.0529540481400438,-0.002188183807439903,0
2023-05-29,23.34,23.75,22.8,22.8,192500,22.53,22.514999999999997,22.455000000000002,1.0033400133600534,61.02236421725237,-0.5493822308368657,-0.7654086572899284,-0.002188183807439903,0.012676680566635056,0.011225573725958483,-0.22845691382765532,139300.0,0.04166666666666664,0.007017543859649145,1
2023-05-30,22.51,23.0,22.51,22.96,129500,22.656,22.531,22.4915,1.007313874130227,61.87499999999998,-0.4782724031794885,-0.7079814064678405,0.007017543859649145,0.011639198251099566,0.011165387702303133,-0.32727272727272727,90200.0,0.02134146341463408,-0.022648083623693416,0
2023-05-31,23.0,23.0,22.07,22.44,103500,22.657999999999998,22.526,22.4905,1.0074475889820145,50.28571428571428,-0.4585906589672497,-0.6581032569677223,-0.022648083623693416,0.013135508961398002,0.012205894277112859,-0.20077220077220082,97000.0,0.041443850267379664,0.007575757575757569,1
2023-06-01,22.48,22.75,22.4,22.61,13000,22.732,22.554000000000002,22.499000000000002,1.0103560158229252,47.90419161676647,-0.42438313106344694,-0.6113592317868674,0.007575757575757569,0.013090876513471069,0.012318720882233168,-0.8743961352657005,81900.0,0.015479876160990775,0.003980539584254705,1
2023-06-02,22.69,22.7,22.69,22.7,9000,22.702,22.574,22.509999999999998,1.008529542425589,54.692556634304175,-0.3855665991608781,-0.5662007052616695,0.003980539584254705,0.012946570949907756,0.012341024740559677,-0.3076923076923077,79650.0,0.00044052863436114584,0.023348017621145356,1
2023-06-05,22.89,23.5,22.89,23.23,24000,22.788,22.659,22.549,1.0105991396514258,56.656346749225975,-0.3084816627795419,-0.5146568967652441,0.023348017621145356,0.014483117477158235,0.013335734724663862,1.6666666666666665,79350.0,0.0262591476538958,-0.004735256134309029,0
2023-06-06,23.2,23.25,23.01,23.12,34500,22.82,22.738,22.5995,1.009756853027722,60.3960396039604,-0.25334695008442765,-0.4623949074290808,-0.004735256134309029,0.014620396744436548,0.012833545658454558,0.4375,80150.0,0.010380622837370174,0.010813148788927363,1
2023-06-07,23.0,23.5,23.0,23.37,21000,23.006,22.832,22.658,1.015358813664048,66.66666666666666,-0.18732007318558175,-0.407379940580381,0.010813148788927363,0.0147998512859637,0.012969957595357922,-0.3913043478260869,80000.0,0.021394950791613177,-0.015832263585793815,0
2023-06-08,23.0,23.0,23.0,23.0,18500,23.084000000000003,22.907999999999998,22.687,1.017499008242606,57.5301204819277,-0.16297058190374258,-0.3584980688450533,-0.015832263585793815,0.015658939570906357,0.013478997698157578,-0.11904761904761907,79500.0,0.0,0.019130434782608674,1
2023-06-09,23.0,23.5,23.0,23.44,19000,23.232000000000003,22.967,22.7215,1.0224677067975267,64.56043956043956,-0.1069364154361665,-0.308185738163276,0.019130434782608674,0.014419491094588382,0.013742561592959989,0.027027027027026973,56450.0,0.021331058020477814,-0.012372013651877234,0
2023-06-12,23.01,23.2,23.0,23.15,12500,23.216,23.002000000000002,22.7585,1.0201023793307995,60.567010309278324,-0.08495025748651486,-0.26353864202792376,-0.012372013651877234,0.015140450762951297,0.013590881351049713,-0.3421052631578947,38450.0,0.008639308855291546,-0.028077753779697567,0
2023-06-13,22.62,22.62,22.5,22.5,40000,23.092,22.956,22.7435,1.0153230593356342,50.79006772009029,-0.11860839291073333,-0.23455259220448568,-0.028077753779697567,0.01761722834733727,0.014595299340899258,2.2,29500.0,0.005333333333333377,0.016444444444444484,1
2023-06-14,22.78,23.14,22.35,22.87,22000,22.992,22.999000000000002,22.7625,1.0100823723228995,56.83297180043385,-0.11411139481961285,-0.21046435272751113,0.016444444444444484,0.016816283813731778,0.01472835413796713,-0.44999999999999996,21350.0,0.034543069523393054,-0.020550940096195958,0
2023-06-15,22.4,22.49,22.0,22.4,132000,22.872000000000003,22.978,22.766,1.004656066063428,44.96644295302011,-0.14678056845398046,-0.19772759587280503,-0.020550940096195958,0.01808921903485307,0.015406008853692286,5.0,33250.0,0.021874999999999933,-0.0071428571428571175,0
2023-06-16,22.12,22.39,22.0,22.24,50500,22.631999999999998,22.932,22.753,0.9946820199534127,43.886462882096055,-0.18346689459539078,-0.19487545561732217,-0.0071428571428571175,0.018105597474202404,0.01538912808367967,-0.6174242424242424,37400.0,0.01753597122302161,-0.024280575539568305,0
2023-06-19,22.05,22.05,21.4,21.7,144500,22.342000000000002,22.779,22.719,0.9834059597693561,37.29838709677419,-0.2531958749672043,-0.2065395394872986,-0.024280575539568305,0.016954616519560706,0.016262775679175875,1.8613861386138613,49450.0,0.029953917050691344,0.014285714285714457,1
2023-06-20,21.5,22.2,21.5,22.01,142500,22.244,22.668,22.703,0.979782407611329,45.47368421052632,-0.2802120746890857,-0.22127404652765603,0.014285714285714457,0.018214718056358034,0.016634307029724408,-0.01384083044982698,60250.0,0.03180372557928211,-0.0027260336210814806,0
2023-06-21,21.61,22.15,21.5,21.95,110000,22.06,22.526,22.679000000000002,0.9727060276026278,42.887931034482776,-0.3029716377225924,-0.23761356476664333,-0.0027260336210814806,0.01741427780965691,0.0165967428937187,-0.22807017543859653,69150.0,0.029612756264236838,0.006378132118451063,1
2023-06-22,22.08,22.09,22.08,22.09,9000,21.998,22.435,22.6715,0.9702930992655977,43.49680170575695,-0.30618244479758516,-0.2513273407728317,0.006378132118451063,0.017453148534421353,0.01657471415004243,-0.9181818181818182,68200.0,0.0004526935264826421,-0.0009053870529651675,0
2023-06-23,21.56,22.24,21.56,22.07,15000,21.964,22.298000000000002,22.6325,0.9704628300011046,36.12440191387563,-0.30680421735152663,-0.2624227160885707,-0.0009053870529651675,0.015564524300338348,0.015245913145933557,0.6666666666666667,67800.0,0.03081105573176256,0.013593112822836373,1
2023-06-26,22.45,22.99,22.1,22.37,91500,22.098000000000003,22.22,22.610999999999997,0.9773119278227413,41.41876430205952,-0.27986339280145955,-0.2659108514311485,0.013593112822836373,0.0165014869018677,0.015619013547426596,5.1,75700.0,0.039785426911041435,0.011622708985248087,1
2023-06-27,22.1,23.1,22.0,22.63,150500,22.222,22.233,22.5945,0.9835136869592158,41.55251141552512,-0.23482584202518098,-0.259693849549955,0.011622708985248087,0.014536113398817892,0.015774048939834803,0.644808743169399,86750.0,0.04860804242156436,0.06142288996906764,1
2023-07-03,22.23,24.32,22.23,24.02,243500,22.636000000000003,22.348,22.6735,0.998346086841467,59.44444444444442,-0.08598074278991774,-0.22495122819794755,0.06142288996906764,0.023900946114948834,0.020177827628793058,0.6179401993355482,108900.0,0.08701082431307243,-0.03455453788509566,0
2023-07-05,23.0,23.94,22.25,23.19,216500,22.856,22.427,22.7025,1.0067613698931837,47.841105354058726,-0.0345952007361916,-0.18688002270559637,-0.03455453788509566,0.02590184472467039,0.021869042202301698,-0.11088295687885008,117350.0,0.07287623975851665,0.00862440707201384,1
2023-07-06,22.63,23.5,22.63,23.39,1076500,23.12,22.542,22.737000000000002,1.016844790429696,52.10526315789475,0.022012790339928756,-0.14510146009649133,0.00862440707201384,0.025642381896470504,0.02192144413707345,3.972286374133949,219950.0,0.03719538264215481,0.0034202650705428272,1
2023-07-07,23.48,23.48,23.0,23.47,13500,23.34,22.719,22.749,1.0259791639192932,59.454191033138386,0.07249468887147614,-0.10158223030289784,0.0034202650705428272,0.023492372698428843,0.021331813041248922,-0.9874593590339061,206850.0,0.020451640391989795,-0.0063911376224967675,0
2023-07-10,23.15,23.64,23.15,23.32,74500,23.478,22.85,22.759,1.0315918977107958,54.58248472505092,0.09925407160848465,-0.06141496992062136,-0.0063911376224967675,0.023796983658958104,0.021357331010341,4.518518518518518,200050.0,0.02101200686106355,0.00900514579759859,1
2023-07-11,23.33,23.95,23.3,23.53,254500,23.380000000000003,23.008000000000003,22.767,1.0269249352132475,62.150537634408636,0.1358404361846759,-0.02196388869956191,0.00900514579759859,0.023604746461453614,0.02131581304788477,2.4161073825503356,214500.0,0.027624309392265133,0.0089247768805778,1
2023-07-12,23.76,23.77,23.25,23.74,550500,23.49,23.173000000000002,22.804,1.0300824416768988,65.95744680851065,0.1797090644288737,0.018370701926125214,0.0089247768805778,0.023608373131278813,0.02103104784582765,1.163064833005894,268650.0,0.021903959561920792,0.0016849199663018233,1
2023-07-13,24.3,24.45,23.5,23.78,108500,23.568,23.344,22.820999999999998,1.032733009070593,74.76190476190479,0.21522198895718958,0.057740959332338096,0.0016849199663018233,0.02352023801037391,0.020632098365529473,-0.8029064486830154,278000.0,0.039949537426408714,-0.002943650126156494,0
2023-07-14,23.5,23.93,23.45,23.71,29000,23.616,23.477999999999998,22.849,1.0335682086743403,71.46464646464648,0.23500878750266097,0.09319452496640268,-0.002943650126156494,0.02364363299686511,0.02041901417878013,-0.7327188940092166,271750.0,0.020244622522142573,0.002952340784479146,1
2023-07-17,23.5,23.8,23.46,23.78,588000,23.708000000000002,23.593,22.913,1.0346964605245932,73.04785894206555,0.25341714775904833,0.1252390495249318,0.002952340784479146,0.0235767373818508,0.01920475724884965,19.275862068965516,315500.0,0.014297729184188387,-0.005466778805719219,0
2023-07-18,23.42,23.75,23.3,23.65,755500,23.732,23.556,22.952,1.0339839665388637,69.69696969696969,0.254581337159248,0.15110750705179507,-0.005466778805719219,0.012953130735983368,0.01901809360619468,0.28486394557823136,366700.0,0.019027484143763186,-0.008033826638477737,0
2023-07-19,23.5,23.58,23.4,23.46,1018000,23.676,23.583000000000002,23.005000000000003,1.0291675722668983,66.82808716707024,0.2374355443855123,0.16837311451853854,-0.008033826638477737,0.006569706788893541,0.01843935043618751,0.34745201853077434,446850.0,0.007672634271099731,0.04262574595055413,1
2023-07-20,23.5,24.7,23.5,24.46,3597000,23.812,23.69,23.116,1.0301090154005883,71.63561076604557,0.3010684925612388,0.19491219012707858,0.04262574595055413,0.014664132523295233,0.02033414024164889,2.5333988212180745,698900.0,0.049059689288634474,0.04129190515126724,1
2023-07-21,24.7,25.88,24.55,25.47,1155000,24.163999999999998,23.89,23.3045,1.0368812890214334,75.44802867383515,0.42806218708568267,0.2415421895187994,0.04129190515126724,0.018674082059828907,0.020654839870448118,-0.6788990825688073,813050.0,0.05221829603455039,0.02394974479780121,1
2023-07-24,26.0,26.5,25.65,26.08,1131500,24.624000000000002,24.166,23.508,1.0474732006125576,71.45833333333334,0.5713414384984432,0.3075020393147282,0.02394974479780121,0.018473943257492135,0.020915105576603237,-0.020346320346320335,918750.0,0.032592024539877355,0.012653374233128956,1
2023-07-25,26.1,26.7,26.1,26.41,534000,25.176,24.454,23.731,1.0608908179174918,87.44186046511629,0.7034110350355256,0.38668383845888765,0.012653374233128956,0.0184574313212356,0.020754086054229334,-0.5280600972160848,946700.0,0.022718667171525857,0.06209769026883749,1
2023-07-26,26.69,28.39,26.4,28.05,3551500,26.094,24.884999999999998,24.029000000000003,1.0859378251279703,90.59233449477352,0.92969449631061,0.49528597002923214,0.06209769026883749,0.024287147154081822,0.023826411525066298,5.650749063670412,1246800.0,0.07094474153297689,0.0299465240641712,1
2023-07-27,28.1,30.15,27.9,28.89,841000,26.979999999999997,25.395999999999997,24.37,1.1070988920804266,91.69230769230771,1.1633958463545042,0.6289079452942866,0.0299465240641712,0.023938328100999072,0.023926422927182413,-0.7631986484583979,1320050.0,0.0778816199376947,0.01176877812391841,1
2023-07-31,28.95,31.05,28.95,29.23,403000,27.732,25.948,24.713,1.1221624246348074,94.17040358744394,1.3603596294788751,0.7751982821312045,0.01176877812391841,0.022803059803372588,0.023930815704460852,-0.5208085612366231,1357450.0,0.07184399589462885,0.002736914129319201,1
2023-08-01,29.5,29.73,28.51,29.31,128500,28.378000000000004,26.500999999999998,25.047,1.1329899788397813,94.05487804878048,1.505555076320146,0.9212696409689929,0.002736914129319201,0.022822495209997,0.02405416628986749,-0.6811414392059554,1311500.0,0.041624019106107094,-0.0092118730808598,0
2023-08-02,29.34,30.3,28.77,29.04,221000,28.903999999999996,27.04,25.298,1.142540912325085,90.03021148036254,1.580616408445696,1.0531389944643337,-0.0092118730808598,0.023336511594927778,0.021683069048516614,0.7198443579766538,1258050.0,0.05268595041322318,-0.005509641873278293,0
2023-08-03,29.0,29.5,28.51,28.88,325000,29.07,27.582,25.5825,1.1363236587510994,87.83382789317507,1.608648889074594,1.1642409733863859,-0.005509641873278293,0.022998995608415874,0.019413104640049812,0.47058823529411775,1188750.0,0.03427977839335175,0.018698060941828354,1
2023-08-04,29.23,30.0,28.77,29.42,2585500,29.176,28.077999999999996,25.883999999999997,1.127182815639005,89.59778085991678,1.655356400802937,1.2624640588696963,0.018698060941828354,0.021736295340165655,0.01947318097440038,6.955384615384616,1087600.0,0.04180829367777024,0.03195105370496254,1
2023-08-07,29.25,31.63,29.25,30.36,670000,29.401999999999997,28.567,26.228500000000004,1.120994338219875,90.71782178217822,1.7480718997262485,1.359585627041007,0.03195105370496254,0.02084686353182443,0.019874836090339718,-0.7408625024173274,1039100.0,0.07839262187088271,-0.02832674571805005,0
2023-08-08,30.99,31.0,28.77,29.5,486000,29.439999999999998,28.909000000000002,26.5375,1.1093735280263777,83.20090805902386,1.7321872119912243,1.4341059440310504,-0.02832674571805005,0.025252497995637037,0.021544307830692593,-0.27462686567164174,974550.0,0.07559322033898307,0.067457627118644,1
2023-08-09,29.79,31.69,29.54,31.49,1655000,29.93,29.416999999999994,26.9355,1.1111729873215643,87.8416588124411,1.8587483573613142,1.5190344266971032,0.067457627118644,0.030622050306386348,0.024825801111903988,2.405349794238683,1086650.0,0.06827564306128937,-0.01937122896157506,0
2023-08-10,32.7,33.5,30.54,30.88,196500,30.330000000000002,29.7,27.2925,1.1112943116240726,81.40900195694717,1.888062663763968,1.5928400741104762,-0.01937122896157506,0.028389905077699444,0.02596799305600844,-0.8812688821752266,751150.0,0.09585492227979278,0.03303108808290145,1
2023-08-11,31.5,32.5,31.5,31.9,95500,30.826,30.000999999999998,27.698500000000003,1.1129122515659693,81.42717497556208,1.9708808506747175,1.6684482294233247,0.03303108808290145,0.028646136244287128,0.026159585103240686,-0.5139949109414759,676600.0,0.031347962382445145,0.01504702194357388,1
2023-08-15,31.5,32.99,31.5,32.38,123500,31.23,30.316000000000003,28.131999999999998,1.1101237025451445,81.1881188118812,2.051597312206791,1.7450780459800181,0.01504702194357388,0.028683261531630266,0.025812956496478145,0.293193717277487,648650.0,0.0460160592958617,-0.03983940704138367,0
2023-08-16,32.5,32.5,30.53,31.09,372500,31.548000000000002,30.494,28.497500000000002,1.107044477585753,71.15732368896926,1.98855069588911,1.7937725759618366,-0.03983940704138367,0.03284623062251508,0.028577998952539877,2.016194331983806,673050.0,0.06336442586040524,0.020585397233837233,1
2023-08-17,31.3,32.0,30.75,31.73,72000,31.595999999999997,30.762999999999998,28.901500000000006,1.0932304551666865,68.29025844930416,1.9675477834363484,1.828527617456739,0.020585397233837233,0.03262415983390809,0.028241755238855856,-0.8067114093959732,658150.0,0.03939489442168295,0.0037819098644815696,1
2023-08-18,31.99,32.45,31.25,31.85,97500,31.79,31.060000000000002,29.320999999999998,1.0842058592817434,65.84582441113491,1.9382429627575561,1.8504706865169025,0.0037819098644815696,0.03228375718095874,0.027851536264139307,0.35416666666666674,635400.0,0.03767660910518062,-0.02668759811616961,0
2023-08-21,31.0,31.01,30.98,31.0,36500,31.610000000000003,31.218,29.647999999999996,1.0661764705882355,58.98477157360405,1.8253888387185313,1.8454543169572284,-0.02668759811616961,0.0341107218657003,0.0286350934728898,-0.6256410256410256,380500.0,0.0009677419354839076,-0.0174193548387096,0
2023-08-22,30.61,31.25,29.3,30.46,64500,31.226,31.227999999999998,29.8975,1.044435153440923,55.577109602327845,1.673091290383475,1.8109817116424778,-0.0174193548387096,0.03346594803841256,0.028515977903358025,0.7671232876712328,319950.0,0.0640183847669074,-0.027248850952068304,0
2023-08-23,30.08,30.08,29.5,29.63,102500,30.933999999999997,31.240999999999996,30.075,1.028561928512053,52.71389144434222,1.4684924557576196,1.7424838604655062,-0.027248850952068304,0.033363196403862865,0.029421666559245614,0.5891472868217054,281600.0,0.0195747553155585,0.011137360782990324,1
2023-08-24,30.0,30.35,29.6,29.96,105000,30.580000000000002,31.088000000000005,30.252500000000005,1.010825551607305,54.891304347826086,1.317784053064912,1.6575438989853875,0.011137360782990324,0.024448144637197952,0.029407761175183473,0.024390243902439046,126600.0,0.025033377837116153,-0.004672897196261738,0
2023-08-25,29.4,29.98,28.9,29.82,131000,30.174,30.982000000000006,30.340999999999998,0.9944958966415083,51.87969924812029,1.1735220959345583,1.5607395383752216,-0.004672897196261738,0.023903764550566343,0.026430849594482705,0.24761904761904763,120050.0,0.03621730382293769,0.01106639839034207,1
2023-08-28,29.13,30.39,29.13,30.15,43000,30.004,30.807,30.404000000000003,0.986843836337324,48.953140578265206,1.073447661192148,1.463281162938607,0.01106639839034207,0.021039248558639364,0.02576121500655555,-0.6717557251908397,114800.0,0.04179104477611946,-0.003980099502487455,0
2023-08-29,30.5,30.5,29.1,30.03,39000,29.918,30.572000000000003,30.444,0.9827223755091316,52.85252960172229,0.973236093673826,1.365272149085651,-0.003980099502487455,0.019806370084471423,0.025701963925467867,-0.09302325581395354,106350.0,0.04662004662004657,-0.016983016983017074,0
2023-08-30,29.13,30.0,29.0,29.52,132000,29.895999999999997,30.415000000000003,30.454500000000003,0.9816611666584575,37.387964148527544,0.8429479870007945,1.2608073166686797,-0.016983016983017074,0.016715275462952886,0.02603462892582406,2.3846153846153846,82300.0,0.03387533875338754,0.0060975609756097615,1
2023-08-31,29.12,30.45,28.57,29.7,138500,29.844,30.212,30.4875,0.9788929889298893,42.005420054200556,0.7456231400404363,1.1577704813430312,0.0060975609756097615,0.014760827728348195,0.025953564977453998,0.04924242424242431,88950.0,0.06329966329966327,0.03838383838383841,1
2023-09-01,29.7,31.49,29.7,30.84,61000,30.048000000000002,30.111,30.585499999999996,0.9824263131222313,42.93333333333335,0.7518145204556461,1.0765792891655541,0.03838383838383841,0.02041082947760813,0.02716258718299742,-0.5595667870036101,85300.0,0.05804150453955899,0.019779507133592666,1
2023-09-04,31.46,31.7,30.89,31.45,248500,30.308,30.156,30.687,0.9876494932707661,43.905635648754895,0.7967585988954156,1.0206151511115265,0.019779507133592666,0.019703784196918258,0.027195207258120642,3.0737704918032787,106500.0,0.02575516693163748,0.004769475357710773,1
2023-09-05,31.84,31.9,30.62,31.6,205500,30.622000000000003,30.27,30.749000000000002,0.995869784383232,53.92912172573191,0.8348571378565417,0.9834635484605295,0.004769475357710773,0.0185367960777484,0.026375341846650083,-0.17303822937625757,120600.0,0.040506329113923975,-0.019303797468354533,0
2023-09-06,31.5,31.5,30.9,30.99,23500,30.915999999999997,30.406,30.823500000000003,1.0030009570619818,44.272445820433425,0.8065314104003711,0.9480771208484979,-0.019303797468354533,0.017176864932102118,0.02589617096514234,-0.8856447688564477,112700.0,0.019361084220716408,-0.008389803162310305,0
2023-09-07,31.0,32.0,29.51,30.73,366500,31.122000000000003,30.482999999999997,30.785499999999995,1.010930470513716,41.515151515151516,0.7544069070042241,0.9093430780796432,-0.008389803162310305,0.01746239951888887,0.021021021795801367,14.595744680851064,138850.0,0.08102831109664818,-0.016596160104132784,0
2023-09-08,29.0,31.41,28.65,30.22,461500,30.998,30.522999999999996,30.752499999999998,1.0079830908056258,43.769968051118205,0.6642876304744298,0.8603319885586006,-0.016596160104132784,0.01840177861604983,0.02090227508981994,0.2592087312414735,171900.0,0.09133024487094644,0.009265387160820593,1
2023-09-11,30.01,30.5,30.0,30.5,44500,30.808,30.558,30.682499999999997,1.004090279475271,50.33333333333333,0.6084473126180434,0.8099550533704892,0.009265387160820593,0.018306142791345875,0.019502092185571758,-0.9035752979414952,172050.0,0.01639344262295082,-0.021967213114754136,0
2023-09-12,29.65,29.92,29.11,29.83,88500,30.454,30.538,30.555,0.9966944853542792,51.71232876712328,0.5043166098802168,0.7488273646724348,-0.021967213114754136,0.01971270939363171,0.01954942220547303,0.9887640449438202,177000.0,0.027153871940999073,0.0016761649346295204,1
2023-09-13,29.25,29.93,29.14,29.88,52500,30.232,30.574,30.4945,0.9913918903408812,49.28057553956833,0.42097413212402657,0.6832567181627532,0.0016761649346295204,0.01884244436749374,0.017645057106926963,-0.4067796610169492,169050.0,0.02643908969210171,-0.003012048192771122,0
2023-09-14,29.5,29.9,29.4,29.79,28500,30.044,30.583,30.397499999999997,0.9883707541738631,49.72776769509981,0.34370040588057904,0.6153454557063185,-0.003012048192771122,0.01880874695888764,0.016837408787419503,-0.4571428571428572,158050.0,0.016784155756965426,-0.01812688821752262,0
2023-09-15,29.5,29.5,28.8,29.25,192000,29.85,30.424,30.267500000000002,0.9862063269183117,42.132867132867155,0.23616457585074713,0.5395092797352042,-0.01812688821752262,0.014031273840111946,0.01708282097657617,5.7368421052631575,171150.0,0.02393162393162391,0.0017094017094017033,1
2023-09-18,29.18,29.47,28.85,29.3,61000,29.610000000000003,30.208999999999996,30.182500000000005,0.9810320549987576,43.53982300884957,0.15321012695727987,0.4622494491796194,0.0017094017094017033,0.011369271299032372,0.016268252700246566,-0.6822916666666667,152400.0,0.021160409556313906,-0.0020477815699659896,0
2023-09-19,28.75,29.3,28.75,29.24,54500,29.492,29.973000000000003,30.121499999999997,0.9791013063758446,47.3076923076923,0.08168501597855382,0.3861365625394063,-0.0020477815699659896,0.010774108971419009,0.01589460727943842,-0.10655737704918034,137300.0,0.018809849521203854,-0.002393980848153121,0
2023-09-21,29.29,29.35,29.0,29.17,204000,29.35,29.791000000000004,30.0985,0.9751316510789574,44.793713163064865,0.019131894659288662,0.3127356289633828,-0.002393980848153121,0.010049562724010216,0.014739895795194538,2.743119266055046,155350.0,0.011998628728145402,-0.00411381556393553,0
2023-09-22,29.0,29.44,28.66,29.05,198500,29.201999999999998,29.622999999999998,30.052999999999997,0.9716833593983962,28.009828009828055,-0.039667637937391476,0.24225497558322795,-0.00411381556393553,0.010026971398007813,0.014488751692845558,-0.026960784313725505,138550.0,0.02685025817555942,-0.008605851979345935,0
2023-09-25,28.65,28.92,28.4,28.8,95000,29.112000000000002,29.481,30.002000000000002,0.9703353109792681,14.285714285714391,-0.10522661489561713,0.17275865748745894,-0.008605851979345935,0.009345042425688293,0.01456141865167439,-0.5214105793450882,101900.0,0.018055555555555665,0.00034722222222205446,1
2023-09-26,28.5,28.9,28.5,28.81,35500,29.014,29.312,29.934999999999995,0.9692333389009522,10.924369747899163,-0.15459360123160337,0.1072882057436465,0.00034722222222205446,0.008214875224291675,0.014263394524958957,-0.6263157894736842,101000.0,0.013884068031933308,-0.0038181187087816815,0
2023-09-27,28.81,28.89,28.5,28.7,80500,28.906,29.198999999999995,29.8685,0.9677754155715887,12.703583061889262,-0.20028461786257168,0.045773641022402875,-0.0038181187087816815,0.005884530007318864,0.014262361316052404,1.267605633802817,100200.0,0.013588850174216047,-0.004181184668989535,0
2023-09-28,28.5,28.7,28.5,28.58,17000,28.788,29.069,29.821499999999997,0.9653437955837233,13.310580204778148,-0.24337262670036353,-0.012055612522150407,-0.004181184668989535,0.0055570123275064855,0.013843522871213853,-0.7888198757763976,96650.0,0.006997900629811032,-0.0031490552834150254,0
2023-10-02,28.5,28.59,28.25,28.49,40500,28.676,28.939,29.760999999999996,0.9635428917039078,15.537848605577693,-0.28153704813509606,-0.06595189964473955,-0.0031490552834150254,0.005553311220873599,0.013729439246736218,1.3823529411764706,97850.0,0.01193401193401193,0.0108810108810109,1
2023-10-03,28.49,28.98,28.3,28.8,59500,28.676,28.894,29.659000000000002,0.9668566033918876,16.53543307086619,-0.2835002039812835,-0.10946156051204835,0.0108810108810109,0.005171441979492971,0.010461251647203662,0.4691358024691359,84600.0,0.0236111111111111,-0.027083333333333348,0
2023-10-04,28.55,28.95,27.51,28.02,429500,28.518,28.766000000000002,29.4875,0.9671216617210683,15.849056603773633,-0.3440297397128411,-0.15637519635220692,-0.027083333333333348,0.009427240494700923,0.010250823003016314,6.218487394957983,121450.0,0.05139186295503204,-0.007137758743754441,0
2023-10-05,27.89,27.99,26.5,27.82,429500,28.342000000000002,28.624000000000002,29.298499999999997,0.9673532774715431,13.21428571428575,-0.40348701426362865,-0.20579755993449128,-0.007137758743754441,0.009422546946544557,0.009951749530136486,0.0,158950.0,0.05355859094176846,0.01042415528396834,1
2023-10-06,28.0,28.36,27.5,28.11,40000,28.247999999999998,28.517999999999994,29.154499999999995,0.9689070297895694,22.0,-0.422338303279048,-0.24910570860340264,0.01042415528396834,0.010603102490993855,0.010126207881745418,-0.9068684516880093,142550.0,0.030594094628246155,-0.004268943436499528,0
2023-10-09,27.61,28.0,27.61,27.99,41500,28.148000000000003,28.412,29.017500000000002,0.970035323511674,25.58139534883719,-0.4418675091654407,-0.28765806871581023,-0.004268943436499528,0.01060398019894527,0.010091527501935609,0.03750000000000009,126850.0,0.013933547695605595,-0.0035727045373347144,0
2023-10-10,28.01,28.25,27.63,27.89,72000,27.965999999999998,28.321000000000005,28.901,0.9676481782637278,23.193916349809882,-0.4601098498551721,-0.3221484249436826,-0.0035727045373347144,0.010461592611407949,0.009689564308886605,0.7349397590361446,124550.0,0.022230190032269666,0.0014342058085334841,1
2023-10-11,27.62,28.0,27.62,27.93,13500,27.948,28.232999999999997,28.7725,0.971344165435746,24.904214559386958,-0.46596798173624165,-0.3509123363021944,0.0014342058085334841,0.010507580699598585,0.009276469975521048,-0.8125,122350.0,0.013605442176870713,0.0025062656641603454,1
2023-10-12,28.0,28.0,27.99,28.0,5000,27.983999999999998,28.163,28.681,0.9756981974129213,27.586206896551687,-0.4596634641873756,-0.3726625618792307,0.0025062656641603454,0.010645446628295259,0.008403368941968928,-0.6296296296296297,114800.0,0.000357142857142913,0.029642857142857082,1
2023-10-13,28.0,28.98,28.0,28.83,378000,28.127999999999997,28.188,28.628499999999995,0.9825174214506524,46.68674698795177,-0.3832748710743097,-0.3747850237182465,0.029642857142857082,0.014644270941656483,0.01112934117133917,74.6,150900.0,0.03399236906000695,-0.009712105445716213,0
2023-10-16,28.03,28.85,28.01,28.55,241500,28.24,28.194,28.5665,0.9885705284161517,46.26865671641791,-0.3413946357740514,-0.3681069461294075,-0.009712105445716213,0.014992201142058247,0.011269966685597838,-0.36111111111111116,171000.0,0.02942206654991243,0.0007005253940455258,1
2023-10-17,28.83,28.83,28.26,28.57,27000,28.375999999999998,28.171,28.5325,0.9945150267239112,46.42857142857145,-0.3030965068547715,-0.35510485827448035,0.0007005253940455258,0.014533351137544979,0.010625460688309794,-0.8881987577639752,167750.0,0.019950997549877378,-0.0024501225061253074,0
2023-10-18,28.5,28.6,28.49,28.5,8000,28.49,28.219,28.492499999999996,0.9999122576116523,46.987951807228924,-0.27522080463191756,-0.3391280475459678,-0.0024501225061253074,0.011292067417654844,0.010607818104215558,-0.7037037037037037,125600.0,0.0038596491228071223,0.0035087719298245723,1
2023-10-19,28.58,28.6,28.58,28.6,24500,28.609999999999996,28.297000000000004,28.460500000000003,1.0052528943623615,50.30303030303036,-0.2422672395897152,-0.3197558859547173,0.0035087719298245723,0.010853682984053589,0.010660661101254866,2.0625,85100.0,0.0006993006993008086,0.07132867132867138,1
2023-10-20,28.5,30.75,28.5,30.64,626500,28.972,28.55,28.534,1.0153501086423216,70.47619047619051,-0.05095299644167284,-0.2659953080521084,0.07132867132867138,0.02432361352187976,0.019364601262974533,24.571428571428573,143750.0,0.07343342036553524,0.011749347258485532,1
2023-10-23,30.65,31.0,30.26,31.0,98000,29.462,28.851,28.6315,1.0290065138047255,70.75471698113209,0.12823568974487642,-0.18714910849271144,0.011749347258485532,0.023882598360180887,0.01939850958269996,-0.8435754189944134,149400.0,0.023870967741935433,0.00903225806451613,1
2023-10-24,30.31,31.95,30.0,31.28,315500,30.004,29.189999999999998,28.755499999999994,1.043417780946254,83.9583333333334,0.2895004929993519,-0.09181918819429877,0.00903225806451613,0.023383966862519926,0.01922280547092061,2.2193877551020407,173750.0,0.0623401534526854,0.03228900255754463,1
2023-10-25,31.5,33.5,31.5,32.29,2757500,30.762,29.625999999999998,28.9295,1.063343645759519,89.83957219251342,0.4931182107286496,0.02516829159029091,0.03228900255754463,0.023898017422761167,0.020179423433843543,7.740095087163233,448150.0,0.06193868070610096,-0.020130071229482738,0
2023-10-26,32.89,34.38,31.26,31.64,507000,31.369999999999997,29.99,29.0765,1.0788781318246694,79.56448911222785,0.5951763290552705,0.13916989908328684,-0.020130071229482738,0.02616287995151974,0.020909572362452142,-0.8161378059836809,498350.0,0.09860935524652342,-0.004108723135271775,0
2023-10-27,32.0,32.39,30.8,31.51,241000,31.544,30.258,29.223000000000003,1.079423741573418,79.43143812709037,0.6579833866723597,0.24293259660110142,-0.004108723135271775,0.02589507946230938,0.020907887463326565,-0.52465483234714,484650.0,0.050460171374166925,0.0022215169787367373,1
2023-10-30,31.02,32.0,30.85,31.58,155000,31.659999999999997,30.561,29.377500000000005,1.0776955152752954,81.00840336134458,0.7052768547578623,0.33540144823245366,0.0022215169787367373,0.025191028488938588,0.020830789669601068,-0.3568464730290456,476000.0,0.03641545281823935,-0.0015832805573147146,0
2023-10-31,31.25,31.84,31.05,31.53,83000,31.709999999999997,30.857,29.514,1.0744053669445008,80.20134228187928,0.730304194656668,0.41438199751729654,-0.0015832805573147146,0.02529899725572496,0.02084345430414538,-0.46451612903225803,481600.0,0.025055502695845198,0.010466222645099776,1
2023-11-01,31.7,33.0,31.52,31.86,217500,31.624000000000002,31.193,29.706,1.0645660809264124,81.02893890675249,0.7679147407921221,0.4850885461722617,0.010466222645099776,0.02490890935445754,0.019472172216108176,1.6204819277108435,502550.0,0.04645323289391087,-0.019460138104205882,0
2023-11-02,32.0,32.39,30.9,31.24,841000,31.544,31.457,29.877000000000002,1.0557954279211432,70.0499168053245,0.7391718382966239,0.5359052045971342,-0.019460138104205882,0.02671861134429027,0.02011464003221725,2.8666666666666667,584200.0,0.047695262483994944,0.03713188220230479,1
2023-11-03,31.48,32.9,31.25,32.4,2891500,31.721999999999998,31.633,30.091500000000003,1.0541847365535115,77.9390420899855,0.8007644720873763,0.5888770580951826,0.03713188220230479,0.018935266715295256,0.021276728864354586,2.4381688466111773,810700.0,0.05092592592592588,0.020370370370370594,1
2023-11-06,33.7,33.7,31.64,33.06,164000,32.018,31.839,30.345,1.055132641291811,79.81407702523245,0.8925448607030688,0.64961061861676,0.020370370370370594,0.019428054016018523,0.021282729028124392,-0.9432820335466021,817300.0,0.06231094978826383,-0.029038112522686066,0
2023-11-07,33.0,33.3,31.99,32.1,190500,32.132,31.921000000000003,30.555500000000002,1.0515946392629802,71.37767220902614,0.8776999245962358,0.6952284798126551,-0.029038112522686066,0.02240538463262034,0.022757933591500797,0.16158536585365857,804800.0,0.04080996884735198,0.002803738317756821,1
2023-11-08,32.35,32.46,31.85,32.19,324000,32.198,31.911,30.7685,1.0464598534215188,71.34363852556481,0.8632464854857957,0.7288320809472832,0.002803738317756821,0.01989530287087846,0.02274142535641865,0.7007874015748032,561450.0,0.01894998446722583,0.03013358185771975,1
2023-11-10,32.4,34.6,32.4,33.16,233500,32.582,32.063,31.0265,1.050134562390215,67.16621253405995,0.9194639165475813,0.7669584480673429,0.03013358185771975,0.020617988626824672,0.023263931529905205,-0.279320987654321,534100.0,0.06634499396863701,0.018094089264173663,1
2023-11-13,33.5,35.5,33.0,33.76,448500,32.854,32.288,31.273000000000003,1.0505547916733282,68.20580474934037,1.0008939389857545,0.8137455462510254,0.018094089264173663,0.020735967152997668,0.022857696656217792,0.9207708779443255,554850.0,0.0740521327014218,0.00622037914691953,1
2023-11-14,33.75,36.14,33.5,33.97,266000,33.035999999999994,32.527,31.544,1.0472990109054017,67.90945406125167,1.070038327631213,0.865004102527063,0.00622037914691953,0.020669586314713266,0.022476226646141902,-0.4069119286510591,565950.0,0.07771563143950547,0.004121283485428284,1
2023-11-15,33.99,34.5,33.9,34.11,122500,33.438,32.785000000000004,31.821000000000005,1.0508154991986423,63.70481927710845,1.1231852038904009,0.9166403227997306,0.004121283485428284,0.020468358883572062,0.022422986752492817,-0.5394736842105263,569900.0,0.01759014951627093,-0.0014658457930224467,0
2023-11-16,34.0,35.49,33.77,34.06,1511500,33.812,33.005,32.099000000000004,1.0533661484781456,70.0331125827815,1.1480360590348901,0.9629194700467626,-0.0014658457930224467,0.02066096278788208,0.02239728687219675,11.338775510204082,699300.0,0.05049911920140924,0.010275983558426072,1
2023-11-17,34.23,35.1,34.02,34.41,754000,34.062,33.321999999999996,32.3895,1.051637104617237,73.16293929712461,1.1823432981476962,1.0068042356669493,0.010275983558426072,0.018470766953102645,0.02235811619559911,-0.5011577902745616,690600.0,0.03138622493461198,0.031967451322290064,1
2023-11-20,34.81,36.99,34.81,35.51,583000,34.412,33.632999999999996,32.632999999999996,1.0545153678791408,76.9547325102881,1.28349747924009,1.0621428843815774,0.031967451322290064,0.017678891066423355,0.017924018089686716,-0.22679045092838201,459750.0,0.06139115742044494,0.014080540692762655,1
2023-11-21,35.51,36.25,35.25,36.01,1816500,34.82,33.928,32.8835,1.0588897167272342,78.9405684754522,1.3880086185091756,1.1273160312070971,0.014080540692762655,0.01735204270122978,0.017960275738479605,2.115780445969125,625000.0,0.027770063871146906,-0.006664815329075147,0
2023-11-22,36.25,36.68,35.65,35.77,861500,35.152,34.295,33.108000000000004,1.0617373444484717,75.5555555555556,1.4349275040503784,1.1888383257757535,-0.006664815329075147,0.012783811093836415,0.018238485338651116,-0.5257363060831268,692100.0,0.028795079675705926,-0.009225608051439904,0
2023-11-23,35.53,35.9,35.0,35.44,690000,35.428,34.62,33.265499999999996,1.065007289834814,78.53260869565219,1.4290100781461845,1.2368726762498397,-0.009225608051439904,0.014131191722512228,0.017544415546563327,-0.1990713871154962,728700.0,0.02539503386004511,-0.010722347629796736,0
2023-11-24,35.14,35.5,34.61,35.06,221500,35.558,34.81,33.4365,1.0634486265009795,70.21276595744686,1.377775512800774,1.2650532435600266,-0.010722347629796736,0.013475177954574563,0.01695681108434699,-0.6789855072463769,727500.0,0.025385054192812336,-0.0005704506560183509,0
2023-11-27,35.01,35.22,34.75,35.04,256500,35.464,34.938,33.613,1.0550679796507303,66.66666666666666,1.3203378845352773,1.276110171755077,-0.0005704506560183509,0.01284048286270443,0.016871936609940824,0.15801354401805878,708300.0,0.013413242009132388,-0.0014269406392692918,0
2023-11-28,35.49,35.5,34.82,34.99,469500,35.260000000000005,35.04,33.7835,1.0437047671200441,78.7276341948311,1.256301704161622,1.2721484782363859,-0.0014269406392692918,0.012907972854559956,0.016928399338519737,0.8304093567251463,728650.0,0.019434124035438687,-0.014289797084881428,0
2023-11-29,35.4,35.5,33.99,34.49,303000,35.004000000000005,35.077999999999996,33.9315,1.0316077980637461,71.13970588235301,1.1519280391490838,1.2481043904189255,-0.014289797084881428,0.014002716199079383,0.01743035165591702,-0.354632587859425,746700.0,0.043780806030733484,-0.0031893302406494906,0
2023-11-30,34.02,34.5,34.01,34.38,254000,34.792,35.11,34.0575,1.0215664684724364,63.31877729257651,1.0482514863426857,1.2081338096036776,-0.0031893302406494906,0.014049644425458523,0.01745755432462517,-0.16171617161716167,620950.0,0.01425247236765567,-0.0002908667830134881,0
2023-12-01,34.02,34.5,33.99,34.37,334500,34.654,35.106,34.214,1.0128602326533,57.64411027568923,0.954279811222662,1.1573630099274745,-0.0002908667830134881,0.01366863883349125,0.016609850417567934,0.3169291338582678,579000.0,0.014838521966831482,0.014547570555717204,1
2023-12-04,34.41,35.3,34.4,34.87,388500,34.620000000000005,35.042,34.3375,1.008227156898435,60.51401869158879,0.9096663357158334,1.1078236750851462,0.014547570555717204,0.009659172817338139,0.014993412838576563,0.16143497757847536,559550.0,0.025810151993117255,0.027530828792658557,1
2023-12-05,35.2,36.0,34.62,35.83,1711500,34.788,35.024,34.476,1.009049773755656,66.86274509803923,0.9409273866923513,1.0744444174065872,0.027530828792658557,0.012600901567471966,0.015487601665802648,3.4054054054054053,549050.0,0.0385152107172761,-0.024002232765838682,0
2023-12-06,35.97,36.0,34.8,34.97,996500,34.884,34.944,34.6195,1.0076402027758922,57.69881556683585,0.8860928552728993,1.0367741049798498,-0.024002232765838682,0.014589787224337855,0.0149513851113592,-0.4177621969033012,562550.0,0.03431512725193031,0.0,0
2023-12-07,35.0,36.0,34.75,34.97,3428500,35.001999999999995,34.897,34.7585,1.007005480673792,55.035971223021605,0.833033403530905,0.9960259646900609,0.0,0.014383867898354472,0.01498022013678591,2.440541896638234,836400.0,0.03574492422076065,0.01601372605090079,1
2023-12-08,35.0,35.8,34.93,35.53,2112500,35.233999999999995,34.944,34.876999999999995,1.0102359721306304,50.199203187251015,0.8266417145190204,0.9621491146558528,0.01601372605090079,0.014901259554011824,0.01399692481091962,-0.3838413300277089,1025500.0,0.02448634956374887,0.012946805516464988,1
2023-12-11,35.5,38.19,35.16,35.99,2280500,35.458000000000006,35.039,34.9885,1.0134186947139776,49.79919678714864,0.8489087192587803,0.9395010355764384,0.012946805516464988,0.015306971412835449,0.013760757966067513,0.079526627218935,1227900.0,0.08419005279244238,0.0041678243956653205,1
2023-12-12,36.23,36.5,36.0,36.14,2369500,35.519999999999996,35.154,35.096999999999994,1.0120523121634328,53.78323108384455,0.8686460167698868,0.9253300318151281,0.0041678243956653205,0.015238049738704807,0.013745420488638405,0.039026529269897026,1417900.0,0.01383508577753182,0.015495296070835662,1
2023-12-13,36.6,38.34,36.06,36.7,1079500,35.866,35.375,35.2265,1.0181539466026996,62.304687500000036,0.9188829761672466,0.9240406206855518,0.015495296070835662,0.014289872295116428,0.014018550528411526,-0.5444186537244144,1495550.0,0.06212534059945507,-0.011989100817438869,0
2023-12-14,36.23,36.97,35.99,36.26,479500,36.124,35.563,35.3365,1.0222857385423005,61.58301158301151,0.9126711013228146,0.9217667168130044,-0.011989100817438869,0.015183656417698733,0.014416802727632426,-0.555812876331635,1518100.0,0.027027027027026942,0.01709873138444573,1
2023-12-15,36.25,37.47,35.7,36.88,1126000,36.394,35.814,35.46,1.02633953750705,65.91695501730102,0.9468621269994344,0.9267857988502904,0.01709873138444573,0.01544763603139413,0.014670720821784321,1.3482794577685087,1597250.0,0.047993492407809,-0.014913232104121543,0
2023-12-18,37.39,37.94,36.24,36.33,454000,36.462,35.96,35.501000000000005,1.0270696600095772,60.668789808917126,0.9189848721648772,0.9252256135132079,-0.014913232104121543,0.016649179914098894,0.013601582645957334,-0.5968028419182949,1603800.0,0.046793283787503324,-0.04183870079823826,0
2023-12-19,36.2,36.2,34.12,34.81,497500,36.196000000000005,35.858000000000004,35.441,1.0213030106373975,52.1917808219178,0.7654173947627001,0.8932639697631064,-0.04183870079823826,0.01998225615903095,0.016300577109541303,0.0958149779735682,1482400.0,0.059752944556162174,0.007756391841424737,1
2023-12-20,35.0,35.7,33.67,35.08,599500,35.872,35.869,35.4065,1.0131473034612288,54.69168900804286,0.6579167512736674,0.8461945260652186,0.007756391841424737,0.01870364694141603,0.01638192486993691,0.2050251256281408,1442700.0,0.05786773090079821,0.0051311288483466555,1
2023-12-21,34.65,35.38,34.27,35.26,90000,35.672000000000004,35.898,35.3975,1.0077547849424395,55.83224115334207,0.5805539479557851,0.793066410443332,0.0051311288483466555,0.018759505213376954,0.016309760677335586,-0.8498748957464554,1108850.0,0.03148043108338059,-0.012762336925694728,0
2023-12-22,34.7,35.67,34.4,34.81,363500,35.258,35.826,35.385,0.9964109085770808,49.604221635883945,0.47742862971008293,0.7299388542966823,-0.012762336925694728,0.018401993888178526,0.016385710857343316,3.0388888888888888,933950.0,0.03648376903188748,-0.008330939385234104,0
2023-12-26,34.0,34.68,33.5,34.52,203500,34.896,35.678999999999995,35.358999999999995,0.9869057382844539,40.52098408104201,0.3680577549624857,0.657562634429843,-0.008330939385234104,0.017712991034686206,0.016485797433943062,-0.4401650618982118,726250.0,0.03418308227114715,-0.01332560834298957,0
2023-12-27,34.76,34.85,33.6,34.06,526500,34.745999999999995,35.471,35.3125,0.9839575221238936,43.010752688172076,0.2414787761150734,0.574345862766889,-0.01332560834298957,0.01767847096503926,0.016729451613801478,1.5872235872235874,541950.0,0.03669994128009395,0.019377568995889494,1
2023-12-28,34.3,34.86,34.2,34.72,120000,34.674,35.273,35.324,0.9815989129203941,48.256624825662485,0.19220488925610368,0.497917668064732,0.019377568995889494,0.018231287001369563,0.017035344692224084,-0.7720797720797721,446000.0,0.019009216589861655,-0.015841013824884675,0
2023-12-29,34.83,35.44,33.0,34.17,1490000,34.456,35.06400000000001,35.3135,0.9757175018052587,40.50279329608938,0.10753497916140731,0.41984113028406705,-0.015841013824884675,0.018426099579291876,0.017409225304525346,11.416666666666666,547050.0,0.07140766754462972,0.06175007316359382,1
2024-01-01,34.05,36.7,34.05,36.28,884500,34.75000000000001,35.004000000000005,35.409,0.9813889124233954,51.64585698070375,0.208291773484234,0.3775312589241005,0.06175007316359382,0.02767235524268282,0.022241618424663347,-0.40637583892617446,522900.0,0.07304299889746432,0.005788313120176358,1
2024-01-02,36.54,38.18,35.5,36.49,603500,35.144000000000005,35.019999999999996,35.489999999999995,0.9902507748661598,51.9729425028185,0.30161072318463056,0.3623471517762066,0.005788313120176358,0.027312772970187936,0.02208673616211577,-0.31769361221028825,537850.0,0.07344477939161413,-0.010413812003288614,0
2024-01-03,36.98,37.0,35.5,36.11,217000,35.554,35.15,35.504000000000005,1.001408292023434,46.60529344073646,0.3409733108623243,0.3580723835934302,-0.010413812003288614,0.023392024660886426,0.02144404202088476,-0.6404308202154101,509800.0,0.04153973968429798,0.015508169482137957,1
2024-01-04,36.04,37.0,35.6,36.67,197500,35.944,35.309000000000005,35.589,1.0099749922728933,52.32690124858118,0.41259957401877756,0.3689778216784997,0.015508169482137957,0.023660442871809236,0.0208700133568773,-0.08986175115207373,469600.0,0.03817834742296151,0.025906735751295207,1
2024-01-05,36.49,39.0,35.56,37.62,671000,36.634,35.545,35.7215,1.0255448399423317,54.04814004376365,0.5397985029986927,0.40314195794253826,0.025906735751295207,0.024597241036830496,0.02149597757412096,2.3974683544303796,527700.0,0.09144072301967034,0.014619883040935866,1
2024-01-08,37.5,38.29,37.44,38.17,536500,37.012,35.881,35.853500000000004,1.0323120476383059,60.065645514223235,0.6771788775214347,0.4579493418583176,0.014619883040935866,0.023689151164423584,0.021456779463329016,-0.20044709388971682,545000.0,0.02226879748493585,-0.0020958868221115923,0
2024-01-09,38.4,38.5,37.7,38.09,152000,37.332,36.23800000000001,35.9585,1.0381968102117718,71.29870129870133,0.770714169497694,0.520502307386193,-0.0020958868221115923,0.023245473764924432,0.02138304350950037,-0.7166821994408201,539850.0,0.02100288789708577,-0.01417694933053315,0
2024-01-10,38.0,38.4,36.99,37.55,448500,37.62,36.587,36.029,1.0441588720197617,65.49560853199498,0.7921368151258505,0.5748292089341245,-0.01417694933053315,0.023342269348038288,0.021723516627809913,1.950657894736842,532050.0,0.037549933422103776,0.011984021304926928,1
2024-01-11,37.85,38.25,37.5,38.0,84000,37.886,36.915,36.094,1.0496481409652574,66.62621359223301,0.8357911749185476,0.6270216021310091,0.011984021304926928,0.023129852151914786,0.021623838302009927,-0.8127090301003345,528450.0,0.019736842105263157,-0.007631578947368434,0
2024-01-12,38.9,39.28,37.0,37.71,442500,37.904,37.269,36.1665,1.0480416960446823,67.94554455445542,0.8373347197713059,0.6690842256590686,-0.007631578947368434,0.022267890089232977,0.02149745918707826,4.267857142857143,423700.0,0.06046141607000798,0.016441262264651257,1
2024-01-15,37.98,40.53,37.6,38.33,381500,37.936,37.474000000000004,36.239,1.0468280029802148,72.65160523186678,0.878460463234056,0.710959473174066,0.016441262264651257,0.013466371919636245,0.021473934170016057,-0.13785310734463274,373400.0,0.07644142968953822,-0.00965301330550472,0
2024-01-16,37.52,38.0,37.51,37.96,10500,37.91,37.620999999999995,36.320499999999996,1.0437631640533582,73.43749999999999,0.8711548723489244,0.7429985530090377,-0.00965301330550472,0.014300925999296044,0.021285374086761337,-0.9724770642201834,314100.0,0.01290832455216022,-0.005268703898840932,0
2024-01-17,38.0,38.0,37.5,37.76,79000,37.952,37.786,36.468,1.0406932104859052,69.33842239185748,0.839549011999047,0.7623086448070395,-0.005268703898840932,0.0138067979374813,0.01869765760336767,6.523809523809524,300300.0,0.013241525423728815,-0.018008474576271194,0
2024-01-18,37.06,38.0,36.5,37.08,122500,37.768,37.827000000000005,36.568,1.0328155764602933,68.21026282853563,0.7509740614457314,0.760041728134778,-0.018008474576271194,0.01488106036495119,0.019319733947173595,0.5506329113924051,292800.0,0.04045307443365696,0.006472491909385258,1
2024-01-19,37.43,38.0,36.85,37.32,177000,37.69,37.797000000000004,36.671,1.027787625098852,58.49673202614376,0.6921649228476028,0.746466367077343,0.006472491909385258,0.012351684204296337,0.019330029944216807,0.4448979591836735,243400.0,0.030814576634512286,0.007770632368703012,1
2024-01-22,37.25,37.67,37.0,37.61,46000,37.54600000000001,37.741,36.811,1.0199668577327432,59.032258064516085,0.6613353706941112,0.7294401678006966,0.007770632368703012,0.01157105740510477,0.018990136063691838,-0.7401129943502824,194350.0,0.017814411060888106,-0.00106354692900823,0
2024-01-23,37.36,37.8,37.11,37.57,45500,37.468,37.689,36.9635,1.013648599293898,62.457337883959035,0.6264536945545487,0.7088428731514671,-0.00106354692900823,0.011568928739721353,0.018809561133621165,-0.010869565217391353,183700.0,0.018365717327654983,-0.009315943571998941,0
2024-01-24,37.5,37.5,37.0,37.22,173500,37.36,37.656,37.1215,1.006424848133831,54.86725663716811,0.5640654446497138,0.6798873874511165,-0.009315943571998941,0.011059273319821282,0.018631131129166766,2.8131868131868134,156200.0,0.013433637829124127,-0.016389038151531365,0
2024-01-25,37.0,37.4,36.0,36.61,289000,37.266,37.517,37.215999999999994,1.0013435081685298,40.489642184557475,0.46009669677954435,0.6359292493168022,-0.016389038151531365,0.011046886236469275,0.018854009595783962,0.6657060518731988,176700.0,0.03824091778202673,-0.009287080032777784,0
2024-01-26,36.61,36.62,36.06,36.27,28500,37.056,37.373,37.321,0.9928994399935693,31.37254901960786,0.3462739262626897,0.5779981847059796,-0.009287080032777784,0.011125069687265477,0.01856738915569213,-0.9013840830449827,135300.0,0.015439757375241111,0.022332506203473823,1
2024-01-29,36.06,37.99,36.01,37.08,92500,36.95,37.248000000000005,37.361000000000004,0.9889992237895131,41.337907375643184,0.3177657849601587,0.5259517047568155,0.022332506203473823,0.01240066408347987,0.013389464549832624,2.245614035087719,106400.0,0.05339805825242729,0.004854368932038833,1
2024-01-30,36.5,37.5,36.5,37.26,27000,36.888,37.178000000000004,37.3995,0.9863233465688043,47.3491773308958,0.3061680584700355,0.4819949754994595,0.004854368932038833,0.012415775763048165,0.013374151836669089,-0.7081081081081081,108050.0,0.026838432635534086,-0.014224369296833128,0
2024-01-31,36.66,37.25,36.5,36.73,49000,36.79,37.074999999999996,37.4305,0.9828882862905918,38.5585585585585,0.2513132236590323,0.43585862513137413,-0.014224369296833128,0.01300363266203044,0.013572915241904735,0.8148148148148149,105050.0,0.02041927579635176,0.019330247753879704,1
2024-02-01,37.17,37.55,37.17,37.44,36500,36.955999999999996,37.111,37.469,0.9863086818436573,47.73869346733665,0.26210999725543616,0.40110889955618656,0.019330247753879704,0.013467481533336911,0.013813618643779111,-0.2551020408163265,96450.0,0.010149572649572529,-0.005876068376068355,0
2024-02-02,37.72,37.72,36.9,37.22,50000,37.146,37.101,37.449,0.9919089962348795,40.0359066427289,0.25003214184229705,0.3708935480134087,-0.005876068376068355,0.013480962341004895,0.012586936478155824,0.36986301369863006,83750.0,0.022031166039763576,0.007522837184309461,1
2024-02-06,37.4,37.7,37.4,37.5,51000,37.23,37.089999999999996,37.415499999999994,0.9950421616709653,45.80291970802919,0.2600562478081585,0.34872608797235866,0.007522837184309461,0.013464928648965356,0.01223455700660207,0.020000000000000018,84250.0,0.008000000000000113,-0.023466666666666747,0
2024-02-07,37.45,37.5,36.2,36.62,146500,37.102,36.995,37.342,0.99357292057201,40.74675324675324,0.19474685792034307,0.3179302419619556,-0.023466666666666747,0.015353684609494177,0.013243991677727593,1.8725490196078431,94350.0,0.03549972692517742,-0.058984161660294854,0
2024-02-12,35.7,35.7,33.87,34.46,548500,36.648,36.719,37.1875,0.98549243697479,32.85340314136127,-0.030948497210225412,0.24815449412751936,-0.058984161660294854,0.0236260377989638,0.018269490281377438,2.744027303754266,131850.0,0.05310504933255965,0.02698781195589084,1
2024-02-13,34.0,35.88,34.0,35.39,90000,36.238,36.596999999999994,37.057,0.9778989124861699,38.415366146458574,-0.13323461878305665,0.17187667154540415,0.02698781195589084,0.025688078998960934,0.019247559575411063,-0.8359161349134002,111950.0,0.053122350946595155,0.01582367900536874,1
2024-02-14,35.75,35.98,35.1,35.95,16500,35.984,36.565000000000005,36.969,0.9733560550731695,40.34883720930234,-0.16718261011467206,0.10406481521338891,0.01582367900536874,0.02623550593209678,0.019684035391079636,-0.8166666666666667,110750.0,0.02447844228094563,-0.0055632823365786566,0
2024-02-15,35.01,35.9,35.01,35.75,81500,35.634,36.432,36.84,0.9672638436482084,39.61187214611871,-0.20782924024496907,0.04168600412171731,-0.0055632823365786566,0.024982899823286372,0.019196170180336824,3.9393939393939394,109650.0,0.02489510489510491,-0.021258741258741165,0
2024-02-16,35.11,35.4,34.27,34.99,121000,35.30800000000001,36.205,36.6915,0.9622937192537784,37.84078516902946,-0.29793324686848166,-0.026237846076322485,-0.021258741258741165,0.025390352810920825,0.019570090370625084,0.48466257668711665,119050.0,0.03229494141183182,0.01171763360960254,1
2024-02-19,34.57,35.45,34.57,35.4,407000,35.495999999999995,36.072,36.5735,0.9705387780770228,43.25529542920846,-0.33242575066903157,-0.08747542699486431,0.01171763360960254,0.025775730125774034,0.019872926220198952,2.3636363636363638,154850.0,0.024858757062146967,-0.0028248587570621764,0
2024-02-20,34.16,35.3,34.16,35.3,405500,35.478,35.858000000000004,36.4845,0.9724129424824242,44.444444444444414,-0.3636386724424625,-0.14270807608438396,-0.0028248587570621764,0.024529143281588447,0.019558184738845064,-0.0036855036855036882,191750.0,0.03229461756373939,0.016997167138810276,1
2024-02-21,35.88,36.39,35.48,35.9,14500,35.467999999999996,35.726,36.4135,0.9740343553901711,43.07511737089202,-0.3360859624650345,-0.1813836533605141,0.016997167138810276,0.025545143986363643,0.019943640417137556,-0.9642416769420469,188200.0,0.025348189415041886,-0.002506963788300731,0
2024-02-22,36.0,36.0,35.55,35.81,64000,35.48,35.557,36.3235,0.976778118848679,41.399762752075944,-0.317848529149785,-0.20867662851836827,-0.002506963788300731,0.02526817803172999,0.01981753822900487,3.413793103448276,189500.0,0.012566322256353053,0.0086567997765985,1
2024-02-23,35.99,36.25,35.99,36.12,13000,35.705999999999996,35.507,36.251,0.9849659319742903,46.28501827040195,-0.2752083916047994,-0.2219829811356545,0.0086567997765985,0.024594843213510555,0.019967047843131643,-0.796875,176150.0,0.007198228128460632,-0.003599114064230191,0
2024-02-26,35.9,36.0,35.53,35.99,24000,35.824,35.660000000000004,36.1895,0.9899003854709237,40.498034076015735,-0.24903496883758436,-0.2273933786760405,-0.003599114064230191,0.014112943122193387,0.019894180123834215,0.8461538461538463,123700.0,0.013059183106418418,-0.0041678243956654315,0
2024-02-27,35.5,35.85,35.32,35.84,32000,35.932,35.705,36.150999999999996,0.9939420762911124,40.87301587301589,-0.2376565325517319,-0.22944600945117882,-0.0041678243956654315,0.011838673317013501,0.019597877116795233,0.33333333333333326,117900.0,0.01478794642857146,-0.004185267857143016,0
2024-02-28,35.5,35.99,35.4,35.69,7474500,35.89,35.678999999999995,36.122,0.9935773213000387,37.819650067294724,-0.237999278680455,-0.23115666329703405,-0.004185267857143016,0.010757949310029765,0.019515676192170067,232.578125,863700.0,0.01653124124404605,0.012608573830204639,1
2024-02-29,35.6,36.3,35.5,36.14,53000,35.955999999999996,35.717999999999996,36.075,0.9967013167013166,46.57142857142859,-0.19965813358267326,-0.22485695735416192,0.012608573830204639,0.011358213604709153,0.019028769476680377,-0.9929092246973041,860850.0,0.022136137244050835,0.021582733812949728,1
2024-03-01,36.3,37.88,36.26,36.92,81500,36.116,35.910999999999994,36.058,1.0016085196072992,71.8861209964413,-0.1051212462999942,-0.2009098151433284,0.021582733812949728,0.0099633953005697,0.019661760808763837,0.5377358490566038,856900.0,0.043878656554713014,-0.018418201516793076,0
2024-03-04,36.5,36.69,35.85,36.24,3433000,36.166000000000004,35.995,36.0335,1.00367713377829,57.914338919925534,-0.08410093579305311,-0.17754803927327334,-0.018418201516793076,0.012164070218782845,0.019839955427932304,41.122699386503065,1159500.0,0.023178807947019764,0.0016556291390728006,1
2024-03-05,35.52,36.43,35.52,36.3,8637500,36.257999999999996,36.095,35.9765,1.0078245521382012,53.59342915811084,-0.061887291540685396,-0.15441588972675577,0.0016556291390728006,0.01203144361345198,0.019297267811825,1.5160209729099914,1982700.0,0.025068870523415887,0.0022038567493114503,1
2024-03-06,36.0,36.7,36.0,36.38,54000,36.396,36.143,35.9345,1.0128428112259806,56.63157894736845,-0.03739640454477211,-0.13101199269035904,0.0022038567493114503,0.010962345492635932,0.01928242683814657,-0.9937481910274963,1986650.0,0.01924134139637171,-0.0041231445849369,0
2024-03-07,35.76,36.45,35.76,36.23,21500,36.414,36.185,35.871,1.0151375763151291,64.97584541062795,-0.029748029781089258,-0.1107592001085051,-0.0041231445849369,0.011037722419228062,0.019188362483086377,-0.6018518518518519,1982400.0,0.01904499033949779,0.007452387524151449,1
2024-03-08,36.47,36.5,36.47,36.5,64500,36.33,36.223,35.865,1.012965286491008,63.74999999999999,-0.0018782429459349714,-0.08898300867599108,0.007452387524151449,0.010953826477465432,0.018564476131221114,2.0,1987550.0,0.0008219178082192092,0.012602739726027323,1
2024-03-11,36.07,37.0,36.07,36.96,25500,36.474000000000004,36.32,35.989999999999995,1.0134481800500141,69.03669724770644,0.05667362130321152,-0.059851682680150564,0.012602739726027323,0.011371636116644086,0.012505214780189709,-0.6046511627906976,1987700.0,0.025162337662337653,-0.02056277056277056,0
2024-03-12,36.25,36.45,36.0,36.2,12500,36.454,36.356,36.0305,1.0117539306976033,53.318584070796504,0.041274955158769444,-0.03962635511236657,-0.02056277056277056,0.013464481987272353,0.012340178766669877,-0.5098039215686274,1985750.0,0.012430939226519415,-0.0008287292817680258,0
2024-03-13,36.0,36.4,36.0,36.17,10000,36.412,36.404,36.0415,1.0102798163228501,54.03587443946187,0.02634694088425249,-0.026431695913042758,-0.0008287292817680258,0.013360027205952365,0.011854091979447135,-0.19999999999999996,1239300.0,0.0110588885816975,-0.00497649986176385,0
2024-03-14,36.1,36.1,35.81,35.99,61000,36.364,36.388999999999996,36.0535,1.0086122013119392,48.498845265588976,-8.021192748230987e-06,-0.021146960968983854,-0.00497649986176385,0.01287169932123241,0.01183934603449351,5.1,1240100.0,0.00805779383161987,0.007224228952486644,1
2024-03-15,36.38,36.38,36.0,36.25,9000,36.314,36.322,36.116499999999995,1.0054684147134967,52.914798206278,8.433639583671493e-05,-0.016900701496019743,0.007224228952486644,0.010786235926954914,0.010760710361466398,-0.8524590163934427,1232850.0,0.010482758620689725,0.003862068965517329,1
2024-03-18,36.35,36.5,36.0,36.39,20000,36.2,36.337,36.166,1.000940109495106,56.179775280898824,0.011323826399475934,-0.011255795916920608,0.003862068965517329,0.009142797283085586,0.010521335209254605,1.2222222222222223,891550.0,0.013740038472107722,0.015388843088760762,1
2024-03-19,36.5,37.0,36.2,36.95,29500,36.35,36.402,36.2485,1.0028001158668636,62.96296296296298,0.06467301285362481,0.003929965837188477,0.015388843088760762,0.010301807976659295,0.010914340492726195,0.4750000000000001,30750.0,0.02165087956698233,-0.017050067658998747,0
2024-03-20,36.8,37.0,36.0,36.32,111500,36.379999999999995,36.396,36.26950000000001,1.0030466369814854,51.78571428571427,0.055477383860676355,0.014239449441886053,-0.017050067658998747,0.011898512907634674,0.011160884851047171,2.7796610169491527,36500.0,0.02753303964757709,0.002753303964757814,1
2024-03-21,36.01,36.5,35.86,36.42,21000,36.466,36.415,36.3,1.004573002754821,44.266055045871575,0.055617818309379174,0.02251512321538468,0.002753303964757814,0.011838795134666614,0.011144766705520065,-0.8116591928251121,36450.0,0.017572762218561244,-0.02855573860516203,0
2024-03-22,36.0,36.0,34.86,35.38,267500,36.292,36.303,36.263,1.0007997132062985,40.88983050847461,-0.027868938955130318,0.01243831078128168,-0.02855573860516203,0.014658666047554267,0.012770114426312854,11.738095238095237,56750.0,0.032221594120972315,0.0011305822498586249,1
2024-03-25,34.95,35.5,34.95,35.42,23000,36.098,36.149,36.2345,0.9962328719866426,40.63829787234051,-0.08977031357598975,-0.008003414090172606,0.0011305822498586249,0.013719476670258536,0.012762395510271416,-0.914018691588785,56500.0,0.015527950310558924,0.0039525691699604515,1
2024-03-26,35.25,35.9,35.0,35.56,34000,35.82000000000001,36.085,36.2205,0.988942725804448,41.38655462184876,-0.12607742687065837,-0.031618216646269764,0.0039525691699604515,0.012608425447313689,0.012776102467201324,0.4782608695652173,58650.0,0.02530933633295834,-0.019685039370078816,0
2024-03-27,34.55,35.38,34.0,34.86,578500,35.528000000000006,35.954,36.179,0.9820061361563339,37.099811676082915,-0.2089268469520036,-0.06707994270741653,-0.019685039370078816,0.013814336374550058,0.013474304780811817,16.014705882352942,115500.0,0.039586919104991465,-0.006024096385542244,0
2024-03-28,34.21,34.9,34.0,34.65,170000,35.174,35.82,36.1045,0.9742275893586672,32.380952380952394,-0.2882085652840942,-0.11130566722275206,-0.006024096385542244,0.013829935414845089,0.013116780618037121,-0.7061365600691443,126400.0,0.025974025974025934,-0.0060606060606061,0
2024-03-29,34.65,34.65,33.71,34.44,65500,34.986000000000004,35.638999999999996,35.9805,0.9723600283486891,24.80000000000001,-0.3637915803273657,-0.1618028498436748,-0.0060606060606061,0.013291518313150024,0.01189855379645398,-0.6147058823529412,132050.0,0.027293844367015034,-0.017421602787456303,0
2024-04-01,34.49,34.5,33.7,33.84,31000,34.67,35.384,35.8605,0.9668019129683078,25.61983471074383,-0.46672651712391655,-0.22278758329972315,-0.017421602787456303,0.013413152352631585,0.011834274981571698,-0.5267175572519084,133150.0,0.02364066193853419,0.051122931442080244,1
2024-04-02,33.74,36.18,33.48,35.57,442000,34.672,35.246,35.824,0.9678427869584636,45.41284403669724,-0.4040490286639695,-0.2590398723725724,0.051122931442080244,0.022059943598966424,0.01698474792628147,13.258064516129032,174400.0,0.07590666291818957,0.016024739949395572,1
2024-04-03,36.98,36.99,35.17,36.14,87500,34.928000000000004,35.227999999999994,35.812,0.975315536691612,51.08225108225107,-0.304868101481226,-0.26820551819430316,0.016024739949395572,0.022294814115239557,0.017393062122654814,-0.8020361990950227,172000.0,0.05035971223021583,0.021306032097398786,1
2024-04-04,36.98,37.2,35.5,36.91,170000,35.38,35.277,35.846,0.9869999442057693,54.43548387096772,-0.16226346506760336,-0.24701710756896322,0.021306032097398786,0.02332315647758782,0.01800886454015422,0.9428571428571428,186900.0,0.04605797886751566,-0.0065023028989432685,0
2024-04-08,36.5,36.99,36.4,36.67,54500,35.826,35.406,35.854499999999994,0.9992051206961471,51.85676392572945,-0.06783232867440603,-0.2111801517900518,-0.0065023028989432685,0.02109317225697337,0.01801941832763961,-0.6794117647058824,165600.0,0.01608944641396246,0.006544859558221816,1
2024-04-09,36.5,37.0,36.15,36.91,169500,36.44,35.555,35.852000000000004,1.0164007586745507,49.72299168975065,0.026070497031660977,-0.16373002202570927,0.006544859558221816,0.021086973465652668,0.017853387509455934,2.110091743119266,180250.0,0.02302898943375783,-0.0016255757247357616,0
2024-04-15,36.37,36.99,36.36,36.85,81500,36.696000000000005,35.684000000000005,35.8845,1.0226142206245037,53.984962406015065,0.09455766250471243,-0.11207248511962492,-0.0016255757247357616,0.02117155186754308,0.01719072384074043,-0.5191740412979351,185000.0,0.017096336499321643,0.0070556309362279634,1
2024-04-16,37.0,37.83,36.4,37.11,448500,36.89,35.909,35.9315,1.026675758039603,55.06607929515419,0.16787885867299934,-0.05608221636110007,0.0070556309362279634,0.019503196671567247,0.017236222233803864,4.5030674846625764,172000.0,0.03853408784694152,-0.032875235785502555,0
2024-04-17,36.0,36.0,35.5,35.89,341000,36.686,36.033,35.9265,1.0211403838392275,53.648068669527895,0.1260891535778086,-0.019647942373318343,-0.032875235785502555,0.02295337128489261,0.018836093676614207,-0.23968784838350055,189100.0,0.013931457230426303,0.009194761772081339,1
2024-04-18,35.5,36.74,35.0,36.22,132000,36.596000000000004,36.211,35.925,1.018677800974252,55.494505494505496,0.11823580453083338,0.007928807007512001,0.009194761772081339,0.022734286307334223,0.01888081544629047,-0.6129032258064516,195750.0,0.04803975704030928,-0.010215350635008225,0
2024-04-19,36.0,36.0,35.5,35.85,35500,36.384,36.412,35.898,1.013538358682935,51.930758988015974,0.08121980964182285,0.022587007534374173,-0.010215350635008225,0.022038212133764595,0.01899628479789949,-0.7310606060606061,196200.0,0.01394700139470014,-0.0326359832635984,0
2024-04-22,36.88,36.88,34.0,34.68,576500,35.95,36.323,35.7845,1.0046249074319888,48.87218045112781,-0.04204024116456395,0.009661557794586547,-0.0326359832635984,0.01863914817379556,0.019886338092595025,15.239436619718308,209650.0,0.08304498269896202,-0.0028835063437140374,0
2024-04-23,34.8,34.8,33.99,34.58,388500,35.444,36.167,35.697500000000005,0.9928986623713144,49.555273189326556,-0.14610962295117247,-0.02149267835456526,-0.0028835063437140374,0.017489038361835633,0.0196091042847076,-0.32610581092801383,239750.0,0.023423944476575916,0.018218623481781382,1
2024-04-24,34.32,35.35,34.32,35.21,167000,35.308,35.997,35.637,0.9907680219996071,54.64414957780461,-0.17572398619764584,-0.05233893992318138,0.018218623481781382,0.017008131484668534,0.020115996741139296,-0.5701415701415702,239450.0,0.029253053109911987,0.011076398750355043,1
2024-04-25,35.02,35.74,34.91,35.6,86500,35.184,35.89,35.648,0.9869838420107718,60.89108910891091,-0.16581245898394315,-0.07503364373533374,0.011076398750355043,0.017681592464617434,0.019243276770965614,-0.48203592814371254,242650.0,0.023314606741573183,0.01797752808988773,1
2024-04-26,35.04,36.74,35.03,36.24,207500,35.262,35.823,35.68900000000001,0.9880355291546413,54.792560801144525,-0.10510328570843086,-0.08104757212995317,0.01797752808988773,0.018694590724301303,0.019637711780698522,1.398843930635838,246450.0,0.04718543046357618,0.013245033112582627,1
2024-04-29,36.24,37.5,36.24,36.72,14702000,35.67,35.809999999999995,35.747,0.9978459730886509,54.20289855072464,-0.018050762079944604,-0.06844821011995146,0.013245033112582627,0.01928087721881608,0.019812248634408107,69.85301204819277,1708500.0,0.034313725490196026,-0.014978213507625182,0
2024-04-30,36.99,36.99,35.75,36.17,333500,35.988,35.716,35.8125,1.0049005235602093,44.46107784431139,0.0064838448891464395,-0.053461799118131884,-0.014978213507625182,0.019617645827601483,0.01957018294928009,-0.9773160114270167,1697000.0,0.034282554603262426,0.017141277301631064,1
2024-05-02,35.51,37.72,35.5,36.79,223000,36.303999999999995,35.806,35.9195,1.010704491989031,50.849858356940494,0.07509091479497698,-0.027751256335510115,0.017141277301631064,0.017209117893953112,0.019753253206503035,-0.33133433283358316,1685200.0,0.060342484370752895,0.00027181299266110237,1
2024-05-03,36.5,37.49,36.5,36.8,56000,36.544,35.864,36.0375,1.0140548040235864,49.194729136163986,0.1287848765184023,0.0035559702352723696,0.00027181299266110237,0.017060683118329912,0.019647718101930483,-0.7488789237668161,1677600.0,0.026902173913043535,-0.015489130434782616,0
2024-05-06,36.89,37.0,36.0,36.23,222000,36.541999999999994,35.902,36.157,1.0106480073014907,45.77656675749315,0.12391507585705597,0.027627791359629093,-0.015489130434782616,0.017545309791627252,0.019543881133708908,2.9642857142857144,1696250.0,0.027601435274634285,-0.00331217223295599,0
2024-05-07,36.45,36.5,35.9,36.11,331000,36.42,36.045,36.184,1.0065222197656425,43.05555555555555,0.10911491777928006,0.04392521664355929,-0.00331217223295599,0.01316716357991205,0.01605640200579433,0.4909909909909911,1671700.0,0.01661589587371923,-0.00304624757684846,0
2024-05-08,36.24,36.25,35.5,36.0,128500,36.386,36.187,36.177,1.0057771512286813,50.903119868637106,0.08750094871231795,0.052640363057311026,-0.00304624757684846,0.01317688770935716,0.015671133546476715,-0.6117824773413898,1645700.0,0.020833333333333332,0.006111111111111178,1
2024-05-09,36.18,36.44,35.7,36.22,317500,36.272,36.288,36.1425,1.0035830393580965,50.0,0.08711962310473353,0.05953621506679553,0.006111111111111178,0.012260946222383,0.014930771831844193,1.4708171206225682,1660750.0,0.020430701270016425,-0.00662617338487026,0
2024-05-10,36.11,36.35,35.8,35.98,171000,36.108,36.326,36.108000000000004,0.9999999999999998,51.11111111111108,0.0666827483625454,0.06096552172594551,-0.00662617338487026,0.01222713005035017,0.01493327135120401,-0.46141732283464565,1669200.0,0.015286270150083499,-0.0052807115063924215,0
2024-05-13,36.17,36.25,35.7,35.79,158000,36.019999999999996,36.28099999999999,36.052,0.9991123932098079,61.39630390143739,0.034754339395163925,0.055723285259789195,-0.0052807115063924215,0.010794359441096985,0.01485930694139447,-0.07602339181286555,1664250.0,0.015367421067337166,0.008661637328862826,1
2024-05-14,35.45,36.75,35.4,36.1,350500,36.017999999999994,36.219,36.014500000000005,1.0000971830790373,64.96062992125991,0.03407248804584384,0.051393125817000125,0.008661637328862826,0.01019362249803704,0.015029393864026757,1.2183544303797467,229100.0,0.03739612188365655,0.0013850415512464131,1
2024-05-15,36.25,36.43,35.86,36.15,586000,36.047999999999995,36.217,35.9665,1.0022659975254748,60.44444444444445,0.03713858755227051,0.048542218164054206,0.0013850415512464131,0.009068487804172918,0.01492414496502517,0.6718972895863053,254350.0,0.015767634854771794,-0.021576763485477213,0
2024-05-16,36.48,36.5,34.52,35.37,3769000,35.878,36.075,35.9405,0.9982610147326831,47.648261758691156,-0.02310465172391929,0.034212844186459514,-0.021576763485477213,0.009192633097523033,0.013836352453339223,5.431740614334471,608950.0,0.055979643765903225,0.0008481764206955678,1
2024-05-17,35.68,35.7,34.81,35.4,97500,35.762,35.935,35.8995,0.9961698630900151,40.1869158878504,-0.06764730754743908,0.013840813839679793,0.0008481764206955678,0.00922338285887277,0.013648770370468211,-0.9741310692491377,613100.0,0.025141242937853123,-0.015254237288135575,0
2024-05-20,35.44,35.5,34.5,34.86,209500,35.576,35.797999999999995,35.85,0.9923570432357043,28.571428571428527,-0.1448514133060712,-0.017897631589470407,-0.015254237288135575,0.009190639351886873,0.013871444885554097,1.1487179487179486,611850.0,0.02868617326448652,0.0011474469305794432,1
2024-05-21,34.98,34.98,34.6,34.9,74000,35.336,35.677,35.861,0.9853601405426509,33.42036553524797,-0.20049734900521088,-0.054417575072618504,0.0011474469305794432,0.009324648791261622,0.011750470866543548,-0.6467780429594272,586150.0,0.010888252148997005,-0.0220630372492836,0
2024-05-22,35.36,35.36,33.99,34.13,604500,34.932,35.489999999999995,35.838499999999996,0.9747059726272027,16.582914572864283,-0.3032342234247096,-0.10418090474303673,-0.0220630372492836,0.011035126590279318,0.012769444008988098,7.168918918918919,633750.0,0.04014063873425131,0.004101963082332238,1
2024-05-23,34.0,34.88,33.7,34.27,400000,34.712,35.295,35.7915,0.9698392076330974,19.221411192214134,-0.3691023247684839,-0.15716518874812618,0.004101963082332238,0.010821211660913006,0.012045450908800822,-0.33829611248966085,642000.0,0.03443244820542748,-0.007878611030055493,0
2024-05-24,34.0,34.45,33.85,34.0,561000,34.432,35.096999999999994,35.711499999999994,0.9641712053540178,20.734908136482943,-0.4380405543139574,-0.21334026186129246,-0.007878611030055493,0.010843360811604691,0.01176423884090726,0.4025000000000001,681000.0,0.017647058823529453,0.013235294117647234,1
2024-05-27,34.0,34.74,33.7,34.45,343211,34.35,34.963,35.622,0.9642917298298804,29.95169082125608,-0.45116263667221546,-0.26090473682347703,0.013235294117647234,0.012374937654416857,0.011376913185645484,-0.38821568627450975,699521.1,0.03018867924528299,0.00609579100145119,1
2024-05-29,34.11,34.8,34.0,34.66,154673,34.302,34.819,35.519,0.9657366479912161,34.198113207547124,-0.4395498791275827,-0.2966337652842982,0.00609579100145119,0.012113074218473132,0.0109619796093917,-0.5493355399448152,679938.4,0.02308136180034614,-0.002596653202538879,0
2024-05-30,34.6,34.6,34.2,34.57,81423,34.39,34.661,35.439,0.9703998419819972,29.92700729927006,-0.4326219365598263,-0.3238313995394038,-0.002596653202538879,0.011981268364119679,0.010582578653928858,-0.4735797456569666,629480.7,0.011570726063060416,0.022273647671391394,1
2024-05-31,34.25,35.79,34.25,35.34,202520,34.604,34.658,35.3665,0.9784400491991008,43.10344827586213,-0.36083939538497134,-0.33123299870851736,0.022273647671391394,0.012976872039207804,0.011124769770284156,1.4872579001019366,272832.7,0.04357668364459533,-0.003112620260328436,0
2024-06-03,34.83,35.5,34.83,35.23,521060,34.85,34.641,35.288,0.9875878485604173,43.85964912280699,-0.30926231161111417,-0.3268388612890368,-0.003112620260328436,0.013008209432045835,0.011114937388758633,1.5728816906972152,315188.7,0.019017882486517222,-0.01617939256315637,0
2024-06-04,34.9,35.89,34.07,34.66,666041,34.892,34.621,35.209500000000006,0.9909825473238756,35.06224066390037,-0.3107986441346,-0.32363081785814946,-0.01617939256315637,0.01312828772404193,0.01115962062413406,0.278242428894945,360842.8,0.05251009809578767,0.015002885170225078,1
2024-06-05,34.56,36.44,34.2,35.18,1483219,34.996,34.649,35.163,0.995250689645366,40.831758034026485,-0.26697897709021134,-0.3123004497045619,0.015002885170225078,0.014021925159316797,0.011793008835474995,1.2269184629775043,501764.7,0.0636725412166002,-0.004263786242183043,0
2024-06-06,35.35,35.35,34.75,35.03,437062,35.088,34.739,35.1145,0.9992453260049268,46.35193133047214,-0.24157064562136554,-0.2981544888879226,-0.004263786242183043,0.011726709938763732,0.011805972249031176,-0.7053287478113481,485020.9,0.017128175849272093,-0.017128175849272065,0
2024-06-07,34.43,34.69,33.5,34.43,176732,34.90599999999999,34.755,35.025,0.9966024268379727,40.72657743785852,-0.2667741392497973,-0.2918784189602976,-0.017128175849272065,0.013259779151933949,0.012176150231690447,-0.5956363170442638,462694.1,0.034562881208248554,0.03078710426953246,1
2024-06-10,34.93,36.0,34.1,35.49,381835,34.958,34.904,35.0005,0.9987857316324051,55.47826086956523,-0.19892190047720248,-0.27328711526367855,0.03078710426953246,0.015904339446945092,0.014207059592218206,1.1605311997827217,444777.6,0.05353620738236119,-0.013806706114398493,0
2024-06-11,34.62,35.49,34.62,35.0,180214,35.025999999999996,34.959,34.961,1.0018592145533594,50.80645161290324,-0.18258271738783094,-0.255146235688509,-0.013806706114398493,0.016524204245535037,0.01448051046240895,-0.5280317414590072,428477.9,0.024857142857142987,0.01571428571428557,1
2024-06-12,35.45,36.0,34.5,35.55,589570,35.1,35.048,34.933499999999995,1.0047661986345486,61.87290969899659,-0.12382600451281434,-0.2288821894533701,0.01571428571428557,0.017078677180463683,0.014810696681076208,2.2714994395551953,471967.6,0.042194092827004225,0.021097046413502074,1
2024-06-13,35.02,36.6,34.51,36.3,1189552,35.354,35.221,34.940999999999995,1.0118199250164563,65.40212443095592,-0.016551360470991483,-0.1864160236568944,0.021097046413502074,0.017891198300771904,0.015589590708389117,1.0176603287141477,582780.5,0.057575757575757676,-0.003581267217630746,0
2024-06-14,35.76,36.7,35.5,36.17,331979,35.702,35.303999999999995,34.981,1.020611188931134,66.8217054263566,0.05731397443894082,-0.13767002403772735,-0.003581267217630746,0.016968118858355297,0.01475618087672308,-0.7209209853793697,595726.4,0.0331766657450927,-0.015205971799834184,0
2024-06-20,35.65,36.4,35.03,35.62,1726664,35.727999999999994,35.343,34.992000000000004,1.0210333790580701,58.93129770992362,0.07065788099870218,-0.09600444303044145,-0.015205971799834184,0.01781849926212734,0.015207344102448889,4.201124167492522,716286.8,0.038461538461538394,-0.004211117349803395,0
2024-06-21,35.98,35.98,35.15,35.47,421633,35.822,35.424,35.0225,1.0228281818830751,56.240369799691834,0.0683414786623544,-0.06313525869188227,-0.004211117349803395,0.01689628329217771,0.014803426959831258,-0.7558106267345587,691846.0,0.023400056385677992,-0.012968705948689041,0
2024-06-24,35.25,35.49,35.0,35.01,4756685,35.714,35.407,35.028000000000006,1.0195843325339726,53.20699708454808,0.029052656562221557,-0.04469767564106151,-0.012968705948689041,0.016900837207403707,0.015127562845465336,10.281576631810129,1019192.6,0.013996001142530762,0.006855184233076406,1
2024-06-25,35.45,35.45,34.21,35.25,136752,35.504000000000005,35.429,35.084,1.0119712689545093,49.28909952606632,0.017085030625509035,-0.032341134387747404,0.006855184233076406,0.01698080007183679,0.014236834133394426,-0.9712505663082588,989161.6,0.035177304964539066,0.013333333333333197,1
2024-06-26,35.0,36.0,34.76,35.72,596174,35.414,35.558,35.1565,1.0073243923598765,53.66218236173394,0.04500686180757185,-0.016871535148683555,0.013333333333333197,0.0161270444481816,0.014466209418687878,3.3595267345267343,1031105.8,0.034714445688689866,0.0036394176931691113,1
2024-06-27,35.5,36.0,35.0,35.85,176262,35.459999999999994,35.594,35.249,1.0059859854180258,59.520000000000024,0.07674041202932358,0.0018508542869178704,0.0036394176931691113,0.013075965892625309,0.014272965850848652,-0.7043447047338529,1010548.5,0.02789400278940028,0.0016736401673638213,1
2024-06-28,35.32,36.9,35.32,35.91,190493,35.547999999999995,35.684999999999995,35.321999999999996,1.0063982786931658,56.30397236614851,0.10551467032808404,0.022583617495151104,0.0016736401673638213,0.011987954345602696,0.014058418532897578,0.08073776537200295,1011576.4,0.04399888610414922,0.0008354218880535225,1
2024-07-01,36.43,36.43,35.38,35.94,300550,35.733999999999995,35.724,35.386,1.0098343977844344,58.02469135802466,0.12924932090029984,0.04391675817618085,0.0008354218880535225,0.011072587716288423,0.01403030297062793,0.5777482637157272,982674.4,0.02921535893155251,-0.008347245409014992,0
2024-07-02,35.95,36.49,35.41,35.64,479452,35.812,35.658,35.439499999999995,1.0105108706386943,61.26629422718809,0.12244029418735636,0.05962146537841595,-0.008347245409014992,0.008874693888134732,0.01418554104955192,0.5952487106970554,911664.4,0.030303030303030453,-0.0008417508417508657,0
2024-07-03,35.5,36.49,35.35,35.61,6049165,35.79,35.602,35.452999999999996,1.0095055425492907,51.38248847926265,0.1133170932676748,0.07036059095626773,-0.0008417508417508657,0.008855783586156093,0.01333011830131824,11.616831299066433,1483383.0,0.03201347935973043,0.008143779837124443,1
2024-07-04,35.56,35.99,35.25,35.9,224272,35.8,35.63,35.4865,1.008834345455314,60.869565217391305,0.12801182652698628,0.08189083807041145,0.008143779837124443,0.00787091939475927,0.013408535123903099,-0.962925130989153,1333143.8,0.020612813370473593,-0.009470752089136392,0
2024-07-05,35.37,36.0,35.0,35.56,409893,35.730000000000004,35.639,35.5315,1.005586592178771,50.127226463104385,0.1109434628238617,0.0877013630211015,-0.009470752089136392,0.008401658539389885,0.013034114504001776,0.8276601626596276,1331969.8,0.028121484814398197,-0.01265466816647931,0
2024-07-08,35.25,35.5,32.7,35.11,342606,35.564,35.648999999999994,35.528,1.0010132852961044,33.60881542699725,0.06040906433481297,0.0822429032838438,-0.01265466816647931,0.008347022615749895,0.012977849284675375,-0.16415747524353919,890561.9,0.07974935915693526,0.030190828823696947,1
2024-07-09,35.11,36.7,35.1,36.17,995167,35.67,35.741,35.585,1.0023886469017844,50.0,0.10468656905894846,0.08673163643886474,0.030190828823696947,0.012571195598324496,0.014573585544623673,1.9046981080307992,976403.4,0.044235554326790195,0.02764722145424381,1
2024-07-10,36.46,39.5,35.71,37.17,2811194,35.982,35.886,35.721999999999994,1.0072784278595825,65.46906187624755,0.2179559922011194,0.11297650759131568,0.02764722145424381,0.014577561213514351,0.01496253996286047,1.824846483052593,1197905.4,0.10196394942157651,0.015065913370998052,1
2024-07-11,37.58,38.34,37.0,37.73,575722,36.348,36.074,35.833999999999996,1.014343919182899,70.84870848708488,0.3488883779426928,0.16015888166159112,0.015065913370998052,0.014981288317270346,0.01384953220691896,-0.7952037461662198,1237851.4,0.0355155049032601,0.016432547044792134,1
2024-07-12,38.25,39.0,36.01,38.35,842616,36.906,36.318,36.0015,1.025123953168618,79.92831541218642,0.49695348497164105,0.22751780232360114,0.016432547044792134,0.015315888205062597,0.013547636444849274,0.46358138129166515,1303063.7,0.0779661016949153,0.004693611473272519,1
2024-07-15,39.0,39.9,37.8,38.53,2598589,37.59,36.577000000000005,36.1505,1.0398196428818414,79.71014492753626,0.6216545974875274,0.3063451613563864,0.004693611473272519,0.015199892687545343,0.013296465508004871,2.0839540193872415,1532867.6,0.05450298468725672,-0.021541655852582386,0
2024-07-18,38.98,39.6,37.25,37.7,2730987,37.896,36.783,36.2205,1.0462583343686587,66.8367346938776,0.6460596902280358,0.3742880671307163,-0.021541655852582386,0.01713760533890617,0.013837797016594931,0.05094995784250611,1758021.1,0.06233421750663133,0.0023872679045091605,1
2024-07-19,37.8,38.49,36.9,37.79,3433864,38.02,37.001,36.3015,1.0473396416126057,66.6095890410959,0.6649974729708532,0.4324299482987437,0.0023872679045091605,0.01702933800651101,0.013775669856759062,0.25737105302954566,1496491.0,0.04207462291611547,-0.01931727970362518,0
2024-07-22,37.9,38.35,36.94,37.06,2609063,37.886,37.117,36.3735,1.0415824707548078,58.832565284178244,0.6140228301286612,0.4687485246647272,-0.01931727970362518,0.01878490413298593,0.014077742426650986,-0.2401961755037474,1734970.1,0.03804641122504057,0.0016189962223420729,1
2024-07-23,37.1,37.7,36.5,37.12,673146,37.64,37.272999999999996,36.455999999999996,1.0324775071318852,59.021406727828776,0.571874345507247,0.4893736888332312,0.0016189962223420729,0.01826450283533101,0.01400082841707127,-0.7419970311180681,1761295.4,0.03232758620689663,-0.01966594827586199,0
2024-07-24,37.35,37.35,36.0,36.39,1081638,37.212,37.401,36.525,1.0188090349075976,55.38020086083215,0.4741013237040619,0.48631921580739734,-0.01966594827586199,0.01910920082251073,0.01445954159920592,0.60684012086531,1835198.6,0.03709810387469089,-0.010442429238801898,0
2024-07-25,36.06,36.38,35.65,36.01,597078,36.874,37.385000000000005,36.563,1.00850586658644,52.732240437158474,0.36178227444282385,0.4614118275344827,-0.010442429238801898,0.017074181073291818,0.014671744995704459,-0.4479872193839344,1795389.7,0.020272146625937352,-0.01305193001943905,0
2024-07-26,35.5,36.28,35.25,35.54,212074,36.42399999999999,37.221999999999994,36.554,0.9964436176615415,47.599999999999994,0.2321672669083199,0.41556291540925017,-0.01305193001943905,0.014293278541270573,0.014706599522689068,-0.6448135754457542,1535477.7,0.02898142937535175,0.010410804727068124,1
2024-07-29,35.16,36.49,35.16,35.91,1319050,36.194,37.040000000000006,36.557,0.9900703011735099,52.32403718459492,0.1574869360262099,0.36394771953264216,0.010410804727068124,0.013650877839814246,0.014875410727258558,5.219762912945481,1609810.5,0.03703703703703719,-0.0008354218880533004,0
2024-07-30,36.01,36.35,35.6,35.88,104531,35.946000000000005,36.793,36.5555,0.9833267223810371,55.41490857946558,0.0947888199672704,0.3101159396195678,-0.0008354218880533004,0.011597666325316905,0.014872804812682768,-0.9207528145256055,1536002.0,0.020903010033444816,-0.0005574136008918984,0
2024-07-31,35.99,36.45,35.6,35.86,345931,35.839999999999996,36.525999999999996,36.5515,0.9805343145972121,47.44645799011529,0.04299070829753049,0.2566908933551604,-0.0005574136008918984,0.011140673778707482,0.014872257890303215,2.3093627727659736,1310736.2,0.02370329057445626,0.001115448968209698,1
2024-08-01,35.38,36.0,35.22,35.9,2025737,35.818,36.346,36.564499999999995,0.9795840227543109,37.57338551859091,0.005109102763725559,0.2063745352368734,0.001115448968209698,0.010135781695753751,0.01474291243459967,4.855899008761863,1240211.2,0.021727019498607274,0.025905292479108555,1
2024-08-02,36.22,37.4,35.01,36.83,297539,36.076,36.24999999999999,36.6255,0.9849967918526709,41.7883211678832,0.04955959298351331,0.1750115467862014,0.025905292479108555,0.013992237628742778,0.01579369272718508,-0.8531206173358141,926578.7,0.06489275047515614,-0.0505023079011675,0
2024-08-05,36.5,36.52,34.63,34.97,310830,35.888,36.041,36.579,0.9811093796987341,24.851190476190368,-0.06455537442814574,0.12709816254333198,-0.0505023079011675,0.020241096536422958,0.019551724639288268,0.04466977438251796,696755.4,0.05404632542179012,0.009722619388047082,1
2024-08-06,35.48,35.7,34.18,35.31,136587,35.774,35.86,36.5665,0.9783271573708177,26.598837209302275,-0.1261035070221368,0.07645782863023823,0.009722619388047082,0.020718825964041454,0.01959170975990958,-0.5605733037351607,643099.5,0.04304729538374407,-0.00453129425092047,0
2024-08-07,35.49,35.9,34.82,35.15,2366624,35.632,35.736,36.5685,0.9743905273664492,29.468599033816346,-0.18565143418810948,0.02403597606656869,-0.00453129425092047,0.020053536543098095,0.019402527996106998,16.32686126790983,771598.1,0.030725462304409625,0.013371266002844884,1
2024-08-08,35.68,35.98,35.11,35.62,203169,35.576,35.696999999999996,36.541,0.9735913083933118,33.53566009104699,-0.19269722972626369,-0.01931066509199779,0.013371266002844884,0.020516646584132513,0.018373098398894484,-0.9141523959868573,732207.2,0.024424480628860122,-0.011229646266142534,0
2024-08-09,35.95,35.95,34.53,35.22,95115,35.254000000000005,35.665000000000006,36.4435,0.9673604346454101,35.30351437699676,-0.2279302919886277,-0.06103459047132377,-0.011229646266142534,0.020404460426704317,0.017249053506430533,-0.5318429484813136,720511.3,0.040318001135718394,-0.023850085178875546,0
2024-08-12,35.69,35.69,34.16,34.38,198030,35.136,35.512,36.275999999999996,0.9685742639761827,30.539772727272734,-0.31994559385243093,-0.1128167911475452,-0.023850085178875546,0.021190350002446286,0.01735224250551079,1.0820059927456236,608409.3,0.044502617801047153,0.030541012216404706,1
2024-08-13,34.01,36.0,34.01,35.43,299007,35.160000000000004,35.467,36.13,0.9731525048436203,43.478260869565204,-0.30463056717760395,-0.15117954635355696,0.030541012216404706,0.02388544334564054,0.01849675333665166,0.5099075897591274,627856.9,0.056167090036692124,0.0019757267852102967,1
2024-08-15,35.43,35.5,35.04,35.5,75506,35.230000000000004,35.431,35.978500000000004,0.9791959086676766,46.38297872340427,-0.28357599565541136,-0.17765883621392786,0.0019757267852102967,0.023904101637185014,0.018441060465741933,-0.747477483804727,600814.4,0.012957746478873263,0.027605633802816776,1
2024-08-16,35.75,36.5,35.26,36.48,610954,35.402,35.489,35.9175,0.98564766478736,56.21693121693121,-0.18567197528155788,-0.17926146402745388,0.027605633802816776,0.025545054358239297,0.019227625222230083,7.09146293009827,459336.1,0.033991228070175496,-0.01425438596491213,0
2024-08-19,36.02,36.9,35.51,35.96,78095,35.55,35.402,35.826,0.9922960978060625,50.324254215304826,-0.14833210774897765,-0.17307559277175866,-0.01425438596491213,0.024486831744947528,0.019411284902515178,-0.8721753192548047,437391.7,0.03865406006674084,-0.009733036707452736,0
2024-08-20,36.1,36.48,35.6,35.61,24654,35.796,35.465999999999994,35.7535,1.001188694813095,48.31880448318802,-0.14530705930893362,-0.16752188607919366,-0.009733036707452736,0.018095259802581788,0.01908458116061204,-0.6843075741084577,408774.1,0.024712159505756684,-0.0075821398483570945,0
2024-08-21,36.0,36.5,35.03,35.34,73258,35.778,35.469,35.664500000000004,1.0031824363162247,46.85990338164253,-0.16281954774697027,-0.16658141841274898,-0.0075821398483570945,0.018098054495684964,0.01910822075700485,1.971444795976312,402441.2,0.041595925297113714,-0.0028296547821166085,0
2024-08-22,35.87,36.0,35.2,35.24,84500,35.726,35.478,35.607,1.0033420394866177,46.04316546762592,-0.18266187290215896,-0.16979750931063098,-0.0028296547821166085,0.018056250853721697,0.018667726139522188,0.1534576428512926,174228.8,0.022701475595913654,0.0002837684449488176,1
2024-08-23,35.84,35.84,35.2,35.25,41920,35.480000000000004,35.441,35.569,0.9974978211363829,39.35309973045821,-0.19532851656617822,-0.17490371076174044,0.0002837684449488176,0.01747672647354864,0.018549109094881562,-0.503905325443787,158103.9,0.018156028368794343,-0.015035460992907868,0
2024-08-26,35.9,35.9,34.5,34.72,4360009,35.232,35.391,35.528,0.9916685431209187,47.94745484400657,-0.24530576141330585,-0.18898412089205352,-0.015035460992907868,0.01776553948468176,0.018622651097760574,103.00784828244275,584593.3,0.04032258064516125,-0.0005760368663593196,0
2024-08-27,35.79,36.0,34.6,34.7,254597,35.05,35.423,35.4675,0.9882286600408824,44.714038128249555,-0.2832616568187305,-0.20783962807738893,-0.0005760368663593196,0.015908817250388455,0.018429363155828816,-0.9416063131979774,590250.0,0.04034582132564837,-0.01037463976945241,0
2024-08-28,35.0,35.0,34.21,34.34,86065,34.85,35.314,35.3905,0.9847275398765205,43.216080402010064,-0.33848907735781353,-0.23396951793347387,-0.01037463976945241,0.012339421872659401,0.018533049592028457,-0.6619559539193314,568955.8,0.023005241700640625,-0.0002912055911474809,0
2024-08-29,35.0,35.0,34.25,34.33,20361,34.668,35.196999999999996,35.314,0.9817069717392536,38.29401088929216,-0.37869871934874055,-0.26291535821652723,-0.0002912055911474809,0.012257342189004549,0.01853425597576685,-0.7634229942485331,563441.3,0.021846781240897176,0.0002912904165455199,1
2024-08-30,34.99,35.48,34.32,34.34,15667,34.486000000000004,34.983000000000004,35.236000000000004,0.9787149506186854,41.40625000000003,-0.4050886243917944,-0.2913500114515807,0.0002912904165455199,0.006114431879469417,0.018527848306224934,-0.23053877510927756,503912.6,0.0337798485730925,0.026208503203261513,1
2024-09-02,35.25,36.75,34.8,35.24,893878,34.59,34.911,35.1565,0.9838863368082716,58.30115830115831,-0.3493532095464147,-0.3029506510705475,0.026208503203261513,0.01126857062770815,0.018552039115700095,56.05482862066764,585490.9,0.0553348467650398,-0.0011350737797957144,0
2024-09-03,35.88,35.89,35.1,35.2,120919,34.69,34.870000000000005,35.168,0.9864080982711555,47.24220623501202,-0.3048955117667447,-0.30333962320978697,-0.0011350737797957144,0.01093292916247057,0.014635399340327909,-0.8647253875808556,595117.4,0.022443181818181793,0.01676136363636349,1
2024-09-04,35.0,36.25,35.0,35.79,69788,34.980000000000004,34.915,35.192,0.993975903614458,53.091684434968016,-0.2195238623750697,-0.2865764710428435,0.01676136363636349,0.01198938386405695,0.014951857667679905,-0.4228533150290691,594770.4,0.034925956971221014,-0.035205364626990754,0
2024-09-05,34.5,34.9,34.0,34.53,78055,35.02,34.844,35.161,0.9959898751457581,30.382293762575472,-0.2506483665568098,-0.2793908501456368,-0.035205364626990754,0.016688112503000153,0.016963340322788636,0.11845876081847884,594125.9,0.02606429192006946,-0.01476976542137265,0
2024-09-06,35.29,35.29,33.75,34.02,3784,34.956,34.721,35.081,0.9964368176505801,30.44354838709677,-0.31286103089798445,-0.28608488629610634,-0.01476976542137265,0.01714130706665493,0.01689709954080854,-0.9515213631413747,590312.3,0.045267489711934124,0.0029394473838917357,1
2024-09-09,34.85,35.0,33.57,34.12,58843,34.732,34.661,35.025999999999996,0.9916062353680124,34.18259023354558,-0.3500605709841125,-0.2988800232337076,0.0029394473838917357,0.016724462947916473,0.016793535828855413,14.550475687103594,160195.7,0.041910902696365764,0.007620164126612039,1
2024-09-10,34.73,34.73,33.65,34.38,50991,34.568,34.629,35.025999999999996,0.9869239993147948,39.78723404255317,-0.3544754748010561,-0.3099991135471773,0.007620164126612039,0.0169799306942764,0.016041908988101,-0.1334398314158014,139835.1,0.031413612565444976,0.00029086678301326607,1
2024-09-11,34.49,34.5,33.86,34.39,75802,34.288000000000004,34.634,34.974000000000004,0.9803854291759593,40.780911062906696,-0.35309711767984453,-0.31861871437371075,0.00029086678301326607,0.01664300983286993,0.014360899259225188,0.4865760624423918,138808.8,0.018610061064262884,-0.009305030532131386,0
2024-09-12,34.75,34.75,34.01,34.07,2705,34.196000000000005,34.608000000000004,34.902499999999996,0.9797578969987826,38.0081300813008,-0.37352037500448176,-0.329599046499865,-0.009305030532131386,0.016918654319852275,0.014443025379039676,-0.9643149257275534,137043.2,0.021719988259465865,0.02377458174346936,1
2024-09-13,34.26,37.21,34.26,34.88,1946099,34.368,34.662,34.822500000000005,0.9869480939048029,51.538461538461576,-0.32064947547245026,-0.3278091322943821,0.02377458174346936,0.018606369922460578,0.014050414226477287,718.445101663586,330086.4,0.08457568807339456,-0.010894495412844152,0
2024-09-16,34.99,35.73,34.5,34.5,37838,34.444,34.588,34.7495,0.9912085065972174,48.20143884892084,-0.30588567127531263,-0.3234244400905682,-0.010894495412844152,0.01679086317769639,0.01391747856912,-0.9805570014680651,244482.4,0.035652173913043386,-0.006956521739130528,0
2024-09-18,34.5,34.85,34.13,34.26,74735,34.42,34.494,34.682,0.9924456490398478,49.26470588235289,-0.3099780107644392,-0.32073515422534243,-0.006956521739130528,0.016858618484748115,0.013849735224566066,0.9751308208679106,239864.0,0.021015761821365993,0.0020431990659661725,1
2024-09-19,34.25,34.9,34.03,34.33,411415,34.408,34.348,34.6315,0.9935463378715909,50.0,-0.3040677011247013,-0.31740166360521427,0.0020431990659661725,0.015576702561325142,0.013806841949978572,4.504984277781495,274026.7,0.02534226623944065,-0.00407806583163417,0
2024-09-20,34.89,34.89,33.9,34.19,83486,34.432,34.314,34.57899999999999,0.9957488649180141,48.66785079928947,-0.30714004883004264,-0.31534934065017994,-0.00407806583163417,0.011135155964565577,0.013816663973445165,-0.7970759452134706,274569.8,0.02895583503948529,-0.00555718046212339,0
2024-09-23,34.51,34.51,34.0,34.0,59140,34.256,34.312,34.51649999999999,0.9924528848521723,37.3983739837398,-0.3212036825156446,-0.31652020902327294,-0.00555718046212339,0.010205529194694122,0.01384045655269618,-0.29161775627051245,280105.4,0.014999999999999942,-0.030000000000000138,0
2024-09-24,34.0,34.0,32.75,32.98,98716,33.952,34.198,34.429500000000004,0.9861310794522138,31.18644067796606,-0.4099292794771259,-0.3352020231140435,-0.030000000000000138,0.013821978572057721,0.014957997104806735,0.6691917483936423,284092.7,0.037901758641600974,0.0033353547604610956,1
2024-09-25,33.64,33.64,32.98,33.09,62464,33.718,34.069,34.349000000000004,0.9816297417683193,25.092250922509308,-0.46599714855546637,-0.3613610482023281,0.0033353547604610956,0.013508484037896173,0.015009416697856876,-0.36723530126828474,285240.0,0.019945602901178715,-0.012088244182532626,0
2024-09-26,33.91,33.91,32.6,32.69,35615,33.39,33.898999999999994,34.26649999999999,0.9744210818146005,29.82456140350881,-0.5365232893028207,-0.39639349642242666,-0.012088244182532626,0.013664893464896027,0.015062941295420195,-0.42983158299180324,281221.3,0.04007341694707847,-0.025084123585194185,0
2024-09-27,33.47,33.47,31.75,31.87,283666,32.926,33.678999999999995,34.1435,0.964341675575146,27.926078028747483,-0.6510776925743684,-0.447330335652815,-0.025084123585194185,0.015060500209357031,0.01588242823206514,6.964790116523937,309317.4,0.05396925007844364,0.017257609036711585,1
2024-09-30,31.99,32.43,31.5,32.42,23733,32.61,33.433,34.0475,0.9577795726558485,34.022556390977556,-0.6895339607492375,-0.49577106067209953,0.017257609036711585,0.013680219835851652,0.016540158503666733,-0.9163347034893149,117080.8,0.028685996298581113,0.03948180135718693,1
2024-10-01,32.93,35.5,32.3,33.7,686289,32.754000000000005,33.352999999999994,33.9705,0.96418951737537,44.63722397476342,-0.6096973166041906,-0.5185563118585178,0.03948180135718693,0.019989792565323333,0.01796762065902258,27.917077487043358,181925.9,0.0949554896142434,-0.018100890207715103,0
2024-10-02,33.33,33.99,33.0,33.09,35428,32.754000000000005,33.236000000000004,33.864999999999995,0.9671932673852063,40.634005763688805,-0.5888600903754053,-0.5326170675618953,-0.018100890207715103,0.020588316577842873,0.018317820379309936,-0.9483774328307754,177995.2,0.02991840435176796,-0.0018132366273799772,0
2024-10-03,34.49,34.49,33.0,33.03,75768,32.822,33.106,33.727,0.9731668989237111,42.215568862275475,-0.5706102967160973,-0.5402157133927358,-0.0018132366273799772,0.020513529542972416,0.017728471130620278,1.1386473975386702,144430.5,0.045110505600968874,0.014229488343929786,1
2024-10-04,34.79,34.79,33.03,33.5,12787,33.148,33.037,33.6755,0.9843357930839929,39.11671924290223,-0.5123164663936635,-0.5346358639929213,0.014229488343929786,0.02127533368627634,0.01653343839591742,-0.8312348220884807,137360.6,0.05253731343283576,0.002089552238806025,1
2024-10-07,33.16,34.37,33.16,33.57,14712,33.378,32.994,33.653000000000006,0.9918283659703442,42.28855721393037,-0.45522225213655787,-0.5187531416216487,0.002089552238806025,0.021264060613192616,0.01624225123497649,0.15054352076327526,132917.8,0.03604408698242481,0.0008936550491509543,1
2024-10-08,33.58,33.95,33.58,33.6,14651,33.358000000000004,33.056,33.627,0.9920004758081304,44.329896907216536,-0.4029094375233129,-0.4955844008019815,0.0008936550491509543,0.01868114479969388,0.016225613460237626,-0.004146275149537804,124511.3,0.011011904761904896,-0.017857142857142905,0
2024-10-09,34.51,34.51,32.76,33.0,90584,33.339999999999996,33.047000000000004,33.55800000000001,0.9935037844925201,39.52755905511815,-0.4051953014300409,-0.47750658092759346,-0.017857142857142905,0.019690181108874025,0.01653979001787672,5.182786157941438,127323.3,0.05303030303030303,-0.028484848484848446,0
2024-10-10,33.44,33.44,31.75,32.06,236148,33.146,32.984,33.4415,0.9911636738782651,35.104895104895164,-0.47735436515833385,-0.4774761377737416,-0.028484848484848446,0.02140730306774872,0.017557882646487392,1.6069504548264595,147376.6,0.052713661883967484,0.013724266999376011,1
2024-10-11,32.47,32.6,32.01,32.5,18796,32.946000000000005,33.047000000000004,33.363,0.9875011239996405,39.864864864864884,-0.4933495932627423,-0.48065082887154176,0.013724266999376011,0.02018786176836162,0.017899015216864485,-0.9204058471805817,120889.6,0.01815384615384626,-0.0003076923076922311,0
2024-10-14,32.02,32.79,32.0,32.49,203850,32.730000000000004,33.054,33.2435,0.98455337133575,46.165884194053255,-0.5010569703444077,-0.48473205716611495,-0.0003076923076922311,0.019478233250427728,0.01683795684754832,9.84539263673122,138901.3,0.024315173899661407,-0.005847953216374435,0
2024-10-15,32.8,32.8,32.25,32.3,14831,32.470000000000006,32.914,33.133500000000005,0.9799749498241961,43.89489953632144,-0.5165421578546017,-0.4910940773038123,-0.005847953216374435,0.013822165000494277,0.016757488815014963,-0.9272455236693647,71755.5,0.017027863777089695,0.028792569659442657,1
2024-10-16,32.01,33.99,32.01,33.23,244288,32.516000000000005,32.928,33.082,0.9828909981258692,53.857142857142854,-0.4485998727659535,-0.4825952363962406,0.028792569659442657,0.016295601911942986,0.018177235523792676,15.471444946396062,92641.5,0.0595847126090883,-0.0033102618116159777,0
2024-10-17,34.0,34.78,32.75,33.12,534545,32.727999999999994,32.937,33.021499999999996,0.9911118513695623,59.9364069952305,-0.39903141723763014,-0.46588247256451853,-0.0033102618116159777,0.01632648852000224,0.018163761925717045,1.188175432276657,138519.2,0.061292270531401,-0.003925120772946711,0
2024-10-18,33.45,33.49,32.53,32.99,183058,32.826,32.886,32.9615,0.9958891433945664,54.85519591141397,-0.3660187364990506,-0.445909725351425,-0.003925120772946711,0.015610525092407825,0.018162711945474287,-0.6575442666192743,155546.3,0.029099727190057618,0.04122461351924822,1
2024-10-21,33.39,34.75,32.2,34.35,181686,33.198,32.964000000000006,32.979,1.006640589466024,55.46218487394957,-0.22749291841043373,-0.40222636396322675,0.04122461351924822,0.020673507861688693,0.020493050437842754,-0.007494892329207081,172243.7,0.07423580786026192,0.008442503639010113,1
2024-10-22,34.5,35.0,34.4,34.64,1606426,33.666,33.068,33.062,1.0182687072772367,63.76554174067494,-0.0932348795272091,-0.34042806707602324,0.008442503639010113,0.02074642584369242,0.01922456938516969,7.8417709674933676,331421.2,0.017321016166281795,0.025692840646651227,1
2024-10-23,34.01,35.95,34.01,35.53,1060371,34.126,33.321,33.184,1.028387174541948,69.34984520123841,0.0840126994214998,-0.25553991377651863,0.025692840646651227,0.02039244015554624,0.01990554735015354,-0.3399191746149527,428399.9,0.05460174500422192,0.099915564311849,1
2024-10-24,35.98,39.08,35.75,39.08,3096321,35.318,34.023,33.5035,1.0541585207515631,79.24528301886794,0.5051153587183919,-0.10340885927753656,0.099915564311849,0.03216972609267296,0.028926407061245506,1.920035534732655,714417.2,0.08520982599795288,0.0670419651995906,1
2024-10-25,41.0,42.49,40.12,41.7,2999568,37.06,34.943,33.995000000000005,1.0901603176937784,83.62282878411912,1.038285643253353,0.12493004122864135,0.0670419651995906,0.035207908989742555,0.030449418881346578,-0.03124772915986429,1012494.4,0.05683453237410083,-0.023980815347721784,0
2024-10-28,42.0,42.0,40.05,40.7,1654813,38.33,35.763999999999996,34.409,1.1139527449213869,77.18223583460951,1.364407254860474,0.3728254839550079,-0.023980815347721784,0.03785281100619181,0.03158907670235325,-0.4483162242029519,1157590.7,0.047911547911547975,-0.030221130221130266,0
2024-10-29,40.01,40.85,39.15,39.47,153129,39.29600000000001,36.481,34.697500000000005,1.1325311621874774,73.63038714390066,1.5062471812778995,0.5995098234195863,-0.030221130221130266,0.04062856021585199,0.03222400498090249,-0.9074644687949636,1171420.5,0.04307068659741583,-0.011907778059285556,0
2024-10-30,39.5,40.0,38.51,39.0,135278,39.99,37.05800000000001,34.993,1.1427999885691424,76.24810892586989,1.5627172412200139,0.7921513069796718,-0.011907778059285556,0.04177984764244317,0.031984709998683816,-0.11657491396143116,1160519.5,0.03820512820512826,-0.004871794871794788,0
2024-10-31,38.0,39.9,38.0,38.81,97344,39.936,37.627,35.282000000000004,1.1319086219602061,74.325366229761,1.5739947270296994,0.9485199909896774,-0.004871794871794788,0.04186659358614054,0.032044975905470514,-0.2804151451085912,1116799.4,0.04895645452203037,0.018809585158464204,1
2024-11-01,39.5,39.8,38.53,39.54,103022,39.504000000000005,38.282,35.584,1.1101618705035972,75.74872169466764,1.6231267204471962,1.0834413368811813,0.018809585158464204,0.041232140756045074,0.03210388604980414,0.05832922419460873,1108795.8,0.03211937278705099,-0.013404147698533153,0
2024-11-04,39.97,39.97,39.0,39.01,179817,39.166,38.748,35.856,1.09231369924141,73.91304347826087,1.6008440746011132,1.1869218844251677,-0.013404147698533153,0.04157999032036376,0.03245919411649902,0.7454233076430277,1108608.9,0.024865419123301688,0.06485516534222002,1
2024-11-05,39.69,41.9,38.93,41.54,2282262,39.58,39.438,36.253,1.091771715444239,76.58349328214973,1.766966285694913,1.3029307646791168,0.06485516534222002,0.044531843191411,0.03478744715250367,11.692137005956056,1176192.5,0.07149735194992775,-0.012277323062108714,0
2024-11-06,41.94,42.5,40.01,41.03,857525,39.986000000000004,39.988,36.6545,1.090889249614645,74.67248908296945,1.8362988865724432,1.4096043890577823,-0.012277323062108714,0.04552376833573146,0.03456364174736289,-0.6242653122209457,1155907.9,0.06068730197416529,-0.015598342676090726,0
2024-11-07,41.0,41.3,39.75,40.39,206546,40.302,40.119,37.071000000000005,1.087157076960427,72.37001209189842,1.8186386862733954,1.491411248500905,-0.015598342676090726,0.03517330304119957,0.03389266457585749,-0.7591370513979184,866930.4,0.03837583560287193,-0.017826194602624357,0
2024-11-08,40.5,40.5,37.55,39.67,369567,40.327999999999996,39.916,37.429500000000004,1.0774389185001134,66.72955974842768,1.7266412223778644,1.538457243276297,-0.017826194602624357,0.02766846716510837,0.03454316921647078,0.7892721234010827,603930.3,0.07436349886564161,-0.006554071086463442,0
2024-11-11,40.48,40.48,38.4,39.41,166393,40.408,39.787,37.7755,1.0696880253074081,65.02835538752362,1.6141458734867413,1.553594969318386,-0.006554071086463442,0.026851864094395068,0.034674633686574925,-0.5497622893818983,455088.3,0.052778482618624674,0.01014970819588945,1
2024-11-12,40.71,40.87,39.0,39.81,221363,40.062,39.821,38.150999999999996,1.050090430132893,63.91417425227567,1.539522499016634,1.5507804752580356,0.01014970819588945,0.025276343081115402,0.03446757753386363,0.3303624551513584,461911.7,0.04697312233107253,0.017834714895754944,1
2024-11-13,39.99,40.9,39.06,40.52,779374,39.96,39.973,38.5155,1.0375043813529616,55.741626794258394,1.520150652933026,1.5446545107930336,0.017834714895754944,0.025320608521529057,0.034257189839060724,2.5207961583462457,526321.3,0.04540967423494561,0.024925962487660325,1
2024-11-14,40.55,42.4,40.55,41.53,905681,40.188,40.245,38.936,1.0321553318265873,49.22232387923146,1.5682194270506287,1.5493674940445528,0.024925962487660325,0.025892806521595525,0.03423972275891823,0.16206211651915514,607155.0,0.04454611124488325,0.023356609679749507,1
2024-11-15,40.57,43.0,40.57,42.5,1366208,40.754,40.541000000000004,39.411500000000004,1.0340636616216077,58.25688073394494,1.6653876184299463,1.5725715189216316,0.023356609679749507,0.02615999818255635,0.03411862384570177,0.5084869838276391,733473.6,0.05717647058823529,-0.01788235294117646,0
2024-11-18,42.7,43.0,41.6,41.74,1370447,41.220000000000006,40.81400000000001,39.781,1.0361730474347053,60.882070949185064,1.661910986394588,1.5904394124162229,-0.01788235294117646,0.026593228922975824,0.03413061879100302,0.0031027486297841023,852536.6,0.03354096789650212,0.028749401054144696,1
2024-11-19,42.2,43.49,42.01,42.94,662389,41.846000000000004,40.954,40.196000000000005,1.0410488605831425,67.65232974910393,1.7359744685732181,1.619546423647622,0.028749401054144696,0.019342976932709793,0.03437286149603847,-0.5166620817879131,690549.3,0.034466697717745784,-0.021658127619934797,0
2024-11-20,42.95,43.5,41.02,42.01,372073,42.144,41.052,40.52,1.0400789733464955,63.44537815126048,1.7000301942849845,1.6356431777750946,-0.021658127619934797,0.020391544110485216,0.03495800567203586,-0.43828626381174807,642004.1,0.05903356343727677,-0.005712925493929877,0
2024-11-21,42.1,42.45,41.25,41.77,59762,42.192,41.19,40.6545,1.03781869165775,59.77212971078004,1.633349863212608,1.6351845148625972,-0.005712925493929877,0.01963976242488241,0.027726486129285736,-0.8393809816890772,627325.7,0.02872875269332063,-0.014124970074215981,0
2024-11-22,42.49,42.49,41.0,41.18,477228,41.928000000000004,41.341,40.628499999999995,1.0319849366823783,59.45945945945947,1.5154282378628778,1.6112332594626535,-0.014124970074215981,0.01922285153614748,0.023598760973498386,6.985475720357417,638091.8,0.036182612918892715,0.005828071879553143,1
2024-11-25,41.15,42.0,41.05,41.42,374319,41.864,41.542,40.664500000000004,1.0294974732260325,49.346405228758194,1.424914961730039,1.5739695999161307,0.005828071879553143,0.018869588728752423,0.022961596686955882,-0.21563906560386226,658884.4,0.02293577981651383,-0.04683727667793347,0
2024-11-26,41.2,41.2,39.39,39.48,751729,41.172000000000004,41.509,40.665,1.0124677240870528,42.695570216776616,1.1830038198968467,1.4957764439122738,-0.04683727667793347,0.024848639928710673,0.02441031820847801,1.0082576625819155,711921.0,0.04584599797365761,0.03850050658561299,1
2024-11-27,40.45,41.7,39.56,41.0,313702,40.970000000000006,41.557,40.765,1.0050288237458604,52.6544821583986,1.10124433475805,1.4168700220814292,0.03850050658561299,0.02728739501070369,0.025654941620302896,-0.5826926990976802,665353.8,0.052195121951219524,-0.0014634146341463428,0
2024-11-28,41.0,41.29,40.5,40.94,609922,40.803999999999995,41.498000000000005,40.8715,0.9983484824388632,55.86334256694366,1.019851640307344,1.3374663457266123,-0.0014634146341463428,0.02601825914793043,0.025612491410768986,0.9442719523624332,635777.9,0.019296531509526114,-0.009526135808500258,0
2024-11-29,41.0,41.4,40.0,40.55,296289,40.678,41.303,40.922,0.9940374370754118,55.200729927007295,0.9133490832270681,1.2526428932267035,-0.009526135808500258,0.024620874095836562,0.025474317935574503,-0.5142182115090126,528786.0,0.034525277435265074,0.022934648581997452,1
2024-12-02,41.0,41.85,40.11,41.48,1687871,40.69,41.277,41.0455,0.9913388800233887,57.26718885987813,0.8936864065034698,1.180851595882057,0.022934648581997452,0.025507149238256987,0.025645673724066703,4.6967049063583195,560528.4,0.041947926711668325,-0.0028929604628735728,0
2024-12-03,41.95,42.25,40.75,41.36,1738059,41.065999999999995,41.119,41.036500000000004,1.000718872223508,53.85321100917429,0.8585240654065984,1.1163860897869653,-0.0028929604628735728,0.02337211198044325,0.021185240242222573,0.029734499852180685,668095.4,0.0362669245647969,0.02659574468085113,1
2024-12-04,41.99,43.0,41.5,42.46,1830893,41.35799999999999,41.164,41.108000000000004,1.0060815413058282,54.23111919927206,0.9089407603830466,1.0748970239061817,0.02659574468085113,0.024173069478442916,0.021774935345504006,0.0534124560788789,813977.4,0.03532736693358455,0.049929345266132685,1
2024-12-05,43.06,45.25,43.0,44.58,2830112,42.086,41.445,41.317499999999995,1.0185998668844922,58.56672158154859,1.1071995298331672,1.0813575250915788,0.049929345266132685,0.02840521975403115,0.02382999820873711,0.5457549949669369,1091012.4,0.05047106325706595,0.10004486316733963,1
2024-12-06,45.0,49.04,45.0,49.04,4934984,43.784,42.231,41.786,1.0478150576748193,73.04292929292927,1.6056962918828788,1.1862252784498388,0.10004486316733963,0.03971207265821478,0.03125137862508062,0.7437415904388236,1536788.0,0.08238172920065251,0.09971451876019577,1
2024-12-09,51.6,53.94,51.5,53.93,4618523,46.274,43.482,42.512,1.088492660895747,78.13620071684588,2.368043369934554,1.422588896746782,0.09971451876019577,0.04688356453453674,0.036656616822824784,-0.06412604377238107,1961208.4,0.045243834600407894,-0.03578713146671608,0
2024-12-10,55.49,55.5,49.52,52.0,3012264,48.402,44.734,43.1215,1.1224563152951545,74.3302484169508,2.784377481001428,1.6949466135977111,-0.03578713146671608,0.04502495313387408,0.03846495657659933,-0.3477862944495459,2187261.9,0.11499999999999994,0.05153846153846153,1
2024-12-11,51.01,57.2,50.22,54.68,4280416,50.846000000000004,46.102000000000004,43.8295,1.1600862432836332,78.10187200696558,3.2926235511421353,2.014482001106596,0.05153846153846153,0.04552292008913564,0.03936376556300271,0.42099630045706493,2583933.3,0.1276517922457938,0.015179224579370931,1
2024-12-12,55.95,56.5,54.01,55.51,2412083,53.032,47.559000000000005,44.5285,1.1909675825594843,80.8703145196036,3.7195100898433395,2.3554876188539446,0.015179224579370931,0.04453390247051535,0.039305278816538926,-0.43648397725828514,2764149.4,0.044856782561700635,-0.027382453611961788,0
2024-12-13,55.84,55.84,53.5,53.99,1057701,54.022000000000006,48.903000000000006,45.103,1.1977473782231782,75.66353613719886,3.8903242145825345,2.6624549379996627,-0.027382453611961788,0.046680096347867094,0.04038226591135432,-0.5614989202278695,2840290.6,0.04334135951102062,-0.01981848490461202,0
2024-12-16,54.03,55.2,52.51,52.92,1009048,53.82000000000001,50.047,45.662,1.178660593053305,78.45046570702796,3.8944626403516125,2.9088564784700526,-0.01981848490461202,0.049283067425372536,0.0404619008391138,-0.045998821973317616,2772408.3,0.050831443688586636,-0.003023431594860182,0
2024-12-17,52.05,54.49,51.0,52.76,2189151,53.972,51.187,46.153,1.1694147726041644,76.41509433962264,3.840560123329084,3.095197207441859,-0.003023431594860182,0.04929149826028767,0.040421925750150724,1.1695211724318368,2817517.5,0.06614859742228965,-0.03449583017437452,0
2024-12-18,53.25,53.75,50.5,50.94,1190308,53.224000000000004,52.035000000000004,46.5995,1.1421581776628507,70.81598667776854,3.609376554455828,3.198033076844653,-0.03449583017437452,0.05282704442469778,0.041066315365344504,-0.4562695766532322,2753459.0,0.06380054966627405,-0.036317235963878924,0
2024-12-19,50.5,51.5,48.0,49.09,796080,51.94,52.486000000000004,46.9655,1.1059181739787716,66.75824175824178,3.239538982780708,3.206334258031864,-0.036317235963878924,0.05434207459941758,0.04225369440292994,-0.3311983116974766,2550055.8,0.07129761662253004,-0.006314931757995579,0
2024-12-20,48.85,51.8,46.2,48.78,1218859,50.898,52.46,47.3455,1.0750335301137384,64.68222043443285,2.888133033658818,3.142694013157255,-0.006314931757995579,0.044484374603532,0.04206508032041851,0.5310760225103004,2178443.3,0.11480114801147999,0.02091020910209096,1
2024-12-23,49.89,50.75,48.25,49.8,574051,50.274,52.047000000000004,47.7645,1.0525390195647395,66.38198757763976,2.661269306755244,3.046409071876853,0.02091020910209096,0.029316039980228224,0.042134312376715506,-0.5290259168615894,1773996.1,0.050200803212851405,0.0022088353413654005,1
2024-12-24,50.0,51.0,49.02,49.91,560225,49.704,51.838,48.285999999999994,1.0293666901379284,65.03835284618489,2.461974144004529,2.9295220863023883,0.0022088353413654005,0.027665642367500257,0.04002193889541879,-0.024084968060329115,1528792.2,0.03967140853536359,-0.01582849128431174,0
2024-12-26,49.5,50.38,48.51,49.12,332556,49.339999999999996,51.282,48.692,1.0133081409677154,59.684300341296925,2.214754581803774,2.786568585402666,-0.01582849128431174,0.01978642789104526,0.040009968755299045,-0.40638850461868004,1134006.2,0.038070032573289996,0.005089576547231189,1
2024-12-27,50.89,50.9,48.12,49.37,1212727,49.396,50.66799999999999,49.1135,1.0057519826524275,50.858034321372855,2.0157676931074135,2.6324084069436156,0.005089576547231189,0.018550812216248706,0.039939557179477524,2.646685069582266,1014070.6,0.05630949969617179,0.017419485517520705,1
2024-12-30,49.35,51.6,49.15,50.23,1347743,49.68599999999999,50.291999999999994,49.597500000000004,1.0017843641312565,37.828947368421034,1.9054985615862492,2.4870264378721423,0.017419485517520705,0.019664711440212708,0.03969504759413252,0.11133255877044057,1043074.8,0.048775632092375135,-0.005574357953414211,0
2024-12-31,50.99,52.46,49.61,49.95,2474201,49.715999999999994,49.995,50.021,0.9939025609244116,42.435424354243544,1.775054101715405,2.344631970640795,-0.005574357953414211,0.019143384182360834,0.03977405900824131,0.8358106849748059,1189590.1,0.05705705705705708,-0.007207207207207245,0
2025-01-01,49.99,51.5,49.15,49.59,3628486,49.652,49.678,50.4325,0.9845238685371537,27.33748886910061,1.623907540828391,2.200487084678314,-0.007207207207207245,0.019126706778675336,0.03985961158416431,0.4665283863356291,1333523.6,0.047388586408550135,-0.019762048800161414,0
2025-01-02,49.94,50.65,48.4,48.61,13426091,49.55,49.44500000000001,50.739999999999995,0.9765471028774143,19.6836555360281,1.40880516359978,2.0421507004626074,-0.019762048800161414,0.017154446840838763,0.04018079685809497,2.7001909336290675,2557101.9,0.046286772269080435,-0.02098333676198305,0
2025-01-03,48.94,49.0,47.25,47.59,4857103,49.194,49.295,50.8905,0.9666637191617296,20.588235294117624,1.14285537900642,1.86229163617137,-0.02098333676198305,0.0144740383576297,0.03936252634694452,-0.6382340176302991,2963204.2,0.03677243118302164,0.10002101281781872,1
2025-01-06,47.99,52.35,46.5,52.35,14624973,49.618,49.652,51.056,0.9718348480100283,48.04392587508579,1.30118126994887,1.75006956292687,0.10002101281781872,0.03552461741400967,0.039359463071020256,2.011048561251429,4303815.6,0.11174785100286536,-0.01585482330468002,0
2025-01-07,52.99,53.5,50.65,51.52,8905599,49.932,49.824,50.935500000000005,0.9802986129516741,45.931758530183735,1.3441866686080672,1.6688929840631097,-0.01585482330468002,0.035897919627219464,0.03243984753158577,-0.39106902966590096,5136970.4,0.055318322981366484,-0.005628881987577716,0
2025-01-08,51.38,54.5,50.66,51.23,9183936,50.260000000000005,49.956,50.897000000000006,0.9874845275752991,51.05762217359592,1.339428087288546,1.6030000047081971,-0.005628881987577716,0.03602556337546424,0.03146304288935808,0.03125415819867938,5999341.5,0.07495608042162802,-0.03747804021081391,0
2025-01-09,51.2,51.99,48.75,49.31,2762981,50.4,49.975,50.628499999999995,0.9954867317815065,50.79825834542815,1.1672733231517327,1.5158546683969043,-0.03747804021081391,0.03789603009251902,0.030007790533047463,-0.6991506691684263,6242384.0,0.06570675319407832,-0.006895153112958852,0
2025-01-10,49.29,50.0,47.02,48.97,2145255,50.676,49.934999999999995,50.3015,1.0074451060107552,50.68790731354091,0.9919694672251467,1.4110776281625528,-0.006895153112958852,0.03794195345114473,0.02964020798486202,-0.2235722938377065,6335636.8,0.060853583826832695,0.04022871145599338,1
2025-01-13,49.0,51.4,49.0,50.94,3209691,50.394,50.006,50.148999999999994,1.0048854413846737,53.86178861788618,1.0004696431547444,1.3289560311609911,0.04022871145599338,0.03976050025191928,0.03088413283343157,0.4961815728200143,6521831.6,0.0471142520612485,0.013545347467609048,1
2025-01-14,51.0,53.49,51.0,51.63,7984348,50.416,50.174,50.0845,1.0066188142039951,55.60625814863105,1.0507706967388444,1.2733189642765619,0.013545347467609048,0.03981084888990099,0.03079841831183807,1.487575283726689,7072846.3,0.048227774549680455,-0.020143327522758048,0
2025-01-15,51.69,52.32,50.15,50.59,1913209,50.288,50.274,49.976,1.0062429966383863,54.71456061577937,0.9952427963077142,1.2177037306827923,-0.020143327522758048,0.04042092465098435,0.031099988725318998,-0.7603800585846208,6901318.6,0.042893852540027706,0.010278711207748481,1
2025-01-16,51.44,52.4,50.2,51.11,1822400,50.648,50.524,49.9845,1.0132741149756426,55.485498108448944,0.981877714245627,1.1705385273953592,0.010278711207748481,0.03967508549932406,0.03021018921902468,-0.04746423417410228,5740949.5,0.04304441400900011,0.0011739385638818156,1
2025-01-17,50.7,51.85,50.0,51.17,911354,51.088,50.882,50.088499999999996,1.0199546802160178,53.120849933598954,0.965003331271113,1.12943148817051,0.0011739385638818156,0.03862354228058483,0.02893613189595567,-0.49991549604916596,5346374.6,0.036153996482313884,-0.008598788352550457,0
2025-01-20,51.17,51.49,50.4,50.73,957458,51.04600000000001,50.72,50.186,1.0171362531383255,52.56241787122206,0.9056857567894099,1.0846823418942901,-0.008598788352550457,0.021180393549649214,0.028977062271055162,0.05058846507504211,3979623.1,0.02148630001971227,-0.008082002759708162,0
2025-01-21,50.42,51.8,50.1,50.32,1250813,50.784000000000006,50.6,50.212,1.0113916991954115,52.39030779305828,0.8161841157363412,1.0309826966627005,-0.008082002759708162,0.0207927456455213,0.028723566851004162,0.30638941864812863,3214144.5,0.033783783783783695,-0.000993640699523013,0
2025-01-22,50.47,50.8,49.75,50.27,1657630,50.720000000000006,50.504,50.230000000000004,1.009755126418475,55.78800557880058,0.7327718999171466,0.9713405373135898,-0.000993640699523013,0.020758459244128474,0.02872479206676391,0.3252420625625094,2461513.9,0.020887209071016453,0.004774219216232334,1
2025-01-23,50.74,50.75,49.75,50.51,1558207,50.6,50.624,50.2995,1.005974214455412,60.766961651917384,0.6782150709999186,0.9127154440508556,0.004774219216232334,0.016536970458493738,0.028467754052575237,-0.05997900617146168,2341036.5,0.019798059790140567,-0.013264700059394063,0
2025-01-24,50.49,50.7,49.75,49.84,549757,50.334,50.711,50.323,1.0002185879220238,36.74762407602956,0.5742948765946778,0.84503133055962,-0.013264700059394063,0.017054843516094032,0.02865024703403361,-0.6471861569098329,2181486.7,0.019060995184590746,-0.031300160513643704,0
2025-01-27,50.05,50.05,48.0,48.28,1152719,49.844,50.44500000000001,50.2255,0.9924042568018239,34.11764705882351,0.36188680546129603,0.7484024255399553,-0.031300160513643704,0.013897103610952446,0.029232444120395485,1.0967791224122658,1975789.5,0.04246064623032306,-0.0074565037282519064,0
2025-01-28,48.3,48.8,47.12,47.92,3551610,49.364,50.074,50.124,0.9848376027451918,33.88510223953263,0.1626282106364343,0.6312475825592511,-0.0074565037282519064,0.012225644543321059,0.029248980252478202,2.081071796335447,1532515.7,0.0350584307178631,-0.006469115191986674,0
2025-01-29,48.0,48.43,47.02,47.61,158482,48.83200000000001,49.775999999999996,50.025,0.9761519240379812,40.18475750577365,-0.02006873072932791,0.5009843199015352,-0.006469115191986674,0.011372055320578766,0.029242105911830102,-0.9553774203811792,1357043.0,0.02961562696912406,0.009031716026044911,1
2025-01-30,48.35,48.44,47.27,48.04,220320,48.338,49.469,49.996500000000005,0.9668276779374555,44.68571428571428,-0.12867666221841034,0.37505212347754613,0.009031716026044911,0.011178992105826496,0.029011061676468376,0.3901894221425777,1196835.0,0.024354704412989064,0.0012489592006661443,1
2025-01-31,47.53,49.29,47.53,48.1,471715,47.989999999999995,49.162,50.022,0.9593778737355563,29.239766081871366,-0.20751562093813902,0.2585385745944091,0.0012489592006661443,0.01118445356107065,0.028595952731570475,1.1410448438634715,1152871.1,0.03659043659043655,-0.021413721413721443,0
2025-02-03,48.88,48.88,46.1,47.07,1460511,47.748000000000005,48.79600000000001,49.757999999999996,0.9596044857108407,18.24512534818936,-0.34908442767367376,0.13701397414079253,-0.021413721413721443,0.012190113985261413,0.016973847459456907,2.0961724770253225,1203176.4,0.05906097301890803,0.07371999150201836,1
2025-02-04,47.5,51.25,47.0,50.54,3539478,48.272000000000006,48.818,49.708999999999996,0.9710917540083287,49.739854318418296,-0.17921287252146811,0.07376860480834041,0.07371999150201836,0.028376424738734897,0.024258998397473815,1.4234517918728447,1432042.9,0.08409180846853977,-0.024535021764938714,0
2025-02-06,50.99,51.0,48.71,49.3,769610,48.61,48.721,49.6125,0.9797933988410179,41.23910939012583,-0.1429976897381593,0.030415345899040474,-0.024535021764938714,0.029495086102952834,0.024823533080778722,-0.782563982598564,1343240.9,0.046450304259634874,0.038539553752535705,1
2025-02-07,49.47,52.0,49.02,51.2,2820989,49.242000000000004,48.79,49.707,0.9906451807592492,50.123253903040265,0.038572583835531304,0.03204679348633864,0.038539553752535705,0.032117695891907785,0.02486568412522076,2.665478619040813,1469519.1,0.05820312499999994,-0.012499999999999956,0
2025-02-10,50.15,51.4,50.15,50.56,321243,49.734,48.862,49.786500000000004,0.9989454972733572,49.312853678253866,0.12933479152049188,0.05150439309316929,-0.012499999999999956,0.032078702511759837,0.02500441826116359,-0.8861239799233531,1446667.7,0.024723101265822785,0.018591772151898667,1
2025-02-11,50.9,52.52,50.57,51.5,1853118,50.620000000000005,49.184,49.8145,1.0161699906653685,54.57364341085272,0.2739566375241367,0.09599484197936278,0.018591772151898667,0.03016652415629115,0.02369193511424757,4.7685863972133244,1516707.6,0.03786407766990297,0.011262135922330163,1
2025-02-12,51.51,52.27,51.15,52.08,2379969,50.928,49.6,49.837,1.0218913658526796,56.738644825018596,0.430410144934136,0.16287790257031742,0.011262135922330163,0.02975634435779274,0.023632753105976945,0.2843051548795057,1399543.5,0.02150537634408611,-0.010944700460829515,0
2025-02-13,52.41,53.5,51.11,51.51,2285920,51.370000000000005,49.989999999999995,49.883,1.0298097548262937,53.63372093023255,0.502612634843004,0.23082484902485476,-0.010944700460829515,0.03004292428723838,0.023292965353965495,-0.03951690127056273,1612287.3,0.04639875752281112,-0.019413706076489956,0
2025-02-14,51.99,52.0,50.37,50.51,411054,51.23199999999999,50.237,49.853,1.0276613242934225,52.37757274662879,0.4736816781067219,0.2793962148412282,-0.019413706076489956,0.03128684403386719,0.02362460706744781,-0.8201800587947085,1631360.7,0.03227083745792918,0.01603642843001385,1
2025-02-17,50.56,51.66,50.05,51.32,236296,51.38399999999999,50.559000000000005,49.8605,1.0305552491451146,61.3943028485757,0.5102322769246541,0.3255634272579134,0.01603642843001385,0.03141512877836318,0.023906525032466094,-0.4251460878619354,1607818.8,0.03137178487918939,0.0074045206547155296,1
2025-02-18,51.01,52.0,50.8,51.7,520713,51.424,51.022,49.909000000000006,1.0303552465487185,64.14670658682633,0.5633675634409911,0.37312425449452896,0.0074045206547155296,0.029806330557377834,0.023856836430504538,1.2036471205606527,1513839.0,0.023210831721470072,0.0059961315280463445,1
2025-02-19,52.0,52.6,51.7,52.01,1654273,51.410000000000004,51.169,49.9935,1.0283336833788395,66.46706586826346,0.6233069752308111,0.4231607986417854,0.0059961315280463445,0.019629876351145888,0.023775739045567647,2.1769381597924387,1325318.5,0.017304364545279727,0.0073062872524514155,1
2025-02-20,52.45,52.9,51.5,52.39,735517,51.586,51.477999999999994,50.0995,1.029670954799948,66.34109691960931,0.6934782297643665,0.47722428486630164,0.0073062872524514155,0.017075598389053308,0.0237947132252678,-0.5553835431032241,1321909.2,0.02672265699560982,-0.015460965833174356,0
2025-02-21,52.45,52.45,51.5,51.58,58979,51.8,51.516,50.153000000000006,1.032839511096046,62.37553342816499,0.6759374379628582,0.5169669154856129,-0.015460965833174356,0.01397989284040035,0.024113414914709832,-0.9198128663239599,1045708.2,0.0184179914695619,-0.012407910042652182,0
2025-02-24,52.4,52.4,50.25,50.94,278666,51.724000000000004,51.553999999999995,50.208,1.0301943913320588,64.15508412582295,0.6034375305632409,0.5342610385011386,-0.012407910042652182,0.013970164858944936,0.02408688870220841,3.724834263042778,1041450.5,0.042206517471535115,0.0011778563015312216,1
2025-02-25,51.5,52.2,50.77,51.0,658043,51.584,51.504,50.344,1.0246305418719213,52.24171539961013,0.5445451526226464,0.5363178613254402,0.0011778563015312216,0.012521312211392624,0.02283104538476606,1.3614039746506572,921943.0,0.028039215686274505,-0.03882352941176459,0
2025-02-26,51.4,51.4,48.8,49.02,744149,50.986000000000004,51.198,50.399,1.0116470564892162,48.727272727272755,0.3342500399612405,0.4959042970526003,-0.03882352941176459,0.01649925420990526,0.0245953061941519,0.13085163127637545,758361.0,0.05303957568339456,0.008567931456548328,1
2025-02-27,48.51,49.9,48.51,49.44,482599,50.396,50.991,50.490500000000004,0.9981283607807409,40.75630252100837,0.19918406804747235,0.43656025125157477,0.008567931456548328,0.016984738188739325,0.024571358989932443,-0.35147530938024507,578028.9,0.0281148867313916,-0.019619741100323607,0
2025-02-28,49.74,49.75,48.25,48.47,217425,49.774,50.787,50.512,0.9853896103896104,39.390862944162414,0.013714328593124492,0.3519910667198848,-0.019619741100323607,0.017005677150594957,0.02498199322245668,-0.5494706785550737,558666.0,0.030946977511863007,0.00536414276872299,1
2025-03-03,49.49,49.74,48.25,48.73,96349,49.332,50.528,50.5435,0.9760305479438504,34.896401308615026,-0.11101226874112058,0.25939039962768373,0.00536414276872299,0.01590930634082421,0.025003372944415837,-0.5568632861906404,544671.3,0.03057664682946854,-0.040632054176072185,0
2025-03-04,48.5,48.5,45.0,46.75,1982418,48.482,50.033,50.527499999999996,0.9595170946514275,24.78713339640491,-0.36541615817687756,0.1344290880667715,-0.040632054176072185,0.01873266866431379,0.026246177994243676,19.575387393745654,690841.8,0.0748663101604278,-0.005133689839572186,0
2025-03-05,47.9,47.9,46.0,46.51,326292,47.98,49.483,50.326,0.953383936732504,25.585937499999986,-0.5797164572142748,-0.008400020989437748,-0.005133689839572186,0.01800278183004234,0.019690063343882274,-0.8354070634951862,558043.7,0.04085142980004297,0.01010535368737897,1
2025-03-06,46.5,47.0,46.05,46.98,131906,47.48799999999999,48.942,50.209999999999994,0.9457876916948814,31.822863027806363,-0.7035162190559419,-0.14742326060273858,0.01010535368737897,0.018337103571205448,0.019304844278746555,-0.5957424638054258,497682.6,0.0202213707960835,0.0031928480204344023,1
2025-03-07,47.89,48.0,46.9,47.13,416902,47.21999999999999,48.497,50.0065,0.9442772439582852,26.850828729281773,-0.7805272436435118,-0.2740440572108932,0.0031928480204344023,0.01874175278190433,0.01683620852872955,2.1605992145922097,533474.9,0.023339698705707648,0.009123700403140145,1
2025-03-10,47.14,48.07,46.5,47.56,773515,46.986000000000004,48.159,49.8565,0.942424759058498,27.252747252747227,-0.7976666248030782,-0.37876857072933023,0.009123700403140145,0.019505155442476278,0.01695528683593764,0.8553880768142152,582959.8,0.03301093355761144,-0.00021026072329699552,0
2025-03-11,47.12,47.74,47.0,47.55,60684,47.146,47.814,49.659,0.9493948730340925,24.65909090909092,-0.8028024177366007,-0.4635753401307844,-0.00021026072329699552,0.019447972846271696,0.016204674943805807,-0.921547739862834,523223.9,0.01556256572029447,-0.003785488958990557,0
2025-03-12,47.98,47.98,47.0,47.37,499025,47.318,47.649,49.423500000000004,0.9573988082592287,20.81395348837208,-0.8120364159866682,-0.5332675553019612,-0.003785488958990557,0.015865002828100647,0.0158103562286203,7.223337288247315,498711.5,0.02068819928224608,0.010977411864049103,1
2025-03-13,47.5,48.11,47.02,47.89,217473,47.5,47.494,49.2425,0.9646139005939991,27.797833935018076,-0.7685355722682061,-0.5803211586952103,0.010977411864049103,0.016082129838432338,0.016105074949209344,-0.5642041981864636,472198.9,0.022760492795990735,0.013990394654416427,1
2025-03-14,47.9,48.8,47.9,48.56,232938,47.786,47.503,49.144999999999996,0.9723471360260455,35.731414868105546,-0.6722481810669336,-0.598706563169555,0.013990394654416427,0.015745759273331706,0.016101251368832017,0.07111227600667669,473750.2,0.01853377265238877,-0.004736408566721639,0
2025-03-17,48.56,48.9,48.03,48.33,102389,47.940000000000005,47.463,48.9955,0.9784572052535438,34.31257344300822,-0.6074959722218622,-0.6004644449800165,-0.004736408566721639,0.015708676771121234,0.015547785313545571,-0.5604452686981085,474354.2,0.018001241464928562,-0.017794330643492673,0
2025-03-18,48.89,48.89,47.4,47.47,137799,47.924,47.535000000000004,48.784,0.9823712692686126,39.512855209742874,-0.6184451422467063,-0.6040605844333544,-0.017794330643492673,0.009814093834748317,0.015690840403709903,0.34583793180908096,289892.3,0.03138824520749951,-0.01643143037708028,0
2025-03-19,48.85,48.85,46.5,46.69,330814,47.788,47.553000000000004,48.518,0.9849540376767385,32.25806451612907,-0.682197966143697,-0.6196880607754229,-0.01643143037708028,0.011221322998001344,0.015729673758430558,1.4006995696630598,290344.5,0.050331976868708536,-0.0010708931248660791,0
2025-03-20,47.0,47.5,46.5,46.64,699397,47.538,47.519,48.2305,0.9856418656244492,36.60322108345538,-0.7283610279872832,-0.641422654217795,-0.0010708931248660791,0.010696348039439486,0.015487062927324574,1.1141698960745314,347093.6,0.02144082332761578,0.007718696397941649,1
2025-03-21,47.25,47.5,46.68,47.0,382368,47.226,47.506,48.0015,0.9838442548670354,37.518037518037566,-0.7275103097395146,-0.658640185322139,0.007718696397941649,0.01097040106650317,0.01558363269746996,-0.4532890475652598,343640.2,0.017446808510638304,-0.0036170212765958,0
2025-03-24,47.7,47.7,46.6,46.83,45358,46.926,47.433,47.796,0.981797639969872,50.78124999999998,-0.7321143303745856,-0.6733350143326283,-0.0036170212765958,0.01049392572908809,0.015473064713079639,-0.8813760565737718,270824.5,0.023489216314328452,-0.005338458253256406,0
2025-03-25,47.38,47.38,46.51,46.58,60821,46.748,47.336,47.575,0.9826169206516027,50.682261208577,-0.7473213057396748,-0.6881322726140376,-0.005338458253256406,0.010549273277881225,0.015425014978102244,0.3409100930376119,270838.2,0.01867754401030495,0.0057964791756119904,1
2025-03-26,47.02,47.75,46.01,46.85,32385,46.779999999999994,47.284,47.4665,0.9855371683187087,48.68154158215015,-0.7291806590229726,-0.6963419498958247,0.0057964791756119904,0.010802098274817649,0.013260178060273563,-0.4675358839874385,224174.2,0.037139807897545396,-0.005549626467449276,0
2025-03-27,47.5,47.5,46.1,46.59,46539,46.77,47.153999999999996,47.324,0.9882934663173021,44.64285714285716,-0.7273988912646203,-0.7025533381695839,-0.005549626467449276,0.009991236539448903,0.013031904261980864,0.43705419175544225,207080.8,0.03004936681691347,-0.007726980038635034,0
2025-04-03,46.95,46.95,45.5,46.23,157166,46.616,46.921,47.211999999999996,0.9873760908243667,36.61971830985915,-0.7464314220378157,-0.7113289549432302,-0.007726980038635034,0.008150109036969286,0.01248797811769259,2.3770815874857645,199503.6,0.03136491455764661,-0.00497512437810943,0
2025-04-04,46.8,47.07,45.8,46.0,315002,46.45,46.688,47.0755,0.9867128336395791,35.06743737957618,-0.7711841863525635,-0.723300001225097,-0.00497512437810943,0.008150007606628904,0.012367966142481979,1.0042630085387425,220764.9,0.02760869565217398,-0.023695652173913118,0
2025-04-07,46.0,46.49,43.01,44.91,1741952,46.116,46.432,46.98350000000001,0.9815360711739226,29.83606557377054,-0.8687405209427297,-0.7523881051686235,-0.023695652173913118,0.009317529382821167,0.009993553445214732,4.529971238277852,381180.2,0.07748830995323991,0.0022266755733690857,1
2025-04-08,45.4,45.48,44.6,45.01,2351201,45.748000000000005,46.263999999999996,46.908500000000004,0.9752603472718164,24.647887323943706,-0.9272961617647297,-0.7873697164878448,0.0022266755733690857,0.00873263100656306,0.010005969816182216,0.3497507394003967,583218.9,0.019551210842035004,0.0,0
2025-04-09,45.01,45.4,44.01,45.01,1616256,45.431999999999995,46.101,46.81,0.9705618457594529,14.570858283433182,-0.9626056107077261,-0.8224168953318212,0.0,0.008773876660467018,0.009632483377489441,-0.3125828034268444,674904.8,0.03088202621639637,0.0222172850477671,1
2025-04-10,45.4,47.49,45.4,46.01,1191586,45.388,46.001999999999995,46.754000000000005,0.9707832484921075,29.9307958477509,-0.8995277646008759,-0.8378390691856321,0.0222172850477671,0.01158444256887142,0.011021390197780267,-0.26274921794567196,755826.6,0.04542490762877643,-0.03455770484677234,0
2025-04-11,46.0,46.0,44.02,44.42,1567670,45.071999999999996,45.761,46.596999999999994,0.9672725711955705,26.574500768049205,-0.9666943778835346,-0.8636101309252127,-0.03455770484677234,0.015511112220993974,0.013025464999063732,0.31561632983267685,908057.8,0.044574515983791016,0.01238180999549754,1
2025-04-14,45.12,45.34,44.02,44.97,233827,45.083999999999996,45.6,46.468,0.9702160626667813,36.305732484076444,-0.9644266888271176,-0.8837734425055936,0.01238180999549754,0.016471001082680743,0.013480482809712962,-0.8508442465569922,925358.4,0.029352901934623088,-0.0026684456304202353,0
2025-04-15,44.82,45.5,44.51,44.85,308058,45.052,45.4,46.342,0.9721634802123345,35.90551181102363,-0.9612320414031146,-0.8992651622850979,-0.0026684456304202353,0.016161125135045442,0.013478056100629866,0.3174611999469694,952925.7,0.02207357859531777,-0.023634336677815004,0
2025-04-16,45.0,45.39,41.32,43.79,2006702,44.80800000000001,45.11999999999999,46.137,0.9711944859873856,27.2340425531915,-1.032333305770024,-0.9258787909820831,-0.023634336677815004,0.0172965832480802,0.013854026543949034,5.514039563978212,1148942.0,0.0929435944279516,0.011418131993605751,1
2025-04-17,44.02,44.89,43.76,44.29,362111,44.464000000000006,44.926,45.9235,0.9682188857556591,32.79132791327915,-1.0363889025729307,-0.9479808133002526,0.011418131993605751,0.01812903566854162,0.013685490651786977,-0.8195491906620913,1169436.5,0.025513659968390213,-0.04628584330548646,0
2025-04-18,43.76,43.76,42.2,42.24,265507,44.028,44.55,45.619,0.965124180714176,26.361655773420495,-1.1912884282438938,-0.9966423362889809,-0.04628584330548646,0.02251864702031401,0.016572152207242917,-0.2667800757226375,1164487.0,0.036931818181818066,-0.012310606060606188,0
2025-04-21,42.3,42.5,41.5,41.72,1383279,43.378,44.230999999999995,45.3315,0.9569063454772069,22.799575821845167,-1.3405540004562582,-1.0654246691224363,-0.012310606060606188,0.021931679078322535,0.016421513750958194,4.209953033253361,1128619.7,0.023969319271332695,0.012464046021092967,1
2025-04-22,41.35,42.5,41.35,42.24,205003,42.856,43.95399999999999,45.108999999999995,0.9500543128865638,27.554179566563462,-1.4007415114436483,-1.1324880375866786,0.012464046021092967,0.022643880091194685,0.01675151215350096,-0.8517992393436176,913999.9,0.027225378787878753,-0.020123106060606077,0
2025-04-23,42.0,42.44,40.98,41.39,1089976,42.376000000000005,43.592,44.8465,0.9449120890147504,26.22789783889982,-1.4997403703489454,-1.205938504139132,-0.020123106060606077,0.02293408249608837,0.01706349033400896,4.316878289586006,861371.9,0.03527422082628656,-0.03285817830393811,0
2025-04-24,40.38,40.75,40.0,40.03,421549,41.524,42.994,44.498,0.9331655355296868,23.607427055702928,-1.668702549031451,-1.2984913131175957,-0.03285817830393811,0.021403946307738505,0.017767656833979538,-0.6132492825530104,784368.2,0.01873594803897077,-0.0007494379215589042,0
2025-04-25,40.49,40.5,39.7,40.0,906955,41.076,42.552,44.1565,0.9302367714832471,26.048780487804905,-1.7844569334803495,-1.3956844371901465,-0.0007494379215589042,0.02037413944263613,0.017815051056730077,1.1514817968966833,718296.7,0.019999999999999928,0.02499999999999991,1
2025-04-28,40.0,41.28,40.0,41.0,1330130,40.932,42.155,43.8775,0.9328699219417698,32.01793721973095,-1.775039919205497,-1.4715555335932167,0.02499999999999991,0.02223624062265909,0.01925964287148398,0.46658875026875646,827927.0,0.03121951219512198,0.05439024390243885,1
2025-04-29,41.25,44.0,41.0,43.23,1673023,41.13,41.993,43.6965,0.9412653187326216,43.34828101644245,-1.5695418035291269,-1.4911527875803987,0.05439024390243885,0.02999970424782576,0.023457848520361924,0.2577890882846037,964423.5,0.06939625260235947,-0.059912098080036946,0
2025-04-30,42.94,42.99,39.98,40.64,1800164,40.98,41.678,43.398999999999994,0.9442613885112561,32.06412825651303,-1.597262176676928,-1.5123746653997046,-0.059912098080036946,0.0345799121971454,0.02661432227613801,0.0759947711418194,943769.7,0.07406496062992138,0.09744094488188981,1
2025-05-02,41.89,44.7,41.0,44.6,2506567,41.894,41.709,43.3175,0.9671379927281121,50.51903114186851,-1.2848805638818845,-1.4668758450961408,0.09744094488188981,0.04781079488127007,0.035318851056057886,0.392410358167367,1158215.3,0.08295964125560544,0.07286995515695072,1
2025-05-05,44.76,48.25,43.95,47.85,2908333,43.464,42.269999999999996,43.410000000000004,1.0012439530062196,57.18562874251497,-0.7662353622460856,-1.3267477485261299,0.07286995515695072,0.04934484795868892,0.03898172225891842,0.16028536241002134,1422497.9,0.08986415882967601,-0.039498432601880906,0
2025-05-06,48.0,48.48,45.61,45.96,853714,44.456,42.694,43.4625,1.0228587863100376,52.54470426409904,-0.5019266103975752,-1.161783520900419,-0.039498432601880906,0.051628527757642255,0.03969807042546593,-0.706459335983878,1369541.4,0.062445604873803254,-0.02088772845953002,0
2025-05-07,42.5,47.1,42.5,45.0,1642708,44.81,42.970000000000006,43.462,1.031015599834338,52.78673422385997,-0.3657083391727056,-1.0025684845548763,-0.02088772845953002,0.0525848340288785,0.04002290271705102,0.924190068336703,1513311.9,0.10222222222222226,-0.09399999999999997,0
2025-05-08,46.0,46.0,40.5,40.77,784205,44.836,42.908,43.25,1.0366705202312139,43.08176100628931,-0.5922529034361474,-0.9205053683311306,-0.09399999999999997,0.0613639858640418,0.045286903641437254,-0.5226144877848041,1482734.8,0.13490311503556535,0.057640421878832226,1
2025-05-09,40.77,43.6,40.3,43.12,238119,44.54,43.217,43.1055,1.033278815928362,51.7094017094017,-0.5755313751133642,-0.8515105696875773,0.057640421878832226,0.06261089156309192,0.04702415818771822,-0.6963561823757818,1464391.8,0.07653061224489806,0.09995361781076073,1
2025-05-12,47.43,47.43,45.5,47.43,2134298,44.456,43.96,43.256,1.0277418161642315,59.66813410091433,-0.21205403668253808,-0.7236192630865695,0.09995361781076073,0.06863616820433699,0.05155284674699386,7.963157076923723,1587126.1,0.040691545435378444,-0.008855154965211942,0
2025-05-13,48.0,48.0,46.3,47.01,142327,44.666,44.561,43.358,1.0301674431477468,58.103975535168196,0.0416339525345748,-0.5705686199623407,-0.008855154965211942,0.06915674390424198,0.05160133153749299,-0.9333143731568881,1468345.8,0.03616251861306111,-0.011061476281642113,0
2025-05-14,47.5,47.5,46.0,46.49,117099,44.964,44.887,43.44,1.035082872928177,58.762886597938156,0.19843640616582547,-0.4167676147367074,-0.011061476281642113,0.06820132160570958,0.05168793354616662,-0.17725378881027498,1312753.4,0.03226500322650032,-0.009464400946440188,0
2025-05-15,46.89,46.89,45.56,46.05,410095,46.02,45.428,43.553,1.0566436296007164,60.68133427963094,0.2839262327297263,-0.27662884524342074,-0.009464400946440188,0.06425912070714165,0.051399223166311604,2.502122135970418,1173746.5,0.02888165038002168,-0.015852334419109604,0
2025-05-16,45.99,45.99,45.16,45.32,129988,46.46,45.5,43.6045,1.0654863603527158,59.21052631578948,0.2894361967586576,-0.1634158368430051,-0.015852334419109604,0.05764074657729388,0.05154683925069748,-0.6830295419354052,936088.6,0.018314210061782996,0.003971756398940762,1
2025-05-19,45.2,46.2,45.2,45.5,93592,46.074,45.265,43.7675,1.0526989204318273,58.018531717747685,0.304813676305443,-0.06976993421331547,0.003971756398940762,0.05223682709541586,0.050257664649834465,-0.2799950764685971,654614.5,0.02197802197802198,0.018021978021978136,1
2025-05-20,46.2,46.5,45.05,46.32,229098,45.936,45.301,43.9975,1.0440593215523608,55.797373358348985,0.3788010044255046,0.01994425351444855,0.018021978021978136,0.05102260277809788,0.05016830776532268,1.4478374220018804,592152.9,0.03130397236614859,0.01446459412780654,1
2025-05-21,46.0,47.8,45.9,46.99,1300328,46.036,45.5,44.235,1.0407143664519047,62.83865750101092,0.48589875717568987,0.11313515424669682,0.01446459412780654,0.050486592385943926,0.05018297558946972,4.675859239277514,557914.9,0.04043413492232387,0.00659714832943159,1
2025-05-22,47.41,47.75,46.02,47.3,1317099,46.285999999999994,46.153,44.5305,1.039422418342484,56.404174573055016,0.5889992898754031,0.20830798137243808,0.00659714832943159,0.036564525598229966,0.04979034909652743,0.012897515088500677,611204.3,0.03657505285412256,-0.006131078224101416,0
2025-05-23,46.07,48.0,46.07,47.01,1637110,46.624,46.541999999999994,44.8795,1.0388707539076862,47.682119205298,0.6399299147555197,0.29463236804905446,-0.006131078224101416,0.03386803878104606,0.04899222882149486,0.24296654997080713,751103.4,0.04105509466071048,-0.004041693256753853,0
2025-05-26,46.99,47.11,46.01,46.82,253742,46.888,46.481,45.2205,1.0368748686989306,52.61875761266749,0.6573834822284823,0.36718259088494004,-0.004041693256753853,0.011419410036347603,0.04903292135199324,-0.8450061388666614,563047.8,0.023494233233660858,-0.01665954720205043,0
2025-05-27,47.0,47.1,45.81,46.04,258024,46.832,46.384,45.472500000000004,1.0298971906097092,53.20197044334975,0.6013441578015559,0.41401490426826326,-0.01665954720205043,0.012235578081986612,0.04920347063197599,0.016875408879885923,574617.5,0.0280191138140747,0.008253692441355431,1
2025-05-29,46.86,48.0,46.04,46.42,860448,46.717999999999996,46.376999999999995,45.632,1.0237990883590462,72.80064568200163,0.5808991696288714,0.44739175734038494,0.008253692441355431,0.012173302289664433,0.04792718239731468,2.3347595572504884,648952.4,0.042223179663937974,0.0017233950883239757,1
2025-05-30,46.05,46.87,46.05,46.5,184199,46.55800000000001,46.422000000000004,45.925,1.0137833424060971,66.69960474308303,0.5646428493268729,0.47084197573768255,0.0017233950883239757,0.0117211177741142,0.04547674869360204,-0.7859266335676298,626362.8,0.017634408602150545,0.004301075268817289,1
2025-06-02,46.51,47.19,46.13,46.7,621166,46.496,46.559999999999995,46.03,1.0101238322832935,43.92678868552415,0.5614261556506364,0.48895881172027333,0.004301075268817289,0.010117855654499543,0.04027761942787824,2.3722550068132833,675480.6,0.02269807280513908,0.010706638115631772,1
2025-06-03,46.24,47.49,46.24,47.2,265139,46.572,46.73,45.9975,1.0124898092287624,51.55993431855505,0.5923939750706779,0.5096458443903543,0.010706638115631772,0.010406065844610068,0.03686117591903098,-0.5731591877211566,692635.3,0.026483050847457626,0.0044491525423726586,1
2025-06-04,47.0,48.25,46.52,47.41,680533,46.846000000000004,46.839,46.07,1.016843933145214,57.95847750865048,0.6266577199146326,0.53304821949521,0.0044491525423726586,0.009142313473406669,0.035676080460062445,1.566702748369723,737778.8,0.03649019194262807,0.00210925964986286,1
2025-06-05,47.65,48.2,46.62,47.51,240329,47.064,46.891,46.195499999999996,1.0188005325194014,63.419117647058854,0.6543383437107266,0.5573062443383133,0.00210925964986286,0.00810123387659365,0.035262470124774695,-0.6468518058639332,631778.9,0.033256156598610934,-0.0002104820037885924,0
2025-06-10,48.88,48.88,47.2,47.5,119968,47.263999999999996,46.911,46.532,1.015731109773919,73.09322033898309,0.6677708741069708,0.5793991702920449,-0.0002104820037885924,0.007873680922317654,0.02688123239186888,-0.5008176291666839,512065.8,0.03536842105263157,-0.00042105263157898865,0
2025-06-11,48.59,48.59,47.0,47.48,799612,47.42,46.958000000000006,46.75,1.014331550802139,71.71052631578947,0.669089570296542,0.5973372502929444,-0.00042105263157898865,0.007543510038299734,0.024243408104660396,5.665210722859429,428316.0,0.03348778433024439,0.004001684919966442,1
2025-06-12,47.45,50.0,47.45,47.67,2663214,47.513999999999996,47.04299999999999,46.762,1.0160814336427013,67.175572519084,0.6776544796154838,0.6134006961574523,0.004001684919966442,0.007370543587616396,0.00948511922366402,2.3306328569356136,669263.2,0.053492762743864004,-0.015942941053073367,0
2025-06-13,48.45,48.45,46.5,46.91,307535,47.414,47.13,46.757,1.0140513719870823,49.00497512437804,0.6160155398554963,0.6139236648970611,-0.015942941053073367,0.0071716537656950725,0.009965250258054817,-0.8845248635671035,674214.3,0.041568961841824834,-0.0006395224898740892,0
2025-06-16,47.5,47.5,46.1,46.88,474778,47.288,47.176,46.7765,1.0109349780338417,44.38502673796799,0.5583096407289503,0.6028008600634389,-0.0006395224898740892,0.006839523953298921,0.009626374225681671,0.5438177768384087,635647.3,0.02986348122866891,0.02069112627986347,1
2025-06-17,47.9,48.5,46.08,47.85,392782,47.358,47.311,46.8665,1.0104872350186167,59.502262443438944,0.5841148805502812,0.5990636641608074,0.02069112627986347,0.009261380820751846,0.01032599920158961,-0.17270387423174616,656505.6,0.050574712643678195,0.0022988505747125743,1
2025-06-18,47.75,48.9,47.55,47.96,409110,47.454,47.437,46.9985,1.0096917986744258,63.13364055299539,0.6064510099766736,0.6005411333239806,0.0022988505747125743,0.009249468730372102,0.009436522474169883,0.04157013305090351,635300.0,0.028148457047539644,-0.019808173477898317,0
2025-06-19,48.49,49.0,46.81,47.01,509401,47.322,47.41799999999999,47.074,1.0052683009729364,60.75388026607537,0.5412562280745377,0.5886841522740921,-0.019808173477898317,0.011153629076732386,0.01070431570016082,0.2451443377086846,659726.2,0.04658583280153154,0.010423314188470645,1
2025-06-20,47.9,48.35,47.11,47.5,313938,47.44,47.427,47.132999999999996,1.0065134831222287,61.688311688311664,0.5230978521902472,0.5755668922573232,0.010423314188470645,0.011590518195636458,0.01021785879356398,-0.3837114571820629,623066.7,0.026105263157894777,-0.03157894736842104,0
2025-06-23,47.88,47.88,45.95,46.0,292948,47.263999999999996,47.275999999999996,47.0835,1.0038336147482663,45.860927152317885,0.3832518556747573,0.53710388494081,-0.03157894736842104,0.015294190725441829,0.012109518078608966,-0.06686033548025405,628328.6,0.04195652173913043,0.028913043478260736,1
2025-06-24,47.01,47.8,46.85,47.33,795576,47.160000000000004,47.259,47.085,1.0015928639694172,54.39330543933052,0.3754152275708833,0.5047661534668246,0.028913043478260736,0.01837257111020432,0.0137612531030012,1.7157584281169354,695889.4,0.020071836044791798,0.020494401014155894,1
2025-06-25,47.35,48.4,47.1,48.3,360921,47.227999999999994,47.340999999999994,47.1495,1.0016649169132226,57.198952879581114,0.442376100394668,0.4922881428523933,0.020494401014155894,0.019501247842582045,0.01439766693864663,-0.5463400102567196,652020.3,0.026915113871635553,0.001035196687370732,1
2025-06-26,48.48,48.98,47.52,48.35,618095,47.495999999999995,47.409000000000006,47.226,1.0057171896836488,56.28342245989307,0.49378560359969015,0.4925876350018527,0.001035196687370732,0.019488034775694225,0.014340329503446986,0.7125492836382477,447508.4,0.03019648397104434,0.0175801447776629,1
2025-06-27,48.9,49.39,47.58,49.2,716390,47.836,47.638,47.384,1.0095390849231807,60.267314702308646,0.5962427858418025,0.5133186651698427,0.0175801447776629,0.019014742838697002,0.01407361143405313,0.15902895186015087,488393.9,0.036788617886178904,0.016463414634146245,1
2025-06-30,49.84,50.3,49.39,50.01,1210229,48.638,47.951,47.5635,1.0225908522291254,63.89811738648945,0.7343361020048107,0.5575221525368363,0.016463414634146245,0.019225037801179855,0.014339266810472779,0.6893437931852762,561939.0,0.018196360727854362,0.051589682063587494,1
2025-07-01,50.97,53.5,50.75,52.59,2350062,49.690000000000005,48.425,47.868,1.0380630066014875,72.04486626402073,1.039972334303414,0.6540121888901519,0.051589682063587494,0.02369550351163648,0.01785754442949249,0.941832496163949,757667.0,0.05229131013500665,-0.00798630918425558,0
2025-07-02,52.59,53.48,51.5,52.17,890309,50.464,48.846000000000004,48.14149999999999,1.0482431997341173,69.03553299492384,1.2340751107846089,0.7700247732690433,-0.00798630918425558,0.0242706666523312,0.018139895035713782,-0.6211551014398768,805786.9,0.0379528464634847,0.10005750431282334,1
2025-07-03,52.11,57.39,52.11,57.39,6843565,52.272000000000006,49.884,48.650999999999996,1.0744280693099835,82.1867321867322,1.7884966580472508,0.9737191502246849,0.10005750431282334,0.03558287959254381,0.027843215167906096,6.686730112803533,1439203.3,0.09200209095661267,0.09078236626589997,1
2025-07-04,59.05,63.13,57.5,62.6,7467698,54.952,51.394000000000005,49.4105,1.1121522753260946,86.62628145386765,2.6181033214804117,1.3025959844758304,0.09078236626589997,0.04157400288997859,0.033103960596514444,0.09119998129629803,2154579.3,0.08993610223642176,-0.03817891373801918,0
2025-07-07,62.19,62.19,59.77,60.21,1369286,56.992000000000004,52.815,50.0455,1.1388036886433348,77.01048951048949,3.0475888461476472,1.6515945568101937,-0.03817891373801918,0.04267568101552536,0.035064871152978065,-0.8166388089073768,2262213.1,0.04019265902673965,-0.0031556219897026505,0
2025-07-08,60.5,61.5,59.5,60.02,935149,58.477999999999994,54.084,50.671499999999995,1.154060961289877,76.26306620209058,3.3341933017000613,1.9881143057881674,-0.0031556219897026505,0.0437959113452256,0.03512709162239181,-0.3170535593002485,2276170.4,0.033322225924691765,0.0,0
2025-07-09,60.0,60.9,59.0,60.02,999552,60.048,55.25600000000001,51.298500000000004,1.170560542705927,79.55474784189005,3.5207444471989575,2.2946403340703254,0.0,0.0444972300104408,0.03511917202688127,0.06886923901966435,2340033.5,0.03165611462845715,0.09996667777407509,1
2025-07-10,59.0,66.02,59.0,66.02,5547080,61.774,57.023,52.215999999999994,1.1830473418109393,83.64825581395348,4.105412786866765,2.6567948246296136,0.09996667777407509,0.04979800062140768,0.040118184459443006,4.549566205660136,2832932.0,0.10633141472281121,0.0013632232656770604,1
2025-07-11,66.5,69.9,65.52,66.11,3017182,62.476,58.714,53.176,1.1748909282383029,88.51014936805822,4.5238804286365095,3.0302119454309926,0.0013632232656770604,0.05060307223534661,0.039549436757145805,-0.45607743172984705,3063011.2,0.06625321433973695,0.01300862199364694,1
2025-07-14,67.0,67.51,62.52,66.97,3212585,63.827999999999996,60.40999999999999,54.18050000000001,1.1780622179566447,88.29953198127924,4.868789487816379,3.39792745390807,0.01300862199364694,0.050725673257582204,0.03932773521828723,0.06476341168679922,3263246.8,0.07451097506346128,-0.009855159026429638,0
2025-07-15,67.35,69.19,65.65,66.31,2243431,65.086,61.782000000000004,55.1035,1.1811590915277614,85.55073035925781,5.030883030047711,3.7245185691359985,-0.009855159026429638,0.051633469559579294,0.03983611145034672,-0.3016741969473181,3252583.7,0.053385613029708824,0.004976624943447527,1
2025-07-16,66.3,67.4,65.6,66.64,394591,66.41,63.229,56.0375,1.1850992638857907,85.70870753611871,5.126872181026137,4.004989291514026,0.004976624943447527,0.050881710258688054,0.039787967603731614,-0.8241127095061092,3203011.9,0.02701080432172886,0.0981392557022811,1
2025-07-17,66.26,73.3,65.99,73.18,9672849,67.84200000000001,64.808,57.346000000000004,1.1830293307292576,88.30670926517573,5.665360864202668,4.337063606051755,0.0981392557022811,0.05057374076739357,0.04263670242841711,23.513607760947412,3485940.3,0.09989068051380161,-0.06340530199508065,0
2025-07-18,72.99,72.99,68.0,68.54,1726892,68.328,65.402,58.398,1.1700400698654063,76.37346996868774,5.652548740033829,4.60016063284817,-0.06340530199508065,0.0520122183510124,0.04679454830858519,-0.8214701790547956,2911859.7,0.07280420192588262,0.0020426028596440826,1
2025-07-21,68.49,69.38,67.08,68.68,569657,68.67,66.249,59.532000000000004,1.1534972787744406,74.60997246864486,5.589262332322818,4.7979809727431,0.0020426028596440826,0.049334201776156494,0.04544710109848856,-0.6701258677439006,2831896.8,0.03348864298194521,0.008299359347699431,1
2025-07-22,69.0,72.5,68.01,69.25,1125382,69.25800000000001,67.172,60.628,1.1423434716632581,76.00487210718637,5.521453752693702,4.942675528733221,0.008299359347699431,0.04901561324716594,0.04549649079701067,0.9755431777367785,2850920.1,0.06483754512635372,0.029747292418772497,1
2025-07-23,70.94,72.75,69.25,71.31,1135875,70.192,68.301,61.778499999999994,1.136188156073715,73.45013477088949,5.569735307084628,5.068087484403502,0.029747292418772497,0.04887601024058666,0.0455470779765324,0.009323945113748122,2864552.4,0.049081475248913195,-0.018370495021736155,0
2025-07-24,71.4,71.55,69.72,70.0,674350,69.556,68.699,62.861000000000004,1.1065048281128202,64.3522110162917,5.43958854420476,5.1423876963637545,-0.018370495021736155,0.040558681329970175,0.04618851087052431,-0.40631671618796084,2377279.4,0.026142857142857117,-0.01928571428571424,0
2025-07-25,69.5,70.9,68.3,68.65,389741,69.578,68.953,63.8335,1.0899919321359475,67.05739692805176,5.167939786458945,5.147498114382793,-0.01928571428571424,0.04137208571133623,0.04700402148285727,-0.422049380885297,2114535.3,0.037873270211216434,0.021267297887836767,1
2025-07-28,69.6,71.9,68.3,70.11,1044706,69.864,69.267,64.8385,1.0775079620904249,69.39638600538254,5.012682898920673,5.120535071290369,0.021267297887836767,0.04164169869718904,0.047009052238490306,1.6805134692013413,1897747.4,0.05134788189987175,-0.00855798031664523,0
2025-07-29,70.25,71.8,69.4,69.51,969730,69.91600000000001,69.587,65.6845,1.0644215910907446,67.8316422397595,4.786055048012663,5.053639066634828,-0.00855798031664523,0.04159104064155134,0.04667320551042337,-0.07176755948563518,1770377.3,0.03452740612861446,-0.016832110487699614,0
2025-07-30,69.99,70.45,67.1,68.34,220493,69.322,69.757,66.49300000000001,1.0425458318920788,55.32598714416898,4.460622343762651,4.935035722060393,-0.016832110487699614,0.0421881732588804,0.04694404910825952,-0.7726243387334619,1752967.5,0.04901960784313738,-0.012291483757682187,0
2025-07-31,68.28,69.6,67.1,67.5,247081,68.822,69.189,66.9985,1.0272170272468786,53.08477585441633,4.087811850760367,4.765590947800388,-0.012291483757682187,0.025924396769574212,0.042710956534513116,0.12058432694008436,810390.7,0.037037037037037035,-0.0005925925925927,0
2025-08-01,68.0,68.0,66.9,67.46,232144,68.58399999999999,69.081,67.2415,1.019965348780143,51.128512206356504,3.745948224040518,4.561662403048414,-0.0005925925925927,0.017017689801581207,0.03814334583722749,-0.060453859260728215,660915.9,0.016305959086866207,-0.0023717758671805145,0
2025-08-04,67.5,69.75,66.9,67.3,634920,68.02199999999999,68.94300000000001,67.596,1.0063021480560979,52.333804809052324,3.4226539498407362,4.333860712406879,-0.0023717758671805145,0.016974010985202865,0.036857581315217006,1.7350265352539802,667442.2,0.04234769687964331,0.028974739970282437,1
2025-08-05,67.9,70.0,67.05,69.25,822747,67.97,68.94300000000001,68.0575,0.99871432244793,55.7161629434954,3.285911667207401,4.124270903366983,0.028974739970282437,0.019435020390564987,0.03712736960519121,0.2958278208278209,637178.7,0.042599277978339394,0.053574007220216435,1
2025-08-06,70.11,74.9,68.61,72.96,2101287,68.894,69.108,68.70450000000001,1.0027581890560298,49.44999999999997,3.4372855293356253,3.9868738285607117,0.053574007220216435,0.024312643684215134,0.03844346894275759,1.55398925793713,733719.9,0.08621162280701763,-0.020010964912280604,0
2025-08-07,72.51,73.75,71.01,71.5,528004,69.694,69.25800000000001,68.97850000000001,1.0103727973209042,58.79904875148632,3.400244703033394,3.8695480034552485,-0.020010964912280604,0.024474492971800158,0.032674287434317904,-0.7487235203948819,719085.3,0.03832167832167825,-0.01482517482517487,0
2025-08-08,71.99,72.49,70.05,70.44,209277,70.28999999999999,69.437,69.195,1.015824842835465,54.9605411499436,3.2479164806822496,3.745221698900649,-0.01482517482517487,0.024072960808885924,0.032955152654981924,-0.6036450481435747,701038.9,0.03463940942646221,0.013770584894946092,1
2025-08-11,71.0,71.6,70.25,71.41,106863,71.112,69.567,69.417,1.0244176498552227,55.95369349503858,3.1689366314819836,3.6299646854169163,0.013770584894946092,0.023546078404260106,0.032966941147443134,-0.48937054716954087,607254.6,0.018904915277972195,-0.010222657891051479,0
2025-08-12,72.0,72.5,70.5,70.68,202028,71.398,69.684,69.63550000000001,1.0253103661207286,48.12611540749554,3.0127109760517925,3.506513943543892,-0.010222657891051479,0.023635388548210495,0.03297500705930369,0.8905327381787898,530484.4,0.028296547821165814,-0.021929824561403688,0
2025-08-13,71.25,71.75,68.7,69.13,499855,70.63199999999999,69.763,69.76,1.0124999999999997,47.44868035190614,2.732332346001897,3.351677624035493,-0.021929824561403688,0.02413441566896084,0.03346545717320972,1.4741867463915894,558420.6,0.04411977433820335,-0.014031534789527011,0
2025-08-15,70.0,70.0,67.51,68.16,216686,69.96399999999998,69.829,69.509,1.0065459149174925,48.53029394121173,2.404145871222056,3.162171273472806,-0.014031534789527011,0.0242501523227514,0.024861504868738612,-0.5665022856628422,555381.1,0.036531690140844994,0.00718896713615047,1
2025-08-18,68.94,68.94,67.75,68.65,169235,69.60600000000001,69.948,69.51450000000001,1.0013162721446605,45.3503184713376,2.1587103611099536,2.961479091000236,0.00718896713615047,0.024309821969000348,0.020500697495654762,-0.21898507517790722,549090.2,0.017334304442825896,0.004369992716678706,1
2025-08-19,68.5,69.85,68.0,68.95,155027,69.114,70.113,69.52799999999999,0.9940455643769418,48.18181818181817,1.96574851858783,2.762332976517755,0.004369992716678706,0.024268199107580723,0.020517844820366518,-0.0839542647797441,501100.9,0.026831036983321163,0.045395213923132616,1
2025-08-20,68.5,72.8,68.5,72.08,8927460,69.394,70.396,69.6695,0.9960456153697099,60.771889400921644,2.041852505003959,2.6182368822149957,0.045395213923132616,0.02668027033121783,0.022817933781681274,56.586484934882314,1311572.2,0.05965593784683681,0.024001109877913596,1
2025-08-21,73.8,76.4,71.8,73.81,5032375,70.33,70.481,69.7945,1.0076725243393103,67.28767123287672,2.216214858976656,2.5378324775673278,0.024001109877913596,0.021809604398654783,0.022487239702845538,-0.43630383110089543,1604681.0,0.06232217856659001,-0.0035225579189812617,0
2025-08-22,73.81,74.55,73.01,73.55,513306,71.408,70.68599999999999,69.97200000000001,1.0205224947121705,66.48619382782893,2.306826790334455,2.4916313401207533,-0.0035225579189812617,0.020603439484138533,0.022020947303752737,-0.8979992548250081,1603211.2,0.02093813732154986,-0.011420802175390987,0
2025-08-25,73.0,74.0,72.26,72.71,400000,72.22,70.913,70.175,1.029141432133951,64.12532637075716,2.284521872847435,2.45020944666609,-0.011420802175390987,0.02030174321832093,0.02167511274966435,-0.22073772759328747,1622283.5,0.02393068353734005,-0.00742676385641583,0
2025-08-26,72.55,72.9,71.5,72.17,1535384,72.864,70.989,70.278,1.0367967215913942,58.229988726042855,2.197935149769606,2.399754587286793,-0.00742676385641583,0.020200335090991728,0.021356375245644956,2.83846,1765135.6,0.019398642095053424,-0.014271858112789304,0
2025-08-27,72.5,73.4,71.0,71.14,553901,72.676,71.035,70.3595,1.0329237700665868,43.95750332005314,2.0228836128878953,2.3243803924070137,-0.014271858112789304,0.020494086895835123,0.021537735558564565,-0.6392426910792349,1800322.9,0.033736294630306515,-0.0009839752600506735,0
2025-08-28,71.5,72.01,69.5,71.07,812258,72.128,71.229,70.496,1.0231502496595553,48.42721287490854,1.8570981225915233,2.2309239384439157,-0.0009839752600506735,0.018918711537832467,0.02112005268032497,0.46643172696925994,1831563.2,0.0353172928099058,-0.022372308991135403,0
2025-08-29,70.58,70.88,69.07,69.48,639034,71.314,71.361,70.595,1.0101848572845102,46.61971830985918,1.5792080874865064,2.100580768252434,-0.022372308991135403,0.01990759614555804,0.02159819384944162,-0.2132622885831842,1873798.0,0.026050662061024788,0.0001439263097293697,1
2025-09-01,69.34,71.45,69.05,69.49,2110239,70.67,71.44500000000001,70.69649999999999,0.9996251582468724,42.74924471299093,1.3442890219485264,1.9493224189916525,0.0001439263097293697,0.019831838244701187,0.021594770314317526,2.302232745049559,2067898.4,0.03453734350266234,-0.011656353432148325,0
2025-09-02,70.0,70.25,68.11,68.68,487391,69.97200000000001,71.41799999999999,70.7655,0.9887869088750875,42.49249249249249,1.0803007053937108,1.7755180762720641,-0.011656353432148325,0.020208351589326216,0.021785892294244807,-0.7690351661589043,2101134.8,0.031158998252766457,0.0001456027955735184,1
2025-09-03,68.68,69.85,68.25,68.69,271602,69.482,71.079,70.7375,0.9822512811450786,48.13242784380306,0.8619588539004184,1.5928062317977352,0.0001456027955735184,0.012431167850675297,0.020784787940449505,-0.4427430953792746,1235549.0,0.02329305575775214,0.00815256951521337,1
2025-09-04,68.5,69.51,68.5,69.25,171455,69.11800000000001,70.623,70.55199999999999,0.9796745662773559,54.79331574318384,0.7257427724865693,1.4193935399355022,0.00815256951521337,0.008856691796329565,0.016674467131801405,-0.368727034410645,749457.0,0.014584837545126428,0.08765342960288791,1
2025-09-05,69.27,76.18,69.27,75.32,6457973,70.286,70.8,70.743,0.9935399968901517,69.6755162241888,1.0949667226895627,1.3545081764863145,0.08765342960288791,0.031087816388887808,0.02566877604375682,36.66570237088449,1343923.7,0.09174190122145527,-0.01951672862453535,0
2025-09-08,74.85,76.5,72.56,73.85,2580745,71.15799999999999,70.914,70.9135,1.0034478625367524,63.52097130242826,1.254501535837889,1.3345068483566296,-0.01951672862453535,0.031600391269149986,0.02586008558797218,-0.6003784778908181,1561998.2,0.05335138794854432,-0.0069058903182124265,0
2025-09-09,73.5,76.5,73.01,73.34,1148228,72.09,71.031,71.01,1.015209125475285,54.06451612903229,1.3245131240784502,1.3325081035009938,-0.0069058903182124265,0.03158357559957887,0.025806335303262675,-0.555078862886492,1523282.6,0.047586583037905576,-0.009680938096536806,0
2025-09-10,73.75,74.8,72.18,72.63,616070,72.878,71.17999999999999,71.10749999999999,1.0248989206483143,45.92541436464085,1.307633164733275,1.3275331157474501,-0.009680938096536806,0.03135266582242426,0.02579351078510763,-0.463460218702209,1529499.5,0.03607324796915862,-0.026986093900591923,0
2025-09-11,73.0,73.45,69.52,70.67,848178,73.162,71.14,71.1845,1.0277799240003092,41.10012360939431,1.1231530465598922,1.2866571019099386,-0.026986093900591923,0.032721858215237244,0.026060360835143764,0.3767558881295956,1533091.5,0.05561058440639602,-0.007216640724494239,0
2025-09-12,71.0,71.45,69.56,70.16,396621,72.13,71.208,71.28450000000001,1.0118609234826643,41.95583596214509,0.925134115836471,1.2143525046952452,-0.007216640724494239,0.031916854672502465,0.02589178940037065,-0.5323847116996668,1508850.2,0.02693842645381985,0.0048460661345497424,1
2025-09-15,70.16,71.0,70.0,70.5,182913,71.46,71.309,71.377,1.0011628395701697,44.664536741214036,0.7865707471405017,1.1287961531842965,0.0048460661345497424,0.03193071002004405,0.025871199465861215,-0.5388216962793195,1316117.6,0.014184397163120567,0.003262411347517702,1
2025-09-16,70.5,72.0,70.25,70.73,978627,70.938,71.514,71.46600000000001,0.9926118713793971,48.61952861952862,0.6873935124397832,1.040515625035394,0.003262411347517702,0.031574337195929315,0.025866227142873274,4.350232077545062,1365241.2,0.024741976530467974,0.009048494273999674,1
2025-09-17,71.0,72.1,70.7,71.37,671481,70.686,71.782,71.4305,0.989577281413402,50.972762645914436,0.6529111375324987,0.962994727534815,0.009048494273999674,0.031598656024889246,0.023822001033433786,-0.3138540015756769,1405229.1,0.01961608518985556,0.013170800056045984,1
2025-09-18,71.51,72.65,71.04,72.31,583291,71.014,72.088,71.35549999999999,0.9952141040284211,59.580230196343955,0.6934402040577652,0.909083822839405,0.013170800056045984,0.03170690544095869,0.023360696520211374,-0.13133655308191894,1446412.7,0.022265246853823806,-0.0008297607523164441,0
2025-09-19,73.0,73.5,71.13,72.25,240865,71.432,71.781,71.2905,1.0019848366893205,59.31174089068829,0.7125049689529703,0.8697680520621182,-0.0008297607523164441,0.012588679133419083,0.023351797170388478,-0.5870586036815243,824701.9,0.03280276816609003,-0.013702422145328685,0
2025-09-22,72.99,72.99,71.0,71.26,182563,71.584,71.522,71.21799999999999,1.0051391502148335,58.6,0.6403476768457494,0.8238839770188444,-0.013702422145328685,0.0119126497259759,0.023412719050062872,-0.24205260208000334,584883.7,0.02792590513612117,-0.0032276171765366346,0
2025-09-23,71.94,71.94,70.7,71.03,276913,71.644,71.291,71.16099999999999,1.00678742569666,57.687253613666236,0.5581691981082315,0.7707410212367218,-0.0032276171765366346,0.011852415190790475,0.023368539033033556,0.5168078964521836,497752.2,0.017457412360974162,0.010136562016049622,1
2025-09-24,71.01,72.0,71.01,71.75,233696,71.72,71.203,71.19149999999999,1.0074236390580338,58.12743823146944,0.54485934498787,0.7255646859869516,0.010136562016049622,0.012284558917839996,0.0232510677779696,-0.15606706799608538,459514.8,0.013797909407665433,0.002090592334494934,1
2025-09-25,71.75,72.25,71.02,71.9,200274,71.638,71.326,71.233,1.0056855670826723,31.923890063425034,0.540187986047556,0.6884893459990725,0.002090592334494934,0.008277381161994552,0.023249692424506422,-0.14301485690812,394724.4,0.017107093184979192,0.005006954102920735,1
2025-09-26,71.97,75.6,71.7,72.26,1702047,71.64000000000001,71.536,71.372,1.00375497393936,40.47904191616774,0.5590900497148539,0.6626094867422287,0.005006954102920735,0.007686271690824526,0.022608982436016063,7.498591929057191,525267.0,0.05397176861334059,0.0009687240520341867,1
2025-09-29,73.0,73.5,71.75,72.33,298480,71.85400000000001,71.71900000000001,71.51400000000001,1.0047543138406467,43.61567635903916,0.5731120078619938,0.6447099909661818,0.0009687240520341867,0.007679483602626841,0.022605792923304124,-0.8246346898763666,536823.7,0.02419466334854141,-0.010922162311627126,0
2025-09-30,72.6,72.8,71.5,71.54,315338,71.95599999999999,71.80000000000001,71.65700000000001,1.0041726558466022,43.17897371714649,0.5145467385144684,0.6186773404758391,-0.010922162311627126,0.008773992983426572,0.02258262662525564,0.05647949611364256,470494.8,0.018171652222532808,-0.007408442829186512,0
2025-10-01,71.99,72.45,71.0,71.01,377035,71.808,71.76400000000001,71.773,1.0004876485586502,52.59146341463417,0.42051928545284056,0.5790457294712394,-0.007408442829186512,0.00867573054298241,0.02268305936895507,0.1956535526958374,441050.2,0.020419659202929204,0.015068300239402754,1
2025-10-02,71.85,73.0,71.56,72.08,1217675,71.84400000000001,71.741,71.9145,0.9990196691904971,63.48314606741576,0.42741493578401446,0.5487195707337945,0.015068300239402754,0.009021137934988245,0.02283563946123037,2.2296073308844004,504488.6,0.01997780244173138,0.1000277469478359,1
2025-10-03,72.98,79.29,72.5,79.29,3483402,73.25000000000001,72.44500000000001,72.113,1.015766921359533,81.41529664045751,1.0031033805074827,0.6395963326885322,0.1000277469478359,0.03295946213213469,0.025305633474371085,1.8606992834705482,828742.3,0.08563501072014132,0.10001261193088662,1
2025-10-06,82.9,87.22,82.85,87.22,3611811,76.228,74.04100000000001,72.78150000000001,1.0473540666240733,88.01290917473492,2.075302550812097,0.9267375763132452,0.10001261193088662,0.04225439664100556,0.032759343735762156,0.036863101071883175,1171667.1,0.05010318734235272,0.028089887640449396,1
2025-10-07,90.0,93.0,87.22,89.67,2231027,79.85400000000001,75.905,73.598,1.0850023098453765,88.93617021276597,3.087136059730966,1.3588172729967893,0.028089887640449396,0.04139663858787335,0.03280873582010052,-0.3822968588334218,1367078.5,0.06445857031337127,0.005352960856473743,1
2025-10-08,89.67,91.49,86.0,90.15,693077,83.68199999999999,77.745,74.474,1.1236404651287695,88.7152777777778,3.882992671451106,1.8636523526876527,0.005352960856473743,0.041605691278940274,0.03249059139968833,-0.6893462069262273,1413016.6,0.0608985024958402,-0.02129783693843601,0
2025-10-09,89.89,90.5,86.15,88.23,558782,86.912,79.378,75.352,1.1534133135152351,82.08835341365463,4.309114031956042,2.352744688541331,-0.02129783693843601,0.043574278701303204,0.03216066529037019,-0.19376634919352398,1448867.4,0.049302958177490586,-0.05054969964864564,0
2025-10-10,85.15,87.01,82.0,83.77,982709,87.80799999999999,80.529,76.0325,1.154874560220958,72.04793796263657,4.238079610335049,2.729811672900075,-0.05054969964864564,0.049100598848573415,0.034844435427086866,0.7586625911357201,1376933.6,0.05980661334606668,-0.002984361943416447,0
2025-10-13,83.5,89.5,83.0,83.52,634927,87.06800000000001,81.648,76.68350000000001,1.1354202664197643,71.99718210637548,4.114185637722201,3.0066864658645,-0.002984361943416447,0.04925015867258504,0.03494282788055232,-0.353901307508123,1410578.3,0.0778256704980843,0.029454022988505857,1
2025-10-14,83.99,87.0,83.99,85.98,200867,86.33,83.092,77.446,1.1147121865557936,73.61433786923332,4.166471720287944,3.2386435167491894,0.029454022988505857,0.04848897048334575,0.035203714958117964,-0.6836376465325935,1399131.2,0.03500814142823918,-0.02151663177483143,0
2025-10-15,86.0,86.9,83.15,84.13,359015,85.126,84.404,78.084,1.090184929050766,69.2114357524348,4.012377093007103,3.3933902320007725,-0.02151663177483143,0.049554882146327,0.035920490389872266,0.7873269377249623,1397329.2,0.04457387376678949,-0.0073695471294423776,0
2025-10-16,83.01,85.0,83.01,83.51,146338,84.182,85.547,78.644,1.0704185951884442,67.52882517918354,3.796463899633139,3.4740049655272456,-0.0073695471294423776,0.05021430336666538,0.03608362895703552,-0.5923902900992994,1290195.5,0.023829481499221587,0.004909591665668733,1
2025-10-17,84.5,88.38,83.53,83.92,846873,84.21199999999999,86.01,79.2275,1.0629137610047015,67.86925686093124,3.6167431481335086,3.5025526020484987,0.004909591665668733,0.04060106781611231,0.03603400621297025,4.7871024614249205,1026542.6,0.057793136320304986,0.025619637750238233,1
2025-10-20,84.01,86.9,83.3,86.07,551372,84.72200000000001,85.89500000000001,79.968,1.0594487795118048,71.50044391831901,3.606229816922877,3.5232880450233743,0.025619637750238233,0.02558247007301979,0.035853705566981475,-0.34893189415650283,720498.7,0.041826420355524675,-0.003717904031602104,0
2025-10-21,86.98,88.0,84.0,85.75,420021,84.676,85.503,80.704,1.0492168913560667,71.94758784991066,3.5313691748983302,3.524904270998366,-0.003717904031602104,0.02344804997309919,0.035863444602112604,-0.2382257350754119,539398.1,0.04664723032069971,-0.003148688046647141,0
2025-10-22,85.8,86.6,85.27,85.48,39759,84.946,85.036,81.3905,1.043684459488515,70.43929225137279,3.4109356898375296,3.5021105547661984,-0.003148688046647141,0.023215770935839698,0.035984558805565316,-0.9053404472633511,474066.3,0.015559195133364508,-0.026438933083762328,0
2025-10-23,85.99,85.99,83.0,83.22,96978,84.888,84.535,81.9565,1.0357689750050332,57.06072583542938,3.097423008495454,3.4211730455120497,-0.026438933083762328,0.023667828771030314,0.03684411646646397,1.439145853768958,427885.9,0.03592886325402541,-0.012977649603460706,0
2025-10-24,84.47,85.42,81.01,82.14,45356,84.532,84.372,82.4505,1.0252454503004833,37.89323164918971,2.73034130079445,3.28300669656853,-0.012977649603460706,0.01805038789469223,0.03713822199084991,-0.5323062962733816,334150.6,0.05368882395909419,-0.022887752617482326,0
2025-10-27,82.14,84.51,79.0,80.26,228844,83.37,84.046,82.847,1.0063128417444205,26.947574718275362,2.261655161703416,3.078736389595507,-0.022887752617482326,0.019250818367546746,0.037722632534814636,4.045506658435488,293542.3,0.06865188138549719,0.0014951407924244098,1
2025-10-28,80.01,84.0,79.1,80.38,332856,82.296,83.486,83.289,0.9880776573136909,25.635910224438845,1.8782497232508462,2.838639056326575,0.0014951407924244098,0.015559818828232218,0.037533494984785074,0.4545104962332418,306741.2,0.06096043791988064,-0.008335406817616353,0
2025-10-29,80.25,80.6,78.5,79.71,310465,81.14200000000001,83.04400000000001,83.724,0.969160575223353,27.340425531914846,1.5030089982723354,2.571513044715727,-0.008335406817616353,0.014690091982959005,0.03755212406877472,-0.06726932968010191,301886.2,0.026345502446368015,-0.01881821603312006,0
2025-10-30,78.25,80.77,78.13,78.21,287465,80.14,82.514,84.0305,0.9537013346344482,32.449494949494905,1.0722305499470366,2.271656545761989,-0.01881821603312006,0.01530388897430771,0.03790515319310573,-0.07408242474997184,315998.9,0.03375527426160339,0.03081447385244873,1
2025-10-31,79.95,81.5,78.5,80.62,386746,79.836,82.184,84.09700000000001,0.9493323186320557,41.944444444444464,0.9147576283252477,2.0002767622746407,0.03081447385244873,0.01914662805717764,0.03133909211170404,0.34536726210147317,269986.2,0.037211610022326966,0.0048375093029024985,1
2025-11-03,80.01,82.89,80.0,81.01,48596,79.986,81.678,83.7865,0.9546406640687939,34.400502197112345,0.812067930435532,1.762634995906819,0.0048375093029024985,0.016544885288444833,0.021117781729196587,-0.874346470293164,219708.6,0.0356746080730774,-0.025182076286878186,0
2025-11-04,80.17,81.08,78.8,78.97,248861,79.704,81.0,83.2515,0.9573881551683754,33.995037220843656,0.5596236608018614,1.5220327288858275,-0.025182076286878186,0.01758725313419024,0.020269728943484853,4.121018190797597,202592.6,0.028871723439280756,-0.018361403064454884,0
2025-11-05,78.83,79.75,77.2,77.52,400096,79.26599999999999,80.204,82.62,0.9594045025417572,32.330383480825915,0.23979269558117267,1.2655847222248966,-0.018361403064454884,0.017771800196679288,0.020255826131656458,0.6077087209325689,238626.3,0.03289473684210523,-0.006707946336429238,0
2025-11-06,77.0,78.0,76.5,77.0,206702,79.024,79.582,82.05850000000001,0.9630202843093646,29.718640093786618,-0.055001282247943095,1.0014675213303288,-0.006707946336429238,0.01675921025658589,0.0199869748408637,-0.4833689914420539,249598.7,0.01948051948051948,0.0,0
2025-11-07,77.0,78.0,76.0,77.0,156959,78.3,79.068,81.72,0.9581497797356828,19.58417169684776,-0.2853384297522439,0.7441063311138143,0.0,0.016799997354725867,0.0171274575218974,-0.2406507919613744,260759.0,0.025974025974025976,0.0,0
2025-11-10,77.05,77.65,76.51,77.0,139499,77.498,78.74199999999999,81.394,0.9521340639359166,20.013708019191228,-0.46255028685958166,0.5027750075191352,0.0,0.015821847012431712,0.017150360076914152,-0.11123924082085135,251824.5,0.014805194805194813,-0.015844155844155883,0
2025-11-11,77.0,77.5,75.15,75.78,114319,76.85999999999999,78.282,80.884,0.9502497403689232,18.790218790218802,-0.6934421944296076,0.26353156712938663,-0.015844155844155883,0.01609729264439078,0.015414680336340358,-0.18050308604362753,229970.8,0.031010820797043998,0.00488255476379007,1
2025-11-12,76.0,76.57,75.65,76.15,53570,76.586,77.926,80.485,0.9515561905945207,24.102564102564145,-0.8369222679453827,0.04344080011443277,0.00488255476379007,0.016402093122381806,0.015160607027877943,-0.5313989800470613,204281.3,0.012081418253446979,0.01943532501641476,1
2025-11-13,75.01,78.25,75.01,77.63,18604,76.712,77.86800000000001,80.191,0.9566160791111222,33.950177935943046,-0.8217351771905754,-0.12959439534656889,0.01943532501641476,0.0171206955947138,0.016083922205257492,-0.6527160724285981,177395.2,0.04173644209712733,0.001416977972433342,1
2025-11-14,78.99,78.99,77.01,77.74,50974,76.85999999999999,77.58000000000001,79.88199999999999,0.9621691995693648,39.739413680781716,-0.7916970271440249,-0.2620149217060601,0.001416977972433342,0.013199758216436718,0.016006339680745107,1.739948398193937,143818.0,0.025469513763828014,0.03125803961924367,1
2025-11-17,79.78,85.0,77.01,80.17,421149,77.494,77.49600000000001,79.587,0.9737017352080113,49.28032899246061,-0.5652945218124756,-0.3226708417273432,0.03125803961924367,0.01712590658789507,0.016588904251327533,7.262035547534037,181073.3,0.09966321566670817,-0.018834975676687127,0
2025-11-18,81.17,82.0,78.0,78.66,328412,78.07000000000001,77.465,79.2325,0.9853279904079766,46.59753726506806,-0.501927379210116,-0.3585221492238978,-0.018834975676687127,0.016220069846954465,0.016944073353515592,-0.22019997673032587,189028.4,0.05085176709890669,0.0016526824307145915,1
2025-11-19,80.77,80.77,78.19,78.79,22960,78.598,77.59200000000001,78.898,0.9961976222464448,52.06258890469421,-0.4361904170092856,-0.3740558027809754,0.0016526824307145915,0.014923434086520488,0.016993245339273984,-0.9300878165231478,151314.8,0.03274527224267037,-0.0010153572788426102,0
2025-11-20,80.98,80.98,78.1,78.71,149832,78.814,77.763,78.67249999999999,1.0017985954431345,41.85848252344414,-0.3860980344643963,-0.3764642491176596,-0.0010153572788426102,0.014672440915922251,0.016150854419252608,5.525783972125436,145627.8,0.036590013975352685,-0.021471223478592316,0
2025-11-21,79.99,79.99,76.8,77.02,148903,78.67,77.765,78.41650000000001,1.0032327380079447,34.68917881811204,-0.47726670301794627,-0.39662473989771696,-0.021471223478592316,0.016502506195464693,0.01654336669142176,-0.0062002776442949825,144822.2,0.041417813554920774,-0.006232147494157236,0
2025-11-24,78.0,78.0,76.0,76.54,51478,77.944,77.71900000000001,78.2305,0.9963377455084653,39.40714908456848,-0.5815468085454256,-0.4336091536272587,-0.006232147494157236,0.016625932365731372,0.015900686461893073,-0.654285004331679,136020.1,0.026130128037627383,-0.0005226025607526497,0
2025-11-25,77.25,77.99,76.1,76.5,39332,77.512,77.79100000000001,78.0365,0.9932787862090176,44.93041749502985,-0.6598113150579081,-0.47884958591338866,-0.0005226025607526497,0.01573431474673874,0.015882060333259847,-0.23594545242627918,128521.4,0.024705882352941185,0.006535947712418277,1
2025-11-26,76.51,77.77,76.1,77.0,60399,77.154,77.876,77.901,0.9904109061501136,50.0,-0.6737244034644476,-0.5178245494236005,0.006535947712418277,0.015787578848945376,0.015935190523174825,0.5356198515203905,129204.3,0.02168831168831171,-0.004415584415584428,0
2025-11-27,77.87,77.87,76.0,76.66,70718,76.744,77.779,77.8235,0.9861288685294288,48.36223506743737,-0.7040697074471893,-0.5550735810283183,-0.004415584415584428,0.01447761526394209,0.015434053158744764,0.1708471994569447,134415.7,0.024393425515262256,0.03117662405426569,1
2025-11-28,76.2,80.99,76.2,79.05,426888,77.15,77.91,77.745,0.9923467747122001,58.0266249021143,-0.5291656611949662,-0.5498919970616479,0.03117662405426569,0.017754601848500542,0.015473366646724282,5.036482932209621,172007.1,0.060594560404806985,0.004048070841239815,1
2025-12-01,79.1,82.9,79.0,79.37,556603,77.716,77.83,77.663,1.0006824356514685,65.12215669755685,-0.3605751330919844,-0.5120286242677152,0.004048070841239815,0.014533438681667229,0.01545904211035411,0.30386190288787684,185552.5,0.04913695350888252,-0.02192264079627071,0
2025-12-02,79.15,80.0,77.27,77.63,401011,77.942,77.727,77.596,1.004458992731584,55.589123867069425,-0.36318283747749547,-0.48225946690967125,-0.02192264079627071,0.014982485137815775,0.015204773756883862,-0.27953855800274163,192812.4,0.03516681695220925,-0.015457941517454499,0
2025-12-03,77.63,78.4,76.02,76.43,159501,77.828,77.491,77.5415,1.00369479569005,45.37037037037043,-0.45681357068578166,-0.4771702876648934,-0.015457941517454499,0.01558339086992023,0.015040708926894804,-0.6022528060327522,206466.5,0.031139604867198866,-0.0037943216014654224,0
2025-12-04,76.5,77.05,75.5,76.14,396898,77.724,77.23400000000001,77.4985,1.002909733736782,43.91171993911724,-0.5480990332200832,-0.49135603677593137,-0.0037943216014654224,0.015570272365117724,0.014992477314359438,1.4883731136481901,231173.1,0.020357236669293368,-0.002101392172314087,0
2025-12-05,76.2,77.0,75.26,75.98,1109117,77.11,77.13000000000001,77.4475,0.9956422092385163,30.726770929162896,-0.6261363724338764,-0.5183121039075205,-0.002101392172314087,0.014189068448407744,0.014996481939284701,1.7944635649461573,327194.5,0.022900763358778557,0.006843906291129187,1
2025-12-08,76.0,76.88,75.59,76.5,1030241,76.536,77.126,77.4225,0.9885498401627434,39.06882591093122,-0.6386597991975975,-0.5423816429655359,0.006843906291129187,0.014283030240761604,0.015087745820636102,-0.07111603194252725,425070.8,0.01686274509803911,-0.011241830065359504,0
2025-12-09,76.43,77.75,71.1,75.64,589777,76.138,77.03999999999999,77.4155,0.9834981366780555,35.15551366635249,-0.7097974150472481,-0.5758647973818783,-0.011241830065359504,0.014725247640116613,0.014870407626782189,-0.4275349165874781,480115.3,0.087916446324696,0.018905341089370697,1
2025-12-10,76.45,80.89,75.37,77.07,1054417,76.26599999999999,77.047,77.4615,0.9845665265970835,43.1438127090301,-0.6433690808548391,-0.5893656540764706,0.018905341089370697,0.015904026308202656,0.015432118569273023,0.7878231941903466,579517.1,0.07162319968859474,0.051511612819514996,1
2025-12-11,77.59,83.75,76.55,81.04,2987742,77.24600000000001,77.485,77.632,0.9950278235779061,64.11516853932588,-0.2672970916060535,-0.5249519415823871,0.051511612819514996,0.02254571976516546,0.018783216598560182,1.833548776243175,871219.5,0.0888450148075025,-0.011475814412635787,0
2025-12-12,80.5,82.89,79.81,80.11,719156,78.072,77.59100000000001,77.7505,1.0041350216397322,62.15112321307007,-0.04379570867203597,-0.4287206950003169,-0.011475814412635787,0.021205515883770374,0.01903527850184194,-0.759297824243191,900446.3,0.038447135189114946,0.015978030208463334,1
2025-12-15,80.9,81.9,80.0,81.39,559030,79.05,77.793,77.8115,1.0159166704150415,65.3483992467043,0.23391957093350868,-0.2961926418135518,0.015978030208463334,0.021692809538367556,0.01806735835394566,-0.22265822714404104,900689.0,0.02334439120285054,0.04668878240570096,1
2025-12-16,81.9,87.44,81.39,85.19,2944765,80.96000000000001,78.549,78.138,1.036115590365763,71.29485179407173,0.7519709202434512,-0.08655992940215121,0.04668878240570096,0.02378100642183209,0.020122708166511738,4.267633221830671,1155064.4,0.07101772508510386,-0.02922878272097662,0
2025-12-17,85.2,85.75,82.11,82.7,297861,82.086,79.176,78.33349999999999,1.0479041533954185,64.12535079513566,0.9506496592157134,0.12088198832142173,-0.02922878272097662,0.0257126020829265,0.021467109298853575,-0.8988506722947331,1168900.4,0.04401451027811367,-0.0007255139056832061,0
2025-12-18,83.0,83.98,82.25,82.64,94227,82.40599999999999,79.826,78.53,1.0493569336559276,59.42257217847769,1.0906897007556182,0.31484353080826105,-0.0007255139056832061,0.025571355385911786,0.021464609117028306,-0.6836544562732281,1138633.3,0.02093417231364961,-0.015851887705711554,0
2025-12-19,82.94,83.2,80.67,81.33,328494,82.65,80.361,78.74549999999999,1.0495837857401378,54.89021956087822,1.0834767452583236,0.4685701736982736,-0.015851887705711554,0.026556417306841065,0.021166895285326753,2.4861982234391418,1060571.0,0.03110783228820855,-0.01623017336776089,0
2025-12-22,81.33,81.6,80.0,80.01,145962,82.374,80.712,78.919,1.04377906461055,56.065239551478115,0.9601791106634892,0.5668919610913168,-0.01623017336776089,0.02756818508008847,0.0215100940415825,-0.5556631171345595,972143.1,0.01999750031246087,-0.008248968878890262,0
2025-12-23,80.0,80.3,79.0,79.35,87408,81.20599999999999,81.083,79.0615,1.0271244537480315,57.65199161425573,0.7999866150616839,0.6135108918853902,-0.008248968878890262,0.02738995279063032,0.02163504592416512,-0.4011592058206931,921906.2,0.016383112791430336,-0.004536862003780673,0
2025-12-24,79.01,80.9,78.75,78.99,292902,80.464,81.275,79.161,1.0164601255668826,57.44125326370756,0.6366450687632579,0.6181377272609637,-0.004536862003780673,0.027081617819724534,0.02165586642503529,2.350974739154311,845754.7,0.027218635270287454,-0.011520445626028608,0
2025-12-26,79.84,79.84,77.9,78.08,224341,79.55199999999999,80.979,79.232,1.004038772213247,55.276381909547716,0.4288231157515128,0.5802748049590736,-0.011520445626028608,0.021171701946733134,0.02181562935665711,-0.23407487828693552,569414.6,0.024846311475409808,0.0047387295081968706,1
2025-12-29,78.56,79.1,78.15,78.45,150584,78.976,80.813,79.202,0.9971465367036186,54.936708860759495,0.2906284446938656,0.522345532906032,0.0047387295081968706,0.021115113903816166,0.020670800292103015,-0.3287718250342113,512557.4,0.012109623964308331,0.03314212874442313,1
2025-12-30,79.9,81.5,78.5,81.05,836849,79.184,80.779,79.286,0.9987135181494841,62.58724988366681,0.3864516688544768,0.495166760095721,0.03314212874442313,0.023312568284000464,0.021967184237206363,4.557356691281942,540339.3,0.03701418877236274,0.0009870450339295456,1
2025-12-31,80.78,82.45,80.54,81.13,143256,79.53999999999999,80.373,79.46099999999998,1.0009941984117996,60.079443892750746,0.46350460323837694,0.4888343287242522,0.0009870450339295456,0.01662442566538926,0.021280532769939183,-0.8288149952978374,260188.4,0.023542462714162413,0.023419203747072626,1
2026-01-01,80.51,84.0,80.51,83.03,1032197,80.348,80.40599999999999,79.79100000000001,1.0069807371758719,55.506364139457645,0.6701585592002601,0.5250991748194538,0.023419203747072626,0.016344179641740786,0.021337150624373222,6.205261908750768,333622.0,0.042033000120438334,0.01662049861495829,1
2026-01-02,83.51,86.0,83.15,84.41,2109341,81.61399999999999,80.583,80.2045,1.017573826904974,61.60907127429805,0.9345152647635473,0.6069823928082725,0.01662049861495829,0.017100581507674073,0.021414548112595137,1.0435449822078535,535133.4,0.03376377206492115,0.007463570666982777,1
2026-01-05,85.0,86.9,83.8,85.04,1808376,82.93199999999999,80.954,80.6575,1.0281994854787215,60.212646894236165,1.1812390054212614,0.7218337153308703,0.007463570666982777,0.01590569801123671,0.021345281437467934,-0.14268200352621985,683121.6,0.03645343367826915,0.05950141110065843,1
2026-01-06,85.15,92.93,84.03,90.1,2410673,84.742,81.963,81.3375,1.0418564622714,62.83324621014114,1.7647263919146496,0.9304122506476262,0.05950141110065843,0.02182293869215047,0.02448886849545175,0.3330596070728653,909592.7,0.0987791342952276,0.0796892341842399,1
2026-01-07,91.1,99.11,89.0,97.28,3769228,87.97200000000001,83.756,82.4195,1.067368765886714,80.60453400503776,2.774527319886232,1.2992352644953475,0.0796892341842399,0.029168318225843103,0.028709138660092136,0.5635583922000205,1277774.7,0.10392680921052631,0.10002055921052633,1
2026-01-08,97.91,107.01,97.91,107.01,3878607,92.768,86.55799999999999,83.9165,1.1054798519957338,86.38399522245446,4.310245684309706,1.9014373484582192,0.10002055921052633,0.03676709045578861,0.03468815176970208,0.029018939687384337,1636345.2,0.08503878142229705,0.04167834781796098,1
2026-01-09,108.0,114.85,107.01,111.47,2363077,98.18,89.897,85.438,1.14913738617477,91.12991266375546,5.820107699920001,2.685171418750576,0.04167834781796098,0.033576082937073995,0.03424150631453165,-0.39074079946743767,1850218.8,0.07033282497532958,-0.07840674620974253,0
2026-01-12,112.15,116.0,102.0,102.73,1816459,101.718,92.325,86.569,1.1749933578994791,75.78302315024966,6.239514034658342,3.396039941932129,-0.07840674620974253,0.049088626186680084,0.03992882318314363,-0.23131620340767567,2016806.3,0.13627956779908498,0.008079431519517177,1
2026-01-13,103.0,104.5,99.5,103.56,629147,104.41,94.576,87.6775,1.1908414359442274,77.3683020574271,6.563213994528439,4.029474752451391,0.008079431519517177,0.0494586702172696,0.03993957373572729,-0.653640957489269,1996036.1,0.04828118964851294,-0.026168404789494115,0
2026-01-14,103.98,105.35,100.51,100.85,465324,105.124,96.548,88.4605,1.188372211325959,73.46500644053242,6.525848276540302,4.528749457269174,-0.026168404789494115,0.05167467419482839,0.04001461739233325,-0.26038906646618354,2028242.9,0.04799206742687149,-0.027466534457114444,0
2026-01-15,101.0,102.89,95.2,98.08,652351,103.33800000000001,98.05300000000001,89.2295,1.1581147490459995,70.64409578860446,6.20123583906765,4.86324673362887,-0.027466534457114444,0.05409817643034726,0.039927339396789906,0.40192854871014605,1990258.3,0.078405383360522,0.01926998368678623,1
2026-01-16,98.6,104.5,98.6,99.97,1536438,101.038,99.609,90.096,1.1214482329959155,71.53722978382706,6.027009731770647,5.095999333257225,0.01926998368678623,0.05409660717896471,0.03991318584455792,1.3552320759836345,1932968.0,0.05901770531159353,0.10003000900270087,1
2026-01-19,100.0,109.97,100.0,109.97,1691531,102.48599999999999,102.102,91.52799999999999,1.1197229263176296,75.2092050209205,6.6195447219878645,5.400708411003353,0.10003000900270087,0.05965760009145799,0.04410646270394878,0.10094322061807892,1921283.5,0.0906610893880149,0.05410566518141313,1
2026-01-20,114.0,119.6,113.0,115.92,3005962,104.958,104.684,93.3235,1.1246684918589638,77.51067531235174,7.482989005240796,5.817164529850842,0.05410566518141313,0.059360899371848797,0.044196700730752464,0.7770658651836708,1980812.4,0.056935817805382975,0.005175983436852993,1
2026-01-21,117.0,124.89,115.0,116.52,1677567,108.09200000000001,106.60799999999999,95.18199999999999,1.1356348889495915,77.038591958663,8.122063711433384,6.278144366167351,0.005175983436852993,0.05663798238800094,0.04385176006387704,-0.4419200908062044,1771646.3,0.08487813250944044,0.03887744593202891,1
2026-01-22,117.01,122.0,114.0,121.05,1313269,112.68599999999999,108.01199999999999,97.285,1.1583080639358585,78.14996926859251,8.891571658320075,6.800829824597896,0.03887744593202891,0.04989427409894415,0.04363203874447074,-0.21715853971853283,1515112.5,0.06608839322593969,-0.005700123915737265,0
2026-01-23,121.51,122.5,117.4,120.36,406620,116.76399999999998,108.901,99.399,1.1746999466795438,77.11083819465766,9.33809131290856,7.308282122260029,-0.005700123915737265,0.04916724380197966,0.04341231196868517,-0.6903756960683607,1319466.8,0.04237288135593215,-0.014705882352941124,0
2026-01-26,120.0,122.0,118.02,118.59,813181,118.48799999999999,110.487,101.40599999999999,1.1684515709129637,73.0315278900566,9.440315072909115,7.734688712389847,-0.014705882352941124,0.03986237524334205,0.044050026630281965,0.9998549013821258,1219139.0,0.03356100851673838,-0.006324310650139164,0
2026-01-27,118.0,119.79,117.41,117.84,185136,118.872,111.915,103.24549999999999,1.1513528434653326,68.5492601948755,9.352993915383536,8.058349752988585,-0.006324310650139164,0.04040280511426027,0.044396904237914155,-0.7723311292319914,1174737.9,0.02019687712152079,-0.01773591310251188,0
2026-01-28,117.0,118.99,115.01,115.75,369376,118.718,113.405,104.97650000000002,1.1309007254004466,59.1460862285475,9.011269431106982,8.248933688612265,-0.01773591310251188,0.039557184969613274,0.04500782454279983,0.9951603145795522,1165143.1,0.03438444924406039,-0.039740820734341153,0
2026-01-29,116.99,117.0,107.99,111.15,514868,116.73800000000001,114.71200000000002,106.38250000000001,1.0973421380396213,49.666110183639404,8.273892476974567,8.253925446284725,-0.039740820734341153,0.041163685183483414,0.04685004225380129,0.3938859048774148,1151394.8,0.08106162843004952,-0.025011246063877612,0
2026-01-30,110.05,113.0,106.15,108.37,712635,114.34,115.55199999999999,107.5805,1.0628320188138185,56.7206863679695,7.380119735395311,8.079164304106843,-0.025011246063877612,0.04280225985334506,0.04772431657143526,0.3841120442521191,1069014.5,0.06320937528836389,-0.020485374181046456,0
2026-02-02,108.39,110.75,105.0,106.15,220692,111.852,115.17,108.63600000000001,1.0296034463713686,52.98731257208767,6.418672490734707,7.747065941432417,-0.020485374181046456,0.029047897812585544,0.04831991126350629,-0.6903155191647898,921930.6,0.054168629298162976,0.030522845030616974,1
2026-02-03,108.44,110.5,106.5,109.39,879511,110.162,114.51700000000001,109.60050000000001,1.0051231518104389,59.73108477666364,5.85071613106345,7.367795979358624,0.030522845030616974,0.024480939104070832,0.04725059530014186,2.9852418755550723,709285.5,0.03656641374897157,-0.011427004296553633,0
2026-02-04,109.0,110.0,107.77,108.14,368624,108.64000000000001,113.679,110.14349999999999,0.9863496257155441,61.87440982058546,5.239346149770455,6.94210601344099,-0.011427004296553633,0.024237278952825743,0.044574163727866885,-0.580876191429101,578391.2,0.020621416682078824,-0.03218050675050865,0
2026-02-06,108.0,108.01,103.65,104.66,742707,107.34200000000001,112.04,110.02600000000002,0.9756057659098758,55.33560864618885,4.423038088646052,6.438292428482003,-0.03218050675050865,0.019110248317253685,0.03944012615962142,1.0148091280003473,521335.0,0.041658704376074905,-0.02579782151729415,0
2026-02-09,105.05,106.75,101.0,101.96,149955,106.06000000000002,110.2,109.55049999999999,0.9681379820265542,39.07230559345156,3.517690883051216,5.854172119395846,-0.02579782151729415,0.019164537245592698,0.03852843656956382,-0.798096692235296,495668.5,0.05639466457434288,0.0007846214201649993,1
2026-02-10,103.0,103.98,101.1,102.04,133299,105.23800000000001,108.545,109.516,0.9609372146535666,27.4528914879792,2.7746673928210583,5.2382711740808885,0.0007846214201649993,0.019917914386547424,0.03428859319731673,-0.11107332199659903,427680.3,0.028224225793806443,0.03322226577812626,1
2026-02-11,103.0,108.2,100.2,105.43,1303024,104.446,107.304,109.6095,0.9528918570014461,33.482275841525194,2.4313336908707015,4.676883677438851,0.03322226577812626,0.025041380007799128,0.03504505729274345,8.775197113256663,539469.1,0.07587973062695627,-0.04296689746751403,0
2026-02-12,105.05,105.05,99.0,100.9,931475,102.998,105.819,109.61200000000001,0.9396598912527825,19.988084599344674,1.7732650219253259,4.096159946336146,-0.04296689746751403,0.027013043690697448,0.035932210412888355,-0.2851436351133978,595679.0,0.05996035678889987,-0.009117938553022786,0
2026-02-13,100.98,100.99,98.25,99.98,197538,102.062,104.702,109.70700000000002,0.930314382856153,19.852071005917182,1.1640856941541529,3.509745095899748,-0.009117938553022786,0.02536933166384906,0.0354077054732633,-0.7879298961324781,563946.0,0.02740548109621919,-0.028305661132226434,0
2026-02-16,100.0,103.5,96.5,97.15,243423,101.10000000000001,103.58,109.56599999999999,0.922731504298779,19.248422260470477,0.4477875234598656,2.8973535814117715,-0.028305661132226434,0.025602696022985927,0.035750319626915085,0.23228442122528326,517024.8,0.07205352547606793,0.005764282038085211,1
2026-02-17,97.5,98.99,95.8,97.71,979054,100.23400000000001,102.73599999999999,108.953,0.9199746679760998,20.969137582924702,-0.07384537407509129,2.303113790314399,0.005764282038085211,0.025818473779921986,0.026860615307760675,3.02202749945568,592861.0,0.03264763074403846,-0.028144509262102102,0
2026-02-18,99.8,103.89,91.11,94.96,2143851,98.14,101.293,107.905,0.9095037301329874,20.577412963487106,-0.701063793806739,1.7022782734901716,-0.028144509262102102,0.02256544444500642,0.023307371508520053,1.1897168082659384,719295.0,0.13458298230834037,-0.03433024431339504,0
2026-02-19,95.99,99.0,90.11,91.7,95313,96.3,99.649,106.66400000000002,0.9028350708767717,21.38864371874081,-1.4445418856898726,1.0729142416541628,-0.03433024431339504,0.02344123295627566,0.023654902370812674,-0.9555412199821722,691963.9,0.09694656488549619,-0.018865866957470057,0
2026-02-20,89.0,92.9,86.5,89.97,407769,94.298,98.18,105.11000000000001,0.8971363333650461,22.070431086824513,-2.1485826484394437,0.42861486363544155,-0.018865866957470057,0.022796088368057153,0.020474636278337757,3.2782096880803246,658470.1,0.07113482271868407,-0.08124930532399688,0
2026-02-23,90.0,90.0,81.2,82.66,355641,91.4,96.25,103.225,0.8854444175345121,19.11648698396003,-3.2588301674205553,-0.30887414257575785,-0.08124930532399688,0.031031726777591525,0.025187221166675232,-0.1278370842315134,679038.7,0.10646019840309699,-0.03242196951367038,0
2026-02-24,82.49,84.39,79.0,79.98,1865919,87.854,94.04400000000001,101.2945,0.867312637902354,10.75527088337337,-4.305333720269914,-1.1081660581145891,-0.03242196951367038,0.030290145072495077,0.02536489143451025,4.2466363552008906,852300.7,0.0673918479619905,-0.04526131532883226,0
2026-02-25,81.01,83.0,76.0,76.36,360994,84.134,91.137,99.22049999999999,0.8479497684450291,10.115461847389568,-5.364955207883867,-1.9595238880684447,-0.04526131532883226,0.023274650119179844,0.025815657573479065,-0.8065328666464086,758097.7,0.09167103195390257,0.07176532215819797,1
2026-02-26,78.98,83.0,74.11,81.84,421638,82.162,89.23100000000001,97.525,0.8424711612407075,22.729445506692173,-5.696852895240852,-2.7069896895029264,0.07176532215819797,0.039565648715489676,0.03315143948753566,0.16799171177360295,707114.0,0.10862658846529814,-0.007942326490713691,0
2026-02-27,81.0,85.0,77.25,81.19,794507,80.40599999999999,87.352,96.027,0.837327001780749,23.900477506911287,-5.943817147212954,-3.354355181044932,-0.007942326490713691,0.03960335895009247,0.032746399649075504,0.8843344290599993,766810.9,0.09545510530853554,-0.10001231678778177,0
2026-03-02,73.07,75.9,73.07,73.07,541804,78.48800000000001,84.944,94.262,0.8326579109291126,19.715659627848623,-6.717321137821131,-4.026948372400172,-0.10001231678778177,0.047080426020086066,0.0378424385837878,-0.31806264765445746,796649.0,0.038729984945942424,-0.08745039003695065,0
2026-03-03,69.99,72.48,65.76,66.68,1367197,75.828,81.841,92.2885,0.8216408328231578,11.882746409600614,-7.756535704390828,-4.772865838798303,-0.08745039003695065,0.04904412431944735,0.040841001933457084,1.523416216934537,835463.3,0.10077984403119374,-0.015296940611877807,0
2026-03-04,66.0,69.72,63.95,65.66,616094,73.688,78.911,90.102,0.8178286830481011,12.764158918005052,-8.56370910322019,-5.531034491682681,-0.015296940611877807,0.04945075149418952,0.03897193605912637,-0.5493743769186152,682687.6,0.08787694182150467,0.07919585744745672,1
2026-03-05,65.66,72.23,65.66,70.86,910563,71.492,76.827,88.23800000000001,0.8102178199868537,21.7829457364341,-8.683702972921594,-6.161568187930464,0.07919585744745672,0.061268088663898206,0.04531863199566413,0.477961155278253,764212.6,0.09271803556308224,-0.03471634208298047,0
2026-03-06,70.12,70.12,67.01,68.4,886707,68.934,74.67,86.425,0.7976164304310095,21.94026937341401,-8.874995002198503,-6.704253550784072,-0.03471634208298047,0.06133257781497208,0.045358238519142814,-0.026199175674829767,812106.4,0.04546783625730993,-0.09546783625731003,0
2026-03-09,64.0,68.0,61.56,61.87,1179602,66.694,72.591,84.4205,0.7900213810626566,18.67132867132868,-9.444639811436005,-7.252330802914459,-0.09546783625731003,0.06291708958940387,0.04839590872599361,0.33031768103781745,894502.5,0.10408921933085499,0.1000484887667692,1
2026-03-10,67.97,68.06,64.02,68.06,450652,66.97,71.399,82.7215,0.8095839654745138,27.819920844327186,-9.289522327944752,-7.659769107920518,0.1000484887667692,0.0744765085480164,0.05557879709829926,-0.6179626687645494,752975.8,0.05935938877461073,0.09829562151043203,1
2026-03-11,68.1,74.87,68.1,74.75,911965,68.788,71.238,81.1875,0.8472732871439569,36.77228031840175,-8.528452820047676,-7.833505850345949,0.09829562151043203,0.08120846272433252,0.0604611482379944,1.0236568349857538,808072.9,0.09056856187290983,0.021806020066889475,1
2026-03-12,74.0,78.0,73.0,76.38,1024928,69.892,70.692,79.9615,0.8740706464986274,39.37783335938721,-7.704954455512379,-7.807795571379236,0.021806020066889475,0.07782680234589279,0.06063705329473343,0.12386769229082262,868401.9,0.06546216286986123,-0.01400890285415024,0
2026-03-13,74.0,77.97,71.3,75.31,586077,71.274,70.104,78.72800000000001,0.9053195813433593,43.634159016109486,-7.0573138057424245,-7.657699218251874,-0.01400890285415024,0.07788323712720058,0.060634318352817296,-0.42817739392425613,847558.9,0.08856725534457577,-0.012614526623290434,0
2026-03-16,73.01,76.99,73.01,74.36,74470,73.772,70.23299999999999,77.5885,0.9508110093635012,44.982142857142854,-6.5452612874811535,-7.43521163209773,-0.012614526623290434,0.0705668775135202,0.060518129814720566,-0.8729347850197158,800825.5,0.053523399677245696,-0.02434104357181288,0
2026-03-17,76.8,76.8,71.35,72.55,234738,74.67,70.82000000000001,76.3305,0.9782459174248826,46.484591252998705,-6.213878131721117,-7.190944932022409,-0.02434104357181288,0.06399787940747678,0.06043928052049236,2.152114945615684,687579.6,0.07512060647829087,0.012405237767057375,1
2026-03-18,72.55,74.45,72.3,73.45,161835,74.41,71.599,75.255,0.9887715101986579,41.54404353960895,-5.811639156333939,-6.915083776884716,0.012405237767057375,0.0633636739230832,0.060586253252545935,-0.31057178641719707,642153.7,0.02927161334240988,-0.07910142954390742,0
2026-03-19,74.05,74.05,66.11,67.64,2785120,72.662,71.277,74.052,0.9812294063630962,37.63008946503561,-5.893740937368676,-6.710815208981508,-0.07910142954390742,0.06476337476833707,0.062295728128738494,16.20962708931937,829609.4,0.11738616203429919,-0.023654642223536304,0
2026-03-24,68.1,69.0,63.51,66.04,443118,70.808,71.041,72.8555,0.9718964251154683,42.71502590673576,-6.018535883337563,-6.572359343852719,-0.023654642223536304,0.06424951715630625,0.06232759677625394,-0.8408980582524272,785250.5,0.08313143549364024,0.06738340399757714,1
2026-03-25,67.0,71.9,66.9,70.49,1096111,70.03399999999999,71.903,72.247,0.9693689703378686,54.113582379615615,-5.6927366429047765,-6.396434803663131,0.06738340399757714,0.058183720690770636,0.06268457697424257,1.4736323056161114,776901.4,0.07093204709887928,-0.058306142715278786,0
2026-03-26,69.0,70.01,66.0,66.38,565249,68.8,71.735,71.567,0.9613369290315369,50.72874493927125,-5.700469583957087,-6.257241759721922,-0.058306142715278786,0.05372901360137493,0.06351894960176965,-0.4843140886278853,788361.1,0.06040976197649903,-0.018529677613738915,0
2026-03-27,65.5,68.95,64.61,65.15,649094,67.14,70.775,71.0065,0.9455472386330829,43.71560642747083,-5.739685197784894,-6.153730447334517,-0.018529677613738915,0.04084414687570055,0.06295830012635423,0.1483328586162913,762074.0,0.06661550268610902,-0.013200306983883303,0
2026-03-30,65.5,66.0,60.2,64.29,450444,66.47,69.566,70.12899999999999,0.9478247230104523,45.31143052703627,-5.773604152233631,-6.07770518831434,-0.013200306983883303,0.0389978705876481,0.060240760279121,-0.30604196002427997,704625.6,0.09021620780836828,-0.01151034375486093,0
2026-03-31,64.05,66.45,63.0,63.55,318713,65.97200000000001,68.39,69.247,0.9527055323696335,52.208201892744476,-5.793414111961454,-6.0208469730437635,-0.01151034375486093,0.03902286556282882,0.060238770531733654,-0.2924470078411523,677889.2,0.0542879622344611,0.09850511408339901,1
2026-04-01,65.6,69.91,62.0,69.81,1396967,65.83599999999998,67.935,69.08399999999999,0.9529847721614266,52.295985305694046,-5.243539703064911,-5.865385519047994,0.09850511408339901,0.05333637076831349,0.061054911759825435,3.3831503578454596,810138.9,0.11330754906173895,-0.034522274745738435,0
2026-04-02,66.0,68.74,64.6,67.4,327601,66.03999999999999,67.42,69.12,0.9554398148148147,39.136860774460544,-4.945221693780539,-5.681352753994503,-0.034522274745738435,0.05384063590547252,0.05816780437739074,-0.7654912392347135,819425.2,0.061424332344213656,0.0,0
2026-04-03,67.95,68.9,66.01,67.4,695977,66.49000000000001,66.81500000000001,69.20700000000001,0.9607409655092694,36.05590062111803,-4.655140954953396,-5.476110394186282,0.0,0.053509985893881035,0.05802715676631628,1.1244654320347007,872839.4,0.042878338278931755,0.008308605341246222,1
2026-04-06,66.0,70.0,64.8,67.96,1072826,67.224,66.847,69.06200000000001,0.9733862326605078,38.4032817923635,-4.330147316784519,-5.24691777870593,0.008308605341246222,0.04724979195365347,0.05521748715218848,0.5414676059697374,701610.0,0.07651559741024137,-0.007798705120659055,0
2026-04-07,66.32,68.01,65.72,67.43,322013,68.00000000000001,66.986,69.0135,0.9853144674592655,38.91909178126,-4.068455465606235,-5.011225316085991,-0.007798705120659055,0.046575056817623875,0.05466905313491187,-0.699846014171916,689499.5,0.03396114489099816,0.09995550941717335,1
2026-04-08,74.0,74.17,71.52,74.17,1241454,68.872,67.354,69.6285,0.9891351960763193,52.23756906077349,-3.2793982549610803,-4.664859903861009,0.09995550941717335,0.05235565290879809,0.05403956603182632,2.8552915565520647,704033.8,0.03572873129297567,0.08628825670756357,1
2026-04-09,75.4,81.59,71.0,80.57,1999913,71.506,68.773,70.25399999999999,1.0178210493352693,58.53717026378897,-2.113277668216739,-4.1545434567321555,0.08628825670756357,0.0525000354460961,0.05291476222390273,0.6109441026409355,847500.2,0.13143850068263627,0.007074593521161798,1
2026-04-10,82.7,83.9,76.05,81.14,997821,74.254,70.372,70.5735,1.0521513032512204,68.51343938562812,-1.1300974060299467,-3.549654246591714,0.007074593521161798,0.05097370658899941,0.04864128523903074,-0.5010677964491456,882372.9,0.09674636430860252,-0.06556568893270898,0
2026-04-13,77.0,79.0,75.0,75.82,872705,75.826,71.525,70.5455,1.0748524002239688,62.17023394723742,-0.7713083412849784,-2.993985065530367,-0.06556568893270898,0.057422939485256286,0.05094117466847183,-0.12538922311717227,924599.0,0.052756528620416784,0.03323661303086278,1
2026-04-14,79.8,80.25,76.69,78.34,1003570,78.008,73.00399999999999,70.69699999999999,1.1034131575597268,60.26143790849674,-0.2803903180086138,-2.4512661160260163,0.03323661303086278,0.0565990109730826,0.0513105414819314,0.14995330609999935,993084.7,0.04544294102629566,0.032167475108501264,1
2026-04-15,80.35,84.0,80.0,80.86,929983,79.346,74.10900000000001,71.022,1.1172031201599504,69.74904528096019,0.308453037185231,-1.8993222853837668,0.032167475108501264,0.05023726164623208,0.051560567064154364,-0.0733252289327102,946386.3,0.04946821667078902,0.001978728666831575,1
2026-04-16,82.5,82.5,80.0,81.02,952662,79.43599999999999,75.471,71.44550000000001,1.1118404938029685,72.29558864849676,0.7790459446768807,-1.3636486393716374,0.001978728666831575,0.047412084447400464,0.0510942354871984,0.024386467279509327,1008892.4,0.03085657862256233,0.02172303135028386,1
2026-04-17,83.25,84.25,81.5,82.78,449443,79.764,77.00899999999999,71.912,1.1091890087885192,75.3357084132639,1.2792649355073422,-0.8350659243958414,0.02172303135028386,0.04691108690145764,0.05119085005799508,-0.5282240710766253,984239.0,0.03322058468229041,-0.046629620681324035,0
2026-04-20,80.5,81.0,77.0,78.92,392811,80.38399999999999,78.105,72.476,1.1091119818974555,69.40166624589752,1.3486756555539188,-0.3983176084058893,-0.046629620681324035,0.05163728785204193,0.04876642864658195,-0.12600485489817392,916237.5,0.05068423720223011,0.012544348707551833,1
2026-04-21,79.88,81.5,77.0,79.91,220320,80.69800000000001,79.353,73.1695,1.1028912320024056,64.70588235294119,1.4666621096581736,-0.025321664793076737,0.012544348707551833,0.05098145320417254,0.0481647679513164,-0.43911957659026857,906068.2,0.056313352521586785,-0.02577900137654865,0
2026-04-22,80.99,81.0,77.5,77.85,192666,80.096,79.721,73.5375,1.0891857895631483,65.37216828478964,1.3780570567807757,0.25535407952169376,-0.02577900137654865,0.04356437691366407,0.046877467771898086,-0.12551742919389974,801189.4,0.044958253050738604,0.01862556197816323,1
2026-04-23,77.0,79.99,77.0,79.3,132868,79.752,79.594,74.18350000000001,1.0750638619099933,66.78893905191873,1.4086023053038446,0.4860037246781239,0.01862556197816323,0.033823065154772965,0.044414969507244134,-0.3103713161637237,614484.9,0.03770491803278682,0.0035308953341739446,1
2026-04-24,78.5,79.99,76.0,79.58,787424,79.112,79.438,74.905,1.0561644750016688,66.52445961319683,1.4388175022344143,0.676566480189382,0.0035308953341739446,0.03374681808256257,0.0439446866685234,4.926363006894061,593445.2,0.050138225684845376,-0.011183714501130981,0
2026-04-27,81.0,81.0,77.07,78.69,471368,79.066,79.725,75.625,1.045500826446281,65.85022522522522,1.3750964456730657,0.8162724732861188,-0.011183714501130981,0.025677916575484124,0.0438886440489325,-0.4013796887064657,553311.5,0.04994281357224561,0.005972804676579013,1
2026-04-28,78.0,79.99,77.55,79.16,194214,78.916,79.80699999999999,76.4055,1.032857582242116,58.529914529914514,1.3469948036871102,0.9224169393663171,0.005972804676579013,0.02359413324438623,0.043588785812260236,-0.5879779705028767,472375.9,0.030823648307225844,-0.009600808489135804,0
2026-04-29,79.44,80.0,77.06,78.4,455598,79.026,79.561,76.83500000000001,1.0285156504197304,45.404489623041115,1.249000698955257,0.9877336912841052,-0.009600808489135804,0.021085282750538097,0.038717487625022876,1.3458556025827182,424937.4,0.03749999999999997,-0.039413265306122436,0
2026-04-30,77.0,77.98,74.01,75.31,273821,78.228,78.99,77.2305,1.0129158816788701,38.84424033677766,0.9114953382798205,0.9724860206832483,-0.039413265306122436,0.023900017917625607,0.03900472149074684,-0.39898550915500064,357053.3,0.05271544283627671,0.016066923383348808,1
2026-05-04,76.35,79.97,75.6,76.52,203977,77.616,78.364,77.6865,0.9990925064200344,51.589464123524074,0.733204866659122,0.924629789878423,0.016066923383348808,0.023200890027029603,0.0390341955010054,-0.2550717439495145,332506.7,0.05710925248301104,0.002090956612650352,1
2026-05-05,74.5,77.9,74.5,76.68,30723,77.214,78.14,78.12249999999999,0.9883708278664919,45.77822990844355,0.5979265214673006,0.8592891361961986,0.002090956612650352,0.01878669342825082,0.03904861172773217,-0.8493800771655629,296297.9,0.04434011476265005,0.047600417318726995,1
2026-05-06,78.1,83.0,77.99,80.33,325834,77.44800000000001,78.18199999999999,78.76750000000001,0.9832481670739835,48.725348725348724,0.7762933276963082,0.8426899744962206,0.047600417318726995,0.024386531784261017,0.03991645738106423,9.605539823584936,306849.3,0.06236773310095861,0.018175028009461025,1
2026-05-07,80.95,82.49,79.99,81.79,428760,78.126,78.576,79.1485,0.9870812460122429,51.74287007695793,1.0236599898108096,0.8788839775591385,0.018175028009461025,0.022986381024100486,0.03390186791732899,0.3158847756833234,330458.7,0.030566083873334145,0.010881525858907004,1
2026-05-08,81.75,83.55,79.6,82.68,255732,79.60000000000001,78.914,79.254,1.0043657102480632,49.76437323279926,1.2767972893043833,0.9584666399081875,0.010881525858907004,0.022610693205553204,0.02814159487497551,-0.4035544360481388,342745.1,0.04777455249153365,-0.03144654088050325,0
2026-05-11,81.2,81.9,79.46,80.08,212451,80.312,78.964,79.201,1.0140276006616078,52.90581162324649,1.2531664294853613,1.0174065978236224,-0.03144654088050325,0.025306812579030717,0.029055946524311774,-0.16924358312608512,285247.8,0.03046953046953062,-0.010239760239760143,0
2026-05-12,80.97,80.97,79.0,79.26,44918,80.828,79.021,79.373,1.018331170549179,48.357756442647826,1.1549580187498094,1.04491688200886,-0.010239760239760143,0.025258386515977952,0.0248378481549174,-0.7885724237588903,242602.8,0.024854907898057013,-0.003406510219530756,0
2026-05-13,80.39,82.0,78.11,78.99,116125,80.56,79.00399999999999,79.4055,1.0145392951369867,53.166666666666664,1.0433137309228044,1.044596251791649,-0.003406510219530756,0.025227696250083167,0.023781430203529283,1.5852664855959748,234793.9,0.04924674009368275,-0.033421952145841205,0
2026-05-14,78.99,81.0,74.33,76.35,439379,79.47200000000001,78.799,79.17999999999999,1.0036877999494824,42.313705054715996,0.7333552292814574,0.9823480472896107,-0.033421952145841205,0.027283306878520132,0.023733541629460096,2.7836727664155005,233172.0,0.08736083824492472,-0.013097576948264522,0
2026-05-15,76.8,77.6,74.11,75.35,414391,78.006,78.803,78.8965,0.9887130607821639,39.377197388247104,0.4023808450407387,0.8663546068398362,-0.013097576948264522,0.024426640370890918,0.023819842107236526,-0.05687117499926031,247229.0,0.0463171864631718,-0.03901791639017915,0
2026-05-18,75.06,75.06,72.14,72.41,166223,76.47200000000001,78.39200000000001,78.378,0.9756819515680422,35.70127504553734,-0.09604502118823177,0.6738746812342227,-0.03901791639017915,0.02659583637362791,0.02432168062608345,-0.5988740102946251,243453.6,0.040325921834000855,0.00994337798646594,1
2026-05-19,72.5,74.95,72.0,73.13,160137,75.24600000000001,78.037,78.0885,0.9635989934497399,36.425033768572725,-0.42801918964467234,0.45349590705844367,0.00994337798646594,0.02694822114860781,0.02262575704795565,-0.036613465043947024,256395.0,0.04033912211130867,-0.004922740325447816,0
2026-05-20,72.6,73.44,72.05,72.77,178186,74.002,77.28099999999999,77.73150000000001,0.9520207380534274,37.09307657038054,-0.71195314852487,0.22040609594178096,-0.004922740325447816,0.019877142333328164,0.022306322113748042,0.11270974228316999,241630.2,0.019101277999175492,0.003023223855984636,1
2026-05-21,73.99,74.3,72.2,72.99,867102,73.33,76.401,77.4885,0.946333972137801,43.87539598732839,-0.9087452456700333,-0.005424172380581904,0.003023223855984636,0.018009771981189825,0.02177913320091617,3.866274567025468,285464.4,0.028771064529387512,-0.0009590354843128646,0
2026-05-22,73.0,74.5,71.03,72.92,546272,72.844,75.425,77.1695,0.9439480623821587,39.88764044943823,-1.0581550625710037,-0.21597035041866627,-0.0009590354843128646,0.01674358770883954,0.021188276568222836,-0.37000260638310145,314518.4,0.047586396050466245,0.030307185957213267,1
2026-05-25,77.0,77.0,73.55,75.13,226397,73.38799999999999,74.92999999999999,76.947,0.9537473845634006,46.09571788413095,-0.9868589924783606,-0.3701480788306052,0.030307185957213267,0.019992487563419977,0.02249303731511374,-0.5855599408353348,315913.0,0.04592040463197129,0.0066551311060827345,1
2026-05-29,73.17,76.4,73.17,75.63,220809,73.88799999999999,74.567,76.794,0.9621585019662994,35.92814371257484,-0.8798679518932033,-0.4720920534431248,0.0066551311060827345,0.020322355508018128,0.022489787778655058,-0.024682305860943332,333502.1,0.042707920137511624,-0.02168451672616689,0
2026-06-01,75.0,75.05,73.11,73.99,104962,74.13199999999999,74.067,76.53549999999998,0.9685962723180747,26.895734597156363,-0.9168422881653129,-0.5610421003875625,-0.02168451672616689,0.021023964515496825,0.02283815389156796,-0.5246479989493182,332385.8,0.026219759426949558,-0.006892823354507249,0
2026-06-02,73.98,73.98,73.06,73.48,33413,74.22999999999999,73.78,76.2895,0.9730041486705246,22.121212121212082,-0.976046200764074,-0.6440429204628648,-0.006892823354507249,0.018777536813928696,0.022805734449973986,-0.6816657456984432,291789.2,0.012520413718018531,-0.014017419706042422,0
2026-06-03,73.27,73.5,71.26,72.45,132652,74.136,73.49000000000001,76.1465,0.973596947988417,24.447421299397163,-1.093473241110516,-0.7339289845923951,-0.014017419706042422,0.018831056696751006,0.02133014518051169,2.970071529045581,263615.3,0.030917874396135196,0.016701173222912313,1
2026-06-04,72.97,74.9,72.0,73.66,213689,73.84200000000001,73.615,76.0035,0.9715605202391997,31.72323759791118,-1.07648903350605,-0.8024409943751261,0.016701173222912313,0.015115008804810719,0.02135843146163381,0.6108991948858669,268361.9,0.039370078740157556,0.003937007874015741,1
2026-06-05,73.5,74.94,72.7,73.95,202196,73.506,73.69699999999999,75.867,0.9688797500889714,33.572359843546295,-1.0277807337189984,-0.8475089422439006,0.003937007874015741,0.01487354263048995,0.021379593487354777,-0.05378376987116795,272567.8,0.030290736984448882,-0.012170385395537608,0
2026-06-08,73.95,73.95,71.9,73.05,22136,73.31800000000001,73.725,75.503,0.9710607525528788,37.86764705882352,-1.049701231222386,-0.8879474000395977,-0.012170385395537608,0.015374004773719061,0.018060976922988824,-0.8905220676966903,256962.8,0.028062970568104,0.013141683778234103,1
2026-06-09,73.02,75.85,73.02,74.01,433039,73.424,73.827,75.114,0.9775008653513326,45.058997050147525,-0.9783318064034034,-0.9060242813123589,0.013141683778234103,0.015883781698492076,0.017759729681612223,18.562658113480303,213556.5,0.03823807593568434,-0.013511687609782497,0
2026-06-10,74.74,75.35,72.99,73.01,444720,73.536,73.836,74.6305,0.9853344142140278,52.58175559380383,-0.9910385897343588,-0.9230271429967589,-0.013511687609782497,0.016580587323705535,0.01745868548932829,0.02697447574006029,203401.3,0.032324339131625794,0.011368305711546345,1
2026-06-11,73.49,74.1,72.3,73.84,341718,73.572,73.70700000000001,74.3185,0.9899553946863836,53.02642796248938,-0.9234893334867138,-0.92311958109475,0.011368305711546345,0.013574591502144696,0.016793496047351114,-0.2316109012412304,214933.4,0.024377031419284902,0.01029252437703132,1
2026-06-12,74.95,75.94,74.0,74.6,343481,73.702,73.604,74.0855,0.9948235484676489,57.54328112118714,-0.7994152514295934,-0.8983787151617187,0.01029252437703132,0.013867356462476913,0.017012549116261478,0.00515922485792375,227200.6,0.026005361930294877,0.0491957104557641,1
2026-06-15,76.98,79.35,75.85,78.27,957031,74.74600000000001,74.03200000000001,74.0495,1.0094058703975046,66.94480102695766,-0.4003325347018887,-0.7987694790697528,0.0491957104557641,0.01932268917177708,0.02061305385520195,1.7862705651841004,312407.5,0.044717005238277756,0.046250159703590255,1
2026-06-16,77.99,82.83,76.51,81.89,939538,76.322,74.873,74.3265,1.0268477595474024,73.44485101934136,0.20567623236058807,-0.5978803367836847,0.046250159703590255,0.022490783875507916,0.021543844547793532,-0.018278404774766943,403020.0,0.07717670045182554,-0.005739406520942736,0
2026-06-17,81.89,82.5,80.2,81.42,359138,78.00399999999999,75.77,74.63,1.0452097011925499,68.08510638297874,0.6406326597472969,-0.35017773747748837,-0.005739406520942736,0.02159741961308726,0.021302885685988798,-0.6177504262733386,425668.6,0.028248587570621434,-0.009334315892901124,0
2026-06-18,83.48,84.0,78.03,80.66,462236,79.368,76.47,75.0425,1.0576406702868373,64.24929178470254,0.9134830497540065,-0.09744558003118939,-0.009334315892901124,0.022510537753253554,0.019056721869074977,0.2870707081957353,450523.3,0.07401438135383089,-0.004215224398710693,0
2026-06-19,80.7,82.01,79.12,80.32,338350,80.512,77.107,75.402,1.0677700856741201,69.35779816513761,1.0897221524686387,0.13998796646877623,-0.004215224398710693,0.02287277114928124,0.01914882780392744,-0.2680146072568991,464138.7,0.035981075697211165,-0.0016185258964143134,0
2026-06-22,80.01,82.0,77.5,80.19,313655,80.896,77.821,75.773,1.067609834637668,71.00814026299307,1.205012365108658,0.3529928461967526,-0.0016185258964143134,0.02204004728474148,0.019073988516395312,-0.07298655238658192,493290.6,0.05611672278338945,-0.0004988153136300522,0
2026-06-23,81.0,81.44,78.38,80.15,174027,80.548,78.435,76.131,1.0580184156256978,75.70093457943926,1.2784162369478764,0.5380775243469774,-0.0004988153136300522,0.022216719152866903,0.01910977909259786,-0.44516427284755544,467389.4,0.03817841547099191,-0.006737367436057462,0
2026-06-24,79.05,80.74,79.0,79.61,590685,80.186,79.095,76.4655,1.048655929798406,70.78965758211041,1.2782806238652284,0.6861181442506277,-0.006737367436057462,0.021574486523400684,0.019245589611379253,2.3942146908238375,481985.9,0.0218565506845873,0.011305112423062535,1
2026-06-29,80.88,81.89,78.26,80.51,347791,80.15599999999999,79.762,76.7345,1.0445888094664069,71.98391420911527,1.3354019455370718,0.8159749045079165,0.011305112423062535,0.02157369124397705,0.018356729273934003,-0.4112073270863489,482593.2,0.04508756676189287,-0.0057135759532978,0
2026-06-30,80.6,81.0,78.5,80.05,979837,80.102,80.30699999999999,76.9555,1.0408872660173738,74.17127071823201,1.3282417053023323,0.9184282646667998,-0.0057135759532978,0.022046654422062262,0.018457215978062515,1.817315571708296,546228.8,0.03123048094940662,0.03810118675827612,1
2026-07-01,79.9,83.9,79.83,83.1,779972,80.684,80.78999999999999,77.411,1.0422808128043817,77.4290887145443,1.5508000161691058,1.0449026149672611,0.03810118675827612,0.019875760475566107,0.019079355879720403,-0.2039778044715601,528522.9,0.048977135980746184,-0.0022864019253910906,0
2026-07-02,84.1,85.0,82.5,82.91,514879,81.236,80.892,77.88250000000001,1.043058453439476,81.40862944162433,1.6923394333306163,1.1743899786399323,-0.0022864019253910906,0.014086588075945062,0.018942941160909107,-0.33987502115460555,486057.0,0.03015317814497648,-0.01809190688698592,0
2026-07-03,82.7,82.9,80.8,81.41,141353,81.596,80.89099999999999,78.3305,1.0416887419332188,73.03712720632986,1.664288099957659,1.2723696029034777,-0.01809190688698592,0.015267143262561398,0.019192338425184884,-0.7254636526251799,464278.5,0.025795356835769667,0.029971747942513227,1
2026-07-06,82.95,85.99,80.11,83.85,536739,82.264,81.21000000000001,78.84,1.043429731100964,75.53837658752069,1.8179881880562618,1.3814933199340347,0.029971747942513227,0.017471549960621554,0.019800847182793218,2.7971532263199226,471728.8,0.07012522361359566,0.01001788908765655,1
2026-07-07,84.0,85.11,82.5,84.69,880820,83.192,81.647,79.377,1.0480617811204758,71.00785340314135,1.984699217899248,1.5021344995270776,0.01001788908765655,0.017304934826567694,0.019803160579471863,0.6410583169846051,525975.8,0.030818278427205095,-0.03554138623214065,0
2026-07-08,84.8,85.0,79.0,81.68,1266800,82.908,81.796,79.8085,1.0388367153874587,49.28425357873213,1.8525816576007372,1.5722239311418096,-0.03554138623214065,0.021628317030864864,0.021600993129032537,0.43820530868963004,621290.3,0.07345739471106758,-0.014446620959843393,0
2026-07-09,80.01,82.0,79.2,80.5,703060,82.426,81.83099999999999,80.133,1.0286149276827274,47.00910273081924,1.633827652721834,1.5845446754578145,-0.014446620959843393,0.022251887980064083,0.02198612735310379,-0.44501105146826647,674193.6,0.03478260869565214,-0.0021118012422360888,0
2026-07-10,80.5,82.0,80.0,80.33,335866,82.21000000000001,81.903,80.499,1.0212549224213967,48.8843813387424,1.4302588152500846,1.5536875034162687,-0.0021118012422360888,0.02212881641996123,0.02164134496594489,-0.5222797485278639,648711.7,0.024897298643097223,-0.0008714054525083004,0
2026-07-13,79.95,81.0,78.52,80.26,265619,81.492,81.878,80.82000000000001,1.0083147735708982,49.793388429752106,1.2488842694787792,1.492726856628771,-0.0008714054525083004,0.02183924449294819,0.021625083802800822,-0.2091518641362925,640494.5,0.03089957637677553,-0.03413904809369561,0
2026-07-14,79.0,79.99,75.11,77.52,654548,80.058,81.625,80.966,0.9887854161005856,42.20665499124343,0.8739739071852455,1.368976266740066,-0.03413904809369561,0.024356324375411485,0.02321155236936228,1.464236368633268,607965.6,0.06295149638802884,0.005546955624355032,1
2026-07-15,76.5,78.8,76.5,77.95,202437,79.312,81.10999999999999,80.95,0.9797652872143298,43.72146118721461,0.6045828950500152,1.2160975924020558,0.005546955624355032,0.02005758684776457,0.020444909089977065,-0.6907224527460172,550212.1,0.02950609364977546,0.023091725465041568,1
2026-07-16,78.52,80.3,77.54,79.75,296704,79.162,80.79400000000001,80.843,0.9792066103435053,50.372736954206594,0.530221470783971,1.078922368078439,0.023091725465041568,0.022107820049980735,0.01822212789895783,0.4656609216694576,528394.6,0.03460815047021932,-0.037115987460815014,0
2026-07-17,79.69,79.9,75.82,76.79,513445,78.45400000000001,80.33200000000001,80.6115,0.9732358286348722,41.074856046065264,0.22979332959792487,0.9090965603823362,-0.037115987460815014,0.024206822857690793,0.01990921722081256,0.7304957128990508,565603.8,0.0531319182185182,0.007683292095324701,1
2026-07-20,76.5,77.5,74.56,77.38,273185,77.878,79.685,80.44749999999999,0.9680599148513006,43.63376251788268,0.03886195596672337,0.7350496394992138,0.007683292095324701,0.021439692743881217,0.019975841656471597,-0.46793716951182696,539248.4,0.037994313776169526,-0.0001292323597827938,0
2026-07-21,78.0,79.0,76.77,77.37,311382,77.848,78.953,80.3,0.9694645080946451,34.02119353039599,-0.11196874366987686,0.5656459628653957,-0.0001292323597827938,0.020731729548074833,0.019971633254296853,0.13982100042096013,482304.6,0.028822541036577536,-0.018741114126922587,0
2026-07-22,77.25,77.5,75.81,75.92,98692,77.44200000000001,78.377,80.0865,0.96697945346594,31.78738926524231,-0.34453446283050937,0.3836098777262147,-0.018741114126922587,0.018926328456095393,0.02033263174394117,-0.6830516857107989,365493.8,0.02226027397260271,-0.03819810326659645,0
2026-07-23,75.1,76.48,72.56,73.02,472797,76.096,77.62899999999999,79.73,0.9544211714536561,29.626032054395324,-0.7541567845337909,0.1560565452742136,-0.03819810326659645,0.021290193707574206,0.02182650003008424,3.7906314594901307,342467.5,0.05368392221309233,0.0638181320186253,1
2026-07-24,72.0,80.0,70.65,77.68,576672,76.274,77.364,79.6335,0.957812980717914,36.47523016220959,-0.6947536829106298,-0.014105500362755069,0.0638181320186253,0.03156217325873281,0.02660998738278524,0.2197031707053978,366548.1,0.1203656024716786,0.0598609680741502,1
