date,open,high,low,close,volume,ma_5,ma_10,ma_20,ma_ratio_5_20,rsi_14,macd,macd_signal,daily_return,volatility_10,volatility_20,volume_change,volume_ma_10,high_low_range,target_return,target_direction
2016-08-05,113.4,113.4,113.0,113.05,101300,113.452,113.723,115.23150000000001,0.9845571740366131,17.688266199649647,-0.5462141749195837,-0.26558090891507946,-0.0014133027117745334,0.004242318762840953,0.007002889496531442,-0.6164331692540704,938470.0,0.003538257408226499,0.001946041574524493,1
2016-08-08,113.11,113.4,112.55,113.27,195800,113.34400000000001,113.61099999999999,115.04849999999999,0.9851845091417969,22.527472527472426,-0.5663478720264834,-0.32573430153736027,0.001946041574524493,0.0034652972941731945,0.004952481458113346,0.9328726554787758,897570.0,0.00750419351990826,-0.003619669815485116,0
2016-08-09,113.1,113.5,112.5,112.86,536700,113.14199999999998,113.51700000000001,114.777,0.9857549857549855,21.6549295774647,-0.6083745820443909,-0.3822623576387664,-0.003619669815485116,0.0032888000423075864,0.0038668978872243858,1.741062308478039,848180.0,0.00886053517632465,-0.00434166223639898,0
2016-08-10,112.55,113.0,112.2,112.37,332800,112.952,113.316,114.5375,0.986157372039725,16.694772344013458,-0.6734567670208662,-0.4405012395151864,-0.00434166223639898,0.002702942852136584,0.0035148268422730833,-0.3799142910378237,328980.0,0.007119337901575128,-0.006140428940108578,0
2016-08-11,112.37,112.74,111.6,111.68,298400,112.646,113.112,114.2645,0.985835495713892,17.039586919104934,-0.7718150969366775,-0.5067640109994846,-0.006140428940108578,0.0027656537549857144,0.0035967565030858542,-0.10336538461538458,308460.0,0.010207736389684818,0.003133954154727725,1
2016-08-12,112.0,112.13,111.4,112.03,519600,112.44200000000001,112.947,114.018,0.9861776210773738,26.587301587301496,-0.8121606249682998,-0.5678433337932477,0.003133954154727725,0.0031606330138191857,0.003800109369302768,0.7412868632707774,320640.0,0.0065161117557796105,0.000624832634115835,1
2016-08-15,112.34,112.5,112.0,112.1,329400,112.208,112.776,113.78599999999999,0.9861318615646917,31.194690265486557,-0.8289309318310529,-0.6200608534008087,0.000624832634115835,0.0031171768167713326,0.0038502185022297247,-0.36605080831408776,314250.0,0.0044603033006244425,0.0037466547725244492,1
2016-08-16,112.2,113.0,111.96,112.52,309500,112.14000000000001,112.64099999999999,113.59849999999999,0.987160922019217,28.669724770642063,-0.7991192812895633,-0.6558725389785597,0.0037466547725244492,0.003494224832134175,0.004025248778891193,-0.060412871888281705,312720.0,0.00924280127977254,0.009065055101315389,1
2016-08-17,112.5,115.0,112.5,113.54,971200,112.374,112.66300000000001,113.47149999999999,0.9903279678157071,48.09322033898312,-0.6852882812209771,-0.6617556874270432,0.009065055101315389,0.004501802115789856,0.004682069232108512,2.1379644588045235,385880.0,0.02201867183371499,0.0022899418707063024,1
2016-08-18,113.5,114.25,113.05,113.8,724800,112.798,112.72200000000001,113.34550000000002,0.9951696362008196,51.21457489878534,-0.5675541554553263,-0.6429153810326999,0.0022899418707063024,0.004525361445791179,0.004690233185872572,-0.25370675453047775,431950.0,0.010544815465729374,-0.009753954305799617,0
2016-08-19,113.26,113.66,112.11,112.69,489500,112.92999999999999,112.686,113.20450000000001,0.9975751847320555,40.540540540540476,-0.5573914739528192,-0.6258105996167237,-0.009753954305799617,0.005570980276914021,0.004910658471926015,-0.32464128035320083,470770.0,0.013754547874700481,-0.001952258408022045,0
2016-08-22,112.5,112.75,111.8,112.47,310700,113.00399999999999,112.606,113.1085,0.9990761083384536,38.48684210526309,-0.560627077061099,-0.6127738951055988,-0.001952258408022045,0.005532224641145846,0.004495175232008556,-0.365270684371808,482260.0,0.008446696896950323,-0.0030230283631190735,0
2016-08-23,112.05,112.7,112.0,112.13,497200,112.926,112.53299999999999,113.025,0.9991240875912408,39.863713798977834,-0.5838956883047643,-0.6069982537454319,-0.0030230283631190735,0.005500300149636883,0.004411733349483655,0.6002574831026715,478310.0,0.006242753946312342,-0.0020511905823596965,0
2016-08-24,112.1,112.48,111.7,111.9,328200,112.598,112.48600000000002,112.901,0.9973162328057324,39.06510851419036,-0.6138195781588678,-0.6083625186281191,-0.0020511905823596965,0.005375063305301355,0.0041993125978209995,-0.3399034593724859,477850.0,0.006970509383378026,0.008579088471849738,1
2016-08-25,112.0,113.29,111.85,112.86,810500,112.41000000000001,112.604,112.85799999999999,0.9960304098956212,48.600883652430056,-0.5536879297179809,-0.5974276008460915,0.008579088471849738,0.0056391952995609815,0.0045667973647755674,1.4695307739183425,529060.0,0.012759170653907602,-0.004784688995215336,0
2016-08-26,113.25,113.55,111.99,112.32,975900,112.33599999999998,112.633,112.79,0.9959748204628068,43.319268635724285,-0.5433433284640756,-0.5866107463696884,-0.004784688995215336,0.00586786840259773,0.004672243942495818,0.20407156076495991,574690.0,0.01388888888888891,-0.002849002849002802,0
2016-08-29,112.48,112.48,111.8,112.0,717300,112.242,112.623,112.69950000000001,0.995940532123035,43.87464387464385,-0.5545737026558726,-0.5802033376269252,-0.002849002849002802,0.005947086499044762,0.004679509665233132,-0.26498616661543195,613480.0,0.006071428571428632,-0.007321428571428479,0
2016-08-30,112.0,112.4,110.6,111.18,1012700,112.05199999999999,112.489,112.56499999999998,0.9954426331452939,41.904761904761884,-0.6224656060522307,-0.5886557913119863,-0.007321428571428479,0.006182437117677042,0.004887628963191182,0.4118221106928761,683800.0,0.01618996222342158,-0.0019787731606405456,0
2016-08-31,111.3,111.55,110.5,110.96,691200,111.864,112.231,112.447,0.9948153352245948,44.767441860465006,-0.6861135006670196,-0.608147333182993,-0.0019787731606405456,0.005027477711394832,0.004816729209642721,-0.3174681544386294,655800.0,0.009462869502523407,-0.0037851478010092476,0
2016-09-01,111.0,111.0,110.45,110.54,457900,111.4,111.905,112.3135,0.9918665164917841,39.28057553956834,-0.7616654009986377,-0.638850946746122,-0.0037851478010092476,0.004773947643071469,0.004855531935200728,-0.33752893518518523,629110.0,0.004975574452686784,-0.00027139497014661007,0
2016-09-02,110.25,110.69,109.85,110.51,348600,111.03800000000001,111.68700000000001,112.1865,0.9897625828419642,38.49493487698992,-0.8145717001074786,-0.6739950974183934,-0.00027139497014661007,0.0041620664591427315,0.004859374338536141,-0.23869840576545098,615020.0,0.0076011220704009,-0.003981540132114825,0
2016-09-05,110.5,110.85,110.0,110.07,341900,110.652,111.447,112.02649999999998,0.9877305816034601,32.32323232323229,-0.8818393509750138,-0.7155639481297175,-0.003981540132114825,0.00421170011455602,0.004842988661051024,-0.019219736087205952,618140.0,0.0077223584991368615,0.017261742527482582,1
2016-09-06,110.01,112.1,110.0,111.97,1186100,110.80999999999999,111.431,111.982,0.9895340322551838,39.94878361075537,-0.772925523580895,-0.7270362632199531,0.017261742527482582,0.0074118425624349945,0.00635789648502138,2.469143024276104,687030.0,0.018755023667053623,0.004554791461998775,1
2016-09-07,111.65,112.75,111.41,112.48,541500,111.11399999999999,111.489,111.9875,0.99220002232392,41.811414392059596,-0.6381021485731964,-0.7092494402906018,0.004554791461998775,0.007514102535846778,0.006377075552459278,-0.5434617654497935,708360.0,0.011913229018492207,0.004089615931721191,1
2016-09-08,113.0,113.0,112.0,112.94,713100,111.59400000000001,111.497,112.05050000000001,0.9959259441055595,51.68690958164642,-0.4885043231560644,-0.6651004168636943,0.004089615931721191,0.007103474559098108,0.006262114890973686,0.3168975069252078,698620.0,0.008854258898530193,-0.00690632194085361,0
2016-09-09,113.0,113.15,112.0,112.16,388000,111.924,111.481,112.05699999999999,0.9988131040452628,48.055207026348796,-0.4279532710696401,-0.6176709877048834,-0.00690632194085361,0.007294476245535329,0.006446307772663363,-0.4558967886691908,639830.0,0.010253209700428012,-0.011768901569186863,0
2016-09-15,111.0,111.45,110.55,110.84,308800,112.078,111.36499999999998,111.994,1.0007500401807239,42.793296089385514,-0.4809351730410185,-0.5903238247721104,-0.011768901569186863,0.008159519438204086,0.006965720304734364,-0.20412371134020624,598980.0,0.008119812342114811,-0.006856730422230339,0
2016-09-16,111.0,111.09,109.99,110.08,1148600,111.7,111.255,111.872,0.998462528604119,40.40084388185651,-0.5775912481121424,-0.5877773094401169,-0.006856730422230339,0.008120817094996643,0.007025385598434462,2.719559585492228,612570.0,0.009992732558139613,-0.013717296511628008,0
2016-09-19,110.3,110.5,108.4,108.57,1092900,110.91799999999998,111.01599999999999,111.6235,0.9936796463110364,28.614157527417746,-0.7671925462663154,-0.6236603568053566,-0.013717296511628008,0.009075977460936425,0.007141234126754649,-0.0484938185617273,652740.0,0.019342359767891632,-0.00552638850511189,0
2016-09-20,108.95,108.95,107.5,107.97,889800,109.924,110.75899999999999,111.332,0.987353141953796,28.444003964321155,-0.9548608847487259,-0.6899004623940305,-0.00552638850511189,0.009127642865866202,0.007095665024767165,-0.18583584957452648,695930.0,0.013429656386033184,-0.017504862461794946,0
2016-09-21,108.0,108.0,105.94,106.08,1243700,108.708,110.316,111.0015,0.9793381170524723,24.614065180102926,-1.2417821085198852,-0.8002767916192015,-0.017504862461794946,0.01025657612387952,0.007693331473417391,0.39772982692739944,785440.0,0.019419306184012088,0.0005656108597285048,1
2016-09-22,106.6,107.35,105.9,106.14,2026200,107.76799999999999,109.923,110.68499999999999,0.9736459321497944,26.880733944954144,-1.4476402512634365,-0.9297494835480486,0.0005656108597285048,0.010359518683553476,0.007731706864438208,0.6291710219506312,953870.0,0.013661202185792242,-0.026474467684190706,0
2016-09-23,105.85,106.48,102.95,103.33,1720300,106.418,109.059,110.245,0.9652864075468275,21.719792438843626,-1.8165873402931396,-1.107117054897067,-0.026474467684190706,0.009799620176208277,0.00936327276809221,-0.1509722633501135,1007290.0,0.03416239233523663,0.016065034355946972,1
2016-09-26,103.58,105.28,103.58,104.99,2324500,105.702,108.30999999999999,109.89949999999999,0.9618060136761315,31.160896130346217,-1.9525249474783095,-1.2761986334133155,0.016065034355946972,0.011886032773637688,0.01038587628068833,0.35121781084694526,1185590.0,0.016192018287455975,-0.003809886655871897,0
2016-09-27,104.9,108.0,104.4,104.59,1439200,105.026,107.475,109.48600000000002,0.9592641981623219,30.397350993377486,-2.0686866061278977,-1.4346962279562319,-0.003809886655871897,0.011331185920658312,0.010013500227674318,-0.38085609808560983,1258200.0,0.0344201166459508,0.01109092647480625,1
2016-09-28,104.1,106.5,104.0,105.75,742400,104.96,106.83399999999999,109.1575,0.9615463893914755,36.346396965866006,-2.043586063974402,-1.556474195159866,0.01109092647480625,0.012788035257101538,0.010542431476400787,-0.4841578654808226,1293640.0,0.02364066193853428,-0.012009456264775342,0
2016-09-29,105.95,106.25,104.0,104.48,779300,104.628,106.19800000000001,108.78150000000001,0.9618179561782104,25.34562211981566,-2.10194220828177,-1.6655677977842467,-0.012009456264775342,0.01280074398423274,0.010734764585604527,0.049703663793103425,1340690.0,0.02153522205206738,-0.004785604900459428,0
2016-09-30,104.35,105.0,103.0,103.98,2246000,104.758,105.58800000000001,108.42150000000001,0.966210576315583,22.002635046113255,-2.163595116690331,-1.7651732615654636,-0.004785604900459428,0.012798820748673669,0.010701109783963322,1.882073655844989,1450430.0,0.019234468166955183,0.0034622042700518385,1
2016-10-03,104.6,105.0,103.25,104.34,1036900,104.628,105.165,108.09049999999999,0.9679666575693516,21.485411140583537,-2.1585243740851894,-1.8438434840694087,0.0034622042700518385,0.01274263788204021,0.010804790057228652,-0.5383348174532503,1444830.0,0.016772091240176347,0.004216982940387082,1
2016-10-04,104.65,105.4,104.15,104.78,523900,104.66599999999998,104.846,107.80250000000001,0.9709051274321094,24.966078697421963,-2.0948532865844527,-1.8940454445724175,0.004216982940387082,0.012974238829857064,0.01092230812579163,-0.49474394830745494,1408240.0,0.011929757587325826,0.0013361328497805136,1
2016-10-05,104.85,105.5,104.5,104.92,477600,104.5,104.72999999999999,107.523,0.9718850850515705,28.171091445427706,-2.009927468325074,-1.917221849322949,0.0013361328497805136,0.01194810026210845,0.010946352902514445,-0.08837564420690969,1331630.0,0.009531071292413268,-0.008006099885627171,0
2016-10-06,105.4,105.4,103.93,104.08,699100,104.42,104.524,107.22349999999999,0.9738536794639236,28.005865102639277,-1.9874935370013702,-1.9312761868586332,-0.008006099885627171,0.01212670868457116,0.011011146110686456,0.46377721943048567,1198920.0,0.014123750960799375,-0.0004803996925442089,0
2016-10-07,104.13,104.65,103.9,104.03,726500,104.42999999999999,104.59400000000001,106.82649999999998,0.9775664278058348,31.362889983579635,-1.951256200072521,-1.9352721895014109,-0.0004803996925442089,0.008521928177957053,0.009981812413882666,0.03919324846230876,1099540.0,0.007209458809958665,0.0004806305873306105,1
2016-10-10,104.3,104.3,103.9,104.08,517700,104.378,104.503,106.40650000000001,0.9809363149807577,33.27601031814271,-1.896639982249937,-1.9275457480511162,0.0004806305873306105,0.006612569246884208,0.009846790791184992,-0.2874053682037164,918860.0,0.0038431975403534924,0.003554957724827057,1
2016-10-13,104.5,104.65,104.0,104.45,1196200,104.31199999999998,104.48899999999999,105.98200000000001,0.9842426072351906,41.93867457962415,-1.802719697833382,-1.9025805380075695,0.003554957724827057,0.006656325400582215,0.009824868357181838,1.3106045972570985,894560.0,0.006223073240785119,-0.004691239827668836,0
2016-10-14,104.45,104.5,103.9,103.96,520400,104.12,104.30999999999999,105.572,0.9862463531997121,39.658444022770354,-1.7476799342838518,-1.8716004172628262,-0.004691239827668836,0.005469653102452242,0.009801101858606687,-0.5649556930279218,872360.0,0.005771450557906833,0.0007695267410543494,1
2016-10-17,104.06,104.6,103.91,104.04,605600,104.112,104.26599999999999,105.23200000000001,0.9893568496274896,54.5454545454546,-1.6782592655851118,-1.8329321869272834,0.0007695267410543494,0.004116872479072959,0.009660707479470136,0.16372021521906222,854990.0,0.006632064590542077,-0.002402921953094994,0
2016-10-18,104.23,104.23,103.5,103.79,296100,104.06400000000001,104.247,104.91749999999999,0.9918650368146402,40.6250000000001,-1.6246874110138947,-1.7912832317446057,-0.002402921953094994,0.0038989500117111112,0.009621193427792366,-0.5110634081902246,660000.0,0.007033432893342364,-0.010405626746314844,0
2016-10-19,103.63,104.0,102.0,102.71,757400,103.79,104.08400000000002,104.62449999999998,0.9920238567448353,36.72316384180789,-1.650354050184447,-1.7630973954325742,-0.010405626746314844,0.004818860314615228,0.009452117267300815,1.557919621749409,632050.0,0.019472300652322073,0.022393145750170484,1
2016-10-20,102.7,105.9,102.7,105.01,2345300,103.902,104.10700000000001,104.47650000000002,0.9945011557623005,45.49878345498789,-1.4681800033786487,-1.7041139170217892,0.022393145750170484,0.008922114206624924,0.010958677782816976,2.0965143913387907,814190.0,0.030473288258261143,-0.004380535187125112,0
2016-10-21,105.24,105.24,103.71,104.55,857400,104.02000000000001,104.07000000000001,104.4,0.996360153256705,50.47233468286095,-1.3454148099737608,-1.6323740956121835,-0.004380535187125112,0.009027650365784052,0.010313183757272588,-0.6344177717136401,852170.0,0.014634146341463426,-0.008895265423242371,0
2016-10-24,104.1,104.16,103.45,103.62,528300,103.936,104.024,104.274,0.9967585400003837,47.70408163265308,-1.3080869255685315,-1.567516661603453,-0.008895265423242371,0.009115748368520965,0.010469055091774147,-0.38383484954513647,835090.0,0.006851959081258384,-0.004632310364794501,0
2016-10-25,103.17,103.3,102.25,103.14,575500,103.806,103.93499999999999,104.2645,0.9956025301037266,42.46231155778897,-1.3022250568684939,-1.5144583406564611,-0.004632310364794501,0.009213552995645614,0.008673321970447026,0.08934317622562937,819990.0,0.010180337405468268,0.022202831103354637,1
2016-10-26,103.85,108.24,103.11,105.43,4203800,104.35,104.07000000000001,104.2865,1.0006088995219897,53.31294597349644,-1.1001141904297924,-1.4315895106111276,0.022202831103354637,0.01176256593579372,0.009355533038433029,6.304604691572545,1188600.0,0.048657877264535666,-0.0006639476429859403,0
2016-10-27,105.0,106.6,104.54,105.36,1601600,104.42,104.16100000000002,104.325,1.000910615863887,52.25872689938396,-0.9348123527307592,-1.332234079035054,-0.0006639476429859403,0.011750396902321523,0.009310009413085742,-0.6190113706646367,1229140.0,0.01955201214882297,-0.007498101746393426,0
2016-10-28,104.0,105.25,103.5,104.57,811900,104.424,104.22200000000001,104.266,1.0015153549575124,52.52837977296177,-0.8576691767246274,-1.2373210985729686,-0.007498101746393426,0.011931701935176018,0.00911315381279928,-0.49306943056943053,1258290.0,0.016735201300564218,-0.0076503777374007376,0
2016-10-31,104.0,104.5,103.4,103.77,1142600,104.454,104.19500000000001,104.2305,1.0021442859815504,48.754789272030635,-0.851273022569103,-1.1601114833721955,-0.0076503777374007376,0.01221592706569714,0.008872909029843213,0.4073161719423575,1311990.0,0.010600366194468481,0.022646236870001113,1
2016-11-01,104.0,106.55,103.5,106.12,1149500,105.05,104.428,104.3375,1.0068288007667425,58.00627943485083,-0.6490962861501686,-1.0579084439277902,0.022646236870001113,0.014130645959033997,0.010169185008266503,0.00603885874321719,1397330.0,0.02874104787033544,-0.005277044854881341,0
2016-11-02,106.28,107.0,105.45,105.56,1204100,105.076,104.71300000000001,104.39849999999998,1.0064895568422918,54.292343387470964,-0.5279709651820355,-0.9519209481786393,-0.005277044854881341,0.013704442857208864,0.010248335311719026,0.04749891257068284,1442000.0,0.014683592269799138,-0.0002841985600606778,0
2016-11-03,105.32,105.7,104.8,105.53,818400,105.10999999999999,104.76500000000001,104.43599999999999,1.006453713278946,56.29510825982357,-0.42944860869498314,-0.8474264802819081,-0.0002841985600606778,0.011858471080659719,0.010214805810684907,-0.3203222323727265,1289310.0,0.008528380555292387,0.0051170283331754,1
2016-11-04,105.75,107.38,104.9,106.07,1315600,105.41,104.917,104.4935,1.008770880485389,57.84996133023967,-0.30428780394079524,-0.7387987450136856,0.0051170283331754,0.011799291010438064,0.010267779244828133,0.60752688172043,1335130.0,0.023380786273215708,-0.0015084378240783902,0
2016-11-07,106.0,106.0,105.51,105.91,530500,105.83800000000001,105.146,104.585,1.011980685566764,58.25545171339557,-0.21552320985769313,-0.6341436379824871,-0.0015084378240783902,0.01129624441398854,0.010082437792306425,-0.5967619337184555,1335350.0,0.0046265697290151534,0.00217165517892548,1
2016-11-08,106.0,107.33,106.0,106.14,1502000,105.84200000000001,105.446,104.6905,1.0109990877873352,64.30358632193493,-0.12517461666030272,-0.5323498337180502,0.00217165517892548,0.01103792726520895,0.010080494299512445,1.8312912346842602,1428000.0,0.012530619935933657,-0.0014132278123234476,0
2016-11-09,105.3,106.28,104.12,105.99,1085100,105.928,105.502,104.78600000000002,1.0108984024583434,54.979674796747894,-0.06492800242691033,-0.43886546745982224,-0.0014132278123234476,0.008743015136470134,0.010095031681759554,-0.27756324900133156,1116130.0,0.02037928106425131,0.0002830455703368706,1
2016-11-10,106.24,106.7,106.0,106.02,794200,106.026,105.56800000000001,104.86449999999999,1.0110761983321335,57.8108395324123,-0.014593156489908665,-0.35401100526583956,0.0002830455703368706,0.008733360700994904,0.0100772206963768,-0.26808589070131783,1035390.0,0.0066025278249387176,0.00047160913035271257,1
2016-11-11,105.9,106.35,105.71,106.07,545300,106.026,105.718,104.97,1.0100600171477565,64.36107854630703,0.028997884132991203,-0.2774092273860734,0.00047160913035271257,0.00825694949652293,0.00999510504144802,-0.3133971291866029,1008730.0,0.006033751296313761,-0.003205430376166607,0
2016-11-14,106.49,106.49,105.02,105.73,426900,105.99000000000001,105.91399999999999,105.0545,1.008904901741477,65.43504171632895,0.03569744149700682,-0.21478789360945735,-0.003205430376166607,0.00782038146634162,0.010040437987074017,-0.21712818631945718,937160.0,0.013903338692896991,-0.0057694126548756275,0
2016-11-15,105.56,105.92,105.01,105.12,687300,105.78600000000002,105.814,105.12100000000001,1.0063260433215058,47.690014903129644,-0.00812139465936923,-0.17345459381943973,-0.0057694126548756275,0.0033015308118421165,0.01012575896729075,0.6099789177793393,890940.0,0.008656773211567699,-0.0005707762557077833,0
2016-11-16,105.06,105.5,104.81,105.06,577500,105.6,105.76400000000001,105.2385,1.0034350546615545,47.76119402985076,-0.04714616492819346,-0.14819290804119048,-0.0005707762557077833,0.002929277311511031,0.009792118336423142,-0.15975556525534707,828280.0,0.006567675613934873,-0.0004759185227488638,0
2016-11-17,105.0,105.55,104.96,105.01,690300,105.398,105.71200000000002,105.2385,1.0015156050304783,53.69127516778534,-0.08117245314535637,-0.13478881706202367,-0.0004759185227488638,0.002928547516106274,0.008423887106096914,0.19532467532467535,815470.0,0.005618512522616925,-0.002666412722597822,0
2016-11-18,105.01,105.22,104.5,104.73,598100,105.13,105.578,105.24750000000002,0.9988835839331098,58.82352941176479,-0.12924236610015782,-0.1336795268696505,-0.002666412722597822,0.0022217994438953432,0.008385246940682392,-0.13356511661596404,743720.0,0.006874820968203942,-0.0025780578630766326,0
2016-11-21,104.8,104.9,103.82,104.46,684500,104.876,105.43299999999999,105.2895,0.9960727327986172,25.29761904761888,-0.18696959287557036,-0.1443375400708345,-0.0025780578630766326,0.0022600604755933394,0.008143307772633319,0.14445744858719278,759120.0,0.010338885697874904,0.005265173272065882,1
2016-11-22,104.65,105.4,104.3,105.01,1757600,104.854,105.32000000000001,105.383,0.9949802150251938,41.79104477611947,-0.18619212561556253,-0.1527084571797801,0.005265173272065882,0.002916025137357414,0.008119864966646528,1.5677136596055514,784680.0,0.01047519283877734,0.002190267593562334,1
2016-11-23,105.1,105.8,104.8,105.24,544300,104.89000000000001,105.245,105.37349999999999,0.9954115598324059,45.915492957746395,-0.16511357291194884,-0.15518948032621385,0.002190267593562334,0.0030860364818149303,0.006414351490534331,-0.6903163404642695,730600.0,0.00950209045990118,-0.0026605853287723358,0
2016-11-24,105.45,105.48,104.5,104.96,297900,104.88,105.13900000000001,105.35349999999998,0.9955056073125241,33.130699088145946,-0.16905358349561084,-0.15796230096009325,-0.0026605853287723358,0.0031214436316251387,0.006439556890787668,-0.45269153040602605,680970.0,0.009336890243902477,0.007145579268292623,1
2016-11-25,105.24,107.2,104.83,105.71,1288500,105.076,105.103,105.4105,0.9968266918380996,47.42268041237111,-0.11038488998143237,-0.14844681876436108,0.007145579268292623,0.0040472312143656425,0.0063949145446660334,3.3252769385699903,755290.0,0.022419827830858052,0.004635323053637341,1
2016-11-28,106.25,106.98,106.0,106.2,1318500,105.424,105.15,105.532,0.9989766137285374,50.724637681159436,-0.024073122812396264,-0.12357207957396812,0.004635323053637341,0.004185947649373542,0.006149955099006174,0.02328288707799775,844450.0,0.009227871939736385,-0.010546139359698725,0
2016-11-29,106.6,106.6,104.9,105.08,954200,105.43799999999999,105.146,105.47999999999999,0.9996018202502844,41.095890410958965,-0.0455203351693001,-0.10796173069303452,-0.010546139359698725,0.005138808732942596,0.004229942744280533,-0.2762988244216913,871140.0,0.016178149980966776,0.0012371526456032012,1
2016-11-30,105.1,105.4,104.96,105.21,503000,105.43199999999999,105.16099999999999,105.4625,0.9997107976768992,42.22648752399231,-0.051434586045274955,-0.09665630176348261,0.0012371526456032012,0.005149311375906917,0.004089914517929914,-0.47285684342905054,863690.0,0.004182111966543218,-0.007793935937648433,0
2016-12-01,104.9,105.1,104.0,104.39,667300,105.31799999999998,105.099,105.40549999999999,0.9991698725398579,35.953177257525155,-0.12089521466839415,-0.10150408434446492,-0.007793935937648433,0.005735518575993441,0.004432482221095655,0.32664015904572574,861390.0,0.010537407797681716,0.0031612223393044925,1
2016-12-02,104.9,104.9,104.25,104.72,332700,105.12,105.098,105.338,0.99793047143481,41.541038525963124,-0.14761342553073575,-0.11072595258171909,0.0031612223393044925,0.0057954004155528795,0.004321439967990464,-0.5014236475348419,834850.0,0.00620702826585185,0.0020053475935830622,1
2016-12-05,104.95,105.5,104.5,104.93,864200,104.86600000000001,105.14500000000001,105.28899999999999,0.9959824862996137,48.29443447037705,-0.1501121556874807,-0.11860319320287142,0.0020053475935830622,0.005749424473673138,0.0043552006964897305,1.5975353171024946,852820.0,0.009530162965786714,0.013246926522443303,1
2016-12-06,105.0,106.7,105.0,106.32,2013700,105.11399999999999,105.276,105.298,0.9982525783965507,59.13043478260862,-0.0394759795346431,-0.10277775046922577,0.013246926522443303,0.006924072282874987,0.005306961938617521,1.3301319139088172,878430.0,0.01598946576373216,0.003291948833709535,1
2016-12-07,106.63,107.24,106.25,106.67,1112200,105.40599999999999,105.41900000000001,105.332,1.0007025405384877,61.52777777777772,0.07557488189033279,-0.06710722399731406,0.003291948833709535,0.006949199625837467,0.005340622855207611,-0.4476833689228783,935220.0,0.009280959970000889,-0.011343395518890076,0
2016-12-08,106.61,107.0,105.21,105.46,562700,105.62,105.46900000000001,105.304,1.0030008356757578,54.48954489544887,0.06832897694533813,-0.040019983808783625,-0.011343395518890076,0.007975711251044381,0.005944957442206464,-0.4940658155008092,961700.0,0.016973260003792966,-0.0005689360895124729,0
2016-12-09,105.95,105.95,105.25,105.4,564800,105.756,105.43800000000002,105.2705,1.004611928318,55.9343434343435,0.05708698330529671,-0.020598590385967556,-0.0005689360895124729,0.007627414131629931,0.005942881355472269,0.003732006397725307,889330.0,0.006641366223908945,-0.007115749525616666,0
2016-12-13,105.8,106.0,104.5,104.65,1042900,105.7,105.28299999999999,105.2165,1.0045952868609012,47.78325123152709,-0.012200470211055858,-0.01891896635098522,-0.007115749525616666,0.007693072657457347,0.006105594070679917,0.8464943342776203,861770.0,0.014333492594362158,-0.003822264691830002,0
2016-12-14,104.95,105.0,103.9,104.25,976000,105.28599999999999,105.2,105.173,1.0010744202409363,44.02895054282271,-0.09825530735108146,-0.03478623455100447,-0.003822264691830002,0.007078269049317684,0.006032155123549273,-0.06414804871032698,863950.0,0.010551558752997547,-0.0025899280575538697,0
2016-12-15,104.3,105.1,103.9,103.98,1631800,104.748,105.077,105.119,0.9964706665778784,44.082125603864796,-0.18609593123740353,-0.0650481738882843,-0.0025899280575538697,0.007061118635819424,0.006052060150349601,0.6719262295081967,976830.0,0.011540680900173,-0.0008655510675130706,0
2016-12-16,104.05,104.39,103.76,103.89,1024500,104.434,105.027,105.06300000000002,0.9940131159399597,38.05774278215228,-0.25997566868410615,-0.10403367284744867,-0.0008655510675130706,0.006665943299192698,0.006052608626953041,-0.3721657065816889,1012550.0,0.006064106266243098,0.0014438348252960864,1
2016-12-19,104.12,104.5,103.5,104.04,2555700,104.162,104.95899999999999,105.02850000000001,0.9917498583717752,35.16483516483518,-0.30293015621431607,-0.14381296952082218,0.0014438348252960864,0.006583898406391496,0.006045619131670624,1.4945827232796485,1234850.0,0.009611687812379853,0.002499038831218714,1
2016-12-20,104.25,105.09,104.0,104.3,2814200,104.09200000000001,104.896,105.0205,0.9911588689827225,43.925233644859794,-0.3123910207327043,-0.1775285797631986,0.002499038831218714,0.006607677960738211,0.006052097635989056,0.10114645693939028,1429850.0,0.010450623202301088,-0.003259827420901251,0
2016-12-21,104.22,104.8,103.6,103.96,2096200,104.03400000000002,104.66,104.968,0.9911020501486169,40.57315233785822,-0.34336587446382794,-0.21069603870332448,-0.003259827420901251,0.004492258458873206,0.005956820688421447,-0.25513467415251223,1438100.0,0.011542901115813803,-0.0027895344363215724,0
2016-12-22,104.2,104.25,103.5,103.67,1079900,103.97200000000001,104.35999999999999,104.8895,0.9912526992692311,44.09836065573771,-0.38685482397437454,-0.24592779575753454,-0.0027895344363215724,0.004051182162954859,0.005943150087166255,-0.48482969182329927,1434870.0,0.007234494067714864,-0.003183177389794567,0
2016-12-23,103.72,104.0,103.0,103.34,508800,103.86200000000001,104.148,104.80850000000001,0.9909692439067442,38.688524590163965,-0.442843547106861,-0.2853109460273998,-0.003183177389794567,0.0027664639933066373,0.00595320442180836,-0.5288452634503195,1429480.0,0.009676795045480937,-0.0013547513063673078,0
2016-12-26,103.95,103.95,103.11,103.2,531500,103.694,103.928,104.68299999999999,0.9905524297163819,35.65505804311768,-0.4928307968875032,-0.3268149161994205,-0.0013547513063673078,0.0027314411869648284,0.005655015115994758,0.044614779874213806,1426150.0,0.008139534883720963,-0.0006782945736434343,0
2016-12-27,103.4,103.45,103.0,103.13,518600,103.46,103.776,104.52950000000001,0.9897684385747563,16.13588110403404,-0.531962336779614,-0.3678444003154592,-0.0006782945736434343,0.002105948403452043,0.005489545085948899,-0.024270931326434653,1373720.0,0.004363424803645911,0.005817899738194576,1
2016-12-28,103.3,104.15,103.3,103.73,1919300,103.41400000000002,103.724,104.46199999999999,0.9899676437364786,20.36290322580652,-0.508695453939751,-0.39601461104031754,0.005817899738194576,0.0029441146379453054,0.005278073289783686,2.7009255688391822,1468050.0,0.008194350718210822,0.009351200231369816,1
2016-12-29,104.1,105.26,104.0,104.7,2603400,103.62,103.796,104.4365,0.9921818521302419,41.94915254237298,-0.40729039810864265,-0.3982697684539826,0.009351200231369816,0.004167796604796388,0.005722529770886977,0.3564320325118533,1565210.0,0.012034383954154777,-0.003151862464183419,0
2016-12-30,105.0,105.0,104.14,104.37,992200,103.826,103.84400000000001,104.4355,0.994163861905195,39.67935871743487,-0.3495252928493926,-0.3885208733330646,-0.003151862464183419,0.004322925537803939,0.005488850570194722,-0.6188829991549512,1561980.0,0.008239915684583687,0.030372712465267737,1
2017-01-02,104.8,109.1,104.8,107.54,5515800,104.694,104.194,104.57650000000001,1.0011235793892508,69.50067476383263,-0.04740704465086765,-0.32029810759662525,0.030372712465267737,0.010423033789240034,0.008728812003396832,4.559161459383189,1857990.0,0.039985121815138525,0.03022131299981412,1
2017-01-03,107.7,111.49,106.52,110.79,6670900,106.226,104.843,104.86949999999999,1.012935124130467,81.87134502923979,0.4490947970391659,-0.16641952666946702,0.03022131299981412,0.013422880023628899,0.010858188364471756,0.20941658508285288,2243660.0,0.044859644372235746,-0.012004693564401259,0
2017-01-04,110.52,111.9,109.0,109.46,5991900,107.372,105.393,105.02650000000001,1.022332458950836,74.20494699646633,0.7268772109326278,0.012239820850951932,-0.012004693564401259,0.014355387087074036,0.011043109940102387,-0.10178536629240431,2633230.0,0.026493696327425598,0.017266581399598024,1
2017-01-05,109.7,112.49,109.6,111.35,6029500,108.702,106.16100000000002,105.26050000000001,1.0326950755506576,78.42987804878042,1.0869987350835402,0.2271916036974696,0.017266581399598024,0.014506049327739363,0.011590121625998746,0.006275138103105871,3128190.0,0.02595419847328245,0.023978446340368276,1
2017-01-06,111.3,114.4,111.3,114.02,5589800,110.63199999999999,107.229,105.6885,1.0467742469615897,81.90537084398972,1.5697492313831702,0.4957031292346098,0.023978446340368276,0.014870519189556375,0.012095930113594952,-0.07292478646653955,3636290.0,0.02718821259428178,0.011050692860901545,1
2017-01-09,114.75,117.75,114.75,115.28,4284700,112.17999999999999,108.43700000000001,106.1825,1.0564829421043955,82.99278846153841,2.030596495077944,0.8026818024032767,0.011050692860901545,0.014327228672434975,0.012144977403906061,-0.2334788364521092,4011610.0,0.0260235947258848,-0.028105482303955487,0
2017-01-10,113.0,113.5,110.05,112.04,6974400,112.42999999999999,109.328,106.55199999999999,1.0551655529694421,70.67553735926306,2.110056926803722,1.0641568272833657,-0.028105482303955487,0.01878905130459111,0.013975847593051772,0.6277452330384858,4657190.0,0.030792574080685493,0.03632631203141723,1
2017-01-11,113.25,116.78,112.76,116.11,8400900,113.75999999999999,110.566,107.14500000000001,1.0617387652246952,76.672384219554,2.472938382693684,1.3459131383654293,0.03632631203141723,0.020689582758812063,0.015650339607311586,0.20453372333103914,5305350.0,0.034622340883644784,0.005081388338644466,1
2017-01-12,117.1,118.4,115.15,116.7,8331600,114.83,111.766,107.78099999999999,1.0654011374917658,78.32909245122983,2.776131108730624,1.6319567324384683,0.005081388338644466,0.020783402204780917,0.015534766960100236,-0.008249116166125003,5878170.0,0.027849185946872322,-0.0029134532990574558,0
2017-01-13,116.6,117.8,115.75,116.36,4387200,115.298,112.965,108.40450000000001,1.0635905336033098,77.67031118587045,2.954915938432137,1.8965485736372023,-0.0029134532990574558,0.020765361602389194,0.015588370522088772,-0.4734264727063229,6217670.0,0.017617738054314172,0.004984530766586337,1
2017-01-16,118.45,119.0,116.51,116.94,4973500,115.63,113.905,109.04950000000001,1.0603441556357434,78.42733635240837,3.1075830735153005,2.138755473612822,0.004984530766586337,0.01967428685138354,0.015556386084976568,0.13363876732312185,6163440.0,0.021292970754232896,0.006328031469129636,1
2017-01-17,117.0,118.47,115.26,117.68,5093600,116.75800000000001,114.59400000000001,109.71849999999999,1.064159644909473,78.55096193205074,3.250811363697082,2.361166651629674,0.006328031469129636,0.018146757698242675,0.015534897247457683,0.02414798431687948,6005710.0,0.027277362338545153,-0.009177430319510682,0
2017-01-18,118.25,118.4,116.25,116.6,2630300,116.856,115.30799999999999,110.35049999999998,1.0589530631940953,74.2461287693561,3.2398271310623414,2.536898747516208,-0.009177430319510682,0.01785124586928008,0.015778336277517707,-0.4836068792209832,5669550.0,0.018439108061749622,0.00994854202401374,1
2017-01-19,116.52,118.0,115.6,117.76,4715600,117.06799999999998,115.94900000000003,111.05500000000002,1.0541443428931607,76.38943634213634,3.2868357564218798,2.6868861492973424,0.00994854202401374,0.017506686339265623,0.015667045592309258,0.7927993004600236,5538160.0,0.020380434782608745,0.0005095108695651884,1
2017-01-20,118.0,119.65,117.25,117.82,6210700,117.35999999999999,116.329,111.779,1.0499288775172437,73.0907457322551,3.2909953830548773,2.8077079960488494,0.0005095108695651884,0.01632473032865183,0.015568273645039293,0.3170540334209857,5600250.0,0.020370056017654098,0.0096757766083857,1
2017-01-23,118.5,119.7,117.85,118.96,5844400,117.76400000000001,116.697,112.56699999999998,1.0461680599109866,70.27295285359794,3.347690299840778,2.915704456807235,0.0096757766083857,0.016258821845279513,0.015463213533997088,-0.0589788590658058,5756220.0,0.015551445864156091,-0.0035305985205109636,0
2017-01-24,119.45,119.9,118.0,118.54,3188700,117.936,117.34700000000001,113.3375,1.0405735083268997,73.59667359667363,3.3204548038771406,2.9966545262212163,-0.0035305985205109636,0.012386310203519418,0.01555301868532635,-0.4544007939223872,5377650.0,0.01602834486249372,-0.010544963725324763,0
2017-01-25,118.4,118.95,117.1,117.29,1444100,118.074,117.465,114.0155,1.0355960373808824,65.9677419354839,3.1615614118386475,3.0296359033447025,-0.010544963725324763,0.007372643713999669,0.016046631633397247,-0.5471195157901338,4681970.0,0.01577287066246064,0.006479665785659394,1
2017-01-26,117.0,118.25,116.3,118.05,3945100,118.13199999999999,117.6,114.68299999999999,1.0300742045464455,62.073097663271426,3.0616698777704556,3.0360426982298536,0.006479665785659394,0.007470499888644644,0.01603057567031502,1.7318745239249358,4243320.0,0.01651842439644221,-0.013130029648454,0
2017-01-27,118.1,118.49,116.3,116.5,1839800,117.86800000000001,117.61399999999999,115.2895,1.0223654365748833,53.592461719670204,2.824869731389157,2.9938081048617144,-0.013130029648454,0.00869083512519494,0.016483835693648845,-0.5336493371524169,3988580.0,0.018798283261802554,-0.013819742489270426,0
2017-01-30,117.0,117.0,114.5,114.89,1135300,117.054,117.40900000000002,115.657,1.0120788192673162,59.283387622149824,2.4787172550916665,2.890789934907705,-0.013819742489270426,0.00952399504362715,0.015947315032421607,-0.38292205674529844,3604760.0,0.021759944294542605,0.007920619723213562,1
2017-01-31,114.81,117.7,114.0,115.8,4714800,116.506,117.221,115.9075,1.0051636002847097,48.72846595570139,2.2518602750284913,2.7630040029318623,0.007920619723213562,0.00968558461535562,0.014706961927726633,3.1529111248128245,3566880.0,0.03195164075993094,-0.005958549222797926,0
2017-02-01,116.05,116.8,114.5,115.11,1278900,116.07000000000001,117.072,116.19000000000001,0.9989672088820035,43.53132628152968,1.9934183644373604,2.609086875232962,-0.005958549222797926,0.009455304273566617,0.014457115752298508,-0.7287477729702214,3431740.0,0.01998088784640776,-0.011814785857006349,0
2017-02-02,115.2,115.7,113.5,113.75,1320400,115.21000000000001,116.671,116.31000000000002,0.9905425156908262,40.1953418482344,1.6597283391658237,2.4192151680195346,-0.011814785857006349,0.009090206961045665,0.014368500704598117,0.03244976151380086,3092220.0,0.019340659340659365,-0.01353846153846161,0
2017-02-03,113.76,113.89,112.0,112.21,1027900,114.352,116.10999999999999,116.21950000000001,0.9839312679885905,33.42676944639102,1.2565269992617374,2.186677534267975,-0.01353846153846161,0.009491853951428259,0.013665056765737923,-0.22152378067252343,2573940.0,0.01684341859014349,0.005525354246502134,1
2017-02-06,112.6,113.24,112.25,112.83,942100,113.93999999999998,115.49699999999999,116.09700000000001,0.9814207085454403,32.86219081272081,0.975767807037613,1.9444955888219029,0.005525354246502134,0.008856781112116982,0.013469195503858822,-0.0834711547815935,2083710.0,0.008774262164317955,0.0018612071257644303,1
2017-02-07,113.0,113.7,112.7,113.04,853500,113.388,114.947,116.147,0.9762456197749404,36.596385542168704,0.7614320546450557,1.7078828819865335,0.0018612071257644303,0.00913232031570215,0.011865045189938073,-0.09404521812971023,1850190.0,0.008846426043878274,-0.00513092710544949,0
2017-02-08,113.11,113.45,112.25,112.46,940900,112.85799999999999,114.46399999999998,115.9645,0.9732116294210728,29.133858267716477,0.5385600884725932,1.4740183232837454,-0.00513092710544949,0.008905090322188619,0.00839152751894895,0.10240187463386063,1799870.0,0.01067046060821628,-0.002667615152054048,0
2017-02-09,112.25,112.5,111.9,112.16,1164700,112.54,113.875,115.7375,0.9723728264391404,28.12982998454406,0.33387623932352994,1.2459899064917022,-0.002667615152054048,0.008126450762127712,0.008246271973954819,0.23785737060261458,1521830.0,0.005349500713266711,0.005973609129814594,1
2017-02-10,112.49,114.0,112.2,112.83,2556500,112.66399999999999,113.508,115.56099999999999,0.9749309888284109,25.42101042502007,0.22315383626573748,1.0414226924465093,0.005973609129814594,0.00826678341269407,0.008429020781134767,1.194985833261784,1593500.0,0.015953203935123613,0.0026588673225205195,1
2017-02-13,113.2,114.45,112.5,113.13,1610800,112.724,113.332,115.37049999999999,0.9770608604452612,28.097165991902813,0.15779407505219467,0.8646969689676464,0.0026588673225205195,0.0075151289681398056,0.008350453269569458,-0.3699198122433014,1641050.0,0.01723680721294089,-0.0116679925749138,0
2017-02-14,112.65,113.1,111.65,111.81,884200,112.478,112.93299999999999,115.077,0.9774151220487152,27.938808373590973,-0.0005110834490409388,0.691655358484309,-0.0116679925749138,0.007332533384062115,0.008418063256495505,-0.45108020859200393,1257990.0,0.012968428584205247,-0.007512744834987983,0
2017-02-15,112.0,112.3,110.75,110.97,885600,112.17999999999999,112.519,114.79549999999999,0.977216005853888,21.68000000000005,-0.19154206422979314,0.5150158739414886,-0.007512744834987983,0.007407093730886255,0.008356794292640014,0.001583352182764175,1218660.0,0.013967739028566253,0.005496981166080994,1
2017-02-16,111.0,111.9,111.0,111.58,446400,112.06400000000001,112.30199999999999,114.4865,0.9788402999480288,28.719723183391025,-0.29036642735739804,0.35393941368171133,0.005496981166080994,0.007304286262858467,0.008063659346220131,-0.49593495934959353,1131260.0,0.008065961641871355,-0.00017924359204157803,0
2017-02-17,111.4,112.49,111.2,111.56,472100,111.80999999999999,112.23700000000001,114.17350000000002,0.979299049253986,33.299899699097324,-0.36607934516553087,0.20993566191226293,-0.00017924359204157803,0.006053817225491609,0.008050868055223327,0.05757168458781359,1075680.0,0.01156328433130147,-0.010756543564001464,0
2017-02-20,111.56,111.94,109.5,110.36,553800,111.256,111.99000000000001,113.7435,0.9781306184529226,23.489278752436704,-0.5169532341016634,0.06455788270947767,-0.010756543564001464,0.00641290246023865,0.007686571123126521,0.17305655581444612,1036850.0,0.022109459949256956,-0.0055273649873142094,0
2017-02-21,110.11,110.32,109.51,109.75,246600,110.84400000000001,111.66100000000002,113.304,0.978288498199534,23.673870333988276,-0.6779290361558736,-0.08393950106359258,-0.0055273649873142094,0.006318917175803923,0.0076969860097563245,-0.5547128927410618,976160.0,0.0073804100227789346,-0.0014578587699316525,0
2017-02-22,109.75,110.7,109.05,109.59,988700,110.56800000000001,111.374,112.91900000000001,0.9791797660269751,26.8374164810691,-0.8090875245327567,-0.2289691057574254,-0.0014578587699316525,0.006283505179516288,0.0075456257337415044,3.009326845093269,980940.0,0.015056118258965285,-0.004288712473765832,0
2017-02-23,109.5,109.6,108.5,109.12,815400,110.076,111.07000000000001,112.4725,0.9786925692947165,30.467762326169506,-0.9401195308162613,-0.3711991907691926,-0.004288712473765832,0.0063073420001076965,0.007181809686016737,-0.17528067158895522,946010.0,0.01008064516129027,-0.004123900293255156,0
2017-02-24,109.1,109.39,108.4,108.67,893700,109.498,110.654,112.08099999999999,0.9769541670755972,23.12661498708016,-1.0679637576102863,-0.5105521041374114,-0.004123900293255156,0.005518816284105589,0.006847216610903226,0.0960264900662251,779730.0,0.009110149995398867,-9.202171712530127e-05,0
2017-02-27,109.0,109.5,108.1,108.66,568200,109.15799999999999,110.207,111.76950000000002,0.9766349496061086,20.954907161803675,-1.1567538070060408,-0.6397924447111373,-9.202171712530127e-05,0.005225411494009551,0.006428291852791971,-0.36421617992614974,675470.0,0.012884226026136626,-0.005153690410454659,0
2017-02-28,108.55,108.55,107.9,108.1,368000,108.828,109.83600000000001,111.3845,0.9770479734612985,21.010638297872333,-1.2578086456265964,-0.7633956848942292,-0.005153690410454659,0.0045237170160350336,0.005930023167731482,-0.3523407250967969,623850.0,0.006012950971322771,0.007030527289546784,1
2017-03-01,108.35,109.25,108.3,108.86,730800,108.68199999999999,109.625,111.07199999999997,0.9784824258138866,29.32330827067672,-1.262021882202518,-0.8631209243558869,0.007030527289546784,0.0053096241562264924,0.006334585785984775,0.9858695652173912,608370.0,0.008726805070733078,0.010012860554841074,1
2017-03-02,108.97,110.5,108.97,109.95,886800,108.848,109.46199999999999,110.88199999999999,0.9816561750329179,32.85714285714289,-1.1639892683266453,-0.9232945931500387,0.010012860554841074,0.006136750740870525,0.006569899158769348,0.21346469622331687,652410.0,0.013915416098226477,0.006184629376989381,1
2017-03-03,110.01,111.87,110.01,110.63,592200,109.24000000000001,109.369,110.803,0.9858938837396101,35.7630979498861,-1.0196732401523718,-0.9425703225505053,0.006184629376989381,0.006596345760375753,0.006163407549970304,-0.3322056833558863,664420.0,0.016812799421495068,0.00018078278947863957,1
2017-03-06,111.6,111.96,110.25,110.65,825500,109.63799999999999,109.398,110.69399999999999,0.9904601875440403,42.24598930481287,-0.893389477449972,-0.9327341535303988,0.00018078278947863957,0.005596120371890895,0.005993223717254395,0.39395474501857475,691590.0,0.015454134658834105,-0.016538635336647234,0
2017-03-07,108.6,109.2,108.0,108.82,822600,109.782,109.30499999999999,110.48299999999999,0.993655132463818,37.308146399055495,-0.9302510368432451,-0.9322375301929682,-0.016538635336647234,0.007592311481103118,0.006883764274615716,-0.003513022410660205,749190.0,0.011027384671935333,0.010751700055136926,1
2017-03-08,109.0,110.09,108.91,109.99,1008600,110.008,109.345,110.3595,0.9968149547614841,41.19601328903655,-0.8551966912186941,-0.9168293623981134,0.010751700055136926,0.008416195779791975,0.007386514378257385,0.2261123267687819,751180.0,0.010728248022547567,-0.01491044640421857,0
2017-03-09,109.75,110.0,107.12,108.35,506500,109.68800000000002,109.26799999999999,110.16900000000001,0.9956339805208362,34.92957746478875,-0.9174738085644947,-0.9169582516313897,-0.01491044640421857,0.009652618124202152,0.008005998359543211,-0.4978187586753916,720290.0,0.02658052607291182,0.0005537609598522675,1
2017-03-10,108.1,108.7,107.75,108.41,377700,109.244,109.242,109.94800000000001,0.9935969731145632,39.74763406940065,-0.9510245551053487,-0.9237715123261815,0.0005537609598522675,0.009579482306034075,0.007822351249886445,-0.2542941757156959,668690.0,0.008763029240844968,-0.004796605479199245,0
2017-03-13,108.01,108.3,107.7,107.89,371300,108.69199999999998,109.165,109.68599999999999,0.99093776780993,40.127388535031876,-1.0079543473512445,-0.9406080793311942,-0.004796605479199245,0.009688598453987571,0.007767760393444598,-0.016944665078104326,649000.0,0.0055612197608674975,-0.0006488089721012891,0
2017-03-14,108.2,108.2,107.25,107.82,760100,108.49199999999999,109.13699999999999,109.4865,0.9909166883588386,40.51446945337619,-1.046654847289176,-0.9618174329227906,-0.0006488089721012891,0.009560768356632823,0.007455818815125056,1.0471316994344195,688210.0,0.008810981265071443,0.006956037840845752,1
2017-03-15,108.0,109.0,106.4,108.57,1091100,108.208,109.10799999999999,109.36650000000002,0.9894071767863101,47.138397502601414,-1.0052190014025086,-0.9704977466187343,0.006956037840845752,0.009554520377671311,0.007572234071950481,0.4354690172345743,724240.0,0.023947683522151555,-0.010500138159712513,0
2017-03-16,108.1,108.24,107.0,107.43,502900,108.024,108.856,109.15899999999999,0.9896023232165924,43.98058252427189,-1.0522397033271602,-0.9868461379604195,-0.010500138159712513,0.00931108489594904,0.007686598764083462,-0.5390889927596004,685850.0,0.011542399702131572,-0.0168481802103696,0
2017-03-17,107.5,108.9,105.05,105.62,3952200,107.46600000000001,108.35499999999999,108.862,0.9871764251988757,37.43801652892568,-1.2214754133441659,-1.033771993037169,-0.0168481802103696,0.00982030942225906,0.00836769267428748,6.858818850666136,1021850.0,0.0364514296534748,0.0008521113425485893,1
2017-03-20,105.98,106.01,105.11,105.71,333600,107.03,107.86099999999999,108.62950000000001,0.9852756387537455,39.72484952708513,-1.3329680589319253,-1.0936112062161203,0.0008521113425485893,0.009858690912417744,0.008179843943817785,-0.9155913162289357,972660.0,0.008513858669946132,-0.0037839371866426053,0
2017-03-21,105.98,105.99,104.98,105.31,718700,106.52799999999999,107.50999999999999,108.4075,0.9826626386550745,34.250221827861594,-1.4370381595042971,-1.1622965968737557,-0.0037839371866426053,0.008909354907346761,0.008150839095342787,1.1543764988009593,962270.0,0.009590732124204642,0.001139492925648078,1
2017-03-22,105.79,105.89,105.3,105.43,507700,105.9,107.054,108.19950000000001,0.9787475912550427,28.058252427184485,-1.4926254102717706,-1.2283623595533588,0.001139492925648078,0.007663849405263474,0.00818108775533596,-0.2935856407402254,912180.0,0.0055961301337380575,-0.005027032154035882,0
2017-03-24,105.7,105.7,104.7,104.9,862900,105.394,106.70899999999999,107.9885,0.9759742935590364,21.77339901477839,-1.5614459012118687,-1.2949790678850608,-0.005027032154035882,0.0067064410012960185,0.008194083733550952,0.6996257632460114,947820.0,0.009532888465204956,-0.0040991420400382506,0
2017-03-27,104.9,105.0,104.25,104.47,321700,105.16399999999999,106.31500000000001,107.77850000000001,0.9757419151314963,20.73863636363633,-1.631872828287868,-1.3623578199656223,-0.0040991420400382506,0.006576420965460174,0.008193737995020886,-0.6271873913547341,942220.0,0.007179094476883316,0.0014358188953766948,1
2017-03-28,104.26,104.7,104.26,104.62,329300,104.946,105.98800000000001,107.57650000000001,0.9755476335445008,26.351351351351397,-1.656487966842704,-1.421183849341039,0.0014358188953766948,0.006751376031114566,0.0082189263386086,0.023624494870997825,938020.0,0.0042056968074937655,0.0,0
2017-03-29,104.8,105.19,104.5,104.62,752300,104.80799999999999,105.668,107.40249999999999,0.9758432066292685,15.175097276264623,-1.6568959760598148,-1.468326274684794,0.0,0.006780097316577088,0.008190983534949759,1.2845429699362283,937240.0,0.006595297266297053,-0.00430128082584591,0
2017-03-30,104.11,104.7,103.93,104.17,528900,104.556,105.228,107.168,0.9756270528515975,17.94478527607366,-1.6742310718731233,-1.50950723412246,-0.00430128082584591,0.005810975246858114,0.007950769182115305,-0.2969560015951084,881020.0,0.0073917634635691275,-0.0054718249016032505,0
2017-03-31,104.25,104.5,103.26,103.6,1007900,104.296,104.845,106.85049999999998,0.9760927651251049,15.789473684210506,-1.7142032287425337,-1.550446433046475,-0.0054718249016032505,0.005399914382675874,0.007439549982223661,0.9056532425789374,931520.0,0.01196911196911192,-0.00260617760617754,0
2017-04-03,103.8,104.1,103.25,103.33,1155700,104.06800000000001,104.61600000000001,106.4855,0.9772973785163239,16.37168141592919,-1.7475238276716567,-1.5898619119715114,-0.00260617760617754,0.0027470747744033444,0.007124888950934187,0.14664153189800566,651870.0,0.00822607180876797,-0.016839252879125133,0
2017-04-04,103.4,103.47,101.35,101.59,4682700,103.46199999999999,104.204,106.0325,0.9757574328625657,13.136094674556233,-1.892518327371988,-1.6503931950516069,-0.016839252879125133,0.0051865216889377215,0.007672228315421395,3.0518300597040753,1086780.0,0.02086819568855207,-0.011024707156216174,0
2017-04-05,101.81,102.2,100.1,100.47,832600,102.63199999999999,103.72,105.61500000000001,0.9717559058845806,4.081632653061234,-2.073895575543233,-1.7350936711499323,-0.011024707156216174,0.00564509478485051,0.007296681085775303,-0.8221965959809512,1098170.0,0.02090176171991648,-0.015726087389270393,0
2017-04-06,100.85,100.92,98.5,98.89,3153100,101.576,103.06599999999999,105.05999999999999,0.9668379973348563,3.8876889848812084,-2.318406005585743,-1.8517561380370946,-0.015726087389270393,0.0062050920572420225,0.006877215178516887,2.787052606293538,1362710.0,0.02447163515016687,0.016482960865608298,1
2017-04-07,99.0,100.97,99.0,100.52,1074100,100.96000000000001,102.628,104.6685,0.9645690919426572,21.916299559471312,-2.3535249350425573,-1.9521098974381874,0.016482960865608298,0.009548364340102493,0.00804714730049322,-0.6593511147759348,1383830.0,0.01959808993235176,0.005173099880620979,1
2017-04-10,100.92,101.45,99.9,101.04,601500,100.50200000000001,102.285,104.3,0.9635858101629915,25.44689800210317,-2.312737487351555,-2.0242354154208613,0.005173099880620979,0.01000036851639687,0.008240025498379764,-0.4399962759519598,1411810.0,0.015340459224069646,-0.01157957244655583,0
2017-04-11,100.75,101.25,99.7,99.87,1449600,100.158,101.81,103.899,0.963993878670632,23.540856031128484,-2.3477588603873585,-2.088940104414161,-0.01157957244655583,0.010162942687465518,0.008434293247117903,1.4099750623441398,1523840.0,0.015520176229097798,0.0045058576148993,1
2017-04-12,99.62,101.0,99.62,100.32,1354700,100.12800000000001,101.38000000000001,103.524,0.9671960125188364,25.918944392082906,-2.3125447354394737,-2.1336610306192236,0.0045058576148993,0.010483841730713298,0.008613185238933077,-0.0654663355408388,1584080.0,0.013755980861243975,-0.0071770334928229484,0
2017-04-13,101.1,101.1,99.5,99.6,877000,100.27,100.923,103.0755,0.9727820869168715,25.462962962962933,-2.3160374325835704,-2.1701363110120933,-0.0071770334928229484,0.010528144756780374,0.008277977676832301,-0.3526241972392412,1618890.0,0.016064257028112393,-0.01787148594377508,0
2017-04-14,99.6,99.83,97.5,97.82,1628300,99.72999999999999,100.345,102.595,0.9720746625079194,22.633744855967066,-2.4343745892339825,-2.222983966656471,-0.01787148594377508,0.011362129507369104,0.008722161734788073,0.8566704675028507,1680930.0,0.023819259865058253,-0.03751789000204442,0
2017-04-17,98.01,98.5,93.8,94.15,2363300,98.352,99.42699999999999,102.0215,0.9640320912748783,16.592214422463286,-2.792110257957404,-2.3368092249166574,-0.03751789000204442,0.01507449189245886,0.01113569332244512,0.4513910213105694,1801690.0,0.04992033988316519,0.005735528412108337,1
2017-04-18,94.11,95.5,94.11,94.69,2117200,97.316,98.737,101.4705,0.9590570658467239,19.370758790869786,-2.997491647892204,-2.468945709511767,0.005735528412108337,0.015481134150484485,0.011337973048518829,-0.10413404984555497,1545140.0,0.014679480409758165,0.013095363818777184,1
2017-04-19,93.0,96.23,92.39,95.93,1903900,96.438,98.28299999999999,101.0015,0.9548175027103559,25.764705882352942,-3.0253261653865025,-2.580221800686714,0.013095363818777184,0.016605253453392182,0.01207127335627227,-0.10074626865671643,1652270.0,0.040029187949546574,0.035234024809757125,1
2017-04-20,96.1,100.72,95.75,99.31,2629400,96.38000000000001,98.325,100.69550000000001,0.9571430699485082,39.172135285209485,-2.7430275547010012,-2.6127829514895717,0.035234024809757125,0.02020300793892339,0.014979230213464962,0.38105992961815227,1599900.0,0.050045312657335604,0.018628536904641946,1
2017-04-21,99.84,102.0,99.16,101.16,1479800,97.048,98.389,100.5085,0.9655700761627126,44.92753623188405,-2.3430155086687563,-2.5588294629254085,0.018628536904641946,0.02040075821019599,0.015716480556333737,-0.43721000988818737,1640470.0,0.028074337682878644,0.011368129695531914,1
2017-04-24,101.4,102.5,101.13,102.31,1276600,98.67999999999999,98.516,100.4005,0.9828636311572153,51.730769230769226,-1.9111768343281739,-2.429298937205962,0.011368129695531914,0.02064020186067109,0.015970510779295854,-0.13731585349371533,1707980.0,0.01339067539829933,-0.01084937933730823,0
2017-04-25,102.39,102.39,100.85,101.2,726200,99.982,98.649,100.2295,0.997530667118962,51.75565175565176,-1.6396089061772585,-2.2713609310002214,-0.01084937933730823,0.020590247209551042,0.01611066119079306,-0.4311452295159016,1635640.0,0.015217391304347887,-0.02638339920948618,0
2017-04-26,101.09,101.09,98.0,98.53,3384400,100.502,98.47,99.925,1.005774330748061,49.177330895795244,-1.621148462113993,-2.1413184372229757,-0.02638339920948618,0.022334814778206608,0.017031995484508768,3.660424125585238,1838610.0,0.031361006799959436,-0.01106262052166851,0
2017-04-27,98.5,98.87,97.21,97.44,876700,100.128,98.25399999999999,99.5885,1.005417292157227,42.78350515463917,-1.6751620918409031,-2.0480871681465613,-0.01106262052166851,0.02247647555092835,0.01712901421041767,-0.7409585155418981,1838580.0,0.017036124794745595,-0.014265188834154396,0
2017-04-28,97.7,98.0,95.85,96.05,1017700,99.10600000000001,98.077,99.211,0.9989416496154662,38.76632147681222,-1.8092734873039404,-2.0003244319780373,-0.014265188834154396,0.02222032616807538,0.01730252611396774,0.16083038667731264,1777520.0,0.022384174908901672,-0.014783966684018712,0
2017-05-02,96.05,96.05,94.4,94.63,744700,97.57000000000001,98.125,98.776,0.9877905564104642,38.334817453250196,-2.0070043699339237,-2.0016604195692147,-0.014783966684018712,0.01907820716624663,0.017477838690602026,-0.2682519406504864,1615660.0,0.017436330973264202,-0.005495086124907456,0
2017-05-03,94.5,94.9,93.9,94.11,1024200,96.152,98.067,98.402,0.9771346110851405,36.21837549933423,-2.180531364929692,-2.03743460864131,-0.005495086124907456,0.019077549883446343,0.017229849217890815,0.3753189203706191,1506360.0,0.010625863351397301,0.015407501859526107,1
2017-05-04,94.3,95.76,94.3,95.56,1102500,95.55799999999999,98.03,98.15650000000001,0.9735269696861643,41.31556319862426,-2.1759666873345793,-2.065141024379964,0.015407501859526107,0.019272984414893855,0.017645203781297258,0.07644991212653784,1426220.0,0.015278359146086311,0.02783591460862289,1
2017-05-05,95.99,98.7,95.75,98.22,2297200,95.714,97.921,98.123,0.9754491811298064,50.828500414250215,-1.9353992996194904,-2.0391926794278694,0.02783591460862289,0.017850311165990337,0.0185719794756466,1.083628117913832,1393000.0,0.030034616167786632,-0.006515984524536722,0
2017-05-08,98.5,99.9,97.0,97.58,2370700,96.02,97.563,97.976,0.9800359271658365,58.124111795357635,-1.7759188756305377,-1.9865379186684031,-0.006515984524536722,0.01650467338953205,0.01819438872984504,0.03199547274943404,1482090.0,0.02971920475507282,-0.01424472227915552,0
2017-05-09,98.2,98.39,96.0,96.19,2316800,96.332,96.951,97.7335,0.985659983526631,53.41530054644809,-1.741614624634849,-1.9375532598616925,-0.01424472227915552,0.015922503724842527,0.0183467864719859,-0.022735900788796504,1586110.0,0.024846657656721078,0.003222788231624918,1
2017-05-10,96.7,97.0,96.0,96.5,905400,96.80999999999999,96.48100000000001,97.565,0.99226156921027,51.35520684736089,-1.67016126987032,-1.8840748618634182,0.003222788231624918,0.016070955289690648,0.01825092155849247,-0.6092023480662984,1604030.0,0.010362694300518135,0.014818652849740932,1
2017-05-11,97.49,98.2,96.8,97.93,1352700,97.284,96.42099999999999,97.44550000000001,0.9983426633348897,46.38364779874215,-1.481072045825485,-1.8034742986558316,0.014818652849740932,0.01512772910632508,0.018574041859517783,0.4940357852882704,1400860.0,0.014295925661186619,-0.004901460226692578,0
2017-05-12,98.0,98.49,97.0,97.45,1325000,97.13,96.422,97.338,0.9978631161519653,39.52569169960477,-1.3543375022482138,-1.7136469393743081,-0.004901460226692578,0.0147713819451126,0.018541417358088834,-0.02047756339173501,1445690.0,0.015289892252437095,0.03293996921498188,1
2017-05-15,98.25,101.5,98.25,100.66,5067100,97.74600000000001,96.88300000000001,97.47999999999999,1.0027287648748464,45.82701062215477,-0.9835416347475245,-1.5676258784489514,0.03293996921498188,0.017036806938549573,0.019551132547289025,2.8242264150943397,1850630.0,0.032286906417643556,-0.03278362805483803,0
2017-05-16,100.15,100.15,97.0,97.36,4155200,97.98,97.156,97.6405,1.0034770407771365,41.256830601092894,-0.9450714635176496,-1.4431149954626912,-0.03278362805483803,0.020027466271800853,0.0190752892275561,-0.17996487142547024,2191680.0,0.03235414954806908,-0.008730484798685212,0
2017-05-17,97.8,97.97,96.13,96.51,1063200,97.982,97.396,97.73150000000001,1.0025631449430326,44.985104270109254,-0.9719672386108584,-1.3488854440923248,-0.008730484798685212,0.020205800563512153,0.01919409720622273,-0.7441278398151714,2195580.0,0.019065381825717577,-0.004455496839705808,0
2017-05-18,96.88,96.88,96.01,96.08,1019000,97.612,97.44800000000001,97.739,0.9987006210417539,46.50924024640658,-1.0162648716484455,-1.282361329603549,-0.004455496839705808,0.019790370567575596,0.019018503515579464,-0.04157261098570353,2187230.0,0.009054954204829208,-0.00926311407160696,0
2017-05-19,96.48,96.51,95.0,95.19,937900,97.16,97.145,97.533,0.9961756533686034,47.734457323498425,-1.1103867793371762,-1.2479664195502744,-0.00926311407160696,0.017485160767963387,0.01722897326465099,-0.0795878312070657,2051300.0,0.015863010820464388,0.004517281227019776,1
2017-05-22,95.11,96.0,95.11,95.62,1337500,96.152,96.949,97.256,0.9886485152586987,52.751528627015034,-1.1371730400125273,-1.225807743642725,0.004517281227019776,0.01758585536339072,0.01661892086334644,0.4260582151615311,1947980.0,0.009307676218364364,0.014118385275047052,1
2017-05-23,95.65,98.0,95.52,96.97,1995100,96.074,97.027,96.989,0.9905659404674756,57.59829968119023,-1.0375078819659933,-1.1881477713073787,0.014118385275047052,0.017658586815909354,0.01675213477145899,0.49166355140186924,1915810.0,0.025574920078374797,0.014643704238424204,1
2017-05-24,97.48,98.98,97.0,98.39,2142400,96.45,97.216,96.84849999999999,0.9958853260504811,57.53060138371474,-0.8343228392575668,-1.1173827848974165,0.014643704238424204,0.01818356555964873,0.0170540536249308,0.07383088566989127,2039510.0,0.020123996341091615,-0.009655452789917751,0
2017-05-25,98.06,98.6,97.01,97.44,1979200,96.72200000000001,97.167,96.794,0.9992561522408415,47.71662763466042,-0.7414078019303787,-1.042187788304009,-0.009655452789917751,0.017925264680534448,0.016143410071391816,-0.07617625093353253,2102160.0,0.016317733990147673,-0.0067733990147782475,0
2017-05-26,97.3,97.75,96.5,96.78,1480700,97.04,97.1,96.761,1.0028833931025931,47.660818713450304,-0.7128116011534473,-0.9763125508738967,-0.0067733990147782475,0.017987661066406212,0.016022801258446323,-0.2518694421988682,2117730.0,0.012915891713163877,0.0,0
2017-05-29,96.97,96.99,96.25,96.78,259900,97.272,96.712,96.79749999999999,1.0049019861050132,51.877784850413754,-0.6822839612153615,-0.9175068329421897,0.0,0.013673187111071095,0.015678392228046473,-0.8244749105152969,1637010.0,0.007646207894192962,-0.019012192601777222,0
2017-05-30,96.55,96.95,94.7,94.94,1143700,96.866,96.47,96.813,1.0005474471403633,45.47563805104408,-0.7973716055804942,-0.8934797874698507,-0.019012192601777222,0.010832317792833489,0.015921878546700442,3.4005386687187382,1335860.0,0.023699178428481148,0.014114177375184278,1
2017-05-31,95.2,98.7,92.9,96.28,8298100,96.444,96.447,96.9215,0.9950733325423152,45.18950437317783,-0.7715585451192055,-0.8690955389997217,0.014114177375184278,0.011734553442743155,0.016149435875290843,6.255486578648247,2059350.0,0.06024096385542166,-0.03375571250519316,0
2017-06-01,96.1,96.1,91.92,93.03,1264800,95.562,96.142,96.795,0.9872617387261738,38.90562248995983,-1.0018012066367845,-0.8956366725271343,-0.03375571250519316,0.015855930005183594,0.017563095030142466,-0.8475795664067678,2083930.0,0.044931742448672395,0.006772009029345272,1
2017-06-02,92.11,94.5,91.5,93.66,600200,94.93799999999999,95.989,96.567,0.9831308832209761,29.815455594002316,-1.1205178080350606,-0.9406128996287196,0.006772009029345272,0.015974519349271923,0.016318086758475826,-0.5254585705249841,2050160.0,0.032030749519538756,0.005658765748451922,1
2017-06-05,94.83,94.99,93.9,94.19,1209800,94.42,95.846,96.39750000000001,0.9794859825202935,39.121482498284145,-1.158480754338143,-0.9841864705706044,0.005658765748451922,0.016026313410407285,0.016377440401164657,1.015661446184605,2037390.0,0.011572353753052227,-0.005096082386665257,0
2017-06-06,94.74,94.74,93.5,93.71,354300,94.174,95.52,96.2735,0.9781923374552708,40.14084507042251,-1.2133123418480807,-1.0300116448260996,-0.005096082386665257,0.015084684923016784,0.016132744764262547,-0.7071416763101339,1873310.0,0.01323231245331336,-0.0012805463664495864,0
2017-06-07,94.0,94.25,93.45,93.59,532300,93.636,95.03999999999999,96.128,0.9740762316910785,41.03671706263501,-1.2520172911297038,-1.0744127740868206,-0.0012805463664495864,0.01376122233567053,0.01609943705380265,0.5023990968106125,1712300.0,0.008547921786515623,-0.0012821882679774355,0
2017-06-08,93.6,93.99,93.11,93.47,653900,93.724,94.643,95.905,0.9772587456337001,43.44512195121952,-1.2776463278474495,-1.1150594848389463,-0.0012821882679774355,0.01369449140033531,0.015641463561216228,0.2284426075521322,1579770.0,0.009414785492671397,0.005242323740237476,1
2017-06-09,93.6,94.2,93.5,93.96,783400,93.784,94.36099999999999,95.7305,0.9796668773274975,43.7025796661608,-1.2440776662690496,-1.1408631211249671,0.005242323740237476,0.013955155817054102,0.01571393355842403,0.1980425141458939,1510040.0,0.007449978714346561,-0.030332056194125157,0
2017-06-12,93.46,93.46,89.75,91.11,915500,93.168,93.794,95.253,0.9781109256401374,30.040871934604894,-1.4309503369267986,-1.1988805642853335,-0.030332056194125157,0.01635375925542218,0.014709125965680594,0.1686239468981363,1575600.0,0.04072000878059482,0.003402480518055029,1
2017-06-13,92.0,92.5,90.0,91.42,635500,92.71,93.44200000000001,94.956,0.9763469396351994,24.318349299926297,-1.53632407790451,-1.2663692670091689,0.003402480518055029,0.015885863789918814,0.013247509023938767,-0.3058438012015292,1524780.0,0.027346313716910958,-0.002734631371691054,0
2017-06-14,92.0,92.85,91.0,91.17,427400,92.226,92.931,94.68900000000001,0.9739885308747583,25.641025641025635,-1.621316905418027,-1.3373587946909407,-0.002734631371691054,0.014636097613717172,0.01318006456750861,-0.3274586939417782,737710.0,0.020291762641219638,-0.012394427991663903,0
2017-06-15,91.49,91.49,90.0,90.04,571900,91.53999999999999,92.63199999999999,94.387,0.9698369478847721,24.73763118440779,-1.7595726317557734,-1.4218015621039073,-0.012394427991663903,0.011178571052355375,0.013352284510064774,0.33809078146934946,668420.0,0.016548200799644544,-0.034540204353620596,0
2017-06-16,90.0,90.0,86.02,86.93,3290400,90.134,91.959,93.974,0.959137633813608,20.060790273556222,-2.0959317035958236,-1.5566275904022906,-0.034540204353620596,0.014284315935614822,0.015049278658021694,4.753453400944221,937440.0,0.045783964109053304,-0.03393535028183603,0
2017-06-19,87.0,87.25,83.35,83.98,1501900,88.708,90.938,93.392,0.9498458112043858,18.79271070615033,-2.570903264683082,-1.759482725258449,-0.03393535028183603,0.015699590998859536,0.01625541638918177,-0.5435509360564066,966650.0,0.0464396284829722,-0.049654679685639413,0
2017-06-20,84.29,84.48,79.79,79.81,2217600,86.386,89.548,92.534,0.9335595564873451,9.61255517410494,-3.2463835103818326,-2.056862882283126,-0.049654679685639413,0.019586786697374573,0.018172478907897836,0.47652972900992085,1152980.0,0.05876456584387918,0.0,0
2017-06-21,79.99,80.5,77.0,79.81,4199800,84.114,88.17,91.60499999999999,0.9182249877190111,11.43523920653439,-3.738610101622953,-2.393212326151091,0.0,0.01969578558011899,0.017426918240934654,0.8938492063492063,1519730.0,0.04385415361483523,0.0498684375391556,1
2017-06-22,80.25,83.8,80.25,83.79,1518100,82.864,87.202,90.9225,0.9113695729879844,25.915080527086403,-3.7641595950269817,-2.6674017799262693,0.0498684375391556,0.028505620560487364,0.022014948555743832,-0.6385304062098195,1606150.0,0.0423678243227115,0.009189640768588081,1
2017-06-29,84.39,84.99,82.5,84.56,1659300,82.39000000000001,86.262,90.3115,0.9122869180558403,26.772793053545584,-3.679856097323281,-2.869892643405672,0.009189640768588081,0.028774020614666797,0.022321768322211704,0.0930110005928464,1693740.0,0.02944654683065273,-0.022705771050141932,0
2017-06-30,85.5,85.75,82.41,82.64,1440900,82.122,85.415,89.6045,0.9164941492893772,25.033829499323417,-3.7250330595517482,-3.040920726634887,-0.022705771050141932,0.028275335137789074,0.022550629104206524,-0.13162176821551252,1746280.0,0.040416263310745444,-0.04126331074540168,0
2017-07-03,82.15,82.15,78.6,79.23,1350500,82.006,84.196,88.819,0.9232934394667808,21.79890023566378,-3.9900003882543587,-3.230736658958782,-0.04126331074540168,0.029536683961252884,0.02366348747773276,-0.06273856617391904,1817780.0,0.04480626025495407,0.03597122302158273,1
2017-07-04,79.23,82.4,78.7,82.08,1172000,82.46000000000001,83.287,88.10900000000001,0.9358862318264877,29.797800638524294,-3.92477535646006,-3.3695443984590376,0.03597122302158273,0.03342982290660937,0.025227372759882433,-0.1321732691595705,1892240.0,0.04507797270955169,0.016447368421052655,1
2017-07-05,82.48,84.75,81.0,83.43,1325000,82.388,82.626,87.629,0.9401910326490089,31.876075731497437,-3.721254031191492,-3.4398863250055287,0.016447368421052655,0.03442452830080857,0.024988936109081514,0.13054607508532423,1967550.0,0.04494786048184106,-0.03356106915977475,0
2017-07-06,83.6,85.0,80.3,80.63,1502000,81.602,81.99600000000001,86.97749999999999,0.9381966600557616,31.931034482758633,-3.74275437143757,-3.5004599342919374,-0.03356106915977475,0.034338975164431525,0.02559764731477279,0.13358490566037728,1788710.0,0.058290958700235686,-0.007069329033858263,0
2017-07-07,80.95,81.24,79.8,80.06,1818500,81.086,81.604,86.271,0.9398986913331246,30.587833219412175,-3.7624169813575747,-3.552851343705065,-0.007069329033858263,0.03302000210772546,0.025420042984705658,0.21071904127829555,1820370.0,0.01798651011741191,0.015238571071696239,1
2017-07-10,79.98,81.99,79.1,81.28,3308500,81.49600000000001,81.751,85.6495,0.9515058465023147,33.64207740654979,-3.6376236759517866,-3.5698058101544095,0.015238571071696239,0.029275686467088016,0.025934766394202724,0.8193566125927962,1929460.0,0.03555610236220473,-0.048351377952756014,0
2017-07-11,79.0,79.5,77.25,77.35,1873000,80.55,81.505,84.8375,0.9494622071607484,30.790190735694807,-3.8119010158651747,-3.6182248512965627,-0.048351377952756014,0.03338583871470598,0.027499047148161756,-0.4338824240592414,1696780.0,0.029088558500323207,0.04486102133160963,1
2017-07-12,77.6,81.21,77.5,80.82,1398000,80.02799999999999,81.208,84.205,0.9503948696633215,40.85055405810121,-3.6281935070695255,-3.6202185824511557,0.04486102133160963,0.03253783483183499,0.0300123753465788,-0.25360384410037373,1684770.0,0.045904479089334246,0.006928977975748651,1
2017-07-13,81.4,82.35,80.6,81.38,993000,80.178,80.89,83.576,0.9593423949459176,45.80645161290322,-3.398243823459609,-3.575823630652846,0.006928977975748651,0.0324505100901608,0.03005038751431964,-0.2896995708154506,1618140.0,0.02150405505038093,0.00811010076185803,1
2017-07-14,81.24,82.49,80.9,82.04,1108500,80.574,80.83,83.1225,0.9693404312911666,54.05602037104403,-3.126707816945185,-3.486000467911314,0.00811010076185803,0.03186616015429261,0.02968865115799978,0.11631419939577037,1584900.0,0.019380789858605425,0.00621647976596762,1
2017-07-17,81.06,83.0,81.0,82.55,910000,80.828,81.162,82.679,0.9776122110814113,54.892857142857125,-2.837650172901732,-3.3563304089093977,0.00621647976596762,0.028431484289501104,0.029736248016566,-0.1790708164185837,1540850.0,0.024227740763173834,0.014536644457904258,1
2017-07-18,83.38,84.48,82.94,83.75,1055000,82.10799999999999,81.32900000000001,82.30799999999999,0.9975701025416727,49.92069785884218,-2.4831161193303615,-3.181687550993591,0.014536644457904258,0.02653845031158599,0.030044564918709694,0.15934065934065944,1529150.0,0.018388059701492612,-0.012059701492537322,0
2017-07-19,83.56,83.99,82.5,82.74,888500,82.49199999999999,81.25999999999999,81.943,1.0066997791147505,46.42576590730557,-2.2576194549159823,-2.9968739317780693,-0.012059701492537322,0.02638482183536886,0.030039621379198453,-0.15781990521327016,1485500.0,0.018008218515832668,-0.0054387237128352695,0
2017-07-20,83.25,83.88,82.1,82.29,418500,82.674,81.426,81.71099999999998,1.011785438924992,49.2705293872447,-2.0911178579540888,-2.8157227170132737,-0.0054387237128352695,0.023847993997777234,0.029163708598431492,-0.5289814293753516,1377150.0,0.021630817839348657,0.0034026005589984365,1
2017-07-21,81.75,82.9,81.0,82.57,797000,82.78,81.67699999999999,81.6405,1.0139575333321085,58.00575263662509,-1.914501303548576,-2.6354784343203344,0.0034026005589984365,0.023619821910694585,0.028213881457505096,0.9044205495818398,1275000.0,0.023010778733196145,0.0067821242582051244,1
2017-07-24,82.7,83.45,82.55,83.13,340500,82.896,81.862,81.8065,1.0133180126273584,52.827140549273004,-1.7096364668656463,-2.450310040829397,0.0067821242582051244,0.023295827904241506,0.025750079481311326,-0.5727728983688833,978200.0,0.010826416456153082,0.0062552628413330424,1
2017-07-25,83.38,84.19,83.15,83.65,562000,82.876,82.492,81.9985,1.0107014152697915,50.62006764374294,-1.48816531029793,-2.257881094723104,0.0062552628413330424,0.014960840287878814,0.025757954763485146,0.6505139500734214,847100.0,0.012432755528989743,0.005020920502091908,1
2017-07-26,84.0,84.45,82.71,84.07,999500,83.142,82.817,82.0125,1.0137722908093278,61.19791666666667,-1.2641846000491768,-2.0591417957883187,0.005020920502091908,0.007473126590451867,0.023263998226443892,0.7784697508896796,807250.0,0.0206970381824671,-0.002022124420125948,0
2017-07-27,84.1,84.25,83.25,83.9,468000,83.464,83.06899999999999,81.9795,1.018108185582981,62.83422459893051,-1.0878557290560025,-1.8648845824418556,-0.002022124420125948,0.007614782919321324,0.02317661710354469,-0.5317658829414708,754750.0,0.011918951132300357,0.0017878426698449967,1
2017-07-28,82.25,84.35,81.0,84.05,1765000,83.75999999999999,83.27000000000001,82.05,1.0208409506398537,59.9712023038157,-0.9253433004538749,-1.6769763260442596,0.0017878426698449967,0.007410499034908865,0.022560115090692476,2.7713675213675213,820400.0,0.039857227840571025,-0.04497323022010713,0
2017-07-31,84.6,88.2,80.0,80.27,5467000,83.188,83.042,82.102,1.013227448783221,60.62590975254734,-1.089011986871526,-1.559383458209713,-0.04497323022010713,0.016555583241436415,0.02293875682202181,2.0974504249291783,1276100.0,0.10215522611187247,0.0123333748598482,1
2017-08-01,80.51,82.0,80.5,81.26,1127000,82.71000000000001,82.79299999999999,82.061,1.0079087508073263,51.95381882770876,-1.125857687205908,-1.4726783040089522,0.0123333748598482,0.01631403464464941,0.02160718238097916,-0.793854033290653,1283300.0,0.018459266551809007,0.01082943637706113,1
2017-08-02,81.7,82.5,81.25,82.14,1013500,82.324,82.733,81.9965,1.0039940729177466,53.28151986183077,-1.0716956839099794,-1.3924817799891578,0.01082943637706113,0.01648949542383958,0.021413963269833074,-0.10070984915705417,1295800.0,0.015217920623326029,-0.0026783540297053987,0
2017-08-03,82.4,82.4,81.53,81.92,578500,81.928,82.696,82.061,0.9983792544570501,49.4614003590664,-1.0345978672660578,-1.320904997444538,-0.0026783540297053987,0.01642250457578394,0.019973986411981507,-0.42920572274296986,1311800.0,0.010620117187500056,-0.004638671874999889,0
2017-08-04,82.22,82.22,81.4,81.54,372000,81.42600000000002,82.593,82.13499999999999,0.9913678699701713,45.41326067211629,-1.0240557275334652,-1.2615351434623234,-0.004638671874999889,0.016416505674096155,0.019929742437369117,-0.3569576490924805,1269300.0,0.010056414029923879,-0.004905567819475154,0
2017-08-07,81.8,82.1,80.75,81.14,461000,81.6,82.394,82.128,0.9935710111046171,37.218413320274195,-1.0360348975146678,-1.2164350942727924,-0.004905567819475154,0.01620528008010319,0.019685501955285997,0.239247311827957,1281350.0,0.01663790978555576,-0.025264974118807015,0
2017-08-08,81.0,81.01,78.81,79.09,578000,81.16600000000001,81.938,82.215,0.9872407711488173,33.77777777777774,-1.1971463851351132,-1.2125773524452566,-0.025264974118807015,0.017379428894910585,0.017216981194097813,0.2537960954446854,1282950.0,0.027816411682892943,0.004551776457200729,1
2017-08-09,79.49,80.0,78.8,79.45,557500,80.62800000000001,81.476,82.1465,0.9815147328248922,37.27598566308239,-1.2810126915598374,-1.2262644202681727,0.004551776457200729,0.017348625370354514,0.013879442403816007,-0.035467128027681705,1238750.0,0.015103838892385183,-0.005789804908747698,0
2017-08-10,79.95,80.0,78.84,78.99,257000,80.042,80.985,82.027,0.9758006510051569,34.21516754850087,-1.3688166331568823,-1.2547748628459146,-0.005789804908747698,0.01730560842543414,0.013799688913794838,-0.5390134529147982,1217650.0,0.014685403215596868,-0.0022787694644891276,0
2017-08-11,79.0,79.25,78.45,78.81,258500,79.49600000000001,80.461,81.8655,0.9710561836182521,30.291970802919707,-1.4363688195003448,-1.2910936541768008,-0.0022787694644891276,0.017152642219157226,0.013617303662993142,0.005836575875486361,1067000.0,0.010150996066488989,-0.010150996066488949,0
2017-08-15,78.85,79.1,77.5,78.01,784000,78.87,80.235,81.6385,0.9660883039252315,24.911032028469677,-1.5367431100030728,-1.3402235453420552,-0.010150996066488949,0.01077332575274311,0.01359459918355629,2.032882011605416,598700.0,0.020510191001153623,0.012306114600692197,1
2017-08-16,77.5,79.5,77.5,78.97,1172000,78.84599999999999,80.006,81.3995,0.9686300284399779,28.35314091680813,-1.5212899973199683,-1.3764368357376378,0.012306114600692197,0.010769073827686316,0.01345387024469573,0.4948979591836735,603200.0,0.025326073192351525,-0.012029884766367016,0
2017-08-17,78.75,78.86,77.77,78.02,364500,78.55999999999999,79.59400000000001,81.1635,0.9679227731677416,26.592356687898032,-1.5676296953908349,-1.4146754076682773,-0.012029884766367016,0.009948983018822879,0.013452797205907979,-0.6889931740614335,538300.0,0.01397077672391699,-0.005255062804409127,0
2017-08-18,77.51,78.0,77.2,77.61,239500,78.28399999999999,79.163,80.9295,0.9673110546833972,24.882995319812792,-1.6187775534760789,-1.4554958368298379,-0.005255062804409127,0.009912945457375507,0.013450996136719932,-0.34293552812071326,504400.0,0.010307950006442431,-0.03221234377013271,0
2017-08-21,77.98,78.0,75.0,75.11,913500,77.54400000000001,78.52000000000001,80.5565,0.9626038867130525,27.642980935875215,-1.8398332536457076,-1.5323633201930118,-0.03221234377013271,0.013037086851491252,0.01486481546204968,2.81419624217119,558550.0,0.03994141925176408,-0.03235254959392886,0
2017-08-22,75.0,75.0,71.65,72.68,1620000,76.478,77.674,80.034,0.9555688832246294,16.949152542372815,-2.1859044346487195,-1.6630715430841536,-0.03235254959392886,0.015026557155262642,0.015829792431085316,0.7733990147783252,674450.0,0.04609246009906431,0.01141992294991745,1
2017-08-23,72.23,74.0,72.0,73.51,3535500,75.386,77.116,79.527,0.9479296339607931,16.627996906419142,-2.365921406264789,-1.8036415157202808,0.01141992294991745,0.015583410487065538,0.016090067925137237,1.1824074074074074,970200.0,0.027207182696231805,0.00244864644266074,1
2017-08-24,73.56,75.15,73.5,73.69,2943000,74.52,76.54,79.00800000000001,0.9431956257594166,18.076027928626758,-2.4656393024737895,-1.9360410730709827,0.00244864644266074,0.015420843088105434,0.01600473983885179,-0.1675859142978362,1208750.0,0.02239109784231247,-0.00746369928077073,0
2017-08-25,73.6,74.75,72.97,73.14,1950500,73.626,75.95500000000001,78.47,0.9382694023193577,17.840735068912622,-2.559542049617889,-2.0607412683803643,-0.00746369928077073,0.015410631229807728,0.015971835600194124,-0.33724091063540607,1378100.0,0.024336888159693752,-0.006836204539239832,0
2017-08-28,73.05,73.5,72.49,72.64,565000,73.132,75.338,77.8995,0.9387993504451249,17.705167173252207,-2.6438300475271603,-2.1773590242097236,-0.006836204539239832,0.01530421894420068,0.015846092462672108,-0.7103306844398872,1408750.0,0.013904185022026502,-0.032901982378854666,0
2017-08-29,72.9,73.0,70.0,70.25,702000,72.646,74.562,77.3985,0.938597001233874,17.25925925925918,-2.8703938060312737,-2.315965980574034,-0.032901982378854666,0.017227625355465452,0.014502422610149614,0.24247787610619476,1400550.0,0.042704626334519574,-0.002562277580071326,0
2017-08-30,70.79,71.3,70.0,70.07,366500,71.958,73.672,76.839,0.9364775699839925,14.789789789789694,-3.029548958066897,-2.4586825760726065,-0.002562277580071326,0.015628372826939886,0.013849767771705613,-0.4779202279202279,1320000.0,0.0185528756957328,0.0112744398458684,1
2017-08-31,70.66,71.5,69.8,70.86,1943500,71.39200000000001,72.95599999999999,76.275,0.9359816453621764,20.21978021978019,-3.0566984480313693,-2.5782857504643593,0.0112744398458684,0.01724044217018073,0.013880729321579032,4.302864938608458,1477900.0,0.023990968106124794,0.026813434942139613,1
2017-09-05,71.24,72.99,71.24,72.76,1002000,71.316,72.47099999999999,75.81700000000001,0.9406333671867786,30.31880286271958,-2.8915682940373557,-2.6409422591789586,0.026813434942139613,0.020734614855213912,0.01582418553459905,-0.4844352971443272,1554150.0,0.02405167674546454,-0.0019241341396372125,0
2017-09-06,73.0,74.5,72.11,72.62,1361500,71.312,72.222,75.37100000000001,0.9461463958286342,31.679129843643764,-2.7404085631983293,-2.660835519982833,-0.0019241341396372125,0.018623398874737008,0.015846219471682476,0.3587824351297406,1598950.0,0.03291104378958965,-0.023822638391627682,0
2017-09-07,72.0,74.0,70.6,70.89,1911000,71.44,72.043,74.8585,0.9543338431841406,23.901808785529724,-2.7287545454390028,-2.674419325074067,-0.023822638391627682,0.017287660947452686,0.01635548047943747,0.40359897172236514,1628050.0,0.04796163069544372,0.010579771476936006,1
2017-09-08,71.78,73.0,71.16,71.64,802500,71.75399999999999,71.85600000000001,74.486,0.9633219665440483,29.12303664921467,-2.628697927018564,-2.6652750454629666,0.010579771476936006,0.01721516598792892,0.016165533775856906,-0.5800627943485086,1354750.0,0.0256839754327192,-0.00335008375209378,0
2017-09-11,72.0,72.0,71.01,71.4,254500,71.862,71.627,74.0835,0.9700135657737552,29.45069490403708,-2.5394946171219885,-2.640118959794771,-0.00335008375209378,0.017129670598102595,0.016020615932670627,-0.6828660436137072,1085900.0,0.013865546218487321,0.0018207282913165201,1
2017-09-12,71.39,71.75,70.5,71.53,362500,71.616,71.466,73.7105,0.9715847810013499,35.94976452119309,-2.430295504044949,-2.598154268644807,0.0018207282913165201,0.017113621464442643,0.01609618515969056,0.424361493123772,927100.0,0.017475185236963512,0.026841884523975956,1
2017-09-13,71.75,73.6,71.4,73.45,1233000,71.782,71.547,73.44250000000001,0.9773904755420906,53.147996729354034,-2.1638825749498807,-2.511299929905822,0.026841884523975956,0.019255737186308686,0.017586625741965744,2.4013793103448275,993900.0,0.029952348536419177,0.0065350578624916444,1
2017-09-14,73.9,74.01,73.01,73.93,1169500,72.39000000000001,71.91499999999999,73.23850000000002,0.9884145633785509,51.767676767676775,-1.892204267824681,-2.387480797489594,0.0065350578624916444,0.015059046058809278,0.017643597086765894,-0.05150040551500401,1040650.0,0.013526308670363857,0.0047342080346273185,1
2017-09-15,73.4,75.0,72.5,74.28,3255000,72.918,72.33600000000001,73.004,0.9988219823571312,52.448132780083,-1.6298670839764497,-2.2359580547869653,0.0047342080346273185,0.014814831420385647,0.017387793546562207,1.7832407011543396,1329500.0,0.03365643511039311,0.049946149703823384,1
2017-09-18,74.9,77.99,74.15,77.99,4075500,74.236,73.049,73.00250000000001,1.0168966816204923,65.94345825115053,-1.109803853508737,-2.0107272145313195,0.049946149703823384,0.02036624070556525,0.020854364424521675,0.252073732718894,1542700.0,0.04923708167713796,0.049878189511475934,1
2017-09-19,79.0,81.88,78.51,81.88,3193000,76.30600000000001,73.961,73.216,1.04220388986014,74.83870967741933,-0.3793861788857811,-1.6844590074022119,0.049878189511475934,0.023560455240474478,0.023564957708190556,-0.21653784811679544,1761800.0,0.04115779189057145,-0.0034196384953590897,0
2017-09-20,82.59,82.99,81.15,81.6,2359500,77.936,74.85900000000001,73.54050000000001,1.059769786716163,84.41479684657365,0.17486568788589807,-1.31259406834459,-0.0034196384953590897,0.02366405190368529,0.02214064208865501,-0.26103977450673344,1861600.0,0.022549019607843005,-0.0042892156862744946,0
2017-09-21,81.6,84.73,80.0,81.25,3309000,79.4,75.89500000000001,73.96900000000001,1.0734226500290662,83.55342136854745,0.5791956041556006,-0.9342361338445518,-0.0042892156862744946,0.021041782244221704,0.020519931221020155,0.4024157660521297,2001400.0,0.05821538461538466,-0.03384615384615386,0
2017-09-22,81.0,81.0,78.3,78.5,3313000,80.244,76.58099999999999,74.2185,1.0811859576790153,70.51557465091301,0.6700045630090159,-0.6133879944738383,-0.03384615384615386,0.0259456184682173,0.02228619020047212,0.001208824418253318,2252450.0,0.03439490445859876,0.04968152866242037,1
2017-09-25,80.11,82.42,80.11,82.4,6365000,81.126,77.681,74.654,1.0866932783240015,73.37536372453928,1.0446269146689815,-0.28178501264527434,0.04968152866242037,0.02833990211120638,0.024553632047661957,0.9212194385753094,2863500.0,0.028033980582524296,-0.004126213592233086,0
2017-09-26,82.4,82.98,81.45,82.06,1036000,81.162,78.73400000000001,75.1,1.0807190412782959,72.67050912584054,1.2991073677966511,0.03439346344311073,-0.004126213592233086,0.028702331401121446,0.02446933561351167,-0.8372348782403771,2930850.0,0.018644893980014638,0.024006824274920735,1
2017-09-27,81.71,84.6,81.5,84.03,2067000,81.648,79.792,75.6695,1.0790080547644691,81.19658119658122,1.6408329949730813,0.3556813697491049,0.024006824274920735,0.02857724589805578,0.024586009239667448,0.9951737451737452,3014250.0,0.036891586338212476,-0.0058312507437818795,0
2017-09-28,84.3,84.4,83.32,83.54,550000,82.10600000000001,80.753,76.334,1.0756150601304793,78.60576923076927,1.850779477860911,0.6547009913714661,-0.0058312507437818795,0.02919278320252705,0.022928566527406123,-0.733913884857281,2952300.0,0.012927938711994403,-0.0047881254488868485,0
2017-09-29,83.9,84.0,82.86,83.14,680000,83.034,81.63900000000001,76.9875,1.0785387238188018,78.00572519083968,1.9622671270993806,0.9162142185170491,-0.0047881254488868485,0.029632517336356485,0.022992683863573594,0.23636363636363633,2694800.0,0.0137118114024537,0.0038489295164780835,1
2017-10-02,83.54,84.25,82.7,83.46,983500,83.24600000000001,82.186,77.61749999999999,1.0725158630463494,78.20330969267138,2.0527800474189917,1.1435273842974376,0.0038489295164780835,0.026438831111271318,0.023011176687110647,0.4463235294117647,2385600.0,0.018571770908219473,-0.0240833932422716,0
2017-10-03,83.01,83.25,80.65,81.45,1695500,83.124,82.143,78.05199999999999,1.0649823194793215,68.83239171374767,1.9399593434253148,1.302813776123013,-0.0240833932422716,0.02330523144293824,0.02367979882951984,0.7239450940518557,2235850.0,0.03192142418661749,-0.015837937384898804,0
2017-10-04,81.31,81.7,77.5,80.16,952000,82.35,81.999,78.429,1.0499942623264353,64.12698412698413,1.726553272280114,1.387561675354433,-0.015837937384898804,0.023816098608262188,0.024122616317426442,-0.4385137127690947,2095100.0,0.05239520958083836,0.0008732534930140368,1
2017-10-05,80.24,81.25,79.5,80.23,704000,81.688,81.897,78.896,1.0353883593591564,63.66559485530548,1.545263008308467,1.41910194194524,0.0008732534930140368,0.02380550845232075,0.02317081034218588,-0.26050420168067223,1834600.0,0.021812289667206778,0.012838090489841747,1
2017-10-06,80.1,81.5,80.1,81.26,734500,81.312,82.173,79.37700000000001,1.0243773385237536,58.56469355683606,1.4677818840194732,1.4288379303600867,0.012838090489841747,0.021071198188195056,0.023197437316646682,0.043323863636363535,1576750.0,0.017228648781688477,-0.01845926655180896,0
2017-10-09,81.44,81.44,79.45,79.76,760000,80.572,81.909,79.795,1.0097374522213172,43.65269461077847,1.2706923207273206,1.3972088084335335,-0.01845926655180896,0.014539881092631447,0.02377636179297012,0.034717494894485945,1016250.0,0.02494984954864587,-0.004638916750250854,0
2017-10-10,79.8,79.8,78.0,79.39,882500,80.16,81.642,80.188,0.9996508205716566,43.41870160810008,1.0722809270285723,1.3322232321525413,-0.004638916750250854,0.014544585912544993,0.023877154151355787,0.1611842105263157,1000900.0,0.022672880715455312,0.016500818742914758,1
2017-10-11,79.4,81.6,78.5,80.7,1085500,80.268,81.309,80.5505,0.9964928833464721,48.45070422535212,1.009112103737209,1.2676010064694752,0.016500818742914758,0.01310671583436446,0.02349950254666559,0.23002832861189804,902750.0,0.03841387856257737,-0.008054522924411445,0
2017-10-12,81.0,81.0,79.7,80.05,1023500,80.232,80.96,80.8565,0.9922764403603915,54.952076677316285,0.8962691555318685,1.193334636281954,-0.008054522924411445,0.013160771324279659,0.023674360035794036,-0.05711653615845236,950100.0,0.01623985009369141,-0.007870081199250367,0
2017-10-13,80.0,80.0,79.0,79.42,718000,79.864,80.588,81.1135,0.9845956591689423,37.96445880452342,0.7473891345102288,1.104145535927609,-0.007870081199250367,0.013212576057365054,0.023827964162746938,-0.298485588666341,953900.0,0.012591286829513977,0.018257365902795364,1
2017-10-16,79.5,81.49,79.2,80.87,972000,80.08600000000001,80.32900000000001,81.2575,0.9855828692736057,45.589325426241665,0.7378975039717943,1.030895929536446,0.018257365902795364,0.014900578610929503,0.02152767161332228,0.35376044568245124,952750.0,0.028317052058859798,-0.011005317175714069,0
2017-10-17,80.56,81.6,79.9,79.98,1236500,80.204,80.182,81.1625,0.9881903588479901,33.68251410153104,0.6510548019377325,0.9549277040167033,-0.011005317175714069,0.013341491482914015,0.018497151572039485,0.2721193415637859,906850.0,0.02125531382845697,-0.003875968992248069,0
2017-10-18,80.39,80.39,78.75,79.67,310000,79.998,80.13300000000001,81.066,0.9868255495522167,34.17825020441538,0.5508668752507759,0.874115538263518,-0.003875968992248069,0.012442989412703272,0.018500558662491288,-0.7492923574605742,842650.0,0.020584912765156275,0.02020835948286681,1
2017-10-19,79.52,81.5,79.52,81.28,966500,80.244,80.238,81.0675,0.989841798501249,43.08035714285715,0.5945274241399261,0.8181979154387996,0.02020835948286681,0.01408189522939561,0.019075784445777684,2.117741935483871,868900.0,0.024360236220472488,0.012795275590551158,1
2017-10-20,81.5,82.9,81.0,82.32,3249500,80.824,80.34400000000001,81.2585,0.9946528670846743,45.97457627118644,0.704922128550038,0.7955427580610474,0.012795275590551158,0.014078033780761567,0.017480058972020616,2.3621314019658564,1120400.0,0.023080660835762948,-0.0038872691933915515,0
2017-10-23,82.11,83.0,81.55,82.0,705000,81.05,80.56800000000001,81.2385,0.9976796715842857,52.205292702485956,0.7578533399420024,0.7880048744372384,-0.0038872691933915515,0.012456432241364926,0.01353177667492449,-0.783043545160794,1114900.0,0.017682926829268326,-0.0024390243902439046,0
2017-10-24,81.99,82.1,81.35,81.8,439500,81.414,80.809,81.22550000000001,1.0023206997802414,57.20562390158171,0.7747327410047546,0.7853504477507418,-0.0024390243902439046,0.012328382795975331,0.013510969170204855,-0.3765957446808511,1070600.0,0.009168704156479218,0.0047677261613692234,1
2017-10-25,81.7,82.5,81.7,82.19,282500,81.91799999999999,80.958,81.1335,1.009669248830631,58.376068376068346,0.8102395909427571,0.7903282763891449,0.0047677261613692234,0.011433211463424818,0.012340565003637201,-0.35722411831626844,990300.0,0.009733544226791546,0.02092712008760178,1
2017-10-26,82.22,84.25,82.22,83.91,1435500,82.44399999999999,81.34400000000001,81.152,1.015920741324921,60.694108151735236,0.9660328256127855,0.8254691862338731,0.02092712008760178,0.012274679437144916,0.013212795562691925,4.08141592920354,1031500.0,0.024192587295912303,0.0009534024550112985,1
2017-10-27,83.61,84.25,83.0,83.99,762500,82.77799999999999,81.801,81.1945,1.0195025525127932,69.27985414767544,1.0834658974982716,0.8770685284867528,0.0009534024550112985,0.011560011200221789,0.013158600840694703,-0.468826192964124,1035950.0,0.014882724133825456,-0.024526729372544187,0
2017-10-30,83.62,83.9,81.65,81.93,1108000,82.76399999999998,81.907,81.11800000000001,1.0202914273034343,60.03159557661931,0.9987941914541381,0.9014136610802299,-0.024526729372544187,0.014035953133906636,0.014271521553215464,0.45311475409836066,1049550.0,0.027462467960454044,-0.02258025143415121,0
2017-10-31,81.55,81.55,79.11,80.08,1883500,82.42,81.917,81.0495,1.016909419552249,47.651515151515135,0.7734953426565738,0.8758299973954987,-0.02258025143415121,0.015565787498754332,0.014146012881725274,0.6999097472924187,1114250.0,0.03046953046953044,0.016233766233766156,1
2017-11-01,80.23,81.75,80.23,81.38,607500,82.25800000000001,82.088,81.11049999999999,1.0141473668637233,54.801444043321304,0.6918680925427196,0.8390376164249429,0.016233766233766156,0.016259334323913497,0.014163759277635475,-0.6774621714892488,1144000.0,0.01867780781518796,-0.0013516834603096717,0
2017-11-02,81.49,82.5,81.0,81.27,667000,81.72999999999999,82.087,81.1625,1.00699214538734,56.93923480870217,0.611255653364708,0.793481223812896,-0.0013516834603096717,0.01499286541599916,0.014172309509711137,0.09794238683127565,1114050.0,0.01845699520118125,0.020794881259997622,1
2017-11-03,81.3,83.05,81.05,82.96,657500,81.52399999999999,82.151,81.24749999999999,1.003403181636358,57.7008106116433,0.6759466978450206,0.769974318619321,0.020794881259997622,0.01593024760435146,0.014633968014535382,-0.014242878560719596,854850.0,0.024108003857280617,-0.0015670202507231945,0
2017-11-06,82.75,83.5,82.3,82.83,434500,81.704,82.234,81.401,1.0037223129936979,61.124121779859486,0.7085570979610054,0.7576908744876579,-0.0015670202507231945,0.015869730557408025,0.013913117024480389,-0.33916349809885926,827800.0,0.014487504527345199,-0.005070626584570803,0
2017-11-07,82.75,83.1,82.3,82.41,246500,82.16999999999999,82.295,81.55199999999999,1.0075779870512065,60.60371517027864,0.6925275584739694,0.7446582112849203,-0.005070626584570803,0.015956907998977875,0.013924260254777632,-0.43268124280782505,808500.0,0.009707559762164752,0.006431258342434187,1
2017-11-08,82.41,83.0,81.9,82.94,257500,82.482,82.36999999999999,81.664,1.0100166536050157,57.01013513513514,0.7143559527963816,0.7385977595872125,0.006431258342434187,0.016010776014534885,0.013547795859507612,0.04462474645030423,806000.0,0.013262599469495952,0.002290812635640238,1
2017-11-09,82.8,83.5,82.8,83.13,302500,82.854,82.292,81.81800000000001,1.0126622503605562,53.68516833484988,0.7384738577179775,0.7385729792133655,0.002290812635640238,0.014444758037827944,0.01336174207400918,0.17475728155339798,692700.0,0.008420546132563489,-0.007458198003127525,0
2017-11-10,83.0,83.0,82.27,82.51,84000,82.764,82.14399999999999,81.9725,1.00965567720882,52.25863596102748,0.6994953062153115,0.7307574446137547,-0.007458198003127525,0.014573115284216316,0.013346078803094512,-0.7223140495867768,624850.0,0.00884741243485643,-0.006665858683795989,0
2017-11-13,82.31,82.4,81.8,81.96,192000,82.59,82.147,82.027,1.006863593694759,50.68728522336768,0.6171104546822761,0.7080280466274591,-0.006665858683795989,0.012393454438189427,0.012903938312867874,1.2857142857142856,533250.0,0.007320644216691173,0.00036603221083453263,1
2017-11-14,82.0,82.49,81.35,81.99,358500,82.506,82.338,82.1275,1.0046086877111808,49.11347517730495,0.5479244831999068,0.6760073339419487,0.00036603221083453263,0.009516892792907957,0.012605855462105084,0.8671875,380750.0,0.01390413465056715,0.00048786437370429425,1
2017-11-15,82.02,82.3,81.9,82.03,135500,82.324,82.40299999999999,82.24549999999999,1.0009544595145023,40.20833333333335,0.490665679523417,0.6389390030582424,0.00048786437370429425,0.008182920292957066,0.012548872906950784,-0.6220362622036262,333550.0,0.004876264781177514,0.0036571985858830924,1
2017-11-16,82.0,82.75,81.8,82.33,192500,82.164,82.50899999999999,82.298,0.9983717708814309,41.547861507128324,0.46414478570822837,0.6039801595882397,0.0036571985858830924,0.008188126183693996,0.011774501043648638,0.4206642066420665,286100.0,0.0115389287015669,0.0035224098141626303,1
2017-11-17,82.5,83.65,82.2,82.62,703500,82.186,82.475,82.313,0.9984571088406449,54.28571428571427,0.4612108115144622,0.5754262899734842,0.0035224098141626303,0.004706775967698237,0.011451630001011006,2.6545454545454548,290700.0,0.017550229968530656,-0.006778019849915329,0
2017-11-20,82.25,82.4,81.85,82.06,476000,82.206,82.398,82.316,0.9986636862821323,64.6449704142012,0.4089837854479583,0.5421377890683791,-0.006778019849915329,0.005120536248034014,0.011524532184434513,-0.3233830845771144,294850.0,0.006702412868632846,0.01133317085059704,1
2017-11-21,82.0,83.55,82.0,82.99,949000,82.406,82.45599999999999,82.37549999999999,1.000370255719237,62.59780907668231,0.437592425590168,0.5212287163727368,0.01133317085059704,0.00616476773569327,0.011773615947336454,0.9936974789915967,365100.0,0.01867694903000358,0.003976382696710523,1
2017-11-22,83.1,83.7,82.7,83.32,475000,82.664,82.494,82.432,1.002814440993789,65.50680786686836,0.4813445803957137,0.5132518891773322,0.003976382696710523,0.005957400827005571,0.01176086159540346,-0.4994731296101159,386850.0,0.012001920307249161,-0.005160825732117069,0
2017-11-23,83.5,84.0,82.52,82.89,617000,82.776,82.47,82.381,1.0047947949163034,49.34579439252342,0.47583593153515835,0.5057686976488974,-0.005160825732117069,0.0061671274987760176,0.010813659108358324,0.29894736842105263,418300.0,0.017854988539027675,-0.004343105320304019,0
2017-11-24,82.5,82.8,82.12,82.53,1425000,82.758,82.47200000000001,82.30799999999999,1.0054672692812363,47.311827956989276,0.4373794581369026,0.49209084974649847,-0.004343105320304019,0.005833458412633527,0.010839583123110095,1.3095623987034037,552400.0,0.008239428086756241,-0.0030292015024839802,0
2017-11-27,82.3,82.88,82.1,82.28,572500,82.80199999999999,82.50399999999999,82.32549999999999,1.0057880000728814,48.79852125693165,0.3823223412791492,0.47013714805302864,-0.0030292015024839802,0.00547109087932803,0.009325170844773311,-0.5982456140350877,590450.0,0.009479824987846393,-0.009358288770053402,0
2017-11-28,82.3,82.45,81.15,81.51,661000,82.506,82.45599999999999,82.397,1.0013228636964937,37.34513274336288,0.2734049723304395,0.4307907129085108,-0.009358288770053402,0.006282465685700989,0.007994924623290099,0.1545851528384279,620700.0,0.015948963317384334,0.0028217396638448022,1
2017-11-29,81.5,82.5,81.5,81.74,1078000,82.19,82.42699999999999,82.415,0.9972699144573196,37.7855887521968,0.20330270352640412,0.3852931110320895,0.0028217396638448022,0.006368856157533714,0.007161480271552198,0.6308623298033282,714950.0,0.01223391240518718,-0.008196721311475419,0
2017-11-30,80.99,81.39,80.0,81.07,794500,81.826,82.301,82.405,0.9929737273223711,37.456445993031245,0.09261514017821071,0.32675751686131377,-0.008196721311475419,0.006640433252886128,0.007401347635752469,-0.262987012987013,775150.0,0.017145676575798702,-0.011841618354508365,0
2017-12-04,81.4,81.68,80.02,80.11,378000,81.34200000000001,82.04999999999998,82.2625,0.9888102112141013,34.959349593495915,-0.07174252501114609,0.2470575084868218,-0.011841618354508365,0.007104962828408919,0.006021921938967854,-0.5242290748898679,742600.0,0.02072150792660106,-0.008363500187242523,0
2017-12-05,80.25,80.99,79.01,79.44,442500,80.774,81.788,82.09299999999999,0.9839328566382032,31.22238586156108,-0.2531424903303332,0.14701750872339078,-0.008363500187242523,0.007214060304244771,0.0062013848362249685,0.1706349206349207,739250.0,0.024924471299093528,0.0016364551863041754,1
2017-12-06,79.74,79.74,79.0,79.57,116000,80.386,81.446,81.951,0.9809032226574417,32.12209302325567,-0.3820097852062503,0.041212049937462567,0.0016364551863041754,0.0054857947618673865,0.006211860835006088,-0.7378531073446328,655950.0,0.009299987432449352,-0.03782832725901708,0
2017-12-07,79.8,79.85,76.5,76.56,735000,79.35,80.77000000000001,81.63199999999999,0.9720452763622109,19.916579770594268,-0.71873476227195,-0.11077731250441995,-0.03782832725901708,0.011359160856492813,0.009924387571713648,5.336206896551724,681950.0,0.04375653082549627,0.0,0
2017-12-08,76.25,77.97,75.0,76.56,1566500,78.44800000000001,80.13699999999999,81.3035,0.9648785107652194,17.41935483870951,-0.9743599179527962,-0.2834938335940952,0.0,0.011634869634489809,0.009861632032958156,1.131292517006803,776900.0,0.03879310344827585,-0.015804597701149503,0
2017-12-11,76.5,77.4,75.25,75.35,860000,77.496,79.419,80.9455,0.9573849071288707,16.281407035175704,-1.2600564368713663,-0.4788063542495494,-0.015804597701149503,0.011814146745638071,0.010184275653654616,-0.4510054261091605,720400.0,0.02853351028533518,-0.01035169210351694,0
2017-12-12,75.5,75.79,73.5,74.57,1681000,76.52199999999999,78.648,80.576,0.9496872517871326,7.040816326530461,-1.5317553455754194,-0.6893961525147234,-0.01035169210351694,0.011628671241800604,0.010259016466696008,0.9546511627906977,831250.0,0.030709400563229267,0.014214831701756747,1
2017-12-13,74.99,76.0,74.6,75.63,404500,75.734,78.06,80.25800000000001,0.9436317874853596,13.485280151946725,-1.6426105550093695,-0.8800390330136526,0.014214831701756747,0.01388291572404834,0.011052947795416889,-0.7593694229625223,805600.0,0.01851117281502057,-0.01705672352241161,0
2017-12-14,75.52,75.8,74.05,74.34,346500,75.28999999999999,77.32,79.8735,0.942615510776415,12.467076382791845,-1.8136497013748851,-1.0667611666858992,-0.01705672352241161,0.013682959683754728,0.011372113488603662,-0.14338689740420274,732450.0,0.023540489642184557,0.015065913370998052,1
2017-12-15,74.5,75.8,74.4,75.46,1071000,75.07,76.75899999999999,79.53,0.9439205331321513,20.90534979423856,-1.8376416285686759,-1.2209372590624545,0.015065913370998052,0.015727293209779898,0.012084964621770704,2.090909090909091,760100.0,0.01855287569573273,-0.013782136231115683,0
2017-12-18,75.5,75.6,74.25,74.42,159500,74.884,76.19,79.12,0.9464610717896865,19.629057187016898,-1.9184599005459404,-1.3604417873591517,-0.013782136231115683,0.01580499752686217,0.01211658826050804,-0.8510737628384687,738250.0,0.018140284869658616,-0.0073904864283794724,0
2017-12-19,75.0,75.0,73.51,73.87,522500,74.744,75.633,78.7105,0.949606469276653,19.96855345911939,-2.003790912487702,-1.4891116123848618,-0.0073904864283794724,0.01580021764101256,0.012121712796402097,2.2758620689655173,746250.0,0.020170569920129888,-0.001895221334777264,0
2017-12-20,74.5,74.74,73.5,73.73,345000,74.364,75.049,78.2475,0.9503690213744849,18.289786223277858,-2.0589785610177245,-1.6030850021114345,-0.001895221334777264,0.01562095843261941,0.011519605299419108,-0.3397129186602871,769150.0,0.01681812016818113,0.006917130069171273,1
2017-12-21,73.73,74.7,73.25,74.24,498000,74.344,74.817,77.7935,0.9556582490825068,22.614274258219638,-2.038068843358701,-1.690081770360888,0.006917130069171273,0.011936984453532263,0.011669217768395431,0.4434782608695653,745450.0,0.019531250000000038,0.0355603448275863,1
2017-12-22,75.0,77.34,74.8,76.88,901500,74.628,74.849,77.49300000000001,0.9630289187410475,38.5865724381625,-1.787862439570489,-1.7096379042028083,0.0355603448275863,0.017109000023946105,0.01487743628070781,0.8102409638554218,678950.0,0.03303850156087417,-0.004422476586888546,0
2017-12-26,76.76,77.14,76.25,76.54,2285500,75.05199999999999,74.968,77.1935,0.9722580269064104,39.507959479015916,-1.5985797877185206,-1.6874262809059508,-0.004422476586888546,0.016257681459425386,0.01487764112862219,1.5352190793122573,821500.0,0.011627906976744193,0.019074993467467882,1
2017-12-27,76.9,78.1,76.6,78.0,3928500,75.878,75.31099999999999,76.9795,0.9856909956546873,44.818481848184824,-1.3155967438149077,-1.6130603734877422,0.019074993467467882,0.01649811765835617,0.015723568010981806,0.7188798949901554,1046250.0,0.019230769230769232,-0.008717948717948842,0
2017-12-28,77.76,78.0,77.05,77.32,3127500,76.59599999999999,75.47999999999999,76.77,0.9977334896443922,52.96411856474257,-1.1331388405421166,-1.5170760668986172,-0.008717948717948842,0.016611023902285887,0.01570962083195873,-0.20389461626575034,1318550.0,0.0122866011381273,0.02315054319710308,1
2017-12-29,77.35,80.1,77.28,79.11,4534000,77.57000000000001,75.95700000000001,76.6385,1.0121544654449137,58.72689938398358,-0.8344822058919874,-1.3805572946972913,0.02315054319710308,0.016257966429021765,0.016699747727040477,0.44972022382094323,1737300.0,0.035646568069776174,-0.0007584376185059138,0
2018-01-01,79.2,79.4,78.4,79.05,476000,78.00399999999999,76.316,76.5375,1.0191605422178671,63.74442793462114,-0.5957685211274679,-1.2235995399833266,-0.0007584376185059138,0.01608521387946167,0.01662545698567164,-0.8950154389060432,1677800.0,0.012650221378874131,0.019987349778621155,1
2018-01-02,79.25,81.25,78.8,80.63,2578000,78.822,76.937,76.5635,1.0294983902251071,71.24824684431984,-0.2759128590341504,-1.0340622037934915,0.019987349778621155,0.01528146993042915,0.017063716024869512,4.415966386554622,1919650.0,0.03038571251395266,-0.0021083963785192283,0
2018-01-03,80.61,80.9,80.0,80.46,2501500,79.314,77.596,76.61449999999999,1.0352348445790287,68.06282722513093,-0.03573064105181345,-0.8343958912451559,-0.0021083963785192283,0.014767237468499823,0.016950394108315416,-0.0296741660201707,2117550.0,0.011185682326621996,0.014292816306239242,1
2018-01-04,80.6,82.19,80.6,81.61,3450000,80.172,78.384,76.7165,1.0450424615304401,77.4754346182918,0.24459138888934717,-0.6185984352182554,0.014292816306239242,0.014360996962943864,0.017218399993927512,0.37917249650209883,2428050.0,0.01948290650655561,0.0363925989462075,1
2018-01-05,81.5,85.1,81.1,84.58,1815500,81.26599999999999,79.41799999999999,77.1175,1.0537945343145199,80.23872679045097,0.6983526215909421,-0.35520822385641593,0.0363925989462075,0.016461354243575126,0.016290263631049247,-0.47376811594202894,2559800.0,0.04729250413809411,0.04989359186568931,1
2018-01-08,84.55,88.8,84.5,88.8,3963500,83.21599999999998,80.61,77.7295,1.0705845271100416,89.37568455640746,1.3825433010968595,-0.007657918865760838,0.04989359186568931,0.019042006631576933,0.01905149577757915,1.183145139080143,2866000.0,0.048423423423423394,0.015990990990990994,1
2018-01-09,90.01,93.24,89.0,90.22,6602500,85.13399999999999,81.978,78.473,1.0848826985077669,92.73392577104025,2.0161110038311563,0.3970958656736226,0.015990990990990994,0.017821921589850274,0.018306574695493683,0.6658256591396492,3297700.0,0.04699623143427172,0.01917534914653074,1
2018-01-10,90.04,92.2,89.75,91.95,2537000,87.43199999999999,83.37299999999999,79.34200000000001,1.101963651029719,93.96718146718146,2.627526030146285,0.8431818985681551,0.01917534914653074,0.017823423347957168,0.01783101887685657,-0.6157516092389246,3158550.0,0.026644915715062563,-0.01837955410549208,0
2018-01-11,91.9,91.9,89.85,90.26,1145500,89.16199999999999,84.667,80.0735,1.1135019700650028,86.57534246575344,2.9417967655197117,1.2629048719584666,-0.01837955410549208,0.019535764443876454,0.01894556230785202,-0.5484824595979503,2960350.0,0.02271216485707967,0.002880567250166166,1
2018-01-12,90.0,91.0,89.0,90.52,931500,90.35,85.80799999999999,80.88250000000001,1.1170525144499737,84.93852459016395,3.1752362674160537,1.645371151049984,0.002880567250166166,0.019734731641710846,0.018000581654318733,-0.18681798341335665,2600100.0,0.02209456473707468,-0.033252319929297336,0
2018-01-15,90.25,90.25,87.0,87.51,1548000,90.09200000000001,86.654,81.485,1.105626802478984,74.7183415953132,3.081831475256024,1.9326632158911923,-0.033252319929297336,0.02448902165062005,0.020377033828574646,0.6618357487922706,2707300.0,0.037138612729973715,0.0177122614558336,1
2018-01-16,87.55,90.4,87.5,89.06,967500,89.86,87.497,82.217,1.0929613097048057,74.82046678635548,3.097177219572174,2.165566016627389,0.0177122614558336,0.024401368698876186,0.019845183591802932,-0.375,2546250.0,0.03256231753873799,0.008645856725802759,1
2018-01-17,89.0,90.0,87.75,89.83,890000,89.436,88.434,83.015,1.0773474673251824,77.96155565489498,3.1353292731580638,2.359518667933524,0.008645856725802759,0.024029862180696405,0.01945958464020602,-0.08010335917312661,2385100.0,0.02504731158855616,0.005232105087387362,1
2018-01-18,90.2,91.2,89.36,90.3,1337000,89.44399999999999,89.303,83.84349999999999,1.066797068347576,76.57957244655584,3.166983112598217,2.521011556866463,0.005232105087387362,0.02407672781345519,0.01929470889374825,0.502247191011236,2173800.0,0.020376522702104136,0.004540420819490576,1
2018-01-19,90.5,91.5,89.75,90.71,1043000,89.482,89.91600000000001,84.667,1.056869854843091,77.24299065420563,3.1883987063179973,2.6544889867567703,0.004540420819490576,0.022301767219455048,0.019324347550253543,-0.2198952879581152,2096550.0,0.019292250027560357,0.012898247161283294,1
2018-01-22,90.95,92.0,89.8,91.88,1389000,90.356,90.224,85.417,1.057822213376728,76.79847546450694,3.2621756107273256,2.776026311550882,0.012898247161283294,0.016840530656791263,0.018404305968666778,0.3317353787152444,1839100.0,0.02394427514148893,-0.006856769699608134,0
2018-01-23,92.0,92.2,90.6,91.25,1398500,90.794,90.327,86.1525,1.0538753953744813,75.1515151515152,3.232545828019809,2.8673302148446673,-0.006856769699608134,0.01651092432184275,0.018506288491041748,0.00683945284377252,1318700.0,0.017534246575342558,-0.023890410958904207,0
2018-01-24,91.25,91.75,88.8,89.07,1698000,90.642,90.039,86.70599999999999,1.0453947823680023,66.59252669039147,2.998590347801411,2.893582241436016,-0.023890410958904207,0.016929855364152382,0.019727432083845052,0.21415802645691806,1234800.0,0.033120017963399605,-0.012462108454024956,0
2018-01-25,89.25,89.48,87.6,87.96,523000,90.174,89.809,87.238,1.0336550585753916,58.195926285160034,2.6925729163163368,2.8533803764120806,-0.012462108454024956,0.01643044254986146,0.01989986967403264,-0.6919905771495878,1172550.0,0.021373351523419848,-0.0026148249204182017,0
2018-01-26,88.25,88.62,86.91,87.73,892500,89.578,89.53,87.66900000000001,1.0217750858342172,46.78292242934457,2.403783499439811,2.763461001017627,-0.0026148249204182017,0.01632370447627137,0.019607579133265447,0.7065009560229445,1168650.0,0.01949162202211339,-0.023595121395189822,0
2018-01-29,87.97,87.97,85.5,85.66,981000,88.334,89.345,87.99949999999998,1.003801157961125,36.80555555555553,1.9850022355115726,2.607769247916416,-0.023595121395189822,0.014521599973700911,0.02062171392357748,0.09915966386554631,1111950.0,0.028834928788232534,0.02369834228344625,1
2018-01-30,85.95,89.48,85.95,87.69,1820000,87.622,89.208,88.35249999999999,0.9917319826830028,37.88395904436857,1.7962134704907555,2.445458092431284,0.02369834228344625,0.015515609869392448,0.020787045399445595,0.8552497451580021,1197200.0,0.04025544531873647,0.031132398221005886,1
2018-01-31,88.85,92.07,88.5,90.42,3003000,87.89200000000001,89.267,88.8505,0.9892122160257963,50.42964554242748,1.8456101535030598,2.325488504645639,0.031132398221005886,0.01848512520712609,0.021553232216059225,0.6499999999999999,1408500.0,0.039482415394824076,-0.007631055076310567,0
2018-02-01,90.7,90.7,89.57,89.73,597500,88.246,89.21000000000001,89.2565,0.9886786956692228,47.92650918635172,1.8082359290425671,2.222037989525025,-0.007631055076310567,0.01859033022823261,0.02167030645400246,-0.801032301032301,1334550.0,0.012593335562242389,-0.006798172294661731,0
2018-02-02,89.9,90.0,89.01,89.12,1074500,88.524,89.051,89.48349999999999,0.9892773528080597,54.83483483483484,1.7096864833365544,2.119567688287331,-0.006798172294661731,0.01859601230465255,0.02049487357410665,0.798326359832636,1337700.0,0.011108617594254879,0.0,0
2018-02-06,89.12,89.35,87.7,89.12,423000,89.216,88.775,89.4995,0.996832384538461,50.19867549668875,1.6129917725032215,2.0182525051305094,0.0,0.01791250714513338,0.017241195558247647,-0.6063285248953001,1241100.0,0.018514362657091464,0.0065080789946139195,1
2018-02-07,89.5,90.5,89.3,89.7,914000,89.61800000000001,88.61999999999999,89.4735,1.0016150033250069,49.5640509725017,1.5651199418218056,1.9276259924687686,0.0065080789946139195,0.018082411918241458,0.01691489314293683,1.1607565011820329,1192650.0,0.013377926421404713,-0.010925306577480587,0
2018-02-08,89.53,90.0,88.35,88.72,374500,89.278,88.58500000000001,89.31199999999998,0.9996193120745255,44.87678339818419,1.4316007589025048,1.828420945755516,-0.010925306577480587,0.016717097069610207,0.016436998588349315,-0.5902625820568927,1060300.0,0.01859783588818762,-0.0029305680793507705,0
2018-02-09,88.3,88.75,88.0,88.46,343000,89.024,88.635,89.222,0.9977808163905764,42.63261296660119,1.289936433152036,1.72072404323482,-0.0029305680793507705,0.016208621786756767,0.01596607416146016,-0.08411214953271029,1042300.0,0.008478408320144699,-0.00813927198733888,0
2018-02-12,88.74,88.85,87.5,87.74,428000,88.748,88.636,89.083,0.9962394620746945,36.032388663967616,1.10680983681587,1.5979412019510302,-0.00813927198733888,0.016426248912141134,0.016019328534151472,0.24781341107871713,995850.0,0.015386368816959133,0.011169364030088946,1
2018-02-13,88.3,88.8,88.0,88.72,342000,88.668,88.942,89.14349999999999,0.9946659038516551,41.66117336849044,1.0288980039392186,1.4841325623486679,0.011169364030088946,0.01440057772682216,0.014370562095231795,-0.2009345794392523,931950.0,0.00901713255184848,-0.010482416591523824,0
2018-02-14,88.31,88.7,87.5,87.79,543500,88.28599999999999,88.95200000000001,89.08,0.9910866636731027,45.402298850574766,0.8819426020678804,1.3636945702925103,-0.010482416591523824,0.013100048138766402,0.01400076148717168,0.5891812865497077,804300.0,0.013668982799863342,-0.015605422029844052,0
2018-02-15,88.0,88.0,86.3,86.42,364000,87.826,88.55199999999999,88.90950000000001,0.9878134507561057,44.569816643159406,0.6474682262192033,1.220449301477849,-0.015605422029844052,0.008287546429830156,0.014204262175227668,-0.3302667893284269,540400.0,0.019671372367507555,0.00404998842860449,1
2018-02-16,86.3,87.25,86.15,86.77,316000,87.488,88.256,88.73299999999999,0.9859691433852119,46.64335664335662,0.4843049035318501,1.0732204218886492,0.00404998842860449,0.008611484181478963,0.014175726574351163,-0.13186813186813184,512250.0,0.012677192578079916,-0.0035726633629135085,0
2018-02-19,86.77,87.0,86.2,86.46,318500,87.232,87.99,88.5205,0.9854440496834067,53.18979266347686,0.3262219025257167,0.9238207180160628,-0.0035726633629135085,0.008526526271820354,0.014097692948490167,0.007911392405063333,436650.0,0.009252833680314564,-0.007864908628267275,0
2018-02-20,86.5,86.96,85.0,85.78,908500,86.64399999999999,87.65599999999999,88.21549999999999,0.9821856703187082,41.465594280607704,0.14440505669439574,0.7679375857517294,-0.007864908628267275,0.008582342484144655,0.013677644106915833,1.8524332810047097,485200.0,0.022849148985777498,0.0013989274889252279,1
2018-02-21,86.5,87.05,85.25,85.9,471000,86.266,87.276,87.94800000000001,0.9808750625369537,23.659673659673672,0.009882968858534014,0.6163266623730904,0.0013989274889252279,0.008036602547263084,0.013690511335028993,-0.4815630159603742,440900.0,0.02095459837019787,0.013387660069848595,1
2018-02-22,86.01,87.25,85.01,87.05,335000,86.392,87.10900000000001,87.84700000000001,0.9834371122519834,35.17699115044242,-0.0038865639913154837,0.49228401710020925,0.013387660069848595,0.009372858188530134,0.013215718704247946,-0.2887473460721869,436950.0,0.025732337736932738,-0.0016082711085583234,0
2018-02-23,87.0,87.99,86.5,86.91,374000,86.42,86.954,87.7945,0.9843441217843942,37.10618436406062,-0.025798459369511306,0.3886675218062652,-0.0016082711085583234,0.00936538433214522,0.012943063764304687,0.11641791044776117,440050.0,0.017144172132090612,-0.00046024623173390733,0
2018-02-26,86.66,87.15,86.1,86.87,243000,86.502,86.86699999999999,87.7515,0.9857609271636383,36.933797909407645,-0.04586278242227593,0.30176146096055695,-0.00046024623173390733,0.00909199841267415,0.012933683622551217,-0.35026737967914434,421550.0,0.012087026591458631,0.005870841487279677,1
2018-02-27,86.51,87.52,86.5,87.38,259000,86.822,86.733,87.8375,0.9884388786110716,36.41686182669781,-0.020376280171063854,0.2373339127342328,0.005870841487279677,0.008437509736619404,0.011780922492700867,0.06584362139917688,413250.0,0.011673151750972718,0.014763103685053958,1
2018-02-28,87.49,89.0,87.35,88.67,475500,87.376,86.821,87.8865,0.9941913718261622,49.7175141242938,0.10272996837528581,0.2104131238624434,0.014763103685053958,0.00919070919061869,0.011022223322012257,0.8359073359073359,406450.0,0.018608322995376177,0.010939438366978749,1
2018-03-01,89.0,89.89,88.81,89.64,584500,87.894,87.143,87.8475,1.0005293263894819,56.17154811715486,0.2753889383945136,0.22340828676885746,0.010939438366978749,0.007534407583847634,0.008775314578467763,0.2292323869610935,428500.0,0.012048192771084319,0.010040160642570406,1
2018-03-02,89.89,91.0,89.4,90.54,2577500,88.62,87.52000000000001,87.888,1.0083287820862916,64.37371663244363,0.47931959651903355,0.2745905487188927,0.010040160642570406,0.0077996280134312946,0.008897338062635457,3.4097519247219843,654650.0,0.01767174729401363,-0.03788380826154192,0
2018-03-05,88.0,88.0,87.06,87.11,516000,88.66799999999999,87.58500000000001,87.7875,1.0100299017513883,43.39622641509433,0.36001376346537484,0.29167519166818917,-0.03788380826154192,0.015443625271275099,0.01230109153002122,-0.7998060135790495,674400.0,0.010790953966249543,-0.007232235105039564,0
2018-03-06,87.2,87.5,86.3,86.48,337500,88.488,87.655,87.65549999999999,1.009497407464449,44.49116904962151,0.21218140123285423,0.2757764335811222,-0.007232235105039564,0.015405166624579325,0.012374151177975426,-0.3459302325581395,617300.0,0.013876040703052761,-0.004972247918593964,0
2018-03-07,86.3,86.74,86.0,86.05,416000,87.964,87.67,87.47299999999998,1.005613160632424,48.310502283104995,0.059638309441183424,0.23254880875313444,-0.004972247918593964,0.015514589177517059,0.012252267297978165,0.23259259259259268,611800.0,0.008599651365485125,-0.00871586287042414,0
2018-03-08,86.1,86.1,85.0,85.3,662000,87.096,87.49499999999999,87.30199999999999,0.9976403747909557,43.524229074889874,-0.1203842075971977,0.16196220548306803,-0.00871586287042414,0.015006579222729589,0.012177315943201802,0.5913461538461537,644500.0,0.012895662368112478,0.008440797186400895,1
2018-03-09,85.25,86.49,85.11,86.02,175500,86.19200000000001,87.40599999999999,87.18,0.9886671254874971,48.12925170068028,-0.20261969293954962,0.0890458257985445,0.008440797186400895,0.015362458500702099,0.012389906162935383,-0.7348942598187311,624650.0,0.016042780748663048,0.0029063008602649987,1
2018-03-12,86.25,87.0,86.0,86.27,220000,86.024,87.346,87.10650000000001,0.987572684013248,52.162400706090004,-0.24479712797486286,0.02227723504386303,0.0029063008602649987,0.015410489913324114,0.012316077993230602,0.2535612535612535,622350.0,0.01159151501101194,0.002781963602642934,1
2018-03-13,86.25,86.9,86.12,86.51,445500,86.03,87.259,86.99600000000001,0.9888960411972963,52.663755458515276,-0.25590711692872503,-0.03335963535065459,0.002781963602642934,0.015297266424012598,0.012027499090506346,1.025,641000.0,0.009016298693792637,-0.006010865795861853,0
2018-03-14,86.6,86.75,85.75,85.99,243000,86.018,86.99100000000001,86.906,0.989782063378823,45.10166358595193,-0.3031766852894009,-0.08732304533840385,-0.006010865795861853,0.014313825865450222,0.01188642393882614,-0.4545454545454546,617750.0,0.01162925921618793,-0.0046517036864750505,0
2018-03-15,86.0,86.33,85.0,85.59,482000,86.076,86.586,86.86449999999999,0.9909226438878944,44.04332129963903,-0.3686650743436246,-0.143591451139448,-0.0046517036864750505,0.013453615577573866,0.011419643514348982,0.9835390946502058,607500.0,0.015539198504498168,-0.012501460450987323,0
2018-03-16,85.31,85.5,84.0,84.52,1139500,85.776,85.984,86.752,0.9887495389155293,40.2972749793559,-0.5011284552340527,-0.21509885195836895,-0.012501460450987323,0.012602695241464656,0.01167554982441557,1.3641078838174274,463700.0,0.017747278750591577,0.001064836725035434,1
2018-03-19,84.64,85.0,84.35,84.61,272000,85.444,85.734,86.65950000000001,0.9859738401444734,38.152266894781924,-0.5920199535928248,-0.2904830722852601,0.001064836725035434,0.006430405029476891,0.011672986639926828,-0.7612988152698552,439300.0,0.007682307055903625,0.01453728873655602,1
2018-03-20,84.75,86.4,84.75,85.84,415500,85.31,85.66999999999999,86.6625,0.9843934804557912,37.83319002579541,-0.5583649172232725,-0.3440594412728626,0.01453728873655602,0.008229848719389574,0.012049874906426505,0.5275735294117647,447100.0,0.01922180801491153,0.00419384902143527,1
2018-03-21,86.1,86.97,86.05,86.2,362500,85.352,85.685,86.6775,0.9847076807706729,34.39201451905633,-0.4969159295579715,-0.37463073892988435,0.00419384902143527,0.008213074580996921,0.012081838442783903,-0.12755716004813478,441750.0,0.010672853828306284,0.02389791183294676,1
2018-03-22,86.49,88.6,86.45,88.26,1106500,85.886,85.98100000000001,86.738,0.990177315594088,40.64039408866997,-0.278778791876519,-0.35546034951921135,0.02389791183294676,0.010448442054335533,0.01288545494300144,2.0524137931034483,486200.0,0.02435984590981182,0.010763652843870153,1
2018-03-26,88.2,89.7,88.01,89.21,2062500,86.824,86.3,86.85300000000001,0.9996661024950202,60.82474226804119,-0.028913184953708537,-0.2901509166061108,0.010763652843870153,0.010596107980761741,0.013061046927853434,0.8639855399909624,674900.0,0.018944064566752582,0.002129806075552132,1
2018-03-27,89.12,89.9,88.98,89.4,5437000,87.782,86.61300000000001,86.9795,1.009226311947068,65.76673866090708,0.18233665733571058,-0.19565340181774654,0.002129806075552132,0.010605396764297418,0.013054589432138181,1.6361212121212123,1196600.0,0.010290827740492189,0.02975391498881419,1
2018-03-28,89.41,92.7,89.41,92.06,6772500,89.026,87.16799999999999,87.21350000000001,1.020782333010371,76.15317667536985,0.5579616146013819,-0.04493039853392085,0.02975391498881419,0.013423743805340421,0.014487415929104628,0.2456317822328491,1829300.0,0.035737562459265765,0.01629372148598729,1
2018-03-29,92.5,95.45,92.5,93.56,3259000,90.498,87.92500000000001,87.458,1.034759541722884,83.74183006535944,0.9655542550277403,0.15716653217841137,0.01629372148598729,0.012993797927296479,0.014558295453677251,-0.5187892211148025,2130900.0,0.03153056861906801,0.005237280889268892,1
2018-03-30,93.75,94.5,93.25,94.05,617500,91.656,88.771,87.6785,1.0453645990750298,83.4304746044962,1.3129780701193,0.3883288397665891,0.005237280889268892,0.012231539143698544,0.014445672230806986,-0.810524700828475,2144450.0,0.013290802764486975,-0.004891015417331168,0
2018-04-02,93.75,94.9,93.25,93.59,566500,92.532,89.67800000000001,87.83099999999999,1.053523243501725,79.95090016366612,1.53351834610136,0.6173667410335433,-0.004891015417331168,0.010868791867570345,0.01442148800624984,-0.08259109311740886,2087150.0,0.017630088684688596,0.03579442248103426,1
2018-04-03,93.75,97.7,93.1,96.94,3799000,94.04,90.911,88.3225,1.0647343542132526,84.01826484018262,1.9560667863026566,0.885106750087366,0.03579442248103426,0.012941616375571719,0.013113511955839688,5.706090026478376,2439850.0,0.047452032184856704,0.013410356921807365,1
2018-04-04,98.0,99.49,96.75,98.24,3930000,95.276,92.151,88.9105,1.0715944685948229,88.01986343885788,2.3685356008614775,1.1817925202421884,0.013410356921807365,0.01293910938423875,0.012873704161931848,0.034482758620689724,2791300.0,0.02789087947882731,-0.008855863192182345,0
2018-04-05,98.5,99.0,97.05,97.37,1347500,96.038,93.268,89.47650000000002,1.0733321039602575,85.52472858866108,2.59530136040631,1.464494288275013,-0.008855863192182345,0.0145566690704088,0.013083014875255603,-0.6571246819338422,2889800.0,0.020026702269692952,-0.008421485056999134,0
2018-04-06,97.6,99.74,95.75,96.55,1837000,96.538,94.09700000000001,90.039,1.0721798331833983,86.83404776485001,2.677977652238795,1.7071909610677696,-0.008421485056999134,0.015278657972828236,0.013065410988052683,0.3632653061224489,2962850.0,0.04132573795960637,0.038322112894873195,1
2018-04-09,96.3,101.0,96.3,100.25,3590500,97.87,95.201,90.7505,1.0784513583947195,89.21765295887667,3.007390956070637,1.967230960068343,0.038322112894873195,0.017872915284225858,0.014903125321581338,0.9545454545454546,3115650.0,0.04688279301745639,0.0050872817955112115,1
2018-04-10,101.99,102.5,100.61,100.76,1812500,98.63399999999999,96.337,91.475,1.0782618201694452,88.81373569198755,3.271889801453753,2.228162728345425,0.0050872817955112115,0.01771749230080602,0.014873476721603949,-0.49519565520122544,2753200.0,0.01875744342993252,0.012504962286621568,1
2018-04-11,101.0,102.85,100.5,102.02,4734500,99.39000000000001,97.333,92.2505,1.077392534457808,89.31411530815112,3.5423445686176933,2.4909990963998787,0.012504962286621568,0.016621463038197285,0.014856387342577859,1.6121379310344826,2549400.0,0.023034699078611984,-0.018721819251127148,0
2018-04-12,102.24,102.24,99.35,100.11,3163000,99.938,97.988,92.95649999999999,1.0751050222415863,79.66950425638461,3.5615060577789706,2.705100488675697,-0.018721819251127148,0.018798838081852128,0.015749587840093872,-0.33192522969690574,2539800.0,0.02886824493057637,-0.002097692538207907,0
2018-04-13,100.25,101.36,99.6,99.9,2576000,100.608,98.57300000000001,93.672,1.0740456059441457,77.79511180447224,3.5191795201386213,2.8679162949682824,-0.002097692538207907,0.019014802523349507,0.015653825391683463,-0.18558330698703762,2735650.0,0.017617617617617667,-0.03643643643643646,0
2018-04-16,99.1,99.5,95.9,96.26,1255000,99.81,98.84,94.259,1.0588909281872287,65.12345679012347,3.1555427226125516,2.9254415804971363,-0.03643643643643646,0.023214545970441182,0.01802843774241492,-0.5128105590062112,2804500.0,0.03739871182214829,-0.0008310824849365739,0
2018-04-17,95.6,96.49,95.24,96.18,799000,98.894,98.76400000000001,94.8375,1.0427731646236984,60.2487562189055,2.8282997305609285,2.9060132105098946,-0.0008310824849365739,0.02016484268262002,0.0180644564024387,-0.36334661354581677,2504500.0,0.012996464961530462,-0.0034310667498441694,0
2018-04-18,96.5,97.47,95.5,95.85,688000,97.66000000000001,98.525,95.338,1.024355451131763,56.0486001056524,2.5133566486907313,2.827481898146062,-0.0034310667498441694,0.01955850426924436,0.018094859574878122,-0.1389236545682102,2180300.0,0.020552947313510685,-0.004486176317162194,0
2018-04-19,96.2,96.25,94.5,95.42,765000,96.72200000000001,98.33000000000001,95.799,1.009634756103926,53.63010068892424,2.203662135559483,2.7027179456287462,-0.004486176317162194,0.01944394361750439,0.01823605381085967,0.11191860465116288,2122050.0,0.01833997065604695,-0.0039823936281701,0
2018-04-20,95.4,96.0,94.75,95.04,813000,95.75,98.179,96.138,0.9959641348894297,53.85843533794573,1.905597635122632,2.5432938835275234,-0.0039823936281701,0.01932759899683961,0.017795933818537963,0.06274509803921569,2019650.0,0.013152356902356901,-0.005366161616161658,0
2018-04-23,95.25,95.25,94.0,94.53,350000,95.404,97.607,96.404,0.9896269864320982,42.445141065830725,1.60967134406674,2.356569375635367,-0.005366161616161658,0.013368248349593386,0.01783192031859894,-0.5694956949569496,1695600.0,0.013223315349624457,0.006876123981804705,1
2018-04-24,94.1,95.35,94.05,95.18,1034500,95.204,97.049,96.69300000000001,0.984600746693142,40.00000000000004,1.4113282802016869,2.167521156548631,0.006876123981804705,0.013540622581067443,0.01785059388911419,1.9557142857142855,1617800.0,0.01365833158226515,-0.005358268543811828,0
2018-04-25,95.5,96.5,94.35,94.67,1363000,94.96799999999999,96.314,96.8235,0.9808362639235308,40.963855421686745,1.1991640189945656,1.973849729037818,-0.005358268543811828,0.011974957041054711,0.01680679187560247,0.31754470758820696,1280650.0,0.022710467941269734,0.007710996091687017,1
2018-04-26,95.0,95.55,94.5,95.4,482000,94.96400000000001,95.84299999999999,96.9155,0.9798639020590103,46.12794612794616,1.0775063896272172,1.794581061155698,0.007710996091687017,0.012110661885266072,0.0165171219936395,-0.6463683052090976,1012550.0,0.01100628930817607,0.04266247379454913,1
2018-04-27,95.59,100.17,95.25,99.47,3026000,95.85,95.8,97.1865,0.9862480900125017,47.43758212877792,1.2945836727197246,1.6945815834685034,0.04266247379454913,0.01932096727060804,0.01895082436144721,5.278008298755187,1057550.0,0.049462149391776435,0.00291545189504383,1
2018-04-30,100.47,101.5,99.25,99.76,3553500,96.896,96.15,97.495,0.9938560951843683,46.666666666666664,1.4730392800119176,1.6502731227771863,0.00291545189504383,0.014554572815589714,0.01886047358552315,0.1743225380039657,1287400.0,0.02255412991178829,-0.0018043303929431431,0
2018-05-02,99.61,100.24,99.4,99.58,760500,97.776,96.49,97.627,1.0015262171325556,41.235632183908066,1.5817091799700336,1.6365603342157558,-0.0018043303929431431,0.014591230484625491,0.017264181060390228,-0.7859856479527226,1283550.0,0.008435428800963941,-0.01285398674432614,0
2018-05-03,99.5,99.5,98.01,98.3,649500,98.502,96.735,97.63000000000001,1.0089316808358084,43.190368698269374,1.546715977031596,1.618591462778924,-0.01285398674432614,0.015376961098141816,0.01730816767796625,-0.145956607495069,1279700.0,0.015157680569684587,-0.0025432349949134903,0
2018-05-04,98.3,98.75,98.0,98.05,349000,99.032,96.998,97.664,1.0140072083879423,43.060765191297804,1.481730237099427,1.5912192176430247,-0.0025432349949134903,0.015289059093276944,0.017192046920098698,-0.46266358737490376,1238100.0,0.007649158592554819,0.01366649668536457,1
2018-05-07,98.12,100.0,98.12,99.39,1520500,99.016,97.433,97.806,1.0123714291556756,64.18857660924745,1.5208242558180842,1.5771402252780367,0.01366649668536457,0.015433813952180818,0.01729876100344986,3.3567335243553007,1308850.0,0.018915383841432695,-0.021933796156555108,0
2018-05-08,99.49,99.49,97.0,97.21,719500,98.506,97.701,97.654,1.0087246810166506,53.922315308453854,1.3602190083091443,1.5337559818842583,-0.021933796156555108,0.017387031881143884,0.015742129196594068,-0.5268003946070372,1345800.0,0.0256146486986935,0.002366011727188644,1
2018-05-09,97.8,97.8,95.0,97.44,1182500,98.078,97.92699999999999,97.488,1.0060520269161333,56.10130468150422,1.237235193214559,1.4744518241503184,0.002366011727188644,0.017331814630638723,0.015694603058111357,0.6435024322446143,1360600.0,0.028735632183908018,0.006260262725779953,1
2018-05-10,97.02,99.25,97.0,98.05,991000,98.02799999999999,98.265,97.2895,1.0075907472029355,59.954579863739546,1.1754417746280552,1.4146498142458659,0.006260262725779953,0.017136103735358177,0.015460491725749955,-0.16194503171247354,1323400.0,0.02294747577766446,0.0009178990311065061,1
2018-05-11,98.5,98.98,98.0,98.14,449500,98.046,98.539,97.191,1.0087971108435967,61.99690402476774,1.1208122669078193,1.3558823047782567,0.0009178990311065061,0.01709158218251389,0.014949017910792612,-0.5464177598385469,1320150.0,0.009985734664764663,-0.0168127165274099,0
2018-05-14,97.65,98.24,96.05,96.49,1126000,97.46600000000001,98.241,97.0205,1.0045918130704337,56.97012802275955,0.9336146495553947,1.2714287737336845,-0.0168127165274099,0.011008466854972499,0.015367964895080835,1.5050055617352616,1130150.0,0.022696652502850013,0.0012436521919370058,1
2018-05-15,96.52,96.99,95.0,96.61,481500,97.34599999999999,97.926,97.038,1.0031740143036747,55.28455284552841,0.7858830160222539,1.1743196221913985,0.0012436521919370058,0.010921299978904918,0.013003198524472915,-0.572380106571936,822950.0,0.02059828175137144,-0.000207017907048912,0
2018-05-16,96.85,97.05,95.75,96.59,419000,97.176,97.627,97.0585,1.001210610095973,57.36196319018404,0.6595874852937555,1.07137319481187,-0.000207017907048912,0.010954787467903128,0.013001189073686178,-0.1298026998961579,788800.0,0.013458950201884224,-0.000828243089346703,0
2018-05-17,96.1,96.65,96.1,96.51,273000,96.86800000000001,97.44800000000001,97.0915,0.9976980477178745,54.47941888619854,0.5467395625259144,0.966446468354679,-0.000828243089346703,0.010397493486143182,0.012974960412446154,-0.34844868735083534,751150.0,0.00569889130660047,-0.018754533208993895,0
2018-05-18,96.3,96.51,94.1,94.7,561500,96.17999999999999,97.113,97.0555,0.9909793880820768,26.456071076011952,0.30770783314910943,0.8346987413135651,-0.018754533208993895,0.011709508409805973,0.01363454711936013,1.0567765567765566,772400.0,0.025448785638859668,-0.005068637803590348,0
2018-05-21,94.61,95.3,94.15,94.22,2103000,95.726,96.59599999999999,97.0145,0.9867184802271826,23.158914728682234,0.07863502143624146,0.6834859973381004,-0.005068637803590348,0.010056090488070754,0.013652176403108316,2.745325022261799,830650.0,0.012205476544258029,0.04457652303120363,1
2018-05-22,93.9,98.93,93.9,98.42,2272000,96.08800000000001,96.71700000000001,97.209,0.988468145953564,45.95536959553698,0.2333086302488141,0.5934505239202432,0.04457652303120363,0.017244367930446716,0.016873105037184533,0.08036138849262953,985900.0,0.05110749847591954,0.003352977037187621,1
2018-05-23,99.0,100.55,98.5,98.75,1187500,96.52000000000001,96.848,97.3875,0.9910922859709922,51.68035847647499,0.37815765561195747,0.5503919502585861,0.003352977037187621,0.017253528201635476,0.016839541564635057,-0.47733274647887325,986400.0,0.02075949367088605,-0.004253164556962008,0
2018-05-24,98.6,98.6,97.75,98.33,502500,96.884,96.876,97.5705,0.9929640618834586,51.032448377581126,0.4538295967869317,0.5310794795642553,-0.004253164556962008,0.017249383863804105,0.016816007886849633,-0.5768421052631578,937550.0,0.008644360825790648,-0.003864537780941646,0
2018-05-25,98.48,98.48,97.52,97.95,482500,97.534,96.857,97.69800000000001,0.9983213576531761,44.285714285714306,0.4776314926158989,0.520389882174584,-0.003864537780941646,0.01730016560293128,0.016809414119333208,-0.03980099502487566,940850.0,0.00980091883614097,0.00622766717713108,1
2018-05-28,97.99,99.0,97.0,98.56,842500,98.402,97.06400000000001,97.6525,1.0076751747267094,56.11967361740711,0.5394975763267524,0.5242114210050177,0.00622766717713108,0.016328329943774506,0.013815879150441338,0.7461139896373057,912500.0,0.020292207792207792,-0.00020292207792205197,0
2018-05-29,98.5,99.0,98.4,98.54,2918000,98.42600000000002,97.257,97.5915,1.0085509496216374,55.08317929759708,0.5802245926092979,0.5354140553258738,-0.00020292207792205197,0.01634456169206201,0.013794430952040903,2.4635014836795253,1156150.0,0.006088897909478326,-0.0024355591637914564,0
2018-05-30,99.0,99.0,98.05,98.3,604000,98.33599999999998,97.428,97.5275,1.008289969495783,51.196172248803826,0.5863756783849681,0.5456063799376927,-0.0024355591637914564,0.016394595456546292,0.013798231811557603,-0.7930089102124743,1174650.0,0.009664292980671443,0.0001017293997966906,1
2018-05-31,98.05,98.75,97.75,98.31,597000,98.332,97.608,97.52799999999999,1.008243786399803,50.81967213114755,0.5853102820168061,0.5535471603535154,0.0001017293997966906,0.016380189261731837,0.013491258811232766,-0.011589403973509937,1207050.0,0.010171905197843556,-0.0021361000915471884,0
2018-06-01,98.4,98.45,98.0,98.1,1011500,98.362,97.94800000000001,97.53049999999999,1.0085255381649842,59.014557670772646,0.5610532303663405,0.5550483743560805,-0.0021361000915471884,0.01481215697158925,0.013487382346223622,0.6943048576214406,1252050.0,0.004587155963302781,0.00723751274210005,1
2018-06-04,98.0,98.89,97.75,98.81,407000,98.412,98.40700000000001,97.50150000000001,1.0093383178720328,61.55462184873949,0.5922928254508406,0.5624972645750326,0.00723751274210005,0.014517455567355293,0.013221288042696563,-0.5976272862086011,1082450.0,0.011537293796174481,-0.004351786256451828,0
2018-06-05,98.99,98.99,98.2,98.38,325500,98.38,98.40299999999999,97.56,1.0084050840508405,59.01309164149036,0.575716521594515,0.565141115978929,-0.004351786256451828,0.004280522782025905,0.012249692279317393,-0.2002457002457002,887800.0,0.008030087416141411,0.0012197601138443925,1
2018-06-06,98.9,99.0,98.45,98.5,628500,98.42,98.378,97.613,1.008267341440177,59.97993981945831,0.5657411664752487,0.565261126078193,0.0012197601138443925,0.004144043450679048,0.012244012053395226,0.9308755760368663,831900.0,0.005583756345177636,-0.006903553299492438,0
2018-06-07,98.5,98.5,97.75,97.82,395000,98.32199999999999,98.327,97.6015,1.0073820586773767,67.64705882352926,0.4972335102823564,0.5516556029190257,-0.006903553299492438,0.004498424849387634,0.012278124473643823,-0.37151949085123315,821150.0,0.007667143733387856,0.0019423430791249974,1
2018-06-11,98.15,98.8,97.6,98.01,1240500,98.304,98.333,97.595,1.007264716430145,72.16374269005837,0.45304963707957313,0.5319344097511353,0.0019423430791249974,0.004390906736104724,0.012284497205730646,2.140506329113924,896950.0,0.012243648607285,-0.0160187735945313,0
2018-06-12,97.9,98.25,95.7,96.44,1925500,97.83,98.121,97.5925,1.0024335886466684,33.27702702702716,0.2880275183357668,0.48315303146806154,-0.0160187735945313,0.006191013864784997,0.012228448480572399,0.5521966948810964,1005250.0,0.026441310659477368,0.015138946495230288,1
2018-06-13,96.55,98.24,96.5,97.9,1578500,97.73400000000001,98.05699999999999,97.65700000000001,1.00078847394452,43.97163120567386,0.2719215561480297,0.4409067364040552,0.015138946495230288,0.00827769710526188,0.012686362504900473,-0.18021293170605035,871300.0,0.017773237997957044,-0.0010214504596527396,0
2018-06-14,98.4,98.89,97.5,97.8,3610500,97.59400000000001,98.007,97.7175,0.998736152685036,46.06240713224372,0.24822689567447753,0.4023707682581397,-0.0010214504596527396,0.008255294000927388,0.012690863993675895,1.2872980677858727,1171950.0,0.014212678936605324,0.025664621676891652,1
2018-06-19,96.61,100.85,96.5,100.31,3367000,98.09200000000001,98.207,97.9075,1.0018844317340347,63.31828442437911,0.4270618266917836,0.40730897994486853,0.025664621676891652,0.011695970278350018,0.013852638946492848,-0.06744218252319623,1448950.0,0.04336556674309634,-0.0019938191606021505,0
2018-06-20,100.39,101.5,99.71,100.11,2651000,98.512,98.408,98.17800000000001,1.0034019841512354,59.17159763313598,0.5463534469852078,0.4351178733529364,-0.0019938191606021505,0.011690360584563677,0.013010955632528692,-0.21265221265221268,1612900.0,0.017880331635201342,-0.00799120966936362,0
2018-06-21,99.51,100.16,98.8,99.31,4839000,99.086,98.458,98.4325,1.0066390673812002,54.171180931744246,0.5697716287309333,0.46204862442853584,-0.00799120966936362,0.011934847730060167,0.013120647022079802,0.8253489249339871,2056100.0,0.013694491994763865,-0.005336824086194736,0
2018-06-22,99.1,99.35,98.05,98.78,620500,99.262,98.498,98.4505,1.0082427209612952,52.52100840336135,0.5393468807684059,0.4775082756965099,-0.005336824086194736,0.01198393338493614,0.008762059219736787,-0.8717710270717091,2085600.0,0.013160558817574379,-0.03209151650131603,0
2018-06-25,98.0,98.6,95.01,95.61,1092500,98.824,98.209,98.2935,1.0053971015377416,39.353312302839164,0.25648593144427423,0.43330380684606273,-0.03209151650131603,0.015780643240735543,0.01130909584835554,0.7606768734891216,2132000.0,0.03754837360108764,-0.0023010145382281744,0
2018-06-26,95.05,97.75,95.0,95.39,2926500,97.84,97.966,98.1465,0.9968771173704615,39.32230102442876,0.014398453410336742,0.34952273615891755,-0.0023010145382281744,0.015716631167726848,0.01129298130360558,1.6787185354691077,2385150.0,0.028829017716741796,0.03040150959220056,1
2018-06-27,95.57,98.9,95.57,98.29,2367000,97.476,97.994,98.1635,0.992996378490987,48.25268817204303,0.055903723287912044,0.2907989335847164,0.03040150959220056,0.018853978743403013,0.013324841916098085,-0.19118400820092263,2497800.0,0.033879336656831946,0.002848712992165936,1
2018-06-28,98.5,99.25,98.0,98.57,810500,97.328,98.20700000000001,98.164,0.9914836396234873,50.644942294636785,0.1101211999921361,0.2546633868662004,0.002848712992165936,0.01794551831287609,0.013266454140070204,-0.6575834389522602,2386300.0,0.012681343207872578,0.0032464238612155416,1
2018-06-29,98.52,100.0,98.5,98.89,695500,97.35,98.30600000000001,98.1815,0.9915309910726562,51.30609511051574,0.17687140310806626,0.2391049901145736,0.0032464238612155416,0.017387878503953656,0.013284874167014663,-0.14188772362739055,2298000.0,0.01516836889473152,-0.0007078572150875928,0
2018-07-02,99.5,99.5,98.7,98.82,387000,97.99199999999999,98.40799999999999,98.2075,0.9978056665733268,53.491620111731834,0.22156889668198687,0.23559777142805627,-0.0007078572150875928,0.017383824373927652,0.013272027894887123,-0.4435657800143782,1975650.0,0.008095527221210253,-0.0007083586318558099,0
2018-07-03,99.0,99.0,98.5,98.75,302500,98.664,98.252,98.2295,1.0044233147883272,52.605633802816875,0.24847925322359288,0.2381740677871636,-0.0007083586318558099,0.015106916485125278,0.013274053037060111,-0.21834625322997414,1669200.0,0.005063291139240506,-0.027443037974683504,0
2018-07-04,98.4,98.42,95.9,96.04,349000,98.21399999999998,97.845,98.1265,1.0008917061140465,48.69621903520211,0.05054885731490799,0.20064902569271248,-0.027443037974683504,0.01720421311315981,0.014653680791089295,0.15371900826446283,1439000.0,0.026239067055393542,0.0004164931278634043,1
2018-07-05,96.0,97.25,95.75,96.08,1619000,97.71600000000001,97.52199999999999,97.99,0.9972037963057456,43.462643678160894,-0.10190998685646946,0.1401372231828761,0.0004164931278634043,0.01719338085574851,0.014531756420761752,3.6389684813753584,1117000.0,0.015611990008326394,0.00041631973355538143,1
2018-07-06,96.0,96.5,96.0,96.12,233500,97.162,97.256,97.877,0.992694913003055,43.939393939393966,-0.21700554867898347,0.06870866881050419,0.00041631973355538143,0.017208975622696663,0.014518151939763252,-0.855775169857937,1078300.0,0.005201831044527674,-0.017478152309613026,0
2018-07-09,96.0,96.5,93.0,94.44,1027000,96.286,97.139,97.674,0.9857894629072219,27.475057559478117,-0.43872423046381925,-0.032777911044360494,-0.017478152309613026,0.014889845123255294,0.014958880718268064,3.3982869379014993,1071750.0,0.03706056755612029,-0.008470986869970276,0
2018-07-10,94.5,94.78,92.95,93.64,804500,95.264,96.964,97.465,0.9774175344995639,26.265590608950845,-0.6712534058739976,-0.1604730100102879,-0.008470986869970276,0.015070457816528767,0.01499001884912108,-0.21665043816942553,859550.0,0.019542930371636034,0.013028620247757416,1
2018-07-11,94.05,96.45,93.9,94.86,502000,95.02799999999999,96.62100000000001,97.3075,0.9765742620044703,34.163701067615634,-0.7484628349745748,-0.27807097500314526,0.013028620247757416,0.01154049779722825,0.01534709632354701,-0.3760099440646364,673050.0,0.026881720430107496,0.03046594982078843,1
2018-07-12,95.0,98.05,95.0,97.75,1209000,95.362,96.539,97.373,0.9793474577141507,46.86166971358927,-0.5698837513926946,-0.33643353028105516,0.03046594982078843,0.015758376152207834,0.016511535538696658,1.408366533864542,712900.0,0.0312020460358056,-0.01176470588235301,0
2018-07-13,98.0,98.05,96.3,96.6,376000,95.458,96.31,97.30799999999999,0.9809882024088462,53.439888811674756,-0.5152148539836219,-0.3721897950215685,-0.01176470588235301,0.016050453587000354,0.01637759337266052,-0.6889991728701406,680950.0,0.018115942028985508,-0.01552795031055898,0
2018-07-16,97.05,99.0,94.0,95.1,993500,95.59,95.938,97.173,0.9837094666213866,49.07466496490107,-0.5861698220650027,-0.41498580043025535,-0.01552795031055898,0.016570621559886967,0.01671768877181477,1.6422872340425534,741600.0,0.05257623554153523,0.01682439537329139,1
2018-07-17,95.49,97.0,93.25,96.7,702500,96.202,95.733,96.99249999999999,0.9918498853004099,44.467640918580365,-0.507445995666501,-0.43347783947750446,0.01682439537329139,0.01780468538136877,0.016072585002893644,-0.29290387518872674,781600.0,0.038779731127197514,0.024715615305067162,1
2018-07-18,96.94,99.47,96.8,99.09,859000,97.048,96.038,96.94149999999999,1.0010986007024856,51.57766990291265,-0.24932965309596966,-0.3966482022011975,0.024715615305067162,0.017135128823897984,0.017122940233555102,0.22277580071174374,832600.0,0.026945201332122328,0.009688162276717982,1
2018-07-19,100.25,102.75,99.5,100.05,3445000,97.508,96.435,96.9785,1.0054599730868181,53.38785046728971,0.03232081077662485,-0.31085439960563305,0.009688162276717982,0.01721467605359801,0.017165240476396337,3.0104772991850988,1015200.0,0.03248375812093953,-0.008295852073962995,0
2018-07-20,100.1,100.1,99.0,99.22,298000,98.03200000000001,96.745,97.0005,1.0106339658043,51.11856823266221,0.18640797408674814,-0.2114019248671568,-0.008295852073962995,0.01764201591142017,0.017230924568546996,-0.9134978229317852,1021650.0,0.011086474501108591,-0.011388832896593426,0
2018-07-23,99.1,99.15,97.75,98.09,752500,98.63,97.11,97.1245,1.0155007232984468,48.25765575501585,0.214864777545273,-0.12614858438467086,-0.011388832896593426,0.01693537823913188,0.015735585907568017,1.5251677852348995,994200.0,0.014272606789683001,0.015597920277296451,1
2018-07-24,98.55,100.0,98.55,99.62,822500,99.214,97.708,97.336,1.0192939919454262,60.078828828828826,0.3567626745279284,-0.02956633260215101,0.015597920277296451,0.016686025905559673,0.016020531704450783,0.09302325581395343,996000.0,0.014555310178679007,0.008532423208191142,1
2018-07-26,100.9,101.25,99.5,100.47,1877000,99.49000000000001,98.26899999999999,97.44500000000001,1.0209861973420904,61.820140010770054,0.5316768368416547,0.08268230128661012,0.008532423208191142,0.01654558577467705,0.014692336216383614,1.282066869300912,1133500.0,0.017418134766596996,-0.0025878371653230703,0
2018-07-27,101.05,101.1,99.71,100.21,735500,99.522,98.515,97.527,1.0204558737580363,60.88344864289512,0.6419181111690193,0.19452946326309195,-0.0025878371653230703,0.014228684894684356,0.014710503272958178,-0.608151305274374,1086150.0,0.013870871170541869,0.009480091807204882,1
2018-07-30,100.06,102.0,100.06,101.16,1163000,99.91,98.97099999999999,97.6405,1.0232434287001806,68.60465116279069,0.7967576496173052,0.3149751005339346,0.009480091807204882,0.013411579191931755,0.014827783765672233,0.5812372535690007,1164850.0,0.019177540529853675,-0.015717674970344042,0
2018-07-31,101.9,102.6,99.5,99.57,1342500,100.20599999999999,99.418,97.678,1.0258809557935256,65.72944297082225,0.782153212223605,0.40841072287186875,-0.015717674970344042,0.013443476041630402,0.015303753822572045,0.15434221840068796,1199750.0,0.031133875665360997,-0.012252686552174374,0
2018-08-01,99.25,99.7,97.75,98.35,834500,99.952,99.583,97.658,1.0234901390567082,59.2572944297082,0.6644756249524875,0.4596237032879925,-0.012252686552174374,0.013668726792874149,0.015566747754277473,-0.3783985102420857,1212950.0,0.019827147941026975,0.0010167768174886849,1
2018-08-02,98.4,98.99,98.0,98.45,908500,99.54799999999999,99.51899999999999,97.77850000000001,1.0180970254196984,52.17932752179329,0.5726829212505891,0.48223554688051185,0.0010167768174886849,0.011054147044972616,0.014172951193725313,0.08867585380467347,1217900.0,0.010055865921787657,0.02925342813610965,1
2018-08-03,98.5,101.9,98.5,101.33,1647000,99.772,99.647,98.041,1.0176558786630083,63.29398538504778,0.723982849447097,0.530585007393829,0.02925342813610965,0.014323891338066818,0.015481058731949429,0.8128783709411118,1038100.0,0.033553735320240856,-0.0037501233593210115,0
2018-08-06,101.11,101.25,100.45,100.95,370000,99.73,99.82,98.2825,1.0147279525856587,67.54649070185965,0.8039587721144841,0.58525976033796,-0.0037501233593210115,0.014052844543444935,0.015542405324535569,-0.7753491196114147,1045300.0,0.007924715205547272,-0.007924715205547272,0
2018-08-07,101.1,101.1,100.05,100.15,207000,99.846,100.026,98.568,1.012965668371074,60.86956521739131,0.7936383836389069,0.6269354849981494,-0.007924715205547272,0.013730095073072771,0.015032312821352338,-0.4405405405405406,990750.0,0.010484273589615548,0.000599101347977804,1
2018-08-08,100.05,100.75,99.8,100.21,159000,100.218,100.085,98.89649999999999,1.0133624546874764,54.13589364844902,0.7812946219143129,0.6578073123813821,0.000599101347977804,0.012893342987208806,0.014801616763626192,-0.23188405797101452,924400.0,0.009480091807204898,0.0,0
2018-08-09,100.31,100.5,100.0,100.21,617000,100.57000000000001,100.059,99.164,1.0141785325319672,50.635930047694735,0.762719941111115,0.6787898381273287,0.0,0.012593685445842578,0.01464604703610811,2.880503144654088,798400.0,0.004989522003792037,0.0030935036423511697,1
2018-08-10,100.3,101.0,100.22,100.52,599000,100.40799999999999,100.09,99.3025,1.0111326502353917,55.389718076285234,0.7642045081044984,0.6958727721227627,0.0030935036423511697,0.012601559151418217,0.013129884160005057,-0.02917341977309562,784750.0,0.00775964982093117,0.004775169120573075,1
2018-08-13,100.7,101.7,100.7,101.0,1675500,100.41799999999999,100.074,99.52250000000001,1.008997965284232,62.75197195442593,0.7949493454000987,0.7156880867782299,0.004775169120573075,0.012308459988838373,0.012767672284069836,1.797161936560935,836000.0,0.009900990099009901,0.007029702970297036,1
2018-08-15,101.3,102.25,101.1,101.71,2249000,100.72999999999999,100.288,99.853,1.008782910878992,59.867799811142554,0.8666161057268624,0.7458736905679564,0.007029702970297036,0.01114668940701409,0.012087514729389728,0.34228588481050437,926650.0,0.011306656179333456,-0.001966374987710018,0
2018-08-16,101.59,102.05,100.91,101.51,2513000,100.98999999999998,100.604,100.0935,1.0089566255551057,55.231388329979914,0.8969348939518085,0.7760859312447268,-0.001966374987710018,0.01009105606839669,0.011716553839471292,0.11738550466874176,1094500.0,0.011230420648212005,0.002364299083833954,1
2018-08-17,101.5,102.2,101.5,101.75,1115500,101.298,100.934,100.2265,1.0106907853711344,57.7620967741936,0.9296127491827235,0.8067912948323261,0.002364299083833954,0.010067444673530459,0.01048696532420331,-0.556108237166733,1115200.0,0.006879606879606907,0.006093366093366193,1
2018-08-20,102.0,102.6,101.85,102.37,599500,101.668,101.038,100.3425,1.0132097565837008,56.3086548488009,0.9940798693871926,0.8442490097432995,0.006093366093366193,0.004654270751486045,0.01036714772027341,-0.46257283729269383,1010450.0,0.0073263651460388785,0.012796717788414513,1
2018-08-24,101.5,103.8,101.5,103.68,921000,102.204,101.311,100.5655,1.0162928638549005,72.07303974221281,1.1377611758791772,0.9029514429704751,0.012796717788414513,0.005608924474261715,0.010423271092382872,0.53628023352794,1065550.0,0.022183641975308612,-0.007908950617284027,0
2018-08-27,103.0,103.5,102.4,102.86,1338000,102.43400000000001,101.582,100.804,1.016169993254236,75.30864197530872,1.17195295531441,0.9567517454392621,-0.007908950617284027,0.005605612048570358,0.010210450427192007,0.4527687296416938,1178650.0,0.010694147384794812,-0.00048609760839979366,0
2018-08-28,103.0,103.25,102.6,102.81,388000,102.694,101.84200000000001,100.9635,1.0171398574732453,74.60496613995494,1.1813971932729146,1.0016808350059927,-0.00048609760839979366,0.0056607700512622365,0.009741029239840939,-0.7100149476831091,1201550.0,0.006322342184612447,-0.020231494990759602,0
2018-08-29,102.6,102.6,100.5,100.73,716500,102.49000000000001,101.894,100.9765,1.0149886359697553,46.27791563275436,1.0094073832031114,1.0032261446454165,-0.020231494990759602,0.009196257473681404,0.01073930030832679,0.8466494845360826,1211500.0,0.02084781097984706,-0.03732750918296446,0
2018-08-30,100.02,100.35,95.7,96.97,5221500,101.41000000000001,101.539,100.81450000000001,1.0059068883940305,32.604895104895064,0.5632112940236027,0.9152231745210538,-0.03732750918296446,0.0150054604495432,0.013631221233606817,6.287508722958828,1673750.0,0.04795297514695258,0.005362483242239868,1
2018-08-31,97.0,97.86,95.75,97.49,840500,100.172,101.188,100.631,0.9954387812900597,38.08243727598559,0.2486905826262813,0.7819166561420994,0.005362483242239868,0.015042491571442444,0.013486131831234201,-0.8390309298094417,1590250.0,0.021643245461072925,-0.002051492460765081,0
2018-09-03,97.25,97.44,96.2,97.29,272000,99.058,100.74600000000001,100.51700000000001,0.985485042331148,37.07964601769914,-0.016517274823186767,0.6222298699490422,-0.002051492460765081,0.014608918659496572,0.01308181436838686,-0.6763831052944675,1392550.0,0.0127454003494706,-0.004316990440949797,0
2018-09-04,97.39,97.39,96.4,96.87,314500,97.87,100.282,100.443,0.9743834811783798,35.750853242320844,-0.2576172511745227,0.4462604457243292,-0.004316990440949797,0.014585455328891044,0.01284313529420103,0.15625,1172700.0,0.010219882316506605,-0.0064003303396305,0
2018-09-05,96.55,96.55,95.51,96.25,615000,96.974,99.732,100.333,0.966521483460078,32.25270157938486,-0.4930361243708745,0.2584011317052885,-0.0064003303396305,0.014384379488159287,0.01289856018146921,0.9554848966613672,1122650.0,0.010805194805194722,0.0009350649350650109,1
2018-09-06,96.25,96.9,96.25,96.34,408000,96.848,99.12899999999999,100.0835,0.9676719938851059,29.982817869415797,-0.6646829780219008,0.07378430975985065,0.0009350649350650109,0.01401222857819814,0.010776780442515798,-0.3365853658536585,1103500.0,0.0067469379281711196,0.0041519618019514315,1
2018-09-07,95.72,97.1,95.7,96.74,337500,96.69800000000001,98.435,99.873,0.9682096262253062,28.067078552515426,-0.7596805644661799,-0.09290866508535547,0.0041519618019514315,0.012952895981594286,0.010871650783689546,-0.17279411764705888,1045150.0,0.014471780028943473,0.00940665701881338,1
2018-09-10,96.01,97.9,95.7,97.65,519500,96.77000000000001,97.914,99.748,0.9701447648073145,33.97009966777409,-0.7528589519713478,-0.22489872246255393,0.00940665701881338,0.013913970701497113,0.011069403018301617,0.5392592592592593,963300.0,0.02252944188428062,-0.0032770097286226596,0
2018-09-11,97.9,98.0,95.8,97.33,533000,96.862,97.366,99.604,0.9724709851009999,31.765676567656797,-0.7644618601082129,-0.33281134999168577,-0.0032770097286226596,0.01383902328623554,0.011070103154232494,0.025986525505293567,977800.0,0.02260351381896643,-0.018699270522963052,0
2018-09-12,96.61,96.99,95.33,95.51,374500,96.714,96.84400000000001,99.369,0.9732814056697763,24.24924924924926,-0.9100258267669119,-0.44825424534673103,-0.018699270522963052,0.013663628318511476,0.011716605215083064,-0.29737335834896805,943600.0,0.017380379017903846,0.012668830488953953,1
2018-09-13,95.95,97.0,95.6,96.72,1149500,96.79,96.819,99.179,0.9759122394861816,23.676248108925847,-0.9171767883739648,-0.5420387539521778,0.012668830488953953,0.00894161125458767,0.012138061688148327,2.069425901201602,536400.0,0.014474772539288727,0.002481389578163684,1
2018-09-14,96.5,97.5,96.5,96.96,326500,96.834,96.766,98.977,0.9783485052082808,26.66139240506324,-0.893181937343897,-0.6122673906305217,0.002481389578163684,0.008786754192732161,0.012082838301030147,-0.7159634623749456,485000.0,0.010313531353135313,-0.011035478547854694,0
2018-09-17,96.99,97.0,95.7,95.89,505000,96.482,96.626,98.686,0.9776665383134385,24.670571010248864,-0.9495599664531653,-0.6797259057950504,-0.011035478547854694,0.009399761253760068,0.012049940886099675,0.5467075038284839,508300.0,0.013557200959432653,-0.003754301804150595,0
2018-09-18,94.5,96.05,92.5,95.53,784500,96.122,96.492,98.387,0.976978665880655,28.22445561139024,-1.0116275394994148,-0.7461062325359233,-0.003754301804150595,0.009382083587808109,0.012049500658997816,0.5534653465346535,555300.0,0.03716110122474612,0.01716738197424883,1
2018-09-19,96.35,97.5,95.98,97.17,820000,96.454,96.584,98.158,0.9826402330935837,51.01832993890022,-0.9179012501253965,-0.780465236053818,0.01716738197424883,0.01082261684469512,0.012823636313298187,0.04525175270873172,575800.0,0.015642688072450305,0.011423278789749913,1
2018-09-24,97.01,98.4,96.6,98.28,808500,96.76599999999999,96.77799999999999,97.9535,0.9878769007743469,53.794428434197926,-0.7454615504719726,-0.773464498937449,0.011423278789749913,0.011312268233025733,0.01305874839522561,-0.014024390243902451,615850.0,0.01831501831501843,-0.0029507529507529773,0
2018-09-25,97.75,99.2,97.5,97.99,782000,96.97200000000001,96.90299999999999,97.66900000000001,0.9928636517216312,53.333333333333286,-0.6249978364931081,-0.7437711664485808,-0.0029507529507529773,0.01138858417577982,0.012588788053851472,-0.032776747062461364,660300.0,0.017348709051944106,-0.005102561485865853,0
2018-09-26,97.52,97.95,97.01,97.49,961500,97.292,96.887,97.4005,0.9988860426794525,52.930056710775006,-0.5633809912219903,-0.7076931314032626,-0.005102561485865853,0.01116926190608927,0.012543725476873206,0.2295396419437341,704500.0,0.009642014565596449,0.008718842958252315,1
2018-09-27,97.0,98.5,96.75,98.34,774500,97.854,96.988,97.17699999999999,1.0069666690677836,59.66697502312675,-0.44087912109537797,-0.6543303293416858,0.008718842958252315,0.011432160177291257,0.012791856712184302,-0.19448777951118046,728650.0,0.01779540370144397,-0.007118161480577645,0
2018-09-28,98.0,98.4,97.0,97.64,745500,97.94800000000001,97.201,97.02250000000001,1.0095390244530908,55.69176882661994,-0.39571806477286486,-0.6026078764279216,-0.007118161480577645,0.009652603846651137,0.012135036999521986,-0.03744351194318918,765750.0,0.014338385907415051,-0.006452273658336671,0
2018-10-01,97.5,97.5,96.7,97.01,261000,97.694,97.22999999999999,97.0245,1.0069003189915948,51.158798283261845,-0.40608227346865533,-0.5633027558360684,-0.006452273658336671,0.009244607222760444,0.008856467004863266,-0.6498993963782695,676900.0,0.008246572518297053,-0.010514379960828935,0
2018-10-02,97.06,97.06,95.81,95.99,286000,97.294,97.133,96.9495,1.0035533963558347,42.942176870748256,-0.49094218314805005,-0.5488306412984647,-0.010514379960828935,0.009806171756533394,0.009065065233610918,0.09578544061302674,672850.0,0.013022189811438692,0.0005208875924576084,1
2018-10-03,95.61,96.3,95.5,96.04,337500,97.004,97.148,96.887,1.001207592349851,44.38642297650134,-0.5478444806672513,-0.548633409172222,0.0005208875924576084,0.009145821040860345,0.009063666712369325,0.18006993006993,656100.0,0.008329862557267776,-0.002915451895043719,0
2018-10-04,96.0,96.0,95.0,95.76,186000,96.488,97.171,96.8315,0.9964526006516474,51.256281407035175,-0.6085189931889232,-0.5606105259755623,-0.002915451895043719,0.009109360032967417,0.009038859814187433,-0.4488888888888889,596250.0,0.010442773600668337,0.001879699248120259,1
2018-10-05,95.5,96.09,94.25,95.94,470000,96.148,97.048,96.816,0.9931003139976863,45.62780269058296,-0.6347623406838068,-0.5754408889172111,0.001879699248120259,0.006998071962170907,0.008945323085350123,1.5268817204301075,561250.0,0.019178653324994823,-0.047738169689389154,0
2018-10-08,95.5,96.12,91.15,91.36,1075000,95.018,96.35600000000001,96.567,0.9839593235784482,28.88386123680246,-1.0134457344113343,-0.6630418580160358,-0.047738169689389154,0.01524306282009078,0.013894263304444168,1.2872340425531914,587900.0,0.0544001751313485,0.031523642732048884,1
2018-10-09,93.0,95.0,92.26,94.24,917500,94.668,95.98100000000001,96.442,0.9816055245639868,44.52554744525547,-1.0688421741190837,-0.7442019212366453,0.031523642732048884,0.0195831996663206,0.015806356213160407,-0.1465116279069767,601450.0,0.029074702886247826,0.009762308998302327,1
2018-10-10,94.25,96.94,93.5,95.16,686000,94.49199999999999,95.748,96.31750000000001,0.9810470579074413,48.81637875879718,-1.0266730921337626,-0.8006961554160688,0.009762308998302327,0.020025744424310342,0.015819098183627468,-0.2523160762942779,573900.0,0.03614964270701973,-0.012505254308532998,0
2018-10-11,95.0,95.0,93.5,93.97,118000,94.134,95.311,96.14949999999999,0.9790378525109336,39.45981554677207,-1.0768634342577172,-0.8559296111843985,-0.012505254308532998,0.019860041129717884,0.016017117975905274,-0.8279883381924198,508250.0,0.01596254123656486,-0.029158241992125133,0
2018-10-12,93.0,93.0,91.01,91.23,347000,93.19200000000001,94.67,95.93549999999999,0.971402661162969,29.030339083878673,-1.3224899024829426,-0.9492416694441073,-0.029158241992125133,0.021366507571256414,0.016757317778143602,1.940677966101695,468400.0,0.02181300010961301,-0.016770799079250276,0
2018-10-15,92.0,92.0,88.55,89.7,491000,92.86,93.939,95.5845,0.9714964246295162,27.036011080332457,-1.6219124641695828,-1.0837758283892025,-0.016770799079250276,0.02160852748011125,0.016679472036195155,0.41498559077809793,491400.0,0.03846153846153849,-0.029654403567446974,0
2018-10-16,89.7,91.2,87.0,87.04,484500,91.42,93.04400000000001,95.0885,0.9614201507017148,24.1464621474518,-2.0502131895460565,-1.2770633006205734,-0.029654403567446974,0.0227155054042626,0.017583446120146867,-0.013238289205702691,511250.0,0.048253676470588265,0.02355238970588225,1
2018-10-17,88.45,89.5,88.15,89.09,280500,90.206,92.349,94.7485,0.9520572885058866,28.397944885567497,-2.1988794195185477,-1.4614265244001683,0.02355238970588225,0.024906942112543656,0.018651283174642035,-0.42105263157894735,505550.0,0.015153215849141253,0.011673588506005084,1
2018-10-18,91.0,91.0,89.35,90.13,934500,89.438,91.78599999999999,94.4785,0.9466492376572448,32.735632183908024,-2.2073343926363975,-1.6106080980474142,0.011673588506005084,0.02560348004376101,0.018956934877821685,2.3315508021390374,580400.0,0.01830689004770893,-0.00033285254632198225,0
2018-10-19,90.0,90.4,89.12,90.1,534500,89.21200000000002,91.202,94.125,0.9478034528552459,33.664302600472794,-2.1911970138240378,-1.726725881202739,-0.00033285254632198225,0.02553976422007031,0.01838530242833224,-0.42803638309256287,586850.0,0.014206437291897904,-0.012430632630410554,0
2018-10-22,90.0,90.3,88.75,88.98,551500,89.068,90.964,93.66,0.9509715994020926,33.50588235294117,-2.2429275915200577,-1.8299662232662028,-0.012430632630410554,0.02119393228858361,0.018130839965011816,0.031805425631431294,534500.0,0.01741964486401435,-0.006743088334457248,0
2018-10-23,89.0,89.0,87.98,88.38,252500,89.33599999999998,90.378,93.17949999999999,0.9587516567485337,32.43119266055041,-2.3057600658799657,-1.9251249917889555,-0.006743088334457248,0.017517151655325195,0.01813030585437564,-0.5421577515865821,468000.0,0.01154107264086893,0.048540393754243016,1
2018-10-24,89.99,92.79,89.99,92.67,1117000,90.05199999999999,90.12899999999999,92.9385,0.9689418271222366,44.0139480821387,-1.9864890977473664,-1.9373978129806377,0.048540393754243016,0.024398780429905415,0.021724458946196373,3.423762376237624,511100.0,0.030214740476961384,0.04877522391280875,1
2018-10-25,93.0,97.3,92.3,97.19,1711500,91.464,90.451,92.881,0.9847439196391081,52.07296849087894,-1.3531401728828172,-1.8205462849610738,0.04877522391280875,0.028861479601429003,0.024467784258781884,0.5322291853178156,670450.0,0.05144562197756971,0.023973659841547423,1
2018-10-26,97.0,100.0,95.26,99.52,1529000,93.348,91.28,92.975,1.0040118311374027,64.6236559139785,-0.6556372810615017,-1.5875644841811596,0.023973659841547423,0.026959071290573487,0.024994202784237158,-0.10663160969909435,788650.0,0.047628617363344,-0.007033762057877868,0
2018-10-29,99.9,100.5,98.35,98.82,1157500,95.316,92.19200000000001,93.0655,1.0241818933976607,58.903576982892695,-0.1575294623289949,-1.3015574798107268,-0.007033762057877868,0.026084166978758,0.02500396944457013,-0.24296926095487248,855300.0,0.02175672940700269,-0.004958510422991225,0
2018-10-30,98.8,98.8,98.0,98.33,315000,97.306,93.321,93.18249999999999,1.0442518713277709,56.267299327797566,0.19543283966746117,-1.0021594159150893,-0.004958510422991225,0.022881742872829017,0.024897372046664312,-0.7278617710583153,838350.0,0.00813586901250887,-0.0012203803518763268,0
2018-10-31,97.05,99.0,96.51,98.21,411000,98.414,94.23299999999999,93.291,1.054914193223355,58.75309661436829,0.4601704513208915,-0.7096934424678931,-0.0012203803518763268,0.02289340812481999,0.024904012478925815,0.3047619047619048,851400.0,0.02535383362183072,-0.003665614499541836,0
2018-11-01,98.0,98.7,97.7,97.85,219500,98.54599999999999,95.00500000000001,93.3955,1.055147196599408,65.15567765567765,0.6336239026012578,-0.4410299734540629,-0.003665614499541836,0.023281226757668944,0.024911435291126702,-0.46593673965936744,779900.0,0.010219724067450179,0.002452733776188154,1
2018-11-02,97.05,98.75,96.31,98.09,256500,98.26,95.804,93.503,1.0508753729826852,70.41362530413626,0.7814449951702045,-0.1965349797292094,0.002452733776188154,0.023180372707247855,0.02491237770187253,0.16856492027334857,752100.0,0.024875114690590252,-0.0015292078703231793,0
2018-11-05,98.1,98.4,96.5,97.94,350000,98.084,96.7,93.832,1.0453150311194477,80.21064301552103,0.8763880734487799,0.018049630906388447,-0.0015292078703231793,0.022312705934309507,0.022099019595592632,0.364522417153996,731950.0,0.019399632428017212,-0.005207269756994037,0
2018-11-06,97.25,98.0,97.0,97.43,428000,97.90400000000001,97.60499999999999,93.9915,1.0416261044881718,75.27272727272728,0.9001025869325758,0.19446022211162592,-0.005207269756994037,0.022190684841863692,0.021172991353881423,0.22285714285714286,749500.0,0.010263779123473262,0.009134763419891057,1
2018-11-07,97.95,98.75,97.53,98.32,499000,97.926,98.16999999999999,94.14949999999999,1.040111737183947,75.04587155963303,0.9794219056229139,0.35145255881388354,0.009134763419891057,0.01761611559880393,0.021161150847092487,0.16588785046728982,687700.0,0.01240846216436126,0.00681448331977208,1
2018-11-08,98.0,99.5,98.0,98.99,722000,98.154,98.35,94.4005,1.039761441941515,76.16244849911713,1.0838524612279201,0.4979325392966909,0.00681448331977208,0.009391941358965558,0.02091110154133157,0.4468937875751502,588750.0,0.015153045762198203,-0.0019193857965450478,0
2018-11-09,98.06,99.09,98.06,98.8,440000,98.29599999999999,98.27799999999999,94.77900000000001,1.0371073761065213,80.57285180572849,1.138162982442907,0.6259786279259342,-0.0019193857965450478,0.005301311168607932,0.019562956455072944,-0.3905817174515236,479850.0,0.01042510121457491,-0.0016194331983805377,0
2018-11-12,98.5,99.0,98.3,98.64,173500,98.43599999999999,98.25999999999999,95.226,1.033709281078697,82.84250960307303,1.1549799095208328,0.731778884244914,-0.0016194331983805377,0.004840517899635493,0.01899434894541344,-0.6056818181818182,381450.0,0.007096512570965155,0.0010137875101379201,1
2018-11-13,98.1,98.99,98.0,98.74,176000,98.698,98.301,95.811,1.0301322395132082,76.55293088363956,1.1629706084050184,0.8180172290769349,0.0010137875101379201,0.004543634072795647,0.017209454458757642,0.014409221902017322,367550.0,0.01002633178043341,0.0,0
2018-11-14,98.5,99.0,98.0,98.74,236000,98.782,98.354,96.2935,1.0258428658216807,61.215629522431264,1.155977901167205,0.885609363494989,0.0,0.004510787296954068,0.016778987717761904,0.34090909090909083,350050.0,0.0101276078590237,0.010026331780433662,1
2018-11-15,98.9,99.88,98.3,99.73,306500,98.92999999999999,98.542,96.7735,1.0222839930352834,51.88509874326758,1.216300106024562,0.9517475120009037,0.010026331780433662,0.0051259274395456635,0.016750000292067746,0.298728813559322,358750.0,0.015842775493833332,0.0033089341221297364,1
2018-11-16,99.5,100.74,99.5,100.06,660500,99.182,98.739,97.27149999999999,1.0196409020113806,61.92307692307704,1.276024909191733,1.0166029914390697,0.0033089341221297364,0.005142998460480119,0.01670638435199637,1.1549755301794455,399150.0,0.012392564461323155,-0.018189086548071276,0
2018-11-19,99.08,99.08,98.0,98.24,586000,99.102,98.76899999999999,97.7345,1.0139919884994553,49.31087289433382,1.1630910665541307,1.045900606462082,-0.018189086548071276,0.00820243390289694,0.017075147508732173,-0.11279333838001515,422750.0,0.010993485342019528,0.005700325732899136,1
2018-11-20,98.0,99.0,97.02,98.8,253000,99.114,98.906,98.2555,1.0087374243681015,54.23242467718797,1.1060279013360343,1.0579260654368725,0.005700325732899136,0.008108041738437027,0.016846159699272136,-0.568259385665529,405250.0,0.020040485829959556,0.0025303643724696734,1
2018-11-22,98.2,99.5,98.2,99.05,243000,99.176,98.979,98.57449999999999,1.0061019837787666,58.74635568513121,1.0686590066342632,1.0600726536763507,0.0025303643724696734,0.0076674637723257826,0.013500099583039467,-0.03952569169960474,379650.0,0.013124684502776348,0.005047955577990981,1
2018-11-23,98.55,99.75,98.25,99.55,175000,99.14,99.035,98.6925,1.0045342857866606,60.252808988764016,1.0670889722481576,1.0614759173907122,0.005047955577990981,0.007531793136977374,0.008312003464138726,-0.279835390946502,324950.0,0.015067805123053743,-0.001004520341536863,0
2018-11-26,99.2,99.7,98.75,99.45,315500,99.018,99.1,98.689,1.003333704870857,60.67892503536074,1.0457211222619094,1.0583249583649517,-0.001004520341536863,0.0075034287618824655,0.0063634390074533125,0.8028571428571429,312500.0,0.009552538964303699,-0.00020110608345902392,0
2018-11-27,99.1,99.7,98.81,99.43,175500,99.256,99.179,98.7195,1.0054345899239765,65.19756838905778,1.0154674378309494,1.0497534542581513,-0.00020110608345902392,0.007468427025552909,0.006146556890064477,-0.4437400950871633,312700.0,0.008951020818666404,-0.00543095645177516,0
2018-11-28,99.4,99.5,98.0,98.89,529500,99.274,99.194,98.7475,1.0053317805514064,54.57463884430182,0.9371152071476416,1.0272258048360494,-0.00543095645177516,0.0077238632247867796,0.00616880172159952,2.017094017094017,348050.0,0.01516836889473152,-0.006572959854383664,0
2018-11-29,98.75,98.95,97.75,98.24,762000,99.112,99.144,98.749,1.0036759865922693,43.96135265700484,0.8131969043941041,0.9844200247476603,-0.006572959854383664,0.008014963768868469,0.006351728152068524,0.43909348441926355,400650.0,0.012214983713355079,0.0032573289902280145,1
2018-11-30,98.0,99.25,97.5,98.56,918500,98.914,99.027,98.78450000000001,1.0013109344077258,48.10725552050477,0.7323697793946593,0.9340099756770601,0.0032573289902280145,0.007281484645356561,0.006328065662400124,0.20538057742782145,461850.0,0.017755681818181816,-0.049918831168831224,0
2018-12-03,97.75,97.75,93.64,93.64,1662000,97.752,98.385,98.562,0.9917818226091191,27.47747747747752,0.2682189574789078,0.8008517720374297,-0.049918831168831224,0.016838466490578706,0.012874801076808112,0.809471965160588,562000.0,0.04389149935924818,0.0036309269542931233,1
2018-12-04,93.5,96.8,93.5,93.98,780500,96.662,97.959,98.364,0.9826969216379977,29.01234567901244,-0.0713660905460074,0.6264081995207423,0.0036309269542931233,0.016563821435148472,0.012941283059181196,-0.5303850782190133,581450.0,0.03511385401149177,-0.010534156203447664,0
2018-12-05,94.2,94.5,92.86,92.99,392000,95.482,97.378,98.142,0.9728964153980967,26.682887266828956,-0.4155838222971937,0.4180097951571552,-0.010534156203447664,0.01626813199954169,0.013065421921516834,-0.4977578475336323,595350.0,0.017636304979030012,-0.015055382299171916,0
2018-12-06,93.3,93.3,90.08,91.59,552500,94.152,96.632,97.80550000000001,0.9626452500115024,18.053375196232395,-0.7922149930732161,0.17596483751108094,-0.015055382299171916,0.01620357985675547,0.013076067794439069,0.409438775510204,626300.0,0.03515667649306692,0.02904247188557707,1
2018-12-07,91.5,94.85,91.5,94.25,565000,93.28999999999999,96.102,97.5685,0.9561487570271142,30.72329130723294,-0.8660745713954867,-0.03244304427023259,0.02904247188557707,0.019697381644298274,0.014822885637045714,0.02262443438914019,665300.0,0.03554376657824928,0.01899204244031827,1
2018-12-10,94.2,96.3,94.2,96.04,363000,93.77000000000001,95.761,97.4305,0.9624296293255193,42.68617021276601,-0.771279943911253,-0.1802104241984367,0.01899204244031827,0.021141576745245565,0.01557298319711529,-0.35752212389380533,670050.0,0.02186588921282793,-0.031028738025822622,0
2018-12-11,94.3,94.5,93.0,93.06,532000,93.586,95.124,97.1515,0.963299588786586,33.56242840778927,-0.925941931564239,-0.3293567256715972,-0.031028738025822622,0.022823557060955492,0.01693386433622936,0.46556473829201095,705700.0,0.016118633139909737,0.0007522028798623293,1
2018-12-12,93.5,93.6,92.3,93.13,1328000,93.614,94.548,96.87100000000001,0.9663779665741037,32.87037037037038,-1.0309797631263962,-0.469681333162557,0.0007522028798623293,0.022935059400494572,0.016930889389786267,1.4962406015037595,785550.0,0.013958982068076851,0.0016106517770857476,1
2018-12-13,93.01,93.89,93.0,93.28,273000,93.952,94.05199999999999,96.598,0.9726081285326819,31.482575310100444,-1.0895594914086928,-0.5936569648117842,0.0016106517770857476,0.023047899631042982,0.016948641545298036,-0.7944277108433735,736650.0,0.009541166380789029,0.011042024013722118,1
2018-12-14,94.0,94.5,93.0,94.31,279000,93.96400000000001,93.627,96.327,0.9754689754689756,35.61030235162377,-1.0408734153744916,-0.6831002549243257,0.011042024013722118,0.02348235414494031,0.016990257817061833,0.0219780219780219,672700.0,0.015904994168168804,-0.0202523592408016,0
2018-12-17,94.0,94.0,92.01,92.4,1000000,93.236,93.503,95.944,0.9717752022012841,32.202531645569636,-1.143231920870491,-0.7751265881135588,-0.0202523592408016,0.018375955480860257,0.017367903641026836,2.5842293906810037,606500.0,0.02153679653679648,-0.0060606060606061,0
2018-12-18,92.0,92.05,90.99,91.84,928000,92.992,93.289,95.624,0.9724755291558606,32.16995447647953,-1.255071411833228,-0.8711155528574928,-0.0060606060606061,0.01834957996037437,0.01704892746101665,-0.07199999999999995,621250.0,0.01154181184668992,0.0017421602787455193,1
2018-12-19,91.95,92.25,91.5,92.0,459000,92.766,93.19,95.284,0.973573737458545,33.817427385892145,-1.3156286037631872,-0.9600181630386317,0.0017421602787455193,0.018135685481618317,0.016962650904167174,-0.5053879310344828,627950.0,0.008152173913043478,-0.002826086956521756,0
2018-12-20,92.2,92.2,91.5,91.74,119000,92.458,93.205,94.91850000000001,0.974077761447979,32.258064516129025,-1.3688215193349436,-1.0417788342978942,-0.002826086956521756,0.01747707816039088,0.016905938155621966,-0.7407407407407407,584600.0,0.007630259428820611,-0.0025070852408980437,0
2018-12-21,91.93,92.5,91.03,91.51,704000,91.898,92.931,94.5165,0.9722958425248501,42.67033723331041,-1.413245353252023,-1.11607213808872,-0.0025070852408980437,0.014264695247148539,0.016784425525381164,4.915966386554622,598500.0,0.0160638181619495,-0.004917495355698853,0
2018-12-24,91.51,91.51,90.06,91.06,83500,91.63,92.433,94.09700000000001,0.9737823735081882,40.02732240437158,-1.4678424270816208,-1.1864261958873001,-0.004917495355698853,0.012024030242814794,0.016769658560582774,-0.8813920454545454,570550.0,0.015923566878980923,0.005161432022842138,1
2018-12-26,90.6,92.15,90.6,91.53,259500,91.568,92.28,93.702,0.9772256728778468,44.83002832861192,-1.4563974857562982,-1.2404204538610997,0.005161432022842138,0.008257533812122478,0.01688050528933247,2.1077844311377247,543300.0,0.016934338468261895,0.005244182235332628,1
2018-12-27,91.99,92.2,91.8,92.01,954500,91.57000000000001,92.168,93.358,0.9808479187643266,51.5909090909091,-1.3925429307492152,-1.2708449492387228,0.005244182235332628,0.008519280111318858,0.01700100914433257,2.678227360308285,505950.0,0.004347353548527395,-0.0004347353548528332,0
2018-12-28,92.0,92.38,91.65,91.97,446500,91.61600000000001,92.037,93.0445,0.9846471312114098,39.22495274102079,-1.3298358813191697,-1.2826431356548122,-0.0004347353548528332,0.008469340686208537,0.016997257806768945,-0.5322158198009429,523300.0,0.007937370881809175,0.009568337501359103,1
2018-12-31,91.95,93.2,91.1,92.85,788000,91.884,91.891,92.759,0.9905669530719391,33.505687693898594,-1.1953521715797422,-1.2651849428397983,0.009568337501359103,0.008238846314772822,0.01718012527950845,0.7648376259798433,574200.0,0.02261712439418426,0.01281637049003792,1
2019-01-01,93.25,94.1,92.6,94.04,310000,92.48,92.05499999999999,92.779,0.9967772879638712,56.21827411167514,-0.9814364198285688,-1.2084352382375525,0.01281637049003792,0.006295743414793346,0.013454754647962537,-0.6065989847715736,505200.0,0.01595065929391748,-0.003083794130157469,0
2019-01-02,94.25,94.5,93.0,93.75,1021500,92.924,92.24600000000001,92.7675,1.0016870132320048,53.82716049382717,-0.825788051136584,-1.1319058008173588,-0.003083794130157469,0.005944472394623687,0.013451020993899693,2.2951612903225804,514550.0,0.016,-0.004693333333333327,0
2019-01-03,93.5,94.0,92.6,93.31,209000,93.184,92.377,92.7835,1.0043165002398056,50.17878426698451,-0.7295303485871756,-1.051430710371322,-0.004693333333333327,0.006321092242285974,0.013273337067022516,-0.7953989231522272,489550.0,0.015003750937734494,-0.0032150894866573854,0
2019-01-04,93.3,93.5,92.6,93.01,113000,93.392,92.504,92.8545,1.0057886262916713,41.51436031331595,-0.6697326574320925,-0.9750910997834763,-0.0032150894866573854,0.006351338216840665,0.01281047604515524,-0.4593301435406698,488950.0,0.009676378883991029,0.014407053005053072,1
2019-01-07,93.1,94.95,93.1,94.35,555000,93.69200000000001,92.788,92.8595,1.0089651570383213,63.75176304654434,-0.508355746613347,-0.8817440291494505,0.014407053005053072,0.007367887115529782,0.011462195603029782,3.9115044247787614,474050.0,0.019607843137254992,0.020561738208797253,1
2019-01-08,94.6,96.99,94.11,96.29,821500,94.14200000000001,93.311,92.872,1.013674735119304,76.26918536009444,-0.22136978233525895,-0.7496691797866122,0.020561738208797253,0.008596085921654926,0.011602760828929814,0.48018018018018016,547850.0,0.029909647938519007,0.0013500882750026033,1
2019-01-09,95.1,96.8,95.1,96.42,273500,94.676,93.8,93.04,1.0175838349097162,76.18483412322273,0.0163698738066671,-0.5964613690679563,0.0013500882750026033,0.008703155291849384,0.008979194538417102,-0.6670724284844796,549250.0,0.017631196847127183,-0.0018668326073429942,0
2019-01-10,96.3,96.7,96.0,96.24,159500,95.262,94.223,93.1955,1.022173817405347,76.91387559808608,0.18808761153827902,-0.43955157294670927,-0.0018668326073429942,0.008989663411044308,0.009014512124355214,-0.416819012797075,469750.0,0.007273482959268525,0.04997921862011645,1
2019-01-11,96.6,101.05,96.6,101.05,3102000,96.87,95.131,93.584,1.0351128398016756,86.86244204018537,0.7041845557834137,-0.2108043472006847,0.04997921862011645,0.016710095146913944,0.014066712200908714,18.448275862068964,735300.0,0.04403760514596737,0.028302820385947447,1
2019-01-14,105.1,105.25,103.0,103.91,3388500,98.782,96.237,94.064,1.0501573396836197,91.85667752442988,1.3286572664508896,0.09708797552963017,0.028302820385947447,0.017727575153341554,0.015012691647589366,0.09235976789168276,995350.0,0.021653353863920703,0.015109229140602531,1
2019-01-15,103.0,105.75,101.55,105.48,2074500,100.62,97.381,94.71799999999999,1.0623112819105134,92.40121580547105,1.9280172845926273,0.4632738373422296,0.015109229140602531,0.01776192197404819,0.013929881375852791,-0.38778220451527223,1171800.0,0.03981797497155862,-0.011660978384527954,0
2019-01-16,105.25,106.5,103.8,104.25,2494500,102.186,98.431,95.3385,1.0718230305700216,85.58139534883713,2.277509979323696,0.826121065738523,-0.011660978384527954,0.018734802289060354,0.014253109768363836,0.2024584237165583,1319100.0,0.025899280575539595,-0.004796163069544335,0
2019-01-17,103.5,104.2,102.1,103.75,756000,103.68800000000002,99.475,95.926,1.080916539832788,83.3522083805209,2.485488472582233,1.157994547107265,-0.004796163069544335,0.01874429350764728,0.014440569479150329,-0.6969332531569452,1373800.0,0.02024096385542177,0.011951807228915534,1
2019-01-18,103.5,105.65,103.0,104.99,1177500,104.476,100.67299999999999,96.5885,1.0816608602473379,83.68479467258598,2.7190273094932706,1.4702010995844663,0.011951807228915534,0.018084733709052742,0.014336157763169705,0.5575396825396826,1480250.0,0.025240499095151976,0.017334984284217647,1
2019-01-21,104.6,108.0,104.6,106.81,1153500,105.056,101.91900000000001,97.3535,1.0791188811907122,84.23592493297582,3.0161984516942937,1.779400570006432,0.017334984284217647,0.018145628611173723,0.014340095178103656,-0.020382165605095537,1540100.0,0.03183222544705557,0.003932216084636231,1
2019-01-22,106.8,108.25,106.1,107.23,1253500,105.40599999999999,103.01299999999999,98.162,1.0737963774169228,85.8892438764643,3.2481564867327677,2.073151753351699,0.003932216084636231,0.018099558126935315,0.014058987233235077,0.0866926744690073,1583300.0,0.020050359041313116,-0.01576051478131113,0
2019-01-23,107.23,108.1,104.6,105.54,1653000,105.66400000000002,103.925,98.86250000000001,1.0687975723858896,80.52920619071392,3.2580591468143894,2.310133232044237,-0.01576051478131113,0.019834954565276192,0.015048260768475695,0.31870761866773045,1721250.0,0.033162781883646006,0.005116543490619518,1
2019-01-24,106.15,106.89,103.6,106.08,1780500,106.13,104.90899999999999,99.566,1.0659261193580136,82.23976319684259,3.2717656850912817,2.5024597226536462,0.005116543490619518,0.019520409629283527,0.015049184281104735,0.07713248638838466,1883350.0,0.031014328808446515,0.004713423831070873,1
2019-01-25,105.89,107.7,105.89,106.58,655500,106.44800000000001,105.46200000000002,100.29650000000001,1.061333147218497,81.47195059186822,3.285105386760165,2.6589888554749503,0.004713423831070873,0.01353877005654217,0.0149546271748889,-0.6318449873631002,1638700.0,0.016982548320510438,-0.0044098329893037524,0
2019-01-28,106.5,106.8,105.2,106.11,210000,106.30799999999999,105.68199999999999,100.9595,1.0529766886721903,77.33853006681511,3.2206267440590324,2.7713164331917666,-0.0044098329893037524,0.011135323017520966,0.01517800880131605,-0.6796338672768878,1320850.0,0.015078691923475584,0.006408444067477204,1
2019-01-29,105.65,107.0,105.05,106.79,519000,106.22,105.81299999999999,101.59700000000001,1.0455033121056723,78.01188546731495,3.1876520041187177,2.854583547377157,0.006408444067477204,0.010320608169231863,0.015111911648281564,1.4714285714285715,1165300.0,0.018260136716921085,-0.011798857570933685,0
2019-01-30,107.0,107.0,105.1,105.53,651500,106.218,105.94099999999999,102.186,1.0394574599260171,73.71107708014293,3.0249777548308003,2.8886623888678855,-0.011798857570933685,0.01033989627569154,0.015522396510774444,0.25529865125240847,981000.0,0.01800435895006165,0.011844972993461544,1
2019-01-31,105.98,107.5,104.72,106.78,1527000,106.35799999999999,106.244,102.8595,1.0340124149932675,67.8727386150967,2.9627688386669746,2.903483678827704,0.011844972993461544,0.010591330474065037,0.015359711631255097,1.3438219493476593,1058100.0,0.02603483798464133,-0.005712680277205506,0
2019-02-01,106.52,106.98,105.86,106.17,256000,106.276,106.36200000000001,103.5175,1.0266476682686503,58.20029027576198,2.8316049432261963,2.8891079317074024,-0.005712680277205506,0.010391253163139389,0.015455918716564893,-0.8323510150622135,965950.0,0.010549119336912542,-0.0005651313930489232,0
2019-02-04,106.0,107.0,105.5,106.11,430500,106.276,106.292,104.1055,1.0208490425577899,52.567237163814156,2.6917858804936543,2.849643521464653,-0.0005651313930489232,0.008700918040907377,0.015428110735898828,0.681640625,893650.0,0.01413627367825841,0.017246253887475138,1
2019-02-06,107.0,109.5,106.7,107.94,1958500,106.506,106.36299999999999,104.68799999999999,1.017365887207703,64.33566433566432,2.6975483141875998,2.8192244800092423,0.017246253887475138,0.010339736862289884,0.015280536706389736,3.5493612078977934,964150.0,0.02594033722438389,-0.0038910505836575737,0
2019-02-07,107.99,108.59,107.0,107.52,423000,106.904,106.561,105.24299999999998,1.0157825223530308,64.7380766223612,2.6378174766066564,2.7829430793287253,-0.0038910505836575737,0.008806790763578688,0.015405944431429671,-0.7840183814143478,841150.0,0.014787946428571461,0.012462797619047672,1
2019-02-08,108.5,109.75,108.11,108.86,1551500,107.32000000000001,106.83899999999998,105.874,1.0136577441109245,65.01163692785104,2.6678538007058137,2.759925223604143,0.012462797619047672,0.009392291561620934,0.015374868470329848,2.6678486997635935,818250.0,0.015065221385265485,-0.01203380488701089,0
2019-02-11,109.0,109.4,107.15,107.55,576000,107.596,106.936,106.199,1.013154549477867,52.98869143780288,2.5564822164449765,2.71923662217231,-0.01203380488701089,0.010416708039732863,0.011978324288803787,-0.6287463744763133,810300.0,0.02092050209205021,0.014597861459786143,1
2019-02-12,107.2,109.4,107.2,109.12,1397000,108.19800000000001,107.23700000000001,106.4595,1.016330153720429,56.98447893569844,2.5653337419791455,2.6884560461336773,0.014597861459786143,0.011044269632532279,0.010800125478255535,1.4253472222222223,929000.0,0.02016129032258067,-0.0016495601173021068,0
2019-02-13,109.0,109.0,108.21,108.94,299500,108.398,107.452,106.63250000000001,1.0165568658710993,64.14309484193005,2.528675150964858,2.656499867099914,-0.0016495601173021068,0.011050229610806152,0.010413919986670336,-0.7856120257695061,907050.0,0.007251698182485829,-0.00413071415458055,0
2019-02-14,108.55,109.2,108.05,108.49,316500,108.59200000000001,107.748,106.8445,1.0163555447402535,60.10058675607707,2.4352397859141632,2.612247850862764,-0.00413071415458055,0.010217073241079244,0.010035974968504153,0.056761268781302165,873550.0,0.010600055304636424,-0.010047008940916147,0
2019-02-15,108.2,109.0,106.95,107.4,725500,108.3,107.80999999999999,107.027,1.0118941949227764,53.27476038338661,2.2473318527728736,2.539264651244786,-0.010047008940916147,0.010411239608605852,0.01028977825935043,1.2922590837282781,793400.0,0.019087523277467384,-0.004283054003724418,0
2019-02-18,107.98,108.15,106.3,106.94,762500,108.178,107.88699999999999,107.12450000000001,1.0098343516189106,53.31734612310151,2.0378047615336925,2.438972673302567,-0.004283054003724418,0.010323952204448168,0.01008345204742584,0.0509993108201241,844050.0,0.017299420235646238,-0.0013091453151299337,0
2019-02-19,107.0,107.88,106.61,106.8,280000,107.71400000000001,107.95599999999999,107.124,1.0055076360106048,50.041771094402634,1.8392544221123046,2.3190290230645147,-0.0013091453151299337,0.01033732071592625,0.009323991802822425,-0.6327868852459017,829000.0,0.011891385767790225,0.008426966292134797,1
2019-02-20,106.8,107.97,106.02,107.7,351000,107.46599999999998,107.93199999999999,107.14750000000001,1.0029725378566927,59.34539190353142,1.7345297468150704,2.202129167814626,0.008426966292134797,0.009066576536477005,0.009475764934483781,0.25357142857142856,668250.0,0.018105849582172727,-0.0016713091922005985,0
2019-02-21,108.0,108.0,106.41,107.52,1047500,107.272,107.93199999999999,107.2465,1.000237769997156,53.51043643263753,1.6183548046669358,2.0853742951850878,-0.0016713091922005985,0.008992650392829982,0.008715151879016447,1.9843304843304845,730700.0,0.014787946428571461,0.004371279761904656,1
2019-02-22,107.4,108.1,107.0,107.99,883500,107.38999999999999,107.845,107.34200000000001,1.0004471688621412,58.749999999999936,1.546384638543259,1.977576363856722,0.004371279761904656,0.008066644880605876,0.00869804683816837,-0.15656324582338899,663900.0,0.010186128345217097,0.00027780350032413637,1
2019-02-25,108.0,109.0,107.51,108.02,538500,107.606,107.89200000000001,107.41400000000002,1.001787476492822,59.20925747348115,1.4747683016823459,1.877014751421847,0.00027780350032413637,0.007029888631358939,0.00865289216025809,-0.3904923599320883,660150.0,0.013793741899648167,-0.013978892797629983,0
2019-02-26,107.9,108.48,106.05,106.51,348000,107.548,107.631,107.434,1.0010611165925127,42.88557213930354,1.2813963192222815,1.757891064981934,-0.013978892797629983,0.006425789519339463,0.009198077353300494,-0.35376044568245124,555250.0,0.02281475917754208,0.0010327668763496778,1
2019-02-27,106.5,107.8,103.02,106.62,785000,107.332,107.399,107.42549999999999,0.9991296293710525,45.37987679671464,1.1240661754803796,1.631126087081623,0.0010327668763496778,0.006515918665523916,0.009085835007688763,1.2557471264367814,603800.0,0.044832114049896836,0.00487713374601384,1
2019-02-28,107.8,108.1,106.05,107.14,483000,107.256,107.26399999999998,107.506,0.9976745483972987,40.35874439461885,1.0294734283836675,1.5107955553420322,0.00487713374601384,0.006824124448753545,0.0087072749913853,-0.38471337579617837,620450.0,0.019133843569161816,0.0034534254246780804,1
2019-03-01,107.5,108.5,107.3,107.51,345500,107.16,107.275,107.54249999999999,0.9964432666155242,49.74937343358401,0.9731460803348853,1.403265660340603,0.0034534254246780804,0.00619225382738057,0.008341183725540173,-0.2846790890269151,582450.0,0.01116175239512606,0.007906241279880932,1
2019-03-04,107.9,108.5,107.0,108.36,266500,107.228,107.417,107.652,0.9960613829747705,44.76584022038564,0.9857312511760341,1.3197587785076894,0.007906241279880932,0.00642464197160688,0.008373998167525619,-0.22865412445730826,532850.0,0.013842746400885935,-0.0033222591362126463,0
2019-03-05,108.36,108.4,107.95,108.0,126500,107.526,107.53699999999999,107.7465,0.9979535298130333,43.68279569892474,0.955640074471205,1.2469350377003927,-0.0033222591362126463,0.0065471971833222144,0.008424608615043967,-0.5253283302063789,517500.0,0.004166666666666693,-0.003981481481481586,0
2019-03-06,108.05,108.05,107.0,107.57,183500,107.71600000000001,107.524,107.728,0.999888608346948,43.800539083557936,0.8868718867455243,1.1749224075094191,-0.003981481481481586,0.006177542092498318,0.007550940213881425,0.45059288537549413,500750.0,0.009761085804592333,-0.004648136097424982,0
2019-03-07,107.6,107.6,106.75,107.07,255500,107.702,107.479,107.7055,0.9999675039807623,47.584187408491864,0.7830008349747573,1.0965380930024868,-0.004648136097424982,0.006331294449322253,0.007572577084411959,0.3923705722070845,421550.0,0.007938731670869472,-0.009806668534603546,0
2019-03-08,107.0,107.0,105.16,106.02,166000,107.404,107.282,107.5635,0.9985171549828705,43.800539083557936,0.6089366111090442,0.9990177966237984,-0.009806668534603546,0.006719392506481408,0.007245547410996335,-0.35029354207436403,349800.0,0.017355215996981734,-0.001697792869269854,0
2019-03-11,106.1,106.35,105.2,105.84,187500,106.9,107.06400000000001,107.478,0.9946221552317684,43.56568364611263,0.45126308402213056,0.8894668541034648,-0.001697792869269854,0.006679819545911568,0.006793878911891053,0.12951807228915668,314700.0,0.010865457294028642,0.0015117157974300355,1
2019-03-12,105.9,106.15,105.6,106.0,142500,106.5,107.01299999999999,107.322,0.9923408061720802,37.351190476190425,0.3353506273697491,0.7786436087567218,0.0015117157974300355,0.0052380607965910085,0.005791158611958582,-0.24,294150.0,0.005188679245283126,-0.0016981132075472027,0
2019-03-13,106.8,106.8,105.05,105.82,283000,106.15,106.93299999999999,107.16600000000001,0.9905193811470056,37.351190476190425,0.22635539064928878,0.6681859651352352,-0.0016981132075472027,0.005222316809247643,0.005791264156033505,0.9859649122807017,243950.0,0.016537516537516537,0.005008505008504915,1
2019-03-14,106.49,107.0,105.9,106.35,152000,106.006,106.854,107.059,0.9901643019269749,37.90560471976398,0.18065991583239338,0.5706807552746669,0.005008505008504915,0.005238160025942572,0.0059264236327574715,-0.46289752650176674,210850.0,0.010343206393982082,0.005077574047954947,1
2019-03-15,106.3,107.8,106.0,106.89,978500,106.17999999999999,106.792,107.0335,0.9920258610621907,42.249657064471904,0.1858767385162423,0.493719951922982,0.005077574047954947,0.005404727394208824,0.005667730020657022,5.4375,274150.0,0.01683974179062585,-0.010758723921788782,0
2019-03-18,105.0,108.12,105.0,105.74,1336000,106.16,106.53,106.97349999999999,0.9923953128578574,44.44444444444437,0.09610784758743307,0.41419753105587226,-0.010758723921788782,0.0053770101141952355,0.006081746116169495,0.3653551354113438,381100.0,0.029506336296576553,-0.006525439757896656,0
2019-03-19,105.56,106.0,104.05,105.05,588000,105.97,106.23499999999999,106.88600000000001,0.991430121812024,39.54727030625828,-0.030361885733853455,0.32528564769792717,-0.006525439757896656,0.005529222875996924,0.006226307306391889,-0.5598802395209581,427250.0,0.018562589243217544,0.0026653974297954353,1
2019-03-20,105.3,105.8,104.9,105.33,452000,105.872,106.011,106.7675,0.9916126161987496,37.5515818431912,-0.10676567240170698,0.23887538367800035,0.0026653974297954353,0.005759700106338889,0.005901381029979641,-0.23129251700680276,454100.0,0.008544574195385849,-0.007120478496154936,0
2019-03-21,105.5,105.5,104.11,104.58,234000,105.51799999999999,105.76199999999999,106.62049999999999,0.9896595870400157,30.849673202614355,-0.2252385460315054,0.14605259773609922,-0.007120478496154936,0.005932319352073588,0.006053209020010111,-0.4823008849557522,451950.0,0.013291260279212092,0.001529929240772665,1
2019-03-22,104.5,105.0,104.5,104.74,221000,105.088,105.63399999999999,106.458,0.987131075165793,23.994252873563212,-0.3027288197182969,0.05629631424521999,0.001529929240772665,0.005405533894158993,0.0059437784509525264,-0.05555555555555558,457450.0,0.004773725415314112,-0.0067786900897459645,0
2019-03-25,104.3,104.99,103.75,104.03,265500,104.74600000000001,105.453,106.2585,0.9857658446147839,22.845417236662115,-0.41662884816555845,-0.0382887182369357,-0.0067786900897459645,0.005688810234523871,0.006040723468420499,0.20135746606334837,465250.0,0.011919638565798278,0.0,0
2019-03-26,103.8,104.1,103.0,104.03,220000,104.542,105.256,106.1345,0.9849954538816313,24.273255813953526,-0.5011188550896009,-0.13085474560746874,0.0,0.00561330469103371,0.005332193654362764,-0.1713747645951036,473000.0,0.010573872921272655,0.01134288186100152,1
2019-03-27,104.49,105.5,104.25,105.21,447500,104.51799999999999,105.19500000000001,106.064,0.9854238950067883,37.69841269841268,-0.46747291914589084,-0.19817838031515317,0.01134288186100152,0.006998935923246428,0.006010910354173941,1.0340909090909092,489450.0,0.011880999904952002,-0.008649367930805063,0
2019-03-28,105.5,105.5,104.0,104.3,925500,104.46199999999999,104.98999999999998,105.922,0.9862162723513528,38.40970350404311,-0.508377409000289,-0.2602181860521804,-0.008649367930805063,0.0071239321632942665,0.006116541678693093,1.0681564245810056,566800.0,0.014381591562799617,0.00153403643336536,1
2019-03-29,104.0,104.85,103.98,104.46,253500,104.40599999999999,104.747,105.7695,0.9871087600867925,40.6756756756756,-0.5218680787266692,-0.3125481645870782,0.00153403643336536,0.006818686374029865,0.006052349401000781,-0.7260940032414911,494300.0,0.008328546812176818,-0.0100516944284893,0
2019-04-01,104.1,104.1,103.26,103.41,102500,104.282,104.51399999999998,105.522,0.9882488959648225,34.37876960193,-0.6102511609484509,-0.37208876385935274,-0.0100516944284893,0.006723964181446261,0.0059266179699685095,-0.5956607495069033,370950.0,0.008123005512039351,0.005028527221738743,1
2019-04-02,104.0,104.45,103.51,103.93,191000,104.26199999999999,104.402,105.3185,0.9899685240484813,39.049826187717336,-0.6310612548720798,-0.4238832620618982,0.005028527221738743,0.006889778790698505,0.006142409559163624,0.8634146341463416,331250.0,0.009044549215818317,-0.007986144520350402,0
2019-04-03,103.25,103.5,103.0,103.1,227500,103.84,104.179,105.095,0.9880584233312717,31.802911534154546,-0.7063847044718301,-0.4803835505438846,-0.007986144520350402,0.0070725055062888734,0.006277588440791141,0.19109947643979064,308800.0,0.004849660523763337,0.0007759456838023482,1
2019-04-04,103.0,103.6,102.9,103.18,331000,103.61599999999999,104.03900000000002,104.90050000000001,0.9877550631312527,28.09917355371907,-0.7509670686371948,-0.5345002541625467,0.0007759456838023482,0.006890024900137606,0.006278926962456487,0.4549450549450549,318500.0,0.0067842605156036885,-0.003779802287264933,0
2019-04-05,103.0,103.01,102.13,102.79,196500,103.282,103.84400000000001,104.739,0.9860892313273947,30.86900129701695,-0.808449353169749,-0.5892900739639871,-0.003779802287264933,0.006850005973254886,0.006015029602537261,-0.40634441087613293,316050.0,0.008561144080163533,-0.0037941433991633966,0
2019-04-08,102.12,103.25,102.05,102.4,723000,103.08000000000001,103.681,104.56700000000001,0.9857794524085037,32.118758434548,-0.8753833441491565,-0.6465087280010211,-0.0037941433991633966,0.006674483569228918,0.006036360977906418,2.6793893129770994,361800.0,0.011718750000000028,-0.008593750000000067,0
2019-04-09,102.05,103.0,101.0,101.52,1450500,102.598,103.42999999999999,104.343,0.9832763098626645,26.21722846441952,-0.9880480568065337,-0.7148165937621236,-0.008593750000000067,0.006997048175650101,0.0061804617177024295,1.0062240663900415,484850.0,0.019700551615445233,-0.01507092198581561,0
2019-04-10,101.5,101.8,99.3,99.99,719000,101.976,102.90799999999999,104.0515,0.9800531467590567,23.890784982935187,-1.1871096059619646,-0.8092751962020918,-0.01507092198581561,0.006161061310741728,0.006820523525833123,-0.5043088590141331,512000.0,0.025002500250025005,0.003100310031003195,1
2019-04-11,99.75,100.7,99.75,100.3,594000,101.4,102.508,103.749,0.9773588179163174,25.167785234899426,-1.3048118498192167,-0.9083825269255168,0.003100310031003195,0.006510674007425995,0.006718012713013926,-0.17385257301808066,478850.0,0.009471585244267227,0.010468594217347915,1
2019-04-12,100.15,101.9,100.15,101.35,235000,101.112,102.19699999999999,103.47200000000001,0.97719189732488,35.56034482758622,-1.298398373071251,-0.9863856961546638,0.010468594217347915,0.00781846014926363,0.007149369058675099,-0.6043771043771045,477000.0,0.01726689689195856,-0.000888011840157743,0
2019-04-15,101.0,101.8,101.0,101.26,70000,100.884,101.982,103.248,0.9771036727103672,35.21878335112065,-1.285756493874743,-1.0462598556986797,-0.000888011840157743,0.007426035535476062,0.006895099771729111,-0.7021276595744681,473750.0,0.007900454276120848,0.010369346237408594,1
2019-04-16,101.26,102.7,101.26,102.31,320000,101.042,101.82000000000001,103.11099999999999,0.9799342456187993,34.30735930735939,-1.1774387082492694,-1.0724956262087977,0.010369346237408594,0.0081503369228782,0.007349448465059692,3.571428571428571,486650.0,0.014074870491643023,-0.007330661714397446,0
2019-04-17,102.88,102.88,101.5,101.56,142000,101.35600000000001,101.666,102.92250000000001,0.9847798100512521,34.91189427312783,-1.1389853011837516,-1.0857935612037886,-0.007330661714397446,0.00809518210153487,0.007405630252447508,-0.55625,478100.0,0.01358802678219767,0.024714454509649375,1
2019-04-18,101.49,105.0,101.49,104.07,1100500,102.11,101.75500000000001,102.897,0.9923515748758467,48.29396325459318,-0.8956501782556927,-1.0477648846141694,0.024714454509649375,0.011610676365921392,0.009363204417757674,6.75,555050.0,0.033727298933410255,0.0246949168828674,1
2019-04-19,104.4,107.25,104.4,106.64,620500,103.168,102.14,102.992,1.0017088705918906,62.47104247104245,-0.4897819175199487,-0.9361682911953253,0.0246949168828674,0.013643777325879897,0.010896143189390105,-0.43616537937301225,597450.0,0.026725431357839405,-0.010690172543135756,0
2019-04-22,106.02,106.6,104.55,105.5,128000,104.01599999999999,102.45,103.0655,1.009222290679228,55.78481945467941,-0.25715257457862606,-0.8003651478719855,-0.010690172543135756,0.014230083733092726,0.011075886958586956,-0.7937147461724416,537950.0,0.019431279620853052,-0.005023696682464496,0
2019-04-23,105.05,105.1,104.0,104.97,354500,104.548,102.795,103.1125,1.01392168747727,57.0459683496609,-0.11424180646699256,-0.663140479590987,-0.005023696682464496,0.013946703992995104,0.011150735154365269,1.76953125,428350.0,0.010479184528912968,-0.0031437553586738387,0
2019-04-24,104.52,105.1,104.25,104.64,452000,105.16399999999999,103.25999999999999,103.08399999999999,1.0201777191416708,55.39940828402364,-0.027297565850005867,-0.5359718968427908,-0.0031437553586738387,0.012636780758220906,0.010877068917876332,0.2750352609308886,401650.0,0.008123088685015236,0.0029625382262996602,1
2019-04-25,104.98,105.0,104.6,104.95,389000,105.34,103.725,103.1165,1.0215629894342806,58.03571428571427,0.06586156928696596,-0.41560520361683945,0.0029625382262996602,0.012638705280405423,0.010711864731140368,-0.13938053097345138,381150.0,0.0038113387327299254,-0.0031443544545021185,0
2019-04-26,105.25,106.0,104.5,104.62,316000,104.936,104.05199999999999,103.12449999999998,1.0175661457752525,58.29596412556053,0.11177415015738745,-0.3101293328619941,-0.0031443544545021185,0.012671046779023885,0.010736042391760342,-0.1876606683804627,389250.0,0.014337602752819728,-0.004110112789141751,0
2019-04-29,106.4,106.4,104.0,104.19,174500,104.674,104.345,103.1635,1.0146418064528637,60.32482598607889,0.11216977163525144,-0.22566951196254503,-0.004110112789141751,0.012828016388928425,0.010519469773560507,-0.44778481012658233,399700.0,0.023034840195796196,-0.0026873980228429017,0
2019-04-30,103.99,104.4,103.0,103.91,483500,104.46199999999999,104.505,103.1625,1.0125966315279291,66.78082191780824,0.08886526115055915,-0.1627625573399242,-0.0026873980228429017,0.012649908038005331,0.010483292549235707,1.7707736389684814,416050.0,0.013473197959772936,-0.003945722259647733,0
2019-05-02,104.15,104.15,103.45,103.5,34500,104.234,104.699,103.1825,1.0101906815593729,63.582342954159614,0.036887479304709814,-0.12283255001099741,-0.003945722259647733,0.012426988677283438,0.010358628032584187,-0.9286452947259566,405300.0,0.006763285024154617,-0.014106280193236675,0
2019-05-03,102.05,102.75,101.8,102.04,313000,103.652,104.49600000000001,103.12550000000002,1.0051054297918554,52.83018867924533,-0.12072346065205863,-0.12241073213920967,-0.014106280193236675,0.010433561906840735,0.010841686662191468,8.072463768115941,326550.0,0.009310074480595872,-0.00911407291258337,0
2019-05-06,101.3,101.95,101.0,101.11,230500,102.95,103.94300000000001,103.0415,0.9991120082685132,49.424405218725994,-0.31702008357372335,-0.16133260242611241,-0.00911407291258337,0.004817437667841538,0.010991203145645516,-0.2635782747603834,287550.0,0.009395707645138985,0.0023736524577193663,1
2019-05-07,102.4,102.4,101.0,101.35,166000,102.38199999999999,103.52799999999999,102.989,0.9941061666779946,46.072013093289655,-0.4480556703804268,-0.21867721601697532,0.0023736524577193663,0.0049625473924071175,0.010988314409787231,-0.279826464208243,291350.0,0.013813517513566905,-0.022890971879624966,0
2019-05-08,101.0,101.0,98.8,99.03,491500,101.406,102.934,102.86449999999999,0.9858211530703014,40.82668600435096,-0.7306840569625734,-0.3210785842060949,-0.022890971879624966,0.007787140824015916,0.011966923714121978,1.9608433734939759,305050.0,0.022215490255478167,-0.006058770069675812,0
2019-05-09,97.7,101.0,97.5,98.43,296000,100.392,102.313,102.7865,0.976704139162244,26.262626262626313,-0.9916529175957152,-0.45519345088401897,-0.006058770069675812,0.0077318280112873995,0.011579468356218163,-0.39776195320447605,289450.0,0.03555826475667987,-0.004368586812963593,0
2019-05-10,97.5,98.5,97.2,98.0,210000,99.584,101.61800000000001,102.67150000000001,0.9699283637620956,5.646817248459939,-1.2191168064952365,-0.6079781220062626,-0.004368586812963593,0.007101897150271323,0.01157012574820538,-0.29054054054054057,271550.0,0.013265306122448951,-0.04989795918367346,0
2019-05-13,98.98,99.5,93.1,93.11,472000,97.98400000000001,100.467,102.25949999999999,0.9581897036461162,4.0770941438102,-1.7735216561288212,-0.8410868288307743,-0.04989795918367346,0.015198394900022104,0.01557524921367849,1.2476190476190476,287150.0,0.06873590376973479,-0.007410589625174491,0
2019-05-14,93.49,93.5,92.01,92.42,408000,96.19800000000001,99.28999999999999,101.8175,0.9448081125543253,4.029304029304015,-2.2427160920966855,-1.1214126814839567,-0.007410589625174491,0.015055719878371518,0.015572426730315801,-0.13559322033898302,310500.0,0.016122051504003407,-0.002488638822765732,0
2019-05-15,92.5,93.0,88.4,92.19,376000,94.83,98.11800000000001,101.3115,0.9360240446543581,4.0590405904058855,-2.603108130623113,-1.417751771311788,-0.002488638822765732,0.015069227410051208,0.01518954480794393,-0.07843137254901966,299750.0,0.04989695194706578,-0.007701486061394869,0
2019-05-16,92.0,93.25,91.25,91.48,117500,93.44,96.91600000000001,100.8075,0.9269151600823351,1.7204301075268518,-2.912439692082586,-1.7166893554659475,-0.007701486061394869,0.014897804632372839,0.01519265844049096,-0.6875,308050.0,0.021862702229995628,-0.04733275032794049,0
2019-05-17,90.06,90.06,86.91,87.15,470500,91.27000000000001,95.42699999999999,99.9615,0.9130515248370623,1.3370473537604255,-3.4670163890427546,-2.066754762181309,-0.04733275032794049,0.018619023865112373,0.016255229831527197,3.0042553191489363,323800.0,0.03614457831325307,-0.007687894434882381,0
2019-05-20,88.0,88.0,85.0,86.48,531500,89.944,93.96400000000001,98.95349999999999,0.9089521846119644,1.3194062671797298,-3.9154509363586527,-2.436493997016778,-0.007687894434882381,0.01867864690193206,0.01424137098701136,0.12964930924548357,353900.0,0.03469010175763182,-0.018501387604070385,0
2019-05-21,86.5,88.25,84.7,84.88,628000,88.436,92.31700000000001,97.9225,0.9031223671781257,1.2301383905689107,-4.3498033487986305,-2.8191558673731487,-0.018501387604070385,0.01761439950904548,0.014358586782559373,0.18156161806208848,400100.0,0.041823751178133806,0.049952874646560064,1
2019-05-22,86.5,89.12,85.3,89.12,634000,87.822,91.32600000000001,97.13,0.9041696695150829,19.194515852613563,-4.30230391867272,-3.115785477633063,0.049952874646560064,0.027432704132088395,0.019753974334065342,0.009554140127388644,414350.0,0.04286355475763024,0.049708258527827454,1
2019-05-23,91.7,93.57,91.0,93.55,530500,88.236,90.838,96.5755,0.9136478713545361,33.86545039908778,-3.862669847563552,-3.2651623516191615,0.049708258527827454,0.03338030430738585,0.023594683746633545,-0.16324921135646686,437800.0,0.02747194013896305,0.04414751469802258,1
2019-05-24,95.51,98.22,94.5,97.68,884500,90.342,90.80600000000001,96.212,0.9389888995135741,44.18841070823451,-3.144749480198101,-3.24107977733495,0.04414751469802258,0.036767210846892766,0.02602761879996515,0.6672950047125354,505250.0,0.03808353808353807,-0.03501228501228504,0
2019-05-27,98.05,98.05,94.0,94.26,342500,91.898,90.921,95.69399999999999,0.9603318912366502,39.155705108595924,-2.819259169809797,-3.1567156558299194,-0.03501228501228504,0.03475636712889233,0.026978072715097886,-0.6127755794234031,492300.0,0.04296626352641626,-0.04445151708041595,0
2019-05-28,93.5,93.5,89.55,90.07,340000,92.936,90.686,94.98800000000001,0.9783972712342611,37.037037037037045,-2.8663620984821137,-3.0986449443603585,-0.04445151708041595,0.037692900054953925,0.02839045249823403,-0.007299270072992692,485500.0,0.04385477961585437,0.04996114133451757,1
2019-05-29,90.0,94.57,90.0,94.57,1521500,94.026,90.924,94.521,0.9947630685244548,44.981799271970864,-2.511626648313893,-2.9812412851510657,0.04996114133451757,0.04110255338534926,0.03110966912730246,3.4749999999999996,600050.0,0.048323992809558985,-0.02506080152268153,0
2019-05-30,96.9,98.5,91.01,92.2,940000,93.756,90.996,93.956,0.9978713440333773,42.82178217821783,-2.394137316719835,-2.8638204914648195,-0.02506080152268153,0.0419764923065647,0.031455475481545245,-0.3821886296418009,682300.0,0.08123644251626892,-0.012364425162689763,0
2019-06-03,91.5,92.0,91.0,91.06,649500,92.432,91.387,93.40700000000001,0.9895618101427087,47.203274215552526,-2.365743825394347,-2.764205158250725,-0.012364425162689763,0.0387849943346673,0.03143220381055122,-0.3090425531914893,700200.0,0.010981770261366132,0.0,0
2019-06-10,89.0,94.0,88.85,91.06,949500,91.792,91.845,92.9045,0.9880253378469289,48.10901001112347,-2.3165381689382514,-2.67467176038823,0.0,0.038579680647853914,0.0314386897914757,0.46189376443418007,742000.0,0.05655611684603564,0.04985723698660216,1
2019-06-11,90.0,95.61,90.0,95.6,2083000,92.898,92.917,92.617,1.0030340002375373,54.233921033027066,-1.8894221911571094,-2.5176218465420064,0.04985723698660216,0.03982396219604638,0.03371576570355109,1.1937862032648763,887500.0,0.05868200836820083,0.02332635983263609,1
2019-06-12,95.99,98.0,95.02,97.83,1302500,93.55,93.788,92.557,1.0107285240446426,57.597511366355576,-1.3553635511159854,-2.285170187456802,0.02332635983263609,0.0378980828693311,0.03381966413201475,-0.37469995199231876,954350.0,0.03046100378207098,-0.012368394153122741,0
2019-06-13,96.05,98.5,95.5,96.62,725000,94.434,94.095,92.4665,1.021277976348191,62.24463408326868,-1.0180200177376975,-2.031740153512981,-0.012368394153122741,0.035693159071845816,0.03390779199622977,-0.44337811900191937,973800.0,0.031049472158973294,0.0008279859242392718,1
2019-06-14,96.7,97.75,96.5,96.7,302500,95.562,93.99699999999999,92.4015,1.0342039901949645,63.41911764705882,-0.7357363945183835,-1.7725394017140617,0.0008279859242392718,0.032761035412926624,0.033895565219507616,-0.5827586206896551,915600.0,0.012926577042399173,-0.020992761116856218,0
2019-06-17,96.5,96.5,93.99,94.67,869500,96.28399999999999,94.038,92.4795,1.0411388469877108,62.71098415995846,-0.6681268732551899,-1.5516568960222874,-0.020992761116856218,0.031392794602895506,0.03223728519650592,1.874380165289256,968300.0,0.0265131509453893,-0.016267032850955987,0
2019-06-18,94.97,95.0,92.7,93.13,258000,95.79,94.34400000000001,92.515,1.0353996649192023,55.59899469421948,-0.7303914720004911,-1.3874038112179283,-0.016267032850955987,0.02794751656822682,0.03242381739570468,-0.7032777458309374,960100.0,0.024696660581982145,-0.014281112423494058,0
2019-06-19,93.0,93.0,91.31,91.8,358000,94.58399999999999,94.067,92.4955,1.0225794768394136,47.32497707123204,-0.876947593843667,-1.2853125677430763,-0.014281112423494058,0.023091741861434752,0.032595024345782715,0.3875968992248062,843750.0,0.018409586056644858,0.015468409586056664,1
2019-06-20,90.5,93.75,90.3,93.22,210500,93.904,94.16900000000001,92.5825,1.0142737558393864,42.566666666666656,-0.8685007081784306,-1.2019501958301473,0.015468409586056664,0.022279783022205606,0.03270767532393683,-0.41201117318435754,770800.0,0.03700922548809271,-0.007187298862904923,0
2019-06-21,93.98,93.98,92.3,92.55,386000,93.074,94.318,92.8525,1.0023855038905791,46.8623853211009,-0.905432627293365,-1.142646682122791,-0.007187298862904923,0.0219846473533667,0.030728518523607445,0.8337292161520189,744450.0,0.01815235008103735,-0.017396002160994017,0
2019-06-24,92.6,92.6,90.5,90.94,342500,92.328,94.30600000000001,93.0755,0.9919688854746953,51.76327523307663,-1.0524826194512968,-1.1246138695884922,-0.017396002160994017,0.02281870768551789,0.030989351816565768,-0.11269430051813467,683750.0,0.023092148669452323,-0.015394765779634834,0
2019-06-25,90.5,90.5,89.0,89.54,408500,91.61,93.7,93.30850000000001,0.9817969424007458,38.34028743625408,-1.2673795350228687,-1.1531670026753675,-0.015394765779634834,0.014998514651796697,0.03088367862347394,0.19270072992700737,516300.0,0.016752289479562206,0.005360732633459708,1
2019-06-26,90.0,90.74,89.5,90.02,197500,91.25399999999999,92.919,93.35350000000001,0.9775102165424968,44.461382113821124,-1.3830123944020585,-1.199136081020706,0.005360732633459708,0.011766384221467835,0.028868884652871477,-0.5165238678090576,405800.0,0.013774716729615584,-0.02966007553876915,0
2019-06-27,90.51,90.8,86.5,87.35,331000,90.08,91.99199999999999,93.0435,0.9681493065071715,41.25412541254123,-1.6708385674837416,-1.293476578313313,-0.02966007553876915,0.013574866653865876,0.02721319384274599,0.6759493670886076,366400.0,0.04922724670864336,-0.0017172295363478973,0
2019-06-28,87.4,87.8,86.01,87.2,728500,89.01,91.042,92.51950000000001,0.9620674560498057,40.964419475655426,-1.8892683205536258,-1.4126349267613758,-0.0017172295363478973,0.013372640395213733,0.024854692006151643,1.200906344410876,409000.0,0.020527522935779724,0.03142201834862379,1
2019-07-01,87.75,90.0,87.75,89.94,188000,88.81,90.56899999999999,92.30350000000001,0.962152031071411,35.53169734151328,-1.8202971205878242,-1.4941673655266654,0.03142201834862379,0.01810871242971517,0.025122175482496567,-0.7419354838709677,340850.0,0.025016677785190126,0.029908828107627183,1
2019-07-02,89.15,92.99,89.15,92.63,126000,89.428,90.51899999999999,92.4315,0.9675056663583302,37.01298701298698,-1.5309288343401022,-1.501519659289353,0.029908828107627183,0.020619779832364255,0.023993137260767464,-0.32978723404255317,327650.0,0.04145525207816031,0.04998380654215717,1
2019-07-03,93.0,97.26,93.0,97.26,485000,90.876,91.065,92.566,0.9817427565196725,51.36518771331058,-0.9174245777717687,-1.3847006429858362,0.04998380654215717,0.025282171997904078,0.023995538538330495,2.8492063492063493,340350.0,0.04380012338062929,-0.012338062924120985,0
2019-07-04,98.75,99.5,95.5,96.06,746500,92.61800000000001,91.349,92.75899999999999,0.9984799318664499,48.697068403908794,-0.5220303644744035,-1.2121665872835499,-0.012338062924120985,0.02566102194020294,0.02341102404635516,0.5391752577319588,393950.0,0.041640641265875494,-0.013741411617739008,0
2019-07-05,96.0,96.0,94.5,94.74,139500,94.126,91.56800000000001,92.943,1.0127282312815382,50.146750524109,-0.3115986547459926,-1.0320530007760385,-0.013741411617739008,0.02603949862327733,0.023458426300161688,-0.8131279303415941,369300.0,0.015832805573147563,0.0015832805573148256,1
2019-07-08,94.5,95.0,93.01,94.89,125000,95.11600000000001,91.963,93.1345,1.0212756819438555,53.91807658058772,-0.13121371231210333,-0.8518851430832515,0.0015832805573148256,0.02509105126836093,0.0234531381454264,-0.10394265232974909,347550.0,0.0209716513858151,0.000948466645589674,1
2019-07-09,95.0,96.5,94.5,94.98,303000,95.586,92.507,93.1035,1.0266638740756255,57.492931196983996,0.01878832192883806,-0.6777504500808336,0.000948466645589674,0.024163375658551457,0.020613493355201056,1.424,337000.0,0.02105706464518846,-0.00010528532322595652,0
2019-07-10,94.3,95.5,94.0,94.97,128000,95.128,93.002,92.9605,1.0233163547958541,54.416961130742045,0.13529945050019876,-0.5151404699646271,-0.00010528532322595652,0.024245526763261093,0.019862626446939237,-0.5775577557755776,330050.0,0.015794461408865958,0.0007370748657471449,1
2019-07-11,94.5,96.0,93.1,95.04,366500,94.924,93.771,92.8815,1.0219903855988546,56.48099947943782,0.23062526974555908,-0.36598732202258993,0.0007370748657471449,0.021020777960291257,0.01969362229330004,1.86328125,333600.0,0.030513468013468072,0.02083333333333326,1
2019-07-12,95.0,99.79,95.0,97.02,1519000,95.38000000000001,94.753,92.89750000000001,1.0267230011571893,65.52604698672114,0.4606312504107706,-0.20066360753591783,0.02083333333333326,0.020992434637263736,0.020271779293269454,3.1446111869031377,412650.0,0.04937126365697801,-0.031333745619459785,0
2019-07-15,96.12,97.5,93.7,93.98,273000,95.19800000000001,95.15700000000001,92.863,1.0251445678041848,60.46182846371347,0.3930788848304019,-0.0819151090626539,-0.031333745619459785,0.023423067275768258,0.02096504070149796,-0.8202764976958525,421150.0,0.04043413492232387,-0.0005320280910832142,0
2019-07-16,94.0,94.25,91.99,93.93,716000,94.98800000000001,95.287,92.903,1.0224427628817154,59.403559403559434,0.33168510684201635,0.0008049341182801567,-0.0005320280910832142,0.02168921080216251,0.02062115728655695,1.6227106227106227,480150.0,0.024060470563185405,-0.009688065580751748,0
2019-07-17,93.9,95.4,92.7,93.02,389000,94.598,94.863,92.964,1.0175766963555786,64.89753021544928,0.2072120886819846,0.04208636503102105,-0.009688065580751748,0.013599730631245997,0.0204714122760485,-0.4567039106145251,470550.0,0.029026015910556903,-0.005160180606321063,0
2019-07-18,93.15,93.5,92.0,92.54,346500,94.098,94.511,92.93,1.0125686000215215,63.79132231404959,0.06903850364284381,0.0474767927533856,-0.005160180606321063,0.013318595932433012,0.020214581291248094,-0.10925449871465298,430550.0,0.016209206829479142,0.016749513723795184,1
2019-07-19,92.0,97.14,91.4,94.09,501000,93.512,94.446,93.00699999999999,1.0054296988398723,61.419922949917456,0.08364280592108742,0.05470999538692597,0.016749513723795184,0.014210896435030863,0.020484292996396668,0.4458874458874458,466700.0,0.061005420342225475,0.009565309809756561,1
2019-07-22,95.59,95.59,93.3,94.99,532000,93.71400000000001,94.45599999999999,93.2095,1.005412538421513,57.2039072039072,0.1659266005160589,0.07695331641275256,0.009565309809756561,0.014566666902727184,0.020091742459658734,0.0618762475049901,507400.0,0.024107800821139135,0.018212443415096313,1
2019-07-23,94.6,97.0,93.8,96.72,1939000,94.27199999999999,94.63,93.5685,1.0075185559242692,47.997032640949534,0.3665087575290329,0.13486440463600863,0.018212443415096313,0.015647945521309454,0.01993243293112282,2.6447368421052633,671000.0,0.033085194375516984,-0.012096774193548376,0
2019-07-24,96.0,96.75,95.0,95.55,472000,94.77799999999999,94.68800000000002,93.845,1.0099419255154776,48.10408921933084,0.42614994883516033,0.19312151347583897,-0.012096774193548376,0.016268238801698393,0.020251767930050988,-0.7565755544094894,705400.0,0.018315018315018316,0.00879120879120876,1
2019-07-25,95.01,96.85,94.6,96.39,657500,95.548,94.82300000000001,94.297,1.0132665938471002,56.360832690825006,0.5350295152563689,0.26150311383194497,0.00879120879120876,0.01646686101612722,0.018738854509015194,0.3930084745762712,734500.0,0.02334267040149393,-0.013901857039111953,0
2019-07-26,96.3,96.5,94.8,95.05,315000,95.74,94.626,94.6895,1.0110941551069548,50.564971751412415,0.5073422295150749,0.31067093696857095,-0.013901857039111953,0.01558336979332143,0.019165414037169173,-0.5209125475285171,614100.0,0.017885323513940062,-0.004839558127301302,0
2019-07-29,95.7,95.94,94.2,94.59,404000,95.66,94.687,94.922,1.007774804576389,48.65794907088782,0.443173077102216,0.3371713649953,-0.004839558127301302,0.011831045891984021,0.018173213499680457,0.28253968253968265,627200.0,0.01839517919441796,-0.006554604080769688,0
2019-07-30,94.35,94.5,93.7,93.97,167000,95.11,94.691,94.989,1.0012738317068293,46.697490092470275,0.33838900524480664,0.33741489304520134,-0.006554604080769688,0.012052512569662983,0.017094707393902838,-0.5866336633663367,572300.0,0.008513355326167895,0.013727785463445885,1
2019-07-31,94.0,95.5,93.53,95.26,262500,95.05199999999999,94.915,94.889,1.0017177965833763,50.6723716381418,0.3553429203964811,0.34100049851545733,0.013727785463445885,0.012211492708356106,0.013056037237063183,0.5718562874251496,559650.0,0.020680243543984872,-0.00734830988872559,0
2019-08-01,95.79,95.79,94.15,94.56,170000,94.686,95.11699999999999,94.81400000000001,0.9986499883983379,41.84350132625997,0.3087359545421293,0.3345475897207918,-0.00734830988872559,0.012381416570459018,0.012873512178692124,-0.35238095238095235,542000.0,0.0173434856175973,-0.0017978003384094832,0
2019-08-02,94.95,95.5,94.0,94.39,251500,94.554,95.14699999999999,94.79650000000001,0.9974418886773245,51.67895167895167,0.2551409134363922,0.3186662544639119,-0.0017978003384094832,0.011307426421313493,0.012508936754463348,0.4794117647058824,517050.0,0.015891513931560547,-0.002118868524208062,0
2019-08-05,93.5,94.99,92.8,94.19,578500,94.474,95.06700000000001,94.7615,0.9969660674430016,51.05177993527505,0.1942884919041319,0.2937907019519559,-0.002118868524208062,0.010846632573406326,0.012509945325467406,1.3001988071570576,521700.0,0.023250875889160184,0.013164879498885229,1
2019-08-06,94.25,97.02,94.2,95.43,2169500,94.766,94.938,94.784,0.9998100945307224,59.49566587864464,0.24331535831727535,0.2836956332250198,0.013164879498885229,0.009943822060517063,0.012867033777954909,2.7502160760587726,544750.0,0.029550455831499456,-0.020852981242795887,0
2019-08-07,95.0,95.0,93.0,93.44,414500,94.402,94.727,94.7075,0.9967742787002086,53.169014084507005,0.12020745754902862,0.2509979980898216,-0.020852981242795887,0.011294264576825702,0.01371139236234556,-0.8089421525697165,539000.0,0.021404109589041095,0.002461472602739878,1
2019-08-08,93.49,94.5,90.01,93.67,1748500,94.224,94.455,94.639,0.9956149156267502,48.3695652173913,0.04073309133401892,0.2089450167386611,0.002461472602739878,0.010777040839503097,0.013726464655357007,3.218335343787696,648100.0,0.04793423721575739,-0.002135155332550487,0
2019-08-09,94.49,95.01,93.26,93.47,861000,94.04,94.297,94.4615,0.9955378646326811,43.76026272578001,-0.037951760729995954,0.1595656612449297,-0.002135155332550487,0.010048701259076597,0.01276269465240533,-0.5075779239348013,702700.0,0.018722584786562534,-0.03712421097678398,0
2019-08-16,91.72,92.2,89.32,90.0,1030000,93.202,93.838,94.2625,0.9887495027184723,25.862068965517324,-0.37597605495984965,0.05245731800397385,-0.03712421097678398,0.015107539457788383,0.013511989717405852,0.19628339140534257,765300.0,0.032000000000000105,0.006000000000000005,1
2019-08-19,90.2,90.9,88.75,90.54,966500,92.224,93.495,94.09299999999999,0.9801366732913183,31.151241534988813,-0.5934483532315511,-0.07672381624313114,0.006000000000000005,0.015468211432885468,0.013629651182515194,-0.06165048543689322,845250.0,0.023746410426330966,0.006737353655842604,1
2019-08-20,91.0,91.95,90.05,91.15,1377000,91.76599999999999,93.08399999999999,93.9995,0.9762392353150814,29.93874425727421,-0.7084087196469113,-0.20306079692388718,0.006737353655842604,0.014738761377123993,0.013620850694621763,0.4247284014485255,956700.0,0.020844761382336867,0.002852441031267139,1
2019-08-21,91.2,92.44,90.8,91.41,617500,91.31400000000001,92.769,93.943,0.9720149452327476,34.80801335559269,-0.7696636082099957,-0.3163813591811089,0.002852441031267139,0.014856974635730054,0.01360758765181637,-0.5515613652868555,1001450.0,0.017941144294934916,0.01673777486051864,1
2019-08-22,91.43,93.3,91.43,92.94,3261500,91.208,92.624,93.88550000000001,0.9714812191445963,43.67816091954023,-0.6868329527171255,-0.3904716778883123,0.01673777486051864,0.016161588916862125,0.013606803537944271,4.281781376518219,1302450.0,0.0201205078545297,-0.03023455993113844,0
2019-08-23,92.9,95.02,89.5,90.13,3058000,91.234,92.21799999999999,93.64250000000001,0.9742798408842137,37.40157480314963,-0.838269528012276,-0.48003124791310503,-0.03023455993113844,0.018562444780580653,0.014901998545520777,-0.062394603709949426,1550400.0,0.061244868523244164,-0.018972595140352766,0
2019-08-26,90.0,91.79,87.6,88.42,890000,90.81,91.51700000000001,93.22749999999999,0.9740688101686735,28.160919540229898,-1.0837737448046312,-0.6007797472914103,-0.018972595140352766,0.017987533001082558,0.014493808083023918,-0.7089601046435579,1422450.0,0.0473874688984394,0.01289301063107895,1
2019-08-27,88.39,89.89,87.01,89.56,1104500,90.49199999999999,91.12899999999999,92.92800000000001,0.9737861570247932,34.47204968944101,-1.1728294845159724,-0.7151896947363228,0.01289301063107895,0.018356006142550525,0.014865509006120017,0.24101123595505625,1491450.0,0.03215721304153635,-0.0008932559178204125,0
2019-08-28,90.0,90.75,89.0,89.48,1742500,90.106,90.71000000000001,92.58250000000001,0.9732508843463936,34.66583385384138,-1.23561868816995,-0.8192754934230482,-0.0008932559178204125,0.018253572338229954,0.014612476455060112,0.5776369397917609,1490850.0,0.019557443004023244,0.04950827000447022,1
2019-08-29,89.1,93.95,88.65,93.91,4096500,90.3,90.75399999999999,92.5255,0.9759471713203387,49.30830039525692,-0.9173410706547713,-0.8388886088693929,0.04950827000447022,0.025020972462294785,0.018597601537788323,1.350932568149211,1814400.0,0.056437014162495976,-0.027686082419337565,0
2019-08-30,93.3,96.73,90.57,91.31,2872500,90.53600000000002,90.885,92.3615,0.9802352711898357,40.46296296296295,-0.8649316430214355,-0.8440972156998015,-0.027686082419337565,0.02356947339372519,0.019558905524317573,-0.29879165140974007,1998650.0,0.06746249041726,0.019274997262074045,1
2019-09-02,91.95,93.5,91.7,93.07,493500,91.46600000000001,91.138,92.3165,0.9907871290614354,49.13430042115114,-0.6736144943854043,-0.8100006714369221,0.019274997262074045,0.024204227593957496,0.02005962462330378,-0.8281984334203656,1951350.0,0.019340281508541928,-0.0055871924358009695,0
2019-09-03,94.0,94.25,92.01,92.55,336500,92.064,91.278,92.18100000000001,0.9987307579653072,47.41458910433978,-0.5575271044923937,-0.7595059580480166,-0.0055871924358009695,0.024307566441321735,0.01981264815406126,-0.31813576494427553,1847300.0,0.02420313344138298,-0.012425715829281425,0
2019-09-04,92.0,92.4,89.0,91.4,1737500,92.44800000000001,91.277,92.023,1.0046184106147378,45.42237947810704,-0.5519597522458071,-0.7179967168875747,-0.012425715829281425,0.024710127676977653,0.019927020015728648,4.163447251114413,1959300.0,0.03719912472647709,-0.0025164113785558495,0
2019-09-05,90.9,92.25,89.3,91.17,1769500,91.9,91.1,91.862,1.0004136639742223,53.02013422818793,-0.5596553053033659,-0.686328434570733,-0.0025164113785558495,0.024024268133772425,0.01992821426255547,0.018417266187050307,1810100.0,0.032357135022485495,-0.0025227596797192664,0
2019-09-06,91.15,91.15,90.11,90.94,367000,91.826,91.18100000000001,91.6995,1.0013795058860735,51.04931794333681,-0.5776543248749135,-0.6645936126315692,-0.0025227596797192664,0.021863599236126602,0.01992903013850197,-0.7925967787510596,1541000.0,0.011436111722014584,0.022542335605894026,1
2019-09-11,91.25,93.44,91.25,92.99,1282500,91.81,91.638,91.5775,1.0025388332286862,54.48780487804876,-0.4216404020335318,-0.6160029705119617,0.022542335605894026,0.021566611182321418,0.020398626733392305,2.494550408719346,1580250.0,0.023550919453704675,-0.0011829228949349346,0
2019-09-12,91.0,93.25,91.0,92.88,1324000,91.876,91.97,91.5495,1.0035663766596215,53.611793611793615,-0.30337718155060145,-0.5534778127196898,-0.0011829228949349346,0.021472120499189343,0.019863143506467063,0.0323586744639377,1602200.0,0.02422480620155039,-0.0005383290267010343,0
2019-09-13,93.0,93.45,92.0,92.83,349000,92.16199999999999,92.30499999999999,91.50750000000001,1.0071524192006118,49.708532061473235,-0.21125212639672952,-0.48503267545509776,-0.0005383290267010343,0.0214636985183003,0.019853998699316467,-0.7364048338368581,1462850.0,0.015619950447053785,0.0,0
2019-09-16,93.75,93.75,92.0,92.83,384500,92.494,92.197,91.4755,1.0111341288104465,58.40597758405981,-0.13666694499247,-0.41535952936257226,0.0,0.014278488349468856,0.019849145625367763,0.1017191977077363,1091650.0,0.018851664332651084,-0.014327264892814773,0
2019-09-17,92.52,93.24,91.25,91.5,632000,92.606,92.216,91.5505,1.0115291560395627,59.821428571428584,-0.18277066959032595,-0.36884175740812297,-0.014327264892814773,0.0119453186926154,0.018200657659912564,0.6436931079323798,867600.0,0.021748633879781366,-0.013224043715846956,0
2019-09-18,91.2,91.85,90.1,90.29,161500,92.066,91.938,91.538,1.0057680963097293,52.31746031746033,-0.3133331812314992,-0.35774004217279826,-0.013224043715846956,0.010538843822178717,0.018427960324159793,-0.7444620253164558,834400.0,0.019381991361169564,0.01738841510687772,1
2019-09-19,90.29,92.25,90.25,91.86,674500,91.862,91.869,91.5735,1.0031504747552513,56.90255220417634,-0.2868128335859126,-0.34355460045542113,0.01738841510687772,0.012269251427025092,0.018782738615978643,3.1764705882352944,868200.0,0.021772262138036142,-0.000762029174831147,0
2019-09-20,91.6,92.25,91.5,91.79,698000,91.65400000000001,91.90799999999999,91.5925,1.0006714523569071,41.77018633540373,-0.2683503067001993,-0.3285137417043768,-0.000762029174831147,0.011562713669741901,0.018776850555892424,0.03484062268346921,764250.0,0.008170824708573918,0.0016341649417146442,1
2019-09-23,91.4,92.25,91.35,91.94,423000,91.476,91.985,91.54249999999999,0.9992735614605239,53.020134228187906,-0.23886142886439643,-0.31058327913638073,0.0016341649417146442,0.011517381577584586,0.018383672003734777,-0.3939828080229226,629600.0,0.009788992821405326,0.002392864911899162,1
2019-09-24,92.05,92.75,91.8,92.16,317500,91.60799999999999,92.107,91.64399999999999,0.9996071755925101,44.88188976377952,-0.19548568208290362,-0.2875637597256853,0.002392864911899162,0.011459786173845956,0.016989934210801323,-0.24940898345153661,624650.0,0.010308159722222253,-0.0009765625,0
2019-09-25,92.1,92.39,92.0,92.07,127500,91.96400000000001,92.015,91.8265,1.0014973890979186,47.163120567375856,-0.16645356500812625,-0.2633417207821735,-0.0009765625,0.008723625881755482,0.016326147851237285,-0.5984251968503937,509150.0,0.004235907461713919,-0.0006516780710328351,0
2019-09-26,92.1,92.45,91.7,92.01,208500,91.994,91.928,91.94899999999998,1.00048940173357,54.13839891451834,-0.1465970223995896,-0.23999278110565675,-0.0006516780710328351,0.008723732167109808,0.016136867944510032,0.6352941176470588,397600.0,0.008151287903488751,0.01010759700032593,1
2019-09-27,92.25,93.0,92.0,92.94,304000,92.224,91.939,92.122,1.0011072273723975,60.96654275092941,-0.05518124659633372,-0.20303047420379217,0.01010759700032593,0.009397231214418046,0.016239153976206004,0.45803357314148685,393100.0,0.010759629868732516,0.0009683666881858954,1
2019-09-30,92.95,94.47,92.4,93.03,1182000,92.442,91.959,92.078,1.0039531701383608,63.17780580075673,0.02424913326771616,-0.15757455270949053,0.0009683666881858954,0.009400409351480525,0.011785110265887307,2.888157894736842,472850.0,0.02225088681070615,-0.006342040202085397,0
2019-10-01,93.03,93.35,92.0,92.44,722000,92.49799999999999,92.053,92.1345,1.0039453190715746,45.74961360123647,0.039139041898891946,-0.11823183378781404,-0.006342040202085397,0.008298672206333423,0.010018623964039568,-0.38917089678510997,481850.0,0.014604067503245288,-0.0036780614452618376,0
2019-10-02,92.5,92.6,91.9,92.1,336000,92.50399999999999,92.23400000000001,92.08599999999998,1.0045392350628761,44.1791044776119,0.023236388639560346,-0.08993818930233917,-0.0036780614452618376,0.006906022974487236,0.009041311860992617,-0.5346260387811634,499300.0,0.007600434310531907,0.014115092290988285,1
2019-10-03,92.06,93.75,92.0,93.4,520000,92.782,92.388,92.1285,1.0070933533054374,53.584905660377416,0.11421594647183042,-0.049107362147505246,0.014115092290988285,0.0061300000872653,0.009516979025131593,0.5476190476190477,483850.0,0.01873661670235546,0.0013918629550320194,1
2019-10-04,93.94,94.5,93.4,93.53,398000,92.9,92.56199999999998,92.235,1.0072098444191468,54.331683168316864,0.1945649909675211,-0.00037289152449997837,0.0013918629550320194,0.00607219873915191,0.009017697555731232,-0.23461538461538467,453850.0,0.01176093232118031,0.022987276809579793,1
2019-10-07,93.84,96.0,93.6,95.68,726000,93.43,92.936,92.4605,1.0104855586980388,73.48314606741583,0.42680922821095635,0.08506353242259129,0.022987276809579793,0.009012432018011133,0.010192548806771898,0.8241206030150754,484150.0,0.025083612040133835,0.009510869565217295,1
2019-10-08,96.0,97.0,95.7,96.59,644500,94.26,93.379,92.743,1.0163570296410511,86.62790697674426,0.6764956337069776,0.20334995267946854,0.009510869565217295,0.009148694780020136,0.010237629956676082,-0.11225895316804413,516850.0,0.013458950201884224,-0.003002381198881965,0
2019-10-09,96.4,96.5,96.0,96.3,311500,95.1,93.80199999999999,92.9085,1.0235877234052857,80.32786885245903,0.8412756307912304,0.33093508830182095,-0.003002381198881965,0.009310423009150883,0.009223354197933924,-0.5166795965865012,535250.0,0.005192107995846314,0.0018691588785046953,1
2019-10-10,96.3,97.2,96.25,96.48,874500,95.71600000000001,94.249,93.0885,1.0282258281098096,81.56123822341853,0.9751485557912503,0.45977778179970685,0.0018691588785046953,0.009187532117706643,0.009196778064313817,1.8073836276083468,601850.0,0.009846600331674988,-0.005493366500829211,0
2019-10-11,96.51,96.8,95.5,95.95,1334000,96.2,94.55,93.24449999999999,1.0316962394564828,75.6722151088348,1.0266427442580266,0.5731507742913708,-0.005493366500829211,0.00950388843563315,0.009332880094803521,0.5254431103487707,704850.0,0.013548723293381939,-0.007399687337154903,0
2019-10-14,96.2,96.2,95.01,95.24,444500,96.112,94.77099999999999,93.365,1.0294221603384566,68.55421686746982,0.9986493848601015,0.658250496405117,-0.007399687337154903,0.010076555347754444,0.00954782700258559,-0.6667916041979011,631100.0,0.012494750104997877,0.00010499790004203646,1
2019-10-15,95.18,95.35,94.75,95.25,472000,95.84400000000001,95.05199999999999,93.5525,1.0244942679244275,69.34306569343063,0.9661343667009419,0.7198272704642821,0.00010499790004203646,0.009652709859179298,0.008820213512817122,0.06186726659167596,606100.0,0.006299212598425137,0.009973753280839937,1
2019-10-16,95.25,96.5,95.25,96.2,878500,95.824,95.462,93.848,1.0210553235018327,72.99670691547738,1.0054330349044278,0.7769484233523112,0.009973753280839937,0.009561874043128108,0.00821054206466576,0.861228813559322,660350.0,0.012993762993762993,-0.0036382536382537634,0
2019-10-17,96.03,96.3,95.75,95.85,289500,95.69800000000001,95.70700000000001,94.04749999999999,1.017549642467902,67.05744431418509,0.9968444355207993,0.8209276257860089,-0.0036382536382537634,0.009200131199096476,0.00762434821173332,-0.6704610130904951,637300.0,0.005738132498695849,0.0071987480438184814,1
2019-10-18,95.5,96.75,93.55,96.54,699500,95.816,96.00800000000001,94.285,1.0162380018030441,69.22234392113899,1.0337981603852313,0.8635017327058534,0.0071987480438184814,0.009296028406281371,0.0076716674732315365,1.4162348877374784,667450.0,0.03314688212140048,-0.005489952351356964,0
2019-10-21,96.1,96.7,95.53,96.01,1279500,95.97,96.041,94.48850000000002,1.0156791567227756,69.68026460859969,1.0086901310296241,0.8925394123706076,-0.005489952351356964,0.006508642472140817,0.007879191083400522,0.8291636883488205,722800.0,0.012186230600979082,0.002812207061764438,1
2019-10-22,95.35,96.5,95.35,96.28,548500,96.176,96.00999999999999,94.6945,1.0156450480228525,73.22222222222211,0.9990620153689065,0.9138439329702674,0.002812207061764438,0.005764787152740166,0.0078802963939448,-0.5713169206721376,713200.0,0.011944329040299186,0.007685916078105537,1
2019-10-23,96.0,97.9,96.0,97.02,557000,96.34,96.08200000000001,94.94200000000001,1.0147247793389649,71.4454976303316,1.0391646368271097,0.9389080737416359,0.007685916078105537,0.006184940748613727,0.007933328827821341,0.015496809480401108,737750.0,0.0195835910121625,0.007111935683364212,1
2019-10-24,97.0,98.5,97.0,97.71,904500,96.71200000000002,96.205,95.227,1.0155943167379,73.22222222222207,1.1137844725926271,0.9738833535118342,0.007111935683364212,0.006503203891704593,0.00795310897542938,0.6238779174147218,740750.0,0.015351550506601168,-0.003889059461672284,0
2019-10-25,98.0,98.0,97.0,97.33,458000,96.87,96.34299999999999,95.4465,1.0149141141896245,61.41078838174263,1.129241216026088,1.004954926014685,-0.003889059461672284,0.0063349732703950725,0.007914158466964472,-0.49364289662797123,653150.0,0.010274324463166546,-0.0116099866433782,0
2019-10-28,97.5,97.75,95.5,96.2,805500,96.908,96.43900000000001,95.605,1.0136289942994614,47.38255033557048,1.0383399042884633,1.0116319216694407,-0.0116099866433782,0.007083908588668403,0.008506501815845278,0.7587336244541485,689250.0,0.023388773388773387,-0.005509355509355496,0
2019-10-29,96.5,96.5,95.25,95.67,434500,96.786,96.48100000000001,95.7665,1.0106456850777674,45.90377113133945,0.9130087921944465,0.9919072957744419,-0.005509355509355496,0.007381257962076243,0.008466958627205874,-0.46058348851644937,685500.0,0.013065746838089264,-0.008048500052262986,0
2019-10-30,95.01,95.35,93.9,94.9,402000,96.362,96.351,95.90650000000001,1.004749417401323,40.45893719806766,0.7429857409277076,0.9421229848050952,-0.008048500052262986,0.0069913856974314756,0.008668493150572802,-0.07479861910241659,637850.0,0.015279241306638446,-0.007797681770284615,0
2019-10-31,94.91,95.25,93.5,94.16,598000,95.65200000000002,96.18199999999999,95.9445,0.9969513625064491,39.45818610129564,0.5422783846255044,0.862154064769177,-0.007797681770284615,0.007261960101079311,0.008374470636384908,0.48756218905472637,668700.0,0.018585386576040783,0.004779099405267662,1
2019-11-01,94.24,95.0,94.0,94.61,261500,95.10799999999999,95.989,95.9985,0.9907238133929174,46.172539489671976,0.4147466566437146,0.7726725831440846,0.004779099405267662,0.006964759450568844,0.008428841936958798,-0.5627090301003345,624900.0,0.010569707219110032,0.03044075679103675,1
2019-11-04,94.85,97.89,94.4,97.49,1713000,95.366,96.137,96.089,0.9924757256293645,60.09009009009006,0.5398457682631914,0.726107220167906,0.03044075679103675,0.012235520024673017,0.009559368392205682,5.550669216061186,668250.0,0.035798543440352805,-0.008513693712175585,0
2019-11-05,97.75,98.01,96.5,96.66,264000,95.564,96.17499999999998,96.0925,0.994500091058095,52.09471766848814,0.5654949780133478,0.6939847717369944,-0.008513693712175585,0.012628474992681271,0.009562469988235173,-0.8458844133099825,639800.0,0.015621767018415117,-0.004552038071591102,0
2019-11-06,97.25,98.8,95.9,96.22,1584500,95.828,96.095,96.08850000000001,0.9972889575755682,51.67118337850047,0.5440464104043485,0.6639970994704653,-0.004552038071591102,0.012442562805177991,0.009594976937811889,5.0018939393939394,742550.0,0.03013926418623978,0.008729993764290178,1
2019-11-07,96.1,97.5,95.5,97.06,306000,96.40799999999999,96.03,96.1175,1.003022342445444,52.31729055258466,0.5880505650080607,0.6488077925779844,0.008729993764290178,0.012566195426685911,0.009785998424574326,-0.8068791416850741,682700.0,0.0206058108386565,0.007727179064496159,1
2019-11-08,96.8,98.68,96.8,97.81,818500,97.04799999999999,96.078,96.2105,1.0087048710899538,57.86713286713286,0.675654383401195,0.6541771107426265,0.007727179064496159,0.012763424698368914,0.009817347563030902,1.6748366013071894,718750.0,0.019220938554340147,0.0019425416624065939,1
2019-11-11,98.25,98.75,97.8,98.0,401000,97.15,96.258,96.3485,1.0083187595032617,57.57042253521128,0.7517467837559337,0.673691045345288,0.0019425416624065939,0.012025236268328186,0.00961656192557349,-0.5100794135613929,678300.0,0.009693877551020438,-0.022959183673469385,0
2019-11-12,98.44,98.49,95.51,95.75,1122500,96.96799999999999,96.26599999999999,96.3735,1.0061687082029809,45.06604506604508,0.6233092423386211,0.6636146847439547,-0.022959183673469385,0.01427810929361686,0.011063325226302474,1.7992518703241895,747100.0,0.031122715404699634,0.00031331592689287646,1
2019-11-13,95.99,96.4,94.1,95.78,1178500,96.88000000000001,96.354,96.35249999999999,1.005474689291923,42.09664209664212,0.5179714621132376,0.6344860402178113,0.00031331592689287646,0.013984846479752067,0.010828032919469903,0.049888641425389846,824750.0,0.024013363959072994,0.0030277719774483014,1
2019-11-14,95.99,96.99,95.25,96.07,705000,96.682,96.545,96.3635,1.0033051933564057,44.80198019801978,0.45267295667038354,0.5981234235083258,0.0030277719774483014,0.013642002959836601,0.010818029520690223,-0.4017819261773441,835450.0,0.018111793483917924,-0.003226813781617488,0
2019-11-15,96.2,96.25,95.0,95.76,677500,96.272,96.66,96.32449999999999,0.9994549673239935,48.053097345132755,0.37162514805652336,0.5528237684179653,-0.003226813781617488,0.013701675577476076,0.010712181787088283,-0.03900709219858156,877050.0,0.013053467000835421,0.02318295739348364,1
2019-11-18,96.0,98.25,96.0,97.98,1412000,96.268,96.709,96.42299999999999,0.9983924997147985,58.89145496535799,0.4809851253755255,0.5384560398094774,0.02318295739348364,0.012082742143524632,0.011846859171678261,1.0841328413284135,846950.0,0.02296387017758726,0.009185548071034777,1
2019-11-19,98.25,99.5,97.6,98.88,2654500,96.894,96.93100000000001,96.553,1.003531739044877,65.16768292682926,0.6329795791111934,0.5573607476698207,0.009185548071034777,0.011899676877549762,0.011980799510668117,0.879957507082153,1086000.0,0.019215210355987115,0.015473300970873849,1
2019-11-20,99.0,102.5,97.25,100.41,7010500,97.82,97.35,96.7225,1.0113468944661272,72.4658519051043,0.8669013923899911,0.6192688766138548,0.015473300970873849,0.0122900946095191,0.012317613298701367,1.6409870032021097,1628600.0,0.05228562892142217,-0.021013843242704944,0
2019-11-21,100.41,100.41,98.01,98.3,1133500,98.26599999999999,97.474,96.752,1.0156482553332231,61.849710982658976,0.8719751618547065,0.6698101336620251,-0.021013843242704944,0.014508516309000158,0.013248456501138218,-0.8383139576349761,1711350.0,0.0244150559511698,0.03560528992878953,1
2019-11-22,98.7,102.06,98.25,101.8,2411000,99.474,97.873,96.9755,1.0257642394212971,63.31068560840028,1.1452155776819808,0.7648912224660163,0.03560528992878953,0.018100519225170607,0.015354051958444918,1.1270401411557125,1870600.0,0.03742632612966604,0.011296660117878332,1
2019-11-25,101.99,103.25,101.05,102.95,1581500,100.46799999999999,98.36800000000001,97.313,1.0324211564744687,69.04906117504547,1.4379798285132637,0.8995089436754657,0.011296660117878332,0.01821493072082912,0.015109621247848697,-0.3440481128162588,1988650.0,0.021369596891695024,-0.008547838756678083,0
2019-11-26,103.01,103.48,100.0,102.07,1634000,101.106,99.0,97.63300000000001,1.035571988979136,67.2566371681416,1.5807668645945938,1.0357605278592914,-0.008547838756678083,0.01620892000260858,0.015219893588344288,0.033196332595637035,2039800.0,0.034094249044773234,0.024688938963456586,1
2019-11-27,102.0,105.01,101.02,104.59,2614500,101.94200000000001,99.881,98.11749999999999,1.038978775447805,70.20933977455718,1.8756482533808878,1.2037380729636107,0.024688938963456586,0.01698451056905803,0.0156826233660013,0.6000611995104039,2183400.0,0.03814896261592895,0.01147337221531708,1
2019-11-28,104.65,106.89,104.0,105.79,6231500,103.44000000000001,100.853,98.699,1.0480349344978168,70.91194968553461,2.181032267348712,1.399196911840631,0.01147337221531708,0.016865921323894154,0.015445870945716278,1.3834385159686367,2736050.0,0.027318272048397773,0.005482559788259733,1
2019-11-29,106.4,107.5,105.86,106.37,5764000,104.354,101.914,99.287,1.051033871503822,71.49460708782743,2.4417059846471716,1.6076987264019391,0.005482559788259733,0.016334306152432598,0.015443858692536998,-0.07502206531332745,3244700.0,0.015417880981479745,0.0013161605715896751,1
2019-12-02,106.7,107.85,105.3,106.51,2085000,105.066,102.76700000000001,99.738,1.0534199602959755,80.99078341013826,2.6292799114804666,1.8120149634176448,0.0013161605715896751,0.01593370196365825,0.014351251416508922,-0.6382720333102012,3312000.0,0.023941413951741593,-0.005445498075298039,0
2019-12-03,106.9,107.25,105.1,105.93,1260000,105.83800000000001,103.47200000000001,100.2015,1.0562516529193675,78.33612506979344,2.7000084306634733,1.9896136568668106,-0.005445498075298039,0.016524155047229525,0.014220263486613793,-0.39568345323741005,3172550.0,0.020296422165581095,-0.012177853299348729,0
2019-12-04,104.73,105.0,103.56,104.64,749000,105.848,103.89500000000001,100.62249999999999,1.0519317250118017,72.65996827075622,2.621747202893303,2.1160403660721094,-0.012177853299348729,0.017252323217152643,0.014578693106068276,-0.40555555555555556,2546400.0,0.013761467889908235,0.0051605504587155515,1
2019-12-05,105.0,106.25,104.61,105.18,2820000,105.726,104.58300000000001,101.0285,1.0464967806114116,74.6081504702194,2.573630888225594,2.207558470502806,0.0051605504587155515,0.014802063701375252,0.01454346087571245,2.7650200267022695,2715050.0,0.015592317931165625,-0.004468530138809768,0
2019-12-06,105.5,106.0,104.25,104.71,1278000,105.394,104.874,101.3735,1.0396602662431502,69.35020126509481,2.4691109164691056,2.259868959696066,-0.004468530138809768,0.011132460373918155,0.014639843561102841,-0.5468085106382978,2601750.0,0.016712825900105054,0.002196542832585191,1
2019-12-09,105.0,106.4,104.75,104.94,1103500,105.08000000000001,105.07300000000001,101.7205,1.0330267743473538,68.12200956937794,2.3774316119138206,2.283381490139617,0.002196542832585191,0.010732565747631807,0.01463851734239063,-0.13654147104851333,2553950.0,0.015723270440251628,-0.0009529254812272736,0
2019-12-10,104.8,105.49,104.39,104.84,498500,104.862,105.35,102.175,1.0262980181061903,64.48659254414648,2.2705326512290185,2.2808117223574977,-0.0009529254812272736,0.010159149140528073,0.013309521984459801,-0.5482555505210693,2440400.0,0.01049217855780231,0.008298359404807165,1
2019-12-11,105.0,106.0,104.61,105.71,939000,105.076,105.46199999999999,102.6715,1.0234193520110255,76.37010676156575,2.230306597687047,2.2707106974234077,0.008298359404807165,0.007076831135944193,0.013293020346049435,0.8836509528585756,2272850.0,0.013149181723583394,0.0015135748746570865,1
2019-12-12,105.75,105.98,105.0,105.87,504500,105.21399999999998,105.47,103.1615,1.019895988328979,69.000933706816,2.1861373922317995,2.2537960363850864,0.0015135748746570865,0.006084084031238678,0.013309312607586455,-0.4627263045793397,1700150.0,0.009256635496363502,-0.00547841692641915,0
2019-12-13,106.5,106.5,104.5,105.29,624000,105.33,105.36200000000001,103.63799999999999,1.0163260580096105,61.538461538461505,2.080350836479326,2.2191069964039345,-0.00547841692641915,0.005991737481713865,0.013391406261709636,0.23686818632309214,1186150.0,0.018995156235160033,0.009782505461107371,1
2019-12-16,105.48,106.5,105.0,106.32,525000,105.606,105.343,104.05499999999999,1.0149055787804526,70.65111758989306,2.0559271721549806,2.186471031554144,0.009782505461107371,0.006887207077044088,0.012744939715760817,-0.15865384615384615,1030150.0,0.014108352144469528,-0.028969149736644106,0
2019-12-17,106.0,106.5,101.01,103.24,3153500,105.28599999999999,105.074,104.273,1.0097148830473852,43.77880184331794,1.7676644474318692,2.1027097147296887,-0.028969149736644106,0.011419915248405398,0.01466548169617249,5.006666666666667,1219500.0,0.053177063153816304,0.003002712127082585,1
2019-12-18,102.04,104.0,101.5,103.55,1231000,104.854,104.965,104.42999999999999,1.004060135976252,38.755020080321245,1.5464026038746397,1.9914482925586792,0.003002712127082585,0.010992895124152084,0.014335596722306854,-0.6096400824480736,1267700.0,0.024142926122646065,-0.015644616127474587,0
2019-12-19,103.85,104.32,101.01,101.93,936500,104.06599999999999,104.64000000000001,104.6115,0.9947854681368682,29.818181818181827,1.2261957167129935,1.8383977773895421,-0.015644616127474587,0.011648439132538452,0.013933709634902676,-0.23923639317627943,1079350.0,0.032473265966839866,0.011380359069949941,1
2019-12-20,102.25,104.0,102.2,103.09,1030000,103.626,104.478,104.676,0.9899690473460966,35.77371048252911,1.0538832470938928,1.6814948713304123,0.011380359069949941,0.012485443466236786,0.011728566180801165,0.09983982915109446,1054550.0,0.017460471432728657,-0.012028324764768783,0
2019-12-23,103.1,103.1,101.5,101.85,745500,102.732,104.16900000000001,104.62100000000001,0.9819443515164259,33.911671924290175,0.8079531555450927,1.5067865281733483,-0.012028324764768783,0.012824845856075651,0.011778500699612443,-0.2762135922330097,1018750.0,0.015709376534118746,0.0007854688267061594,1
2019-12-24,102.0,102.5,100.51,101.93,449500,102.47,103.878,104.614,0.9795056111036763,38.18657367044468,0.6124472074023544,1.3279186640191496,0.0007854688267061594,0.012866030947114825,0.011625548175001589,-0.3970489604292421,1013850.0,0.019523202197586527,0.007063671146865458,1
2019-12-26,102.5,103.0,102.0,102.65,426000,102.29,103.572,104.51700000000001,0.9786924615134379,39.141630901287556,0.509729473587953,1.1642808259329103,0.007063671146865458,0.012753811644077032,0.010240746411847334,-0.0522803114571746,962550.0,0.00974184120798831,-0.0156843643448612,0
2019-12-27,102.97,103.0,100.55,101.04,489500,102.112,103.08900000000001,104.27950000000001,0.9792145148375279,35.65285379202507,0.29501068528790597,0.9904267978039094,-0.0156843643448612,0.013248578242305832,0.01031599117192405,0.14906103286384975,961050.0,0.024247822644497256,-0.017418844022169533,0
2019-12-30,101.75,101.98,99.0,99.28,937500,101.35000000000001,102.48800000000001,103.925,0.9752225162376715,30.237430167597765,-0.016977091132801547,0.7889460200165672,-0.017418844022169533,0.013862492648916515,0.010677954501558388,0.9152196118488254,992400.0,0.030016116035455318,0.022058823529411686,1
2019-12-31,99.25,101.75,99.0,101.47,801500,101.274,102.003,103.673,0.9768599346020661,39.7318708104814,-0.08651763287399206,0.6138532894384554,0.022058823529411686,0.01580114483939334,0.012074924448837995,-0.14506666666666668,1020050.0,0.027101606386123977,0.008672514043559731,1
2020-01-01,101.75,102.89,101.6,102.35,877600,101.358,101.914,103.494,0.9793611223839064,39.768574908647985,-0.06981557716838438,0.47711951611708747,0.008672514043559731,0.013677198417956638,0.01229517801548421,0.09494697442295696,792460.0,0.012603810454323463,0.001074743527112787,1
2020-01-02,103.0,103.7,101.65,102.46,654300,101.32,101.80499999999999,103.38500000000002,0.9800261159742707,39.58460598656074,-0.04715937310082552,0.3722637382735049,0.001074743527112787,0.013631444068853046,0.01205238917772913,-0.2544439380127621,734790.0,0.020007807925043895,-0.0033183681436657064,0
2020-01-03,102.75,103.0,101.9,102.12,1294400,101.536,101.824,103.232,0.9835709857408556,40.17358958462491,-0.05599386423762098,0.28661221777127976,-0.0033183681436657064,0.012681672055591238,0.011973790869441208,0.9782974170869632,770580.0,0.010771641206423758,-0.022326674500587562,0
2020-01-06,101.03,101.75,99.5,99.84,606800,101.648,101.499,102.9885,0.9869839836486597,31.357882623705436,-0.2441577092680376,0.1804582323634163,-0.022326674500587562,0.01382512117083304,0.012848071897661592,-0.5312113720642768,728260.0,0.022536057692307692,0.01392227564102555,1
2020-01-07,100.0,101.75,99.75,101.23,967800,101.6,101.437,102.803,0.9882980068675038,43.59464627151054,-0.2779139102546253,0.08878380383980797,0.01392227564102555,0.014389560809928006,0.013322805668103448,0.594924192485168,750490.0,0.019756989034871084,-0.023214462115973555,0
2020-01-08,100.0,101.0,98.5,98.88,628800,100.90599999999999,101.132,102.505,0.9844007609384907,36.8302312464749,-0.4886583536457607,-0.026704627657305774,-0.023214462115973555,0.016053418518068713,0.014159592922769085,-0.3502789832610044,768420.0,0.0252831715210356,0.028620550161812197,1
2020-01-09,100.9,102.0,99.8,101.71,1521300,100.756,101.038,102.30499999999999,0.9848590000488735,49.41921858500525,-0.4224477796228996,-0.10585325805042455,0.028620550161812197,0.018761504736356502,0.015650607230127664,1.4193702290076335,877950.0,0.02163012486481175,0.013174712417657997,1
2020-01-10,102.0,103.25,101.5,103.05,1071700,100.942,101.239,102.16400000000002,0.9880388395129398,49.895397489539725,-0.2588645916605685,-0.13645552477245335,0.013174712417657997,0.018427579435408754,0.015994393753455714,-0.2955367120226122,936170.0,0.01698204754973314,-0.005531295487627319,0
2020-01-13,103.3,103.5,102.0,102.48,415500,101.47,101.559,102.02349999999998,0.9945747793400541,51.707317073170756,-0.17322118694184496,-0.14380865720633168,-0.005531295487627319,0.017380442518950667,0.01599513782602435,-0.6122982177848278,883970.0,0.014637002341920374,0.0008782201405150847,1
2020-01-14,102.4,102.99,102.1,102.57,458400,101.738,101.66900000000001,101.836,0.9990376684080287,51.73347778981578,-0.09696813553037487,-0.13444055287114032,0.0008782201405150847,0.01608446606891857,0.01579515455315381,0.1032490974729241,849660.0,0.00867700107243834,-0.006142146826557449,0
2020-01-15,102.49,102.6,101.51,101.94,300600,102.35,101.628,101.771,1.0056892434976565,48.06750136091451,-0.08637707661220873,-0.124827857619354,-0.006142146826557449,0.016001284993656016,0.01448990048275093,-0.34424083769633507,791960.0,0.010692564253482336,0.010986855012752539,1
2020-01-16,102.0,103.44,102.0,103.06,657000,102.61999999999998,101.68799999999999,101.7465,1.0085850618940206,55.64876957494406,0.012249845065696263,-0.09741231708234395,0.010986855012752539,0.01639707149397658,0.01470090865271194,1.1856287425149699,792230.0,0.013972443236949328,-0.000582185134872959,0
2020-01-17,103.1,103.6,102.75,103.0,778600,102.60999999999999,101.776,101.8,1.0079567779960705,61.495673671199015,0.08459572563879192,-0.061010708538116784,-0.000582185134872959,0.016345221691935388,0.014243210436583048,0.18508371385083722,740650.0,0.008252427184465965,0.035339805825242765,1
2020-01-20,103.49,107.73,102.65,106.64,4418500,103.44200000000001,102.45599999999999,101.97749999999999,1.0143610110073302,64.6625070901872,0.4306832876189759,0.03732809069330175,0.035339805825242765,0.017350992729525568,0.016084573974654837,4.674929360390444,1121820.0,0.04763690922730681,-0.011065266316579225,0
2020-01-21,106.4,106.4,105.0,105.46,592400,104.02000000000001,102.87899999999999,102.15799999999999,1.0182266684939019,58.672615727830454,0.6027953856078057,0.15042154967620253,-0.011065266316579225,0.01799005514165378,0.016042330749538515,-0.8659273509109426,1084280.0,0.013275175421960987,0.012516593969277512,1
2020-01-22,105.5,107.6,105.0,106.78,1208200,104.98800000000001,103.66900000000001,102.40050000000001,1.0252684313064877,61.28526645768027,0.83607072864055,0.287551385469072,0.012516593969277512,0.015273067982331249,0.016214334533413973,1.0395003376097232,1142220.0,0.024349129050383913,-0.005806330773553192,0
2020-01-23,106.78,107.35,105.85,106.16,658300,105.60799999999999,104.11399999999999,102.576,1.02955857120574,60.401647785787816,0.9598497497785559,0.42201105833096875,-0.005806330773553192,0.013879896826761442,0.016276912630455515,-0.45513987750372453,1055920.0,0.014129615674453656,0.00442727957799538,1
2020-01-24,105.1,107.35,105.1,106.63,295800,106.33399999999999,104.47200000000001,102.8555,1.0338192901692178,69.27881885292445,1.0833820341484852,0.5542852534944721,0.00442727957799538,0.01353519295473042,0.015752165190772417,-0.5506607929515419,978330.0,0.021101003469942793,0.008909312576198092,1
2020-01-27,106.5,108.0,105.55,107.58,446300,106.522,104.982,103.2705,1.0314852741102252,68.4915550378567,1.2436038292058527,0.6921489686367482,0.008909312576198092,0.013231251313602322,0.015057162090580088,0.5087897227856659,981410.0,0.022773749767614825,-0.010224948875255602,0
2020-01-28,107.0,107.16,106.25,106.48,236900,106.726,105.373,103.521,1.030959901855662,73.86934673366837,1.267212314459286,0.8071616378012558,-0.010224948875255602,0.014051024756268658,0.01476150388134048,-0.4691911270445889,959260.0,0.008546205860255415,-0.008734034560480941,0
2020-01-29,106.25,106.75,105.35,105.55,354000,106.47999999999999,105.734,103.681,1.0269962673971123,63.69472182596291,1.1970797907751063,0.8851452683960259,-0.008734034560480941,0.014277611465503926,0.014891950865985092,0.49430139299282394,964600.0,0.013263855992420708,-0.00037896731406905637,0
2020-01-30,105.99,107.75,104.81,105.51,1511700,106.35,105.979,103.8335,1.0242359161542276,59.669811320754754,1.1252998387060131,0.9331761824580234,-0.00037896731406905637,0.014073105169945045,0.014898428162841123,3.2703389830508476,1050070.0,0.027864657378447517,-0.0035067766088522356,0
2020-01-31,105.89,106.3,104.69,105.14,2159600,106.05199999999999,106.19300000000001,103.9845,1.0198827709899072,60.623003194888156,1.0267223852193297,0.9518854230102847,-0.0035067766088522356,0.014172926319152191,0.014901742700911767,0.42859032876893566,1188170.0,0.01531291611185086,-0.00675290089404601,0
2020-02-03,104.7,105.5,103.75,104.43,3496900,105.422,105.97200000000001,104.21400000000001,1.011591532807492,57.0776255707763,0.8811506209751485,0.9377384626032574,-0.00675290089404601,0.008220360739129424,0.013965150976359237,0.619235043526579,1096010.0,0.016757636694436463,0.0011490950876185124,1
2020-02-04,104.43,104.99,103.5,104.55,1223800,105.03599999999999,105.881,104.38,1.0062847288752634,60.33254156769595,0.7666297159863831,0.9035167132798827,0.0011490950876185124,0.00761936542483692,0.013697178324236212,-0.6500328862706969,1159150.0,0.014251554280248636,0.006312769010043073,1
2020-02-06,105.0,106.0,104.8,105.21,1108300,104.968,105.724,104.69649999999999,1.0025932098971793,58.83319638455214,0.7208184118956211,0.8669770530030304,0.006312769010043073,0.006594654747587375,0.012399934608146902,-0.09437816636705343,1149160.0,0.011405759908753949,0.0047523999619807356,1
2020-02-07,105.59,106.0,104.74,105.71,2114700,105.008,105.679,104.89650000000002,1.001062952529398,60.74544012688341,0.716597949580688,0.836901232318562,0.0047523999619807356,0.006666429197782838,0.010877675236755013,0.9080573851845168,1294800.0,0.01191940213792456,-0.006338094787626369,0
2020-02-10,105.92,106.5,104.5,105.04,3099500,104.98799999999999,105.52000000000001,104.99600000000001,0.9999238066212044,41.701244813278024,0.6516776677147931,0.7998565193978082,-0.006338094787626369,0.006668664813883227,0.010694865008936096,0.46569253321984205,1575170.0,0.01904036557501904,0.004664889565879626,1
2020-02-11,104.8,105.8,104.8,105.53,1239900,105.208,105.31500000000001,105.14849999999998,1.0005658663699435,50.391061452514,0.6324759919769605,0.7663804139136388,0.004664889565879626,0.006039222190586325,0.010609292370752517,-0.5999677367317309,1654530.0,0.00947597839476926,-0.00018951956789536872,0
2020-02-12,105.9,106.24,104.98,105.51,920700,105.4,105.218,105.29549999999999,1.000992445071252,41.699346405228745,0.6086287988265155,0.7348300908962141,-0.00018951956789536872,0.005290592983702055,0.010615378056832431,-0.25744011613839823,1722910.0,0.011941996019334574,-0.0016112216851483785,0
2020-02-13,105.5,105.74,105.0,105.34,1357500,105.426,105.197,105.46549999999999,0.9996254699404071,44.30555555555557,0.5694479062006366,0.7017536539570985,-0.0016112216851483785,0.004546106697476853,0.010492076276835871,0.4744216357119584,1823260.0,0.0070248718435541565,0.001044237706474327,1
2020-02-14,105.49,105.75,105.1,105.45,149800,105.374,105.191,105.585,0.998001610077189,41.374269005847964,0.5410361195997098,0.6696101470856208,0.001044237706474327,0.004561778181836447,0.01026158062305522,-0.8896500920810313,1687070.0,0.006164058795637797,0.00047415836889519447,1
2020-02-17,105.25,105.87,105.25,105.5,1666600,105.46600000000001,105.227,105.71,0.9976917983161481,32.49158249158238,0.5165991230366132,0.6390079422758193,0.00047415836889519447,0.004397085239026171,0.010254661000374666,10.125500667556743,1637770.0,0.005876777251184877,0.010805687203791381,1
2020-02-18,106.01,109.99,106.01,106.64,872200,105.68800000000002,105.44800000000001,105.71000000000001,0.9997918834547347,51.33779264214044,0.5825063294554269,0.6277076197117408,0.010805687203791381,0.0047378922504737785,0.006871223507092144,-0.47665906636265454,1375300.0,0.03732183045761431,0.012565641410352546,1
2020-02-19,106.6,108.25,106.6,107.98,1229300,106.18200000000002,105.79100000000001,105.83600000000001,1.0032692089648134,69.01408450704243,0.7343993677669687,0.6490459693227864,0.012565641410352546,0.005749137487853979,0.00689597614683034,0.4094244439348773,1375850.0,0.015280607519911147,0.000463048712724623,1
2020-02-20,108.0,111.35,107.75,108.03,1874100,106.72,106.07300000000001,105.89850000000001,1.0077574281033252,69.68750000000009,0.8490232653869327,0.6890414285356157,0.000463048712724623,0.0057000542558395375,0.00636124864233648,0.5245261530952574,1452430.0,0.03332407664537623,-0.009441821716189902,0
2020-02-21,108.0,108.1,106.7,107.01,603000,107.03200000000001,106.203,105.941,1.0102981848387311,63.26241134751785,0.847785313204426,0.7207902054693778,-0.009441821716189902,0.00678587236100322,0.006601394681833744,-0.6782455578677765,1301260.0,0.01308288944958407,-0.01850294365012617,0
2020-02-24,106.99,106.99,104.25,105.03,1215900,106.93800000000002,106.202,105.86100000000002,1.0101737183665371,53.60576923076921,0.6792053186089504,0.7124732280972923,-0.01850294365012617,0.009018995721598588,0.007758517145057381,1.0164179104477613,1112900.0,0.026087784442540177,-0.007807293154336925,0
2020-02-25,104.99,105.85,104.0,104.21,819200,106.452,106.07000000000001,105.6925,1.0071859403458145,48.11529933481151,0.4739736383007198,0.6647733101379778,-0.007807293154336925,0.00916755467658279,0.0075637535233017295,-0.3262603832552019,1070830.0,0.01775261491219647,-0.007101045964878594,0
2020-02-26,104.5,104.5,103.01,103.47,900200,105.55,105.86600000000001,105.542,1.0000757992078981,40.439560439560445,0.24874683876235792,0.5815680158628539,-0.007101045964878594,0.009340142660617919,0.007406073513082643,0.098876953125,1068780.0,0.014400309268386922,-0.010437808060307363,0
2020-02-27,102.01,103.7,100.5,102.39,1358000,104.422,105.571,105.38399999999999,0.9908714795414865,32.85123966942149,-0.016701472428792385,0.46191411820452466,-0.010437808060307363,0.009718066617918698,0.00750394539831035,0.5085536547433904,1068830.0,0.03125305205586486,0.011426897157925664,1
2020-02-28,102.75,104.0,102.75,103.56,441800,103.732,105.38199999999999,105.2865,0.985235524022548,42.73084479371313,-0.13115013250816787,0.3433012680619862,0.011426897157925664,0.010680643918070313,0.008041211949592952,-0.6746686303387335,1098030.0,0.012070297412128235,0.021533410583236767,1
2020-03-02,103.95,106.0,103.95,105.79,490700,103.88400000000001,105.41100000000002,105.319,0.9863747282066865,51.09060402684566,-0.04143155983521751,0.26635470248254545,0.021533410583236767,0.01299461503966757,0.009441647402707167,0.11068356722498862,980440.0,0.019378013044711193,-0.027129218262595733,0
2020-03-03,105.9,106.0,102.5,102.92,666900,103.626,105.03900000000002,105.2435,0.9846308798168059,41.23222748815165,-0.19961294523577067,0.17316117293888222,-0.027129218262595733,0.014987584263362096,0.011186611967434952,0.3590788669248013,959910.0,0.03400699572483482,0.012534006995724711,1
2020-03-04,103.0,104.5,102.0,104.21,918300,103.774,104.662,105.22650000000002,0.9861964429112438,46.444304594084294,-0.21836345578907412,0.09485624719329094,0.012534006995724711,0.014983832709353292,0.011567157378368957,0.3769680611785875,928810.0,0.023990020151616928,0.023702139909797637,1
2020-03-05,104.75,107.0,104.75,106.68,1134500,104.63200000000002,104.527,105.3,0.9936562203228873,53.36986301369864,-0.03352851726771178,0.0691792943010904,0.023702139909797637,0.017283213914388747,0.012674986971489282,0.23543504301426554,854850.0,0.02109111361079865,-0.05380577427821531,0
2020-03-06,103.89,103.89,99.86,100.94,2608900,104.10799999999999,103.92,105.0615,0.990924363349086,40.47619047619048,-0.3462244655228659,-0.013901457663700857,-0.05380577427821531,0.02403214823984689,0.017537474846132703,1.299603349493169,1055440.0,0.039924707747176554,-0.02179512581731724,0
2020-03-09,98.0,100.0,93.88,98.74,4829600,102.69800000000001,103.29099999999998,104.74650000000001,0.9804432606340068,34.2,-0.7627671661156512,-0.16367459935409093,-0.02179512581731724,0.02425073002458634,0.01806408107468166,0.8512016558702902,1416810.0,0.061980960097225084,0.02693943690500311,1
2020-03-10,99.0,101.7,98.77,101.4,875100,102.394,103.01000000000002,104.54,0.9794719724507366,37.50000000000002,-0.8682320493024065,-0.3045860893437541,0.02693943690500311,0.026344097481224356,0.019207481638636982,-0.8188048699685274,1422400.0,0.028895463510848193,-0.011143984220907344,0
2020-03-11,101.02,102.5,100.25,100.27,510400,101.60600000000001,102.69000000000001,104.27799999999999,0.9743761867316214,35.83941605839418,-1.0311092991005495,-0.44989073129511314,-0.011143984220907344,0.026454822146659694,0.019314531133281413,-0.416752371157582,1383420.0,0.022439413583325022,-0.03899471427146706,0
2020-03-12,99.98,100.25,95.0,96.36,1880900,99.542,102.087,103.829,0.9587109574396364,32.419940574447025,-1.4588779785822936,-0.6516881807525492,-0.03899471427146706,0.02880564134790808,0.02097531019252196,2.6851489028213167,1435710.0,0.05448318804483188,-0.010896637608966309,0
2020-03-13,95.25,97.5,92.99,95.31,1775600,98.41600000000001,101.262,103.322,0.952517372873154,33.44686648501366,-1.8611596735770206,-0.8935824793174435,-0.010896637608966309,0.028191640973850064,0.02098711573056333,-0.05598383752458924,1569090.0,0.047319273948169184,-0.06840835169447068,0
2020-03-16,95.25,95.6,88.39,88.79,3148200,96.426,99.562,102.4865,0.9408653822698599,28.00912721049633,-2.675241803005065,-1.2499143440549678,-0.06840835169447068,0.03186409485731368,0.02528310436633008,0.7730344672223475,1834840.0,0.0812028381574501,0.009235274242594738,1
2020-03-17,88.0,93.0,88.0,89.61,1834300,94.06800000000001,98.23100000000001,101.635,0.925547301618537,30.27888446215141,-3.2171552456850776,-1.64336252438099,0.009235274242594738,0.03263272039418045,0.025223095727216094,-0.4173495965948796,1951580.0,0.05579734404642339,-0.07264814194844327,0
2020-03-18,88.5,89.0,82.89,83.1,2325800,90.63399999999999,96.12,100.39099999999999,0.9028100128497574,26.22627557308357,-4.124384806238552,-2.1395669807525026,-0.07264814194844327,0.036085540477870805,0.028489195959181875,0.2679496265605408,2092330.0,0.07352587244283995,0.07099879663056563,1
2020-03-19,77.5,89.33,77.11,89.0,2304100,89.16199999999999,94.352,99.4395,0.8966456991437004,33.92935982339958,-4.317520390076879,-2.575157662617378,0.07099879663056563,0.04476510169345671,0.03402194946509287,-0.009330122968440935,2209290.0,0.13730337078651683,0.004606741573033757,1
2020-03-20,90.0,92.0,86.15,89.41,1211600,87.982,93.199,98.5595,0.8926790415941639,31.163753449862,-4.386928378667278,-2.9375118058273584,0.004606741573033757,0.043220723990527656,0.03415899086977261,-0.4741547675882123,2069560.0,0.06542892293926848,-0.07493568952018792,0
2020-03-24,82.71,83.76,82.71,82.71,1342228,86.76599999999999,91.596,97.4435,0.8904236814153842,28.640879306700498,-4.925787305583768,-3.3351669057786406,-0.07493568952018792,0.04770130935917506,0.03723136567372977,0.10781446021789365,1720822.8,0.012694958287994334,0.03119332607907155,1
2020-03-25,85.0,87.4,79.55,85.29,1136916,85.902,89.985,96.4975,0.8901992279592735,30.534979423868336,-5.086023931451862,-3.685338310913285,0.03119332607907155,0.04814884759152749,0.03842110443422769,-0.1529635799580995,1747004.4,0.09203892601711816,0.005393363817563612,1
2020-03-26,87.5,89.0,85.0,85.75,634023,86.43199999999999,88.533,95.6115,0.9039916746416485,27.538098304357163,-5.116909904067015,-3.9716526295440313,0.005393363817563612,0.04861965312996412,0.03855932315816311,-0.44233083182926447,1759366.7,0.04664723032069971,0.03300291545189493,1
2020-03-27,85.76,89.48,84.75,88.58,1166111,86.34799999999998,87.75500000000001,94.92099999999999,0.9096827888454608,35.851648351648365,-4.857040966325982,-4.148730296900421,0.03300291545189493,0.04989452568911284,0.03966001734297971,0.8392250754310175,1687887.8,0.05339805825242723,0.027319936780311638,1
2020-03-30,86.58,91.75,86.0,91.0,840545,86.666,87.324,94.29299999999999,0.9191138260528353,41.18451025056948,-4.40504061947675,-4.1999923614156875,0.027319936780311638,0.05103439712789602,0.040192904819514326,-0.27918954542063323,1594382.3,0.06318681318681318,0.022087912087912054,1
2020-03-31,91.95,93.48,90.0,93.01,785549,88.726,87.74600000000001,93.654,0.9473807845900869,40.30057803468209,-3.840367520156377,-4.128067393163826,0.022087912087912054,0.04600670799558769,0.040212839977061876,-0.06542897762761068,1358117.2,0.03741533168476512,0.01128910869798938,1
2020-04-01,92.75,95.5,91.05,94.06,2011117,90.47999999999999,88.191,93.211,0.9707008829430002,42.80750521195275,-3.2704342654733836,-3.956540767625737,0.01128910869798938,0.046029192460545376,0.040049424300004965,1.5601420153294066,1375798.9,0.04731022751435257,-0.005953646608547802,0
2020-04-02,93.5,94.0,91.91,93.5,1042124,92.03,89.231,92.6755,0.9930348366073019,46.408839779005525,-2.831307820744854,-3.731494178249561,-0.005953646608547802,0.03742145657827474,0.03986755435984018,-0.4818183129077025,1247431.3,0.022352941176470624,-0.005775401069518793,0
2020-04-03,93.77,94.52,92.5,92.96,1731808,92.906,89.627,91.98949999999999,1.0099630936139452,47.01093869244466,-2.49807419230234,-3.484810181060117,-0.005775401069518793,0.03149212335684977,0.03930551269467759,0.6618060806583477,1190202.1,0.021729776247848494,-0.03065834767641995,0
2020-04-06,93.21,93.21,89.99,90.11,458744,92.728,89.697,91.44800000000001,1.013997025632053,51.85185185185185,-2.435876059564734,-3.2750233567610407,-0.03065834767641995,0.03343366734632984,0.038151151875992405,-0.7351068940667788,1114916.5,0.035734102763289304,0.009876817223393619,1
2020-04-07,90.98,91.35,90.25,91.0,253887,92.326,90.526,91.061,1.0138917868242165,51.946233548025766,-2.288388906456177,-3.0776964667000684,0.009876817223393619,0.02000909743333982,0.03807269478639161,-0.4465606089670927,1006082.4,0.012087912087912026,0.003956043956043986,1
2020-04-08,91.1,92.0,90.6,91.36,189332,91.78599999999999,91.13300000000001,90.559,1.0135491778840313,63.971583220568334,-2.118039838847409,-2.8857651411295366,0.003956043956043986,0.018572219323841153,0.03745137547696634,-0.25426666194015446,911324.0,0.015323992994746122,0.035026269702276736,1
2020-04-09,92.39,94.8,92.02,94.56,2753281,91.99799999999999,92.014,90.2735,1.019103059037259,60.34996276991809,-1.7051676082268727,-2.649645634549004,0.035026269702276736,0.020537859114198854,0.03843189676512174,13.542079521686773,1123249.8,0.02939932318104908,0.012161590524534693,1
2020-04-10,95.47,95.99,93.03,95.71,178310,92.548,92.727,90.241,1.0255648762757505,61.41304347826086,-1.2705222126326987,-2.3738209501657432,0.012161590524534693,0.018941578294789627,0.037547313315664806,-0.9352372678270034,1024469.7,0.030926757914533424,-0.016299237279281065,0
2020-04-13,94.51,95.26,94.0,94.15,818342,93.356,93.042,90.183,1.0351840147256133,75.46749777382016,-1.0399536296158232,-2.1070474860557593,-0.016299237279281065,0.019003326434503375,0.037651725080925944,3.5894341315686162,1022249.4,0.013382899628252842,0.004036112586298435,1
2020-04-14,94.2,94.9,93.91,94.53,239072,94.06199999999998,93.19399999999999,90.47,1.0397037692052613,72.80355380059231,-0.8171440146639526,-1.8490667917773982,0.004036112586298435,0.017872683365073486,0.0340270241716277,-0.7078580837840414,967601.7,0.010472865756902667,0.009626573574526676,1
2020-04-15,95.25,97.0,95.25,95.44,684720,94.878,93.33200000000001,90.7615,1.0453551340601466,73.39449541284407,-0.5606733019277215,-1.591388093807463,0.009626573574526676,0.017781756199811306,0.03403048930029467,1.8640744210949003,834962.0,0.01833612740989103,0.01299245599329435,1
2020-04-16,95.4,97.5,95.4,96.68,544604,95.30199999999999,93.65,91.44050000000001,1.0422296466007948,71.18200836820087,-0.25442789107252395,-1.3239960532604753,0.01299245599329435,0.017896507724280284,0.028920392347287466,-0.20463255053160412,785210.0,0.021721141911460427,0.07498965659908974,1
2020-04-17,102.0,103.93,102.0,103.93,835256,96.946,94.747,92.187,1.0516233308384046,76.99373695198332,0.5667550136268318,-0.9458458398830139,0.07498965659908974,0.028393907953789762,0.02938795298865739,0.5336942071670425,695554.8,0.018570191475031337,0.04339459251419209,1
2020-04-20,107.99,109.25,105.15,108.44,3799221,99.804,96.58,93.1385,1.0715654643353716,79.16824196597355,1.5634452664411072,-0.44398761861818964,0.04339459251419209,0.025683968413275183,0.03040096353794621,3.548570737594223,1029602.5,0.03780892659535222,-0.036978974548137145,0
2020-04-21,107.5,107.5,103.86,104.43,597579,101.78400000000002,97.923,94.2245,1.0802286029641974,67.63005780346823,2.006624863188023,0.04613487774305286,-0.036978974548137145,0.031208299878528026,0.025619410230636335,-0.8427101239964719,1063971.7,0.03485588432442785,0.008426697309202202,1
2020-04-22,104.25,106.0,102.9,105.31,522555,103.758,99.318,95.2255,1.0896031000099764,69.86209216279855,2.401177255360807,0.5171433532666037,0.008426697309202202,0.031075546447569036,0.025226081689571783,-0.1255465804521243,1097294.0,0.029436900579242184,-0.003038647801728356,0
2020-04-23,105.31,105.5,104.5,104.99,1610004,105.42,100.361,96.1875,1.0959844054580896,70.38292104371402,2.657408591047613,0.9451964008228055,-0.003038647801728356,0.03064251830726473,0.025392792725568204,2.0810230502052414,982966.3,0.00952471663967997,0.015906276788265616,1
2020-04-24,105.0,107.25,104.9,106.66,630194,105.96599999999998,101.45599999999999,97.09150000000001,1.0914034699227015,79.2093187433816,2.9610951521578244,1.3483761510898093,0.015906276788265616,0.030682082173885912,0.024876993729939123,-0.6085761277611732,1028154.7,0.022032627039189897,0.00393774610913189,1
2020-04-27,106.98,109.0,105.0,107.08,1188309,105.694,102.749,97.8955,1.0796614757573126,78.85857860732236,3.198785817960328,1.718458084463913,0.00393774610913189,0.029295085251975644,0.024548622215994895,0.885624109401232,1065151.4,0.03735524841240194,-9.338812103110161e-05,0
2020-04-28,107.49,107.8,106.95,107.07,319604,106.22199999999998,104.003,98.5985,1.0773186204658283,78.55325336241368,3.3477595781422167,2.044318383199574,-9.338812103110161e-05,0.029469226328930065,0.024400675696247955,-0.7310430199552473,1073204.6,0.007938731670869472,0.027458671896890108,1
2020-04-29,107.8,111.0,107.05,110.01,3115669,107.162,105.46,99.39599999999999,1.0781319167773353,78.34862385321102,3.660855719844349,2.367625850528529,0.027458671896890108,0.02978586102408888,0.024802931935413237,8.748529430169835,1316299.5,0.03590582674302339,0.01618034724115991,1
2020-04-30,110.5,113.0,110.1,111.79,2317676,108.522,106.971,100.3105,1.0818608221472328,78.83787661406029,4.006434113259488,2.6953875030747207,0.01618034724115991,0.029782620288916498,0.024633758584083336,-0.2561225213589762,1493606.7,0.025941497450577024,-0.007514088916718897,0
2020-05-04,112.4,112.4,109.33,110.95,2022054,109.38,107.673,101.21000000000001,1.0807232486908407,80.92783505154637,4.164520499972085,2.9892141024541936,-0.007514088916718897,0.021637154294764403,0.024692596278068583,-0.12755104682449148,1612286.5,0.02767012167643089,-0.01712483100495721,0
2020-05-05,110.0,110.18,108.5,109.05,892308,109.774,107.73400000000001,102.157,1.0745617040437758,75.31380753138072,4.089351481015015,3.209241578166358,-0.01712483100495721,0.01848900200305561,0.02370958315023599,-0.5587120818731843,1321595.2,0.015405777166437477,-0.010362219165520381,0
2020-05-06,109.0,109.25,107.7,107.92,759576,109.944,108.083,103.003,1.067386386804268,71.5916955017301,3.893713628772147,3.346135988287516,-0.010362219165520381,0.013774212780977941,0.0241362731583282,-0.14875132801678348,1337794.9,0.01436249073387692,-0.004633061527057114,0
2020-05-07,107.92,107.92,107.0,107.42,353538,109.426,108.29400000000001,103.806,1.0541394524401289,69.06960227272725,3.656177264436309,3.408144243517275,-0.004633061527057114,0.013861150737915988,0.024303469567446476,-0.5345587538310848,1320893.2,0.008564513126047307,-0.004468441630981257,0
2020-05-08,107.6,107.6,106.36,106.94,248172,108.45599999999999,108.489,104.425,1.038601867368925,57.03599812996725,3.390116839222358,3.4045387626582917,-0.004468441630981257,0.01392693955873085,0.023621496077355874,-0.2980330261527756,1184710.0,0.011595287076865484,0.0024312698709556546,1
2020-05-11,106.94,107.98,106.3,107.2,176232,107.70599999999999,108.543,104.99950000000001,1.0257763132205389,46.38273045507587,3.163771869733111,3.356385384073256,0.0024312698709556546,0.013048453221071907,0.02359742303844568,-0.289879599632513,1139313.8,0.01567164179104484,0.0045708955223879855,1
2020-05-12,107.92,108.0,107.0,107.69,113836,107.434,108.604,105.6765,1.0166309444389243,61.96769456681345,2.9894700062331907,3.283002308505243,0.0045708955223879855,0.01306807119713911,0.023016356726097274,-0.35405601706840983,1031866.5,0.009285913269570062,0.003157210511653963,1
2020-05-13,107.95,108.48,107.6,108.03,74763,107.45599999999999,108.7,106.35150000000002,1.01038537303188,60.397553516819535,2.8459631900297353,3.195594484810141,0.003157210511653963,0.013088089832553091,0.023023125196360343,-0.34323939702730244,1007382.4,0.00814588540220318,0.02869573266685177,1
2020-05-14,111.1,113.0,109.8,111.13,1267024,108.19800000000001,108.81199999999998,107.136,1.0099126344086022,69.35687263556113,2.9483898931178487,3.146153566471683,0.02869573266685177,0.013369107803323782,0.023529401710980825,15.947206505891952,822517.9,0.028795104832178557,0.0038693422118241116,1
2020-05-15,111.1,111.95,110.5,111.56,437104,109.122,108.78900000000002,107.88,1.0115127919911013,66.75786593707248,3.0293408440488037,3.1227910219871076,0.0038693422118241116,0.012353714077151176,0.023513834571873646,-0.6550152167599035,634460.7,0.012997490139835092,-0.012997490139835088,0
2020-05-18,111.9,112.0,109.9,110.11,669083,109.704,108.705,108.18900000000001,1.0140032720516872,59.6805111821086,2.9425720353018363,3.0867472246500536,-0.012997490139835088,0.012830013756553684,0.017730137918342284,0.5307180899740107,499163.6,0.019071837253655383,0.0018163654527290074,1
2020-05-19,109.62,111.0,109.62,110.31,980115,110.228,108.83099999999999,108.2825,1.017966892157089,60.22727272727274,2.8570116063940674,3.0408001009988563,0.0018163654527290074,0.011458325872169633,0.014972673460974514,0.4648631036807094,507944.3,0.012510198531411436,-0.016408303870909302,0
2020-05-20,110.2,111.0,108.0,108.5,359212,110.322,108.88900000000001,108.48600000000002,1.0169238427078147,44.867437117607054,2.6130310811085735,2.9552462970208,-0.016408303870909302,0.012267605414798143,0.012774340133692589,-0.6335001504925443,467907.9,0.027649769585253458,0.0023963133640554357,1
2020-05-21,108.5,109.5,108.5,108.76,94892,109.848,109.023,108.65849999999998,1.0109471417330447,38.51402577710389,2.4128408566699733,2.846765208950635,0.0023963133640554357,0.012134893478084599,0.012685286490605607,-0.735832878634344,442043.3,0.009194556822361161,-0.0009194556822361699,0
2020-05-28,108.99,109.0,108.0,108.66,316524,109.268,109.19500000000001,108.84200000000001,1.0039139302842652,40.80321285140562,2.220522693857177,2.7215167059319434,-0.0009194556822361699,0.011998368639638355,0.01265252684532956,2.3356236563672383,448878.5,0.009203018590097553,0.007914595987483786,1
2020-05-29,108.7,110.5,108.0,109.52,1054462,109.15,109.42699999999999,108.98500000000001,1.0015139698123594,52.059596844872914,2.1131449572504835,2.5998423561956514,0.007914595987483786,0.01216165672675722,0.012304832949530695,2.3313808747519937,536701.5,0.022826880934989045,-0.0032870708546384186,0
2020-06-01,109.2,109.4,108.7,109.16,194735,108.92,109.574,109.08899999999998,0.9984508062224424,55.8270676691729,1.9762177282025135,2.475117430597024,-0.0032870708546384186,0.012245700885661931,0.012332287329477868,-0.8153228850352123,544791.4,0.006412605349945061,-0.010168559912055675,0
2020-06-02,109.0,109.1,107.26,108.05,860270,108.83,109.576,109.138,0.9971778848796935,52.799999999999976,1.7578705518463664,2.3316680548468924,-0.010168559912055675,0.012750743619979951,0.012583979386595293,3.417644491231674,623342.1,0.017029153169828684,-0.0015733456732993645,0
2020-06-03,108.05,108.55,105.15,107.88,505559,108.654,109.251,109.03149999999998,0.996537697821272,54.296160877513685,1.5532068603782108,2.1759758159531564,-0.0015733456732993645,0.007861012554166972,0.010872279973226899,-0.4123252002278355,547195.6,0.031516499814608745,0.003244345569151097,1
2020-06-04,108.25,108.75,107.9,108.23,441892,108.56799999999998,108.918,108.85349999999998,0.9973772088173555,54.66908431550316,1.4030776791951354,2.0213961886015523,0.003244345569151097,0.007803168095242372,0.010162997331056228,-0.12593386726376155,547674.4,0.007853645015245258,0.0003695832948349409,1
2020-06-05,108.49,108.5,108.1,108.27,235384,108.31800000000001,108.734,108.7195,0.996307010241953,52.741020793950845,1.2726564953144361,1.8716482499441291,0.0003695832948349409,0.007003925932008469,0.010072722545293969,-0.46732685814633435,504304.5,0.00369446753486659,-0.0022166805209198337,0
2020-06-08,108.27,108.73,107.8,108.03,414966,108.09200000000001,108.506,108.6685,0.9946948747797202,50.0,1.1368261490225677,1.724683829759817,-0.0022166805209198337,0.006896702175616386,0.009356327128327466,0.762932059953098,447789.6,0.008608719800055602,0.0022216051096917155,1
2020-06-09,108.24,108.57,107.9,108.27,614474,108.13600000000001,108.48299999999999,108.68599999999999,0.9949395506320963,31.23359580052498,1.0365963774375047,1.5870663392953546,0.0022216051096917155,0.004784378253223108,0.009071939524065431,0.48078155800716194,473315.8,0.0061882331209013345,0.0011083402604599168,1
2020-06-10,108.46,108.5,108.0,108.39,625660,108.23800000000001,108.446,108.7345,0.9954338319484618,28.31737346101235,0.9558283640595988,1.4608187442482035,0.0011083402604599168,0.0047236131650177935,0.00900149559380328,0.01820418764667009,526392.6,0.004612971676353907,0.014669249930805428,1
2020-06-11,108.54,110.15,108.5,109.98,704248,108.58800000000001,108.578,108.8865,0.997258613326721,49.127516778523514,1.008493557406723,1.3703537068799074,0.014669249930805428,0.0066763485326249905,0.009452784839777337,0.1256081577853787,565165.0,0.015002727768685267,-0.020276413893435152,0
2020-06-12,107.99,108.0,106.5,107.75,377421,108.48400000000001,108.401,108.91399999999999,0.996051930881246,36.497890295358665,0.8603709190615092,1.2683571493162278,-0.020276413893435152,0.009064155580220305,0.010619740996124236,-0.46407941520600693,497460.9,0.013921113689095127,-0.006867749419953495,0
2020-06-15,107.5,107.7,106.56,107.01,512565,108.28,108.186,108.88,0.9944893460690669,41.14149821640908,0.6754842831037422,1.1497825760737308,-0.006867749419953495,0.009208186598852003,0.010685962475155714,0.3580722853259357,529243.9,0.01065320998037567,-0.009718717876833982,0
2020-06-16,106.9,107.25,105.54,105.97,1684969,107.82000000000001,107.978,108.777,0.991202184285281,34.82045701849836,0.43996929159148124,1.007819919177281,-0.009718717876833982,0.00916456573009035,0.010855605330291968,2.287327460907397,611713.8,0.016136642445975218,-0.010285929980183073,0
2020-06-17,106.4,106.75,104.45,104.88,394024,107.11800000000001,107.678,108.4645,0.9875857999621996,31.434184675834985,0.16348353708366403,0.8389526427585576,-0.010285929980183073,0.009536248204220379,0.008506185903062098,-0.7661535612821364,600560.3,0.021929824561403483,-0.01277650648360018,0
2020-06-18,104.9,104.95,103.31,103.54,406734,105.83,107.20899999999999,108.0635,0.9793315967000883,21.951219512195166,-0.16189400319547076,0.638783313567752,-0.01277650648360018,0.009755816061119131,0.008627061052125828,0.03225691836030298,597044.5,0.015839289163608272,-0.0015452965037667798,0
2020-06-19,104.01,104.8,103.25,103.38,298296,104.95599999999999,106.72,107.727,0.9742775720107307,22.37093690248568,-0.42773801334926986,0.4254790481843477,-0.0015452965037667798,0.009670712402780111,0.008352307022289786,-0.26660667659944826,603335.7,0.0149932288643838,0.02650415941187867,1
2020-06-22,103.31,106.95,103.01,106.12,680838,104.77799999999999,106.529,107.5175,0.9745204269072476,42.01819685690658,-0.41257035163673095,0.25786916822013195,0.02650415941187867,0.013821128560455784,0.010632548007933682,1.2824241692815188,629922.9,0.037127779871843174,0.01319261213720302,1
2020-06-23,106.12,107.8,106.02,107.52,458209,105.088,106.454,107.46849999999999,0.9778493232900803,48.64864864864865,-0.28430428788317386,0.1494344769994708,0.01319261213720302,0.014581247938144994,0.010563887488932866,-0.3269926179208563,614296.4,0.016555059523809534,-0.0013950892857141906,0
2020-06-24,107.51,107.68,106.75,107.37,325704,105.58599999999998,106.352,107.399,0.9831190234545943,46.72256097560975,-0.19253681015166535,0.08104021956924357,-0.0013950892857141906,0.014570152229213863,0.010545053963628813,-0.2891802649009513,584300.8,0.008661637328862874,-0.014808605755797788,0
2020-06-25,106.45,106.55,105.35,105.78,667658,106.03400000000002,105.93199999999999,107.255,0.9886159153419424,41.51329243353785,-0.2452826687933367,0.01577564189672751,-0.014808605755797788,0.014054287829268729,0.011014753500578373,1.049891926411711,580641.8,0.01134429948950655,0.03460011344299496,1
2020-06-26,106.32,109.55,106.32,109.44,2088168,107.24600000000001,106.101,107.251,0.9999533803880617,53.89718076285239,0.00815328433688478,0.014251170384758967,0.03460011344299496,0.01725435113798947,0.013519307792620686,2.1276012569309435,751716.5,0.029513888888888926,-0.0033808479532164704,0
2020-06-29,109.48,109.5,107.76,109.07,737429,107.83600000000001,106.30699999999999,107.2465,1.005496682875432,52.19538968166849,0.17710563183965178,0.04682206267573753,-0.0033808479532164704,0.017096708516736697,0.013520542116484104,-0.6468536056485876,774202.9,0.015953057669386587,0.008434950032089494,1
2020-06-30,109.1,110.2,109.0,109.99,1785570,108.33,106.70899999999999,107.34349999999999,1.0091901232957747,54.2060988433228,0.3808477202610163,0.1136271941927933,0.008434950032089494,0.016668001874424094,0.013420473355132127,1.421344970159839,784263.0,0.010910082734794099,0.01272842985725986,1
2020-07-01,110.01,111.99,110.0,111.39,1570707,109.13399999999999,107.35999999999999,107.519,1.0150206010100538,53.74402549123738,0.6478154793346107,0.22046485122115678,0.01272842985725986,0.01607708658490965,0.013656491276270473,-0.12033300290663484,901931.3,0.01786515845228472,-0.00736152257832845,0
2020-07-02,111.0,112.5,110.01,110.57,278700,110.09200000000001,108.06300000000002,107.636,1.022817644654205,58.09414466130882,0.7841826355394375,0.33320840808481295,-0.00736152257832845,0.015447446438292383,0.013798144077801182,-0.82256397915079,889127.9,0.022519670796780276,0.014199149859817295,1
2020-07-03,110.65,112.5,109.25,112.14,539657,110.63199999999999,108.93900000000001,107.82950000000001,1.0259901047487003,64.05479452054792,1.0073286110783926,0.4680324486835289,0.014199149859817295,0.015315837517838988,0.014099691326755153,0.9363365626121278,913264.0,0.02898163010522561,-0.010433386837881198,0
2020-07-06,112.15,112.15,110.0,110.97,331144,111.01199999999999,109.424,107.97650000000002,1.0281125985746895,63.60174102285091,1.0773452174285296,0.5898950024325291,-0.010433386837881198,0.0148778971199762,0.01434208630186335,-0.38638060842349864,878294.6,0.019374605749301665,0.0,0
2020-07-07,110.15,112.1,110.15,110.97,502956,111.208,109.769,108.1115,1.0286417263658352,67.61133603238866,1.1199240945697682,0.695900820859977,0.0,0.014611629198631822,0.014344320653730225,0.5188437658541298,882769.3,0.017572316842389732,-0.0007209155627646568,0
2020-07-08,111.1,111.9,110.5,110.89,613324,111.10799999999999,110.12100000000001,108.2365,1.0265298674661503,72.92576419213968,1.1341391795713633,0.7835484926022542,-0.0007209155627646568,0.014589311226033219,0.014351634032728978,0.21943867853251575,911531.3,0.012625123996753591,-0.0016232302281541378,0
2020-07-09,111.0,111.0,109.9,110.71,653146,111.13600000000001,110.61399999999999,108.273,1.0264424187008767,72.83489096573204,1.11799271705614,0.8504373374930314,-0.0016232302281541378,0.013307827728252137,0.014007386643990025,0.06492816195029061,910080.1,0.009935868485231635,-0.0017161954656309542,0
2020-07-10,110.51,110.95,110.4,110.52,185931,110.81200000000001,110.72200000000001,108.4115,1.0221424848839837,66.29629629629625,1.0774450017857191,0.895838870351569,-0.0017161954656309542,0.008199595760013471,0.013152561111134676,-0.7153301099601008,719856.4,0.004976474846181661,0.0072385088671733655,1
2020-07-13,110.8,111.72,110.15,111.32,426433,110.88199999999999,110.947,108.627,1.0207591114547947,64.72868217054261,1.0972159370948305,0.9361142837002213,0.0072385088671733655,0.008254843038923194,0.013066561093950019,1.2935013526523278,688756.8,0.014103485447358904,0.004042400287459502,1
2020-07-14,111.03,112.0,110.71,111.77,545052,111.04199999999999,111.125,108.91699999999999,1.0195102692876228,66.6666666666666,1.1360995367005842,0.976111334300294,0.004042400287459502,0.007991456912063965,0.012772879723605753,0.27816562039054205,564705.0,0.011541558557752584,-0.005636575109600028,0
2020-07-15,111.5,111.75,110.86,111.14,776586,111.09199999999998,111.1,109.23000000000002,1.0170465989197104,71.89542483660126,1.1033604818424152,1.0015611638087183,-0.005636575109600028,0.007233153791455843,0.012563838797335292,0.4247924968626846,485292.9,0.008007917941335258,-0.0015296023034011563,0
2020-07-16,111.15,111.5,110.65,110.97,719644,111.144,111.14000000000001,109.60149999999999,1.014073712494811,58.742857142857126,1.0515750630009109,1.0115639436471568,-0.0015296023034011563,0.006814687208474608,0.012063342243978554,-0.07332349540166838,529387.3,0.0076597278543750055,0.005677210056772131,1
2020-07-17,111.0,111.9,110.5,111.6,1090654,111.35999999999999,111.08599999999998,110.0125,1.0122486081127142,64.03995560488343,1.0492750902561312,1.0191061729689517,0.005677210056772131,0.005247467017266094,0.012011107570084318,0.5155465758069269,584487.0,0.012544802867383563,-0.003225806451612856,0
2020-07-20,111.6,112.0,110.51,111.24,1691163,111.34400000000001,111.11299999999999,110.26849999999999,1.0097534654048983,57.396449704142,1.0067976177038958,1.0166444619159405,-0.003225806451612856,0.004095474959094571,0.0108500238269883,0.5505953308748697,720488.9,0.013394462423588592,-0.0013484358144552067,0
2020-07-21,111.25,111.25,110.5,111.09,949351,111.208,111.125,110.44699999999997,1.006890182621529,47.916666666666686,0.9500782575253055,1.0033312210378136,-0.0013484358144552067,0.004126721431990633,0.010573414988777124,-0.4386401547337542,765128.4,0.006751282743721307,-0.0013502565487443219,0
2020-07-22,110.8,111.2,110.01,110.94,772112,111.16799999999998,111.13,110.62549999999999,1.0049039326375926,52.83307810107201,0.8828470977554872,0.9792343963813483,-0.0013502565487443219,0.0041456538029613025,0.010572731898094033,-0.18669491052308362,781007.2,0.010726518839012059,0.0007211105101856408,1
2020-07-23,111.01,111.97,111.0,111.02,992095,111.178,111.16099999999999,110.8875,1.0026197722917372,38.888888888888815,0.8264939429756453,0.9486863057002077,0.0007211105101856408,0.004106444383080795,0.009842361152965919,0.28491073833847946,814902.1,0.008737164474869384,-0.0003602954422625704,0
2020-07-24,111.03,111.55,110.75,110.98,305148,111.054,111.207,110.9645,1.0008065642615431,50.12787723785173,0.7697329932994137,0.912895643220049,-0.0003602954422625704,0.00405500626963005,0.0063029961152509415,-0.6924205847222292,826823.8,0.0072085060371237806,0.008830419895476505,1
2020-07-27,111.0,113.5,111.0,111.96,1305023,111.19800000000001,111.271,111.109,1.0008010152192892,60.122699386503065,0.7946669159940853,0.8892498977748564,0.008830419895476505,0.004371223669690777,0.0064741956404793235,3.2766886887674174,914682.8,0.022329403358342267,-0.0017863522686673017,0
2020-07-28,112.75,112.98,111.5,111.76,719509,111.332,111.27000000000001,111.19750000000002,1.0012095595674362,58.68263473053903,0.7891915914273113,0.8692382365053474,-0.0017863522686673017,0.004245335363301236,0.0062843237032823365,-0.44866182435098845,932128.5,0.013242662848962097,-0.011095204008589876,0
2020-07-29,111.55,112.0,110.25,110.52,1427692,111.248,111.208,111.154,1.000845673570002,48.4349258649094,0.6769907919356513,0.8307887475914082,-0.011095204008589876,0.005276250672169006,0.006164469583000477,0.9842587097590163,997239.1,0.01583423814694173,0.0019905899384726755,1
2020-07-30,110.15,111.0,110.0,110.74,865628,111.19200000000001,111.18499999999999,111.1625,1.000265377263016,51.803278688524586,0.5989190454172757,0.7844148071565817,0.0019905899384726755,0.005320631832491737,0.005957767058777344,-0.39368715381188657,1011837.5,0.009030160736861116,0.0020769369694781936,1
2020-08-03,110.55,111.5,110.42,110.97,1773591,111.19000000000001,111.122,111.104,1.0007740495391706,46.83544303797472,0.5492740127271958,0.7373866482707045,0.0020769369694781936,0.004990734788375609,0.004984321938389816,1.0489066897096673,1080131.2,0.009732360097323586,-0.012165450121654486,0
2020-08-04,111.0,111.0,109.35,109.62,1451731,110.72200000000001,110.96,111.0365,0.9971675980420853,33.28149300155518,0.3964264912437727,0.6691946168653182,-0.012165450121654486,0.006181058567288851,0.005177091475077407,-0.18147363174486109,1056188.0,0.01505199781061855,-0.0075716110198869035,0
2020-08-05,109.5,109.96,108.6,108.79,898943,110.128,110.72999999999999,110.92750000000001,0.9927925897545693,32.27752639517341,0.20594565257449915,0.5765448240071545,-0.0075716110198869035,0.006476081112190752,0.005402896007862664,-0.38077853266204276,1051147.2,0.01250114900266568,0.0031252872506664087,1
2020-08-06,109.0,109.9,108.51,109.13,1283027,109.85,110.549,110.8395,0.9910726771593159,36.470588235294,0.08148407637976618,0.4775326744816768,0.0031252872506664087,0.006682777369412727,0.005480409335392388,0.427261795241745,1102238.7,0.01273710253825713,-0.004948226885366003,0
2020-08-07,109.25,109.45,108.5,108.59,555024,109.42,110.306,110.73349999999998,0.988138187630663,27.570789865871745,-0.06003407108197223,0.37001932536894705,-0.004948226885366003,0.0067022266746357955,0.005557061477469595,-0.5674105065598776,1058531.6,0.0087485035454462,0.005801639193295793,1
2020-08-10,108.98,110.0,108.52,109.22,866264,109.07000000000001,110.13,110.6685,0.9855559621753255,35.53008595988531,-0.11996955332598702,0.2720215496299602,0.005801639193295793,0.007157008447745439,0.00575341141110131,0.5607685433422698,1114643.2,0.013550631752426332,0.012726606848562527,1
2020-08-11,109.11,111.1,109.11,110.61,992173,109.268,109.995,110.63300000000001,0.9876619091952672,47.08029197080288,-0.054677186955046864,0.2066818023129588,0.012726606848562527,0.007858073278195847,0.006254751891405344,0.14534714590471265,1083358.2,0.017991140041587514,0.0355302413886629,1
2020-08-12,113.0,118.19,113.0,114.54,6862850,110.418,110.273,110.77150000000002,0.9968087459319409,65.00000000000009,0.3106051762923272,0.22746647710883247,0.0355302413886629,0.0140004241431373,0.010153487112344768,5.916989275055863,1697692.3,0.045311681508643245,-0.06312205343111577,0
2020-08-13,114.75,114.75,106.15,107.31,9844116,110.054,109.952,110.58,0.9952432627961657,40.313315926892955,0.016503265146624813,0.18527383471639097,-0.06312205343111577,0.024988332503252813,0.017610608606433605,0.4344064055020873,2539334.7,0.08014164569937558,0.0040070822849687104,1
2020-08-17,107.5,108.49,104.49,107.74,3196775,109.88400000000001,109.652,110.4185,0.9951593256564798,41.70931422722616,-0.17980453720566913,0.11225816033197894,0.0040070822849687104,0.02503807877317372,0.017655253758745496,-0.6752603280985312,2772449.4,0.03712641544458883,0.0025060330425097366,1
2020-08-18,108.02,108.89,107.71,108.01,696299,109.64200000000001,109.356,110.239,0.9945844936909806,39.51141795007968,-0.3100194303625159,0.027802642193079985,0.0025060330425097366,0.025047072538302784,0.01760322791926348,-0.7821870478841958,2664720.2,0.010924914359781565,0.005369873159892569,1
2020-08-19,108.5,108.99,104.0,108.59,2443078,109.23799999999999,109.253,110.10649999999998,0.9921121822962314,41.74908901613742,-0.36223885456961114,-0.05020565715945824,0.005369873159892569,0.024901691378540605,0.017663264439571624,2.5086622270030547,2763854.9,0.04595266599134354,0.005801639193295793,1
2020-08-20,108.5,110.5,108.02,109.22,1913301,108.174,109.296,110.013,0.9832837937334679,46.505376344086024,-0.34876702049174924,-0.10991792982591644,0.005801639193295793,0.024848160249826234,0.01772920783196893,-0.21684817267397927,2865290.7,0.022706464017579236,0.0007324665812122877,1
2020-08-21,109.02,110.0,108.5,109.3,895692,108.572,109.31300000000002,109.931,0.9876377000118256,46.099674972914414,-0.32785584541090884,-0.15350551294291492,0.0007324665812122877,0.024833511130047923,0.017731276717685294,-0.5318603816127206,2826557.2,0.01372369624885636,-0.008874656907593814,0
2020-08-24,109.0,110.89,107.92,108.33,1826773,108.69000000000001,109.28699999999999,109.79650000000001,0.9899222652816803,43.124999999999986,-0.3851151145593974,-0.19982743326621144,-0.008874656907593814,0.024958903549587044,0.01782347626111002,1.0395102334284552,2953732.1,0.027416228191636655,0.0012000369242131104,1
2020-08-25,108.5,109.25,108.3,108.46,1540556,108.78,109.21100000000001,109.67050000000002,0.9918802230317176,46.77419354838706,-0.41521721871210104,-0.24290539035538938,0.0012000369242131104,0.02488334139233148,0.017830165710463097,-0.1566790181374479,3021161.3,0.00875898948921264,-0.0023971971233633926,0
2020-08-26,108.8,108.9,107.77,108.2,2917330,108.702,108.97,109.4825,0.9928710067819058,48.305571510626066,-0.45481040893187696,-0.2852863940706869,-0.0023971971233633926,0.02445190954210924,0.017680714022728958,0.8936864352870002,3213677.0,0.01044362292051765,0.0031423290203327348,1
2020-08-27,108.2,108.65,108.0,108.54,677545,108.566,108.37,109.32149999999999,0.9930891910557395,48.30557151062611,-0.45352518293390176,-0.3189341518433299,0.0031423290203327348,0.020813912006188054,0.01771163506090521,-0.767751677047163,2595146.5,0.0059885756403169855,0.0015662428597751354,1
2020-08-28,108.0,109.03,108.0,108.71,71807,108.44800000000001,108.50999999999999,109.231,0.9928317052851298,50.35211267605631,-0.43378860777383466,-0.3419050430294309,0.0015662428597751354,0.0043024695908713525,0.017569110479551897,-0.8940188474566265,1617915.6,0.009474749333088043,-0.00643915003219564,0
2020-08-31,108.7,108.8,107.95,108.01,511944,108.38400000000001,108.53699999999999,109.09450000000001,0.9934872977097837,46.46405610753946,-0.4692224750099854,-0.3673685294255418,-0.00643915003219564,0.004811646482934463,0.017602877158773362,6.129444204604008,1349432.5,0.007869641699842554,-0.0012961762799740262,0
2020-09-01,108.01,108.4,107.6,107.87,1746071,108.26599999999999,108.523,108.9395,0.9938176694403774,41.361916771752846,-0.5028048784000276,-0.394455799220439,-0.0012961762799740262,0.004764505449152414,0.017587022762845583,2.4106679636835278,1454409.7,0.007416334476685003,0.004635209047928024,1
2020-09-02,108.0,109.8,107.25,108.37,3731770,108.3,108.501,108.877,0.9947004417829294,25.18101367658882,-0.4834998681967875,-0.4122646130157087,0.004635209047928024,0.004675286524089202,0.01743959808268601,1.1372384055402098,1583278.9,0.023530497370120855,0.007474393282273617,1
2020-09-03,108.5,110.2,108.5,109.18,2880472,108.42800000000003,108.497,108.89649999999999,0.9956977496981082,65.55740432612326,-0.3982495055794715,-0.4094615915284613,0.007474393282273617,0.004936236737275583,0.017439618982455073,-0.22812177599369732,1679996.0,0.015570617329181195,-0.0034804909324053224,0
2020-09-04,109.5,109.5,108.51,108.8,801538,108.446,108.447,108.88,0.9960139603232917,58.89261744966448,-0.35723284534562083,-0.39901584229189324,-0.0034804909324053224,0.0050429728879832075,0.01744638663381625,-0.7217337991829117,1670580.6,0.009099264705882307,0.016360294117647056,1
2020-09-07,109.25,112.05,109.25,110.58,3784856,108.96,108.672,108.9795,0.9998210672649442,67.20214190093711,-0.17903195376246117,-0.35501906458600685,0.016360294117647056,0.00646925132674833,0.017776033627116057,3.721991970436835,1866388.9,0.025321034545125676,0.003345993850605966,1
2020-09-08,110.95,113.0,110.7,110.95,2534610,109.576,108.921,109.066,1.0046760677021251,66.25344352617086,-0.007859950912262548,-0.285587241851258,0.003345993850605966,0.00647253700796207,0.017750036424677686,-0.3303285514693294,1965794.3,0.020730058584948148,0.004055881027489994,1
2020-09-09,110.2,111.51,110.0,111.4,1437041,110.18199999999999,109.24100000000001,109.10549999999998,1.0098665970093168,65.39548022598879,0.16223617611751706,-0.19602255825750298,0.004055881027489994,0.00627174563967911,0.017551769778004246,-0.43303269536536193,1817765.4,0.013554757630161625,-0.022262118491921057,0
2020-09-10,109.85,110.0,108.5,108.92,1635222,110.13,109.279,108.82449999999999,1.0119963794917506,47.995780590717324,0.09581876936172762,-0.13765429273365687,-0.022262118491921057,0.010134649830916387,0.016186264655056626,0.1379090784466135,1913533.1,0.013771575468233566,0.0053250091810503886,1
2020-09-11,109.23,109.95,108.5,109.5,1345414,110.27000000000001,109.35799999999999,108.934,1.0122643068279877,56.435643564356454,0.08895819404752103,-0.09233179537742128,0.0053250091810503886,0.010251899100564576,0.0076569102991728396,-0.17722853533037108,2040893.8,0.013242009132420117,-0.0005479452054795164,0
2020-09-14,109.01,111.0,109.0,109.44,1497826,110.042,109.501,109.019,1.0093836854126346,55.43237250554326,0.07778300604866217,-0.05830883509220459,-0.0005479452054795164,0.009956489892302708,0.0076316700667035,0.11328260297573833,2139482.0,0.01827485380116959,0.0023757309941521143,1
2020-09-15,109.75,110.43,109.5,109.7,575661,109.792,109.684,109.10349999999998,1.0063105216606252,58.31485587583147,0.08888184159316381,-0.028870699755130912,0.0023757309941521143,0.009915229505166491,0.007630202242137995,-0.6156689762362251,2022441.0,0.00847766636280772,0.008477666362807668,1
2020-09-16,109.7,111.11,108.75,110.63,1678253,109.63799999999999,109.91,109.2055,1.0039604232387562,60.87408949011441,0.17075264617540142,0.011053969430975558,0.008477666362807668,0.010112885977588708,0.007758636915710224,1.9153494852004913,1817089.3,0.02133236915845611,-0.006598571815963017,0
2020-09-17,110.63,110.95,109.52,109.9,655244,109.83400000000002,109.982,109.23949999999999,1.0054421706434031,55.85054080629308,0.17471692160391683,0.04378655986556381,-0.006598571815963017,0.01026190665780095,0.007846315797649193,-0.609567806522616,1594566.5,0.013011828935395875,0.016014558689717795,1
2020-09-18,110.0,111.98,109.51,111.66,2219936,110.266,110.268,109.35749999999999,1.008307614932675,66.25111308993762,0.3162306197703799,0.09827537184652704,0.016014558689717795,0.011188354368241338,0.0085949713766316,2.3879531899567183,1736406.3,0.022120723625291053,-0.011642486118574213,0
2020-09-21,111.6,111.6,110.25,110.36,122772,110.45,110.24600000000001,109.45899999999999,1.0090536182497558,60.04842615012105,0.31979570386353373,0.1425794382499284,-0.011642486118574213,0.010876893472033196,0.008784293930911116,-0.9446957029391838,1370197.9,0.012232693004711801,-0.010239217107647636,0
2020-09-22,110.0,110.24,108.75,109.23,506869,110.356,110.074,109.49749999999999,1.0078403616520926,53.3026113671275,0.2288020152885224,0.1598239536576472,-0.010239217107647636,0.011234839772973465,0.009133684113578766,3.128539080572118,1167423.8,0.013640941133388216,-0.0017394488693581733,0
2020-09-23,109.01,109.65,108.75,109.04,331641,110.03800000000001,109.83800000000001,109.5395,1.004550869777569,49.43548387096774,0.1397465383104759,0.15580847058821296,-0.0017394488693581733,0.011064344469714577,0.009124286204212458,-0.3457066816080684,1056883.8,0.008253851797505554,0.008712399119588987,1
2020-09-24,109.0,110.1,109.0,109.99,330278,110.056,109.94500000000001,109.61200000000001,1.0040506513885339,54.587509637625296,0.14416465135265355,0.1534797067411011,0.008712399119588987,0.008914541652127298,0.009294961193033394,-0.004109865788608724,926389.4,0.010000909173561182,0.004273115737794431,1
2020-09-25,109.1,110.75,109.0,110.46,523094,109.81599999999999,110.04099999999998,109.69949999999999,1.0010619920783594,49.4854202401372,0.18347611141300035,0.15947898767548097,0.004273115737794431,0.008864080939918428,0.009327812749972629,0.5837991025741951,844157.4,0.015842839036755388,-0.012945862755748605,0
2020-09-28,110.11,110.7,108.7,109.03,572211,109.55,110.0,109.75049999999999,0.998173129051804,42.45283018867921,0.09811071845273034,0.14720533383093085,-0.012945862755748605,0.00989725363172211,0.00970106849204542,0.09389708159527732,751595.9,0.01834357516279923,0.0015592038888379012,1
2020-09-29,109.0,109.8,108.2,109.2,870684,109.54400000000001,109.95,109.81699999999998,0.9975140460948672,41.157556270096414,0.04367218301716491,0.12649870366817767,0.0015592038888379012,0.009875784784317571,0.00969402094694842,0.5216135306731258,781098.2,0.0146520146520146,-0.011080586080586152,0
2020-09-30,109.97,109.97,107.51,107.99,473182,109.33399999999999,109.68599999999999,109.798,0.9957740578152606,45.83706356311544,-0.09600099640407223,0.0819987636537277,-0.011080586080586152,0.009856111218299199,0.00998715805220761,-0.4565399157444032,660591.1,0.02277988702657648,-0.004537457171960302,0
2020-10-01,107.55,108.3,106.91,107.5,449032,108.83599999999998,109.446,109.71400000000001,0.9919973749931638,40.97472924187722,-0.24342584072093132,0.016913842778795894,-0.004537457171960302,0.009779077351993268,0.009866351414119,-0.05103744436601565,639969.9,0.01293023255813954,0.0,0
2020-10-02,107.11,107.97,107.1,107.5,743788,108.244,109.03,109.649,0.9871863856487519,41.19782214156077,-0.3561555524709519,-0.057700036271153665,0.0,0.007522521880133809,0.009845934210880564,0.6564253772559638,492355.1,0.008093023255813996,-0.013953488372092981,0
2020-10-05,106.55,107.5,105.6,106.0,269757,107.638,108.59400000000001,109.42,0.9837141290440505,34.91027732463289,-0.5600759186286979,-0.15817521274266252,-0.013953488372092981,0.007821025214875328,0.009429435172208228,-0.6373200428078969,507053.6,0.017924528301886847,-0.0057547169811320575,0
2020-10-06,106.25,106.45,104.4,105.39,894217,106.876,108.21,109.14199999999998,0.9792380568433786,28.056951423785534,-0.7621209243804543,-0.2789643550702209,-0.0057547169811320575,0.007546981769218952,0.009373722428130121,2.314898223215709,545788.4,0.019451560869152645,-0.002372141569408903,0
2020-10-07,105.55,105.9,105.0,105.14,318039,106.306,107.82000000000001,108.829,0.9768168410993394,29.232111692844597,-0.9316761747628277,-0.40950671900874225,-0.002372141569408903,0.00753278630266831,0.009245513309638513,-0.6443380074411469,544428.2,0.008560015217804886,0.017120030435609612,1
2020-10-08,105.5,107.5,105.41,106.94,485121,106.194,107.51500000000001,108.72999999999999,0.9766761703301757,29.478260869565176,-0.9103114715038458,-0.509667669507763,0.017120030435609612,0.009318493305838416,0.009085222987278006,0.5253506645411412,559912.5,0.019543669347297583,0.004207967084346453,1
2020-10-09,106.9,107.9,106.6,107.39,546664,106.172,107.208,108.62450000000001,0.9774222205855952,36.056338028168994,-0.8473013880786908,-0.5771944132219486,0.004207967084346453,0.009313043921902638,0.009048443466040456,0.12686113361408813,562269.5,0.012105410187168372,-0.005866468013781545,0
2020-10-12,107.1,108.01,106.38,106.76,388874,106.324,106.981,108.4905,0.9800305095837885,37.83251231527092,-0.8385350675822849,-0.6294625440940159,-0.005866468013781545,0.008703154027362948,0.009114426898322142,-0.2886416519104972,543935.8,0.015267890595728827,-0.005901086549269463,0
2020-10-13,107.0,107.0,105.75,106.13,104516,106.47200000000001,106.674,108.31200000000001,0.9830120392938917,36.260623229461686,-0.872367322833469,-0.6780434998419065,-0.005901086549269463,0.008677415498081051,0.009131438804771233,-0.7312342815410647,467319.0,0.011778008103269575,0.0009422406482615386,1
2020-10-14,106.0,106.49,105.49,106.23,165413,106.69000000000001,106.498,108.09200000000001,0.9870295674055434,30.698151950718753,-0.8809553595934005,-0.7186258717922053,0.0009422406482615386,0.00822591422554329,0.008844099809713893,0.5826572008113591,436542.1,0.009413536665725312,0.00376541466628999,1
2020-10-15,106.06,107.0,106.05,106.63,111735,106.628,106.41099999999999,107.92850000000001,0.9879503560227372,30.196483971044486,-0.845735669196273,-0.7440478312730189,0.00376541466628999,0.008316298599576027,0.008863471072539356,-0.3245089563698137,402812.4,0.008909312576198095,-0.005908280971583912,0
2020-10-16,106.5,107.25,105.0,106.0,409061,106.35,106.261,107.6455,0.9879651262709541,32.91995490417136,-0.858760291600845,-0.7669903233385842,-0.005908280971583912,0.008463208054743305,0.007889152776280335,2.660992526961113,369339.7,0.02122641509433962,-0.0007547169811320531,0
2020-10-19,105.75,106.25,105.4,105.92,327948,106.18200000000002,106.253,107.42350000000002,0.9884429384631854,31.32118451025056,-0.8655600921559738,-0.7867042771020623,-0.0007547169811320531,0.007221117529086974,0.007600385607596235,-0.19829071947704624,375158.8,0.00802492447129904,0.005475830815709903,1
2020-10-20,106.25,107.0,105.85,106.5,341533,106.256,106.36399999999999,107.28699999999999,0.9903902616346809,40.8588957055215,-0.814755832281449,-0.7923145881379396,0.005475830815709903,0.007108119040769455,0.0075182236712430335,0.04142425018600515,319890.4,0.010798122065727753,0.013051643192488305,1
2020-10-21,106.5,108.0,106.5,107.89,282553,106.58800000000001,106.63900000000001,107.2295,0.9940175045113518,52.15469613259669,-0.6547837673395094,-0.7648084239782537,0.013051643192488305,0.00790655996539855,0.008165881543294562,-0.17269195070461707,316341.8,0.013903049402168875,0.0058392807489109355,1
2020-10-22,107.99,109.45,107.5,108.52,590825,106.96600000000001,106.797,107.15599999999999,0.9982268841688754,55.2685950413223,-0.4717311948939482,-0.7061929781613927,0.0058392807489109355,0.006234834458349889,0.00801927198901933,1.09102363096481,326912.2,0.017969037965352035,-0.0044231478068558205,0
2020-10-23,108.0,108.85,107.52,108.04,197933,107.374,106.862,107.035,1.0031671883028916,61.77829099307166,-0.36122868149765,-0.6372001188286442,-0.0044231478068558205,0.006410959735587018,0.007974377188858295,-0.6649887868658232,292039.1,0.012310255460940375,-0.0012958163643095322,0
2020-10-26,108.02,109.1,107.55,107.9,200498,107.77000000000001,106.976,106.97850000000001,1.0073986829129218,65.32356532356539,-0.2817041632356023,-0.5661009277100358,-0.0012958163643095322,0.006049717262172071,0.00747138638597646,0.012958930547205316,273201.5,0.01436515291936976,0.0020389249304912926,1
2020-10-27,108.0,108.75,107.52,108.12,208312,108.09400000000001,107.175,106.9245,1.0109376242114765,68.25980392156869,-0.19863846758033787,-0.4926084356840963,0.0020389249304912926,0.00553057178150142,0.0074790920287851476,0.03897295733623274,283581.1,0.011376248612652644,9.248982611897993e-05,1
2020-10-28,108.49,110.6,107.76,108.13,1713718,108.14200000000001,107.36499999999998,106.9315,1.0113203312400931,59.34065934065936,-0.13049709955890876,-0.4201861684590588,9.248982611897993e-05,0.005552946637761272,0.007049810956986955,7.226688812934444,438411.6,0.02626468140201599,-0.023027836863035223,0
2020-10-29,107.55,107.9,105.01,105.64,690008,107.566,107.26599999999999,106.8385,1.006809343073892,39.595719381688426,-0.27425532005996445,-0.39099999877923997,-0.023027836863035223,0.009531546435022641,0.008706202358005634,-0.5973619930466973,496238.9,0.02735706171904582,-0.007951533510034081,0
2020-11-02,105.5,106.1,103.9,104.8,1047310,106.918,107.146,106.7035,1.0020102433378475,38.63109048723889,-0.45076953475383164,-0.40295390597415837,-0.007951533510034081,0.009671913909797413,0.00884643467774055,0.5178229817625304,560063.8,0.020992366412213633,0.0007633587786259888,1
2020-11-03,105.0,105.98,104.25,104.88,1372407,106.314,107.042,106.6475,0.9968728755948334,42.255266418835156,-0.5775454062689391,-0.43787220603311455,0.0007633587786259888,0.009689754037558505,0.008329708243944293,0.3104114350096916,664509.7,0.016495041952707894,-0.002097635392829922,0
2020-11-04,105.14,105.54,104.5,104.66,204025,105.622,106.85799999999999,106.61100000000002,0.9907232837136879,40.415140415140314,-0.6878393750483554,-0.4878656398361627,-0.002097635392829922,0.009424599874796769,0.008247976695620591,-0.8513378319988167,650758.9,0.00993693865851334,0.009650296197210029,1
2020-11-05,104.8,106.49,104.71,105.67,642080,105.13,106.63600000000001,106.6375,0.9858633220021099,44.54545454545456,-0.6858436027239918,-0.5274612324137286,0.009650296197210029,0.00887857651195265,0.008523661805848673,2.147065310623698,686711.6,0.016844894482823895,-0.008706349957414594,0
2020-11-06,106.0,106.0,104.65,104.75,424487,104.952,106.25900000000001,106.52799999999999,0.9852057674977471,43.124312431243105,-0.749854395316305,-0.5719398649942439,-0.008706349957414594,0.008632161470114174,0.007761353476496203,-0.3388876775479691,670077.8,0.012887828162291115,0.003627684964200517,1
2020-11-09,105.0,105.5,104.74,105.13,449803,105.01799999999999,105.96799999999999,106.415,0.9868721514824036,45.79339723109687,-0.7611465616457025,-0.6097812043245356,0.003627684964200517,0.008907108089739069,0.007741899470822279,0.059639046661028594,695264.8,0.007229144868258396,-0.002948730143631728,0
2020-11-10,105.99,106.0,104.4,104.82,1942798,105.006,105.66,106.31800000000001,0.9876596625218682,40.78947368421046,-0.7860490103465878,-0.6450347655289461,-0.002948730143631728,0.008893674594294977,0.007673236437038175,3.3192197473116005,869494.8,0.015264262545315726,0.00381606563632908,1
2020-11-11,104.6,105.5,104.49,105.22,500831,105.11800000000001,105.37,106.2725,0.98913641817027,33.579335793357885,-0.7646928204643899,-0.6689663765160349,0.00381606563632908,0.009019221075344697,0.007646727472497021,-0.742211490849795,898746.7,0.009598935563581117,-0.004561870366850407,0
2020-11-12,105.48,105.48,104.52,104.74,258610,104.93199999999999,105.03099999999999,106.19800000000001,0.9880788715418367,26.315789473684177,-0.7775369130585261,-0.6906804838245332,-0.004561870366850407,0.008980362198914535,0.007694677594079901,-0.48363819332269764,753235.9,0.00916555279740317,-0.002768760740882059,0
2020-11-13,104.5,104.6,104.01,104.45,289895,104.872,104.91199999999999,106.08900000000001,0.9885284996559491,26.957637997432556,-0.8018730321786194,-0.7129189934953505,-0.002768760740882059,0.005671948425638866,0.007634578850160916,0.12097366691156575,713224.6,0.00564863571086634,0.006318812829104736,1
2020-11-16,104.89,105.26,104.5,105.11,226721,104.86800000000001,104.94300000000001,106.0445,0.9889056009505445,33.21299638989163,-0.759152065310559,-0.7221656078583922,0.006318812829104736,0.005555542867715221,0.007710405636353211,-0.217920281481226,631165.7,0.007230520407192514,-0.00675482827514029,0
2020-11-17,105.2,105.2,104.25,104.4,422377,104.78399999999999,104.89500000000001,105.96849999999999,0.9888221499785314,28.863636363636317,-0.7736680933733595,-0.7324661049613858,-0.00675482827514029,0.005979778344928951,0.00784084277616053,0.8629813735825089,536162.7,0.009099616858237574,0.0031609195402297896,1
2020-11-18,104.32,104.95,104.2,104.73,208700,104.68599999999999,104.902,105.88,0.9887230827351718,31.359649122807042,-0.7498995330992102,-0.7359527905889507,0.0031609195402297896,0.006048874939083301,0.007761671292281505,-0.505891656032407,536630.2,0.007161271841879117,-0.004487730354244213,0
2020-11-19,104.33,104.79,104.02,104.26,172969,104.59,104.761,105.6985,0.98951262316873,40.28169014084509,-0.7602244555841509,-0.7408071235879907,-0.004487730354244213,0.005149748567459069,0.007073548332198676,-0.17120747484427412,489719.1,0.007385382697103493,-0.004603874928064466,0
2020-11-20,104.06,104.49,103.35,103.78,598410,104.45599999999999,104.66400000000002,105.4615,0.9904657149765553,42.43323442136501,-0.7979408540486048,-0.7522338696801136,-0.004603874928064466,0.004634505949789021,0.006871380600585946,2.459637276043684,507111.4,0.010984775486606289,-0.006745037579495072,0
2020-11-23,104.25,104.25,102.5,103.08,445841,104.05,104.45899999999999,105.2135,0.9889415331682722,37.77173913043481,-0.8742378516597853,-0.776634666076048,-0.006745037579495072,0.004664205297879885,0.006930139852345697,-0.2549573035209973,506715.2,0.01697710516103997,0.00834303453628249,1
2020-11-24,103.0,104.75,102.9,103.94,251810,103.958,104.37100000000001,105.0155,0.9899300579438273,45.50000000000001,-0.8554478885157408,-0.7923973105639867,0.00834303453628249,0.005658439682573788,0.00732908560501322,-0.4352022357746371,337616.4,0.0177987300365595,0.003655955358860874,1
2020-11-25,104.2,104.55,104.0,104.32,257589,103.876,104.28099999999999,104.82549999999999,0.9909420894725044,40.841248303934805,-0.8006643232203743,-0.7940507130952642,0.003655955358860874,0.005644046012933146,0.007382875050866078,0.02294984313569759,313292.2,0.005272239263803654,0.006518404907975617,1
2020-11-26,104.5,105.95,104.25,105.0,279674,104.024,104.30699999999999,104.66900000000001,0.9938377169935702,51.7531556802244,-0.6943733324821579,-0.774115236972643,0.006518404907975617,0.005914295156040251,0.007604299745263488,0.08573735679706829,315398.6,0.016190476190476217,-0.008380952380952378,0
2020-11-27,105.35,105.45,104.0,104.12,291420,104.09200000000001,104.274,104.593,0.9952100044936086,43.38138925294894,-0.6733832590265081,-0.753968841383416,-0.008380952380952378,0.006473831034347732,0.005938709638298647,0.04199889871779283,315551.1,0.01392623895505189,-0.006819054936611724,0
2020-11-30,104.05,105.0,102.6,103.41,862685,104.15799999999999,104.104,104.52350000000001,0.9965031787110074,41.220423412204255,-0.7059023381250569,-0.7443555407317443,-0.006819054936611724,0.006313023065922537,0.005871019107497757,1.9602806945302311,379147.5,0.02320858717725564,0.005705444347742006,1
2020-12-01,103.42,104.5,103.42,104.0,479061,104.17,104.064,104.4795,0.9970376963902009,42.579075425790755,-0.6762702509444409,-0.7307384827742835,0.005705444347742006,0.00641388923787171,0.006035384040520759,-0.44468606733628147,384815.9,0.010384615384615369,-0.001634615384615401,0
2020-12-02,104.25,104.6,103.65,103.83,1937627,104.072,103.974,104.43800000000002,0.9964955284474998,44.24778761061948,-0.6589086982992853,-0.7163725258792839,-0.001634615384615401,0.0062991983815730455,0.006029430281141941,3.0446352343438514,557708.6,0.009149571414812565,-0.015409804488105472,0
2020-12-03,102.0,103.0,101.51,102.23,789135,103.51799999999999,103.771,104.266,0.9928260410872191,37.96095444685467,-0.7654327388388253,-0.7261845684711923,-0.015409804488105472,0.00777501278758983,0.006426000849831517,-0.5927312119412044,619325.2,0.014574977990804996,-0.007532035605986587,0
2020-12-04,102.35,102.5,101.0,101.46,692691,102.98599999999999,103.53900000000002,104.10150000000002,0.9892844963809356,30.439442658092176,-0.9015933661693794,-0.7612663280108297,-0.007532035605986587,0.007939996575307234,0.006363032368349604,-0.12221483016213952,628753.3,0.014784151389710232,-0.0016755371575003508,0
2020-12-07,101.79,101.8,100.75,101.29,398549,102.56199999999998,103.35999999999999,103.90950000000001,0.9870319845634901,32.30944254835042,-1.0115586056315635,-0.8113247835349765,-0.0016755371575003508,0.0077799059863316675,0.00624420105754961,-0.42463667060781796,624024.1,0.010366275051831346,-0.009576463619310971,0
2020-12-08,101.49,101.65,100.25,100.32,688870,101.826,102.998,103.6845,0.9820754307538735,26.617179215270397,-1.1635648917556836,-0.8817728051791179,-0.009576463619310971,0.007249417142263916,0.006477635021193622,0.7284449339980781,667730.1,0.013955342902711382,-0.0024920255183412676,0
2020-12-09,100.16,100.99,99.95,100.07,763677,101.074,102.57300000000001,103.42699999999999,0.9772496543455771,27.2529858849077,-1.2893411570466071,-0.9632864755526158,-0.0024920255183412676,0.006821796750996427,0.00632245926056583,0.10859378402311037,718338.9,0.010392725092435216,0.020185869891076402,1
2020-12-10,100.25,102.49,100.2,102.09,2877831,101.046,102.282,103.2945,0.9782321420792008,42.13953488372096,-1.2120508673794177,-1.0130393539179763,0.020185869891076402,0.009877111896763666,0.008074090431528234,2.7683876822269102,978154.6,0.02243118816730328,0.0016651973748653681,1
2020-12-11,102.0,102.6,101.45,102.26,721942,101.206,102.09599999999999,103.18500000000002,0.9808208557445364,45.988258317025476,-1.1241219980688868,-1.0352558827481584,0.0016651973748653681,0.009752318399142835,0.00809103828071375,-0.7491367630691309,1021206.8,0.011245843927244195,0.03823586935263057,1
2020-12-14,102.4,106.75,102.4,106.17,2477200,102.18199999999999,102.372,103.23799999999999,0.9897712082760224,58.402411454408444,-0.7305125192863642,-0.9743072100557996,0.03823586935263057,0.015730004502996577,0.011877817902148655,2.4313005753924832,1182658.3,0.04097202599604403,0.010172365074879952,1
2020-12-15,106.49,108.55,105.62,107.25,1497633,103.56800000000001,102.697,103.38050000000001,1.001813688268097,60.48675733715104,-0.3276502493651634,-0.8449758179176724,0.010172365074879952,0.01588599660682505,0.011931524511444329,-0.3954331503310189,1284515.5,0.02731934731934725,0.006713286713286637,1
2020-12-16,107.0,109.45,107.0,107.97,1645014,105.148,103.11099999999999,103.54249999999999,1.015505710215612,60.599571734475354,0.04915238660574062,-0.6661501770129898,0.006713286713286637,0.01582328477438589,0.01198521436987044,0.09840928985939823,1255254.2,0.02269148837640088,0.004075206075761839,1
2020-12-17,108.25,109.0,107.01,108.41,1412596,106.41199999999999,103.729,103.75,1.025657831325301,65.80692704495205,0.3789077009806192,-0.4571386014142681,0.004075206075761839,0.014288955700796049,0.011909307202939036,-0.14128633555702264,1317600.3,0.018356240199243565,-0.0021215755004150294,0
2020-12-18,108.1,109.22,107.99,108.18,1572739,107.596,104.401,103.97,1.0348754448398576,68.22001527883884,0.614597389439794,-0.24279140324345566,-0.0021215755004150294,0.013815176818098962,0.01184942569169779,0.1133678702190859,1405605.1,0.011369938990571307,0.005268996117581803,1
2020-12-21,108.21,109.0,107.56,108.75,1224430,108.11200000000001,105.147,104.2535,1.0370107478406,68.17138485080338,0.8377206793785632,-0.0266889867190519,0.005268996117581803,0.013529113687430037,0.011678361488103152,-0.22146649889142445,1488193.2,0.013241379310344806,0.009195402298850519,1
2020-12-22,108.5,110.15,108.01,109.75,1238573,108.61200000000001,106.09,104.54400000000001,1.0389118457300275,71.294964028777,1.082757779138248,0.1952003664524081,0.009195402298850519,0.01217533974754093,0.011701398913298824,0.011550680724908835,1543163.5,0.019498861047835995,-0.0054669703872436415,0
2020-12-23,109.24,111.2,109.0,109.15,1766073,108.848,106.998,104.7855,1.0387696771022707,76.82170542635662,1.2145360449996758,0.39906750216186165,-0.0054669703872436415,0.012521209943074641,0.011842725083791241,0.42589334661743794,1643403.1,0.020155748969308315,-0.0032065964269354374,0
2020-12-24,109.0,109.9,108.5,108.8,801775,108.926,107.66900000000001,104.97549999999998,1.0376325904615842,79.40705128205133,1.2760200305606162,0.5744580078416126,-0.0032065964269354374,0.0123399470804844,0.011861395269506941,-0.5460125374205935,1435797.5,0.012867647058823583,0.001654411764705932,1
2020-12-28,108.85,109.3,108.5,108.98,635368,109.08599999999998,108.34100000000001,105.21849999999999,1.0367568440911057,80.7846277021617,1.3240086798683706,0.7243681422469642,0.001654411764705932,0.012340412524758811,0.011615756175890751,-0.2075482523151757,1427140.1,0.007340796476417665,-0.0119287942741787,0
2020-12-29,109.3,109.45,107.5,107.68,2124042,108.872,108.492,105.43199999999999,1.0326276652249793,78.70514820592831,1.2428145027748059,0.8280574143525327,-0.0119287942741787,0.007044035260959066,0.011881132682582556,2.3430106646856625,1391824.3,0.018109212481426475,0.005572065378900426,1
2020-12-30,108.18,108.49,107.6,108.28,3113983,108.578,108.595,105.646,1.0277530621130946,81.16932422171608,1.2129009508892494,0.9050261216598761,0.005572065378900426,0.006542414215209031,0.011879034568051063,0.46606470116880927,1553459.3,0.008219431104543781,0.0020317694865163993,1
2020-12-31,108.49,110.0,108.01,108.5,3864322,108.44800000000001,108.648,105.87950000000001,1.0242587091929978,78.18821459982414,1.1931920318804572,0.9626593037039923,0.0020317694865163993,0.006247051808079953,0.011846862935065636,0.24095796284051652,1775390.1,0.018341013824884747,0.0061751152073732385,1
2021-01-01,108.94,110.65,108.6,109.17,1058447,108.522,108.724,106.22650000000002,1.021609485392063,79.1069924178602,1.2176002345729273,1.0136474898777794,0.0061751152073732385,0.006413386487751117,0.011112058486790246,-0.7260976181591492,1739975.2,0.018778052578547325,0.011633232573051266,1
2021-01-04,109.45,111.08,109.17,110.44,799327,108.814,108.95,106.67550000000001,1.0200467773762483,73.13109425785487,1.324158225462213,1.0757496369946662,0.011633232573051266,0.007167522163039383,0.010949672533164702,-0.24481150213473135,1662634.0,0.01729445852951826,0.00226367258239768,1
2021-01-05,109.99,110.99,109.75,110.69,332304,109.41600000000001,109.144,107.1455,1.0211908106266714,70.47619047619052,1.41249672857532,1.143099055310797,0.00226367258239768,0.007082047130610508,0.010871573999689809,-0.5842702673624187,1573421.4,0.011202457313217047,-0.0002710271930617125,0
2021-01-06,110.0,111.2,110.0,110.66,643851,109.89200000000001,109.23500000000001,107.6625,1.0207082317427147,67.44487678339821,1.4632178153041195,1.2071228073094615,-0.0002710271930617125,0.006598730301140994,0.010427370510511779,0.9375361115123502,1513949.2,0.010844026748599338,0.02105548527019696,1
2021-01-07,110.95,113.45,110.89,112.99,2934858,110.79,109.619,108.30850000000001,1.02291140584534,73.85416666666671,1.672150657438607,1.3001283773352905,0.02105548527019696,0.008756783817880228,0.01086111524636854,3.5582875541080154,1630827.7,0.02265687228958317,-0.009204354367643108,0
2021-01-08,112.5,113.62,111.4,111.95,1652925,111.346,109.934,108.8015,1.0233866261035005,68.1075888568684,1.733825668712754,1.3868678356107833,-0.009204354367643108,0.00944534835685218,0.010849663623097474,-0.4367955792068986,1715942.7,0.019830281375614104,0.003841000446627829,1
2021-01-11,112.5,112.95,111.75,112.38,781814,111.734,110.274,109.30749999999998,1.0221988427143611,67.6728334956183,1.7966898437143044,1.4688322372314875,0.003841000446627829,0.009438663876592101,0.010828777390572506,-0.5270118123931817,1730587.3,0.010678056593699973,-0.005428012101797441,0
2021-01-12,112.5,112.55,111.32,111.77,796650,111.95,110.68299999999999,109.5875,1.0215581156610014,60.22267206477733,1.7768063358811474,1.5304270569614196,-0.005428012101797441,0.00846045084965629,0.0076707038503711,0.01897638057133788,1597848.1,0.011004741880647794,-0.0010736333542094023,0
2021-01-13,112.19,112.19,111.3,111.65,777297,112.148,111.02000000000001,109.8075,1.0213145732304258,63.29787234042556,1.731406934178466,1.570623032404829,-0.0010736333542094023,0.008563284657245289,0.007496712446161585,-0.024292976840519676,1364179.5,0.00797133900582177,-0.0034034930586656076,0
2021-01-14,111.65,111.8,110.25,111.27,564591,111.804,111.297,109.9725,1.0166541635408852,63.09650053022272,1.6457930788937034,1.585657041702604,-0.0034034930586656076,0.00880778675140352,0.007506019444680824,-0.2736482965970536,1034206.4,0.013930079985620538,-0.0007189718702255155,0
2021-01-15,111.9,111.9,110.9,111.19,345412,111.652,111.499,110.1115,1.0139903643125376,61.84351554126474,1.5535794534837635,1.5792415240588358,-0.0007189718702255155,0.008762972332598932,0.007497109968760279,-0.3882084553242967,962902.9,0.008993614533681086,-0.0014389783253889732,0
2021-01-18,111.01,112.0,110.86,111.03,346612,111.38199999999999,111.55799999999999,110.25399999999999,1.0102309213271174,70.4517704517705,1.450864169148545,1.5535660530767776,-0.0014389783253889732,0.008094110091217023,0.007482284535119453,0.0034741120748555954,917631.4,0.010267495271548235,0.006394668107718493,1
2021-01-19,111.2,112.01,109.7,111.74,1467498,111.376,111.66299999999998,110.40349999999998,1.00880859755352,70.84337349397595,1.4104933433115718,1.5249515111237366,0.006394668107718493,0.008293558304460344,0.007517644030249965,3.233834950896103,1031150.8,0.02067299087166639,-0.003132271344191806,0
2021-01-20,111.25,111.5,110.25,111.39,329586,111.324,111.73599999999999,110.48549999999997,1.0075892311660808,67.14116251482807,1.3348695527747765,1.4869351194539446,-0.003132271344191806,0.008390126089142993,0.007346892097743195,-0.7754095746638155,999724.3,0.011221833198671335,-8.977466558945935e-05,0
2021-01-21,110.5,111.75,110.5,111.38,164607,111.346,111.575,110.59700000000001,1.0067723355968063,64.22136422136424,1.2596102348012153,1.4414701425233987,-8.977466558945935e-05,0.004405231679826823,0.007203731262544251,-0.5005643443592871,722699.2,0.011222840725444425,-0.0038606572095528646,0
2021-01-22,111.4,111.6,110.75,110.95,196550,111.298,111.475,110.70450000000001,1.0053611190150356,53.67965367965373,1.1519898547957013,1.3835740849778593,-0.0038606572095528646,0.003608897034714599,0.00722545841272083,0.19405614585041953,577061.7,0.0076611086074807955,0.009643983776475906,1
2021-01-25,111.25,112.5,111.0,112.02,652191,111.49600000000001,111.439,110.85650000000001,1.0057687190196334,58.58064516129036,1.139899929095705,1.3348392538014284,0.009643983776475906,0.004742760293853195,0.007479724122402015,2.3181938438056475,564099.4,0.01339046598821639,0.002053204784859819,1
2021-01-26,112.15,112.75,111.6,112.25,259690,111.598,111.487,111.08500000000001,1.0046180852500337,60.00000000000007,1.1357850308510393,1.2950284092113507,0.002053204784859819,0.004425287039789448,0.006789655310842758,-0.6018190990062727,510403.4,0.010244988864142589,0.012739420935412138,1
2021-01-27,112.45,113.97,112.2,113.68,576213,112.056,111.69000000000001,111.35499999999999,1.0062951820753447,54.89361702127671,1.233691762643943,1.282761079897869,0.012739420935412138,0.00583309262927499,0.007161415690694682,1.218849397358389,490295.0,0.015570021111892996,-0.019616467276565852,0
2021-01-28,113.9,115.0,111.0,111.45,3344534,112.07000000000001,111.708,111.50249999999998,1.005089571982691,46.96601941747572,1.1184484127649483,1.249898546471285,-0.019616467276565852,0.008895280860801665,0.00870029886865475,4.804336243715432,768289.3,0.03589053387169134,-0.012023328847016623,0
2021-01-29,111.97,112.75,110.0,110.11,2040432,111.902,111.6,111.5495,1.0031600320933756,37.59562841530056,0.9085176011758307,1.1816223574121942,-0.012023328847016623,0.009706024341011647,0.009114005531405569,-0.389920389507178,937791.3,0.024975024975024976,-0.0007265461810915808,0
2021-02-01,110.3,110.8,109.5,110.03,723547,111.50399999999999,111.5,111.529,0.9997758430542728,39.90719257540605,0.7273066507720927,1.090759216084174,-0.0007265461810915808,0.009704512456920536,0.008727957882097912,-0.6453951908223357,975484.8,0.011814959556484568,0.0019994546941743963,1
2021-02-02,110.5,110.5,109.5,110.25,531602,111.104,111.351,111.50700000000002,0.9963858771198219,41.97247706422015,0.5945937220993898,0.9915261172872171,0.0019994546941743963,0.009435140705415526,0.008724311706257155,-0.265283388639577,881895.2,0.009070294784580499,0.002630385487528475,1
2021-02-03,110.45,111.72,109.85,110.54,1058577,110.476,111.266,111.501,0.9908072573340149,45.77056778679032,0.5069742626310472,0.8946157463559832,0.002630385487528475,0.009486726241311362,0.008746515665467948,0.9912961200296462,954794.3,0.016916953139135195,0.00425185453229604,1
2021-02-04,110.98,111.2,110.65,111.01,423296,110.38799999999999,111.229,111.402,0.9908978294824149,49.00221729490026,0.4700419309947961,0.8097009832837458,0.00425185453229604,0.009617476281183568,0.007303758365147528,-0.6001273407602847,980663.2,0.004954508602828548,-0.014503197910098131,0
2021-02-08,110.98,111.47,109.0,109.4,1360266,110.24600000000001,111.074,111.27449999999999,0.9907570916966603,42.2158548233047,0.30731669189525235,0.7092241250060473,-0.014503197910098131,0.010595508360805684,0.007707403868329621,2.213510167825824,1097034.8,0.022577696526508217,0.0010054844606945945,1
2021-02-09,110.0,110.44,109.02,109.51,802493,110.14200000000001,110.82300000000001,111.13100000000001,0.9911005929938541,38.703140830800464,0.1850981519523458,0.604398930395307,0.0010054844606945945,0.009930385004857385,0.00763704326248094,-0.4100470055121572,1112065.0,0.012966852342251865,-0.002830791708519742,0
2021-02-10,109.95,110.15,109.0,109.2,420113,109.93199999999999,110.518,111.00250000000001,0.9903560730614174,38.86063072227877,0.06250416023692651,0.49601997636363093,-0.002830791708519742,0.00981637174903796,0.007584426949024822,-0.476490137608677,1128107.3,0.010531135531135582,-0.005494505494505586,0
2021-02-11,109.03,109.6,108.25,108.6,674941,109.54400000000001,110.01000000000002,110.85,0.9882183130356339,36.66026871401153,-0.08212080945732225,0.3803918191994403,-0.005494505494505586,0.008186489137456046,0.007646710954654532,0.6065701370821659,1137980.1,0.012430939226519286,-0.0016574585635358297,0
2021-02-12,109.0,109.0,108.05,108.42,191051,109.026,109.707,110.70750000000001,0.9848113271458572,37.56145526057032,-0.20885409557723733,0.2625426362441048,-0.0016574585635358297,0.006250265296520009,0.007632058043851303,-0.7169367396557624,822631.8,0.008762220992436846,-0.004058291828075933,0
2021-02-15,108.7,109.0,107.89,107.98,484723,108.742,109.494,110.547,0.9836721032682932,28.825995807127967,-0.3408661676589162,0.14186087546350062,-0.004058291828075933,0.005382317367536571,0.007655887977891785,1.5371392978838112,667060.9,0.010279681422485639,0.005649194295239912,1
2021-02-16,108.0,108.9,107.91,108.59,247280,108.55800000000002,109.35,110.425,0.9830925967851485,31.55241935483876,-0.3917489458692529,0.03513891119694991,0.005649194295239912,0.005895021995500223,0.007818073756208315,-0.4898529675711695,619434.2,0.009116861589465043,0.0095773091444884,1
2021-02-17,109.0,110.5,109.0,109.63,748140,108.644,109.28800000000001,110.31950000000002,0.9848122951971319,28.75131164742912,-0.3441870319785494,-0.04072627743814995,0.0095773091444884,0.006786101439400658,0.008008326400007365,2.0254771918472985,641088.0,0.013682386208154703,-0.005472954483261794,0
2021-02-18,109.85,109.85,109.0,109.03,286905,108.72999999999999,109.13700000000001,110.20150000000001,0.9866471871979963,34.68354430379745,-0.35086431275388463,-0.10275388450129688,-0.005472954483261794,0.006848586148495345,0.00805926661256715,-0.6165089421765979,563920.8,0.00779601944418962,0.0010088966339538707,1
2021-02-19,109.01,109.5,108.75,109.14,163348,108.874,108.95,110.0895,0.9889589833726194,42.72863568215892,-0.3433224180593015,-0.15086759121289783,0.0010088966339538707,0.006626868677390554,0.008069816050893793,-0.4306547463446089,537926.0,0.006871907641561297,0.00247388675096194,1
2021-02-22,109.49,109.9,108.25,109.41,595446,109.16,108.951,110.0125,0.992250880581752,45.481049562682166,-0.3119625584774042,-0.1830865846657991,0.00247388675096194,0.004934642927935363,0.008075288382068804,2.6452604255944365,461444.0,0.015080888401425881,-0.0011881912073850032,0
2021-02-23,109.3,109.49,108.8,109.28,212070,109.298,108.928,109.87549999999999,0.99474405122161,42.83604135893648,-0.2942081094205946,-0.20531088961675822,-0.0011881912073850032,0.004934729194325896,0.0077019221178959985,-0.6438467971906772,402401.7,0.006314055636896026,-0.0038433382137628147,0
2021-02-24,109.01,109.5,108.5,108.86,851261,109.144,108.894,109.70599999999999,0.9948772172898476,37.82608695652165,-0.3104494030721696,-0.22633859230784054,-0.0038433382137628147,0.005004617088065433,0.0076833045965870395,3.014056679398312,445516.5,0.009186110600771633,0.004133749770347306,1
2021-02-25,109.0,109.5,109.0,109.31,557521,109.2,108.965,109.4875,0.9973741294668341,37.64534883720925,-0.2837387425077651,-0.23781862234782547,0.004133749770347306,0.004816997105643401,0.00705928737355696,-0.345064557168718,433774.5,0.004574146921599122,0.010429054981246022,1
2021-02-26,109.5,110.97,109.0,110.45,803710,109.46199999999999,109.16799999999998,109.4375,1.000223872073101,58.19032761310452,-0.16863792591163929,-0.22398248306058824,0.010429054981246022,0.0056197219192669415,0.006248749876068966,0.44157798540324045,495040.4,0.017836124943413297,0.001448619284744268,1
2021-03-01,110.5,110.97,109.5,110.61,460488,109.702,109.431,109.4625,1.0021879639145825,58.51393188854488,-0.06377389096125796,-0.1919407646407222,0.001448619284744268,0.005230482455463619,0.005628839661378595,-0.4270470692165085,492616.9,0.013289937618660147,-0.00262182442817116,0
2021-03-02,110.85,110.85,109.75,110.32,305473,109.91,109.604,109.477,1.0039551686655643,58.69565217391299,-0.00402259416581785,-0.15435713054574135,-0.00262182442817116,0.005316637260528216,0.005661854297505113,-0.3366320077830476,498436.2,0.009970993473531494,-0.0009064539521391746,0
2021-03-03,110.89,110.89,110.0,110.22,140210,110.18199999999999,109.66300000000001,109.47549999999998,1.006453498728026,63.63636363636374,0.0348597334564289,-0.1165137577453073,-0.0009064539521391746,0.004545311655621167,0.005649082250303635,-0.5410068974999427,437643.2,0.008074759571765565,-0.012701868989294152,0
2021-03-04,109.0,109.85,108.51,108.82,637959,110.08399999999999,109.64200000000001,109.3895,1.006348872606603,52.79329608938543,-0.0467550780470134,-0.10256202180564852,-0.012701868989294152,0.005962785618284578,0.006278800200955511,3.550024962556166,472748.6,0.012313912883660993,0.004870428230104862,1
2021-03-05,109.0,109.9,108.5,109.35,190060,109.86399999999999,109.66299999999998,109.3065,1.0051003371254226,59.44827586206892,-0.06788628275144504,-0.09562687399480783,0.004870428230104862,0.0061695524313581385,0.006306276942880067,-0.7020811682255443,475419.8,0.01280292638317335,-0.003475080018289889,0
2021-03-08,110.5,110.5,108.75,108.97,493288,109.53599999999999,109.619,109.28500000000001,1.002296747037562,52.70655270655268,-0.11398182737457319,-0.0992978646707609,-0.003475080018289889,0.006213595676365035,0.005464997101065418,1.5954330211512153,465204.0,0.016059465908048087,-0.009360374414976613,0
2021-03-09,109.0,109.5,107.5,107.95,1644596,109.06199999999998,109.48599999999999,109.207,0.9986722462845787,38.00000000000003,-0.23016515347674726,-0.1254713224319582,-0.009360374414976613,0.006837029056180416,0.005825998475685302,2.3339469032289455,608456.6,0.018527095877721167,-0.04298286243631311,0
2021-03-10,105.6,105.6,102.75,103.31,985236,107.67999999999999,108.931,108.9125,0.9886835762653506,24.09420289855072,-0.6887114613519287,-0.23811935021595232,-0.04298286243631311,0.014929920656659434,0.011115454790882526,-0.40092521202775633,621854.1,0.02758687445552216,-0.012099506340141342,0
2021-03-11,103.9,103.9,101.25,102.06,798495,106.328,108.20599999999999,108.5855,0.9792099313444245,20.935960591132996,-1.13983792522734,-0.41846306521822985,-0.012099506340141342,0.014693010205732425,0.011299184592656032,-0.18953935909771868,645951.5,0.025965118557711206,0.01342347638643937,1
2021-03-12,102.5,104.0,102.1,103.43,1583436,105.144,107.50399999999999,108.33600000000001,0.9705361098803721,27.48493975903618,-1.3710072296855458,-0.608971898111693,0.01342347638643937,0.015106486966536362,0.011884284611316836,0.9830255668476322,723924.1,0.018369912017789862,0.004737503625640516,1
2021-03-15,104.0,104.99,103.25,103.92,612022,104.13400000000001,106.835,108.133,0.9630177651595722,30.351906158357764,-1.4974104485096404,-0.7866596081912826,0.004737503625640516,0.015331455377718661,0.011977583191057307,-0.6134848519296012,739077.5,0.01674364896073898,0.002598152424942324,1
2021-03-16,104.49,104.49,102.01,104.19,359253,103.38199999999999,106.22200000000001,107.91299999999998,0.958012473010666,32.690882134914744,-1.55784134133755,-0.9408959548205361,0.002598152424942324,0.015550772545995295,0.011896263440480634,-0.413006395194944,744455.5,0.02380266820232258,0.006430559554659876,1
2021-03-17,104.3,105.15,104.15,104.86,804483,103.69200000000001,105.686,107.6745,0.9630135268796234,33.77097009482128,-1.5339870113156593,-1.0595141661195608,0.006430559554659876,0.015963878678756,0.011755090810169176,1.239321592304031,810882.8,0.009536524890329964,0.009059698645813574,1
2021-03-18,104.95,106.2,104.51,105.81,644180,104.44200000000001,105.38499999999999,107.5135,0.9714314946495093,32.840236686390526,-1.4220329121667135,-1.1320179153289915,0.009059698645813574,0.016256073618296424,0.01198608636441398,-0.19926213481204702,811504.9,0.01597202532841884,-0.009734429638030395,0
2021-03-19,105.5,106.0,104.5,104.78,673782,104.71200000000002,104.928,107.29549999999999,0.9759216369745238,29.742876997915218,-1.4002793255153563,-1.1856701973662647,-0.009734429638030395,0.016158145583699705,0.012111196505146749,0.04595299450464152,859877.1,0.014315709104790991,-0.0008589425462874889,0
2021-03-22,104.26,105.1,104.0,104.69,251082,104.86600000000001,104.5,107.0595,0.9795113931972409,30.162085976039478,-1.3744578051986025,-1.2234277189327323,-0.0008589425462874889,0.016191257304238992,0.012069757469332832,-0.6273542481099228,835656.5,0.010507211768077127,0.003629764065335772,1
2021-03-24,104.5,105.47,104.5,105.07,276494,105.042,104.21199999999999,106.849,0.9830882834654512,32.204561161022795,-1.3082505422131305,-1.240392283588812,0.003629764065335772,0.016223660743035054,0.012137478196498613,0.10120996327892873,698846.3,0.009231940611021214,-0.0049490815646711095,0
2021-03-25,105.75,105.75,104.5,104.55,276544,104.97999999999999,104.33600000000001,106.6335,0.9844936159837199,34.28991905813098,-1.2829513983673593,-1.2489041065445214,-0.0049490815646711095,0.008147275954545244,0.01214935099225135,0.00018083575050442668,627977.1,0.011956001912960307,0.004304160688665792,1
2021-03-26,104.5,105.47,104.39,105.0,395111,104.81800000000001,104.63,106.418,0.9849649495386119,33.90081421169505,-1.2126121671677907,-1.2416457186691754,0.004304160688665792,0.006687265613862787,0.012153898488653947,0.4287455160842397,587638.7,0.01028571428571427,-0.011142857142857121,0
2021-03-29,105.0,105.0,103.75,103.83,356647,104.628,104.67,106.08699999999999,0.9862471367839605,32.02797202797203,-1.2370174741519548,-1.2407200697657312,-0.011142857142857121,0.006886532405515906,0.011954184118303466,-0.09734985864731682,464959.8,0.012038909756332468,0.012424154868535098,1
2021-03-30,104.72,105.75,104.01,105.12,610869,104.71399999999998,104.78999999999999,105.8125,0.9896184288245716,40.28826355525052,-1.1391353930238495,-1.220403134417355,0.012424154868535098,0.007792890525588469,0.01241307091738475,0.7128112671633295,464844.5,0.016552511415525065,-0.0059931506849315586,0
2021-03-31,105.5,105.7,103.75,104.49,584612,104.598,104.82000000000001,105.521,0.9912529259578662,55.58712121212117,-1.0997219631596806,-1.1962669001658202,-0.0059931506849315586,0.008086734447684662,0.012438138615836418,-0.04298302909461771,487380.4,0.018662072925638845,0.0006699205665614549,1
2021-04-01,104.45,106.25,104.2,104.56,534753,104.6,104.79,105.23799999999999,0.9939375510747069,63.32622601279314,-1.050726005708725,-1.1671587212744012,0.0006699205665614549,0.007803046200106592,0.012454661235573808,-0.0852856253378309,460407.4,0.019605967865340447,-0.007077276205049832,0
2021-04-02,105.25,105.25,103.75,103.82,175733,104.364,104.59100000000001,104.98799999999999,0.9940564635958397,52.22857142857135,-1.059396113053893,-1.1456061996302995,-0.007077276205049832,0.0073150974669806525,0.012275760634991232,-0.6713753826532998,413562.7,0.014448083220959354,-0.006068194952802863,0
2021-04-05,104.5,104.5,103.0,103.19,350122,104.23599999999999,104.43199999999999,104.67999999999999,0.9957585021016431,45.89426321709785,-1.1043724522781275,-1.1373594501598652,-0.006068194952802863,0.006960584719381959,0.012183923911089998,0.9923520340516578,381196.7,0.01453629227638337,0.006880511677488155,1
2021-04-06,103.89,104.0,103.05,103.9,211917,103.99199999999999,104.353,104.4265,0.9958391787525196,48.44587352625943,-1.0703867071999298,-1.123964901567878,0.006880511677488155,0.007453373305334479,0.012373332045907851,-0.394733835634436,377280.2,0.009143407122232943,-0.020692974013474585,0
2021-04-07,104.3,104.3,101.5,101.75,1116056,103.444,104.021,104.1165,0.9935408892922831,35.615171137835404,-1.2030715313443494,-1.1397862275231725,-0.020692974013474585,0.00954649985758847,0.012959035700361004,4.2664769697570275,461236.4,0.02751842751842749,0.007076167076166984,1
2021-04-08,102.5,104.0,101.75,102.47,1145519,103.026,103.81300000000002,104.07450000000001,0.9899254860700746,34.21550094517964,-1.2358807635789475,-1.1590051347343275,0.007076167076166984,0.010041283081184037,0.009048384018540436,0.02639921294271974,548133.9,0.021957646140333756,-0.001171074460817878,0
2021-04-09,102.7,103.0,102.0,102.35,324151,102.732,103.548,104.08900000000001,0.9869630796722034,37.43536711478803,-1.2570745408159638,-1.1786190159506549,-0.001171074460817878,0.009808215221406399,0.008622679361205058,-0.7170269545943804,541037.9,0.009770395701025891,0.014362481680508132,1
2021-04-12,102.35,103.99,102.35,103.82,521415,102.85799999999999,103.547,104.1085,0.9879884927743651,46.063348416289585,-1.1420887589838316,-1.1713129645572902,0.014362481680508132,0.010598140797787772,0.008700802998513875,0.6085558890763871,557514.7,0.0157965709882489,0.002985937198998201,1
2021-04-13,103.5,104.54,103.49,104.13,1915362,102.904,103.44800000000001,104.119,0.9883306601100663,45.719489981785095,-1.0142555822323516,-1.1399014880923024,0.002985937198998201,0.00975994363723871,0.008661711143133369,2.673392595149737,687964.0,0.010083549409392215,0.011331988860078912,1
2021-04-14,104.49,105.78,104.15,105.31,224534,103.61599999999999,103.53,104.175,0.9946340292776576,53.26460481099657,-0.8084118616181257,-1.0736035627974672,0.011331988860078912,0.010279805635458984,0.009005675757668903,-0.8827720295171356,651956.2,0.015478112240053132,0.007501661760516587,1
2021-04-15,105.3,106.48,105.0,106.1,599960,104.34200000000001,103.684,104.237,1.0010073198576324,54.590984974958225,-0.5749056775287187,-0.9738639857437175,0.007501661760516587,0.010492808355258986,0.009045437696566315,1.6720229453000437,658476.9,0.013949104618284676,-0.0005655042412816558,0
2021-04-16,106.48,106.5,106.0,106.04,218804,105.08,103.90599999999999,104.2485,1.0079761339491695,60.16559337626495,-0.39019393013640524,-0.8571299746222552,-0.0005655042412816558,0.01009498922139613,0.008826565392961859,-0.6353023534902327,662784.0,0.004715201810637495,-0.013013956997359633,0
2021-04-19,106.73,106.73,104.0,104.66,257747,105.248,104.053,104.24249999999999,1.009645777873708,47.90145985401457,-0.3511155647420168,-0.7559270926462075,-0.013013956997359633,0.010928848878192433,0.0090474726916697,0.17798120692491914,653546.5,0.026084463978597403,0.006401681635773038,1
2021-04-20,105.15,106.0,104.8,105.33,210635,105.48799999999999,104.196,104.27449999999999,1.0116375528053358,53.81818181818182,-0.26305000137328705,-0.6573516743916235,0.006401681635773038,0.010903526970454578,0.0091569712388338,-0.18278389273202011,653418.3,0.011392765593847934,-0.013101680432925034,0
2021-04-21,105.5,105.5,103.5,103.95,259808,105.21599999999998,104.41600000000001,104.21849999999999,1.0095712373522934,47.52233956133226,-0.30114051438782496,-0.5861094423908637,-0.013101680432925034,0.009345765531124959,0.009594870790426292,0.2334512308020984,567793.5,0.01924001924001924,-0.003944203944203917,0
2021-04-22,104.0,104.65,103.25,103.54,120657,104.704,104.523,104.16799999999998,1.0051455341371631,48.831385642737956,-0.3602582608876759,-0.5409392060902262,-0.003944203944203917,0.00935411698065355,0.009572907819541905,-0.5355916676930657,465307.3,0.013521344407958331,-0.0029940119760478723,0
2021-04-23,103.5,104.5,102.8,103.23,170079,104.14200000000001,104.61099999999999,104.07949999999998,1.0006005025004927,50.171526586620956,-0.4271994211267156,-0.5181912490975241,-0.0029940119760478723,0.009420361214392593,0.009521443840529952,0.4096073994878042,449900.1,0.016468080984210043,0.01501501501501501,1
2021-04-26,103.05,105.99,103.03,104.78,437724,104.16600000000001,104.70700000000002,104.127,1.0003745426258321,53.51999999999999,-0.35113110597353625,-0.4847792204727266,0.01501501501501501,0.00952567379633351,0.009818803928763643,1.5736510680330906,441531.0,0.028249665966787494,-0.006966978430998361,0
2021-04-27,105.01,106.3,103.75,104.05,873710,103.91,104.699,104.07350000000001,0.9984289948930322,60.379061371841146,-0.3457655473096679,-0.4569764858401149,-0.006966978430998361,0.009806496477016789,0.009532747180131201,0.9960294614871472,337365.8,0.024507448342143173,0.012397885631907801,1
2021-04-28,104.0,106.05,104.0,105.34,466420,104.18800000000002,104.702,104.11600000000001,1.0006915363632871,62.31759656652362,-0.23471543100825443,-0.4125242748737428,0.012397885631907801,0.009948522879039115,0.009853375097163043,-0.46616154101475316,361554.4,0.019460793620656894,-0.0028479210176570735,0
2021-04-29,106.39,106.39,105.0,105.04,224910,104.48800000000001,104.596,104.13999999999999,1.003341655463799,61.36939983093835,-0.16896715833894405,-0.3638128515667831,-0.0028479210176570735,0.009622849858272987,0.009880629135359075,-0.5177951202778612,324049.4,0.013233054074638238,0.002760853008377584,1
2021-04-30,105.0,106.25,104.76,105.33,1650519,104.90799999999999,104.525,104.21549999999999,1.0066448848779692,57.08920187793429,-0.09239552410129193,-0.3095293860736849,0.002760853008377584,0.009695296102059455,0.00973918961112606,6.338575430172069,467220.9,0.014146017279027768,0.007785056489129527,1
2021-05-03,105.5,106.3,104.6,106.15,401157,105.18199999999999,104.674,104.3635,1.0078427802823784,59.05017921146958,0.03406254288377397,-0.24081100028219313,0.007785056489129527,0.00894521591139583,0.00972005909082606,-0.7569509954141698,481561.9,0.01601507300989169,0.01252943947244467,1
2021-05-04,106.15,107.6,105.65,107.48,561766,105.86800000000001,104.88900000000001,104.54249999999999,1.0126790539732646,59.59328028293547,0.23884806496171507,-0.14487918723341148,0.01252943947244467,0.009513878137806,0.009964848539999334,0.40036444584040654,516675.0,0.01814291030889457,0.004838109415705283,1
2021-05-05,107.5,108.1,107.5,108.0,390788,106.4,105.29400000000001,104.85499999999999,1.0147346335415575,58.605072463768145,0.4380521285274881,-0.02829292408123156,0.004838109415705283,0.007889251453726239,0.008461388358134243,-0.3043580423165517,529773.0,0.005555555555555503,9.259259259253305e-05,1
2021-05-06,108.0,108.25,107.0,108.01,258103,106.994,105.74100000000001,105.13199999999999,1.0177110679907164,58.96269335759781,0.5899293620502419,0.09535153314506314,9.259259259253305e-05,0.0075413113008059385,0.008429185408807268,-0.33953192012037214,543517.6,0.01157300249976854,0.011480418479770327,1
2021-05-17,108.0,110.2,107.4,109.25,865378,107.77799999999999,106.343,105.477,1.0218151824568389,71.15207373271892,0.801116033761204,0.23650443326829132,0.011480418479770327,0.0073814795231535064,0.008598782347419728,2.352839757771122,613047.5,0.025629290617848945,0.0013729977116705427,1
2021-05-18,108.99,109.5,108.9,109.4,390216,108.428,106.80499999999999,105.756,1.0252657059646735,69.69990319457894,0.9694119613551493,0.38308593888566295,0.0013729977116705427,0.006699499235434844,0.008200783253931046,-0.5490802863026331,608296.7,0.005484460694698302,-0.004296160877513722,0
2021-05-19,109.5,109.5,108.55,108.93,404572,108.718,107.293,105.99600000000001,1.0256802143477113,76.4331210191083,1.0527274378306686,0.5170142386746641,-0.004296160877513722,0.006235642351666889,0.00834560131340223,0.03678988047645415,561382.9,0.008721197099054464,9.180207472669899e-05,1
2021-05-20,108.36,109.0,108.35,108.94,101229,108.90599999999999,107.65299999999999,106.17750000000001,1.0256975347884436,79.93348115299331,1.1068039229573117,0.6349721755311937,9.180207472669899e-05,0.005721312621752566,0.008078770264371081,-0.7497874296787717,524863.8,0.00596658711217189,0.00036717459151835996,1
2021-05-21,108.8,109.0,108.5,108.98,70385,109.1,108.047,106.32149999999999,1.0261330022620072,82.85714285714286,1.1397492725812413,0.7359275949412032,0.00036717459151835996,0.005414513153467263,0.007967101235163032,-0.3046952948265813,509411.3,0.004587997797761057,0.0005505597357313707,1
2021-05-24,109.4,109.4,108.5,109.04,397076,109.05799999999999,108.418,106.47149999999999,1.0242928858896512,79.33884297520663,1.1573588852771195,0.8202138530083865,0.0005505597357313707,0.0055016246271993915,0.007956731920972255,4.641486112097748,384067.0,0.008253851797505554,-0.0022010271460015662,0
2021-05-25,109.0,109.1,108.5,108.8,269847,108.93800000000002,108.68300000000002,106.67850000000001,1.021180462792409,85.08124076809449,1.1388210161895245,0.8839352856446141,-0.0022010271460015662,0.005539787192770652,0.007260855775939405,-0.320414731688644,370936.0,0.0055147058823528895,-0.012316176470588247,0
2021-05-26,108.6,109.0,107.26,107.46,819466,108.644,108.681,106.785,1.0174088120990776,65.54252199413482,1.0044244405090552,0.9080331166175024,-0.012316176470588247,0.0060785328173759345,0.007842158686607517,2.036780101316672,396706.0,0.01619207146845333,-0.010236367020286519,0
2021-05-27,107.3,108.45,105.5,106.36,979217,108.128,108.51700000000001,106.9055,1.0114353330745378,58.661417322834595,0.7999322579615722,0.8864129448863165,-0.010236367020286519,0.0065923318309087904,0.007592592648232882,0.19494524483016984,455548.9,0.027735990974050422,0.014667168108311479,1
2021-05-28,106.5,108.0,106.5,107.92,363977,107.91600000000001,108.50800000000001,107.12450000000001,1.007388599246671,64.56692913385827,0.7550459923421897,0.8601395543774912,0.014667168108311479,0.00835997902841939,0.008058516153235499,-0.6282979155794886,466136.3,0.013899184581171238,-0.004911045218680465,0
2021-05-31,108.25,108.85,106.51,107.39,1023882,107.58599999999998,108.322,107.33250000000001,1.0023618195793442,57.209302325581355,0.6689949752062887,0.8219106385432509,-0.004911045218680465,0.0073993254669853775,0.00813340529151565,1.8130403844198946,481986.7,0.021789738336902776,0.006425179253189306,1
2021-06-01,107.55,108.3,107.39,108.08,464464,107.44200000000001,108.18999999999998,107.49749999999999,0.9994837089234635,53.76884422110548,0.6489949478182808,0.7873275003982569,0.006425179253189306,0.0077937515704881504,0.007621108591782064,-0.5463696011845115,489411.5,0.008419689119170954,-0.0013878608438193663,0
2021-06-02,107.71,108.8,107.71,107.93,403884,107.53599999999999,108.09,107.69149999999999,0.9985560605990259,49.538866930171324,0.6139636449038051,0.7526547292993666,-0.0013878608438193663,0.0077186948679072295,0.007390444859048664,-0.13042991491267353,489342.7,0.010099138330399365,-0.007319558973408746,0
2021-06-03,108.29,108.29,107.0,107.14,617987,107.69200000000001,107.91,107.78150000000001,0.9991696163070657,44.80286738351252,0.5165007876927064,0.7054239409780346,-0.007319558973408746,0.007965283894583848,0.007223716887849376,0.5301101306315674,541018.5,0.012040321075228731,0.003640097069255166,1
2021-06-04,107.65,107.9,107.2,107.53,368430,107.614,107.76499999999999,107.90599999999999,0.9972939410227422,38.563829787234056,0.46536606152797333,0.6574123650880224,0.003640097069255166,0.008122440085104939,0.007193476805579509,-0.40382241050378087,570823.0,0.006509811215474778,0.0019529433646423566,1
2021-06-07,107.75,108.3,107.4,107.74,722462,107.68400000000001,107.63499999999999,108.02650000000001,0.9968294816549643,39.05013192612129,0.43675206169488945,0.6132803044093958,0.0019529433646423566,0.00817007866754082,0.0071864957257682435,0.9609206633553184,603361.6,0.008353443475032406,0.002041952849452411,1
2021-06-08,107.95,108.25,107.46,107.96,304579,107.66,107.551,108.117,0.9957730976627172,43.38335607094125,0.4269063118348271,0.5760055058944822,0.002041952849452411,0.00822052765644607,0.007020508018481577,-0.578415196923852,606834.8,0.007317525009262749,0.001296776583920023,1
2021-06-09,107.85,108.6,107.81,108.1,466579,107.694,107.61500000000001,108.148,0.9958020490439029,44.36997319034851,0.42549546722271714,0.5459034981601292,0.001296776583920023,0.007148596695289061,0.006466000741978336,0.5318817121337978,571546.1,0.007308048103607697,-0.022386679000924947,0
2021-06-10,105.0,106.15,104.6,105.68,714611,107.402,107.547,108.032,0.994168394549763,33.23170731707317,0.22649272039301138,0.48202134260670565,-0.022386679000924947,0.009755516041420437,0.008116950664313703,0.5315970071520579,545085.5,0.014666919000757108,0.010787282361846895,1
2021-06-11,105.95,107.45,105.68,106.82,361121,107.25999999999999,107.43699999999998,107.97250000000001,0.9934010975016785,39.83516483516475,0.1589379447242436,0.4174046630302133,0.010787282361846895,0.009138587224107092,0.008537811343434964,-0.4946607315028736,544799.9,0.016569930724583376,-0.015540161018535836,0
2021-06-14,107.74,107.74,105.0,105.16,1924800,106.744,107.21400000000001,107.768,0.9904981070447628,35.25121555915716,-0.028222497121362267,0.3282792309998982,-0.015540161018535836,0.01020207964017402,0.008675835960595528,4.330069422714271,634891.7,0.026055534423735212,0.010174971472042715,1
2021-06-15,105.2,106.5,105.17,106.23,941163,106.398,107.029,107.6095,0.9887417003145633,44.90472245236125,-0.08918042167708506,0.2447873004645016,0.010174971472042715,0.01060895613511088,0.009063588228464113,-0.5110333541147132,682561.6,0.01252000376541465,0.003671279299632957,1
2021-06-16,106.16,107.1,106.15,106.62,1099885,106.102,106.898,107.494,0.9870504400245595,51.14436619718313,-0.10481206716458757,0.17486742693868376,0.003671279299632957,0.010743889408993705,0.009105976849288778,0.16864453872496044,752161.7,0.008910148189832944,-0.004877133746013951,0
2021-06-17,106.61,106.62,106.0,106.1,930373,106.18599999999999,106.79399999999998,107.352,0.9891385349131827,41.1821705426356,-0.15734612482955868,0.10842471658503527,-0.004877133746013951,0.010615504506319862,0.009141430295770756,-0.15411793051091704,783400.3,0.005843543826578743,0.007822808671065218,1
2021-06-18,106.1,107.15,106.01,106.93,1046741,106.208,106.734,107.24949999999998,0.9902889990163126,47.834274952919046,-0.13050134237529676,0.06063950479296888,0.007822808671065218,0.01089406302935444,0.009361506549293191,0.12507671654272,851231.4,0.010661180211353226,-0.00617226222762568,0
2021-06-21,106.52,106.89,106.0,106.27,575723,106.43000000000002,106.58699999999999,107.11099999999999,0.9936421095872509,41.45420207743153,-0.16063148327437204,0.0163853071795007,-0.00617226222762568,0.010992877889718958,0.009426875428720251,-0.4499852399017522,836557.5,0.00837489413757411,-0.00169379881434073,0
2021-06-22,106.0,106.6,105.95,106.09,320962,106.402,106.4,106.97550000000001,0.9946389593878971,41.33709981167607,-0.19676613516652708,-0.026244981289704858,-0.00169379881434073,0.010929296846276271,0.009424845559063979,-0.4425062052410621,838195.8,0.006126873409369323,0.004053162409275002,1
2021-06-23,106.03,107.0,106.02,106.52,442873,106.38199999999999,106.242,106.92850000000001,0.9948891081423566,46.97855750487327,-0.18853241644765717,-0.05870246832129533,0.004053162409275002,0.011047163564749336,0.009116051165817606,0.3798300110293431,835825.2,0.009200150206534021,0.005069470521967823,1
2021-06-24,106.5,107.2,106.1,107.06,801426,106.574,106.38,106.9635,0.9963585709143774,47.74255523535063,-0.13685605658018574,-0.07433318597307342,0.005069470521967823,0.008335128170162886,0.008886357216990722,0.8096068173042836,844506.7,0.010274612366897147,0.001214272370633207,1
2021-06-25,106.31,107.47,106.31,107.19,317049,106.626,106.417,106.92699999999999,0.9971849953706735,47.337850919651515,-0.08443889649507241,-0.07635432807747322,0.001214272370633207,0.007649762652047942,0.008231900108642035,-0.6043939178414477,840099.5,0.010821905028454116,-0.0016792611251048584,0
2021-06-28,106.8,108.0,106.8,107.01,823921,106.774,106.602,106.90799999999999,0.9987465858495156,45.38386783284748,-0.056768028662062875,-0.07243706819439115,-0.0016792611251048584,0.005358906756108862,0.008168239219969961,1.598718179208892,730011.6,0.011213905242500728,-0.004579011307354497,0
2021-06-29,107.06,107.35,106.2,106.52,650151,106.85999999999999,106.631,106.83,1.0002808199943836,42.575187969924826,-0.0735299637939022,-0.07265564731429336,-0.004579011307354497,0.004784414409737156,0.008072415419163235,-0.2109061427005744,700910.4,0.01079609463011633,-0.003942921517085973,0
2021-06-30,107.0,107.0,106.0,106.1,275336,106.776,106.579,106.7385,1.0003513259039616,52.43055555555548,-0.11932885925281767,-0.08199028970199822,-0.003942921517085973,0.00479114043601517,0.008104104574324316,-0.5765045351003075,618455.5,0.009425070688030161,0.00395852968897259,1
2021-07-01,106.7,106.99,106.49,106.52,123795,106.66799999999998,106.62100000000001,106.70750000000001,0.9996298292060067,48.10606060606062,-0.12034703821063886,-0.08966163940372635,0.00395852968897259,0.004703745837805564,0.00802023165392028,-0.550385710550019,537797.7,0.004693954187007135,0.004412316935786587,1
2021-07-02,106.79,107.2,106.6,106.99,201296,106.628,106.627,106.68050000000001,0.9995078763222893,63.59583952451701,-0.08228040305553463,-0.088185392134088,0.004412316935786587,0.004203163579524579,0.00804182232842752,0.6260430550506886,453253.2,0.005608000747733513,-0.0023366669782222127,0
2021-07-05,106.51,107.0,105.8,106.74,341050,106.574,106.674,106.63050000000001,0.9994701328419165,54.31472081218264,-0.07146146778522677,-0.08484060726431576,-0.0023366669782222127,0.003717823911834391,0.008037999052431088,0.6942711231221683,429785.9,0.01124227093872965,-0.004309537193179613,0
2021-07-06,106.5,106.8,106.2,106.28,283289,106.526,106.69300000000001,106.5465,0.999807595744581,47.15719063545149,-0.0988658749918443,-0.08764566080982147,-0.004309537193179613,0.003968774463047042,0.008060415284088698,-0.1693622635977129,426018.6,0.005645464809935965,-0.0026345502446367686,0
2021-07-07,106.3,106.54,105.8,106.0,234458,106.506,106.641,106.44149999999999,1.0006059666577416,49.12891986062723,-0.14154607009683673,-0.09842574266722454,-0.0026345502446367686,0.0038048071699663525,0.00805573619943865,-0.17237167698004507,405177.1,0.006981132075471784,0.017452830188679158,1
2021-07-08,107.25,108.1,106.0,107.85,1139485,106.772,106.72,106.55,1.0020835288596903,56.804733727810564,-0.02579356118938847,-0.08389930637165734,0.017452830188679158,0.00671492362110504,0.007372524413965234,3.8600815497871688,438983.0,0.019471488178024982,-0.007788595271209897,0
2021-07-09,107.5,107.65,106.96,107.01,420146,106.776,106.702,106.5595,1.002031728752481,55.33141210374649,-0.0018188768751201678,-0.0674832204723499,-0.007788595271209897,0.0072303336677312004,0.007249339411636287,-0.6312843082620658,449292.7,0.0064479955144380145,0.0013082889449584911,1
2021-07-12,107.01,107.3,106.8,107.15,182358,106.85799999999999,106.71600000000001,106.65899999999999,1.0018657591014355,57.681159420289895,0.02815352681125205,-0.04835587101562952,0.0013082889449584911,0.007221597225849248,0.006243703125443608,-0.5659651644904391,385136.4,0.004666355576294913,0.003919738684087681,1
2021-07-13,106.7,107.6,106.7,107.57,259052,107.11600000000001,106.821,106.726,1.0036542173416039,57.61973875181423,0.08481961486398859,-0.021720773839705897,0.003919738684087681,0.007101788145268895,0.0059050971872254545,0.4205683326204499,346026.5,0.0083666449753648,-0.004369247931579445,0
2021-07-14,107.11,107.75,107.0,107.1,260896,107.33599999999998,106.921,106.75,1.0054894613583136,50.293255131964756,0.09075663980713955,0.0007747088896631928,-0.004369247931579445,0.007135981524283756,0.005961544027594369,0.007118261970569639,344582.5,0.0070028011204481795,-0.004761904761904634,0
2021-07-15,107.0,107.0,106.5,106.59,435850,107.08399999999999,106.928,106.77449999999999,1.0028986321640467,45.83333333333335,0.05369013069072537,0.011357793249875629,-0.004761904761904634,0.007260757279000553,0.005956390370336357,0.670589046976573,375788.0,0.004690871563936579,0.0023454357819683302,1
2021-07-16,107.0,107.05,106.5,106.84,126176,107.05,106.91300000000001,106.77000000000001,1.0026224594923667,48.83081155433286,0.04398058502184199,0.017882351604268903,0.0023454357819683302,0.0071526351353649095,0.005710588590480946,-0.7105059079958702,368276.0,0.005147884687382976,0.0063646574316733595,1
2021-07-19,106.75,107.75,106.6,107.52,317924,107.124,106.99100000000001,106.83250000000001,1.002728570425666,56.70241286863275,0.09011720211863405,0.032329321707141936,0.0063646574316733595,0.007378366920558138,0.005688529801215555,1.5196867867106265,365963.4,0.010695684523809578,0.0040922619047618625,1
2021-07-23,107.49,108.0,107.49,107.96,75235,107.202,107.15900000000002,106.926,1.002581224398182,62.43315508021399,0.16033686278285586,0.057930829922284724,0.0040922619047618625,0.007214413789528903,0.0057128048872006724,-0.7633553931128194,345158.0,0.0047239718414227964,-0.0005557613931084227,0
2021-07-26,107.95,108.0,107.64,107.9,401660,107.362,107.349,106.995,1.0034300668255525,59.691011235955216,0.2087387409353596,0.08809241212489971,-0.0005557613931084227,0.007108236273618955,0.00567127679164323,4.338738618993819,361878.2,0.003336422613531042,0.013901760889712733,1
2021-07-27,107.99,109.6,107.99,109.4,783441,107.924,107.50399999999999,107.11200000000001,1.0075808499514527,64.78527607361983,0.3639397709302301,0.14326188388596578,0.013901760889712733,0.006279854845119848,0.006337531987360384,0.9505078922471741,326273.8,0.01471663619744058,-0.001279707495429605,0
2021-07-28,109.45,109.61,108.9,109.26,212653,108.40799999999999,107.729,107.21549999999999,1.0111224589728165,65.67164179104496,0.47022046655662564,0.20865360042009776,-0.001279707495429605,0.005506044585739706,0.006359675703847129,-0.7285653929268445,305524.5,0.006498261028738731,-0.00027457440966505153,0
2021-07-29,109.25,109.6,108.53,109.23,492363,108.75,107.93699999999998,107.32650000000001,1.013263266760772,69.3823915900133,0.5457370176421961,0.27607028386451743,-0.00027457440966505153,0.00555376828667517,0.006336523546596892,1.3153353115168844,336525.0,0.009795843632701575,-0.024260734230522774,0
2021-07-30,109.24,109.24,106.25,106.58,719401,108.474,107.83800000000001,107.32950000000001,1.0106634243148436,52.90581162324649,0.38728717000105917,0.2983136610918258,-0.024260734230522774,0.009891896492846709,0.008436472180978689,0.46111913364732926,382559.9,0.028054043910677378,-0.00037530493525983477,0
2021-08-02,106.5,107.05,106.0,106.54,421079,108.202,107.782,107.35149999999999,1.0079225721112421,41.98286413708692,0.2555411392850715,0.2897591567304749,-0.00037530493525983477,0.009815687602339156,0.00838489262269084,-0.41468110275076075,398578.2,0.009855453350854112,9.38614604841792e-05,1
2021-08-03,107.0,107.5,106.41,106.55,766400,107.63200000000002,107.77799999999999,107.353,1.002598902685533,46.8664850136239,0.15020688571230778,0.2618487025268415,9.38614604841792e-05,0.009699771071360917,0.008339104903504677,0.8200860171131783,431633.2,0.010229938995776663,-0.0017832003754105763,0
2021-08-04,106.95,106.95,106.0,106.36,267819,107.05199999999999,107.72999999999999,107.32149999999999,0.9974888535847897,44.65493910690113,0.05081159432953086,0.2196412808873794,-0.0017832003754105763,0.009676931627841683,0.008283305946600164,-0.6505493215031315,445797.5,0.00893192929672812,-0.0002820609251598105,0
2021-08-05,106.5,106.9,106.25,106.33,90976,106.47200000000001,107.61100000000002,107.301,0.9922740701391414,41.142857142857125,-0.030034421361591512,0.16970614043758522,-0.0002820609251598105,0.00938391335785472,0.008268956942887457,-0.6603078945108449,423102.7,0.006113044296059491,0.001598796200507957,1
2021-08-06,106.5,106.65,106.0,106.5,69110,106.45599999999999,107.465,107.31199999999998,0.9920232592813479,45.52238805970151,-0.0794717906767346,0.11987055421472126,0.001598796200507957,0.00926379186904978,0.00821828658787619,-0.24034910306014778,422490.2,0.0061032863849765796,0.0003755868544601526,1
2021-08-09,106.7,106.8,106.5,106.54,235487,106.45599999999999,107.329,107.33899999999998,0.9917737262318449,49.59871589085074,-0.1141082277108012,0.07307479782961676,0.0003755868544601526,0.009277020139200811,0.008192407500948282,2.4074229489220085,405872.9,0.0028158438145297273,-0.004880795945184979,0
2021-08-10,106.79,106.8,105.9,106.02,177932,106.35,106.99099999999999,107.24749999999999,0.9916315065619246,43.69230769230762,-0.18142614017098424,0.022174610229496565,-0.004880795945184979,0.00762817717808758,0.007190110901948241,-0.2444083962172009,345322.0,0.008488964346349666,0.0020750801735520685,1
2021-08-11,106.51,106.51,106.0,106.24,125908,106.326,106.689,107.20899999999999,0.9917637511776064,39.40397350993375,-0.21455070246690866,-0.025170452309784486,0.0020750801735520685,0.007789523080537055,0.007024095302754449,-0.29238135917091923,336647.5,0.004800451807228964,-0.002070783132530063,0
2021-08-12,106.06,106.3,105.68,106.02,320725,106.26399999999998,106.36799999999998,107.1525,0.9917080796061686,33.33333333333333,-0.2556078301635125,-0.07125792788053009,-0.002070783132530063,0.0077461413525660725,0.007023066730208742,1.5472964386695045,319483.7,0.0058479532163741785,-9.43218260704981e-05,0
2021-08-13,106.0,106.5,105.8,106.01,171961,106.16600000000001,106.311,107.07450000000001,0.9915152533983348,33.622183708838804,-0.2856599065051455,-0.11413832360545317,-9.43218260704981e-05,0.0019909933181948693,0.006946865152200397,-0.46383662015745575,264739.7,0.006603150646165483,-0.0035845674936327843,0
2021-08-16,106.01,106.3,105.55,105.63,112793,105.984,106.22,107.001,0.9904954159306921,9.462365591397784,-0.336262987325469,-0.15856325634945634,-0.0035845674936327843,0.0022092058362133088,0.006927281676479356,-0.34407801769005764,233911.1,0.007100255609201932,-0.0010413708226829632,0
2021-08-17,105.5,106.0,105.5,105.52,131977,105.88399999999999,106.117,106.94749999999999,0.9900558685336263,9.523809523809462,-0.38085214765675346,-0.20302103461091578,-0.0010413708226829632,0.0021840403071866424,0.006861192326065775,0.17008147668738305,170468.8,0.0047384382107657315,0.008623957543593797,1
2021-08-20,105.75,107.0,105.08,106.43,313386,105.922,106.124,106.92699999999999,0.9906010642774977,24.545454545454632,-0.3388538869743485,-0.23018760508360234,0.008623957543593797,0.003703697691988506,0.007135506647688749,1.37455011100419,175025.5,0.018040026308371714,-0.0012214601146294246,0
2021-08-23,106.6,107.5,106.0,106.3,222060,105.978,106.12100000000001,106.86600000000001,0.9916905283251921,45.30201342281881,-0.312458054394412,-0.24664169494576427,-0.0012214601146294246,0.0037255235593867913,0.006969680434903714,-0.29141697459363214,188133.9,0.014111006585136407,-0.006867356538099778,0
2021-08-24,106.0,106.5,105.5,105.57,325833,105.89000000000001,106.02799999999999,106.7465,0.9919763177247031,36.7847411444141,-0.3464504014683172,-0.2666034362502749,-0.006867356538099778,0.004242382576600378,0.0070163992019306315,0.46731964333963805,213806.2,0.00947238798901203,0.003978402955385096,1
2021-08-25,106.0,106.2,105.7,105.99,535232,105.96199999999999,105.973,106.651,0.993539676139933,43.137254901960816,-0.3356301559966681,-0.28040878019955356,0.003978402955385096,0.004504660798990865,0.007107406607285103,0.6426574349436676,243780.7,0.004717426172280404,-0.002264364562694521,0
2021-08-26,105.99,106.1,105.6,105.75,110269,106.008,105.946,106.46849999999999,0.9956747770467321,42.615012106537606,-0.3424732097610814,-0.29282166611185917,-0.002264364562694521,0.0042935132399782,0.006200644907304039,-0.7939790595480091,237014.4,0.004728132387706856,-0.005768321513002328,0
2021-08-27,105.6,106.1,105.0,105.14,471100,105.75,105.83599999999998,106.2625,0.9951770379955299,37.367303609341946,-0.39259271673023477,-0.3127758762355343,-0.005768321513002328,0.004532038890615366,0.006266401288015188,3.272279607142533,271533.6,0.010462240821761407,0.0037093399277154937,1
2021-08-30,105.5,105.8,105.45,105.53,35031,105.596,105.78699999999999,106.07750000000001,0.9954608658763638,40.16227180527392,-0.39627503453533564,-0.32947570789549463,0.0037093399277154937,0.0047481375812054825,0.006383063112031328,-0.9256399915092337,242964.2,0.0033165924381691873,0.004358950061593703,1
2021-08-31,106.0,106.0,105.3,105.99,116998,105.67999999999999,105.785,106.048,0.9965298732649366,44.85981308411207,-0.3579489298580256,-0.33517035228800085,0.004358950061593703,0.004988279600322047,0.0037063928626263126,2.339841854357569,237467.9,0.006604396641192592,-0.0009434852344559763,0
2021-09-01,105.99,106.0,105.56,105.89,255956,105.66,105.81099999999999,106.0155,0.9966467167536822,48.68154158215015,-0.33181937286174445,-0.33450015640274955,-0.0009434852344559763,0.004845736626669536,0.0037094107364721816,1.1876955161626697,251784.2,0.004155255453772762,-0.0030220039663803044,0
2021-09-02,105.9,105.9,105.4,105.57,222380,105.624,105.816,105.9665,0.9967678464420359,43.339960238568594,-0.33309314589472194,-0.33421875430114406,-0.0030220039663803044,0.004944155015326638,0.003757149562284178,-0.13117879635562357,260824.5,0.004736193994506015,0.0017050298380221207,1
2021-09-03,105.95,105.95,105.55,105.75,132101,105.74600000000001,105.748,105.936,0.9982064642803202,47.294589178356766,-0.31593620857418614,-0.3305622451557525,0.0017050298380221207,0.004007728708251486,0.0037731872390006633,-0.4059672632430974,242696.0,0.0037825059101655382,-0.0021749408983452456,0
2021-09-06,105.9,106.03,105.5,105.52,209264,105.744,105.67,105.8955,0.9985693443064153,45.29750479846444,-0.31724132937918625,-0.32789806200043925,-0.0021749408983452456,0.004034523015335973,0.003796886278989547,0.5841212405659306,241416.4,0.0050227445034116865,0.0025587566338136636,1
2021-09-07,105.95,106.3,105.45,105.79,295472,105.704,105.69199999999998,105.85999999999999,0.9985263555639524,51.56862745098049,-0.29311011258106134,-0.3209404721165637,0.0025587566338136636,0.003507749971026018,0.003829087919024783,0.4119581007722304,238380.3,0.008034785896587526,-0.0023631723225258083,0
2021-09-08,105.55,106.05,105.5,105.54,380014,105.63399999999999,105.647,105.80999999999999,0.9983366411492297,50.19083969465658,-0.29080662235369914,-0.3149137021639908,-0.0023631723225258083,0.00331972178154412,0.00385152961353991,0.28612525044674286,222858.5,0.005211294296001489,0.006916808792874596,1
2021-09-09,105.5,107.0,105.03,106.27,433651,105.774,105.699,105.82249999999999,0.9995416853693686,48.418972332015706,-0.22745423972706647,-0.2974218096766059,0.006916808792874596,0.003960785512065878,0.004038428351237142,0.14114479992842366,255196.7,0.018537687023619073,-0.002070198550860991,0
2021-09-10,106.0,106.5,106.0,106.05,123163,105.83399999999999,105.78999999999999,105.81299999999999,1.0001984633268124,47.57281553398058,-0.19277696855547788,-0.27649284145238034,-0.002070198550860991,0.0034505054619142802,0.004039478232856802,-0.7159858964928019,220403.0,0.004714757190004715,-0.00047147571900041374,0
2021-09-13,106.49,106.5,105.4,106.0,769231,105.92999999999999,105.83699999999999,105.81199999999998,1.0011151854232034,54.80984340044751,-0.1673998818135658,-0.2546742495246175,-0.00047147571900041374,0.0033186818302097126,0.004013779317570709,5.245633834836761,293823.0,0.010377358490565983,0.005283018867924483,1
2021-09-14,106.0,106.69,105.85,106.56,654687,106.08399999999999,105.894,105.8395,1.0023101016161262,56.182212581344984,-0.10093749326291857,-0.2239268982722777,0.005283018867924483,0.003449906464504119,0.004183758782474993,-0.14890715532785337,347591.9,0.007882882882882915,-0.000187687687687621,0
2021-09-15,106.89,106.89,106.1,106.54,749368,106.28400000000002,105.95899999999999,105.88499999999999,1.0037682391273555,58.99772209567205,-0.04931097809345886,-0.18900371423651396,-0.000187687687687621,0.0034219162529956905,0.0040869987515304,0.1446202536479264,396933.1,0.007415055378261744,-0.0007508916838747659,0
2021-09-16,106.1,106.7,106.05,106.46,267156,106.322,106.048,105.93199999999999,1.0036816070686858,67.09844559585477,-0.014682671586399465,-0.15413950570649107,-0.0007508916838747659,0.0032231230898310793,0.004081981911969785,-0.6434915822399676,401410.7,0.006105579560398326,0.024234454255119386,1
2021-09-17,106.0,109.5,105.99,109.04,1850620,106.92,106.377,106.0625,1.008084855627578,79.00826446280983,0.2184270576893539,-0.07962619302732207,0.024234454255119386,0.00809037521376834,0.0065020083081195655,5.927113746275585,573262.6,0.032190022010271505,-0.02824651504035225,0
2021-09-20,106.0,106.44,105.1,105.96,292267,106.912,106.421,106.04549999999999,1.0081710209296955,49.82698961937716,0.15287568253283723,-0.03312581791529022,-0.02824651504035225,0.012805214979192474,0.00926138052931015,-0.8420707654731927,581562.9,0.012646281615704072,-0.00783314458286144,0
2021-09-21,106.0,106.0,105.01,105.13,109507,106.626,106.35499999999999,106.02349999999998,1.0056827024197468,45.95744680851063,0.03356476829306132,-0.019787700673619915,-0.00783314458286144,0.013038251563486388,0.009300850963662734,-0.6253186298829495,562966.4,0.009416912394178589,-0.008180348140397586,0
2021-09-22,105.11,105.24,104.0,104.27,315685,106.172,106.228,105.9375,1.002213569321534,43.46076458752519,-0.12889893680413422,-0.04160994789972278,-0.008180348140397586,0.01325614208215391,0.009412294466980008,1.882783748984083,556533.5,0.01189220293468874,0.0005754291742592343,1
2021-09-23,105.69,105.69,104.0,104.33,300541,105.74600000000001,106.03400000000002,105.8665,0.9988617740267224,42.76985743380857,-0.24993005690245695,-0.08327396970026962,0.0005754291742592343,0.01297714311074486,0.00941007181706293,-0.047971870693887864,543222.5,0.016198600594268166,-0.0030671906450684405,0
2021-09-24,105.39,105.39,103.8,104.01,349184,104.74000000000001,105.83,105.81000000000002,0.9898875342595217,42.381432896064645,-0.36743386829685676,-0.14010594941958704,-0.0030671906450684405,0.012983578822829255,0.009351699369009819,0.16185146119830573,565824.6,0.015286991635419703,0.010479761561388301,1
2021-09-27,104.69,105.15,104.6,105.1,556450,104.56799999999998,105.73999999999998,105.7885,0.9884628291354919,46.784715750232934,-0.36835641148850584,-0.1857560418333708,0.010479761561388301,0.013563045247455215,0.009630421163525698,0.5935724431818181,544546.5,0.005233111322550061,-0.0014272121788772019,0
2021-09-28,105.53,105.53,104.6,104.95,498215,104.532,105.579,105.7365,0.9886084748407598,47.22483537158982,-0.3768472198410677,-0.2239742774349102,-0.0014272121788772019,0.013395294278458827,0.009574271514021966,-0.10465450624494566,528899.3,0.008861362553597017,-0.008099094807051066,0
2021-09-29,105.0,105.38,103.75,104.1,2193396,104.498,105.335,105.647,0.9891241587550995,39.90697674418605,-0.4470112751618416,-0.26858167698029645,-0.008099094807051066,0.013545873122419623,0.009726205891304882,3.4025089569764058,673302.1,0.015658021133525414,-0.019596541786743416,0
2021-09-30,104.39,104.39,101.55,102.06,1461163,104.04400000000001,104.89500000000001,105.47149999999999,0.9864655380837479,34.128878281622946,-0.6596240105252775,-0.3467901436892927,-0.019596541786743416,0.014587870398006986,0.010592416328211956,-0.33383529467547124,792702.8,0.02782676856750934,-0.0057809131883206355,0
2021-10-01,102.0,102.5,101.26,101.47,452986,103.53600000000002,104.13799999999999,105.25750000000001,0.9836448709118116,32.72311212814647,-0.8657493842655555,-0.4505819918045453,-0.0057809131883206355,0.010667618194738052,0.01060041179573211,-0.6899825686798804,652939.4,0.012220360697743125,-0.006504385532669743,0
2021-10-04,101.47,101.47,100.5,100.81,954061,102.678,103.623,105.022,0.9776808668659899,28.236184708554134,-1.0700271057513646,-0.5744710145939091,-0.006504385532669743,0.007680094483335315,0.010648055148506738,1.10616001377526,719118.8,0.009622061303442108,-0.011506794960817301,0
2021-10-05,101.0,101.05,99.5,99.65,1593133,101.61800000000001,103.075,104.715,0.9704244855082844,25.993031358885034,-1.3104153250835395,-0.7216598766918352,-0.011506794960817301,0.007917862259292642,0.010779056041383525,0.6698439617592586,867481.4,0.015554440541896608,-0.0033115905669846013,0
2021-10-06,99.08,100.0,99.08,99.32,458614,100.66199999999999,102.58,104.404,0.9641584613616336,25.547945205479465,-1.5101449519097656,-0.8793568917354213,-0.0033115905669846013,0.007871356269819172,0.010778518224116221,-0.7121307511676678,881774.3,0.009262988320579962,0.005034232782923809,1
2021-10-07,99.9,100.0,99.01,99.82,840642,100.21400000000001,102.12899999999999,104.0815,0.9628416193079462,13.17891373801909,-1.6095326088031499,-1.0253920351489672,0.005034232782923809,0.008324433665725583,0.010695466307586663,0.8330055340656848,935784.4,0.009917852133840863,-0.010418753756762045,0
2021-10-08,99.9,100.0,98.4,98.78,1230782,99.676,101.606,103.718,0.961028943867024,15.74427480916026,-1.7520211421663276,-1.1707178565524394,-0.010418753756762045,0.008518177279225898,0.010816566330380604,0.46409767772726074,1023944.2,0.016197610852399215,-0.01518526017412436,0
2021-10-11,99.0,99.0,97.0,97.28,1037945,98.97,100.824,103.282,0.9582502275323871,14.798206278026868,-1.9633495242352836,-1.3292441900890084,-0.01518526017412436,0.00703542102673239,0.011097279711466615,-0.15667843696121653,1072093.7,0.02055921052631579,-0.012232730263157854,0
2021-10-12,97.21,97.5,95.4,96.09,2306128,98.25800000000001,99.93799999999999,102.7585,0.956203136480194,14.372822299651517,-2.2014746153236615,-1.5036902751359391,-0.012232730263157854,0.00679408551509978,0.010998187621460771,1.2218210020762181,1252885.0,0.021854511395566597,0.003538349464044188,1
2021-10-13,96.8,97.1,96.01,96.43,3052154,97.68,99.171,102.253,0.9552775957673614,16.411564625850318,-2.335829320702615,-1.6701180842492744,0.003538349464044188,0.007836596762610977,0.01111670274572369,0.3234972213164231,1338760.8,0.011303536243907385,0.03152545888209057,1
2021-10-14,96.25,101.9,96.25,99.47,880796,97.61000000000001,98.912,101.9035,0.9578670016240857,34.323204419889464,-2.1719667186980445,-1.7704878111390285,0.03152545888209057,0.013653997178348707,0.013777273994621494,-0.7114182311901693,1280724.1,0.05680104554136931,0.010153815220669493,1
2021-10-15,99.5,101.5,97.51,100.48,448944,97.95,98.81300000000002,101.4755,0.9652576237614006,33.95833333333336,-1.9382627801623045,-1.8040428049436839,0.010153815220669493,0.014147420411863709,0.012606168333541138,-0.4902974127947902,1280319.9,0.039709394904458545,-0.012937898089171895,0
2021-10-18,100.5,100.5,98.4,99.18,865481,98.33000000000001,98.65,101.1365,0.9722503744938772,31.44694533762059,-1.8367766427891468,-1.8105895725127765,-0.012937898089171895,0.014571003165092765,0.011470320239586704,0.9278150504294522,1271461.9,0.021173623714458502,0.00534381931841077,1
2021-10-20,100.49,100.55,99.05,99.71,722796,99.054,98.656,100.8655,0.9820404399918704,35.587655942219286,-1.694053581966429,-1.7872823744035071,0.00534381931841077,0.014260608473032852,0.011570531646212301,-0.1648620824720589,1184428.2,0.015043626516899009,0.0019055260254738915,1
2021-10-21,99.84,100.63,99.5,99.9,4940251,99.748,98.714,100.647,0.9910677913897086,41.928251121076244,-1.5477713709860552,-1.7393801737200167,0.0019055260254738915,0.014215219407196198,0.011533325808042243,5.834917459421469,1632591.9,0.011311311311311266,-0.006806806806806898,0
2021-10-22,100.8,100.85,99.0,99.22,1216962,99.69800000000001,98.65400000000001,100.3915,0.9930920446452142,41.648106904231625,-1.469769395192472,-1.6854580180145078,-0.006806806806806898,0.014304428815909329,0.01156211142392164,-0.7536639332697873,1670223.9,0.018645434388228122,0.0,0
2021-10-25,99.75,100.25,99.75,99.22,184163,99.446,98.69800000000001,100.152,0.9929507149133318,43.79391100702575,-1.391907227317816,-1.6267478598751695,0.0,0.013875646062367176,0.011573756010967386,-0.8486698845157039,1565562.0,0.005039306591413021,0.008969965732715135,1
2021-10-26,99.8,100.5,99.79,100.11,320509,99.632,98.981,99.9025,0.9972923600510498,51.83413078149917,-1.2440447627172375,-1.5502072404435832,0.008969965732715135,0.012904338040429454,0.011490698069413373,0.7403550115929909,1493818.4,0.007092198581560221,0.02007791429427641,1
2021-10-27,100.45,103.0,100.0,102.12,1156362,100.114,99.584,99.761,1.0035384569120198,59.84528832630102,-0.9536790737826806,-1.4309016071114027,0.02007791429427641,0.012725353330895946,0.012541399450920643,2.6078924460779573,1378841.8,0.02937720329024677,0.0027418723070897766,1
2021-10-28,102.01,102.5,101.83,102.4,361594,100.614,100.18100000000001,99.676,1.0094104899875598,59.214285714285765,-0.6929802682210493,-1.2833173393333321,0.0027418723070897766,0.012746179242511283,0.01246573735961833,-0.6873003436640084,1109785.8,0.006542968750000017,0.003808593750000089,1
2021-10-29,102.25,103.15,102.25,102.79,1340401,101.328,100.513,99.7125,1.016201579541181,65.0187265917603,-0.4497207451374692,-1.1165980204941597,0.003808593750000089,0.009092206157057124,0.01167695538510269,2.70692268123918,1155746.3,0.008755715536530847,0.011577001653857444,1
2021-11-01,103.0,104.1,103.0,103.98,1502190,102.28,100.863,99.838,1.024459624591839,75.69018404907975,-0.15907900203622205,-0.9250942168025722,0.011577001653857444,0.009221184831103048,0.01183574411184259,0.12070193919580774,1261070.9,0.010578957491825296,9.617234083458825e-05,1
2021-11-02,103.7,104.15,103.7,103.99,1232905,103.056,101.34400000000001,99.997,1.0305909177275319,83.30522765598647,0.07124235226858389,-0.725826902988341,9.617234083458825e-05,0.007382406325966056,0.011698233356486188,-0.1792616113807175,1297813.3,0.004327339167227645,0.008847004519665358,1
2021-11-03,104.5,105.0,103.75,104.91,1381543,103.61399999999999,101.864,100.25999999999999,1.0334530221424296,84.0836012861736,0.32427199051571165,-0.5158071242875305,0.008847004519665358,0.007494849528218502,0.011377222825625161,0.12055916717021997,1363688.0,0.011914974740253551,0.002764274139738898,1
2021-11-04,104.95,105.58,104.5,105.2,822730,104.174,102.394,100.554,1.0360005569146926,79.56656346749224,0.5419530804185513,-0.3042550833463142,0.002764274139738898,0.007458737009560379,0.011290833582231607,-0.4044846957351309,951935.9,0.010266159695817473,-0.03269961977186309,0
2021-11-05,101.99,102.5,101.0,101.76,667451,103.968,102.648,100.651,1.0329554599556885,55.28052805280528,0.4319088849815387,-0.1570222896807436,-0.03269961977186309,0.013849437781628183,0.013797005145948617,-0.18873628043221957,896984.8,0.014740566037735848,0.017885220125786194,1
2021-11-08,101.5,104.0,101.5,103.58,1116785,103.88799999999999,103.08399999999999,100.891,1.0297053255493551,67.40506329113921,0.48595506935446053,-0.028426817873702784,0.017885220125786194,0.014607824946379777,0.01400832797632839,0.6732089696472101,990247.0,0.024135933577910794,0.0061787989959452005,1
2021-11-09,103.89,105.1,103.8,104.22,2145962,103.934,103.495,101.23800000000001,1.0266303166795074,67.68627450980392,0.5738151275457284,0.09202157121018346,0.0061787989959452005,0.01453744440144277,0.01339229159744911,0.9215533876260873,1172792.3,0.012473613509882913,0.006044905008635526,1
2021-11-10,104.91,105.15,104.0,104.85,764631,103.922,103.768,101.676,1.0220897753648845,68.76421531463225,0.6863685619970568,0.21089096936755813,0.006044905008635526,0.013464397761442209,0.012873112700137825,-0.6436884716504765,1133619.2,0.010968049594659092,0.006866952789699621,1
2021-11-11,104.56,105.99,104.55,105.57,780033,103.99600000000001,104.085,102.13300000000001,1.0182409211518315,73.99848828420257,0.8241654857182112,0.33354587263768876,0.006866952789699621,0.013528031346898504,0.012882210036488755,0.02014304939245215,1175463.1,0.013640238704177302,-0.009472387989012065,0
2021-11-12,105.9,105.95,104.25,104.57,506321,104.55799999999999,104.26299999999999,102.388,1.0211938899089736,68.79831342234715,0.8429617594516685,0.43542905000048476,-0.009472387989012065,0.014094813935547693,0.01157013413310953,-0.3508979748292701,1092055.1,0.016257052691976696,0.010806158554078626,1
2021-11-15,104.5,105.99,104.0,105.7,777170,104.982,104.43499999999999,102.649,1.0227279369501894,69.31582584657914,0.9382242330667623,0.5359880866137403,0.010806158554078626,0.014037447322567337,0.01159354273534195,0.5349353473389411,1019553.1,0.01882686849574262,0.002554399243140937,1
2021-11-16,105.75,106.2,105.4,105.97,962951,105.332,104.633,102.9885,1.0227549677876655,65.12175962293793,1.0237065217045966,0.6335317736319116,0.002554399243140937,0.014027143155792383,0.011003285616699214,0.23904808471762928,992557.7,0.007549306407473787,0.0009436633009340945,1
2021-11-17,105.97,106.5,105.4,106.07,746088,105.576,104.749,103.3065,1.0219686079772328,64.62151394422307,1.0869908615581352,0.7242235912171564,0.0009436633009340945,0.013818185550188775,0.011005826612298415,-0.22520668237532337,929012.2,0.010370510040539214,-0.003205430376166607,0
2021-11-18,106.35,106.5,105.01,105.73,1101426,105.60799999999999,104.80199999999999,103.598,1.0194019189559642,61.76000000000002,1.0970627419384442,0.798791421361414,-0.003205430376166607,0.013871333364341577,0.011095325363159866,0.47626821500948946,956881.8,0.014092499763548613,0.005296509978246489,1
2021-11-19,105.09,106.8,105.09,106.29,1472457,105.952,105.255,103.95150000000001,1.0192445515456727,59.73041280539177,1.1371240414735695,0.8664579453838451,0.005296509978246489,0.007463143921413538,0.01086578681626038,0.3368642105779236,1037382.4,0.016088060965283597,-0.011854360711261669,0
2021-11-22,106.0,106.0,104.75,105.03,387223,105.81800000000001,105.4,104.242,1.0151186661806182,53.96341463414637,1.0550396004657756,0.9041742764002313,-0.011854360711261669,0.007413152556187496,0.011378230385910163,-0.7370225412354996,964426.2,0.011901361515757403,-0.008854612967723607,0
2021-11-23,105.5,105.5,104.01,104.1,470257,105.444,105.388,104.44149999999999,1.0095986748562593,46.915460776846906,0.9045171512378403,0.9042428513677532,-0.008854612967723607,0.00785134091461391,0.011575074788396932,0.21443457645852648,796855.7,0.014313160422670461,-0.029490874159461944,0
2021-11-24,104.49,104.49,101.0,101.03,1233337,104.436,105.006,104.38700000000001,1.0004694071100806,36.89503456945316,0.5313782847346005,0.8296699380411227,-0.029490874159461944,0.011810873103860484,0.012752034859882726,1.6226871689310314,843726.3,0.0345441947936256,-0.008809264574878739,0
2021-11-25,102.49,102.49,100.05,100.14,1007375,103.31800000000001,104.46300000000001,104.274,0.9908318468649904,43.93712574850297,0.16198027497013356,0.6961320054269249,-0.008809264574878739,0.011290064828348715,0.012860588131617988,-0.18321188774844188,866460.5,0.024365887757139982,0.006890353505092817,1
2021-11-26,100.9,101.75,99.9,100.83,715598,102.226,104.08899999999998,104.176,0.9812816771617263,38.757154538021254,-0.07423731416120916,0.5420581415092981,0.006890353505092817,0.011778613316668934,0.012939903577540464,-0.28964089837448814,887388.2,0.018347713974015613,0.01785182981255584,1
2021-11-29,100.83,103.25,100.21,102.63,741128,101.74600000000001,103.782,104.1085,0.9773073284121854,44.06273338312172,-0.1148723220087362,0.4106720488056913,0.01785182981255584,0.012892337733599395,0.013328124042415027,0.03567645521647633,883784.0,0.029620968527721,-0.017733606158043425,0
2021-11-30,102.65,103.2,100.1,100.81,10728365,101.088,103.266,103.94949999999999,0.9724722100635406,36.1454046639232,-0.290584965513105,0.27042064594193205,-0.017733606158043425,0.01352505430832769,0.013866772533727824,13.475724841053097,1860325.4,0.0307509175677017,0.008332506695764241,1
2021-12-01,100.99,102.02,100.2,101.65,1175149,101.21199999999999,102.824,103.7865,0.9751942690041574,36.6666666666667,-0.357931509962242,0.14475021476109723,0.008332506695764241,0.014070396928001565,0.013847109425500284,-0.8904633651073579,1903231.5,0.017904574520413115,-0.025577963600590392,0
2021-12-02,101.9,101.9,98.06,99.05,1680465,100.994,102.15599999999999,103.479,0.9759854656500353,33.0674846625767,-0.614024312479799,-0.007004690687082024,-0.025577963600590392,0.015597908359760647,0.014806370958167628,0.4300016423449282,1961135.4,0.038768298838970254,0.0033316506814740077,1
2021-12-03,99.01,101.25,98.0,99.38,1536719,100.704,101.465,103.36000000000001,0.9743034055727552,29.612903225806406,-0.7813446071875063,-0.16187267398716687,0.0033316506814740077,0.015445902624559476,0.01308155795868657,-0.08553941914886654,1967561.6,0.032702757093982696,-0.0077480378345743395,0
2021-12-06,100.0,100.3,98.55,98.61,454995,99.9,100.82300000000001,103.1115,0.9688541045373212,26.999999999999986,-0.964956295551815,-0.3224893983000965,-0.0077480378345743395,0.015344692597857581,0.012359272627204626,-0.7039178926010545,1974338.8,0.017746678835817868,0.006084575600851849,1
2021-12-07,99.8,100.0,99.0,99.21,780006,99.58,100.334,102.86099999999999,0.9681025850419499,29.212121212121204,-1.0499517061443555,-0.4679818598689483,0.006084575600851849,0.01577659518687413,0.012355854937815366,0.7143177397553819,2005313.7,0.010079629069650238,-0.003326277592984539,0
2021-12-08,99.99,99.99,98.0,98.88,649092,99.026,100.119,102.5625,0.9655185862279098,29.229836264402635,-1.1309030767665007,-0.6005661032484588,-0.003326277592984539,0.013158281125787248,0.012195916698737864,-0.16783717048330393,1946889.2,0.020125404530744285,0.008899676375404564,1
2021-12-09,99.0,100.0,98.5,99.76,211230,99.168,100.081,102.272,0.9696495619524406,30.577037477691846,-1.1112393007380632,-0.7027007427463797,0.008899676375404564,0.013340971593460125,0.012289318512206649,-0.6745761771828955,1867274.7,0.015036086607858861,0.007919005613472363,1
2021-12-10,100.0,101.2,99.5,100.55,429324,99.402,100.053,102.071,0.973851534716031,36.29130966952262,-1.020149569653256,-0.7661905081277551,0.007919005613472363,0.013406374090437595,0.012403682642138578,1.0324953841783837,1838647.3,0.016907011437096,-0.0012928891098955564,0
2021-12-13,100.75,101.0,99.89,100.42,473128,99.764,99.832,101.807,0.9799326175999685,38.15958815958816,-0.9475277054739593,-0.8024579475969961,-0.0012928891098955564,0.01181514728852297,0.012041929467111493,0.10203016835769718,1811847.3,0.011053574985062731,-0.00039832702648878726,0
2021-12-14,100.2,100.9,100.05,100.38,357369,99.998,99.78900000000002,101.5275,0.9849351161015488,47.40207833733011,-0.8830230801998482,-0.8185709741175666,-0.00039832702648878726,0.010462633496842956,0.01199484461147775,-0.2446674050151333,774747.7,0.008467822275353741,0.0022912930862721836,1
2021-12-15,100.85,101.2,100.25,100.61,795547,100.34400000000001,99.68499999999999,101.25450000000001,0.9910078070604269,51.9831223628692,-0.8040747489429378,-0.815671729082641,0.0022912930862721836,0.010070902010644436,0.012019777600916196,1.2261220195372289,736787.5,0.009442401351754327,-0.011529669018984112,0
2021-12-16,100.5,100.5,99.24,99.45,547028,100.28200000000001,99.725,100.9405,0.9934763548823318,44.399350649350666,-0.8255930107907403,-0.8176559854242609,-0.011529669018984112,0.006661301512135458,0.012185923847044594,-0.31238757735243805,623443.8,0.012669683257918602,-0.00412267471090999,0
2021-12-17,99.01,100.0,98.6,99.04,1123166,99.98,99.691,100.578,0.9940543657658732,33.57731015553527,-0.8657501331981052,-0.8272748149790299,-0.00412267471090999,0.006716514850435134,0.012029996492001168,1.0532148262977397,582088.5,0.014135702746365162,0.00020193861066242214,1
2021-12-20,99.65,99.9,98.75,99.06,1097887,99.708,99.736,100.2795,0.9943009289037141,40.41621029572836,-0.8857507261588609,-0.8389699972149961,0.00020193861066242214,0.006189755810575425,0.011888289527054445,-0.02250691349275169,646377.7,0.011609125782354186,-0.0008075913587723971,0
2021-12-21,99.1,99.75,98.5,98.98,469785,99.428,99.713,100.0235,0.9940463990962124,34.0501792114695,-0.8977084474112189,-0.8507176872542407,-0.0008075913587723971,0.005870955011109164,0.011810434579212442,-0.5721007717551989,615355.6,0.012628813901798342,0.004344311982218629,1
2021-12-22,99.0,99.49,98.9,99.41,283791,99.188,99.76599999999999,99.9425,0.9924506591289992,52.903225806451616,-0.8625447424389989,-0.8530830982911923,0.004344311982218629,0.005920400697512721,0.010021214209683408,-0.3959130240429133,578825.5,0.005935016597927665,-0.004224927069711337,0
2021-12-23,99.25,99.55,98.99,98.99,985160,99.096,99.689,99.88499999999999,0.9921009160534616,46.899841017488065,-0.858669534925852,-0.8542003856181244,-0.004224927069711337,0.005284473390879929,0.009878828549884562,2.471427917023443,656218.5,0.005657137084554019,0.0,0
2021-12-24,99.49,99.49,98.95,98.99,219565,99.08599999999998,99.533,99.79299999999999,0.9929153347429177,53.442028985507214,-0.8458479958779321,-0.8525299076700861,0.0,0.004349730485717832,0.009725357548781493,-0.7771275731860814,635242.6,0.005455096474391272,-0.007778563491261714,0
2021-12-27,99.39,99.39,98.0,98.22,407004,98.91799999999999,99.31300000000002,99.5725,0.9934268999974891,41.300527240773306,-0.887587838551184,-0.8595414938463057,-0.007778563491261714,0.004769741584292414,0.008769489353193109,0.8536834194885341,628630.2,0.01415190388922827,-0.0064141722663407785,0
2021-12-28,98.2,98.74,97.25,97.59,704103,98.64000000000001,99.03399999999999,99.4115,0.9922393284479161,39.23205342237065,-0.9604314436250831,-0.8797194838020613,-0.0064141722663407785,0.0048946565933842825,0.0080467590321775,0.7299657988619277,663303.6,0.015267957782559636,0.0048160672200019405,1
2021-12-29,97.6,98.6,97.6,98.06,480311,98.37,98.77900000000001,99.232,0.9913132860367624,34.76702508960564,-0.9690646790120496,-0.897588522844059,0.0048160672200019405,0.005239645452925751,0.007854646310878118,-0.3178398614975366,631780.0,0.010197838058331634,0.004487048745665856,1
2021-12-30,98.45,99.0,98.0,98.5,306942,98.272,98.684,99.2045,0.9906002247881901,30.401529636711217,-0.9296854226455622,-0.9040079028043597,0.004487048745665856,0.004599105978752383,0.005615521103053978,-0.36095155014147084,607771.4,0.01015228426395939,0.017868020304568688,1
2021-12-31,98.75,100.9,98.75,100.26,780087,98.526,98.80600000000001,99.2485,0.9927202930019092,48.833819241982525,-0.7478391628411032,-0.8727741548117085,0.017868020304568688,0.007348867001369417,0.006899296460542852,1.5414801493441757,573463.5,0.021444244963096007,0.009874326750448859,1
2022-01-03,100.27,101.5,100.0,101.25,341757,99.132,99.025,99.38050000000001,0.9974995094611115,55.56978233034576,-0.5178702793721897,-0.8017933797238047,0.009874326750448859,0.007817309177464534,0.006920657717755364,-0.561898865126582,497850.5,0.014814814814814815,-0.002074074074074006,0
2022-01-04,101.65,101.75,100.7,101.04,757324,99.822,99.231,99.47200000000001,1.0035185780923275,52.75994865211816,-0.34854570936808216,-0.7111438456526602,-0.002074074074074006,0.007881738972680923,0.00686679911707807,1.2159721673586787,526604.4,0.010391923990498783,0.0027711797307996555,1
2022-01-05,101.0,101.89,100.6,101.32,304109,100.474,99.422,99.594,1.0088358736470069,63.531114327062255,-0.18957579601024577,-0.6068302357241773,0.0027711797307996555,0.007847365266554773,0.006802630920686836,-0.5984426744695797,528636.2,0.012731938412949135,0.004441373864982223,1
2022-01-06,101.15,102.0,101.0,101.77,907855,101.128,99.7,99.69449999999999,1.014378927623891,69.64028776978421,-0.026968874763952044,-0.49085796353213224,0.004441373864982223,0.007565275206783516,0.006608756778236835,1.9852947462916255,520905.7,0.009826078412105728,0.019455635255969383,1
2022-01-07,101.5,103.98,101.5,103.75,1003110,101.826,100.176,99.8545,1.019743727122964,76.31874298540973,0.25868576581092384,-0.34094921766352104,0.019455635255969383,0.009109535465443073,0.007662252001234993,0.10492314301292605,599260.2,0.023903614457831363,-0.00038554216867481284,0
2022-01-10,103.8,104.89,103.1,103.71,978888,102.318,100.725,100.01899999999999,1.0229856327297815,76.66290868094703,0.4763503900127688,-0.17748929612826309,-0.00038554216867481284,0.008238625431026103,0.0076469214134073935,-0.024146903131261777,656448.6,0.017259666377398578,0.002699836081380802,1
2022-01-11,103.25,104.55,103.25,103.99,646293,102.90799999999999,101.365,100.1995,1.0270310730093462,76.26146788990829,0.6637930398573815,-0.009232828931134196,0.002699836081380802,0.00721690408097741,0.0076348109606626585,-0.3397681859415991,650667.6,0.012501202038657537,0.006731416482354202,1
2022-01-12,103.35,104.99,103.35,104.69,761744,103.582,102.02799999999999,100.4035,1.0316572629440208,81.66666666666674,0.8589256795948188,0.1643988727740564,0.006731416482354202,0.0071957174650901885,0.007714123958988365,0.17863569619352204,678810.9,0.015665297545133256,-0.004680485242143373,0
2022-01-13,104.5,104.69,103.51,104.2,386159,104.06799999999998,102.598,100.64099999999999,1.0340517284208224,77.44994731296111,0.9629307314734916,0.32410524451394346,-0.004680485242143373,0.008028738524517775,0.007217068268378279,-0.4930593480224328,686732.6,0.011324376199616052,0.007389635316698673,1
2022-01-14,104.2,105.25,104.0,104.97,737440,104.31199999999998,103.069,100.9375,1.0334315789473683,85.56375131717604,1.0948671028146322,0.47825761617408125,0.007389635316698673,0.006858369640316939,0.0071313884088896,0.9096796915260295,682467.9,0.011908164237401162,0.0038106125559684845,1
2022-01-17,104.99,105.55,104.65,105.37,509980,104.644,103.481,101.253,1.0334903657175591,92.00863930885534,1.217667768648127,0.6261396466688904,0.0038106125559684845,0.006605836324297899,0.0071041784912220145,-0.3084454328487741,699290.2,0.008541330549492184,-0.0006643257094050004,0
2022-01-18,105.15,105.49,105.0,105.3,367877,104.90599999999999,103.907,101.56899999999999,1.0328545126958029,90.85778781038373,1.2944185151712588,0.7597954203693642,-0.0006643257094050004,0.006475178981504837,0.007100084865584416,-0.27864426055923763,660345.5,0.004653371320037938,-0.010446343779677014,0
2022-01-19,104.5,105.3,104.02,104.2,157210,104.80799999999999,104.19500000000001,101.8085,1.0294621765373224,79.936974789916,1.2520503705364234,0.858246410402776,-0.010446343779677014,0.00796671261976569,0.007710284030058774,-0.5726560779825866,645655.6,0.012284069097888687,-0.0010556621880998263,0
2022-01-20,103.85,104.3,103.5,104.09,306981,104.78600000000002,104.42699999999999,102.0635,1.026674570243035,74.33290978398986,1.1958126461582879,0.9257596575538785,-0.0010556621880998263,0.008032943678468362,0.007599076479942448,0.952681127154761,585568.2,0.007685656643289434,0.0003842828321642955,1
2022-01-21,104.09,104.5,103.7,104.13,333382,104.61799999999998,104.465,102.32050000000001,1.0224539559521306,70.8092485549133,1.141315139637996,0.968870753970702,0.0003842828321642955,0.005303900439669578,0.007592793222220385,0.08600206527439802,518595.4,0.007682704311917768,0.013540766349755318,1
2022-01-24,104.0,105.7,104.0,105.54,969123,104.652,104.648,102.6865,1.0191407828682446,77.70935960591132,1.1980898551604184,1.0147145742086452,0.013540766349755318,0.006720234090385396,0.007561191729930214,1.9069445860904306,517618.9,0.016107636914913803,0.010327837786621163,1
2022-01-25,105.7,107.0,105.25,106.63,1349241,104.918,104.912,103.1385,1.017253498935897,79.73124300111981,1.3158695911946694,1.07494557760585,0.010327837786621163,0.007249462963248933,0.007313671635156342,0.39222885020786835,587913.7,0.016411891587733284,-0.006470974397449147,0
2022-01-26,107.09,107.09,105.51,105.94,370904,105.26599999999999,105.03699999999999,103.5325,1.0167435346388813,72.7371864776445,1.3381087622620242,1.127578214537085,-0.006470974397449147,0.007594057496355356,0.00770986726332367,-0.7251017423870161,548829.7,0.01491410232206908,-0.002643005474797011,0
2022-01-27,105.6,106.0,105.51,105.66,464406,105.58,105.18299999999999,103.8905,1.0162623146485963,62.78447121820614,1.3179473291978496,1.1656520374692378,-0.002643005474797011,0.00744420493030237,0.007844967130886655,0.2520921855790177,556654.4,0.004637516562559104,0.0032178686352450914,1
2022-01-28,106.24,106.4,105.69,106.0,224451,105.954,105.28600000000002,104.17750000000001,1.0170526265268411,64.7361647361648,1.3142544989715361,1.1953725297696975,0.0032178686352450914,0.00718469384264326,0.0070841412608390955,-0.5166922907972765,505355.5,0.0066981132075472445,0.006509433962264222,1
2022-01-31,106.5,107.15,106.0,106.69,1320640,106.184,105.418,104.44949999999999,1.0166061110871762,66.50366748166263,1.3514267317119106,1.2265833701581403,0.006509433962264222,0.0073507657661453125,0.006946181310269638,4.8838677484172495,586421.5,0.010778892117349384,0.015465366950979442,1
2022-02-01,107.0,108.48,106.8,108.34,967013,106.526,105.72200000000001,104.8145,1.0163288476308145,69.98904709748088,1.4967733330701947,1.2806213627405512,0.015465366950979442,0.008550856604526253,0.007410948177355095,-0.2677694148291737,646335.1,0.015506738046889484,0.00036920804873541435,1
2022-02-02,108.5,108.5,107.95,108.38,763788,107.01399999999998,106.14000000000001,105.16749999999999,1.017557705564932,74.07834101382485,1.596782512674892,1.3438535927274196,0.00036920804873541435,0.007264872828707787,0.007443113832739272,-0.2101574642740066,706992.9,0.0050747370363535445,-0.008027311312050145,0
2022-02-03,108.99,108.99,107.3,107.51,881667,107.38400000000001,106.482,105.45450000000001,1.0182969906452546,64.46469248291578,1.5875386219073562,1.3925905985634068,-0.008027311312050145,0.00808803428093947,0.007861701584798013,0.1543347106788795,764461.5,0.015719467956469144,0.014231234303785811,1
2022-02-04,107.95,111.8,107.81,109.04,4942075,107.992,106.973,105.71900000000001,1.0215003925500619,68.51664984863778,1.6842559311702985,1.4509236650847852,0.014231234303785811,0.008701645034198836,0.007348370520771324,4.605375952598884,1225330.8,0.036592076302274346,0.0030264123257519593,1
2022-02-07,109.75,110.0,109.05,109.37,707098,108.52799999999999,107.356,106.002,1.0238297390615272,70.00983284169133,1.7671625873601187,1.5141714495398522,0.0030264123257519593,0.008124351147656533,0.007317022149713566,-0.8569228512315171,1199128.3,0.008686111365091,0.002925848038767498,1
2022-02-08,109.5,111.0,109.26,109.69,2096094,108.798,107.662,106.287,1.0236247142171666,79.23322683706076,1.8375064053167165,1.5788384406952252,0.002925848038767498,0.007772933492702578,0.007317219510989746,1.9643613756509,1273813.6,0.015862886315981355,0.009116601331023766,1
2022-02-09,110.0,111.9,109.51,110.69,5668246,109.25999999999999,108.13699999999999,106.58699999999999,1.0250781052098286,82.10116731517516,1.9514509190397717,1.6533609363641346,0.009116601331023766,0.007238281396741074,0.0074053401876419825,1.7041945637934175,1803547.8,0.02159183304724908,-0.005691571054295741,0
2022-02-10,111.0,111.2,109.49,110.06,1050429,109.77000000000001,108.577,106.88,1.0270396706586828,77.27690892364315,1.9682285190331612,1.71633445289794,-0.005691571054295741,0.007622757002649144,0.007462443757790339,-0.8146818257358626,1862150.1,0.015536979829184153,0.008359076867163306,1
2022-02-11,109.51,111.0,109.5,110.98,487711,110.15799999999999,109.075,107.18050000000001,1.0277802398757234,76.204238921002,2.0323337210903105,1.7795343065364142,0.008359076867163306,0.007728224349300745,0.007497126398416703,-0.5357030318089085,1888476.1,0.013515948819607135,-0.017210308163633226,0
2022-02-14,110.01,111.09,108.5,109.07,1181222,110.098,109.31299999999999,107.3655,1.025450447303836,60.89285714285714,1.9070334238861761,1.8050341300063668,-0.017210308163633226,0.010299184184564466,0.008723314691255415,1.4219712083590488,1874534.3,0.023746218025121515,-0.0003667369579168911,0
2022-02-15,109.1,109.65,108.15,109.03,475072,109.96599999999998,109.38200000000002,107.55199999999999,1.0224449568580778,64.64454976303321,1.7839402175423515,1.8008153475135638,-0.0003667369579168911,0.009201443164217797,0.008719208903989526,-0.5978131121838233,1825340.2,0.013757681372099421,0.0029349720260478662,1
2022-02-16,108.85,109.5,108.7,109.35,359964,109.69800000000001,109.479,107.8095,1.017517009168951,67.42209631728048,1.6926969337397253,1.7791916647587962,0.0029349720260478662,0.009227758010927456,0.008231568848964331,-0.24229590462077322,1784957.8,0.0073159579332418585,0.0043895747599451695,1
2022-02-17,109.7,110.0,108.5,109.83,308772,109.652,109.71100000000001,108.09649999999999,1.0143899201176727,67.84715750232995,1.640210635219276,1.7513954588508922,0.0043895747599451695,0.008709416447073494,0.008199603308608756,-0.14221422142214224,1727668.3,0.013657470636438131,0.00018209960848580842,1
2022-02-18,109.4,110.11,109.0,109.85,506503,109.426,109.792,108.38250000000001,1.0096279380896362,65.7057654075547,1.5819924738688513,1.7175148618544842,0.00018209960848580842,0.007611894261684715,0.008202757825082108,0.640378661277577,1284111.1,0.010104688211197083,-0.006554392353208871,0
2022-02-21,110.0,110.25,109.01,109.13,170671,109.43800000000002,109.768,108.56199999999998,1.008069121792156,54.32639649507117,1.4609156525957872,1.6661950200027449,-0.006554392353208871,0.007893593350856147,0.008035201619914173,-0.6630404953178954,1230468.4,0.011362595070099835,-0.004215156235682138,0
2022-02-22,109.0,109.13,107.78,108.67,261579,109.36599999999999,109.66600000000001,108.66400000000002,1.006460281233895,51.51832460732987,1.3127111270673595,1.595498241415668,-0.004215156235682138,0.007903249224722185,0.007870103570343349,0.5326505381699294,1047016.9,0.012422931811907558,-0.002852673230882563,0
2022-02-23,108.7,108.7,107.5,108.36,253751,109.16799999999998,109.43299999999999,108.78500000000001,1.0035207059796845,54.7274749721913,1.1569074546212477,1.507780084056784,-0.002852673230882563,0.007080275721801099,0.007730216043162087,-0.029925949713088595,505567.4,0.011074197120708775,-0.021779254337393916,0
2022-02-24,107.5,108.47,105.8,106.0,543116,108.402,109.027,108.80199999999999,0.9963235969927025,34.52138492871684,0.8333928114840319,1.3729026295422337,-0.021779254337393916,0.009425640234012968,0.009258683757130438,1.1403501858120757,454836.1,0.025188679245283035,0.018018867924528337,1
2022-02-25,106.25,108.25,105.98,107.91,1279826,108.01400000000001,108.72,108.8975,0.9918868660896716,43.59649122807013,0.7227942413738617,1.2428809519085595,0.018018867924528337,0.011139314252544557,0.01006857403902696,1.3564505556823958,534047.6,0.0210360485589843,0.012232415902140747,1
2022-02-28,108.25,109.89,107.02,109.23,1035021,108.03400000000002,108.73599999999999,109.02450000000002,0.9909148861035822,48.145161290322605,0.7332051138929643,1.1409457843054405,0.012232415902140747,0.010776347822713823,0.010313486336621937,-0.19127990836254305,519427.5,0.02627483292135864,-0.003295797857731375,0
2022-03-01,110.0,110.0,108.6,108.87,228198,108.074,108.72,109.051,0.9910408891252717,42.26190476190479,0.7042882178450327,1.053614271013359,-0.003295797857731375,0.010833089739967158,0.009790286083118238,-0.7795233140197155,494740.1,0.01285937356480211,-0.007715624138881272,0
2022-03-02,108.51,108.75,107.25,108.03,349436,108.008,108.588,109.0335,0.9905946337593491,41.52046783625731,0.606597906493036,0.9642109981092943,-0.007715624138881272,0.011024089081734419,0.009952397959693222,0.5312842356199441,493687.3,0.013885031935573451,-0.0003702675182820636,0
2022-03-03,108.2,108.2,107.25,107.99,306805,108.40599999999999,108.404,109.0575,0.994026087155858,36.519386834986435,0.5199562334224481,0.8753600451719252,-0.0003702675182820636,0.010859428699446411,0.009777732260389837,-0.12199945054316097,493490.6,0.008797110843596656,0.004352254838410952,1
2022-03-04,108.0,108.6,107.5,108.46,387676,108.516,108.26500000000001,109.02850000000001,0.9952993941950957,46.839378238341965,0.4836420310631837,0.797016442350177,0.004352254838410952,0.011015902109288352,0.009271665056283032,0.2635908802007789,481607.9,0.010141987829614552,-0.009773188272173994,0
2022-03-07,108.0,108.0,107.0,107.4,92990,108.15,108.09200000000001,108.92999999999999,0.9928394381713028,42.361761949390825,0.36512073826249036,0.7106373015326397,-0.009773188272173994,0.011234021897584417,0.009474894616312417,-0.7601347516998731,473839.8,0.009310986964618248,-0.004096834264432192,0
2022-03-08,107.3,108.0,106.6,106.96,361974,107.768,107.921,108.7935,0.9905738853883734,38.92493049119556,0.23300154033302078,0.615110149292716,-0.004096834264432192,0.011230952938690518,0.009457099647429683,2.8926121088289065,483879.3,0.013089005235602148,0.009536275243081649,1
2022-03-09,107.84,108.05,106.8,107.98,511458,107.758,107.883,108.65800000000002,0.9917171308141138,41.83583406884381,0.2082015813816156,0.533728435710496,0.009536275243081649,0.01174035683917864,0.009481668120008904,0.4129688872681463,509650.0,0.011576217818114465,-0.007316169661048422,0
2022-03-10,108.0,108.24,107.0,107.19,595788,107.598,108.002,108.5145,0.9915541241032304,39.00826446280995,0.12337880349797103,0.451658509267991,-0.007316169661048422,0.009470182106721962,0.009529051243417323,0.1648815738535716,514917.2,0.011568243306278524,-0.0010262151320086232,0
2022-03-11,107.8,107.84,107.0,107.08,393418,107.322,107.91900000000001,108.31949999999999,0.9907911317906749,41.07919930374241,0.04674125611337843,0.3706750586370685,-0.0010262151320086232,0.007388721296083873,0.009256739940399938,-0.3396678012984484,426276.4,0.00784460216660444,0.022693313410534266,1
2022-03-14,110.0,110.6,108.5,109.51,1355051,107.744,107.947,108.3415,0.9944850311284227,53.12035661218425,0.1800110835913955,0.3325422636279339,0.022693313410534266,0.009783122835002272,0.010017359370391762,2.4443035143282716,458279.4,0.019176330928682258,0.003926582047301563,1
2022-03-15,109.25,110.0,109.02,109.94,266648,108.34,108.054,108.38699999999999,0.9995663686604483,55.817378497790855,0.3166753520303729,0.3293688813084217,0.003926582047301563,0.00975482324732509,0.010049423192551152,-0.8032192146273461,462124.4,0.008913953065308386,0.0,0
2022-03-16,109.97,110.0,109.5,109.94,797895,108.732,108.245,108.4165,1.002910073651151,67.55793226381456,0.42013966089818666,0.3475230372263747,0.0,0.009280623470814799,0.010032849751347078,1.9923157120998471,506970.3,0.00454793523740222,-0.03865744951791883,0
2022-03-17,105.15,106.0,105.15,105.69,218762,108.43199999999999,108.01499999999999,108.2095,1.0020561965446655,41.81415929203542,0.15738218595534192,0.30949486697216816,-0.03865744951791883,0.015846855694257474,0.013223294656879306,-0.725826079872665,498166.0,0.008042388116188801,0.01930173147885328,1
2022-03-18,106.0,109.38,104.15,107.73,1784972,108.56200000000001,107.94200000000001,108.10350000000001,1.0042413057856592,44.74789915966387,0.11245958096073139,0.27008780976988084,0.01930173147885328,0.017166666982570536,0.014042587594418895,7.159424397290206,637895.6,0.04854729416132915,0.0249698319873759,1
2022-03-21,108.98,111.0,108.0,110.42,1642185,108.744,108.244,108.168,1.005325049922343,54.6658639373871,0.2905691117374829,0.27418407016340124,0.0249698319873759,0.018550607005781886,0.01510139549434878,-0.07999397189423696,792815.1,0.027168991124796232,-0.0032602789349754913,0
2022-03-22,110.42,110.85,109.77,110.06,2638601,108.76799999999999,108.554,108.2375,1.0049012588058666,56.29262244265343,0.39808433828065404,0.29896412378685183,-0.0032602789349754913,0.018517238682915285,0.015086551456853775,0.606762331893179,1020477.8,0.009812829365800456,0.011630019989096851,1
2022-03-24,110.06,112.85,109.0,111.34,1370683,109.048,108.89000000000001,108.3865,1.0061031586037006,59.64306275187106,0.5798916030847892,0.3551496196464393,0.011630019989096851,0.018610746415052826,0.015251484352500741,-0.4805266123980094,1106400.3,0.03457876773845872,0.005119453924914641,1
2022-03-25,111.34,113.23,111.02,111.91,2041721,110.292,109.362,108.68199999999999,1.014813860620894,59.87406983400115,0.7611948264716801,0.43635866101148746,0.005119453924914641,0.01823981876052199,0.014246405840761218,0.4895646914713321,1250993.6,0.019748011795192637,-0.004646591010633472,0
2022-03-28,110.8,111.9,109.5,111.39,1761070,111.024,109.793,108.856,1.0199162195928566,61.78381571175425,0.8530854450628738,0.5197040178217648,-0.004646591010633472,0.018396285417535192,0.013869699378895196,-0.13745805621825902,1387758.8,0.021545919741449013,0.012299129185743718,1
2022-03-29,112.0,113.25,111.65,112.76,1269171,111.492,110.11800000000001,109.0325,1.0225574943250866,66.2374020156775,1.0246454972917292,0.6206923137157577,0.012299129185743718,0.017501363852977802,0.013872378527162442,-0.27931825537883215,1379170.8,0.01418942887548771,-0.008691025186236323,0
2022-03-30,112.49,112.49,111.1,111.78,564909,111.83600000000001,110.30199999999999,109.178,1.0243455641246406,60.66217732884398,1.0692051336842212,0.7103948777094504,-0.008691025186236323,0.017883272349722003,0.014025909991401077,-0.5548992216178907,1408996.9,0.01243514045446413,0.01735551977097871,1
2022-03-31,111.21,114.5,111.21,113.72,2160915,112.31199999999998,110.67999999999999,109.4625,1.0260317460317459,67.21138639957829,1.2466896905879281,0.817653840285146,0.01735551977097871,0.018519331204904357,0.014285000300759694,2.825244419897718,1545298.9,0.028930706999648313,0.008002110446711175,1
2022-04-01,112.3,115.97,112.3,114.63,841120,112.856,111.574,109.7945,1.0278839103962403,69.09458775923116,1.4441298455342775,0.9429490413349724,0.008002110446711175,0.011095920460891225,0.014313945925773388,-0.6107574800489608,1607534.7,0.0320160516444212,-0.005059757480589733,0
2022-04-04,112.5,114.5,111.65,114.05,428939,113.388,112.20599999999999,110.074,1.0301070189145485,62.6674107142857,1.536094299175602,1.0615780929030985,-0.005059757480589733,0.011063899627441908,0.014424414858990311,-0.4900382822902797,1471931.4,0.02498903989478294,0.0027181060938186175,1
2022-04-05,113.25,117.16,113.25,114.36,1732889,113.708,112.6,110.422,1.0297585626052779,62.41573033707866,1.615370218134757,1.1723365179494303,0.0027181060938186175,0.008774568017722162,0.014127138627115822,3.039942742441233,1481001.8,0.03419027632039172,-0.0007869884575026909,0
2022-04-06,114.05,116.5,114.05,114.27,507183,114.20599999999999,113.021,110.7875,1.0308563691752228,62.101732811626604,1.651892716257919,1.2682477576111282,-0.0007869884575026909,0.008594389170028218,0.014055876012279868,-0.7073193955296617,1267860.0,0.021440448061608497,0.002100288789708582,1
2022-04-07,115.0,115.0,114.0,114.51,510108,114.36399999999999,113.33800000000001,111.11399999999999,1.0292492395197725,81.77233429394813,1.680827520015285,1.3507637100919596,0.002100288789708582,0.008145588814840003,0.013983328512530403,0.005767149135519123,1181802.5,0.008732861758798357,0.006986289407038715,1
2022-04-08,114.0,115.74,113.5,115.31,437230,114.5,113.678,111.51999999999998,1.0267216642754664,79.98417721518986,1.7481601723036562,1.4302430025342991,0.006986289407038715,0.008224617700641932,0.01379056620634668,-0.14286778486124507,1021353.4,0.01942589541236662,0.018905558928106858,1
2022-04-11,116.15,118.29,115.31,117.49,1241790,115.18800000000002,114.28800000000001,112.0405,1.0280925201154942,79.14262159934046,1.9548947554662988,1.535173353120699,0.018905558928106858,0.00910762761931241,0.014143031100694758,1.8401299087436818,969425.4,0.02536386075410677,0.004766363094731441,1
2022-04-12,117.95,118.55,116.39,118.05,1336867,115.926,114.81700000000001,112.46750000000002,1.0307511058750305,82.40064882400647,2.139260656742266,1.6559908138450123,0.004766363094731441,0.008777571870903686,0.013499086613117538,0.07656447547491929,976195.0,0.01829733163913593,-0.0006776789495975821,0
2022-04-13,117.21,119.84,117.21,117.97,1492130,116.66600000000001,115.43599999999999,112.869,1.0336407693875203,79.7843665768194,2.2529460704856064,1.7753818651731312,-0.0006776789495975821,0.007729582052468794,0.013536900410549935,0.11613945141887716,1068917.1,0.02229380350936687,0.001271509705857543,1
2022-04-14,118.0,118.5,117.0,118.12,402667,117.388,115.876,113.27799999999999,1.0362824202404706,78.99159663865548,2.3283070519599107,1.885966902530487,0.001271509705857543,0.0065570572007728496,0.013521988286063602,-0.7301394650600148,893092.3,0.012698950220115137,0.00948188283101925,1
2022-04-15,117.6,119.5,117.6,119.24,226503,118.174,116.33699999999999,113.9555,1.0370188363001347,84.70380194518123,2.450161871611172,1.998805896346624,0.00948188283101925,0.006677451716935341,0.009174190034845153,-0.43749301532035156,831630.6,0.015934250251593472,0.01777926870177793,1
2022-04-18,118.2,121.8,118.2,121.36,1098830,118.94800000000001,117.06800000000001,114.63699999999999,1.037605659603793,85.65505804311772,2.686826908413593,2.1364100987600176,0.01777926870177793,0.007135724383817455,0.009064449184350024,3.8512823229714392,898619.7,0.029663810151614983,0.016891891891891886,1
2022-04-19,120.99,126.4,120.99,123.41,3150366,120.02000000000001,117.973,115.2865,1.0410585801459842,94.28789032749428,3.005161887009095,2.3101604564098333,0.016891891891891886,0.007737546265130023,0.008325133566300533,1.8670185561005797,1040367.4,0.043837614455878866,-0.009480593144801874,0
2022-04-20,124.75,124.88,121.6,122.24,896780,120.874,118.76999999999998,115.8955,1.0429568016014426,84.4660194174757,3.1269894413273818,2.473526253393343,-0.009480593144801874,0.009152552061047363,0.008777811085041177,-0.7153410111714005,1079327.1,0.026832460732984304,-0.0018815445026176825,0
2022-04-21,122.81,123.4,121.72,122.01,561837,121.652,119.51999999999998,116.429,1.0448599575707083,81.59246575342472,3.1684555942396884,2.612512121562612,-0.0018815445026176825,0.009461260474467367,0.008784792704447203,-0.3734951716139967,1084500.0,0.013769363166953584,-0.0013113679206623319,0
2022-04-22,122.5,122.5,121.6,121.85,89684,122.174,120.174,116.926,1.0448830884491045,84.63587921847244,3.1520720320571343,2.7204241036615167,-0.0013113679206623319,0.009763575560977985,0.008882795850135171,-0.8403736314981035,1049745.4,0.00738613048830534,0.03167829298317604,1
2022-04-25,123.49,126.01,121.86,125.71,721065,123.04400000000001,120.99600000000001,117.64200000000001,1.045918974515904,88.31870357866303,3.411235086961895,2.8585863003215923,0.03167829298317604,0.012226212866948917,0.01051978209088256,7.040062887471567,997672.9,0.033012489062127164,0.009386683636942283,1
2022-04-26,125.03,127.5,124.76,126.89,853478,123.74000000000001,121.88,118.34849999999999,1.045556132946341,89.68553459119497,3.669539644656936,3.020776969188661,0.009386683636942283,0.012225948536577486,0.010449630050720625,0.18363531720441295,949334.0,0.021593506186460675,-0.0371975727007644,0
2022-04-27,125.75,128.89,120.5,122.17,1708789,123.726,122.3,118.86800000000001,1.0408688629404044,68.79293424926398,3.4535726782395955,3.107336110998848,-0.0371975727007644,0.01864670116815603,0.013922080795139737,1.0021476827756546,970999.9,0.06867479741344018,-0.015306540067119623,0
2022-04-28,122.0,122.0,114.0,120.3,3634183,123.38400000000001,122.518,119.19699999999997,1.035126722987995,61.63170163170162,3.0958370472489207,3.105036298248863,-0.015306540067119623,0.019595628596456315,0.014252217503253277,1.1267593599911985,1294151.5,0.06650041562759768,0.007231920199501252,1
2022-05-06,120.5,122.45,120.45,121.17,529409,123.248,122.71100000000001,119.524,1.0311569224590877,59.136047666335664,2.849681358612358,3.053965310321562,0.007231920199501252,0.01951297091786174,0.0142387780672357,-0.8543251674447875,1324442.1,0.01650573574317075,-0.002228274325328017,0
2022-05-09,122.0,122.01,117.06,120.9,1301128,122.28600000000002,122.66499999999999,119.8665,1.0201849557632867,57.178841309823696,2.6028108748245984,2.96373442322217,-0.002228274325328017,0.01869885776230653,0.014169642332398216,1.4576990568728525,1344671.9,0.04094292803970225,-0.022332506203473934,0
2022-05-10,119.0,119.01,117.1,118.2,1390001,120.548,122.144,120.05850000000001,1.0040771790418836,50.511793502447716,2.164347551346154,2.803857048846967,-0.022332506203473934,0.018823691047873663,0.015262435237685609,0.06830457879624441,1168635.4,0.016159052453468787,-0.015397631133671763,0
2022-05-11,117.8,118.1,115.15,116.38,1719186,119.39000000000001,121.55800000000002,120.16399999999999,0.9935588029692756,46.396023198011584,1.6509720409132314,2.57328004726022,-0.015397631133671763,0.019101030158094667,0.015733358129462093,0.23682357063052462,1250876.0,0.025347997937789902,-0.008506616257088817,0
2022-05-12,116.39,116.39,113.25,115.39,1175214,118.40799999999999,120.896,120.20800000000001,0.9850259550113135,41.982507288629755,1.1509659054924128,2.288817218906659,-0.008506616257088817,0.019105922832626052,0.015873644283281915,-0.3164125347693618,1312213.7,0.02721206343703961,0.003899818008493039,1
2022-05-13,114.8,116.95,114.25,115.84,233465,117.34200000000001,120.295,120.2345,0.975942845023683,37.64547896150405,0.7820042221229215,1.9874546195499116,0.003899818008493039,0.019299866326552013,0.015822216034634393,-0.8013425639926005,1326591.8,0.02330801104972378,-0.009754834254143696,0
2022-05-16,115.8,115.8,113.51,114.71,352384,116.104,119.19499999999998,120.09549999999999,0.966763950356175,29.691876750700303,0.39387749900298274,1.668739195440526,-0.009754834254143696,0.014407470587148589,0.015343707977315504,0.5093654295076351,1289723.7,0.01996338592973579,0.0067997559061983015,1
2022-05-17,114.0,115.73,114.0,115.49,256964,115.56199999999998,118.05499999999999,119.9675,0.963277554337633,33.95149786019974,0.14752320027362487,1.364495996407146,0.0067997559061983015,0.014059253418999445,0.01539117958394942,-0.27078414456956046,1230072.3,0.014979651917915006,0.011862498917655229,1
2022-05-18,115.01,117.4,115.0,116.86,553741,115.65799999999999,117.524,119.91199999999999,0.9645239842551204,38.3852052322959,0.062117146280286306,1.104020226381774,0.011862498917655229,0.011574949072735057,0.01565738977222119,1.1549360999984435,1114567.5,0.020537395173712183,0.006246791032004095,1
2022-05-19,116.02,118.45,116.0,117.59,243029,116.098,117.253,119.88550000000001,0.9684073553515645,40.63324538258579,0.052729301741010204,0.8937620414536213,0.006246791032004095,0.011316695899033075,0.015723985398212993,-0.5611143115644317,775452.1,0.020835105025937602,0.006037928395271619,1
2022-05-20,118.0,118.99,117.75,118.3,176740,116.59,116.96599999999998,119.8385,0.9728926847382102,31.087289433384413,0.10141142580008022,0.7352919183229131,0.006037928395271619,0.01121172736733302,0.015632037791917457,-0.27276168687687474,740185.2,0.010481825866441209,-0.014877430262045577,0
2022-05-23,116.75,117.95,116.0,116.54,531674,116.95599999999999,116.53000000000002,119.59750000000001,0.9779134179226152,24.343083787803693,-0.002001855074439618,0.5878331636434426,-0.014877430262045577,0.011891024458080426,0.01534949512599488,2.008226773792011,663239.8,0.016732452376866335,-0.017075682169212403,0
2022-05-24,116.5,117.08,114.25,114.55,1029910,116.768,116.165,119.15449999999998,0.9799713816935157,28.153669724770666,-0.24174728191260897,0.4219170745322323,-0.017075682169212403,0.011058005309433109,0.015035390514606745,0.9371080775061409,627230.7,0.024705368834570043,-0.014404190309908249,0
2022-05-25,114.25,114.25,111.0,112.9,1438889,115.976,115.81699999999998,118.6875,0.9771542917324908,28.51335656213709,-0.5584509948836853,0.22584346064904878,-0.014404190309908249,0.010938835076736004,0.015176213350515493,0.3971016884970531,599201.0,0.02878653675819309,0.0006200177147916985,1
2022-05-26,112.9,113.4,111.6,112.97,432588,115.05199999999999,115.575,118.2355,0.9730749225063537,25.030450669914728,-0.7946325250475326,0.021748263509732496,0.0006200177147916985,0.010806165579073233,0.015203631106866206,-0.6993597143351572,524938.4,0.01593343365495274,0.01566787642737011,1
2022-05-27,113.9,116.05,113.9,114.74,740796,114.34,115.46499999999999,117.88,0.9699694604682729,32.81249999999997,-0.8294228119275004,-0.1484859515777141,0.01566787642737011,0.012092123538080628,0.015807925736254988,0.7124746872312686,575671.5,0.018738016384870066,0.0,0
2022-05-30,115.95,115.95,114.05,114.74,141581,113.97999999999999,115.468,117.3315,0.9714356332272236,38.633377135348205,-0.8472280473812788,-0.28823437073842706,0.0,0.011683900848089492,0.013594901241928583,-0.8088799075588962,554591.2,0.016559177270350407,0.0035732961478125436,1
2022-05-31,115.0,115.5,113.0,115.15,1721838,114.1,115.43400000000001,116.74449999999999,0.9773479692833495,45.54670528602466,-0.8188164449888689,-0.39435078558851544,0.0035732961478125436,0.011521375776370857,0.013342935203929795,11.161504721678757,701078.6,0.021710811984368215,-0.013026487190620939,0
2022-06-01,114.5,115.3,113.5,113.65,1025865,114.25,115.11299999999999,116.3185,0.982216930238956,43.92458100558662,-0.9068835206644508,-0.4968573326037026,-0.013026487190620939,0.011303936897643927,0.01116722034192825,-0.40420353134266984,748291.0,0.015838099428068606,-0.01064672239331288,0
2022-06-02,113.95,113.95,112.0,112.44,277076,114.144,114.598,115.92549999999999,0.9846323716524839,38.72679045092837,-1.06207130336567,-0.6099001267560961,-0.01064672239331288,0.01107436190985767,0.010955597194541122,-0.729909880929752,751695.7,0.017342582710779108,-0.02339025257915328,0
2022-06-03,112.99,112.99,109.11,109.81,512855,113.15799999999999,113.749,115.3575,0.9809331859653684,35.22316043425816,-1.3813543661274394,-0.7641909746303648,-0.02339025257915328,0.011870025978259155,0.011528768109332971,0.8509542508192698,785307.2,0.03533375830980781,-0.0013659958109462078,0
2022-06-06,109.0,110.49,107.5,109.66,502471,112.14200000000001,113.06099999999999,114.79549999999999,0.9768849824252694,31.72413793103449,-1.6277287957427546,-0.9368985388528428,-0.0013659958109462078,0.011686311327133027,0.011540681462601343,-0.020247438359770276,782386.9,0.02726609520335578,-0.0005471457231442933,0
2022-06-07,110.0,110.86,109.4,109.6,99858,111.032,112.566,114.3655,0.9708522237912657,25.204918032786864,-1.806993903894437,-1.1109176118611617,-0.0005471457231442933,0.011100708794921059,0.010803704135409476,-0.8012661427226646,689381.7,0.013321167883211622,-0.008850364963503665,0
2022-06-08,109.5,109.5,107.03,108.63,1770456,110.02799999999999,112.13899999999998,113.978,0.9653441892295004,19.89247311827954,-2.00423016921107,-1.2895801233311435,-0.008850364963503665,0.010672578784956734,0.010526696360295667,16.729736225440124,722538.4,0.022737733591089007,0.005339224891834693,1
2022-06-09,109.38,109.84,108.7,109.21,385107,109.38199999999999,111.763,113.66899999999998,0.9622852316814612,19.186440677966075,-2.0896519705934793,-1.4495944927836106,0.005339224891834693,0.010989211501815647,0.010627084125802868,-0.7824814624029064,717790.3,0.0104386045233953,0.006959069682263674,1
2022-06-10,109.21,111.74,109.1,109.97,283165,109.41399999999999,111.28600000000002,113.37550000000002,0.9650585884957505,26.10909090909091,-2.0721374050601042,-1.5741030752389094,0.006959069682263674,0.009570320439306258,0.010748322832706587,-0.2647108465958812,672027.2,0.02400654724015641,-0.014731290351914228,0
2022-06-13,110.0,110.88,108.01,108.35,137349,109.152,110.647,113.0575,0.9654556309842337,26.831091180866977,-2.1640318348552228,-1.6920888271621721,-0.014731290351914228,0.009977851877701293,0.010979218780479676,-0.5149506471491887,671604.0,0.02648823257960305,0.003414859252422797,1
2022-06-14,108.5,109.9,107.76,108.72,957157,108.976,110.00399999999999,112.71899999999998,0.9667935308155681,32.72727272727272,-2.1818518942689877,-1.7900414405835354,0.003414859252422797,0.00996165876984928,0.010848920776178396,5.968794821949923,595135.9,0.01968359087564386,0.029433406916850702,1
2022-06-15,109.0,112.0,109.0,111.92,640499,109.63399999999999,109.83099999999999,112.47200000000001,0.9747670531332241,46.55285620485885,-1.9156784149576254,-1.8151688354583535,0.029433406916850702,0.01449977414311351,0.012670856556184872,-0.3308318280073175,556599.3,0.026804860614724802,0.017959256611865593,1
2022-06-16,112.13,114.0,112.0,113.93,983153,110.578,109.97999999999999,112.28900000000002,0.9847625323940902,47.38202973497095,-1.52496496632385,-1.757128061631453,0.017959256611865593,0.01528195616433438,0.013329559200762519,0.5349797579699578,627207.0,0.017554638813306416,-0.027121916966558413,0
2022-06-17,113.15,113.65,110.53,110.84,1071351,110.752,110.083,111.91599999999998,0.9895993423639159,39.49353448275866,-1.44796764940196,-1.6952959791855546,-0.027121916966558413,0.01598457248181873,0.014365246223779974,0.08970933313533092,683056.6,0.028148682785997876,-0.005774088776614894,0
2022-06-20,111.25,112.49,110.01,110.2,527585,111.122,110.13699999999999,111.599,0.9957257681520444,36.82810005321981,-1.4221951914215367,-1.6406758216327513,-0.005774088776614894,0.016118786257826256,0.014116283085033439,-0.5075516800749708,685568.0,0.022504537205081575,0.01660617059891112,1
2022-06-21,110.69,112.2,109.4,112.03,929387,111.78400000000002,110.38,111.473,1.0027899132525366,45.763598326359826,-1.23981283612153,-1.560503224530507,0.01660617059891112,0.01687706346784075,0.014318470636570872,0.7615872323890938,768520.9,0.024993305364634448,0.026332232437739966,1
2022-06-22,113.0,115.75,113.0,114.98,2897902,112.396,111.01499999999999,111.577,1.0073402224472785,56.088207094918516,-0.8474641208736955,-1.417895403799145,0.026332232437739966,0.01792361768122601,0.015184689912452589,2.1180789057733755,881265.5,0.023917202991824666,-0.008262306488084903,0
2022-06-23,114.98,116.0,113.6,114.03,540654,112.41600000000001,111.497,111.63,1.007041117979038,61.00104275286755,-0.6061941688034693,-1.2555551568000098,-0.008262306488084903,0.01847362920279924,0.015326315896500547,-0.8134326143534184,896820.2,0.02104709287029734,-0.0284135753749013,0
2022-06-24,114.01,115.7,105.5,110.79,2320816,112.40599999999999,111.579,111.4325,1.0087362304534133,52.53704535249215,-0.6687183468817466,-1.1381877948163572,-0.0284135753749013,0.02114054239176069,0.016187569077502437,3.292608581458752,1100585.3,0.09206607094503116,0.028341908114450698,1
2022-06-27,111.25,114.5,110.02,113.93,311683,113.152,112.13699999999999,111.39199999999998,1.0158000574547545,58.54043392504932,-0.4595994739016902,-1.0024701306334238,0.028341908114450698,0.02196380790846077,0.017522854287675256,-0.8657011154697314,1118018.7,0.0393223909418064,-0.020802246993768092,0
2022-06-28,112.05,113.9,111.5,111.56,720687,113.05799999999999,112.421,111.2125,1.0165943576486456,55.476635514018696,-0.47958212927170507,-0.8978925303610801,-0.020802246993768092,0.023472115758678934,0.0180846668748248,1.3122435294834816,1094371.7,0.021513087128002917,0.0013445679455001969,1
2022-06-29,112.95,112.95,110.8,111.71,411310,112.404,112.4,111.1155,1.0115960419563428,54.74924012158054,-0.4778069204673443,-0.813875408382333,0.0013445679455001969,0.021535558215469108,0.017883930557637834,-0.4292806724694632,1071452.8,0.01924626264434702,-0.013338107600035731,0
2022-06-30,111.0,112.2,109.75,110.22,870362,111.64200000000001,112.029,111.00450000000001,1.0057430104184966,50.46210720887247,-0.5898313931081702,-0.7690666053275004,-0.013338107600035731,0.02090389283453778,0.01797255160909427,1.116073034937152,1060173.7,0.02222827073126477,0.016058791507893355,1
2022-07-01,111.01,113.5,111.01,111.99,393257,111.88199999999999,112.144,111.1135,1.006916351298447,56.69117647058824,-0.5296815481047332,-0.721189593882947,0.016058791507893355,0.01982439165309923,0.017527041117221424,-0.5481684632371358,992364.3,0.02223412804714702,-0.018751674256630047,0
2022-07-04,111.5,111.5,108.39,109.89,467337,111.074,112.11299999999999,111.125,0.9995410573678291,52.02212236432769,-0.6440407117276408,-0.7057598174518858,-0.018751674256630047,0.020736147821123034,0.018079726371674796,0.18837554067696183,986339.5,0.028301028301028295,-0.009464009464009493,0
2022-07-05,109.8,110.0,108.8,108.85,156662,110.532,111.795,111.0875,0.9949994373804433,44.26596936869628,-0.8092618147173454,-0.7264602169049776,-0.009464009464009493,0.020030857092348784,0.018210147664036686,-0.6647772378390755,909067.0,0.011024345429490151,0.0038585209003214604,1
2022-07-06,109.28,109.5,109.0,109.27,518128,110.04400000000001,111.224,111.11950000000002,0.9903212307470786,40.74662430500395,-0.8959819174617962,-0.7603645570163413,0.0038585209003214604,0.017514942501009923,0.018113372988827786,2.307298515274923,671089.6,0.0045758213599341084,0.01153106982703389,1
2022-07-07,109.49,111.5,108.85,110.53,432991,110.106,110.874,111.1855,0.9902910001753825,49.33618843683084,-0.8532015772477592,-0.778931961062625,0.01153106982703389,0.018203024498008223,0.01825371904478808,-0.16431653954235248,660323.3,0.023975391296480644,0.0029856147652220777,1
2022-07-13,110.65,111.9,110.35,110.86,685220,109.88,110.881,111.22999999999999,0.9878629866043334,51.43229166666666,-0.7836363354590219,-0.7798728359419044,0.0029856147652220777,0.01588585704870391,0.018204242862471142,0.5825271195013291,496763.7,0.013981598412412154,0.0011726501894280261,1
2022-07-14,111.0,111.7,110.69,110.99,516725,110.1,110.58699999999999,111.362,0.9886675885849752,47.56326148078724,-0.709832954166302,-0.7658648595867839,0.0011726501894280261,0.012495004599025127,0.017844928950822774,-0.24589912728758645,517267.9,0.009099918911613705,9.009820704575233e-05,1
2022-07-15,111.05,111.5,110.6,111.0,159514,110.53,110.53099999999999,111.476,0.9915138684559905,39.184782608695635,-0.6431228069521637,-0.7413164490598599,9.009820704575233e-05,0.010723313933199526,0.017840221040530155,-0.691298079249117,461150.6,0.008108108108108159,-0.02306306306306305,0
2022-07-18,110.5,110.99,108.02,108.44,366165,110.364,110.204,111.30199999999999,0.9915724784819681,36.031984007995995,-0.787744511477257,-0.7506020615433393,-0.02306306306306305,0.012838315680674676,0.01732028278641296,1.2955038429228782,456636.1,0.027388417558096633,-0.019181113980081155,0
2022-07-19,108.55,109.47,105.9,106.36,524550,109.53,109.81800000000001,110.92349999999999,0.9874372878605526,38.24933687002651,-1.0580008952336328,-0.8120818282813981,-0.019181113980081155,0.01348332721959744,0.017121287449550087,0.4325508991847937,422054.9,0.03356525009402025,0.005641218503196654,1
2022-07-20,107.0,107.51,106.11,106.96,461973,108.75,109.31499999999998,110.7295,0.9821231017931085,28.632740649907987,-1.209819989114166,-0.8916294604479518,0.005641218503196654,0.012142018578893202,0.016267390408467464,-0.11929653989133548,428926.5,0.013089005235602148,-0.013369483919222103,0
2022-07-21,107.02,107.02,105.0,105.53,271277,107.65799999999999,108.87899999999999,110.49600000000001,0.974315812337098,30.383864671437834,-1.4290535243298024,-0.999114273224322,-0.013369483919222103,0.011545623340886465,0.01645619252598793,-0.4127860286207202,409320.5,0.019141476357433868,0.004358950061593703,1
2022-07-22,106.1,107.0,105.5,105.99,358569,106.65599999999999,108.59299999999999,110.194,0.9678929887289688,31.760204081632637,-1.5478370231531215,-1.108858823210082,0.004358950061593703,0.011643142569139002,0.01594601080805263,0.3217817949918349,429511.2,0.014152278516841213,-0.010283989055571152,0
2022-07-25,107.0,107.0,104.5,104.9,359852,105.94800000000001,108.15599999999999,109.69000000000001,0.9658856778193089,32.591623036649196,-1.7102134165542537,-1.2291297418789164,-0.010283989055571152,0.011630726766945161,0.01447821780608891,0.0035781118836262227,413683.6,0.023832221163012392,0.0014299332697806921,1
2022-07-26,104.9,106.4,103.1,105.05,208104,105.686,107.60799999999999,109.24099999999999,0.967457273368058,24.59736456808193,-1.8059759650417107,-1.3444989865114754,0.0014299332697806921,0.010516085619349276,0.01450703886469139,-0.4216955859631182,391194.9,0.031413612565445136,-0.0026653974297953242,0
2022-07-27,105.02,105.83,104.0,104.77,673673,105.248,106.999,108.93999999999998,0.9661097852028642,28.378378378378315,-1.8827588624032074,-1.4521509616898218,-0.0026653974297953242,0.010184583771753195,0.013319679439510415,2.2371939030484755,390040.2,0.01746683210842797,0.0013362603798796613,1
2022-07-28,105.75,105.9,102.16,104.91,916457,105.124,106.39099999999999,108.489,0.9689830305376581,31.992687385740368,-1.9102923704510602,-1.5437792434420694,0.0013362603798796613,0.010196773523809675,0.011208088753551488,0.36038849708983434,430013.4,0.03564960442283871,-0.01334477170908388,0
2022-07-29,105.0,105.5,102.8,103.51,767837,104.628,105.64200000000001,108.0865,0.9680024794955892,25.838926174496606,-2.0217754052982286,-1.6393784758133012,-0.01334477170908388,0.010252971406395677,0.01073572787087015,-0.16216800133557818,490845.7,0.026084436286349173,-0.0012559173026761572,0
2022-08-01,103.8,104.0,103.01,103.38,180268,104.324,105.13600000000001,107.67,0.9689235627379957,16.86746987951794,-2.09644985818079,-1.730792752286799,-0.0012559173026761572,0.008626726298529766,0.010687274645064826,-0.765226213376016,472256.0,0.009576320371445105,0.0035790288256916103,1
2022-08-02,103.0,104.5,102.55,103.75,1219465,104.064,104.875,107.34650000000002,0.9694214529584101,17.17451523545698,-2.1015486476679115,-1.8049439313630216,0.0035790288256916103,0.007290349022699662,0.01056243205668716,5.76473361883418,541747.5,0.018795180722891592,0.00443373493975896,1
2022-08-03,104.1,105.0,103.5,104.21,1606503,103.952,104.6,106.95750000000001,0.9719000537596708,19.623655913978396,-2.044898996722864,-1.85293494443499,0.00443373493975896,0.0071499570832803,0.009748874817371219,0.3173834427392339,656200.5,0.014394012090970158,-0.008252566932156258,0
2022-08-04,103.0,104.0,102.11,103.35,721821,103.63999999999999,104.38199999999999,106.63050000000001,0.9719545533407419,18.151540383014037,-2.045815663398699,-1.891511088227732,-0.008252566932156258,0.006439677079082944,0.009151481839730502,-0.5506880472678856,701254.9,0.018287373004354145,0.0016448959845185573,1
2022-08-05,104.0,104.5,103.29,103.52,1013506,103.64200000000001,104.13499999999999,106.364,0.9744086345003949,24.42827442827432,-2.009658457365248,-1.915140562055235,0.0016448959845185573,0.006191181493085687,0.009076802792901885,0.40409602934799627,766748.6,0.01168856259659963,0.011108964451313819,1
2022-08-10,104.0,105.49,104.0,104.67,1556768,103.9,104.112,106.13399999999999,0.9789511372416004,40.27617951668583,-1.8666901796197806,-1.9054504855681444,0.011108964451313819,0.006805942160146545,0.009478660707978969,0.5360224803799878,886440.2,0.01423521543899871,-0.002388458966274931,0
2022-08-11,104.95,105.5,104.2,104.42,349279,104.03399999999999,104.049,105.82849999999999,0.9830433200886339,34.77218225419665,-1.7533481935842161,-1.875030027171359,-0.002388458966274931,0.006811535261334375,0.008919228329147818,-0.7756383738617443,900557.7,0.012449722275426137,0.0012449722275424957,1
2022-08-12,104.3,104.85,103.75,104.55,181353,104.102,104.027,105.51299999999999,0.9866272402452779,43.039772727272684,-1.6341959459086723,-1.8268632109188219,0.0012449722275424957,0.006790753207061794,0.008868136161863457,-0.48077897611937737,851325.7,0.010521281683405015,-0.00564323290291735,0
2022-08-15,104.9,105.0,103.27,103.96,1252088,104.224,103.93199999999999,105.1615,0.9910851404744132,35.84379358437933,-1.5692852567508169,-1.775347620085221,-0.00564323290291735,0.00697276034324263,0.00883476920717287,5.904148263331734,884888.8,0.01664101577529823,-0.01000384763370521,0
2022-08-16,104.01,104.5,102.5,102.92,665656,104.104,103.873,104.75750000000001,0.993761783165883,36.09550561797748,-1.583508674000342,-1.7369798308682454,-0.01000384763370521,0.006362925410668362,0.008923055927216341,-0.46836324603382506,874670.7,0.0194325689856199,-0.001554605518849561,0
2022-08-17,102.71,103.0,102.51,102.76,233715,103.72200000000001,103.81099999999999,104.47349999999999,0.9928067883243121,33.94109396914452,-1.5893702268425756,-1.7074579100631115,-0.001554605518849561,0.006367289955963205,0.007680429177304557,-0.6488952251613447,880015.4,0.004768392370572157,-0.005060334760607299,0
2022-08-18,102.78,102.99,102.0,102.24,296747,103.28600000000002,103.66,104.2675,0.9905867120627234,32.83582089552239,-1.6173316118119203,-1.6894326504128734,-0.005060334760607299,0.0063257822288320786,0.0066632796332723844,0.26969599726162197,787743.6,0.009683098591549246,-0.0006846635367760978,0
2022-08-19,102.26,102.8,101.71,102.17,452356,102.80999999999999,103.45599999999999,104.02799999999999,0.9882916137962856,31.232876712328803,-1.6263915959125512,-1.6768244395128091,-0.0006846635367760978,0.005995530835157142,0.006429913682408234,0.5243827233299747,672328.9,0.010668493686992301,-0.0031320348438876877,0
2022-08-22,102.73,102.73,100.75,101.85,1223717,102.38799999999999,103.306,103.84400000000001,0.9859789684526789,36.6559485530546,-1.6404825624197343,-1.6695560640941944,-0.0031320348438876877,0.005604179012300683,0.00588399314677947,1.7052078451485113,722518.5,0.019440353460972056,0.02621502209131088,1
2022-08-23,102.49,105.0,102.49,104.52,2466530,102.708,103.40599999999999,103.7705,0.9897610592605799,56.50684931506849,-1.419836082476138,-1.6196120677705832,0.02621502209131088,0.010423860486997248,0.008519129522972985,1.015604915188724,867820.9,0.02401454267125914,-0.007654037504783773,0
2022-08-24,104.75,104.99,103.52,103.72,675542,102.9,103.31099999999999,103.7115,0.9921754096700945,49.83677910772578,-1.2946021043724585,-1.5546100750909584,-0.007654037504783773,0.010087340402887142,0.008382015850413944,-0.7261164469923334,779698.3,0.014172772849980706,-0.0012533744697261762,0
2022-08-25,104.0,104.0,103.25,103.59,531886,103.17,103.228,103.6385,0.9954794791510878,46.50112866817161,-1.1921013852955298,-1.4821083371318728,-0.0012533744697261762,0.010074685221962682,0.00837042067416921,-0.21265295125987727,797959.0,0.007240081088908196,-9.653441451884515e-05,0
2022-08-26,103.95,104.01,103.4,103.58,1153175,103.452,103.131,103.579,0.9987738827368482,51.43570536828967,-1.0990070739355957,-1.4054880844926176,-9.653441451884515e-05,0.010054041019621872,0.008357833746115657,1.168086770473372,895141.2,0.0058891677930102285,0.0028963120293492572,1
2022-08-29,102.51,104.0,102.0,103.88,340377,103.85799999999999,103.123,103.5275,1.0031923884958103,52.211302211302204,-0.9896140143352312,-1.3223132704611404,0.0028963120293492572,0.00996744120981894,0.008383487865312834,-0.7048349123073254,803970.1,0.019252984212552948,-0.0001925298421254773,0
2022-08-30,104.49,104.49,103.5,103.86,526184,103.726,103.21699999999998,103.54499999999999,1.0017480322565069,44.222539229671874,-0.8942249902684409,-1.2366956144226005,-0.0001925298421254773,0.009340037347497804,0.007816250073295603,0.5458858853565312,790022.9,0.00953206239168106,0.0013479684190256247,1
2022-08-31,104.15,104.5,103.05,104.0,529041,103.782,103.34099999999998,103.576,1.0019888777322932,46.956521739130416,-0.7981313105549503,-1.1489827536490704,0.0013479684190256247,0.00929862150399115,0.007812451186998349,0.005429659586760449,819555.5,0.013942307692307719,0.0008653846153845457,1
2022-09-01,104.0,104.24,103.5,104.09,122115,103.88199999999999,103.526,103.593,1.0027897637871284,46.647230320699755,-0.7065692388642617,-1.0605000506921087,0.0008653846153845457,0.009037765195676051,0.007776494385718873,-0.7691766800682744,802092.3,0.007109232395042702,-0.009799212220194198,0
2022-09-02,104.49,104.49,102.85,103.07,291355,103.78,103.61600000000001,103.53599999999999,1.002356668212023,43.895747599451305,-0.7081480232790796,-0.990029645209503,-0.009799212220194198,0.009751121464310498,0.008015472116167904,1.3859067272652825,785992.2,0.01591151644513438,-0.0023285146017268943,0
2022-09-05,103.0,103.05,102.5,102.83,570328,103.57000000000001,103.71399999999998,103.50999999999999,1.0005796541396967,49.30662557781199,-0.7204601988373724,-0.936115755935077,-0.0023285146017268943,0.009717276210093518,0.007821787032352697,0.9575020164404249,720653.3,0.00534863366721771,-0.011572498298161982,0
2022-09-06,102.3,103.0,101.55,101.64,449533,103.126,103.426,103.41600000000001,0.9971957917536938,42.55319148936168,-0.8168248925216517,-0.912257583252392,-0.011572498298161982,0.005047699979699817,0.008204630929576526,-0.2117991752114573,518953.6,0.014266036993309748,0.001967729240456517,1
2022-09-07,102.0,102.49,101.45,101.84,394650,102.694,103.23799999999999,103.27449999999999,0.9943790577538503,47.22222222222228,-0.8670613346672127,-0.9032183335353563,0.001967729240456517,0.004930803189188593,0.007742982068846501,-0.12208892339383315,490864.4,0.010212097407698273,0.0020620581304005015,1
2022-09-08,102.0,102.74,101.5,102.05,149275,102.286,103.08400000000002,103.15599999999999,0.9915661716235605,49.18256130790188,-0.8797871929331933,-0.8985321054149238,0.0020620581304005015,0.005082021175126282,0.0077751893632880854,-0.6217534524262005,452603.3,0.012150906418422293,0.011268985791278885,1
2022-09-09,102.74,103.55,102.0,103.2,532351,102.312,103.046,103.0885,0.9924676370303186,58.26193390452881,-0.7879936380939085,-0.8764244119507207,0.011268985791278885,0.006500093113004691,0.008244499193455785,2.5662435102997825,390520.9,0.015019379844961213,-0.012500000000000067,0
2022-09-12,103.0,103.0,101.5,101.91,407416,102.12800000000001,102.849,102.98599999999999,0.9916687705124971,30.780559646539047,-0.8100016092244431,-0.8631398514054653,-0.012500000000000067,0.0074063674030559416,0.008599410262122737,-0.23468538614560697,397224.8,0.014718869590815425,-0.008438818565400852,0
2022-09-13,102.47,102.5,100.81,101.05,336574,102.00999999999999,102.56800000000001,102.8925,0.9914230872026629,30.5109489051095,-0.886617522683153,-0.8678353856610029,-0.008438818565400852,0.007651622507928946,0.008519537074881076,-0.17388124177744613,378263.8,0.01672439386442353,0.0016823354774864185,1
2022-09-14,101.1,102.0,101.0,101.22,178436,101.886,102.28999999999999,102.8155,0.9909595343114608,32.80116110304789,-0.9229790785532828,-0.8788641242394589,0.0016823354774864185,0.007672042073680552,0.008536819491092402,-0.46984615567453225,343203.3,0.009879470460383323,-0.004050582888757148,0
2022-09-15,101.25,101.9,100.75,100.81,197589,101.638,101.96199999999999,102.744,0.9892353811414779,31.001371742112525,-0.9736557496360945,-0.8978224493187861,-0.004050582888757148,0.007576582799983342,0.008512753380926195,0.10733820529489568,350750.7,0.011407598452534527,-0.00634857653010612,0
2022-09-16,101.0,101.25,100.02,100.17,1118689,101.03200000000001,101.672,102.644,0.9842952340127041,25.68807339449549,-1.0533180332521255,-0.928921566105454,-0.00634857653010612,0.007315231797145137,0.008606962143197833,4.6616967543739785,433484.1,0.012279125486672695,-0.0010981331736048539,0
2022-09-19,101.0,101.5,100.0,100.06,474023,100.662,101.395,102.5545,0.9815463972814454,25.388601036269492,-1.1125028077860293,-0.965637814441569,-0.0010981331736048539,0.007334845853766684,0.00859186386595749,-0.5762691865210081,423853.6,0.014991005396761943,0.000299820107935167,1
2022-09-20,100.5,100.77,100.0,100.09,213426,100.47,101.24,102.333,0.9817947289730585,24.31011826544028,-1.1438013883150404,-1.0012705292162634,0.000299820107935167,0.00667039456747284,0.005793549659824438,-0.5497560244967017,400242.9,0.007693076231391707,0.012688580277749884,1
2022-09-21,100.08,101.75,99.85,101.36,155750,100.498,101.192,102.215,0.9832020740595803,34.47098976109213,-1.0539777532501375,-1.0118119740230382,0.012688580277749884,0.00801787731807632,0.006516454978116027,-0.27023886499301863,376352.9,0.01874506708760858,-0.007695343330702431,0
2022-09-22,101.25,101.5,100.01,100.58,186073,100.452,101.045,102.0645,0.9842011669091604,35.4385964912281,-1.033814190128055,-1.0162124172440417,-0.007695343330702431,0.00826887898369413,0.006680030510856608,0.19469020866773667,380032.7,0.014814078345595495,-0.0004971167230065632,0
2022-09-23,100.9,100.94,100.5,100.53,172873,100.524,100.77799999999999,101.912,0.9863804066253238,36.244019138755995,-1.0102237724098728,-1.015014688277208,-0.0004971167230065632,0.00700306224749861,0.00667635172128987,-0.07093989993174721,344084.9,0.004376802944394686,-0.0002984183825723852,0
2022-09-26,100.75,101.15,100.4,100.5,492391,100.612,100.637,101.74300000000001,0.9888837561306427,42.08333333333333,-0.9826218921758425,-1.008536129056935,-0.0002984183825723852,0.006088992354500677,0.006604161028810579,1.8482816865560268,352582.4,0.007462686567164179,0.0019900497512437276,1
2022-09-27,100.8,101.6,100.51,100.7,222188,100.73400000000001,100.602,101.58500000000001,0.9916227789535856,42.08333333333333,-0.9338441011984742,-0.9935977234852429,0.0019900497512437276,0.005619859553135696,0.006647089675607665,-0.548756983779151,341143.8,0.01082423038728887,-0.0018867924528301883,0
2022-09-28,100.8,101.0,100.5,100.51,148218,100.564,100.531,101.4105,0.9916527381286947,39.275766016713156,-0.9001424803335851,-0.9749066748549113,-0.0018867924528301883,0.005590926035523395,0.006612829501177306,-0.33291626910544225,338122.0,0.0049746293901104365,-9.949258780228565e-05,0
2022-09-29,100.5,100.7,100.31,100.5,532607,100.548,100.5,101.23100000000001,0.9932530548942516,27.649006622516552,-0.8642777633558723,-0.9527808925551036,-9.949258780228565e-05,0.0054652172914943205,0.006596748178576385,2.5934029605041222,371623.8,0.0038805970149253786,0.00805970149253743,1
2022-09-30,100.02,101.75,100.02,101.31,191552,100.704,100.614,101.143,0.9956596106502674,44.60431654676265,-0.761713922266722,-0.9145674984974272,0.00805970149253743,0.005589669159790604,0.006655824541967638,-0.6403502019312551,278910.1,0.017076300463922653,-0.007797848188727752,0
2022-10-03,101.75,101.89,100.25,100.52,542953,100.708,100.66,101.0275,0.9968374947415307,45.173041894353375,-0.7356970789943915,-0.8787934145968201,-0.007797848188727752,0.006250965311640905,0.006830284810635586,1.834494027731373,285803.1,0.016315161161957827,-0.00019896538002384112,0
2022-10-04,100.5,101.5,100.0,100.5,528900,100.668,100.701,100.9705,0.9970040754477794,43.258426966292156,-0.7085249416272461,-0.8447397200029053,-0.00019896538002384112,0.006254519071957149,0.006371707501500553,-0.025882534952380798,317350.5,0.014925373134328358,0.0006965174129351936,1
2022-10-05,100.55,101.1,100.5,100.57,449596,100.67999999999999,100.622,100.907,0.9977504038371966,47.59999999999991,-0.6735778261216154,-0.8105073412266475,0.0006965174129351936,0.004563172271932716,0.006351636330600858,-0.14994138778597088,346735.1,0.005965993835139648,0.01919061350303286,1
2022-10-06,100.81,102.99,100.53,102.5,880436,101.08,100.814,100.92949999999999,1.0014911398550475,68.52146263910967,-0.48456139287793576,-0.7453181515569052,0.01919061350303286,0.007193609105330685,0.007734789511750541,0.9582825469977492,416171.4,0.023999999999999938,-0.008097560975609763,0
2022-10-07,102.0,103.53,101.5,101.67,616991,101.152,100.928,100.853,1.0029647110150417,61.48359486447931,-0.3971603538080757,-0.6756865920071393,-0.008097560975609763,0.007848574116309459,0.007490900195433082,-0.2992210677437088,460583.2,0.019966558473492685,-0.0010819317399429762,0
2022-10-10,102.0,102.4,101.01,101.56,673887,101.36,101.034,100.8355,1.0052015411239097,60.36671368124117,-0.33293264110309906,-0.6071358018263313,-0.0010819317399429762,0.007868589547243,0.0069623126263742945,0.09221528352925734,478732.8,0.01368649074438756,0.003938558487593502,1
2022-10-11,101.7,102.8,101.51,101.96,211637,101.652,101.16,100.881,1.007642668094091,54.823151125401886,-0.24690884748976316,-0.5350904109590177,0.003938558487593502,0.007917672423980292,0.006732996689506789,-0.6859458633272344,477677.7,0.012652020400156847,0.005100039231071163,1
2022-10-12,102.0,102.51,101.55,102.48,158446,102.034,101.357,100.944,1.010798066254557,65.93959731543626,-0.1352160308697421,-0.4551155349411625,0.005100039231071163,0.007916201743479902,0.006808341178006125,-0.25133128895230983,478700.5,0.009367681498829118,-0.0039032006245121043,0
2022-10-13,102.5,102.78,101.82,102.08,407621,101.95,101.515,101.0075,1.0093309902729997,62.28209191759107,-0.07807532233988468,-0.379707492420907,-0.0039032006245121043,0.008115612141009271,0.006803074022642397,1.5726178003862517,466201.9,0.009404388714733621,-0.000979623824451381,0
2022-10-14,102.09,102.42,101.8,101.98,371398,102.012,101.58200000000001,101.098,1.0090407327543571,61.598746081504714,-0.0403944216701575,-0.31184487827075713,-0.000979623824451381,0.007812768332580896,0.006615810536198348,-0.08886441081298557,484186.5,0.00607962345557957,0.0006864090998235373,1
2022-10-17,101.99,102.19,101.5,102.05,114416,102.11,101.735,101.19749999999999,1.0090170211714717,60.79999999999996,-0.004827967622134111,-0.2504414961410325,0.0006864090998235373,0.007227793603804776,0.006599222821244625,-0.6919315666751032,441332.8,0.006761391474767249,0.007839294463498181,1
2022-10-18,102.0,103.0,102.0,102.85,159357,102.28800000000001,101.97,101.3355,1.0093994700771203,67.05539358600575,0.08691017122031042,-0.18297116266876393,0.007839294463498181,0.0074568667770588265,0.0067699127798538,0.39278597398965176,404378.5,0.009722897423432183,0.0007778317938746948,1
2022-10-19,102.1,103.7,102.1,102.93,228928,102.378,102.20599999999999,101.414,1.0095055909440511,67.53246753246756,0.16417611850459934,-0.11354170643409128,0.0007778317938746948,0.0074549208914908875,0.006224956859944633,0.4365732286626882,382311.7,0.015544544836296593,0.001262994267948958,1
2022-10-20,102.61,103.49,102.61,103.06,160723,102.574,102.262,101.538,1.0102030766806516,64.0,0.2332115345421073,-0.04419105823885156,0.001262994267948958,0.00454009237063069,0.00589608730299153,-0.29793210092256084,310340.4,0.008538715311469002,-0.004851542790607399,0
2022-10-21,102.99,103.1,102.07,102.56,159613,102.69000000000001,102.351,101.6395,1.0103355486794015,67.11409395973162,0.24475539001829816,0.013598231412578383,-0.004851542790607399,0.003927493494821263,0.006042007546539457,-0.00690629219215666,264602.6,0.010042901716068654,0.004777691107644255,1
2022-10-24,103.49,103.49,102.8,103.05,325444,102.89000000000001,102.5,101.767,1.0110350113494553,69.82892690513219,0.2900988051062683,0.06889834615131638,0.004777691107644255,0.00403800336398448,0.006090251095014316,1.038956726582421,229758.3,0.006695778748180473,-0.0025230470645316583,0
2022-10-25,103.0,103.65,102.56,102.79,1420360,102.878,102.583,101.8715,1.0098800940400408,66.76737160120858,0.301577562738089,0.1154341894686709,-0.0025230470645316583,0.0041144465287653,0.006145570101420719,3.364376052408402,350630.6,0.010604144372020657,-0.005739857962836936,0
2022-10-26,102.49,102.99,102.0,102.2,434635,102.73200000000001,102.55499999999999,101.95599999999999,1.0076111263682375,47.15909090909093,0.26006858295974666,0.14436106816688607,-0.005739857962836936,0.004285533512217872,0.006300763975511174,-0.693996592413191,378249.5,0.00968688845401169,0.008317025440313097,1
2022-10-27,102.9,103.2,102.49,103.05,173975,102.72999999999999,102.652,102.0835,1.0063330508848147,63.0188679245283,0.2923898257777324,0.17396681968905536,0.008317025440313097,0.004839431782680352,0.006511359831979842,-0.5997216054850623,354884.9,0.006889859291606094,0.002134885977680634,1
2022-10-28,102.6,103.8,102.5,103.27,526082,102.872,102.78099999999999,102.1815,1.006757583319877,65.80406654343807,0.33193051658066963,0.20555955906737822,0.002134885977680634,0.0048010363026186375,0.0063182877797582845,2.023894237677827,370353.3,0.012588360608114624,-0.0011620025176720672,0
2022-10-31,102.55,103.7,102.55,103.15,261432,102.89200000000001,102.891,102.313,1.0056591049035803,61.598440545809126,0.3495543567644006,0.23435851860678272,-0.0011620025176720672,0.004861128933689504,0.005999406117859203,-0.5030584585672956,385054.9,0.011148812409112996,0.0014541929229276995,1
2022-11-01,103.44,103.75,103.05,103.3,419452,102.994,102.93599999999999,102.453,1.0052804700692024,58.613445378151255,0.3713444952928029,0.2617557139439868,0.0014541929229276995,0.004256924647020443,0.005988912536134142,0.6044401603476239,411064.4,0.006776379477250754,0.004356243949661165,1
2022-11-02,103.9,104.0,103.01,103.75,662636,103.304,103.018,102.61200000000001,1.0067438506217596,67.35966735966753,0.420082130945616,0.2934209973443126,0.004356243949661165,0.004434718139444685,0.006022365129753884,0.5797659803743933,454435.2,0.009542168674698747,9.638554216873096e-05,1
2022-11-03,103.81,103.99,103.01,103.76,1510869,103.446,103.088,102.675,1.007509130752374,68.85593220338995,0.45427734826967026,0.32559226752938414,9.638554216873096e-05,0.004436607052907251,0.004369451573367442,1.280088917595784,589449.8,0.009444872783346084,-0.018407864302236066,0
2022-11-04,101.84,102.4,100.58,101.85,1776419,103.162,103.01700000000001,102.684,1.0046550582369211,48.47560975609754,0.3235268507512501,0.32517918417375735,-0.018407864302236066,0.00739883743845123,0.005819665110600893,0.1757597779820752,751130.4,0.01786941580756021,-0.0025527736867941853,0
2022-11-07,102.05,102.22,101.4,101.59,1023849,102.85,102.87100000000001,102.6855,1.0016019788577744,39.534883720930274,0.19665934584935485,0.2994752165088769,-0.0025527736867941853,0.007158401758934711,0.005844688174771129,-0.4236444217270813,820970.9,0.008071660596515338,0.004232700068904416,1
2022-11-08,101.95,102.2,101.5,102.02,171509,102.59400000000001,102.79400000000001,102.6885,0.9990797411589419,42.857142857142726,0.12932259020426784,0.26544469124795506,0.004232700068904416,0.007356952356027536,0.005855398378701179,-0.8324860404219763,696085.8,0.006861399725544039,0.0012742599490296325,1
2022-11-10,102.0,102.5,101.51,102.15,199841,102.274,102.78899999999999,102.672,0.9961235779959483,42.857142857142854,0.08546248147717961,0.22944824929379998,0.0012742599490296325,0.0071575968696865454,0.005743004805981203,0.16519249718673645,672606.4,0.009691629955947086,-0.0010768477728829717,0
2022-11-11,102.31,102.31,101.5,102.04,91653,101.92999999999999,102.68800000000002,102.67,0.9927924418038374,45.65217391304349,0.041350288241119415,0.19182865708326388,-0.0010768477728829717,0.006529932747954451,0.005680102206669014,-0.5413703894596205,664374.2,0.007938063504508057,-0.0008820070560564552,0
2022-11-14,102.5,102.5,101.52,101.95,107530,101.95,102.556,102.6685,0.993001748345403,40.14336917562727,-0.000861262450868594,0.1532906731764374,-0.0008820070560564552,0.006439868277984768,0.005679261785620181,0.17322946330180145,622519.0,0.009612555174104993,-0.0004904364884746881,0
2022-11-15,102.0,102.5,101.7,101.9,406747,102.012,102.431,102.66099999999999,0.9936782224992939,41.71322160148974,-0.03791177923289979,0.11505018269456997,-0.0004904364884746881,0.0064445821351977834,0.005677879703421727,2.782637403515298,637050.5,0.007850834151128529,0.004710500490677116,1
2022-11-16,102.4,102.98,101.9,102.38,442135,102.084,102.339,102.6375,0.994607234198027,51.711026615969516,-0.028217320538104218,0.08639668204803513,0.004710500490677116,0.006671832688113005,0.005488787666158259,0.08700248557457102,639318.8,0.01054893533893337,0.006153545614377975,1
2022-11-17,102.49,103.2,102.0,103.01,896574,102.256,102.265,102.6415,0.9962442092136222,49.603174603174686,0.029956028246004962,0.07510855128762911,0.006153545614377975,0.006850206981968077,0.005668622199546071,1.0278286043855385,662712.6,0.011649354431608609,-0.0006795456751772511,0
2022-11-18,102.5,103.5,102.1,102.94,739654,102.436,102.183,102.63550000000001,0.9980562281082082,46.625766871165666,0.06960801343872447,0.07400844371784818,-0.0006795456751772511,0.006844648519115344,0.0056634600272269155,-0.1750218052274547,585591.1,0.013600155430347831,-0.005051486302700581,0
2022-11-21,102.99,103.05,102.12,102.42,467788,102.53,102.24,102.6285,0.9990402276170849,43.1001890359168,0.058399648408084204,0.07088668465589539,-0.005051486302700581,0.003513305503573292,0.00567256413121038,-0.3675583448477261,454728.0,0.009080257762155756,0.004393673110720586,1
2022-11-22,102.98,103.0,102.6,102.87,289379,102.724,102.36800000000001,102.61950000000002,1.0010183249772215,46.15384615384623,0.08485007867285788,0.07367936345928788,0.004393673110720586,0.003515356003316092,0.005655978226661121,-0.381388577731793,381281.0,0.003888402838534127,-0.0019442014192670998,0
2022-11-23,102.6,103.0,102.5,102.67,180106,102.782,102.43300000000002,102.6135,1.0016420841312303,39.88764044943825,0.08865198182991207,0.07667388713341272,-0.0019442014192670998,0.0034771440059194214,0.005644245321738163,-0.3776120589261833,382140.7,0.004869971754163826,-0.0011687932209993868,0
2022-11-24,102.79,103.15,102.4,102.55,357228,102.69000000000001,102.473,102.631,1.0005748750377568,38.8990825688073,0.08104775231672079,0.07754866017007433,-0.0011687932209993868,0.003513324045196525,0.005491921042861386,0.983431978945732,397879.4,0.007313505607020965,0.0036079960994637172,1
2022-11-25,102.89,102.98,102.25,102.92,301949,102.686,102.561,102.62449999999998,1.0005992721036403,63.68286445012794,0.1036820710477997,0.08277534234561941,0.0036079960994637172,0.003606163719197864,0.005219117515403568,-0.15474430895674474,418909.0,0.007092887679751301,-0.001748931208705895,0
2022-11-28,102.95,102.95,102.25,102.74,383201,102.75,102.64000000000001,102.598,1.0014815103608257,65.01305483028699,0.10587497522685396,0.08739526892186632,-0.001748931208705895,0.003662802008922903,0.005205778127188051,0.2690918002709066,446476.1,0.006813315164492923,0.00895464278761926,1
2022-11-29,102.21,103.9,102.0,103.66,436230,102.90799999999999,102.816,102.6235,1.0027722695094201,68.98148148148132,0.17977682351271085,0.10587157984003523,0.00895464278761926,0.004435566937349228,0.005589288731596348,0.13838429440424216,449424.4,0.018329153000192992,-0.010225737989581374,0
2022-11-30,103.94,103.95,102.42,102.6,416870,102.894,102.83800000000001,102.5885,1.0029779166280821,54.28571428571416,0.15106998871088706,0.1149112616142056,-0.010225737989581374,0.00566272979764079,0.0060493709585059605,-0.04438025812071611,446897.9,0.014912280701754398,0.0003898635477583845,1
2022-12-01,102.8,103.0,102.53,102.64,356300,102.912,102.801,102.53300000000002,1.0036963709244828,55.7915057915057,0.1300481667013571,0.11793864263163592,0.0003898635477583845,0.005272607949916572,0.00595214964985666,-0.14529709501763144,392870.5,0.004579111457521423,-9.74279033515435e-05,0
2022-12-02,103.25,103.25,102.25,102.63,215864,102.854,102.77000000000001,102.47650000000002,1.0036837714012479,56.66666666666654,0.11129832704486375,0.1166105795142815,-9.74279033515435e-05,0.005271745001588104,0.005951249712396065,-0.3941509963513893,340491.5,0.009743739647276626,-0.0074052421319301676,0
2022-12-05,102.65,102.65,101.71,101.87,127420,102.67999999999999,102.715,102.4775,1.0019760435217486,49.74182444061961,0.0347131440998254,0.10023109243139028,-0.0074052421319301676,0.005553047996126016,0.004556879634705216,-0.40972093540377275,306454.7,0.009227446745852673,-0.0027486011583390813,0
2022-12-06,101.98,102.0,100.8,101.59,833723,102.266,102.58699999999999,102.4775,0.9979361323217292,42.95900178253132,-0.04802126583261668,0.0705806207785889,-0.0027486011583390813,0.005303932207519233,0.004562904408799181,5.543109401977712,360889.1,0.01181218623880306,0.0039373954129342525,1
2022-12-07,101.25,102.0,101.15,101.99,601863,102.144,102.519,102.476,0.9967602170264258,40.520446096654226,-0.08038558967334097,0.04038737868820293,0.0039373954129342525,0.005537945042587227,0.004548977059815676,-0.27810195952372674,403064.8,0.008334150406902583,0.002941464849495201,1
2022-12-08,102.2,102.5,101.45,102.29,145895,102.074,102.49300000000001,102.48299999999999,0.9960090941912318,44.20677361853843,-0.08089455462348383,0.01613099202586558,0.002941464849495201,0.005646666116876971,0.0045887527683886944,-0.7575943362526023,381931.5,0.010264933033532085,0.002541792941636478,1
2022-12-09,102.0,102.98,101.9,102.55,1127131,102.058,102.45599999999999,102.5085,0.9956052424920862,51.214953271027994,-0.05963070032946405,0.0009786535547996553,0.002541792941636478,0.005575564938456139,0.0046120819985493436,6.725631447273725,464449.7,0.010531448074110173,-0.004290589956118973,0
2022-12-12,102.75,103.0,102.02,102.11,271011,102.10600000000001,102.393,102.5165,0.9959957665351433,42.88389513108611,-0.0773911483859564,-0.014695306833351556,-0.004290589956118973,0.005703093639431311,0.0047182375265942995,-0.7595567862120729,453230.7,0.009597492899813966,0.003917344040740511,1
2022-12-13,102.25,102.6,102.05,102.51,937728,102.28999999999999,102.27799999999999,102.547,0.997493832096502,48.5559566787004,-0.058515247024104156,-0.023459294871502077,0.003917344040740511,0.0049362918635493785,0.004792113252421069,2.460110475220563,503380.5,0.005365330211686637,-0.004097161252560766,0
2022-12-14,102.15,102.5,102.0,102.09,382353,102.31000000000002,102.227,102.5325,0.9978299563553021,46.06164383561651,-0.07656386849815533,-0.03408020959683273,-0.004097161252560766,0.003962314707872458,0.004771029308394631,-0.5922559633497133,499928.8,0.004897639337839162,-0.004505828190812133,0
2022-12-15,102.42,102.5,100.6,101.63,1368797,102.178,102.126,102.4635,0.9972136419310291,39.12310286677908,-0.12652716032542344,-0.05256959974255088,-0.004505828190812133,0.004139839614088986,0.004625183856328071,2.579930064626144,601178.5,0.018695267145527952,0.006395749286628005,1
2022-12-16,101.51,102.94,101.1,102.28,297564,102.124,102.09100000000001,102.43050000000001,0.9970077271906316,46.406250000000064,-0.11237843272199655,-0.06453136633844002,0.006395749286628005,0.004756982672354951,0.004887096725003238,-0.7826091085822076,609348.5,0.017989831834180715,-0.005084082909659671,0
2022-12-19,102.1,102.5,101.56,101.76,222176,102.054,102.08000000000001,102.3975,0.9966454259137186,34.16666666666677,-0.1414940628592376,-0.07992390564259955,-0.005084082909659671,0.004418015910727067,0.004888766298140425,-0.2533505397158259,618824.1,0.009237421383647776,0.0025550314465407897,1
2022-12-20,101.7,105.0,100.25,102.02,1351420,101.95599999999999,102.123,102.35499999999999,0.9961018025499487,44.42307692307695,-0.14195224529885309,-0.09232957357385026,0.0025550314465407897,0.004382833885461742,0.0048123130091935916,5.0826551922799945,670593.8,0.04655949813762008,-0.009409919623603158,0
2022-12-21,102.0,102.6,100.55,101.06,456537,101.75,102.03,102.2745,0.9948716444470518,37.09150326797385,-0.2172747273207989,-0.11731860432323998,-0.009409919623603158,0.005159886760412609,0.0052111206500561535,-0.6621797812671116,656061.2,0.020284979220265162,0.008608747278844309,1
2022-12-22,100.95,102.48,100.94,101.93,315690,101.80999999999999,101.994,102.2435,0.9957601216703261,44.985673352435604,-0.20441029326593707,-0.13473694211177942,0.008608747278844309,0.005888864505151249,0.005615390211907442,-0.30851168689503805,673040.7,0.015108407730795704,-0.0175610713234573,0
2022-12-23,101.01,101.6,100.0,100.14,765904,101.382,101.75300000000001,102.1045,0.9929239161839096,39.20099875156054,-0.3347938814763438,-0.1747483299846923,-0.0175610713234573,0.00788868070900136,0.00672734356017513,1.4261268966391079,636918.0,0.01597763131615732,-0.0004993009786299352,0
2022-12-26,101.4,101.4,99.99,100.09,422444,101.048,101.55100000000002,101.972,0.9909386890518966,40.359897172236515,-0.43711955450187645,-0.22722257488812914,-0.0004993009786299352,0.007875997031159517,0.006729213267680794,-0.4484374020765004,652061.3,0.01408732141073045,-0.0015985612948345995,0
2022-12-27,100.84,100.84,99.69,99.93,338700,100.63000000000001,101.29299999999999,101.7855,0.988647695398657,36.33952254641919,-0.5250713546842292,-0.2867923308473492,-0.0015985612948345995,0.007606562294135122,0.006283066028605392,-0.198236926077776,592158.5,0.011508055638947318,-0.008205744020814643,0
2022-12-28,100.0,100.0,98.48,99.11,550063,100.24000000000001,100.995,101.61100000000002,0.9865073663284486,30.272952853597985,-0.6534088465116241,-0.3601156339802042,-0.008205744020814643,0.007809490464326274,0.006155637689814282,0.6240419250073812,608929.5,0.015336494803753365,-0.007668247401876771,0
2022-12-29,98.5,99.59,97.9,98.35,511106,99.524,100.667,101.3965,0.9815328931471994,25.467289719626194,-0.8071386894360728,-0.4495202450713779,-0.007668247401876771,0.007943255603629223,0.00627349165021884,-0.07082279666147329,523160.4,0.017183528215556663,0.0036603965429589103,1
2022-12-30,98.7,100.25,97.9,98.71,1602951,99.238,100.31,101.2005,0.9806078033211297,29.952830188679258,-0.8896661881440053,-0.5375494336859035,0.0036603965429589103,0.007614609544447921,0.006392207932296112,2.136239840659276,653699.1,0.02380711174146484,0.018741768817749138,1
2023-01-02,99.0,101.25,98.95,100.56,559916,99.33200000000001,100.19,101.135,0.9821723438967717,40.181268882175225,-0.7966074912554006,-0.5893610451998029,0.018741768817749138,0.010318411248438837,0.007743547564105031,-0.6506967461887481,687473.1,0.02287191726332535,-0.00367939538583939,0
2023-01-03,100.9,100.9,99.51,100.19,303162,99.384,100.00699999999999,101.06500000000001,0.9833671399594319,40.38461538461538,-0.7441357772685535,-0.6203159916135531,-0.00367939538583939,0.010258675257374153,0.007759803760461509,-0.45855806942469945,582647.3,0.013873640083840708,0.011877432877532623,1
2023-01-04,100.0,102.5,100.0,101.38,602703,99.838,100.039,101.03450000000001,0.9881575105533257,48.82186616399623,-0.5996165053156801,-0.6161760943539785,0.011877432877532623,0.010694521733339608,0.008198379399956669,0.9880558909098105,597263.9,0.02465969619254291,0.005523771947129719,1
2023-01-05,101.5,101.99,100.96,101.94,351326,100.55600000000001,100.03999999999999,101.017,0.9954364116930815,48.38403041825094,-0.4348835542948706,-0.5799175863421568,0.005523771947129719,0.01047257298764862,0.00827159266181042,-0.4170827090623408,600827.5,0.010103982734942134,0.0035314891112419033,1
2023-01-06,102.25,102.49,101.01,102.3,289156,101.274,100.256,101.0045,1.0026681979515766,52.60617760617757,-0.27214538977095515,-0.5183631470279165,0.0035314891112419033,0.008460170033359611,0.008291410620900667,-0.17695815282671934,553152.7,0.014467253176930497,-0.008113391984359675,0
2023-01-09,102.0,102.39,101.25,101.47,67408,101.45599999999999,100.39399999999999,100.9725,1.0047884324939957,47.48398902104302,-0.2077534330667703,-0.45624120423568726,-0.008113391984359675,0.00904906919143151,0.008436156538776135,-0.7668801615736834,517649.1,0.011234847738247764,-0.00955947570710558,0
2023-01-10,101.95,102.2,100.0,100.5,417149,101.518,100.451,100.872,1.0064041557617576,47.44058500914076,-0.23231525122655228,-0.41145601363386025,-0.00955947570710558,0.00967162337565148,0.008619442394125366,5.188419772133871,525494.0,0.02189054726368162,0.01412935323383091,1
2023-01-11,101.0,102.15,100.9,101.92,566551,101.626,100.732,100.8635,1.0075597218022376,49.956483899042624,-0.13563502042607922,-0.35629181499230406,0.01412935323383091,0.009983286939086938,0.009212785596865222,0.3581502053223189,527142.8,0.012264521193092622,-0.003728414442700112,0
2023-01-12,101.44,101.74,101.25,101.54,304643,101.546,101.051,100.85900000000001,1.006811489306854,56.944444444444464,-0.08865609292797672,-0.3027646705794386,-0.003728414442700112,0.009592406161324266,0.009194587296609366,-0.462284948751304,506496.5,0.004825684459326323,-0.005318101240890383,0
2023-01-13,101.3,101.5,100.01,101.0,364037,101.28600000000002,101.28,100.795,1.0048712733766558,54.304635761589374,-0.09391583813112447,-0.26099490408977577,-0.005318101240890383,0.00996160272050407,0.00913836883708335,0.19496262838798195,382605.1,0.014752475247524701,-0.0011881188118811892,0
2023-01-16,101.0,101.39,100.5,100.88,228308,101.168,101.312,100.751,1.0041389167353179,54.510921177587775,-0.1065391047361004,-0.2301037442190407,-0.0011881188118811892,0.008143377657330983,0.009078856474901614,-0.37284396915698126,349444.3,0.00882236320380651,-0.010309278350515427,0
2023-01-17,101.0,101.0,99.5,99.84,410251,101.036,101.277,100.64200000000001,1.003914866556706,53.39534883720931,-0.19817797054072628,-0.22371858948337783,-0.010309278350515427,0.008754599419367529,0.009311567556438333,0.7969190742330536,360153.2,0.01502403846153846,0.009915865384615419,1
2023-01-18,100.73,101.0,99.52,100.83,354890,100.818,101.22200000000001,100.6305,1.0018632521949111,61.29326047358836,-0.18874200533875296,-0.21672327265445288,0.009915865384615419,0.008468344022300674,0.009399429042190464,-0.13494421707686266,335371.9,0.014678171179212576,-0.0016860061489636369,0
2023-01-19,99.81,101.9,99.81,100.66,238794,100.642,101.094,100.56700000000001,1.0007457714757324,59.03614457831326,-0.19275950262679942,-0.2119305186489222,-0.0016860061489636369,0.008200072125263223,0.009178310592484813,-0.3271323508692835,324118.7,0.020762964434730812,0.004271806079872986,1
2023-01-20,101.5,101.73,100.9,101.09,633870,100.66,100.973,100.61449999999999,1.0004522211013323,52.82817502668091,-0.1594084306715331,-0.20142610105344438,0.004271806079872986,0.008251045669335601,0.00831052167915843,1.6544636799919594,358590.1,0.008210505490157269,-0.010386784053813436,0
2023-01-23,101.4,101.42,100.0,100.04,347130,100.49199999999999,100.83,100.612,0.998807299328112,49.25373134328362,-0.2152227369097659,-0.2041854282247087,-0.010386784053813436,0.008491769336580687,0.008660140805936314,-0.45236404941076247,386562.3,0.01419432227109158,0.0026989204318272897,1
2023-01-24,100.99,100.99,99.65,100.31,499649,100.586,100.811,100.631,0.9995528216951038,44.140197152245385,-0.23496075191796706,-0.21034049296336038,0.0026989204318272897,0.008054283100876004,0.008671422176137224,0.439371417048368,394812.3,0.013358588376034186,0.00488485694347518,1
2023-01-25,100.98,101.5,100.25,100.8,138870,100.58000000000001,100.699,100.71549999999999,0.9986546261498976,43.708609271523166,-0.20865907419597818,-0.21000420920988394,0.00488485694347518,0.0066379446256523075,0.008493762562372505,-0.7220648895524658,352044.2,0.012400793650793652,0.04603174603174609,1
2023-01-26,101.23,106.0,101.23,105.44,1870634,101.536,101.089,101.07,1.0046106658751361,61.76911544227887,0.18446798469385328,-0.13110977042913652,0.04603174603174609,0.016199815873694175,0.012961821576972636,12.470396773961259,508643.3,0.04523899848254928,0.0007587253414262918,1
2023-01-27,106.0,106.93,104.11,105.52,920823,102.422,101.541,101.4105,1.0099743123246607,66.08419380460683,0.49675308228910353,-0.0055371998854885085,0.0007587253414262918,0.015927652972495054,0.012976927284410284,-0.5077481752176001,564321.9,0.026724791508718797,-0.025303260045488996,0
2023-01-30,105.99,109.0,102.0,102.85,689686,102.984,101.738,101.525,1.0143708446195516,58.22253324002798,0.5227684370171346,0.10012392749503611,-0.025303260045488996,0.018501942541409966,0.013941359909680918,-0.2510113235659839,610459.7,0.06806028196402528,0.006806028196402636,1
2023-01-31,102.0,103.8,101.75,103.55,709916,103.63199999999999,102.109,101.693,1.0190671924321242,56.00589535740603,0.5930338182198085,0.1987059056399906,0.006806028196402636,0.018012904248241157,0.013944668549886073,0.029332188851158403,640426.2,0.019797199420569747,-0.004925156929019736,0
2023-02-01,103.55,103.7,103.0,103.04,133364,104.08,102.33,101.776,1.0226379500078604,55.47445255474454,0.600643061974381,0.2790933369068687,-0.004925156929019736,0.018064259946997435,0.01380736779893622,-0.8121411547281651,618273.6,0.006793478260869593,-0.005240683229813747,0
2023-02-02,103.01,103.6,102.25,102.5,446220,103.492,102.51400000000001,101.804,1.0165808809084123,55.47445255474454,0.5566828619305255,0.3346112419116001,-0.005240683229813747,0.018186303562832892,0.013827503051229657,2.3458804474970756,639016.2,0.013170731707317017,-0.0004878048780487809,0
2023-02-03,102.75,103.0,102.2,102.45,125970,102.878,102.65,101.8115,1.0104752410091198,55.75935436537054,0.5119085415322928,0.37007070183573865,-0.0004878048780487809,0.018181348894953205,0.01380823142937514,-0.717695307247546,588226.2,0.007808687164470446,0.01747193753050258,1
2023-02-06,102.75,105.5,102.25,104.24,618037,103.15599999999999,103.07000000000001,101.95,1.0118293281020108,65.29902642559108,0.613787252997696,0.4188140120681301,0.01747193753050258,0.01829438236852871,0.014181291458548398,3.9062237040565213,615316.9,0.031178050652340753,-0.0019186492709131198,0
2023-02-07,104.01,104.48,103.7,104.04,192571,103.25399999999999,103.44300000000001,102.127,1.0110352796028474,61.81015452538636,0.6706576137982552,0.4691827324141552,-0.0019186492709131198,0.018396419936031447,0.013970677644740444,-0.688415094889141,584609.1,0.007497116493656296,-0.009227220299884764,0
2023-02-08,104.0,104.05,103.0,103.08,331684,103.26199999999999,103.671,102.18499999999999,1.010539707393453,58.414464534075115,0.6309901458921559,0.5015442151097553,-0.009227220299884764,0.018840530464370318,0.013863699417448657,0.7223984919847743,603890.5,0.010186263096623955,0.019111369809856393,1
2023-02-09,103.9,105.2,103.12,105.05,505940,103.772,103.63199999999999,102.3605,1.0137894988789622,62.437185929648244,0.7498718716535677,0.5512097464185178,0.019111369809856393,0.012899506326429801,0.01441332522060084,0.5253675184814461,467421.1,0.019800095192765335,-0.022846263683959922,0
2023-02-10,104.01,105.1,102.0,102.65,1102803,103.81200000000001,103.345,102.44300000000001,1.0133635289868512,57.55645628257094,0.6430142850375375,0.5695706541423218,-0.022846263683959922,0.014716894008921809,0.015369954085991467,1.1797110329288056,485619.1,0.030199707744763705,-0.004481246955674645,0
2023-02-13,102.71,103.73,102.0,102.19,409993,103.402,103.279,102.5085,1.0087163503514343,55.383734249713626,0.5152709988279582,0.558710723079449,-0.004481246955674645,0.012455962435447785,0.015411328540893644,-0.6282264375414286,457649.8,0.016929249437322675,-0.008904980917898042,0
2023-02-14,102.5,102.5,101.25,101.28,554522,102.85,103.05199999999999,102.5805,1.0026272049756044,51.34228187919464,0.3367226008138715,0.5143130986263336,-0.008904980917898042,0.012412462855582817,0.015361374683002246,0.3525157746595673,442110.4,0.012342022116903634,0.002764612954186507,1
2023-02-15,101.94,102.0,101.4,101.56,710986,102.546,102.904,102.617,0.9993081068438953,35.650887573964496,0.21533314253144908,0.45451710740735674,0.002764612954186507,0.012459190614195837,0.015221274841519751,0.2821601307071677,499872.6,0.005907837731390255,0.004037022449783434,1
2023-02-16,101.6,103.72,101.6,101.97,993314,101.92999999999999,102.851,102.6825,0.9926715847393663,37.1841155234657,0.15048005535825837,0.39370969699753705,0.004037022449783434,0.012484827871203828,0.015232408647449824,0.39709361365765283,554582.0,0.020790428557418892,0.007355104442483107,1
2023-02-17,102.0,103.6,101.97,102.72,2901535,101.944,102.878,102.76400000000001,0.9920205519442605,49.45515507124897,0.15778341947775232,0.3465244414935801,0.007355104442483107,0.01272607119874583,0.015285377757618587,1.921065242209412,832138.5,0.015868380062305253,-0.005743769470405002,0
2023-02-20,103.44,103.44,102.0,102.13,139470,101.932,102.667,102.8685,0.9908961441063106,43.99323181049068,0.11464179969128452,0.300147913133121,-0.005743769470405002,0.011289179473266794,0.015139336930311921,-0.9519323392618045,784281.8,0.014099676882404757,-0.0011749730735336472,0
2023-02-21,102.5,102.96,101.99,102.01,353216,102.078,102.46400000000001,102.9535,0.9914961608881679,45.49431321084863,0.06996227650026299,0.2541107858065494,-0.0011749730735336472,0.01129211717402004,0.015143151032520053,1.5325589732558975,800346.3,0.00950887167924712,0.0034310361729241734,1
2023-02-22,102.45,102.94,101.76,102.36,399293,102.238,102.392,103.03150000000001,0.9922984718265773,49.37722419928825,0.06207988908278139,0.21570460646179582,0.0034310361729241734,0.011088508518700649,0.015126740808170882,0.13044992299329583,807107.2,0.011527940601797505,-0.003516998827667095,0
2023-02-23,102.02,102.45,101.5,102.0,527576,102.244,102.087,102.8595,0.9940161093530496,48.05194805194804,0.02647881758382198,0.17785944868620104,-0.003516998827667095,0.008649442256698281,0.010772818514242364,0.32127535418852826,809270.8,0.009313725490196106,-0.0004901960784313708,0
2023-02-24,102.45,102.5,101.57,101.95,274055,102.09,102.017,102.681,0.9942443100476233,38.32823649337412,-0.005704116696946926,0.14114673560957144,-0.0004901960784313708,0.005073348076002053,0.010762029873112373,-0.48053929670796247,726396.0,0.009122118685630277,-9.808729769500424e-05,0
2023-02-27,101.95,102.09,101.72,101.94,304563,102.05199999999999,101.992,102.63550000000001,0.9943148325871651,39.085239085239024,-0.03165138296596126,0.1065871118944649,-9.808729769500424e-05,0.004893889599042278,0.009212369251965178,0.1113207202933717,715853.0,0.0036295860309986713,-0.0013733568765941229,0
2023-02-28,102.0,102.39,101.75,101.8,347798,102.01,102.04400000000001,102.548,0.9947536763271834,42.727272727272705,-0.0627878293822306,0.07271212363912581,-0.0013733568765941229,0.003887200347278224,0.00905567025189149,0.14195749319516815,695180.6,0.006286836935167,0.0019646365422396617,1
2023-03-01,101.8,102.0,101.3,102.0,394690,101.938,102.088,102.49600000000001,0.9945558851077114,28.307254623044074,-0.07051253435929539,0.04406719203944157,0.0019646365422396617,0.0038438420190473823,0.00902198749764059,0.13482538715001247,663551.0,0.006862745098039243,-0.002745098039215743,0
2023-03-02,102.3,102.49,101.41,101.72,258105,101.88199999999999,102.063,102.457,0.9943878895536664,40.52953156822803,-0.09809727433437843,0.015634298764677573,-0.002745098039215743,0.0037352622860511563,0.008969616276255745,-0.3460563986926448,590030.1,0.010617381046008635,0.006685017695635231,1
2023-03-03,101.5,102.99,101.15,102.4,1006487,101.97200000000001,102.031,102.45450000000001,0.9952905924093134,52.04678362573107,-0.06434631819708159,-0.00036182462767425823,0.006685017695635231,0.003586953645370581,0.00910591240331466,2.8995253869549216,400525.3,0.017968749999999895,-0.004492187500000022,0
2023-03-06,102.02,102.9,101.8,101.94,117859,101.97200000000001,102.012,102.3395,0.9964090111833652,57.051282051282,-0.07386512671403977,-0.015062485044947362,-0.004492187500000022,0.0033927170231845133,0.00816566585540785,-0.8829006236543542,398364.2,0.010790661173239244,-0.001471453796350719,0
2023-03-07,102.0,102.49,101.5,101.79,511632,101.97,101.99,102.227,0.9974859870679957,52.527472527472575,-0.09244692681464528,-0.030539373398886946,-0.001471453796350719,0.003403645845124774,0.00816386987352101,3.3410515955506153,414205.8,0.009725906277630364,0.0017683465959328348,1
2023-03-08,101.79,102.35,101.79,101.97,552180,101.964,101.951,102.17150000000001,0.9979691009723846,50.0,-0.09159281661636953,-0.04275006204238346,0.0017683465959328348,0.0032427916388023345,0.007952478315694312,0.07925227507270849,429494.5,0.005491811317053919,0.00205942924389535,1
2023-03-09,102.0,102.45,101.76,102.18,116228,102.05600000000001,101.96900000000001,102.02799999999999,1.0002744344689696,42.85714285714296,-0.07312771242551719,-0.048825592119010205,0.00205942924389535,0.003119963036809632,0.006523742435757046,-0.789510666811547,388359.7,0.006752789195537265,0.003229594832648175,1
2023-03-10,102.0,102.62,101.75,102.51,343370,102.078,102.025,102.021,1.0005587085011909,55.39772727272742,-0.031502599883680205,-0.04536099367194421,0.003229594832648175,0.003250118977442558,0.0041941302297582575,1.954279519564993,395291.2,0.008486976880304404,0.005657984586869613,1
2023-03-13,102.5,103.4,102.5,103.09,552989,102.308,102.14,102.066,1.0023710148335392,63.567839195979865,0.047736478032391005,-0.02674149933107717,0.005657984586869613,0.0036116603313569974,0.004244061332838738,0.6104755802778343,420133.8,0.008730235716364396,-0.0034920942865457327,0
2023-03-14,103.0,103.01,102.5,102.73,169961,102.49600000000001,102.233,102.1385,1.0035001493070685,54.636591478696786,0.08055642251898121,-0.005281914961065497,-0.0034920942865457327,0.003830254238883181,0.0037614394895110997,-0.6926503058831188,402350.1,0.004964469969823859,0.008079431519517177,1
2023-03-15,102.97,103.75,102.76,103.56,368360,102.81400000000001,102.389,102.23850000000002,1.005628994948087,67.48878923766816,0.17156285854100872,0.03008703973934935,0.008079431519517177,0.004453569874730871,0.004087288922912433,1.1673207382870188,399717.1,0.009559675550405513,-0.002220934723831669,0
2023-03-16,103.9,103.95,103.25,103.33,96461,103.04400000000001,102.55,102.3065,1.007208730628064,64.87068965517233,0.22256148666606634,0.06858192912469274,-0.002220934723831669,0.004400458808692063,0.004080754591806099,-0.73813389075904,383552.7,0.006774412077808989,-0.021484564018194097,0
2023-03-17,103.5,103.5,100.5,101.11,4809963,102.76400000000001,102.421,102.226,1.0052628489816682,43.941605839416084,0.08288734646015428,0.07144301259178505,-0.021484564018194097,0.008170777002800191,0.006160055249451017,48.86432858875608,763900.3,0.029670655721491444,-0.0005934131144298416,0
2023-03-20,101.75,102.0,101.01,101.05,2096680,102.356,102.33200000000001,102.172,1.0018008847825235,44.46085672082718,-0.032274869900163594,0.05069943609339533,-0.0005934131144298416,0.008090800782165945,0.006047880740003742,-0.5640964389954767,961782.4,0.00979713013359718,0.004354280059376547,1
2023-03-21,101.79,101.79,101.06,101.49,950646,102.10799999999999,102.30199999999999,102.146,0.9996279834746342,46.362339514978565,-0.08703415770496292,0.02315271733372368,0.004354280059376547,0.008249015151837789,0.006141720266583293,-0.5465946162504531,1005683.8,0.0071928268794955565,-0.006503103754064377,0
2023-03-22,101.94,101.94,100.66,100.83,696266,101.562,102.188,102.0695,0.9950278976579683,43.978349120433016,-0.18159446401692492,-0.017796718936406036,-0.006503103754064377,0.008435160174224242,0.006230487302147564,-0.26758646225829597,1020092.4,0.012694634533373016,-0.03282753148864426,0
2023-03-24,98.5,98.5,97.45,97.52,193965,100.4,101.72200000000001,101.8455,0.9858069330505521,25.648702594810317,-0.5176563055545955,-0.11776863626004394,-0.03282753148864426,0.012978254963705065,0.009505806181923879,-0.7214211235361199,1027866.1,0.010767022149302679,0.013228055783429005,1
2023-03-27,97.99,99.0,97.8,98.81,465779,99.93999999999998,101.352,101.6885,0.9828053319696916,35.57603686635946,-0.6721474200863184,-0.22864439302529888,0.013228055783429005,0.013992286664803441,0.0101113001791066,1.4013559147268837,1040107.0,0.012144519785446846,0.009715615828357338,1
2023-03-28,99.0,99.94,98.8,99.77,243918,99.684,101.02,101.58,0.9813349084465446,41.337907375643184,-0.7089464708438129,-0.32470480858900175,0.009715615828357338,0.01434435588661381,0.010417112943909615,-0.47632246194010464,1009199.9,0.01142628044502356,-0.005312218101633737,0
2023-03-29,99.8,99.9,98.96,99.24,295826,99.234,100.67099999999999,101.452,0.9781374443086386,38.63447127393837,-0.7719776761855286,-0.41415938210830716,-0.005312218101633737,0.014360373214481772,0.010461224091831355,0.2128092227715872,1021786.4,0.009471987101975131,-0.0018137847642079041,0
2023-03-30,99.25,99.25,98.65,99.06,265738,98.88,100.221,101.30499999999999,0.9760623858644687,36.978297161936524,-0.8269226071377176,-0.49671202711418927,-0.0018137847642079041,0.013815434043329805,0.010434769181785925,-0.1017084367161778,1011524.2,0.006056935190793401,0.009186351706036655,1
2023-03-31,99.02,100.04,98.81,99.97,405197,99.37,99.88499999999999,101.2175,0.9817472275051251,39.8885350318471,-0.7879544179163815,-0.5549605052746278,0.009186351706036655,0.014466000379276095,0.010692251146846469,0.5247988620370441,1042397.8,0.012303691107332239,-0.013203961188356428,0
2023-04-03,100.0,100.0,98.52,98.65,143440,99.338,99.639,101.03,0.9832524992576461,33.30827067669172,-0.8537433931086014,-0.6147170828414226,-0.013203961188356428,0.013508708899042942,0.010881473959672053,-0.6459993534009383,575745.5,0.01500253421186015,0.0007095793208311552,1
2023-04-04,98.5,98.85,98.01,98.72,487635,99.128,99.40599999999999,100.869,0.9827399894913205,34.588777863182116,-0.8899741469702036,-0.6697684956671788,0.0007095793208311552,0.013534084051605265,0.01087607479642938,2.3995747350808703,414841.0,0.008508914100486114,0.000607779578606138,1
2023-04-05,98.7,99.4,98.52,98.78,206062,99.03599999999999,99.135,100.7185,0.9832950252436243,30.473856209150284,-0.9034315849305017,-0.7165011135198435,0.000607779578606138,0.013382055072749414,0.010886764289736027,-0.5774257385134374,340382.6,0.008908685968819698,0.010427211986232088,1
2023-04-06,99.0,100.0,98.96,99.81,503440,99.186,99.03299999999999,100.6105,0.9858414380208825,36.50306748466257,-0.8215144028773693,-0.7375037713913486,0.010427211986232088,0.013897429907638146,0.011189156619904099,1.4431481787034972,321100.0,0.010419797615469455,-0.003707043382426667,0
2023-04-07,99.85,99.85,99.0,99.44,213495,99.08,99.225,100.4735,0.9861306712715293,42.537980339588906,-0.7774879565066612,-0.7455006084144111,-0.003707043382426667,0.008456467677300216,0.01118019740672656,-0.5759276179882409,323053.0,0.008547868061142341,-0.009654062751407788,0
2023-04-10,99.5,99.5,98.26,98.48,1010331,99.046,99.19200000000001,100.272,0.9877732567416627,39.37138130686518,-0.8107152369113066,-0.7585435341137903,-0.009654062751407788,0.008166681261880174,0.011276340262411288,3.732340335839247,377508.2,0.012591389114540972,-0.0004061738424046002,0
2023-04-11,98.96,98.96,98.3,98.44,290473,98.99,99.059,100.0395,0.9895091438881641,36.954662104362704,-0.8306999695712278,-0.7729748212052778,-0.0004061738424046002,0.007375753423738767,0.011141949054746306,-0.712497191514464,382163.7,0.006704591629418901,0.00822836245428693,1
2023-04-12,98.44,99.75,98.4,99.25,469839,99.08399999999999,99.06,99.86550000000001,0.9921744746684288,43.32770270270271,-0.7722754727142274,-0.7728349515070677,0.00822836245428693,0.007791898425530484,0.011378644742802676,0.6174962905330272,399565.0,0.01360201511335007,0.0027204030226699594,1
2023-04-13,99.25,100.0,99.05,99.52,516931,99.026,99.106,99.6635,0.993603475695716,61.36363636363639,-0.6961619726386346,-0.7575003557333811,0.0027204030226699594,0.00780412020086978,0.011198915139285132,0.10023007881423207,424684.3,0.009545819935691348,0.006430868167202508,1
2023-04-17,99.26,100.99,99.26,100.16,527524,99.16999999999999,99.125,99.505,0.996633335008291,58.28220858895705,-0.5775412877060404,-0.721508542127913,0.006430868167202508,0.007505933924268417,0.011353022090727846,0.02049209662411422,436917.0,0.017272364217252294,-0.0017971246006388553,0
2023-04-18,100.69,101.25,99.93,99.98,305608,99.47,99.258,99.4485,1.0002161923005375,51.42469470827685,-0.49238216090463993,-0.6756832658832586,-0.0017971246006388553,0.005944307922474601,0.010336584815283226,-0.42067469916060696,453133.8,0.013202640528105552,0.0034006801360271233,1
2023-04-19,99.76,100.49,99.5,100.32,68033,99.846,99.41799999999999,99.41199999999999,1.0043656701404258,57.52089136490253,-0.39292834747445227,-0.6191322822014973,0.0034006801360271233,0.005972640701738368,0.010373416194496875,-0.777384754325803,411173.6,0.009868421052631528,0.006180223285486397,1
2023-04-20,100.75,101.25,99.86,100.94,160300,100.184,99.63399999999999,99.3845,1.0080445139835688,62.33595800524935,-0.2610721876932445,-0.5475202632998467,0.006180223285486397,0.006125185145327805,0.010424543866359895,1.3562094865726926,406597.4,0.013770556766395884,0.008718050326926852,1
2023-04-26,101.0,102.06,100.8,101.82,413647,100.64399999999999,99.83500000000001,99.434,1.0121688758372387,62.18708827404479,-0.08459146777698834,-0.45493450419527504,0.008718050326926852,0.0058888452994816905,0.010497024492762587,1.580455396132252,397618.1,0.012374779021803234,0.0095266155961502,1
2023-04-27,101.99,103.58,101.5,102.79,1423698,101.17,100.16999999999999,99.6975,1.0147696782767872,78.5911602209945,0.13201982523747802,-0.33754363830872447,0.0095266155961502,0.005947650372012815,0.007149176854603799,2.4418187488365684,518638.4,0.020235431462204478,0.0007782858254694602,1
2023-04-28,103.0,103.25,102.26,102.87,637672,101.748,100.609,99.9005,1.0184934009339293,78.62068965517246,0.30660679469055196,-0.2087135517088692,0.0007782858254694602,0.004018195477898859,0.006708960739018586,-0.5521016395331032,481372.5,0.009623797025371778,0.0037911927675706725,1
2023-05-02,103.0,103.49,102.5,103.26,486320,102.336,101.091,100.075,1.0225930552085936,79.55145118733512,0.4710084739521818,-0.07276914657665902,0.0037911927675706725,0.003666774680284318,0.006478919133073347,-0.23735086376695225,500957.2,0.00958744915746654,-0.0016463296533023586,0
2023-05-03,103.01,103.28,102.57,103.09,738401,102.766,101.475,100.26750000000001,1.0249183434313212,74.40476190476193,0.5808843369183876,0.057961550122350304,-0.0016463296533023586,0.0039583013736627076,0.006318764295262922,0.5183438887974996,527813.4,0.006887185954020836,-0.0016490445242021146,0
2023-05-04,103.04,103.5,102.73,102.92,866028,102.98600000000002,101.81500000000001,100.4605,1.0251392338282213,76.68711656441722,0.6467883966563903,0.1757269194291583,-0.0016490445242021146,0.004316899476647818,0.006313740924628302,0.17284239864247208,562723.1,0.007481539059463622,0.005538282160901575,1
2023-05-05,103.0,103.65,102.71,103.49,936593,103.126,102.148,100.6365,1.0247375455227479,90.86460032626422,0.7365219090248303,0.2878859173482927,0.005538282160901575,0.004255446418746479,0.006143537797283618,0.08148119922219599,603630.0,0.009083003188714002,-0.0338196927239347,0
2023-05-08,99.84,100.5,99.23,99.99,1067823,102.55,102.149,100.70349999999999,1.0183360061964084,58.08133472367049,0.5192302516607867,0.33415478421079153,-0.0338196927239347,0.012522452909483088,0.009562638233942105,0.14011422250646755,679851.5,0.012701270127012661,-0.003900390039003887,0
2023-05-09,100.0,100.1,99.2,99.6,477404,101.818,102.077,100.74749999999999,1.0106255738355792,51.90839694656486,0.31195923518855295,0.32971567440634386,-0.003900390039003887,0.012520290801270624,0.009618272472358901,-0.5529184143814097,720788.6,0.009036144578313168,-0.002409638554216831,0
2023-05-10,99.29,99.8,99.1,99.36,777927,101.072,101.91900000000001,100.7765,1.0029322312245414,49.12472647702409,0.1268670230215463,0.2891459441293844,-0.002409638554216831,0.012292339429912468,0.009639942414566907,0.6294940972425871,782551.3,0.007045088566827726,0.005032206119162552,1
2023-05-11,99.99,102.0,99.36,99.86,348438,100.46,101.723,100.779,0.9968346580140703,48.33333333333335,0.020292018924635613,0.23537515908843462,0.005032206119162552,0.012003534332764632,0.009415620680129636,-0.5520942196375753,776030.4,0.026437011816543166,0.001902663729220988,1
2023-05-12,99.99,100.25,99.5,100.05,324991,99.77199999999999,101.449,100.8095,0.9897083112206686,50.3884572697003,-0.048281468831333996,0.1786438335044809,0.001902663729220988,0.011427121677849091,0.009380742788277567,-0.06729174200288146,666159.7,0.0074962518740629685,0.014392803598200832,1
2023-05-15,100.5,101.5,100.0,101.49,397048,100.072,101.311,100.96,0.991204437400951,55.78635014836796,0.013414875164187379,0.14559804183642222,0.014392803598200832,0.012627397256090963,0.0095703987156106,0.22171998609192256,642097.3,0.014779781259237365,0.005123657503202317,1
2023-05-16,101.9,102.35,101.5,102.01,506638,100.554,101.186,101.1385,0.9942207962348661,55.34465534465538,0.10308107202490646,0.13709464787411907,0.005123657503202317,0.012693673832998378,0.009590748803817942,0.27601196832624764,644129.1,0.00833251641995877,0.010685226938535353,1
2023-05-17,102.34,103.3,102.1,103.1,1113551,101.30199999999999,101.187,101.33099999999999,0.999713809199554,56.262230919765166,0.25910921974173107,0.16149756224764147,0.010685226938535353,0.013227179940664267,0.009692251962831197,1.197922382450586,681644.1,0.011639185257032036,-0.0032977691561589806,0
2023-05-18,103.25,103.25,102.62,102.76,155388,101.88199999999999,101.171,101.493,1.0038327766446946,49.843587069864434,0.3512781762749313,0.19945368505309946,-0.0032977691561589806,0.01326149054317896,0.009760255648372958,-0.8604572219862404,610580.1,0.00613079019073565,0.002238224990268378,1
2023-05-19,102.88,103.0,102.3,102.99,623447,102.47,101.12100000000001,101.6345,1.0082206337414952,50.616016427104675,0.4378347299545027,0.24712989403338012,0.002238224990268378,0.013146843596831655,0.009696965200041279,3.0121952789147164,579265.5,0.006796776386056927,-0.01009806777357014,0
2023-05-22,103.0,103.0,101.7,101.95,518258,102.56199999999998,101.31700000000001,101.733,1.0081487816146184,43.69586140519727,0.417697161128487,0.28124334745240154,-0.01009806777357014,0.007277901397341028,0.010015210638894297,-0.16872163952990393,524309.0,0.012751348700343277,0.0008827856792545941,1
2023-05-23,102.35,102.35,101.25,102.04,250964,102.56800000000001,101.561,101.819,1.007356190887752,44.907856450048484,0.4043392691864227,0.3058625317992058,0.0008827856792545941,0.007001373295994168,0.009999580491371748,-0.5157547013263664,501665.0,0.010780086240689869,-0.001470011760094092,0
2023-05-24,102.19,102.19,101.64,101.89,286190,102.326,101.814,101.8665,1.0045108058095644,44.99514091350824,0.3773000174462027,0.3201500289286052,-0.001470011760094092,0.0069349691232625296,0.009933004491121824,0.1403627611928404,452491.3,0.005397978211797008,-0.00019629011679256347,0
2023-05-25,102.0,102.15,101.4,101.87,116352,102.148,102.015,101.869,1.0027388116109905,41.68377823408627,0.3502202616104597,0.3261640754649761,-0.00019629011679256347,0.006923213665404491,0.00974378775002713,-0.5934449142178273,429282.7,0.007362324531265338,-0.0034357514479239626,0
2023-05-26,101.5,102.15,101.25,101.52,205854,101.854,102.162,101.8055,1.0004763986228642,61.60849772382403,0.29709258667807603,0.3203497777075961,-0.0034357514479239626,0.007135516099127513,0.009509978879292655,0.7692347359735974,417369.0,0.00886524822695041,0.005319148936170359,1
2023-05-29,101.3,102.18,101.25,102.06,151348,101.876,102.21900000000001,101.765,1.001090748292635,68.2492581602375,0.2951595925096342,0.3153117406680037,0.005319148936170359,0.005754715723981062,0.009597859097004434,-0.26477989254520196,392799.0,0.009112286890064734,0.00695669214187733,1
2023-05-30,101.95,103.25,100.49,102.77,611480,102.022,102.295,101.7405,1.0027668430959156,73.64771151178923,0.34691967294735093,0.32163332712387316,0.00695669214187733,0.005941848407689392,0.009695364206408243,3.04022517641462,403283.2,0.026856086406538925,-0.016541792351853712,0
2023-05-31,103.0,104.6,100.7,101.07,2002288,101.85799999999999,102.092,101.6395,1.002149754770537,57.193816884661096,0.24790640636211947,0.30688794297152244,-0.016541792351853712,0.007026733024553931,0.01036210638690326,2.2744946686727285,492156.9,0.03858711783912132,-9.89413277925344e-05,0
2023-06-01,101.5,101.85,101.0,101.06,360767,101.696,101.922,101.54650000000001,1.0014722319331537,56.13608748481171,0.16670904471999393,0.27885216332121676,-9.89413277925344e-05,0.007032091974279297,0.010362300008824474,-0.8198226229193802,512694.8,0.008410845042548925,0.007223431624777454,1
2023-06-02,101.5,102.05,101.02,101.79,279536,101.75,101.80199999999999,101.4615,1.0028434430793947,51.994680851063904,0.1594266782514353,0.2549670663072605,0.007223431624777454,0.0074991206390073286,0.010423731198386294,-0.2251619466303736,478303.7,0.010118872187837715,-0.004322625012280312,0
2023-06-05,101.2,102.0,101.2,101.35,458521,101.608,101.74199999999999,101.5295,1.0007731742990953,45.56451612903218,0.11680457713504211,0.22733456847281686,-0.004322625012280312,0.0069341807021719645,0.007039711713058172,0.6402932001602655,472330.0,0.007893438579181029,0.003453379378391741,1
2023-06-06,101.52,101.99,101.4,101.7,67129,101.39399999999999,101.708,101.63449999999999,0.997633677540599,39.55223880597022,0.11000031469757232,0.20386771771776796,0.003453379378391741,0.007040781207295193,0.006978604552190741,-0.853596672780527,453946.5,0.005801376597836669,-0.0017699115044248481,0
2023-06-07,101.98,101.98,101.39,101.52,193458,101.484,101.671,101.74249999999999,0.9974592721822247,40.51987767584094,0.08905680065456067,0.18090553430512651,-0.0017699115044248481,0.0070469012502128335,0.006963280154891426,1.881884133533942,444673.3,0.005811662726556377,-0.002068557919621683,0
2023-06-08,101.59,101.59,101.07,101.31,271645,101.534,101.615,101.81500000000001,0.9972400923243137,37.116564417178026,0.05488103551368795,0.1557006345468388,-0.002068557919621683,0.007067463287555233,0.006933138359616016,0.40415490700823953,460202.6,0.005132760833086667,-0.0035534498075214804,0
2023-06-09,100.91,101.59,100.8,100.95,351063,101.36600000000001,101.558,101.85999999999999,0.9951502061653252,41.43835616438361,-0.0012382224800120412,0.12431286314146864,-0.0035534498075214804,0.007072938746939997,0.006992236023590079,0.2923595133354193,474723.5,0.007825656265478022,-0.00108964834076275,0
2023-06-12,100.5,101.18,100.5,100.84,83245,101.264,101.43599999999999,101.82750000000001,0.9944661314477914,39.761092150170676,-0.05396712008214877,0.08865686649674516,-0.00108964834076275,0.006766748897300953,0.006179648255687005,-0.7628773183160857,467913.2,0.006743355811186105,-0.0022808409361364523,0
2023-06-13,101.1,101.1,100.4,100.61,140563,101.046,101.22,101.7575,0.9930078863965802,39.22558922558926,-0.11301150287491168,0.048323192622413795,-0.0022808409361364523,0.006133259070945759,0.006058029523951743,0.6885458586101267,420821.5,0.0069575588907662125,-0.0070569525892058005,0
2023-06-14,101.0,101.0,99.39,99.9,290620,100.72200000000001,101.10300000000001,101.5975,0.9913826619749503,35.143288084464615,-0.21462164320685417,-0.0042657745434398,-0.0070569525892058005,0.004022913039694848,0.005588016022314134,1.0675426677006041,249654.7,0.01611611611611611,-0.013513513513513598,0
2023-06-15,100.0,100.0,98.4,98.55,371533,100.17,100.852,101.387,0.9879964887017073,30.537352555701247,-0.39947720451300484,-0.08330806053735282,-0.013513513513513598,0.005570149732581068,0.006189694376898329,0.2784151125180647,250731.3,0.016235413495687412,-0.0007102993404362046,0
2023-06-16,98.1,99.29,98.0,98.48,382907,99.676,100.521,101.1615,0.9853155597732338,25.000000000000043,-0.5453386590461662,-0.1757141802391155,-0.0007102993404362046,0.004492418617666996,0.006116331098188561,0.030613700532657884,261068.4,0.013099106417546772,-0.00863119415109681,0
2023-06-19,98.4,98.8,95.0,97.63,388555,99.034,100.149,100.9455,0.9810640395064665,14.794520547945325,-0.7212091586485485,-0.2848131759210021,-0.00863119415109681,0.004798511192026206,0.006024984238397487,0.014750317962324955,254071.8,0.03892246235788177,-0.001229130390248745,0
2023-06-20,97.3,98.0,96.55,97.51,269324,98.414,99.72999999999999,100.71900000000001,0.9771145464113027,18.881118881119065,-0.8603531778965845,-0.39992117631611857,-0.001229130390248745,0.004213288513629923,0.005987511876109035,-0.3068574590469818,274291.3,0.0148702697159266,-0.007588965234335054,0
2023-06-21,97.3,98.0,96.56,96.77,348552,97.788,99.255,100.46300000000001,0.9733732817057025,16.744186046511743,-1.0185958918043525,-0.5236561194137654,-0.007588965234335054,0.004243585054260743,0.006100775666584019,0.2941735604699174,289800.7,0.014880644827942522,0.00041335124522068334,1
2023-06-22,97.25,97.5,96.55,96.81,167966,97.44,98.805,100.21000000000001,0.9723580480989921,6.770833333333542,-1.127776412480742,-0.6444801780271607,0.00041335124522068334,0.004484995665003176,0.0061146974417609174,-0.5181034680621543,279432.8,0.009813035843404636,0.00020659022828217743,1
2023-06-23,97.25,98.0,96.55,96.83,558972,97.10999999999999,98.393,99.9755,0.971337977804562,7.677902621723007,-1.1988691120137531,-0.7553579648244793,0.00020659022828217743,0.004726519564534915,0.006140371449748853,2.327887786813998,300223.7,0.014974697924197075,0.02654136114840444,1
2023-06-26,96.72,99.75,96.72,99.4,696062,97.464,98.249,99.8425,0.9761774795302601,34.78835978835984,-1.0358919494027106,-0.8114647617401256,0.02654136114840444,0.010838200555107433,0.008794457118394994,0.24525378730956104,361505.4,0.030482897384305846,-0.00965794768611683,0
2023-06-27,99.46,99.75,98.35,98.44,164896,97.65,98.03200000000001,99.626,0.9801658201674261,31.534772182254244,-0.9729794493581352,-0.8437676992637275,-0.00965794768611683,0.01115246302242434,0.008759807328838012,-0.7631015627918203,363938.7,0.01422186103210083,0.029865908167411526,1
2023-07-03,100.5,102.9,100.5,101.38,1022901,98.572,98.17999999999999,99.6415,0.9892665204759062,50.31616982836493,-0.6780710296723953,-0.8106283653454611,0.029865908167411526,0.014839845421275841,0.010674119482793822,5.203309965068892,437166.8,0.02367330834484125,-0.014697178930755506,0
2023-07-04,101.85,101.85,99.55,99.89,580921,99.188,98.314,99.583,0.9960334595262244,45.65573770491803,-0.5581505181844477,-0.7601327959132584,-0.014697178930755506,0.014977601144057284,0.01118310195191976,-0.432084825413212,458105.6,0.023025327860646684,-0.0042046250875963365,0
2023-07-05,100.0,100.5,99.45,99.47,886747,99.71600000000001,98.413,99.467,1.0025033428172159,44.52438049560351,-0.49133928532995697,-0.7063740937965982,-0.0042046250875963365,0.015074085257052035,0.011057704326302797,0.5264502402219924,508489.6,0.010555946516537622,0.0003015984719010323,1
2023-07-06,99.95,100.0,99.0,99.5,605561,99.736,98.6,99.3745,1.0036377541522221,45.491470349309516,-0.43100183183622676,-0.651299641404524,0.0003015984719010323,0.014693089015992292,0.011034979711712672,-0.317098338082903,530190.2,0.010050251256281407,0.0014070351758794786,1
2023-07-07,100.0,100.25,99.01,99.64,375410,99.976,98.813,99.2715,1.0070966994555335,48.89267461669504,-0.36764910523187666,-0.5945695341699945,0.0014070351758794786,0.014652406041694776,0.011002285093334646,-0.38006245448435416,540798.8,0.012444801284624597,-0.0019068647129666383,0
2023-07-10,100.23,100.23,99.25,99.45,516440,99.59,99.081,99.168,1.0042554049693448,54.25330812854445,-0.3289807398839599,-0.5414517753127875,-0.0019068647129666383,0.01433482035922593,0.011002854492830836,0.3756692682666951,557587.6,0.009854198089492247,0.0012066365007541435,1
2023-07-11,99.99,101.0,99.5,99.57,1336311,99.526,99.357,99.08099999999999,1.004491274815555,55.12699905926617,-0.28536329421383755,-0.4902340790929976,0.0012066365007541435,0.014322169072495049,0.011010056096133492,1.587543567500581,674422.1,0.015064778547755349,0.0009038867128654537,1
2023-07-12,99.95,100.05,99.13,99.66,728448,99.564,99.64,99.01650000000001,1.005529381466725,60.28368794326241,-0.24075859126187993,-0.4403389815267741,0.0009038867128654537,0.014309256577593965,0.010996681603876549,-0.454881386144393,691369.7,0.00923138671483044,-0.001103752759381904,0
2023-07-13,99.8,100.5,99.4,99.55,699093,99.574,99.655,98.952,1.0062858759802733,60.34482758620683,-0.21184312779510606,-0.3946398107804405,-0.001103752759381904,0.01167944665077049,0.010996716052499765,-0.040298003426462836,691672.8,0.011049723756906021,0.0017076845806127672,1
2023-07-14,99.51,100.0,99.4,99.72,444557,99.59,99.78299999999999,98.9075,1.0069003867249704,65.87728740581271,-0.1732131421411509,-0.3503544770525826,0.0017076845806127672,0.011153478625117801,0.011000541956007087,-0.36409461974300983,719638.9,0.006016847172081772,-0.0005014039310068386,0
2023-07-17,99.81,99.97,98.82,99.67,422841,99.634,99.612,98.89599999999999,1.0074623847273905,65.3763440860215,-0.1449621489120716,-0.3092760114244804,-0.0005014039310068386,0.0049163514704866785,0.010888445784170473,-0.04884862908468435,659632.9,0.011538075649643882,-0.003110263870773622,0
2023-07-18,99.9,100.0,99.1,99.36,326459,99.59200000000001,99.559,98.9365,1.0066254617860952,63.19082377476538,-0.1459055342862996,-0.27660191599684425,-0.003110263870773622,0.002025098861594441,0.010451625251183878,-0.22793910713483323,634186.7,0.009057971014492811,0.0011070853462158414,1
2023-07-19,99.88,99.9,99.2,99.47,229697,99.554,99.559,98.986,1.0057381851979068,50.490883590462786,-0.1362069839750859,-0.24852292959249261,0.0011070853462158414,0.0016077953826600343,0.010448809183396433,-0.2963986289243059,568481.7,0.007037297677691795,0.005127174022318437,1
2023-07-20,99.86,100.25,99.35,99.98,481154,99.64000000000001,99.607,99.10350000000001,1.005413532317224,61.52694610778449,-0.08637242764606867,-0.21609282920320783,0.005127174022318437,0.0022881858998140313,0.010263694830994919,1.094733496737006,556041.0,0.00900180036007207,0.0008001600320064473,1
2023-07-21,100.39,100.5,99.61,100.06,527643,99.708,99.649,99.231,1.0048069655651963,32.722513089005304,-0.0399621920305151,-0.1808667017686693,0.0008001600320064473,0.0022689436630780363,0.010248025617930479,0.09661979324706849,571264.3,0.008894663202078759,-0.002098740755546724,0
2023-07-24,100.05,100.06,99.8,99.85,262019,99.744,99.689,99.38499999999999,1.0036122151230067,49.21259842519673,-0.019897623476680337,-0.14867288611027155,-0.002098740755546724,0.0022915348193141075,0.010068189485317234,-0.5034161355310314,545822.2,0.0026039058587882338,0.004807210816224483,1
2023-07-25,100.0,101.25,99.98,100.33,1248274,99.93800000000002,99.765,99.561,1.0037866232761825,66.53846153846148,0.03433983192564938,-0.11207034250308737,0.004807210816224483,0.002681395113593321,0.010088497671817444,3.7640590949511292,537018.5,0.012658227848101226,0.0011960530250174628,1
2023-07-26,100.51,101.49,100.39,100.45,946895,100.134,99.84400000000001,99.74199999999999,1.0039301397605824,67.65799256505574,0.08601487724740764,-0.07245329855298836,0.0011960530250174628,0.0026846795647823,0.010082515740580479,-0.24143657562362109,558863.2,0.010950721752115424,0.0005973120955700129,1
2023-07-27,100.89,101.09,100.25,100.51,557568,100.24,99.94,99.79749999999999,1.0044339788070844,66.66666666666666,0.13030712213200957,-0.03190121441598878,0.0005973120955700129,0.002603808948930929,0.008244709158551454,-0.41116174443840126,544710.7,0.008357377375385567,0.0009949258780219683,1
2023-07-31,100.6,101.49,100.4,100.61,1070662,100.35,100.02900000000001,99.90599999999999,1.0044441775268753,73.01587301587286,0.1715012499232813,0.008779278451865238,0.0009949258780219683,0.0025908894828156046,0.007884212057755306,0.9202357380624426,607321.2,0.010833913129907457,0.003776960540701646,1
2023-08-01,101.05,101.24,100.8,100.99,851928,100.578,100.161,99.8865,1.006922857443198,75.53956834532363,0.2321348115839612,0.05345038507828444,0.003776960540701646,0.0026867116283657588,0.004153345663418512,-0.20429790167204964,650229.9,0.004356867016536268,-0.000990197049212771,0
2023-08-02,101.0,101.6,100.5,100.89,1449047,100.69,100.314,99.9365,1.007539787765231,72.04301075268819,0.26901711987557064,0.09656373203774168,-0.000990197049212771,0.002362366483000497,0.0023884737466535,0.7009031279638656,762488.7,0.01090296362374858,-0.027356526910496615,0
2023-08-03,99.9,99.9,97.81,98.13,1052068,100.226,100.18,99.8695,1.0035696584042175,36.94852941176472,0.07467685292597537,0.09218635621538843,-0.027356526910496615,0.009449068069338767,0.00663120525850398,-0.2739586776688403,844725.8,0.021298277794762087,-0.0035666972383572304,0
2023-08-04,98.5,98.5,97.73,97.78,290573,99.67999999999999,99.96000000000001,99.7835,0.9989627543631963,32.7402135231317,-0.10635528617045509,0.05247802773821972,-0.0035666972383572304,0.009186836674888541,0.006658142353717775,-0.7238077766836364,825667.7,0.007874821026794805,-0.0069543874002864214,0
2023-08-07,98.0,98.14,96.96,97.1,606980,98.978,99.664,99.6565,0.9931916131913121,29.439999999999984,-0.30122257137510644,-0.018262092084445514,-0.0069543874002864214,0.009234118565739781,0.006770516807126647,1.0889070904729619,833601.4,0.012152420185375972,-0.007415036045314127,0
2023-08-08,97.01,97.48,96.11,96.38,391947,98.056,99.317,99.503,0.9854577248927168,27.627627627627632,-0.5078995319043997,-0.11618958004843637,-0.007415036045314127,0.009331583629718672,0.006908487923800778,-0.3542670269201621,846594.2,0.01421456733762196,-0.0005187798298401658,0
2023-08-09,96.47,97.2,96.0,96.33,261639,97.14399999999999,98.917,99.341,0.9778842572553125,26.212121212121247,-0.6680265006164774,-0.2265569641620446,-0.0005187798298401658,0.008949505526294005,0.006883062810417353,-0.332463317744491,747930.7,0.012457178449081313,-0.013702896293989353,0
2023-08-10,96.79,96.79,92.1,95.01,538185,96.52,98.373,99.10849999999999,0.9738821594515102,16.464237516869076,-0.891168410569037,-0.3594792534434431,-0.013702896293989353,0.009220073880067901,0.007358578069737508,1.0569754509075482,707059.7,0.04936322492369236,0.013051257762340729,1
2023-08-11,95.2,97.01,95.0,96.25,620035,96.214,97.947,98.9435,0.9724135491467353,27.771295215869287,-0.9569215490154335,-0.4789677125578412,0.013051257762340729,0.010836598450979324,0.008126438565276976,0.15208524949599123,713306.4,0.020883116883116937,0.01381818181818173,1
2023-08-15,96.7,98.4,96.6,97.58,1073640,96.30999999999999,97.64399999999999,98.8365,0.974437581257936,38.28689370485036,-0.8914355857011742,-0.5614612871865078,0.01381818181818173,0.012201358389886242,0.008812246072697613,0.7315796688896594,713604.2,0.01844640295142459,-0.02131584341053494,0
2023-08-16,97.99,97.99,95.38,95.5,737529,96.13399999999999,97.095,98.62800000000001,0.9747130632274807,28.609388839681102,-0.9958960351193298,-0.6483482367730722,-0.02131584341053494,0.013195741711472593,0.009905679197872557,-0.31305744942438807,702164.3,0.027329842931937166,0.0110994764397907,1
2023-08-17,96.35,96.99,95.0,96.56,712712,96.17999999999999,96.662,98.488,0.9765656729753878,34.09648405560094,-0.981830620445578,-0.7150447135075734,0.0110994764397907,0.014172030387106982,0.010329023806547377,-0.033648846350448625,628530.8,0.020608947804473848,-0.0008285004142501995,0
2023-08-18,96.0,97.5,96.0,96.48,487560,96.474,96.497,98.3385,0.9810399792553274,33.55102040816324,-0.9660035221063623,-0.7652364752273312,-0.0008285004142501995,0.011628299378884195,0.01031357850545649,-0.31590881029083273,572080.0,0.015547263681592038,-0.009846600331674948,0
2023-08-21,96.48,96.48,95.06,95.53,283351,96.33000000000001,96.272,98.116,0.9817970565453138,30.61068702290075,-1.0183782624718702,-0.815864832676239,-0.009846600331674948,0.011910464097063,0.01035258429423862,-0.4188387070309295,571357.8,0.014864440489898479,-0.005547995394116989,0
2023-08-22,95.62,95.84,94.91,95.0,437287,95.81400000000001,96.062,97.863,0.9790625670580302,27.396226415094333,-1.0900863552087117,-0.8707091371827336,-0.005547995394116989,0.011857074467765096,0.010352344836527059,0.5432696549509266,554388.5,0.009789473684210598,0.004105263157894834,1
2023-08-23,95.0,95.9,94.51,95.39,243904,95.792,95.963,97.64000000000001,0.981073330602212,29.68980797636631,-1.1027341617095487,-0.9171141420880966,0.004105263157894834,0.01184516881898536,0.010458667190330907,-0.442233590296533,539584.2,0.01457175804591677,-0.002830485375825531,0
2023-08-24,95.5,95.5,94.95,95.12,521439,95.50399999999999,95.842,97.3795,0.9807402995496999,36.38009049773758,-1.1216151022818934,-0.9580143341268561,-0.002830485375825531,0.011857964496753165,0.010326803715875934,1.1378862175282078,565564.2,0.005782169890664394,0.004730866274179846,1
2023-08-25,95.12,95.98,95.05,95.57,386195,95.322,95.898,97.13550000000001,0.9813302036845437,40.08968609865465,-1.0877284876045934,-0.9839571648224036,0.004730866274179846,0.011107392168219755,0.010425182966787062,-0.2593668674571714,550365.2,0.00973108716124314,0.0059642147117298094,1
2023-08-28,95.47,96.25,95.47,96.14,595903,95.44399999999999,95.887,96.917,0.9848014280260428,45.6521739130435,-1.0033132939103666,-0.9878283906399963,0.0059642147117298094,0.010433403945347369,0.010575333531614446,0.5430106552389338,547952.0,0.00811316829623467,-0.006344913667568175,0
2023-08-29,96.14,96.14,95.4,95.53,192012,95.55,95.682,96.663,0.9884857701499022,46.11161939615738,-0.9744032328233061,-0.9851433590766583,-0.006344913667568175,0.00934366726005617,0.010587193647485098,-0.6777797728824994,459789.2,0.007746257720087877,-0.01308489479744579,0
2023-08-30,95.05,95.96,93.85,94.28,396486,95.328,95.56,96.3275,0.9896239391658664,41.54987633965374,-1.0403636894323114,-0.996187425147789,-0.01308489479744579,0.007674460867639574,0.010728648758928105,1.064902193612899,425684.9,0.02238014425116673,0.004030547305897247,1
2023-08-31,94.5,95.5,92.1,94.66,1529852,95.236,95.36999999999999,96.016,0.9918763539410098,48.436103663985655,-1.0498727230783231,-1.0069244847338958,0.004030547305897247,0.006669463020645473,0.01084553255177676,2.8585271611103544,507398.9,0.03591802239594344,0.003486160997253407,1
2023-09-01,94.5,95.0,94.11,94.99,74007,95.12,95.22099999999999,95.85900000000001,0.9922907603876526,43.87159533073927,-1.0190336728228857,-1.0093463223516939,0.003486160997253407,0.006887183616584953,0.009301684457906263,-0.9516247323270486,466043.6,0.00936940730603222,0.010632698178755673,1
2023-09-04,95.15,96.03,94.4,96.0,206370,95.09200000000001,95.268,95.77000000000001,0.9929205387908531,42.06827309236948,-0.9026893038441415,-0.9880149186501834,0.010632698178755673,0.007179290263695125,0.009676689663623912,1.7885200048644045,458345.5,0.016979166666666618,-0.007291666666666696,0
2023-09-05,96.0,96.01,95.02,95.3,485360,95.04599999999999,95.298,95.68,0.9933737458193979,48.83449883449881,-0.857089706452328,-0.9618298762106124,-0.007291666666666696,0.007361740380376915,0.009688131811098784,1.3518922323981197,463152.8,0.010388247639034722,-0.0011542497376705319,0
2023-09-06,95.69,95.69,95.0,95.19,67221,95.228,95.27799999999999,95.6205,0.9958952316710328,41.02228047182172,-0.8203710508723816,-0.9335381111429664,-0.0011542497376705319,0.007249858207906589,0.00956660177994311,-0.8615028020438438,445484.5,0.007248660573589639,-0.004622334278810758,0
2023-09-07,95.02,95.3,94.7,94.75,85963,95.246,95.241,95.54150000000001,0.9969071031959932,39.173967459324125,-0.8173536306787241,-0.910301215050118,-0.004622334278810758,0.007344007879464223,0.00960918846561154,0.2788116808735366,401936.9,0.00633245382585746,-0.00021108179419515594,0
2023-09-08,95.25,95.25,94.1,94.73,115231,95.194,95.157,95.5275,0.9965088587056083,44.33427762039661,-0.8072704253340817,-0.8896950571069108,-0.00021108179419515594,0.007126009386977626,0.009115297419737508,0.34047206356223025,374840.5,0.01213976564974143,-0.0023223899503852508,0
2023-09-11,94.97,95.5,93.0,94.51,769241,94.896,94.994,95.44050000000001,0.9942948748172944,46.3703703703704,-0.8077206727098059,-0.8733001802274898,-0.0023223899503852508,0.006714241990115291,0.008579671367413545,5.675642839166544,392174.3,0.026452227277536766,-0.0004232356364406442,0
2023-09-12,95.15,95.15,94.25,94.47,368767,94.73,94.888,95.285,0.9941753686309494,42.81249999999998,-0.8020595198251641,-0.8590520481470246,-0.0004232356364406442,0.006516117474297047,0.007856376155489954,-0.5206092758966305,409849.8,0.009526833915528799,-0.004551709537419235,0
2023-09-13,94.25,94.28,94.0,94.04,67580,94.5,94.864,95.212,0.992521951014578,41.768292682926834,-0.8227858585072738,-0.8517988102190746,-0.004551709537419235,0.005196854274273338,0.006400243932457235,-0.8167406519563843,376959.2,0.002977456401531275,-0.0012760527435135005,0
2023-09-14,94.99,94.99,93.8,93.92,94780,94.334,94.79,95.08,0.9921539755994953,36.757624398073915,-0.8392206154974673,-0.8492831712747532,-0.0012760527435135005,0.004978359244966407,0.005760550392333862,0.4024859425865641,233452.0,0.012670357751277658,-0.018100511073253833,0
2023-09-15,94.25,94.89,91.81,92.22,1874930,93.83200000000001,94.513,94.86699999999999,0.9890899891426947,23.369565217391283,-0.978145617521136,-0.8750556605240298,-0.018100511073253833,0.007137877240270373,0.006864167433436031,18.78191601603714,413544.3,0.0333983951420516,0.002927781392322748,1
2023-09-18,92.39,92.7,92.35,92.49,160802,93.428,94.162,94.715,0.9864118671804888,28.347578347578292,-1.0543045721833266,-0.9109054428558893,0.002927781392322748,0.005801745223806638,0.006711045600205474,-0.9142357314673081,408987.5,0.0037841928857174673,-0.006487187804086858,0
2023-09-19,92.0,92.6,90.8,91.89,648119,92.912,93.821,94.5595,0.9825771075354671,31.240188383045492,-1.1498216497997475,-0.958688684244661,-0.006487187804086858,0.005751810839167082,0.0067433759173582165,3.030540664917103,425263.4,0.019588638589617992,-0.010011970834693629,0
2023-09-20,92.0,92.04,90.85,90.97,478148,92.29799999999999,93.399,94.33850000000001,0.9783704426082668,23.299565846599137,-1.2849438997863984,-1.0239397273530086,-0.010011970834693629,0.006005962264605448,0.006848255880121496,-0.26225276531007424,466356.1,0.01308123557216678,0.012091898428053138,1
2023-09-21,91.0,92.82,90.45,92.07,616395,91.928,93.131,94.186,0.9760261610005733,30.9895833333333,-1.2884163873852117,-1.0768350593594493,0.012091898428053138,0.007973894008566585,0.007567897349349835,0.28913014380484703,519399.3,0.025741283805799833,0.008363201911589124,1
2023-09-22,92.2,93.0,91.75,92.84,407623,92.05199999999999,92.942,94.0495,0.9787611842699855,28.763440860215056,-1.2150296880693787,-1.1044739851014354,0.008363201911589124,0.008714194118390403,0.007768765791381347,-0.33869839956521386,548638.5,0.013464024127531235,-0.005277897457992342,0
2023-09-25,92.95,93.0,92.07,92.35,215958,92.02399999999999,92.726,93.86,0.9804389516300872,29.59889349930843,-1.182774813242787,-1.1201341507297058,-0.005277897457992342,0.008777026917347384,0.0076115365668515305,-0.470201632390714,493310.2,0.010070384407146799,-0.0022739577693556834,0
2023-09-26,92.3,92.75,92.0,92.14,390086,92.074,92.493,93.6905,0.982746383037768,29.19508867667122,-1.1607771214186187,-1.1282627448674885,-0.0022739577693556834,0.008753131908949708,0.007542828296256808,0.8063049296622491,495442.1,0.008139787280225743,0.01237247666594321,1
2023-09-27,92.08,94.0,92.0,93.28,433998,92.536,92.417,93.6405,0.9882048899781611,40.84682440846825,-1.0393740623379273,-1.1104850083615763,0.01237247666594321,0.009868738546511279,0.007681039995834783,0.11257004865593734,532083.9,0.02144082332761578,-0.004716981132075415,0
2023-09-28,93.49,93.49,92.55,92.84,167316,92.69000000000001,92.309,93.5495,0.9908123506806559,38.81656804733728,-0.9675127019489196,-1.081890547079045,-0.004716981132075415,0.009948119278676563,0.007658202415354959,-0.6144774860713644,539337.5,0.010124946143903465,-0.0032313657906074544,0
2023-10-02,92.99,93.5,92.0,92.54,840346,92.63,92.34100000000001,93.42699999999999,0.9914692754771105,38.4525205158265,-0.9241169044709352,-1.0503358185574232,-0.0032313657906074544,0.008058386740410184,0.007600847736119992,4.02250830763346,435879.1,0.016209206829479142,-0.0006483682731791562,0
2023-10-03,92.97,92.99,92.3,92.48,582701,92.656,92.34,93.251,0.9936193713740336,38.36257309941523,-0.8843724260540426,-1.0171431400567472,-0.0006483682731791562,0.008011757793908445,0.0070705032395988335,-0.3065939505870201,478069.0,0.007461072664359836,0.0031358131487888574,1
2023-10-04,92.98,93.18,92.51,92.77,584293,92.782,92.42800000000001,93.1245,0.9963221279040424,42.449464922710995,-0.8200213683080051,-0.9777187857069989,0.0031358131487888574,0.007716056382724678,0.0070318721282155525,0.0027321044583756837,471686.4,0.007222162336962399,0.01067155330386993,1
2023-10-05,93.22,94.0,92.69,93.76,587366,92.878,92.70700000000001,93.053,0.9981193513374099,49.137931034482776,-0.681284541090335,-0.9184319367836662,0.01067155330386993,0.007196819632469105,0.007526431021725846,0.005259347621826782,482608.2,0.013971843003412993,0.0017064846416381396,1
2023-10-06,93.8,94.25,93.1,93.92,269334,93.094,92.892,93.0115,1.0008869870929937,60.98191214470287,-0.5520601375313277,-0.8451575769331986,0.0017064846416381396,0.006458268046552495,0.007487093271169192,-0.5414545615510602,447902.1,0.012244463373083535,0.026192504258943705,1
2023-10-09,94.0,96.53,93.2,96.38,648962,93.862,93.24600000000001,93.094,1.0082497260833136,69.58710976837867,-0.24828534685084946,-0.7257831309167289,0.026192504258943705,0.009933230147050349,0.00956429381529503,1.4095064121128411,472036.0,0.034550736667358355,0.017015978418759126,1
2023-10-10,96.01,98.5,96.0,98.02,742707,94.97,93.813,93.2695,1.0182321123196758,77.9398359161349,0.12337051874612825,-0.5559524009841574,0.017015978418759126,0.010170134225048645,0.010178434486653795,0.1444537584635155,524710.9,0.02550499897980004,0.02152621913895114,1
2023-10-11,98.0,100.5,98.0,100.13,1356403,96.44200000000001,94.612,93.55250000000001,1.0308864006841079,87.66447368421052,0.5814670457096298,-0.3284685116454,0.02152621913895114,0.010779497156866337,0.011062637293303033,0.8262962379511705,621342.6,0.02496754219514631,0.02786377708978338,1
2023-10-12,100.0,103.47,100.0,102.92,2101321,98.274,95.576,93.9965,1.0455070135590154,89.16967509025271,1.156312278564684,-0.03151235360338317,0.02786377708978338,0.012404133303840088,0.012216796678329592,0.5491863406377013,788074.9,0.033715507190050516,-0.0023319082782743417,0
2023-10-13,102.5,103.0,101.45,102.68,1085609,100.026,96.56,94.4345,1.0592103521488438,86.93693693693697,1.5743669507039328,0.28966350725808004,-0.0023319082782743417,0.01211019468079575,0.012245736917351849,-0.48336831926202617,879904.2,0.015095442150370054,-0.005746007012076393,0
2023-10-16,103.25,103.48,101.75,102.09,250939,101.168,97.515,94.928,1.0657340300016855,86.2891207153503,1.8368956317167004,0.5991099321498041,-0.005746007012076393,0.012441429894868378,0.011320210812910075,-0.7688495581742598,820963.5,0.016945832108923538,-0.0030365363894603314,0
2023-10-17,101.75,102.0,101.25,101.78,314718,101.92,98.44500000000001,95.39250000000001,1.0684278114107502,85.65088757396451,1.9969178674763697,0.8786715192151173,-0.0030365363894603314,0.01268771301978994,0.01145973149289206,0.25416136989467564,794165.2,0.007368834741599529,0.0018667714678719527,1
2023-10-18,101.5,102.03,101.4,101.97,133780,102.28800000000001,99.365,95.89649999999999,1.0666499820118567,84.5664280031822,2.114691210393758,1.1258754574508454,0.0018667714678719527,0.012766761923461987,0.011173072407616105,-0.5749210404234902,749113.9,0.006178287731685745,0.00039227223693250046,1
2023-10-19,101.99,102.1,101.38,102.01,220120,102.10600000000001,100.19,96.4485,1.0586582476658528,87.6746096959737,2.1860556105667115,1.3379114880740186,0.00039227223693250046,0.013078489886345454,0.010653928276020666,0.6453879503662729,712389.3,0.0070581315557298185,0.02382119400058813,1
2023-10-20,101.98,104.9,101.8,104.44,1705183,102.458,101.242,97.067,1.055538957627206,91.60839160839159,2.410901729100317,1.5525095362792785,0.02382119400058813,0.013650864111328534,0.01132065961063431,6.746606396510994,855974.2,0.029682114132516358,0.023937188816545385,1
2023-10-23,103.5,107.65,103.5,106.94,2428982,103.428,102.298,97.772,1.0578488728879434,93.18996415770609,2.759018753830617,1.7938113797895463,0.023937188816545385,0.013383514621991683,0.011980427244458457,0.42446998357361054,1033976.2,0.03880680755563873,-0.009164017205909869,0
2023-10-24,106.4,107.0,104.5,105.96,517756,104.26400000000001,103.09200000000001,98.4525,1.0590284655036695,87.8370625358577,2.922141565185342,2.0194774168687055,-0.009164017205909869,0.014488923788040085,0.012221883928260223,-0.7868423891160988,1011481.1,0.023593808984522464,-0.03350320875802182,0
2023-10-25,105.06,106.95,102.01,102.41,1664284,104.352,103.32000000000001,98.966,1.0544227310389427,71.63581790895446,2.7334526958457843,2.1622724726641214,-0.03350320875802182,0.018608562898342687,0.015116798885216632,2.214417602113737,1042269.2,0.04823747680890536,-0.009667024704618665,0
2023-10-26,102.4,102.5,101.2,101.42,404980,104.234,103.17,99.373,1.0489167077576402,68.01152737752162,2.475494719060137,2.2249169219433247,-0.009667024704618665,0.016578458611370545,0.015383210810044517,-0.7566641270360107,872635.1,0.01281798461841843,-0.004634194438966621,0
2023-10-27,101.45,101.5,100.7,100.95,421285,103.53599999999999,102.997,99.7785,1.0376584133856492,62.13489113117368,2.2076872475721245,2.2214709870690847,-0.004634194438966621,0.016609672519992364,0.015380666542157565,0.04026124746901072,806202.7,0.007924715205547272,0.015552253590886522,1
2023-10-30,101.0,102.6,101.0,102.52,258814,102.652,103.04,100.2775,1.0236792899703322,61.99360341151387,2.097949915237379,2.196766772702744,0.015552253590886522,0.017363579048548197,0.015469273044852428,-0.38565579121022586,806990.2,0.015606710885680788,0.00829106515801814,1
2023-10-31,102.01,103.98,102.0,103.37,536234,102.134,103.199,100.822,1.0130130328698101,59.25714285714288,2.055871379473828,2.168587694056961,0.00829106515801814,0.01747228825303516,0.015419016708401666,1.0718894650212123,829141.8,0.019154493566798915,-0.003772854793460345,0
2023-11-01,103.49,104.01,102.61,102.98,408883,102.248,103.3,101.3325,1.009034613771495,50.19867549668875,1.9683640209186422,2.1285429594292973,-0.003772854793460345,0.017556733504840685,0.015556134372821257,-0.23749146827690892,856652.1,0.013594872790833226,0.013303554088172298,1
2023-11-02,103.01,104.66,103.0,104.35,725751,102.83400000000002,103.53399999999999,101.862,1.0095423219650117,55.144793592113324,1.98666037508859,2.100166442561156,0.013303554088172298,0.0179668005169382,0.01561455394642088,0.7749600741532419,907215.2,0.015908001916626707,-0.02769525634882608,0
2023-11-03,102.45,102.45,100.86,101.46,409646,102.93599999999999,103.23599999999999,102.239,1.0068173593247194,48.300053966540716,1.747813810690829,2.029695916187091,-0.02769525634882608,0.01852447332480768,0.017283467041635515,-0.4355557209015213,777661.5,0.01567120047309288,0.00551941651882526,1
2023-11-06,101.88,102.14,101.52,102.02,236650,102.83599999999998,102.744,102.521,1.003072541235454,50.63897763578274,1.5854375700863983,1.9408442469669525,0.00551941651882526,0.01636800442880511,0.016486863629982234,-0.4223060886716824,558428.3,0.006077239756910454,0.0003920799843168954,1
2023-11-07,102.02,102.5,101.75,102.06,2184784,102.574,102.354,102.723,0.9985494971914761,50.24154589371982,1.4433429363355117,1.8413439848406645,0.0003920799843168954,0.016349392651368446,0.016157588702927855,8.232131840270442,725131.1,0.007348618459729571,-0.0004899078973152893,0
2023-11-08,101.5,103.0,101.5,102.01,1554408,102.38,102.314,102.81700000000001,0.9957497301029984,50.0,1.3115782752903868,1.735390842930609,-0.0004899078973152893,0.012532716411587676,0.015504488182111337,-0.28853012471713446,714143.5,0.014704440741103813,0.019703950593078945,1
2023-11-10,102.6,105.15,102.55,104.02,2359039,102.314,102.574,102.872,0.9945757834979391,48.847420417124034,1.3537389736135452,1.6590604690671964,0.019703950593078945,0.013502889555630924,0.014855396539293362,0.5176446595745776,909549.4,0.024995193232070837,0.025475870024995295,1
2023-11-13,105.0,107.0,104.36,106.67,3194930,103.356,103.146,103.07149999999999,1.0027602198473875,49.265106151333704,1.5827396463896548,1.6437963045316881,0.025475870024995295,0.014982353011748627,0.015832125889206267,0.3543353882661542,1186913.9,0.02474922658666917,-0.007124777350707823,0
2023-11-14,107.0,107.09,105.25,105.91,1696846,104.13399999999999,103.48499999999999,103.2625,1.0084396562159543,49.86225895316806,1.6834924282354393,1.6517355292724385,-0.007124777350707823,0.015029440141459656,0.015870709937966857,-0.4688941541755218,1330717.1,0.017373241431404056,-0.0013218770654329637,0
2023-11-15,106.23,106.65,105.27,105.77,1503877,104.876,103.725,103.46199999999999,1.0136668535307651,61.39755766621438,1.732076602864069,1.6678037439907647,-0.0013218770654329637,0.014986387819985987,0.015846920832740426,-0.11372216453349326,1427481.4,0.013047177838706719,0.0043490592795689675,1
2023-11-16,106.0,107.25,105.0,106.23,2937260,105.72,104.05,103.675,1.0197251024837233,66.9247009148487,1.7870975191359122,1.6916624990197944,0.0043490592795689675,0.014834046606719367,0.015855177268904848,0.9531251558471869,1680319.1,0.021180457497881954,-0.008472182999152866,0
2023-11-17,106.8,107.0,105.0,105.33,686877,105.982,104.148,103.84099999999998,1.0206180603037338,64.9590163934426,1.7380444191308158,1.700938883041999,-0.008472182999152866,0.014786136488424157,0.016030369003637086,-0.7661504259071379,1676431.7,0.018987942656413178,0.008069875628975653,1
2023-11-20,105.13,106.5,105.0,106.18,851699,105.88399999999999,104.62,103.928,1.018820722038334,63.14655172413794,1.7476119969715,1.7102735058278993,0.008069875628975653,0.010872561442276935,0.015255875233988312,0.23995853697241287,1720637.0,0.014126954228668298,-0.006404219250329746,0
2023-11-21,106.5,107.5,105.2,105.5,904403,105.80199999999999,104.968,103.856,1.01873748266831,57.745454545454514,1.6809471420378799,1.7044082330698955,-0.006404219250329746,0.01140265857035184,0.014328798679398614,0.06188101665024859,1787412.3,0.02180094786729855,0.014881516587677668,1
2023-11-22,106.0,108.0,106.0,107.07,2850518,106.06199999999998,105.46900000000001,103.9115,1.0206954956862329,63.69725385130604,1.7348029150438862,1.7104871694646937,0.014881516587677668,0.01188581514667022,0.014577236101781845,2.151822804656774,1853985.7,0.018679368637340057,0.013542542262071633,1
2023-11-23,107.11,108.9,106.85,108.52,2699952,106.51999999999998,106.12,104.21700000000001,1.0220981221873588,63.89073950699531,1.8728972908742918,1.7429691937466134,0.013542542262071633,0.012010821866646008,0.012416254270530397,-0.05282057506740878,1968540.1,0.01889052709178042,0.020180611868779952,1
2023-11-24,108.65,110.99,108.4,110.71,5505692,107.596,106.78900000000002,104.6815,1.0278415956974252,82.32005590496149,2.1344481860021176,1.8212649921977144,0.020180611868779952,0.012070855505620315,0.012609051822238301,1.039181437299626,2283205.4,0.0233944539788636,0.010477824948062597,1
2023-11-27,111.51,112.62,110.95,111.87,1663813,108.734,107.309,105.2275,1.0333230381791831,83.03152246814213,2.4075783951649328,1.9385276727911582,0.010477824948062597,0.010215050204850126,0.012487141444924037,-0.6978012936430152,2130093.7,0.014928041476714058,-0.0022347367480111124,0
2023-11-28,112.0,112.47,111.1,111.62,1056047,109.958,107.88,105.6825,1.040456083079034,81.61375661375655,2.5741894890085604,2.0656600360346387,-0.0022347367480111124,0.009683013543754183,0.012345355499825954,-0.3652850410472811,2066013.8,0.012273786059845946,0.0009854864719585077,1
2023-11-29,111.11,112.34,110.95,111.73,953727,110.89000000000001,108.476,106.10050000000001,1.0451411633309928,82.01581027667976,2.684164682316151,2.189360965290941,0.0009854864719585077,0.009533849453576451,0.01233016771170366,-0.09688962707152238,2010998.8,0.012440705271636987,0.005191085652913152,1
2023-11-30,111.99,115.4,111.5,112.31,2838100,111.648,109.08399999999999,106.56700000000001,1.0476789249955425,80.14545454545447,2.7860066180150795,2.308690095835769,0.005191085652913152,0.00952590123071496,0.01219615948538552,1.975799154265319,2001082.8,0.03472531386341381,0.005075238180037411,1
2023-12-01,112.51,113.5,112.25,112.88,1007777,112.08200000000002,109.83900000000001,106.9935,1.0475589638622909,76.60668380462715,2.879518030679307,2.4228556828044767,0.005075238180037411,0.008164903137555487,0.012018075630270875,-0.6449113843768719,2033172.8,0.011073706591070164,0.007973068745570577,1
2023-12-04,113.35,114.65,113.1,113.78,1059661,112.46400000000001,110.599,107.6095,1.0451121880503116,83.31922099915319,2.991761809482554,2.536636908140092,0.007973068745570577,0.008163520042919134,0.009435294415202763,0.05148361194986584,2053969.0,0.0136227808050625,-0.0030761117946914718,0
2023-12-05,114.0,114.2,112.7,113.43,1091872,112.826,111.39200000000001,108.17999999999999,1.0429469402847107,81.86356073211313,3.01768771242547,2.632847068997168,-0.0030761117946914718,0.007606689660436564,0.009641700958907868,0.03039745730002341,2072715.9,0.013224014810896587,0.002732963060918525,1
2023-12-06,112.03,114.65,112.03,113.74,791006,113.228,112.05900000000001,108.76400000000001,1.0410429921665256,81.6343723673125,3.028339770714936,2.7119456093407215,0.002732963060918525,0.007221624973145728,0.009592317788872146,-0.2755506139913836,1866764.7,0.0230349920872165,0.007473184455776494,1
2023-12-07,114.6,115.5,113.5,114.59,1350589,113.684,112.66600000000001,109.393,1.0392255445960894,89.17089678510999,3.069980673697117,2.783552622212001,0.007473184455776494,0.006765868207440103,0.009496449629737396,0.7074320548769542,1731828.4,0.017453529976437735,0.01658085347761573,1
2023-12-08,115.0,118.5,115.0,116.49,4249105,114.40599999999999,113.244,110.0165,1.039898560670445,90.05439005439004,3.2191867296096746,2.870679443691536,0.01658085347761573,0.005942338575292256,0.00928028339735533,2.1461125479327907,1606169.7,0.030045497467593787,0.03674135118894317,1
2023-12-11,116.5,121.74,116.1,120.77,3804972,115.804,114.13399999999999,110.72150000000002,1.0459034604841877,96.35701275045541,3.640824673933082,3.0247084897398455,0.03674135118894317,0.011643500009808863,0.010765647605602996,-0.10452389385529426,1820285.6,0.04670033948828352,-0.007203775772128718,0
2023-12-12,121.0,122.0,119.25,119.9,1339699,117.098,114.96199999999999,111.421,1.0509508979456295,90.67850348763483,3.8602752038282375,3.1918218325575243,-0.007203775772128718,0.01220898521039195,0.0107708383199604,-0.6479083157510752,1848650.8,0.02293577981651376,-0.031359466221851595,0
2023-12-13,119.9,120.5,115.8,116.14,1688346,117.578,115.40299999999999,111.9395,1.0503709593128432,71.07300884955755,3.688274619514445,3.2911123899489083,-0.031359466221851595,0.01728258145249267,0.013607005363381101,0.26024278587951466,1922112.7,0.04046840020664717,0.021611847769932968,1
2023-12-14,116.0,118.9,115.5,118.65,1070692,118.39000000000001,116.03699999999999,112.5605,1.0517899263062975,71.57608695652178,3.711712627593215,3.37523243747777,0.021611847769932968,0.018164560408239612,0.014116529936165106,-0.3658337805165529,1745371.9,0.02865571007163932,0.016266329540665758,1
2023-12-15,118.9,121.0,118.6,120.58,1164771,119.208,116.80700000000002,113.32300000000001,1.0519312054922654,72.71778821074597,3.8417371338932043,3.468533376760857,0.016266329540665758,0.018467097850739123,0.013897177191416867,0.08786747262518069,1761071.3,0.019903798308177192,-0.01957206833637415,0
2023-12-18,121.15,121.15,117.86,118.22,527324,118.69800000000001,117.251,113.925,1.0418959842001319,65.50751879699249,3.7115655974171915,3.5171398208921243,-0.01957206833637415,0.020237777565694733,0.015095015048027911,-0.5472723822966059,1707837.6,0.02782947047876845,-0.027068177973270213,0
2023-12-19,118.5,118.5,114.25,115.02,1106095,117.72200000000001,117.41,114.401,1.0290294665256423,56.75010258514566,3.312011651774526,3.476114187068605,-0.027068177973270213,0.022471323388472478,0.01658578008353401,1.0975624094484604,1709259.9,0.03695009563554165,-0.007737784733089947,0
2023-12-20,115.0,116.0,111.85,114.13,1436987,117.32000000000001,117.449,114.75399999999999,1.0223608763093226,53.687196110210685,2.890229937646808,3.358937337184246,-0.007737784733089947,0.02265689871532945,0.01660892157976397,0.29915332769789216,1773858.0,0.036362043283974466,-0.00849907999649524,0
2023-12-21,114.6,114.65,112.3,113.16,555717,116.22200000000001,117.30600000000001,114.98599999999999,1.0107491346772652,50.55821371610845,2.449458168029409,3.177041503353279,-0.00849907999649524,0.022679412170224136,0.016626809686215396,-0.6132762509333766,1694370.8,0.020767055496641998,-0.006981265464828468,0
2023-12-22,113.23,114.0,112.0,112.37,397211,114.58,116.894,115.069,0.9957503758614397,47.176611934321194,2.013190164277546,2.9442712355381326,-0.006981265464828468,0.02185620319986137,0.016186630476510252,-0.2852279127685494,1309181.4,0.01779834475393788,-0.0228708730088103,0
2023-12-26,112.99,112.99,109.0,109.8,2907638,112.896,115.797,114.96549999999999,0.9819989475103401,43.324751746965774,1.443428165163951,2.6441026214632966,-0.0228708730088103,0.01736544214803138,0.016848813178314274,6.320134638768816,1219448.0,0.0363387978142076,0.007377049180327999,1
2023-12-27,109.0,111.1,108.5,110.61,3281503,112.01399999999998,114.86800000000001,114.915,0.9747552538833049,44.34814012278802,1.0451994973095537,2.3243219966325483,0.007377049180327999,0.0181588827521101,0.01694251421149188,0.12858031157936445,1413628.4,0.023506012114636963,0.007323026851098424,1
2023-12-28,111.0,113.4,110.61,111.42,2564222,111.47200000000001,114.39599999999999,114.89950000000002,0.9701695829833897,44.26763110307414,0.7859012589927374,2.0166378491045864,0.007323026851098424,0.01666059042261245,0.017027230596651236,-0.21858307001395394,1501216.0,0.025040387722132528,0.015885837372105582,1
2023-12-29,111.7,113.9,111.7,113.19,2292219,111.478,113.85,114.94350000000001,0.9698504047640796,44.004360465116285,0.7149878100665461,1.7563078412969786,0.015885837372105582,0.015755794702033223,0.017363486799326415,-0.10607622896925462,1623368.7,0.019436345966958236,0.02464882056718798,1
2024-01-01,113.48,116.25,113.48,115.98,1015897,112.2,113.39000000000001,115.09850000000002,0.9748172217709179,40.799077986938165,0.8738449334427116,1.5798152597261255,0.02464882056718798,0.017149870690985145,0.018166023295752638,-0.5568063086467742,1608481.3,0.023883428177271907,0.002931539920675963,1
2024-01-02,117.0,117.0,115.01,116.32,1493329,113.50399999999999,113.2,115.22549999999998,0.9850597307019714,42.98039215686272,1.0154698029432012,1.4669461683695406,0.002931539920675963,0.016298267764981847,0.01810653468416321,0.4699610295138188,1705081.8,0.01710797799174686,0.025103163686382324,1
2024-01-03,116.9,120.0,116.17,119.24,1731439,115.22999999999999,113.622,115.516,0.997524152498355,56.28548256285481,1.347791626022584,1.4431152599001493,0.025103163686382324,0.015536403908309017,0.018833151820412408,0.1594491234014741,1767616.2,0.032120093928211996,0.008805769875880776,1
2024-01-04,120.9,122.25,120.0,120.29,1555011,117.00399999999999,114.23800000000001,115.84349999999999,1.0100178257735652,53.5344827586207,1.6765589617568963,1.4898040002714987,0.008805769875880776,0.015054341045943706,0.018883122979592364,-0.10189674600144738,1779418.6,0.018704796741208743,-0.014963837392967139,0
2024-01-05,120.3,121.1,117.5,118.49,983207,118.064,114.77099999999999,116.0385,1.0174554135050005,45.47030775899436,1.7714443790785595,1.546132076032911,-0.014963837392967139,0.015834785652322284,0.019264329557373467,-0.3677170129343137,1822167.6,0.030382310743522614,0.001856696767659649,1
2024-01-08,119.15,120.85,118.0,118.71,1460218,118.60999999999999,115.405,116.14949999999999,1.0211839052255929,51.1705685618729,1.8431472629735595,1.6055351134210407,0.001856696767659649,0.015347917581760837,0.01895057809594707,0.48515826270561546,1928468.3,0.024008086934546327,0.0010108668182966518,1
2024-01-09,119.6,120.47,118.05,118.83,656869,119.11200000000001,116.30800000000002,116.05249999999998,1.0263630684388534,60.67226890756302,1.8878928584699395,1.6620066624308205,0.0010108668182966518,0.011893035866632849,0.016998896044604583,-0.5501568943815238,1703391.4,0.02036522763611884,-0.004544306993183422,0
2024-01-10,118.7,119.4,117.99,118.29,830443,118.922,117.076,115.97199999999998,1.0254371744903943,61.8857142857143,1.858358577352064,1.7012770454150692,-0.004544306993183422,0.012541965946102488,0.01695545660879918,0.26424446883625197,1458285.4,0.011919857976160375,0.0030433679939132485,1
2024-01-11,118.3,119.22,117.55,118.65,524471,118.59400000000001,117.799,116.0975,1.021503477680398,66.25222024866787,1.8427592565063975,1.729573487633335,0.0030433679939132485,0.012595257703138045,0.015331431551562332,-0.368444312252617,1254310.3,0.01407501053518754,-0.005394016013484992,0
2024-01-12,118.99,119.5,117.9,118.01,1048863,118.498,118.28099999999999,116.0655,1.0209579935467474,66.8458781362007,1.75848332984377,1.735355456075422,-0.005394016013484992,0.012607995543757864,0.014609598918610299,0.9998493720339161,1129974.7,0.013558173036183325,0.000677908651809167,1
2024-01-15,118.99,119.55,117.91,118.09,1444701,118.374,118.492,115.94099999999999,1.0209848112401998,79.08771929824562,1.678797252488792,1.7240438153580961,0.000677908651809167,0.010380709584535734,0.01409332827382246,0.3773972387242186,1172855.1,0.013887712761453133,-0.002201710559742609,0
2024-01-16,118.96,118.96,116.95,117.83,629325,118.174,118.643,115.92150000000001,1.0194312530462424,76.35036496350361,1.5764928072393047,1.6945336137343379,-0.002201710559742609,0.010448134677061453,0.013403570470112187,-0.5643908324283018,1086454.7,0.017058474072816694,-0.006365102265976419,0
2024-01-17,117.0,118.0,116.95,117.08,698466,117.93199999999999,118.42699999999999,116.02450000000002,1.0164404931717006,70.74780058651024,1.4185449620183022,1.639335883391131,-0.006365102265976419,0.006481501600400454,0.011927769493870059,0.10986533190322967,983157.4,0.008968226853433526,-0.0027331738981891673,0
2024-01-18,117.58,117.58,115.9,116.76,474281,117.554,118.07400000000003,116.15599999999999,1.0120355384138573,64.6431501230517,1.2531038301554958,1.5620894727440038,-0.0027331738981891673,0.005301895773305255,0.011787470583226815,-0.32096766342241423,875084.4,0.01438848920863303,0.00847893114080156,1
2024-01-19,117.0,118.05,117.0,117.75,409948,117.502,118.0,116.38550000000001,1.0095931194177967,58.51780558229065,1.188178683195659,1.4873073148343348,0.00847893114080156,0.0045320337969530985,0.011662479015031677,-0.13564321573075877,817758.5,0.008917197452229275,0.010021231422505439,1
2024-01-22,118.09,119.1,117.77,118.93,317007,117.67,118.022,116.7135,1.008195281608383,61.62065894924314,1.2179019591308986,1.4334262436936478,0.010021231422505439,0.005629699830231994,0.011588621114980463,-0.22671411983958945,703437.4,0.011183048852266024,0.0031951568149330978,1
2024-01-23,119.15,119.84,118.0,119.31,2605017,117.96599999999998,118.06999999999998,117.18900000000001,1.006630315131966,50.4027617951669,1.2576235917396446,1.3982657133028473,0.0031951568149330978,0.00570653282010581,0.009876517278576342,7.217537783077345,898252.2,0.015422009890202024,-0.013494258653926727,0
2024-01-24,119.31,120.04,117.5,117.7,1769486,118.09,118.011,117.5435,1.0046493425838094,35.999999999999986,1.1459795877523078,1.3478084881927395,-0.013494258653926727,0.007102377306307996,0.010600166307993186,-0.3207391736790969,992156.5,0.021580288870008547,0.0029736618521665203,1
2024-01-25,118.0,118.9,117.8,118.05,2291175,118.348,117.95100000000002,117.875,1.0040127253446447,47.1794871794872,1.073369845736579,1.2929207597015075,0.0029736618521665203,0.007098571357862335,0.010554875242333889,0.29482516391765734,1168826.9,0.009318085556967459,-0.024481152054214306,0
2024-01-26,118.88,119.09,114.76,115.16,2000174,117.83,117.66600000000001,117.97349999999999,0.9987836251361536,33.04680038204393,0.7737084256873601,1.1890782928986783,-0.024481152054214306,0.010375319944220586,0.011743091628145413,-0.12700950385719123,1263958.0,0.037599861062869035,-0.010420284821118453,0
2024-01-29,115.5,115.55,113.66,113.96,1410951,116.83599999999998,117.253,117.87249999999999,0.9912066003520753,28.917748917748867,0.43438727407401245,1.0381400891337451,-0.010420284821118453,0.0106014596480336,0.010574924334798657,-0.2945858710292204,1260583.0,0.01658476658476659,-0.009828009828009798,0
2024-01-30,114.0,114.7,112.04,112.84,2273164,115.542,116.75399999999999,117.69850000000001,0.9816777613988283,27.535037098103828,0.07424235729347117,0.8453605427656904,-0.009828009828009798,0.010770432276900397,0.010720257102303487,0.611086423270546,1424966.9,0.0235732009925558,0.005583126550868345,1
2024-01-31,112.5,114.25,112.5,113.47,2834118,114.696,116.393,117.41,0.9768844221105528,29.11290322580639,-0.15851212003936155,0.6445860102046801,0.005583126550868345,0.011167045875963278,0.008910051538894036,0.24677234022710204,1638532.1,0.015422578655151141,0.004142063981669164,1
2024-02-01,113.7,114.5,113.25,113.94,986980,113.874,116.11100000000002,117.0925,0.9725131840211798,33.36058871627141,-0.3015703331059285,0.45535474154255834,0.004142063981669164,0.011399348464954722,0.008657730952361177,-0.6517505622560529,1689802.0,0.010970686326136563,-0.0007021239248726774,0
2024-02-02,114.0,114.25,113.02,113.86,596889,113.614,115.72200000000001,116.86100000000002,0.9722148535439538,32.70645952575629,-0.4165980460999066,0.28096418401406537,-0.0007021239248726774,0.010780238011745555,0.008165379974237543,-0.3952369855518856,1708496.1,0.010802740207272123,-0.005357456525557747,0
2024-02-06,113.12,114.8,113.08,113.25,3839057,113.47200000000001,115.154,116.58800000000001,0.97327340721172,31.796502384737636,-0.5506328862393417,0.11464476996338396,-0.005357456525557747,0.009712630567185262,0.008147269881274908,5.431777097584308,2060701.1,0.015187637969094912,0.0023841059602649484,1
2024-02-07,113.7,113.85,113.27,113.52,670013,113.60799999999999,114.575,116.32250000000002,0.9766640159900275,35.28925619834706,-0.6278324574455922,-0.03385067551841127,0.0023841059602649484,0.009641211621589874,0.00818252671553762,-0.8254745892025047,1867200.7,0.0051092318534178855,-0.008104298801973275,0
2024-02-09,112.42,113.6,110.0,112.6,1663532,113.434,114.06500000000001,116.03800000000001,0.9775590754752752,33.62204724409442,-0.7545519795308735,-0.17799093632090374,-0.008104298801973275,0.009251388409122138,0.008273256126379684,1.4828354076711943,1856605.3,0.03197158081705146,-0.001332149200710453,0
2024-02-12,112.25,113.2,111.53,112.45,904332,113.136,113.505,115.728,0.9776026545002074,27.655986509274825,-0.8572005853865079,-0.3138328661340246,-0.001332149200710453,0.008966876145321072,0.00817823393258914,-0.45637835641274105,1717921.0,0.014851044908848391,0.007114273010226713,1
2024-02-13,112.0,113.4,111.15,113.25,311896,113.01399999999998,113.31400000000001,115.48999999999998,0.9785609143648801,25.261324041811733,-0.8640369508245556,-0.4238736830721308,0.007114273010226713,0.006490617328822592,0.00843152647794363,-0.655108964406877,1549093.2,0.019867549668874173,-0.0036203090507725966,0
2024-02-14,113.45,114.0,112.0,112.84,424317,112.93199999999999,113.202,115.2275,0.9800785402790131,21.89400521285829,-0.8922530553606407,-0.5175495575298328,-0.0036203090507725966,0.005788124810924472,0.008413834181044919,0.3604438659040192,1450429.8,0.017724211272598368,-0.013470400567174856,0
2024-02-15,112.99,113.0,110.85,111.32,828170,112.492,113.05,114.902,0.9790256044281214,22.066549912434212,-1.0254451252352226,-0.6191286710709107,-0.013470400567174856,0.006480529286033987,0.008780630457654913,0.9517719063813139,1305930.4,0.019313690262306914,-0.018595041322314043,0
2024-02-16,111.35,111.89,108.52,109.25,1358006,111.822,112.628,114.51050000000001,0.9765218036773919,16.51445966514453,-1.2832401073280266,-0.7519509583223339,-0.018595041322314043,0.007954745832788334,0.00944280562892809,0.6397671975560573,1158319.2,0.030846681922196837,-0.0017391304347825765,0
2024-02-19,108.5,109.75,108.0,109.06,309586,111.144,112.14000000000001,114.12550000000002,0.9738752513680115,20.785440613026765,-1.4857491091690633,-0.8987105884916798,-0.0017391304347825765,0.007511127209310969,0.009449182291292156,-0.7720289895626382,1090579.8,0.016046213093709884,0.0006418485237482674,1
2024-02-20,109.0,110.49,108.25,109.13,798244,110.31999999999998,111.667,113.69450000000002,0.9703195845005692,24.060150375939756,-1.621894348683611,-1.0433473405300662,0.0006418485237482674,0.007595052409604686,0.009087865182756527,1.5784240889445904,1110715.3,0.020525978191148125,0.00137450746815726,1
2024-02-21,110.0,110.38,108.7,109.28,602733,109.60799999999999,111.27000000000001,113.21199999999999,0.9681659188071936,28.6570743405275,-1.6981119084322387,-1.1743002541105008,0.00137450746815726,0.007777979274855353,0.008590064533644406,-0.24492636336759188,787082.9,0.015373352855051177,0.006680087847730665,1
2024-02-22,109.8,110.51,108.91,110.01,1458865,109.346,110.91900000000001,112.747,0.9698351175641038,29.502369668246445,-1.6802411998771163,-1.2754884432638238,0.006680087847730665,0.008245782670654338,0.008780911258508809,1.4204166687405535,865968.1,0.014544132351604476,0.029270066357603763,1
2024-02-23,110.0,114.48,110.0,113.23,1496539,110.14200000000001,110.982,112.52350000000001,0.9788355321332877,46.82752457551388,-1.3902257877626596,-1.298435912163591,0.029270066357603763,0.01289017102409034,0.011218813543998445,0.025824185239895492,849268.8,0.03956548617857462,-0.003002737790338328,0
2024-02-26,113.9,114.0,112.5,112.89,360446,110.90799999999999,111.026,112.2655,0.9879081284989599,45.764192139738,-1.1742852137383863,-1.2736057724785501,-0.003002737790338328,0.012929226947723733,0.011162338398479538,-0.7591469383691304,794880.2,0.013287270794578794,0.0004429090264859159,1
2024-02-27,113.0,113.5,112.8,112.94,221420,111.67,110.995,112.15450000000001,0.9956800663370617,48.57667584940311,-0.9877302316539556,-1.2164306643136313,0.0004429090264859159,0.012718426499432568,0.009855520965443523,-0.38570548709099284,785832.6,0.006197981228971161,0.03851602620860639,1
2024-02-28,113.58,118.0,112.76,117.29,2079428,113.272,111.44000000000001,112.321,1.0084668049607821,62.591850367401506,-0.48330418891939075,-1.0698053692347833,0.03851602620860639,0.017529859687070787,0.012960224958368275,8.391328696594707,951343.7,0.044675590416915295,0.017392787108875263,1
2024-02-29,118.0,121.55,117.3,119.33,3414841,115.136,112.24100000000001,112.6455,1.0221091832341282,70.91361093847112,0.08014418289738501,-0.8398154588083497,0.017392787108875263,0.016812141229720134,0.013133941236830402,0.6422020863429752,1210010.8,0.035615519986591807,0.006787899103327,1
2024-03-01,119.4,120.5,118.3,120.14,637892,116.51799999999999,113.33000000000001,112.979,1.0313244054204762,72.955223880597,0.5852943980484469,-0.5547934874369904,0.006787899103327,0.014217987597753666,0.0131497405558737,-0.8132000875004136,1137999.4,0.018311969369069443,-0.006492425503579202,0
2024-03-04,120.6,120.95,119.0,119.36,388961,117.81199999999998,114.36000000000001,113.25,1.0402825607064017,68.26060968320382,0.9121751147844606,-0.26139976699270023,-0.006492425503579202,0.014711438219751443,0.01331262422912891,-0.39024004063383766,1145936.9,0.01633713136729225,-0.005026809651474506,0
2024-03-05,120.0,120.0,118.0,118.76,409390,118.976,115.32300000000001,113.49499999999998,1.048292876338165,67.49408983451536,1.1100198345658612,0.012884153319012048,-0.005026809651474506,0.015177993794277728,0.013400655895514372,0.05252197521088231,1107051.5,0.01684068710003368,-0.0030313236780060704,0
2024-03-06,119.0,119.0,118.0,118.4,118534,119.19800000000001,116.23500000000001,113.75249999999998,1.0478714753521903,72.4619289340102,1.223658634000671,0.25503904945534384,-0.0030313236780060704,0.015471951107346067,0.013341637903286912,-0.710461906739295,1058631.6,0.008445945945945945,-0.004222972972973027,0
2024-03-07,117.86,118.44,117.4,117.9,470451,118.91199999999999,117.024,113.97149999999999,1.043348556437355,80.47921071176887,1.2588610137971727,0.4558034423237096,-0.004222972972973027,0.015963684937856708,0.013421254987129313,2.968911873386539,959790.2,0.00882103477523318,-0.006530958439355472,0
2024-03-08,117.52,118.25,117.0,117.13,287027,118.30999999999999,117.41400000000002,114.19800000000001,1.0360076358605228,77.31888964116447,1.2106707300047077,0.6067768998599092,-0.006530958439355472,0.014364493951788381,0.013363528311370294,-0.38988970158422454,838839.0,0.010671903013745411,0.007256894049346929,1
2024-03-11,117.5,118.35,117.5,117.98,453500,118.03399999999999,117.923,114.4745,1.0310942611673342,78.45659163987136,1.226924260024802,0.7308063718928879,0.007256894049346929,0.014215385813252032,0.013386843510588841,0.5799907325791651,848144.4,0.007204610951008597,-0.005085607730123787,0
2024-03-12,117.86,118.3,117.25,117.38,124947,117.758,118.367,114.68100000000001,1.0268309484570242,75.31249999999994,1.1778132164790236,0.8202077408101152,-0.005085607730123787,0.014495838236621992,0.013442746455476119,-0.7244829106945976,838497.1,0.008945305844266461,-0.0010223206679160768,0
2024-03-13,117.38,118.5,116.95,117.26,222341,117.53000000000002,118.36399999999999,114.902,1.02287166454892,73.55425601039633,1.1163408807496609,0.8794343687980244,-0.0010223206679160768,0.007925008639439204,0.013399308721870744,0.7794825005802459,652788.4,0.0132184888282449,0.009039740747057712,1
2024-03-14,118.4,118.85,117.5,118.32,267056,117.61399999999999,118.263,115.252,1.0204942213584145,69.23658352229776,1.1400153655115588,0.9315505681407312,0.009039740747057712,0.006123945928859065,0.01296930542271587,0.201110006701418,338009.9,0.011409736308316383,-0.00498647734956037,0
2024-03-15,117.5,118.45,116.9,117.73,991183,117.734,118.022,115.676,1.0177910716138179,67.9525222551929,1.0985065958462599,0.964941773681837,-0.00498647734956037,0.005605940120244459,0.012097024844022882,2.7115174345455633,373339.0,0.013165718168691049,0.020300688014949442,1
2024-03-18,117.8,120.56,117.55,120.12,855092,118.16199999999999,118.098,116.229,1.0166309612919322,72.69279393173201,1.24412215698203,1.0207778503418756,0.020300688014949442,0.008747944308927318,0.012559642557868634,-0.13730158810229798,419952.1,0.0250582750582751,0.013819513819513851,1
2024-03-19,120.1,122.74,120.1,121.78,2268635,119.042,118.4,116.8615,1.0186588397376382,67.0982482863671,1.4764520449717935,1.1119126892678592,0.013819513819513851,0.009390958591207182,0.012668845755832176,1.6530887904459401,605876.6,0.021678436524880936,0.018229594350468004,1
2024-03-20,122.1,124.28,122.1,124.0,3207061,120.39000000000001,118.96,117.59750000000001,1.0237462531091222,67.54320060105186,1.8187452387532659,1.2532791991649406,0.018229594350468004,0.010344341945204635,0.01293265532727787,0.41365226226343155,914729.3,0.01758064516129038,-0.0191129032258065,0
2024-03-21,120.98,123.5,120.55,121.63,1112002,121.05199999999999,119.33300000000001,118.17849999999999,1.0243149134571856,55.0100874243443,1.8771373964025315,1.3780508386124588,-0.0191129032258065,0.012595022516861799,0.014135149782881015,-0.6532644686209585,978884.4,0.024253884732385128,-0.004028611362328349,0
2024-03-22,122.0,122.0,120.5,121.14,226320,121.734,119.734,118.574,1.026650024457301,56.10425240054871,1.8624060396160331,1.4749218788131737,-0.004028611362328349,0.012403818350801763,0.013062097568294538,-0.7964751861957082,972813.7,0.012382367508667657,0.007181773155027216,1
2024-03-25,121.0,122.5,120.55,122.01,1866971,122.112,120.13699999999999,119.03,1.025892632109552,60.94276094276095,1.8990420872663094,1.559745920503801,0.007181773155027216,0.012401273083732907,0.012995149239977145,7.24925326970661,1114160.8,0.015982296533071084,0.04311122039177118,1
2024-03-26,122.0,127.75,122.0,127.27,3355357,123.21,121.126,119.7465,1.0289236011073393,72.45569620253164,2.3257051777357134,1.7129377719501835,0.04311122039177118,0.017170948607684672,0.015622272763612357,0.7972196675791965,1437201.8,0.04517953956156204,0.01084308949477486,1
2024-03-27,128.0,129.7,127.75,128.65,4035570,124.14000000000001,122.26500000000001,120.3145,1.0317958350822223,76.05428986912264,2.7435670841976645,1.9190636343996799,0.01084308949477486,0.016866028366908075,0.013708864197578295,0.2027244790941769,1818524.7,0.015157403808783432,-0.001010493587252248,0
2024-03-28,129.0,130.45,128.0,128.52,14651169,125.518,123.285,120.774,1.0392799774785964,78.48924462231122,3.0293156766200298,2.14111404284375,-0.001010493587252248,0.01718886375868347,0.013428314784797885,2.6305079579836304,3256936.0,0.01906318082788662,-0.017662620603797197,0
2024-03-29,128.55,128.6,126.0,126.25,688287,126.54,124.13700000000001,121.07950000000001,1.0450984683616962,69.3134049509575,3.037588041889734,2.320408842652947,-0.017662620603797197,0.01869042539918809,0.014231074169026118,-0.9530217008622316,3226646.4,0.02059405940594055,-0.004514851485148408,0
2024-04-01,126.25,126.5,124.9,125.68,578543,127.274,124.69300000000001,121.3955,1.0484243649888176,69.41066417212353,2.9639827663387734,2.4491236273901125,-0.004514851485148408,0.018398022278094815,0.014171477235734215,-0.15944511519177318,3198991.5,0.012730744748567745,0.009388924252068609,1
2024-04-02,125.99,127.4,124.9,126.86,1102039,127.19200000000001,125.201,121.80049999999999,1.0442650071223027,71.39037433155082,2.9666682881567965,2.5526325595434494,0.009388924252068609,0.01820596551359193,0.014125538065582177,0.904852361881485,3082331.9,0.01970676336118556,-7.882705344475216e-05,0
2024-04-03,127.0,127.55,126.4,126.85,1134308,126.83200000000002,125.48600000000002,122.223,1.0377097600288,69.9392239364189,2.9341664230494757,2.628939332244655,-7.882705344475216e-05,0.017551923910680705,0.014070127502040097,0.029281177889348697,2875056.6,0.009065825778478451,-0.0029956641702798548,0
2024-04-04,127.01,128.0,126.13,126.47,694820,126.422,125.96999999999998,122.65150000000001,1.0307415726672726,70.63267233238903,2.844950814511833,2.6721416286980904,-0.0029956641702798548,0.016029783971558124,0.01403709938591033,-0.38745032213472885,2833338.4,0.014786115284257172,0.04894441369494751,1
2024-04-08,126.5,134.7,126.5,132.66,3250425,127.704,127.122,123.428,1.0346436789059208,75.10008006405124,3.236420627600438,2.78499742847856,0.04894441369494751,0.02104237750493683,0.01707965609405676,3.6780820932039955,3135748.9,0.06181215136439008,0.07500376903361983,1
2024-04-09,132.02,142.61,132.02,142.61,3786880,131.08999999999997,129.18200000000002,124.65950000000001,1.051584516222189,81.30447850916742,4.299977653494921,3.0879934734818324,0.07500376903361983,0.029504695640957146,0.02296614302949024,0.16504149457378658,3327739.8,0.07425846714816635,0.0063109178879459105,1
2024-04-15,144.38,145.9,140.3,143.51,4881164,134.42000000000002,130.80599999999998,125.96599999999998,1.0671133480462984,80.5320813771518,5.156041105081812,3.5016029998018285,0.0063109178879459105,0.02801933976144804,0.02271824393755879,0.28896717086361323,3480320.5,0.039021670963695874,-0.022855550135879033,0
2024-04-16,144.2,147.0,139.9,140.23,3382388,137.096,131.964,127.11449999999999,1.0785236932057318,78.30188679245283,5.506335363674594,3.902549472576382,-0.022855550135879033,0.03017405380798677,0.023792055114835255,-0.30705298981964135,3415002.3,0.05063110604007698,-0.01048277829280464,0
2024-04-17,140.0,141.5,138.5,138.76,898888,139.554,132.988,128.1365,1.0891041974769093,76.03427895981086,5.600767214553031,4.242193020971712,-0.01048277829280464,0.030669677488467714,0.02419799522403453,-0.7342445633085264,2039774.2,0.021620063418852697,0.0033871432689536185,1
2024-04-18,139.38,140.0,136.4,139.23,1564517,140.868,134.286,129.2115,1.0902125584797018,75.74760765550238,5.6484187533944805,4.523438167456265,0.0033871432689536185,0.02940069565269723,0.024028398125854746,0.7405027100150408,2127397.2,0.0258564964447317,0.01414924944336704,1
2024-04-19,139.23,141.75,138.6,141.2,1457153,140.58599999999998,135.838,130.2655,1.0792266563288053,73.10116086235489,5.778534132789986,4.77445736052301,0.01414924944336704,0.028950996389263482,0.02391102438812338,-0.06862437416787415,2215258.2,0.02230878186968843,0.009277620396600517,1
2024-04-22,141.7,144.0,140.79,142.51,2153745,140.386,137.403,131.302,1.0691840185221855,73.03856382978722,5.919125565276033,5.003391001473615,0.009277620396600517,0.028952166104022018,0.023878203046524455,0.4780500057303523,2320428.8,0.022524735106308386,-0.003017332117044247,0
2024-04-23,143.1,143.49,141.07,142.08,903225,140.756,138.926,132.206,1.0646718000695885,72.31731402238319,5.9275191312947015,5.188216627437832,-0.003017332117044247,0.029103642525473688,0.023878997604811224,-0.5806258401064193,2297320.5,0.017032657657657768,0.0007742117117115477,1
2024-04-24,142.49,144.9,141.45,142.19,3602518,141.44199999999998,140.498,133.234,1.0616058963928123,78.24238128986539,5.875320140211983,5.325637329992663,0.0007742117117115477,0.028914899986680512,0.023132762866968103,2.9885056325943147,2588090.3,0.02426330965609408,0.0022505098811449464,1
2024-04-25,142.45,143.0,141.75,142.51,935937,142.098,141.483,134.30249999999998,1.0580443402021558,80.08580622095106,5.792995345030789,5.419108933000288,0.0022505098811449464,0.02592875729020034,0.02300192656558714,-0.7401992162148808,2356641.5,0.008771314293733774,0.03305031225878885,1
2024-04-26,142.04,151.5,141.85,147.22,3468073,143.302,141.944,135.56300000000002,1.057087848454224,82.31746031746036,6.0382053163842215,5.542928209677076,0.03305031225878885,0.014791354593481399,0.023648040330038665,2.705455602246732,2324760.8,0.06554815921749767,-0.016981388398315422,0
2024-04-29,147.7,150.4,142.8,144.72,4646319,143.744,142.065,136.4355,1.053567436627564,76.28714327743458,5.962079734779223,5.626758514697506,-0.016981388398315422,0.016042818295076602,0.02298699356128191,0.3397408301382352,2301276.3,0.052515201768933074,0.006357103372028661,1
2024-04-30,145.0,147.75,144.8,145.64,2832211,144.456,142.606,137.285,1.0522344028845103,77.75847089487405,5.907883569877555,5.682983525733516,0.006357103372028661,0.013716328496188963,0.02296620328479918,-0.39043982989545056,2246258.6,0.020255424333974106,-0.015655039824223893,0
2024-05-02,145.64,145.75,142.75,143.36,3072687,144.69,143.066,138.027,1.0482731639461844,67.47224036577407,5.616215536750872,5.669629927936988,-0.015655039824223893,0.014398516868595359,0.023445531037861345,0.08490751571828503,2463638.5,0.020926339285714284,0.01890345982142838,1
2024-05-03,144.0,146.75,143.5,146.07,2823345,145.402,143.75,139.018,1.0459221108057948,57.39948674080411,5.539880575905158,5.643680057530623,0.01890345982142838,0.015214766243211648,0.022945534756261033,-0.0811478682989839,2589521.3,0.02224960635311837,0.02676798795098234,1
2024-05-06,147.0,151.3,147.0,149.98,3430657,145.954,144.628,140.233,1.0407963888670997,62.25843122394851,5.728850272383255,5.66071410050115,0.02676798795098234,0.016532340979063392,0.02314441732282792,0.21510371562809372,2786871.7,0.028670489398586557,-0.0035338045072675905,0
2024-05-07,150.0,151.0,149.05,149.45,1106218,146.9,145.322,141.3625,1.0391723406136706,69.50084602368875,5.769338208115272,5.682438922023975,-0.0035338045072675905,0.016759833806053094,0.023316406696996608,-0.677549227451185,2682119.0,0.013047842087654658,0.010705921712947708,1
2024-05-08,149.1,152.4,148.01,151.05,9933330,147.982,146.219,142.5725,1.0379420996335198,75.85191417753484,5.8629474089524365,5.7185406194096675,0.010705921712947708,0.016601373998482688,0.023232636770732593,7.9795411031098755,3585129.5,0.029063224097980896,-0.05686858656074145,0
2024-05-09,145.7,145.7,141.6,142.46,3508992,147.802,146.246,143.37199999999999,1.0308986412967664,55.064283474443435,5.1842315701900645,5.611678809565747,-0.05686858656074145,0.026042185197813775,0.02744080530045396,-0.6467456532703535,3575776.9,0.028780008423417058,0.0043520988347607314,1
2024-05-10,142.5,143.89,142.5,143.08,542503,147.204,146.303,143.893,1.0230101533778573,53.077930582842214,4.642853274063555,5.4179137024653095,0.0043520988347607314,0.026066353116600983,0.025541462081002296,-0.845396341741446,3536433.5,0.009714844842046311,-0.008037461559966541,0
2024-05-13,144.5,144.5,141.01,141.93,1356545,145.594,145.774,143.85899999999998,1.0120604202726282,49.045424621461514,4.074048588789907,5.1491406797302295,-0.008037461559966541,0.02351566558333157,0.0194249914375121,1.5005299509864463,3325280.7,0.024589586415838856,0.0034524061156906427,1
2024-05-14,142.0,145.9,142.0,142.42,2246006,144.188,145.544,143.80450000000002,1.0026668150162197,50.55847568988169,3.621064307293011,4.8435254052427865,0.0034524061156906427,0.023088198180935784,0.019386146719807606,0.6556811605954833,3085249.4,0.02738379441089739,0.003932032017974985,1
2024-05-15,143.13,144.06,141.02,142.98,1586598,142.574,145.27800000000002,143.942,0.9904961720693057,51.27873098089995,3.2695687670057794,4.528734077595385,0.003932032017974985,0.02301079278300991,0.01864990829475267,-0.29359137954217396,2960688.1,0.021261714925164304,0.002028255700098125,1
2024-05-16,143.01,143.98,142.0,143.27,997743,142.736,145.269,144.1675,0.9900705776267189,51.2313674659754,2.980054383396066,4.218998138755522,0.002028255700098125,0.022483950363133068,0.018448301403956747,-0.3711431629183952,2753193.7,0.013820060026523275,0.008375793955468724,1
2024-05-17,143.05,144.8,143.0,144.47,1136130,143.01399999999998,145.109,144.4295,0.9901993706271918,44.9725776965265,2.8149926368824936,3.9381970383809164,0.008375793955468724,0.021743623435312158,0.018505029514775197,0.13870004600383057,2584472.2,0.012459334117810006,-0.0013843704575343674,0
2024-05-20,144.5,145.4,143.01,144.27,633851,143.482,144.538,144.583,0.9923849968530187,49.10179640718565,2.637636651586888,3.678084961022111,-0.0013843704575343674,0.019469381363623525,0.01829367363892965,-0.44209641502292873,2304791.6,0.016566160670964267,-0.010189228529839833,0
2024-05-21,144.5,144.99,142.2,142.8,652521,143.55800000000002,143.873,144.5975,0.9928110790297207,44.453125000000036,2.351359037448333,3.4127397763073555,-0.010189228529839833,0.019576612914331402,0.01836112822253092,0.02945487188629503,2259421.9,0.019537815126050562,0.00819327731092434,1
2024-05-22,142.1,144.65,142.1,143.97,1271233,143.756,143.16500000000002,144.69199999999998,0.993531086722141,51.245406288280904,2.193604678365972,3.168912756719079,0.00819327731092434,0.01937681530301309,0.018426680802152137,0.9481871081543736,1393212.2,0.017712023338195538,0.00847398763631313,1
2024-05-23,144.0,147.3,143.8,145.19,1195328,144.14000000000001,143.43800000000002,144.84199999999998,0.9951533395009737,48.08695652173914,2.142331551696145,2.963596515714493,0.00847398763631313,0.0066081828274796,0.018505836716792196,-0.05970974636435644,1161845.8,0.024106343412080723,0.016254562986431687,1
2024-05-24,145.7,147.9,145.5,147.55,1991344,144.756,143.88500000000002,145.094,0.9976704756916206,44.33566433566439,2.266008372092216,2.8240788869900375,0.016254562986431687,0.008016774687137388,0.018809731283175587,0.6659393906944371,1306729.9,0.01626567265333789,-0.022839715350728595,0
2024-05-27,148.0,148.0,144.0,144.18,1245160,144.738,144.10999999999999,144.94199999999998,0.9985925404644618,39.15191436805274,2.068250799786057,2.6729132695492415,-0.022839715350728595,0.011083656828698331,0.018077236997153013,-0.37471376115829313,1295591.4,0.02774309890414759,-0.01789429879317528,0
2024-05-29,144.31,145.11,141.0,141.6,1218053,144.498,144.028,144.786,0.9980108574033401,31.301939058171726,1.683930755389099,2.475116766717213,-0.01789429879317528,0.012639985647075415,0.018121120235188616,-0.021769893025795906,1192796.1,0.029025423728813657,-0.016313559322033933,0
2024-05-30,142.0,142.45,138.9,139.29,1080693,143.56199999999998,143.65900000000002,144.4685,0.9937252757521534,41.65350184307526,1.1793617091477415,2.215965755203319,-0.016313559322033933,0.013446020612184589,0.018348908343744297,-0.1127701339761078,1142205.6,0.0254863952904012,0.017948165697465823,1
2024-05-31,141.5,142.25,139.75,141.79,450893,142.882,143.511,144.39000000000001,0.9895560634392963,46.909439386679395,0.9700342602788794,1.9667794562184313,0.017948165697465823,0.01490852654443277,0.01857596842353864,-0.5827742013689364,1087520.6,0.01763170886522322,-0.014528528104943983,0
2024-06-03,142.0,142.44,139.55,139.73,656697,141.31799999999998,143.03699999999998,144.073,0.9808777494742247,44.94949494949491,0.6306462674582178,1.6995528184663888,-0.014528528104943983,0.015077184803006153,0.01825040054816237,0.45643644944587747,1039577.3,0.020682745294496433,-0.013597652615758848,0
2024-06-04,139.73,140.0,137.55,137.83,664562,140.048,142.39299999999997,143.46550000000002,0.9761789419755968,40.10349288486422,0.2059901902630088,1.4008402928257129,-0.013597652615758848,0.01540241153379118,0.01709023080910954,0.011976604126408441,1042648.4,0.017775520568816573,0.0021040412101864803,1
2024-06-05,137.98,139.2,137.0,138.12,471045,139.352,141.925,142.899,0.9751782727660796,39.397905759162335,-0.1059311259470519,1.09948600907116,0.0021040412101864803,0.015383958297418373,0.017146007159619576,-0.291194801989882,1024500.8,0.015928178395597948,-0.010642919200695045,0
2024-06-06,138.0,139.0,135.8,136.65,501062,138.824,141.19299999999998,142.17900000000003,0.9764029849696508,36.26556016597508,-0.46637168849400723,0.7863144695581266,-0.010642919200695045,0.014979071377333498,0.016858072602281723,0.06372427262788061,947483.7,0.023417489937797208,0.022392974753018713,1
2024-06-07,136.0,140.25,134.25,139.71,1066634,138.40800000000002,140.64499999999998,142.0415,0.9744194478374278,40.832049306625585,-0.4993507994525146,0.5291814157559983,0.022392974753018713,0.01690394397305982,0.012821167470478912,1.1287465423440612,934614.3,0.04294610264118531,-0.017965786271562645,0
2024-06-10,137.65,138.55,136.5,137.2,393719,137.902,139.60999999999999,141.7475,0.9728707737349864,37.49557835160944,-0.7197264470758,0.2793998431896386,-0.017965786271562645,0.015843380923435853,0.01330254175486374,-0.6308771331122016,774851.8,0.01494169096209921,-0.00830903790087456,0
2024-06-11,138.5,138.5,135.0,136.06,367301,137.548,138.798,141.454,0.9723867829824536,37.93843951324264,-0.9751235904037117,0.028495156470968563,-0.00830903790087456,0.014879903382060404,0.013309153144363706,-0.06709861601802303,687065.9,0.02572394531824195,0.0008084668528589578,1
2024-06-12,136.4,136.72,136.0,136.17,907812,137.158,138.255,141.1415,0.9717765504830258,35.4910714285714,-1.1553336190463597,-0.2082705986324971,0.0008084668528589578,0.0143397666742508,0.013264936147465939,1.4715750841952513,656041.8,0.005287508261731651,0.06609385327164574,1
2024-06-13,139.3,146.25,138.11,145.17,2288206,138.862,138.84300000000002,141.251,0.9830868454028643,49.97114829774955,-0.5654088993897801,-0.2796982587839537,0.06609385327164574,0.025607800289037596,0.02022400125250868,1.5205725414513136,776793.1,0.056072191224082024,-0.00743955362678228,0
2024-06-14,146.1,147.0,144.0,144.09,798796,139.738,139.073,141.292,0.9890015004388075,44.817255841821435,-0.18292760735809566,-0.26034412849878213,-0.00743955362678228,0.025376158883005963,0.02030807740857428,-0.6509073046744918,811583.4,0.020820320632937747,0.03761537927684078,1
2024-06-20,145.15,150.1,144.65,149.51,3261132,142.2,140.051,141.544,1.0046346012547334,57.521874117979095,0.5511865400440286,-0.09803799479022002,0.03761537927684078,0.026936582982777152,0.02189696130083615,3.0825592516737688,1072026.9,0.036452411209952434,0.018192763025884462,1
2024-06-21,150.0,153.1,147.5,152.23,1882011,145.434,141.491,141.942,1.0246015978357357,64.94236716333992,1.3370459257289156,0.18897878931360707,0.018192763025884462,0.026084114034262574,0.0221763720496104,-0.42289640529730166,1193771.8,0.03678644156867894,0.0010510411876765158,1
2024-06-24,153.73,157.3,151.45,152.39,1988571,148.678,142.91799999999998,142.42149999999998,1.0439294628971048,69.59904248952726,1.9502742657871295,0.5412378846083116,0.0010510411876765158,0.026122906318008184,0.021968170918523936,0.05662028542872499,1345524.4,0.03838834569197469,-0.004002887328564797,0
2024-06-25,152.9,154.0,151.5,151.78,389437,150.0,144.43099999999998,142.812,1.0503319048819426,65.84205518553765,2.3598375035445827,0.9049578083955658,-0.004002887328564797,0.025614256404210906,0.021999698968528818,-0.8041623859545373,1334361.9,0.01647120832784293,0.06542363947819219,1
2024-06-26,151.05,162.6,151.0,161.71,4716580,153.524,146.631,143.638,1.0688257981871092,77.8934010152285,3.4459643991831115,1.413159126553075,0.06542363947819219,0.03084950851498702,0.026071895478660578,11.111278589348213,1699356.5,0.07173334982375854,0.016016325520994412,1
2024-06-27,162.05,165.2,161.12,164.3,1390547,156.482,149.341,144.47549999999998,1.0831040557049467,83.01322025442758,4.464257956743978,2.0233788925912557,0.016016325520994412,0.02858528122186384,0.026066881830202712,-0.7051789644191342,1799039.3,0.02483262325015206,-0.005599513085818741,0
2024-06-28,164.34,166.0,163.0,163.38,805447,158.712,152.073,145.4355,1.0912878905081633,81.01669941060905,5.137801251622193,2.646263364397443,-0.005599513085818741,0.028314010541396793,0.025348385535905467,-0.42076966833914997,1842853.9,0.01836210062431142,0.001713796058269157,1
2024-07-01,164.0,167.0,160.5,163.66,1378804,160.96599999999998,154.822,146.5385,1.0984553547361273,84.16392613205161,5.62929185300402,3.242869062118759,0.001713796058269157,0.028251412928011962,0.024723972593187624,0.7118494450907384,1889953.1,0.039716485396553834,0.043688133936209184,1
2024-07-02,163.35,172.5,163.35,170.81,2771716,164.772,157.386,148.1145,1.112463668310665,85.64878496102706,6.520581733254687,3.8984115963459445,0.043688133936209184,0.02476682758512319,0.025309599436945204,1.0102320561878266,1938304.1,0.053568292254551876,-0.01475323458813893,0
2024-07-03,170.95,174.0,168.02,168.29,2225488,166.088,159.80599999999998,149.4395,1.1114062881634372,85.62915425166173,6.9435515057217,4.507439578221096,-0.01475323458813893,0.025649999026429032,0.025856761740274552,-0.19707213870396534,2080973.3,0.03553389981579411,-0.0048725414463128836,0
2024-07-04,168.7,170.0,166.85,167.47,1050132,166.722,161.602,150.8265,1.1053893049298367,86.26183329485109,7.130396182090749,5.032030898995027,-0.0048725414463128836,0.025174184143942138,0.025483475738175526,-0.5281340541939565,1859873.3,0.018809338986087096,-0.004299277482534225,0
2024-07-05,168.0,169.0,166.09,166.75,1247733,167.39600000000002,163.054,152.27249999999998,1.0993186556994863,84.81329690346087,7.138090487712219,5.453242816738466,-0.004299277482534225,0.025530475742335013,0.025124191817550753,0.18816777319422706,1796445.5,0.01745127436281857,-0.0019190404797601035,0
2024-07-08,166.65,167.0,165.8,166.43,517428,167.95,164.45800000000003,153.688,1.0927983967518609,80.16458569807043,7.03724596376648,5.770043446144069,-0.0019190404797601035,0.025655835924182458,0.02520553741937157,-0.5853055100730685,1649331.2,0.0072102385387249205,0.017064231208315794,1
2024-07-09,166.95,170.01,166.3,169.27,934423,167.642,166.20700000000002,155.319,1.0793399390930922,84.02702702702703,7.104592892711963,6.036953335457648,0.017064231208315794,0.02531949674016827,0.0247889126013771,0.8058995647703642,1703829.8,0.021917646363797363,-0.0068529568145565545,0
2024-07-10,169.99,170.2,167.7,168.11,514035,167.60600000000002,166.847,156.73899999999998,1.0693318191388235,78.40562003665244,6.983857946527223,6.226334257671564,-0.0068529568145565545,0.017125982964274717,0.02494637078335712,-0.4498904671652988,1283575.3,0.01487121527571233,0.020760216524894348,1
2024-07-11,168.0,172.2,168.0,171.6,644230,168.43200000000002,167.577,158.459,1.0629374159877318,78.90182035213371,7.088081473630012,6.398683700863254,0.020760216524894348,0.017555561200744696,0.024186925868705904,0.25328041864853557,1208943.6,0.02447552447552441,-0.006876456876456882,0
2024-07-12,171.85,172.86,167.11,170.42,1901378,169.166,168.281,160.177,1.0561191681702118,76.10773240660296,6.994831171803071,6.517913195051218,-0.006876456876456882,0.01764156135961641,0.024127162501389066,1.951396240473123,1318536.7,0.03374017134139186,0.027109494190822758,1
2024-07-15,171.0,176.4,171.0,175.04,2015734,170.888,169.419,162.1205,1.0540801440903527,80.17644006227293,7.210605651319838,6.656451686304942,0.027109494190822758,0.018993556196200995,0.024225120612573127,0.06014374837617775,1382229.7,0.03085009140767828,0.0021138025594149568,1
2024-07-18,175.0,177.1,173.4,175.41,706243,172.11599999999999,169.879,163.6325,1.051844835225276,73.63699102829534,7.327003256054411,6.790562000254837,0.0021138025594149568,0.013920004849746462,0.020816342517487752,-0.6496348228486497,1175682.4,0.021093438230431496,-0.04731771278718422,0
2024-07-19,175.75,177.0,165.1,167.11,1744824,171.916,169.76100000000002,164.7835,1.0432840666692964,54.050158547131744,6.672591085905651,6.766967817385,-0.04731771278718422,0.020650798049541688,0.024182808067354046,1.4705717437199377,1127616.0,0.07121057985757887,-0.024833941715038055,0
2024-07-22,167.11,169.0,160.0,162.96,1705663,170.18800000000002,169.31,165.456,1.0285997485736391,49.44620253164558,5.752779943072227,6.564130242522445,-0.024833941715038055,0.02203763125608928,0.02415027644573166,-0.022444097513560135,1193169.1,0.05522827687776141,0.00362052037309768,1
2024-07-23,162.0,165.55,162.0,163.55,523748,168.814,168.99,166.022,1.0168170483429908,49.856133926235955,5.013636968566601,6.254031587731276,0.00362052037309768,0.02210818745046975,0.023937173229072267,-0.6929358261274354,1120770.6,0.021705900336288664,0.02152247019260156,1
2024-07-24,164.05,170.32,163.5,167.07,1380009,167.22,169.054,166.756,1.0027825085754036,44.59537572254334,4.658198604283626,5.934864991041747,0.02152247019260156,0.023294850159557928,0.024246352685575883,1.6348721140701254,1207028.7,0.04082121266534981,-0.0035913090321422203,0
2024-07-25,168.5,168.5,166.0,166.47,1436087,165.43200000000002,168.774,167.4905,0.9877097507022787,47.21542227662179,4.278773121107122,5.603646617054823,-0.0035913090321422203,0.022580622692689675,0.024238585319754084,0.040635966866882756,1257195.1,0.015017720910674597,-0.008950561662762091,0
2024-07-26,166.2,167.05,163.75,164.98,690924,165.006,168.461,167.654,0.9842055662256791,46.266866566716615,3.8138810972952797,5.245693513102914,-0.008950561662762091,0.022646196242687155,0.019755998321644708,-0.5188843015778293,1274884.0,0.0200024245363075,0.03194326585040619,1
2024-07-29,165.55,172.8,165.0,170.25,2142547,166.464,168.326,167.9515,0.9911432764816033,54.617414248021106,3.8265852826586695,4.961871867014066,0.03194326585040619,0.024104653925470253,0.020684397441399886,2.1009879523652386,1424715.7,0.04581497797356835,0.05033773861967683,1
2024-07-30,173.5,182.0,168.7,178.82,7815600,169.518,169.166,168.7235,1.0047088876179073,63.42361863488623,4.476577618397442,4.864813017290742,0.05033773861967683,0.02876873141087737,0.023230228256284652,2.6478079594053248,2016137.9,0.07437646795660448,0.009618610893636026,1
2024-07-31,187.0,187.0,180.0,180.54,5092509,172.212,169.71599999999998,169.56750000000002,1.015595559290548,62.51387963579834,5.072023720547207,4.906255157942035,0.009618610893636026,0.027803881657385905,0.02324255125694103,-0.34841739597727617,2323815.4,0.0387725711753628,0.037609394040102107,1
2024-08-01,180.4,187.99,180.3,187.33,5628254,176.384,170.908,170.3935,1.035156857509236,68.96960126332412,6.022392903478817,5.129482707049392,0.037609394040102107,0.029808371473267137,0.022746885764834655,0.10520256321589216,2816016.5,0.041050552500934166,-0.003790103026744318,0
2024-08-02,188.0,191.4,186.02,186.62,3997309,180.71200000000002,172.85899999999998,171.31,1.0548829607144943,65.68504594820385,6.641714708869927,5.431929107413499,-0.003790103026744318,0.02350829571668046,0.0223781802819515,-0.28977814434103366,3041265.0,0.028828635730361138,0.006269424498981824,1
2024-08-05,185.36,190.79,185.11,187.79,3661164,184.21999999999997,175.342,172.326,1.0690203451597553,68.14288698558596,7.144582622394353,5.77445981040967,0.006269424498981824,0.019982322580777534,0.022246772297842523,-0.084092823446974,3236815.1,0.03024655199957388,0.0028755524788328657,1
2024-08-06,189.7,189.7,185.75,188.33,1873055,186.122,177.82,173.405,1.0733369856693868,65.1746974195022,7.50022463302011,6.119612774931758,0.0028755524788328657,0.020028554554273482,0.022129883863348316,-0.4883990446754093,3371745.8,0.020973822545531717,-0.012902883236871499,0
2024-08-07,188.8,189.09,184.55,185.9,2933307,187.19400000000002,179.703,174.3785,1.0734924316931274,61.43947655398037,7.499542736695332,6.395598767284474,-0.012902883236871499,0.021564949923367455,0.022479056973485918,0.5660549209713543,3527075.6,0.024421732114039762,-0.09451317912856372,0
2024-08-08,175.0,175.0,167.86,168.33,6905115,183.394,179.88899999999998,174.3315,1.0519842942899018,51.106676342525404,6.011948171350355,6.31886864809765,-0.09451317912856372,0.03981667272681843,0.031548793539641844,1.3540376101103635,4073978.4,0.042416681518445826,-0.013663636903701093,0
2024-08-09,167.51,169.59,165.0,166.03,1410166,179.276,179.994,174.22750000000002,1.0289764818986669,52.88154683686878,4.5944658404236804,5.973988086562857,-0.013663636903701093,0.03998625284580422,0.03166555589002365,-0.79577950548253,4145902.6,0.027645606215744162,0.0010239113413237355,1
2024-08-12,166.0,167.0,165.0,166.2,683624,174.95800000000003,179.589,173.9575,1.0057514047971488,52.50709555345315,3.4451054291230037,5.468211555074887,0.0010239113413237355,0.03852909272748724,0.03128542490625514,-0.5152173573891301,4000010.3,0.012033694344163659,-0.009085439229843506,0
2024-08-13,166.2,166.45,164.02,164.69,636205,170.23,178.176,173.671,0.9801866748046594,47.65932336742723,2.3848930791965586,4.851547859899221,-0.009085439229843506,0.03391544959618625,0.0313107067933098,-0.0693641533942635,3282070.8,0.014754994231586487,0.029935029449268402,1
2024-08-15,165.51,173.98,165.51,169.62,2105338,166.974,177.084,173.4,0.9629411764705882,52.85481239804242,1.920340462254842,4.265306380370346,0.029935029449268402,0.03563037157570224,0.031451366868224986,2.309213225296878,2983353.7,0.04993514915693903,0.004244782454899232,1
2024-08-16,170.0,171.4,169.6,170.34,987930,167.376,175.38500000000002,173.1465,0.9666727308955133,54.9264705882353,1.5919264123744767,3.730630386771172,0.004244782454899232,0.03256215305985815,0.03146639403168249,-0.5307499318399231,2519321.3,0.010567101091933847,0.008277562522014836,1
2024-08-19,171.1,172.15,165.5,171.75,4635076,168.52,173.898,173.3785,0.9719774943259978,51.483973090621284,1.4289589782816279,3.270296105073263,0.008277562522014836,0.03299579597211212,0.029555291134314862,3.6917048778759627,2583098.0,0.03871906841339159,-0.011994177583697252,0
2024-08-20,171.75,171.75,169.45,169.69,294428,169.218,172.08800000000002,173.715,0.9741127709178826,39.63206904383376,1.120663023043278,2.840369488667266,-0.011994177583697252,0.032636846641344947,0.029082031652871314,-0.9364782799677934,2246424.4,0.013554128115976258,0.016382815722788546,1
2024-08-21,170.71,173.0,169.0,172.47,922356,170.774,170.502,174.161,0.9805524773054817,41.051230871590164,1.0881159011551915,2.4899187711648514,0.016382815722788546,0.033478289679269795,0.029248848861260765,2.1327047699267734,2151354.5,0.023192439264799674,0.0385574302777294,1
2024-08-22,172.75,183.7,172.7,179.12,2382176,172.674,169.824,174.7635,0.9880438421066184,40.86763070077863,1.5807001686086153,2.3080750506536045,0.0385574302777294,0.03649889659591325,0.03005127925715251,1.5827077614283422,2096241.4,0.06141134435015632,0.009937472085752574,1
2024-08-23,179.0,182.8,179.0,180.9,1283839,174.786,171.081,175.48499999999999,0.9960167535686811,43.78531073446328,2.090608638338665,2.2645817681906166,0.009937472085752574,0.01734835452514424,0.030025338323471526,-0.46106458968606856,1534113.8,0.021006080707573305,-0.008236594803759045,0
2024-08-26,181.6,182.11,178.0,179.41,1609597,176.318,172.41899999999998,176.2065,1.000632780289036,40.958135520069064,2.347424577433884,2.28115033003927,-0.008236594803759045,0.016689939516096215,0.030008792374888595,0.25373742346197625,1554056.9,0.02290842205005303,-0.017223120227412125,0
2024-08-27,179.5,179.6,175.72,176.32,1554638,177.644,173.431,176.51,1.006424565180443,37.717324606258934,2.275386642794132,2.2799975925902425,-0.017223120227412125,0.018432272586503488,0.029666407045675428,-0.03414457159152262,1641158.3,0.02200544464609798,0.010322141560798581,1
2024-08-28,177.1,178.6,176.0,178.14,680635,178.778,174.776,176.47600000000003,1.0130442666424895,41.96354598177297,2.3382015185858336,2.291638377789361,0.010322141560798581,0.017663818349440953,0.027519490861560737,-0.5621906836189519,1645601.3,0.014595262153362492,0.0028629168070057887,1
2024-08-29,178.51,179.9,178.3,178.65,539059,178.68400000000003,175.679,176.3815,1.013054090139839,66.52786675208196,2.401453042142464,2.3136013106599815,0.0028629168070057887,0.01592046015251931,0.027438912305043,-0.2080057593276866,1488973.4,0.008956059333893054,0.018247970892807164,1
2024-08-30,179.0,183.6,179.0,181.91,4745944,178.886,176.83599999999998,176.1105,1.0157599915961852,74.67371037911745,2.6836990729387935,2.3876208631157443,0.018247970892807164,0.016423930631091703,0.02635660327515721,7.804127192014231,1864774.8,0.02528722994887579,-0.0039030289703699816,0
2024-09-02,181.79,184.25,180.45,181.2,867534,179.24399999999997,177.781,175.8395,1.0193614062824337,72.92176039119802,2.8176103611930046,2.4736187627311965,-0.0039030289703699816,0.016743608304967482,0.026357216664683134,-0.8172051756194342,1488020.6,0.020971302428256136,0.0005518763796910076,1
2024-09-03,181.85,182.45,179.1,181.3,420702,180.24,178.94199999999998,175.51500000000001,1.0269207760020511,76.52507186202489,2.8983943008657604,2.5585738703581096,0.0005518763796910076,0.015726654527180247,0.026303697749882768,-0.5150599284869526,1500648.0,0.01847766133480416,0.003530060672917834,1
2024-09-04,181.8,182.8,180.0,181.94,443877,181.0,179.88899999999998,175.1955,1.0331315587443741,72.79792746113985,2.979710557864479,2.6428012078593834,0.003530060672917834,0.015373159126167704,0.026309723364197596,0.05508649828144385,1452800.1,0.015389688908431414,0.005936022864680757,1
2024-09-05,182.0,184.14,181.0,183.02,788061,181.87399999999997,180.279,175.0515,1.0389742447222672,73.15558802045285,3.0956169067054304,2.7333643476285934,0.005936022864680757,0.010141689169679327,0.026212614536522388,0.7754039970532378,1293388.6,0.017156594907660288,-0.0071576876844060555,0
2024-09-06,183.02,184.79,181.11,181.71,1226281,181.834,180.35999999999999,175.72050000000002,1.0347910460077223,68.25513196480937,3.0466476141255043,2.7960210009279756,-0.0071576876844060555,0.010133805125172826,0.014269617122877342,0.5560737049543119,1287632.8,0.020252049969731872,0.01408838258763967,1
2024-09-09,181.92,184.7,181.5,184.27,808073,182.448,180.846,176.6325,1.0329242919621249,76.24190064794813,3.1777782525415432,2.872372451250689,0.01408838258763967,0.010451112159582669,0.013810969017826758,-0.34103765776359574,1207480.4,0.01736582189178916,-0.020676181689911588,0
2024-09-10,185.0,187.9,179.5,180.46,3385059,182.28,181.26,177.34550000000002,1.0278242188270916,63.86671294689343,2.9403703111006507,2.8859720232206816,-0.020676181689911588,0.011212745581795427,0.014969608142277845,3.1890509892051835,1390522.5,0.046547711404189326,-0.013908899479109005,0
2024-09-11,181.0,182.4,177.42,177.95,1492568,181.48200000000003,181.241,178.0085,1.0195131131378559,47.62869882448315,2.5206305243751217,2.8129037234515697,-0.013908899479109005,0.011902750647234079,0.015231976066544799,-0.5590717916585797,1471715.8,0.02798538915425692,0.012363023321157796,1
2024-09-12,178.74,181.0,178.0,180.15,298847,180.90800000000002,181.391,178.53500000000003,1.0132915114683394,48.50538062973297,2.3385480074320526,2.7180325802476664,0.012363023321157796,0.012523384326733285,0.014123009728368094,-0.7997766265925572,1447694.6,0.01665278934221482,0.01293366638912019,1
2024-09-13,183.0,185.95,181.8,182.48,2337619,181.062,181.448,179.142,1.010717754630405,55.919784033937496,2.35510959093898,2.645447982385929,0.01293366638912019,0.011797482218588784,0.014292375814500628,6.822126372357761,1206862.1,0.0227422183252958,0.0009316089434459052,1
2024-09-16,182.05,183.1,181.5,182.65,352237,180.738,181.59300000000002,179.68699999999998,1.0058490597539056,63.75488917861797,2.3548075883767012,2.5873199035840835,0.0009316089434459052,0.011701325634386216,0.01425869356690635,-0.8493180454128753,1155332.4,0.00875992335067065,0.016917601970982687,1
2024-09-18,182.9,187.75,182.2,185.74,1722155,181.794,182.037,180.4895,1.007227567254605,65.65074135090609,2.574231289065807,2.5847021806804285,0.016917601970982687,0.012750963976727123,0.014104357280710035,3.8891939234095227,1285477.7,0.029880478087649463,0.051738989986001904,1
2024-09-19,186.0,199.74,186.0,195.35,3220277,185.274,183.378,181.6335,1.0200431087877513,75.01497902935884,3.483418162379877,2.7644453770203183,0.051738989986001904,0.02015137049743582,0.01747005589046312,0.8699112449227857,1563117.7,0.07033529562324038,0.007473765037112834,1
2024-09-20,195.36,204.76,191.3,196.81,10713110,188.606,184.757,182.51799999999997,1.0333556142407874,73.59088030398982,4.272514223667201,3.066059146349695,0.007473765037112834,0.020145530733212513,0.01575639870406429,2.3267666104499707,2555622.6,0.06839083379909547,0.06996595701437935,1
2024-09-23,196.75,212.82,195.75,210.58,5873555,194.226,187.644,184.002,1.055564613428115,82.90770609318994,5.940523796200949,3.6409520763199463,0.06996595701437935,0.02738508426463989,0.021463154826607343,-0.45174137108645385,3020350.0,0.08106182923354541,0.04036470699971506,1
2024-09-24,212.0,222.0,212.0,219.08,5960361,201.512,191.125,185.9855,1.0834823144815053,85.61463046757162,7.857733304069825,4.484308321869922,0.04036470699971506,0.028506085473826374,0.022283071765418928,0.014779124397404919,3535578.8,0.045645426328281904,-0.01246120138762108,0
2024-09-25,219.5,223.97,214.0,216.35,2353746,207.63400000000001,194.714,187.98700000000002,1.104512546080314,81.20805369127513,9.05249592927683,5.397945843351304,-0.01246120138762108,0.027369439729147727,0.0219974779385453,-0.6051000937694881,3432447.5,0.046082736306910094,-0.025652877282181574,0
2024-09-26,218.0,218.0,208.6,210.8,1987864,210.724,197.999,189.61999999999998,1.1112962767640544,73.30536912751677,9.442666123621052,6.206889899405255,-0.025652877282181574,0.029117048004412102,0.02343705822721775,-0.1554466794632896,3481977.1,0.04459203036053133,0.02870018975332056,1
2024-09-27,210.0,219.0,207.5,216.85,2911252,214.73200000000003,201.669,191.53000000000003,1.1211402913381716,77.30805097917312,10.12336737419136,6.990185394362475,0.02870018975332056,0.029257431444469382,0.023807116495613255,0.46451266283810155,3743217.6,0.053032049804011994,0.02582430251325807,1
2024-09-30,216.85,224.99,216.6,222.45,4588796,217.106,205.66600000000003,193.557,1.121664419266676,78.33184921341642,10.988037956556184,7.789755906801218,0.02582430251325807,0.029239959723097446,0.024004735026131045,0.5762276848586108,3968335.3,0.03771634075073057,-0.0006293549112159624,0
2024-10-01,222.06,226.0,219.61,222.31,1967188,217.752,209.632,195.6125,1.113180394913413,82.84413749803798,11.529098521582142,8.537624429757402,-0.0006293549112159624,0.0293592453163873,0.02391321689758582,-0.5713062860061768,4129830.4,0.028743646259727345,0.012235167108991973,1
2024-10-02,221.3,227.4,220.5,225.03,2159363,219.488,213.561,197.799,1.109651717147205,86.82728410513143,12.038600690516091,9.23781968190914,0.012235167108991973,0.02945502443641242,0.023798765173938145,0.09769020551162377,4173551.2,0.030662578322890308,0.08221126072079277,1
2024-10-03,223.9,247.5,223.9,243.53,4978307,226.03400000000002,218.379,200.87849999999997,1.1252274384764922,89.50386437297433,13.776374746626516,10.145530694852615,0.08221126072079277,0.034307887593877956,0.028513288113900085,1.305451654029452,4349354.2,0.09690797848314374,-0.019258407588387483,0
2024-10-04,247.12,251.9,235.75,238.84,3016956,230.43199999999996,222.58199999999997,203.6695,1.131401608979253,84.12448534754179,14.60675185900223,11.03777492768254,-0.019258407588387483,0.036599948786059704,0.029477831664585,-0.3939795195434914,3579738.8,0.06761848936526547,0.025288896332272603,1
2024-10-07,238.8,250.8,237.49,244.88,2441217,234.91800000000003,226.012,206.82799999999997,1.1358133328176072,85.17806670435274,15.572696868880598,11.944759315922152,0.025288896332272603,0.03231681981751727,0.02915478351993195,-0.19083440394888096,3236505.0,0.05435315256452141,0.011760862463247257,1
2024-10-08,245.01,250.97,245.0,247.76,2678460,240.00799999999998,228.88000000000002,210.0025,1.1428816323615194,85.14279238440618,16.38176835104875,12.832161122947472,0.011760862463247257,0.031131591816718047,0.029165032804506816,0.09718226605828151,2908314.9,0.024095899257345815,-0.014328382305456855,0
2024-10-09,248.0,249.98,242.75,244.21,1118276,243.844,231.66600000000003,213.19,1.1437872320465312,79.72742759795574,16.54577856242213,13.574884610842403,-0.014328382305456855,0.03130506403936552,0.02878490665002308,-0.582492925039015,2784767.9,0.029605667253593176,-0.014209082347160229,0
2024-10-10,245.0,246.9,240.0,240.74,972933,243.286,234.66,216.3295,1.1246085254207123,76.08979688799147,16.208911593413518,14.101690007356627,-0.014209082347160229,0.029929666509602354,0.028801189702641238,-0.1299705975984462,2683274.8,0.02866162665115895,0.012503115394201236,1
2024-10-11,241.0,245.9,238.01,243.75,1530637,244.26799999999997,237.35,219.50950000000003,1.1127901070340915,72.58613645648919,16.000381499820918,14.481428305849487,0.012503115394201236,0.029465960907742575,0.028800375857512675,0.5732193275384843,2545213.3,0.03236923076923083,0.0383179487179488,1
2024-10-14,243.8,257.95,243.0,253.09,3619974,245.91,240.414,223.04000000000002,1.1025376614060256,72.89618957856472,16.3997339165239,14.86508942798437,0.0383179487179488,0.030361901325130416,0.02923206621231522,1.3650114298818075,2448331.1,0.059069896084396806,0.007981350507724638,1
2024-10-15,253.2,259.0,253.0,255.11,2202073,247.38000000000002,243.69400000000002,226.663,1.091400007941305,76.34584013050575,16.68686491061854,15.229444524511205,0.007981350507724638,0.030040557691277326,0.029071638402399513,-0.3916881723459892,2471819.6,0.023519266198894592,-0.0032534984908471065,0
2024-10-16,258.98,258.98,254.0,254.28,1135200,249.394,246.619,230.09,1.0838976052848885,81.58047646717027,16.65545056228109,15.514645732065183,-0.0032534984908471065,0.030550954600447256,0.029430978645746047,-0.4844857550135713,2369403.3,0.01958470976875892,-0.005859682240050401,0
2024-10-17,255.0,256.5,252.1,252.79,631253,251.804,247.545,232.962,1.0808801435427238,77.95581829495956,16.32217207783117,15.676151001218381,-0.005859682240050401,0.018671108093343717,0.028579069889603428,-0.44392794221282594,1934697.9,0.017405751809802625,-0.02420981842636183,0
2024-10-18,252.79,253.0,245.5,246.67,652093,252.388,248.32799999999997,235.45499999999998,1.0719160773820902,68.68827160493828,15.386843668899417,15.618289534754588,-0.02420981842636183,0.019404565823233817,0.029774980431567073,0.03301370448932528,1698211.6,0.030404994527100986,0.002675639518384898,1
2024-10-21,248.79,249.98,245.1,247.33,850268,251.23600000000002,248.573,237.29249999999996,1.058760812077921,69.15186772810777,14.531337437754559,15.400899115354582,0.002675639518384898,0.017823399275544397,0.02647068681963211,0.30390603794244075,1539116.7,0.019730724133748413,-0.019488133263251606,0
2024-10-22,247.35,249.43,241.5,242.51,955940,248.71599999999998,248.048,238.464,1.042991814278046,62.96351231088696,13.310968311498556,14.982912954583377,-0.019488133263251606,0.018481205404911032,0.02604666066677461,0.12428081499009713,1366864.7,0.03269968248732014,0.055090511731475056,1
2024-10-23,243.0,257.97,237.33,255.87,4372606,249.03400000000002,249.214,240.44,1.0357428048577608,59.906872190109176,13.268901693360704,14.640110702338843,0.055090511731475056,0.025160896601826827,0.027920095661385546,3.5741427286231353,1692297.7,0.08066596318442965,0.06702622425450411,1
2024-10-24,258.5,281.46,258.0,273.02,6772870,253.08,252.442,243.55100000000002,1.0391252756096259,72.86593524217284,14.452822129938028,14.602652987858681,0.06702622425450411,0.030773943838531524,0.029547201343717393,0.5489321470994644,2272291.4,0.08592777085927764,0.04190169218372275,1
2024-10-25,274.99,288.85,270.0,284.46,4236762,260.63800000000003,256.51300000000003,246.9315,1.0555072965579524,74.69428500124779,16.128283188453793,14.907779027977703,0.04190169218372275,0.03208901884723551,0.030049731782479806,-0.3744510082136524,2542903.9,0.0662659073331928,-0.021655065738592327,0
2024-10-28,285.45,286.44,263.05,278.3,5869262,266.832,259.034,249.724,1.0685076324261986,68.30496283864781,16.765772243547815,15.279377671091726,-0.021655065738592327,0.03304822889872721,0.030935417388931775,0.38531784414607184,2767832.7,0.08404599353215948,0.03154868846568437,1
2024-10-29,280.0,292.65,278.0,287.08,3683312,275.746,262.231,252.9625,1.0900667094925136,74.1793570219966,17.774565409293302,15.778415218732043,0.03154868846568437,0.033720109125956056,0.031096506206577,-0.3724403511037674,2915956.6,0.05103107147833349,-0.017974083879057967,0
2024-10-30,289.0,298.0,280.0,281.92,4549801,280.956,264.995,255.80699999999996,1.098312399582498,72.79167589107816,17.950747343603382,16.21288164370631,-0.017974083879057967,0.0347828779539679,0.03187558831910167,0.2352472448709204,3257416.7,0.06384790011350737,-0.0018090238365493505,0
2024-10-31,281.93,287.5,279.1,281.41,2355333,282.634,267.857,257.701,1.0967516618096165,71.43670309653919,17.843530940642864,16.539011503093622,-0.0018090238365493505,0.03458898925381414,0.027318865093828523,-0.48232175429211077,3429824.7,0.02984968551224184,0.008350804875448592,1
2024-11-01,283.01,285.96,282.5,283.76,943166,282.494,271.566,259.947,1.0867369117550887,68.96722325293754,17.743648790851665,16.779938960645232,0.008350804875448592,0.03233268097658737,0.026577618472345608,-0.5995615057403773,3458932.0,0.012193402875669508,0.0005286157316042317,1
2024-11-04,284.99,287.5,283.0,283.91,1755726,283.616,275.22400000000005,261.8985,1.0829233462581878,68.23246391491519,17.475152533427206,16.91898167520163,0.0005286157316042317,0.03242740603742065,0.026353831727381424,0.8615238462794461,3549477.8,0.015850093339438553,0.001690676622873255,1
2024-11-05,285.0,285.7,282.71,284.39,1134129,283.07800000000003,279.412,263.72999999999996,1.0733629090357566,69.14663614396542,17.103935778653863,16.955972495892077,0.001690676622873255,0.030612505207946596,0.02636926082207629,-0.35403986726858294,3567296.7,0.010513731143851785,-0.0016526600794681823,0
2024-11-06,285.0,289.0,283.31,283.92,1581226,283.478,282.217,265.71549999999996,1.0668478127922536,70.05540523128468,16.580686916325476,16.88091537997876,-0.0016526600794681823,0.027786940404069763,0.025972895668226362,0.3942205868997266,3288158.7,0.02004085657931811,-0.0031346858269937217,0
2024-11-07,284.2,286.0,282.0,283.03,1244433,283.802,283.21799999999996,267.83,1.0596348429974238,75.11743575573365,15.910783255910587,16.686888955165127,-0.0031346858269937217,0.01968908072503273,0.02559256119448111,-0.21299485336062018,2735315.0,0.0141327774440872,0.007596367876196997,1
2024-11-08,283.01,286.74,282.3,285.18,1321904,284.08599999999996,283.29,269.9015,1.0525543577934913,75.61933125761476,15.376120464919893,16.424735257116083,0.007596367876196997,0.01465347978950474,0.025574962009371656,0.062254054657824076,2443829.2,0.015569114243635591,-0.011256048811277064,0
2024-11-11,285.18,286.0,278.5,281.97,2022329,283.69800000000004,283.65700000000004,271.3455,1.04552314300403,77.30417935233885,14.525930295740068,16.04497426484088,-0.011256048811277064,0.0132170146394717,0.024893918317374253,0.5298607160580495,2059135.9,0.026598574316416636,0.0027307869631520987,1
2024-11-12,281.0,286.5,279.3,282.74,1015736,283.36800000000005,283.223,272.727,1.0390170390170392,72.5155019272667,13.755713721075097,15.587122156087727,0.0027307869631520987,0.00803702507672166,0.024896333325014876,-0.49773948749189667,1792378.3,0.025465091603593365,-0.011530027587182579,0
2024-11-13,282.74,283.89,278.51,279.48,881551,282.48,282.97900000000004,273.987,1.030997821064503,57.0554827435562,12.735450436410758,15.016787812152334,-0.011530027587182579,0.006719012769939446,0.025116297786474114,-0.1321061771956492,1425553.3,0.019250035780735635,-0.004723057106054029,0
2024-11-14,279.5,281.0,277.0,278.16,765121,281.506,282.654,275.25550000000004,1.02270799311912,41.16657319125072,11.68566637650099,14.350563525022066,-0.004723057106054029,0.006827611491053022,0.025091637886432462,-0.13207403769038883,1266532.1,0.01438021282714984,0.004314063848144922,1
2024-11-15,277.0,281.99,277.0,279.36,686633,280.342,282.21400000000006,276.89,1.0124670446747805,51.72638436482085,10.825742496212683,13.64559931926019,0.004314063848144922,0.006303341612217162,0.024131134932449123,-0.10258246734830179,1240878.8,0.01786225658648342,0.01796964490263453,1
2024-11-18,280.89,285.39,278.0,284.38,1684034,280.824,282.261,278.7425,1.007467465492345,44.98886414253897,10.429098515972953,13.002299158602744,0.01796964490263453,0.008842087660255371,0.024245238004120342,1.4525969477144267,1233709.6,0.02598635628384551,0.0050636472325760185,1
2024-11-19,284.38,287.44,284.38,285.82,3203575,281.44000000000005,282.404,280.908,1.0018938584874764,58.39793281653745,10.114359232127356,12.424711173307667,0.0050636472325760185,0.008968676777621566,0.023426506511867815,0.9023220433791717,1440654.2,0.010706038765656714,0.03624658876215814,1
2024-11-20,286.15,298.75,286.09,296.18,4315488,284.78000000000003,283.63,282.9235,1.006561844456187,72.33141820381012,10.578944018491882,12.055557742344511,0.03624658876215814,0.014339604842694255,0.021774938402356912,0.3470850534168859,1714080.4,0.04274427712877313,0.10000675265041536,1
2024-11-21,299.4,325.8,298.75,325.8,8039216,294.308,287.90700000000004,285.5625,1.0306255198073977,84.83592973152142,13.185226184236228,12.281491430722856,0.10000675265041536,0.03314210296919391,0.027110384556561437,0.862875299386767,2393558.7,0.0830263965623082,-0.010650705954573403,0
2024-11-22,329.98,343.5,320.1,322.33,5795649,302.902,291.62199999999996,287.456,1.0537334409440053,80.17593465284321,14.800117041338183,12.785216552845922,-0.010650705954573403,0.03406263951937989,0.02631006523245877,-0.27907783545062104,2840933.2,0.07259640740855638,-0.02922470759780338,0
2024-11-25,325.71,325.71,310.0,312.91,2548796,308.608,294.716,289.18649999999997,1.0671590824606267,69.64187327823694,15.14522962691558,13.257219167659855,-0.02922470759780338,0.035898131860066886,0.026787772818846693,-0.5602225048480334,2893579.9,0.050206129558019806,-0.04167332459812734,0
2024-11-26,311.0,311.0,296.76,299.87,3203674,311.418,296.429,289.82599999999996,1.0744998723371957,59.36362568979686,14.20279385063668,13.44633410425522,-0.04167332459812734,0.039593507114461975,0.028112562940872624,0.25693621615853135,3112373.7,0.04748724447260483,0.09103945042851902,1
2024-11-27,329.86,329.86,312.07,327.17,5071638,317.61600000000004,301.198,292.0885,1.0873964568957697,69.77953038178887,15.480340819641754,13.853135447332527,0.09103945042851902,0.04697778579447368,0.03389797095677851,0.583069313544387,3531382.4,0.05437540116758877,-0.004584772442461138,0
2024-11-28,330.0,335.79,321.0,325.67,3183787,317.59000000000003,305.949,294.3015,1.0791314349400192,68.25024790408366,16.185195672057205,14.319547492277463,-0.004584772442461138,0.04697075405543025,0.03394586878381172,-0.37223693804644575,3773249.0,0.04541406945681217,-0.0023950624865662906,0
2024-11-29,326.0,330.0,321.2,324.89,2314462,318.102,310.502,296.35800000000006,1.0733707205474456,69.77880184331795,16.490763483242404,14.753790690470453,-0.0023950624865662906,0.04721698850592431,0.034022570202171955,-0.27304747459550527,3936031.9,0.027086090676844508,0.023392532857274828,1
2024-12-02,326.0,334.4,326.0,332.49,3626862,322.018,315.313,298.787,1.077751040038556,71.56854244342321,17.14850734119966,15.232734020616295,0.023392532857274828,0.04727093981825029,0.03416625280638711,0.5670432264604042,4130314.7,0.025263917711810812,0.013113176336130516,1
2024-12-03,333.1,340.0,328.65,336.85,3372629,329.41400000000004,320.41600000000005,301.41,1.0929099897150063,74.63712101692003,17.816215408360392,15.749430298165116,0.013113176336130516,0.04711864698904112,0.03414257979070368,-0.07009723557168701,4147220.1,0.0336945227846223,-0.0008906041264657993,0
2024-12-04,338.01,339.7,333.01,336.55,1061778,331.29,324.453,304.0415,1.0896209892399558,75.29676804436355,18.112383091653214,16.222020856862738,-0.0008906041264657993,0.046942481992281446,0.03413045083449483,-0.6851779427858802,3821849.1,0.01987817560540781,0.03734957658594551,1
2024-12-05,340.49,350.5,340.0,349.12,4797836,335.98,326.785,307.34600000000006,1.0931653576099898,77.51222590313927,19.14074941797486,16.80576656908516,0.03734957658594551,0.03736370652095333,0.034566226735185786,3.5186809295351757,3497711.1,0.030075618698441796,-0.0058432630614115855,0
2024-12-06,352.0,353.99,345.02,347.08,2473577,340.418,329.26000000000005,310.44100000000003,1.0965626318688575,75.32310177705975,19.565586289959413,17.357730513260012,-0.0058432630614115855,0.03713376006946023,0.03476786329035081,-0.484439026261006,3165503.9,0.02584418577849495,0.003716722369482506,1
2024-12-09,347.01,357.0,338.05,348.37,2973076,343.594,332.806,313.761,1.095081925414567,75.29316619490496,19.77837202966282,17.841858816540572,0.003716722369482506,0.0348529204345189,0.03443611465754149,0.201933879559844,3207931.9,0.054396187961075836,0.0012343198323621074,1
2024-12-10,349.99,360.4,341.1,348.8,4695198,345.984,337.699,317.064,1.091211868897131,73.13577207175517,19.753991945046778,18.224285442241815,0.0012343198323621074,0.02989174319296211,0.03445703916890995,0.5792391449125418,3357084.3,0.05533256880733932,0.004644495412843952,1
2024-12-11,348.8,355.3,348.8,350.42,1862609,348.758,340.024,320.611,1.0877917476318655,64.36070928604758,19.639004791059335,18.50722931200532,0.004644495412843952,0.0138501204153904,0.0340858434361701,-0.6032948983195171,3036181.4,0.018549169567947034,0.09919525141259067,1
2024-12-12,350.75,385.46,350.75,385.18,7953893,355.97,345.975,325.962,1.0920598106527757,76.85667891633193,22.097986310971578,19.22538071179857,0.09919525141259067,0.031658976131168366,0.038985920410860866,3.2702966645173515,3513192.0,0.09011371306921434,0.03694376655070353,1
2024-12-13,388.0,404.84,388.0,399.41,4595243,366.436,353.427,331.9645,1.1038409227492698,85.50320144475451,24.907866575165258,20.36187788447191,0.03694376655070353,0.03137546083100776,0.039105202404558725,-0.4222649210895847,3741270.1,0.04216218922911288,0.05182644400490721,1
2024-12-16,404.9,435.0,401.01,420.11,3823082,380.784,362.18899999999996,338.75100000000003,1.1240822905319836,96.43188137164036,28.476771436568697,21.98485659489127,0.05182644400490721,0.032841760820752235,0.03979713126876151,-0.16803485691616304,3760892.1,0.08090738140010952,-0.051129466092214026,0
2024-12-17,421.0,423.99,393.0,398.63,3239947,390.75,368.367,344.39150000000006,1.1346098843902939,78.89374090247449,29.234896083690273,23.434864492651073,-0.051129466092214026,0.040602417070501634,0.04280842664022697,-0.1525300791351062,3747623.9,0.07774126382861302,-0.05764744249053011,0
2024-12-18,400.0,412.02,372.0,375.65,3010980,395.796,372.27700000000004,348.365,1.1361531726780818,67.21785861926412,27.66254478347281,24.280400550815422,-0.05764744249053011,0.046959835530034535,0.04570806813232149,-0.0706699831818236,3942544.1,0.10653533874617326,-0.013469985358711578,0
2024-12-19,374.5,403.0,358.21,370.59,7411503,392.878,374.424,350.60450000000003,1.1205731814623028,65.29246419488688,25.711756217393884,24.566671684131116,-0.013469985358711578,0.04666409916351211,0.041144204217093194,1.4614919395014248,4203910.8,0.12086132923176562,0.03936965379529944,1
2024-12-20,375.0,389.0,365.01,385.18,3876964,390.03200000000004,378.23400000000004,353.747,1.1025733080421884,66.84355220254457,25.054223794199345,24.664182106144764,0.03936965379529944,0.04747052021162335,0.041517572969639545,-0.4768990851113465,4344249.5,0.062282569188431405,0.036164909912248744,1
2024-12-23,391.0,402.0,388.0,399.11,3292625,385.832,383.308,358.057,1.0775714481213885,68.75527171948426,25.36476991512444,24.8042996679407,0.036164909912248744,0.047987955400756496,0.04085636928784477,-0.15072077016964824,4376204.4,0.03507804865826464,-0.03650622635363687,0
2024-12-24,403.0,404.9,374.0,384.54,7635691,383.014,386.88199999999995,362.2905,1.057201334288368,63.31206657420249,24.156738871232506,24.674787508599064,-0.03650622635363687,0.050579869639216,0.04050717301768799,1.3190284347595003,4670253.7,0.08035574972694642,-0.02922972902688925,0
2024-12-26,383.0,383.0,371.2,373.3,2532108,382.544,389.16999999999996,364.59700000000004,1.0492242119381123,56.75720992622401,22.038347154550934,24.14749943778944,-0.02922972902688925,0.052157963171864365,0.037142811921767285,-0.668385218836121,4737203.6,0.03160996517546213,0.0025716581837662567,1
2024-12-27,374.99,377.75,372.79,374.26,1885688,383.278,388.078,367.02650000000006,1.0442788191043424,57.64170040485829,20.204070485873842,23.358813647406322,0.0025716581837662567,0.04106462377529584,0.0370570423761897,-0.25528926886214964,4130383.1,0.01325281889595463,-0.006198899161011018,0
2024-12-30,375.0,377.9,365.75,371.94,3713151,380.63,385.331,369.379,1.0304592302215339,56.588583887739695,18.351642093196745,22.35737933656441,-0.006198899161011018,0.03870410259351072,0.03712085845999845,0.9691226756494182,4042173.9,0.03266655912243904,-0.015109963972683826,0
2024-12-31,374.98,374.98,365.0,366.32,3274817,374.072,379.952,371.0705,1.0080887594136425,54.75931761382157,16.24285469616251,21.13447440848403,-0.015109963972683826,0.03285697947003039,0.03724764666901425,-0.11804906398904869,3987347.4,0.027243939724830798,0.03486023149159201,1
2025-01-01,367.5,392.92,365.5,379.09,7045028,372.98199999999997,377.998,373.1825,0.9994627293616393,57.343373802571584,15.424256539555529,19.992430834698332,0.03486023149159201,0.03305540913705957,0.03779483775408071,1.151273796367858,4367855.5,0.07233110870769478,-0.0007649898441002279,0
2025-01-02,380.0,387.98,374.97,378.8,3606962,374.082,378.313,375.295,0.9967678759375957,48.015428642528306,14.583995801022354,18.910743827963138,-0.0007649898441002279,0.027288390717641057,0.037793539171165916,-0.4880131065483345,4427453.7,0.03434530095036956,0.025871172122492014,1
2025-01-03,380.0,391.25,380.0,388.6,5494609,376.95,380.11400000000003,377.26899999999995,0.9991544494776937,46.542127822915994,14.541238859994678,18.03684283436945,0.025871172122492014,0.027775003634744222,0.03738695808224356,0.5233343184652348,4235764.3,0.028950077200205867,-0.012918167781780898,0
2025-01-06,390.3,397.5,382.01,383.58,5516192,379.27799999999996,379.954,379.094,1.000485367745203,37.012017350494204,13.941571867907498,17.217788641077057,-0.012918167781780898,0.025430060759813355,0.037538325912303994,0.003928032003733151,4399687.1,0.0403827102560092,-0.0063871943271286424,0
2025-01-07,384.5,384.5,370.2,381.13,4914860,382.24,378.156,380.73199999999997,1.0039607913177775,42.80427631578947,13.117427394130857,16.39771639168782,-0.0063871943271286424,0.02201337000085839,0.037633882074842084,-0.10901215911266326,4561910.6,0.03752000629706402,0.004171804895967357,1
2025-01-08,385.01,398.5,379.0,382.72,7099700,382.966,377.97400000000005,382.428,1.0014068007572667,53.527592056680994,12.4490814116092,15.607989395672096,0.004171804895967357,0.01896477250394566,0.037623460935106906,0.44453758601465765,4508311.5,0.050951086956521736,-0.002429974916387967,0
2025-01-09,384.99,387.0,376.6,381.79,1699265,383.564,378.823,383.99649999999997,0.9988736876507991,55.828476269775216,11.709390611495564,14.82826963883679,-0.002429974916387967,0.01610199057070255,0.037663310294219314,-0.7606567883149993,4425027.2,0.027240105817334076,0.005081327431310401,1
2025-01-10,380.0,386.86,377.02,383.73,2363368,382.59000000000003,379.77000000000004,383.92400000000004,0.9965253539763078,49.13100803068441,11.151178268255592,14.092851364720552,0.005081327431310401,0.016125083694960008,0.030460218322230753,0.39081779475243716,4472795.2,0.025643030255648586,0.005993797722356753,1
2025-01-13,386.0,388.5,383.0,386.03,1975797,383.08000000000004,381.179,383.255,0.9995433849525773,40.891364902506936,10.770229244141603,13.428326940604764,0.005993797722356753,0.015842868638797854,0.029260670676048473,-0.16399096543576797,4299059.8,0.014247597336994535,-0.003807994197342124,0
2025-01-14,388.4,389.49,383.96,384.56,1630106,383.76599999999996,383.00300000000004,381.4775,1.0059990431938972,50.01703577512775,10.231762296540694,12.78901401179195,-0.003807994197342124,0.014703203901663082,0.0264548507093222,-0.1749628124751682,4134588.7,0.014380070730185223,0.010349490326607036,1
2025-01-15,384.9,391.0,384.25,388.54,2795920,384.93,383.948,380.973,1.010386562827287,64.81337480559878,10.010778080653495,12.233366825564259,0.010349490326607036,0.010650749459167455,0.02417303694720508,0.7151768044532074,3709677.9,0.017372728676584133,-0.008776445153652168,0
2025-01-16,388.54,393.95,384.25,385.13,3177510,385.598,384.581,381.447,1.010882245764156,60.085359064761555,9.451536565862625,11.677000773623934,-0.008776445153652168,0.01121150743444261,0.020306440142156792,0.1364810151935678,3666732.7,0.025186300729623735,0.004907433853504006,1
2025-01-17,385.2,392.99,383.0,387.02,3573120,386.256,384.42299999999994,382.2685,1.0104311498331668,64.10400299289188,9.05644379426451,11.15288937775205,0.004907433853504006,0.007557153227991077,0.02000979275173171,0.12450314869190016,3474583.8,0.025812619502868093,0.009999483230840767,1
2025-01-20,390.0,396.5,388.61,390.89,3858034,387.22799999999995,385.154,382.55400000000003,1.012217882965542,73.75749371494877,8.952408787522245,10.712793259706089,0.009999483230840767,0.006766537041970182,0.01814125297888532,0.079738156009314,3308768.0,0.020184706694978093,0.011051702525006979,1
2025-01-21,392.0,401.89,390.55,395.21,5473618,389.358,386.562,382.35900000000004,1.018304786862608,68.63153028201573,9.113493511157003,10.392933309996273,0.011051702525006979,0.006636464595713257,0.016352222102824197,0.4187583624198232,3364643.8,0.02869360593102395,-0.0015940892183902156,0
2025-01-22,397.0,397.99,392.01,394.58,2914788,390.566,387.748,382.861,1.020124797250177,68.09633027522932,9.085585605045651,10.13146376900615,-0.0015940892183902156,0.006834019864508633,0.01398267382604222,-0.4674842124532622,2946152.6,0.015155355061077649,-0.002103502458310036,0
2025-01-23,395.1,397.8,392.8,393.75,2792304,392.28999999999996,388.944,383.8835,1.0218985707903567,57.43574935027429,8.893970173134505,9.883965049831822,-0.002103502458310036,0.006805506864893892,0.012037366318016806,-0.042021580986335905,3055456.5,0.012698412698412698,0.03634285714285723,1
2025-01-24,395.0,415.9,395.0,408.06,8399194,396.498,391.377,385.57349999999997,1.0283331193663465,77.86885245901644,9.784026798581465,9.863977399581751,0.03634285714285723,0.012559348545892992,0.014189092164344483,2.0079797901661136,3659039.1,0.05121795814341023,0.003920992010978841,1
2025-01-27,414.88,418.0,408.58,409.66,3659868,400.25199999999995,393.73999999999995,387.4595,1.0330163539673178,83.12050150917116,10.497501057281227,9.990682131121646,0.003920992010978841,0.012580881456866293,0.013968958136687677,-0.564259618244322,3827446.2,0.022994678513889606,-0.026827124932871205,0
2025-01-28,410.5,413.25,390.11,398.67,5986835,400.944,395.15099999999995,389.077,1.0305003893830784,65.19916142557652,10.060166062732208,10.004578917443759,-0.026827124932871205,0.01617363192112354,0.015057123156780887,0.6358062640510531,4263119.1,0.05804299295156391,-0.02377906539242991,0
2025-01-29,400.0,403.0,384.0,389.19,9273783,399.866,395.216,389.582,1.0263975234995457,56.063585709603394,8.846639601900563,9.772991054335119,-0.02377906539242991,0.018106270220563634,0.014501754609252897,0.5490293285183239,4910905.4,0.04881934273748041,0.00829928826537163,1
2025-01-30,390.0,395.0,385.01,392.42,2914119,399.6,395.945,390.26300000000003,1.0239248916756136,56.97319852351147,8.052718419176017,9.4289365273033,0.00829928826537163,0.017958272945580927,0.014571508770361497,-0.6857680409386331,4884566.3,0.02545741807247339,-0.002318943988583677,0
2025-01-31,392.39,395.96,390.05,391.51,1477425,396.29,396.394,390.40849999999995,1.0150649896198471,54.49770190413658,7.266338935056524,8.996417008853944,-0.002318943988583677,0.017974640131043343,0.013447576400835314,-0.4930114384484642,4674996.8,0.015095399862072407,-0.01833925059385455,0
2025-02-03,392.0,392.0,383.0,384.33,1946531,391.224,395.738,390.446,1.0019925930858555,49.827405072790015,5.99465883855197,8.396065374793551,-0.01833925059385455,0.018670988599250066,0.013781877433134056,0.31751594835609254,4483846.5,0.02341737569276403,-0.008742486925298443,0
2025-02-04,387.99,388.0,380.5,380.97,1348815,387.684,394.31399999999996,390.438,0.99294638329261,44.266020299954555,4.661978890139039,7.649248077862649,-0.008742486925298443,0.018232466361968992,0.01385090637066549,-0.30706729047726444,4071366.2,0.019686589495235843,-0.011943197627109825,0
2025-02-06,380.79,380.79,372.61,376.42,2573724,385.13,392.498,390.123,0.9872014723561544,43.51451973194343,3.201765495910763,6.759751561472272,-0.011943197627109825,0.018404279794336592,0.014066778440797463,0.9081371426029514,4037259.8,0.021731045109186563,0.016975718612188384,1
2025-02-07,377.4,384.0,376.0,382.81,1067512,383.20799999999997,391.404,390.17400000000004,0.9821464269787324,47.06210746685277,2.5309798964907486,5.913997228475968,0.016975718612188384,0.01963384457782945,0.014602827587818376,-0.5852266987446983,3864780.6,0.020898095661032887,0.0016457250333064,1
2025-02-10,384.0,385.99,380.02,383.44,927817,381.594,388.942,390.1595,0.9780461580456198,44.55488963601814,2.0268489579538027,5.136567574371535,0.0016457250333064,0.014328014717761222,0.01456296410359122,-0.13086035566813303,3117642.9,0.015569580638431117,0.014708950552889677,1
2025-02-11,384.0,390.88,383.75,389.08,1300398,382.544,386.884,390.312,0.9800979729037282,45.60447440126201,2.058691112000929,4.5209922818974135,0.014708950552889677,0.015523516048186836,0.01487678383543201,0.4015673349378164,2881695.9,0.018325280148041523,-0.0005140331037318813,0
2025-02-12,391.0,394.0,387.0,388.88,1429695,384.12600000000003,385.90500000000003,390.52799999999996,0.9836068092428714,45.8874458874459,2.04422338526291,4.025638502570513,-0.0005140331037318813,0.01351938799146776,0.014844797461238244,0.09942879026267337,2425981.9,0.018000411437975726,-0.0021600493725569825,0
2025-02-13,388.88,392.4,387.75,388.04,900614,386.45,385.79,390.503,0.9896210784552232,45.88082527773771,1.9425837317186847,3.6090275484001477,-0.0021600493725569825,0.011260803019151512,0.01467779147021072,-0.3700656433714883,1588665.0,0.01198330069065039,0.006700340171116315,1
2025-02-14,388.5,392.2,388.01,390.64,951558,388.01599999999996,385.61199999999997,390.7785,0.9929307779215079,34.8784722222222,2.048221225588975,3.2968662838379132,0.006700340171116315,0.01113676655668593,0.014596392523996624,0.05656585396185276,1392408.9,0.010725988122056107,-0.00030718820397301894,0
2025-02-17,391.0,393.0,388.5,390.52,1050356,389.43199999999996,385.51300000000003,390.95349999999996,0.9961082328205273,32.947255880256535,2.0980714418623734,3.0571073154428055,-0.00030718820397301894,0.011116376991595314,0.014565919821216404,0.10382761744423363,1349702.0,0.011523097408583427,0.004122708183959878,1
2025-02-18,391.05,392.75,389.0,392.13,1357158,390.04200000000003,386.293,391.0155,0.9975103288744309,43.00385109114246,2.241651281485588,2.8940161086513623,0.004122708183959878,0.009136336365625037,0.01442386280738947,0.292093347398406,1290764.7,0.009563155076122714,0.011807308800652727,1
2025-02-19,393.0,397.99,393.0,396.76,3874273,391.618,387.87199999999996,391.09299999999996,1.0013423917073434,59.03556934829315,2.697941454620775,2.854801177845245,0.011807308800652727,0.008742026251217613,0.014454582373492113,1.8546956212909627,1543310.5,0.012576872668615811,0.0018651073696944742,1
2025-02-20,398.0,399.0,396.55,397.5,4448109,393.51,389.97999999999996,391.239,1.0058046360408854,56.4467005076142,3.083719322978766,2.900584806871949,0.0018651073696944742,0.006800740413903399,0.014451487087499035,0.14811449786837438,1730749.0,0.006163522012578588,-0.0021635220125786336,0
2025-02-21,398.89,398.89,396.0,396.64,2255486,394.71,391.363,391.3835,1.0084993363286903,56.5184243964422,3.282220851487466,2.976912015795053,-0.0021635220125786336,0.0058315438877373366,0.014452055344200692,-0.4929337388090085,1849546.4,0.0072862041145622895,0.021303953206938342,1
2025-02-24,396.0,407.9,396.0,405.09,2649788,397.62399999999997,393.52799999999996,391.235,1.0163303385433307,75.55391432791734,4.074411839903291,3.1964119806167006,0.021303953206938342,0.008015171597120178,0.01278177208278075,0.17481908555406678,2021743.5,0.029376188007603193,-0.005381520156014563,0
2025-02-25,405.1,411.9,400.95,402.91,2365345,399.78,394.911,390.89750000000004,1.0227233481923008,77.81440162271812,4.474739117552133,3.4520774080037873,-0.005381520156014563,0.007978357334614336,0.012789831320486948,-0.10734556877757773,2128238.2,0.027177285249807618,-0.002357846665508534,0
2025-02-26,403.0,403.97,400.5,401.96,417315,400.82,396.21899999999994,391.062,1.0249525650664089,85.63058035714289,4.661608191293453,3.6939835646617207,-0.002357846665508534,0.008102470978935607,0.011240816279664705,-0.8235711915175165,2027000.2,0.008632699771121573,-0.0007960991143397544,0
2025-02-27,402.5,403.89,400.25,401.64,465521,401.64799999999997,397.579,391.68449999999996,1.0254375651832024,81.62579778300308,4.729364779651519,3.9010598076596805,-0.0007960991143397544,0.00801050053958112,0.009700481556024512,0.1155146591902998,1983490.9,0.009062842346379808,-0.010432227865750376,0
2025-02-28,398.5,403.0,396.0,397.45,873235,401.81,398.26,391.936,1.0251928886348791,71.01710171017105,4.3943095166312105,3.999709749453987,-0.010432227865750376,0.009014290610225885,0.009923381801829527,0.8758230026142753,1975658.6,0.01761227827399673,-0.0030695684991821626,0
2025-03-03,399.5,399.5,396.0,396.23,758785,400.038,398.831,392.172,1.0200575257795048,62.36596333448643,3.9844022932776397,3.996648258218718,-0.0030695684991821626,0.009126511003411617,0.009936746161802285,-0.13106437556900485,1946501.5,0.008833253413421498,0.006889937662468704,1
2025-03-04,396.23,402.0,394.0,398.96,580547,399.248,399.514,392.9035,1.0161477309313864,66.03053435114506,3.835621394145562,3.964442885404087,0.006889937662468704,0.009256242283702905,0.00895237064359637,-0.23489921387481305,1868840.4,0.020052135552436335,-0.004987968718668467,0
2025-03-05,399.0,402.22,396.01,396.97,1159512,398.25,399.535,393.70349999999996,1.0115480304340705,63.70052163240265,3.5165979387670063,3.8748738960766707,-0.004987968718668467,0.008741350127116233,0.008754468197450398,0.997274983765311,1597364.3,0.01564349950877909,0.0028717535330125,1
2025-03-06,398.0,399.99,394.5,398.11,2749521,397.54400000000004,399.596,394.788,1.006980961934,61.9980725987794,3.317515767871896,3.763402270435716,0.0028717535330125,0.008769851270801559,0.008106923934600371,1.371274294703289,1427505.5,0.01379015849890736,-0.005249805330185153,0
2025-03-07,398.15,398.9,393.0,396.02,1509104,397.258,399.534,395.44849999999997,1.004575817078583,58.30815709969791,2.9570096138330086,3.6021237391151746,-0.005249805330185153,0.008914895522209273,0.007572371163441964,-0.4511393075375675,1352867.3,0.01489823746275435,-0.004494722488763148,0
2025-03-10,397.0,399.99,393.0,394.24,1613423,396.86,398.449,395.98850000000004,1.0022008214885028,53.1710249474001,2.498869355097952,3.3814728623117305,-0.004494722488763148,0.004816926851824218,0.007699166806283131,0.06912644854165118,1249230.8,0.01773031655844158,-0.0036272321428572063,0
2025-03-11,393.0,395.8,392.0,392.81,480872,395.63,397.43899999999996,396.175,0.9986243453019499,43.431992018623205,1.9973763392217734,3.104653557693739,-0.0036272321428572063,0.004739776667413404,0.007101712932680905,-0.7019554078502661,1060783.5,0.009673888139304018,-0.011481377765331868,0
2025-03-12,392.2,394.0,387.0,388.3,1033336,393.896,396.07300000000004,396.146,0.9943202758578907,36.40661938534275,1.2219345024045651,2.7281097466359046,-0.011481377765331868,0.00551812497808416,0.007590799199417195,1.1488795355104893,1122385.6,0.01802729848055627,0.013185681174349817,1
2025-03-13,391.85,395.45,390.05,393.42,673213,392.95799999999997,395.251,396.415,0.9912793410945598,45.77427821522312,1.0089024706827558,2.3842682914452746,0.013185681174349817,0.007629314275279743,0.008122940304791843,-0.3485052296639235,1143154.8,0.013725789232880833,0.010345178181078829,1
2025-03-14,396.0,399.0,395.0,397.49,960831,393.252,395.255,396.7575,0.9911646282678966,38.73072360616845,1.1551719333430697,2.138449019824834,0.010345178181078829,0.007913648150526434,0.008303066026002785,0.4272317973657669,1151914.4,0.010063146242672771,-0.007346096757151144,0
2025-03-17,399.4,401.99,390.0,394.57,1859547,393.318,395.08900000000006,396.96000000000004,0.9908252720677145,37.89901334881014,1.0236716897482552,1.9154935538095184,-0.007346096757151144,0.00821024482797126,0.008503778261998243,0.9353528352020282,1261990.6,0.03038751045441876,0.014294041614922648,1
2025-03-18,395.94,402.98,394.0,400.21,2116605,394.798,395.214,397.364,0.9935424447106432,47.76500638569603,1.358893189042874,1.8041734808561896,0.014294041614922648,0.009212350846062355,0.009017318372066178,0.13823689317882248,1415596.4,0.022438219934534417,-0.0020988980785087152,0
2025-03-19,402.01,402.25,398.5,399.37,2459057,397.012,395.45400000000006,397.4945,0.9987861467265584,47.1388958911016,1.5390366065638545,1.7511461059977227,-0.0020988980785087152,0.009070524490192676,0.008674519981654296,0.16179306011277483,1545550.9,0.009389788917545133,-0.04254200365575789,0
2025-03-20,380.0,389.0,380.0,382.38,1798871,394.804,393.881,396.7385,0.9951239922518232,35.639412997903534,0.3073080977092104,1.4623785043400204,-0.04254200365575789,0.016309234220022364,0.012916168998522003,-0.2684712066454743,1450485.9,0.02353679585752393,-0.010931534076050076,0
2025-03-21,382.38,383.89,377.0,378.2,846847,390.946,392.09900000000005,395.8165,0.9876950556634199,33.73624391123934,-0.9946707408260522,0.9709686553068058,-0.010931534076050076,0.01645969848502531,0.01307494947889021,-0.5292341696541887,1384260.2,0.01821787414066628,-0.014304600740348894,0
2025-03-24,379.0,379.85,372.0,372.79,905239,386.59000000000003,389.954,394.2015,0.9806913469380508,27.48236103940802,-2.434971303885561,0.2897806634683324,-0.014304600740348894,0.016751107472246386,0.012078756041770885,0.06895224284906254,1313441.8,0.02105743179806331,0.002521526864990964,1
2025-03-25,372.56,375.0,368.11,373.73,1273893,381.294,388.046,392.74249999999995,0.9708498570946613,29.635471433578672,-3.460677200255361,-0.4603109092764064,0.002521526864990964,0.016937292392657097,0.012162770309264158,0.4072449375247862,1392743.9,0.018435769138147824,0.0009632622481470232,1
2025-03-26,375.0,378.0,372.93,374.09,725327,376.238,386.625,391.349,0.9613874061259898,28.66027007818046,-4.196137065499499,-1.207476140521025,0.0009632622481470232,0.01685172454787953,0.012204379922915305,-0.43062172411654664,1361943.0,0.013552888342377485,-0.011574754738164605,0
2025-03-27,374.0,375.0,368.01,369.76,1526604,373.714,384.259,389.755,0.9588433759669536,27.56322624743673,-5.0699459392320705,-1.9799701002632344,-0.011574754738164605,0.015905218992613712,0.012315499682811837,1.104711392241017,1447282.1,0.018904154045867615,-0.0051384681955862765,0
2025-04-03,371.0,372.0,365.01,367.86,1415857,371.646,381.296,388.2755,0.9571708748041017,27.50682128240105,-5.848343821054129,-2.753644844421413,-0.0051384681955862765,0.014848494709876018,0.012227765204393908,-0.07254468087336341,1492784.7,0.019001794160822077,0.006850432229652537,1
2025-04-04,367.5,374.16,367.5,370.38,1747673,371.164,378.87700000000007,386.983,0.9591222353436714,31.223840616105747,-6.190526277512333,-3.4410211310395975,0.006850432229652537,0.015539711854494362,0.012457510726363866,0.2343570007423066,1481597.3,0.017981532480155583,-0.014849613910038362,0
2025-04-07,369.0,369.5,344.0,364.88,2699575,369.39399999999995,375.344,385.279,0.958770138003888,30.71475625823446,-6.826817076418195,-4.118180320115317,-0.014849613910038362,0.01391819734012199,0.012470689964117173,0.5446682531571982,1539894.3,0.06988598991449244,-0.005727910545932802,0
2025-04-08,366.0,369.25,362.0,362.79,1957241,367.134,371.686,383.57000000000005,0.9571499335193054,23.452938117524624,-7.414260670131739,-4.777396390118602,-0.005727910545932802,0.01376149452514117,0.012473686560409734,-0.27498180269116435,1489712.7,0.019984012789768184,-0.004658342291683937,0
2025-04-09,362.0,364.9,355.1,361.1,1810470,365.402,369.55800000000005,381.71950000000004,0.9572526423198184,17.103597902729973,-7.924830315689235,-5.406883175232728,-0.004658342291683937,0.007382720782704483,0.012355193091644968,-0.07498872136849777,1490872.6,0.02713929659374122,0.003932428690113454,1
2025-04-10,370.0,373.0,362.0,362.52,951478,364.334,367.99,380.0445,0.9586614199126681,20.21929009477779,-8.121261458896015,-5.949758831965386,0.003932428690113454,0.007698601465089233,0.012507005834553636,-0.4744580136649599,1501335.7,0.030343153481187247,-0.018481738938541326,0
2025-04-11,363.0,363.0,355.0,355.82,1293884,361.422,366.293,378.1235,0.9558305685840739,9.549845088390583,-8.71708344905636,-6.503223755383581,-0.018481738938541326,0.008390127171222454,0.012901296050003107,0.35986749036761756,1540200.2,0.02248327806194143,-0.011269743128548115,0
2025-04-14,356.11,358.6,347.9,351.81,2034307,358.808,364.101,376.0735,0.9540900914315951,9.028256374913695,-9.404441607169986,-7.0834673257408625,-0.011269743128548115,0.008218187372880211,0.012970448355009264,0.572248362295229,1616241.6,0.030414143998180966,0.0026434723288137896,1
2025-04-15,352.5,357.84,351.0,352.74,1260194,356.798,361.966,374.2955,0.953252176422105,14.697474988089397,-9.761608920709989,-7.6190956447346885,0.0026434723288137896,0.008391612268887398,0.013007281864702076,-0.380529094182933,1669728.3,0.019391052900153017,0.001871066507909358,1
2025-04-16,353.5,357.0,352.0,353.4,851256,355.258,360.33000000000004,372.2945,0.954239184301675,17.758710348413715,-9.877547882364297,-8.070786092260612,0.001871066507909358,0.008445434919374304,0.01242083604427772,-0.32450400493892206,1602193.5,0.01414827391058291,-0.0037917374080361776,0
2025-04-17,352.0,356.0,350.05,352.06,868913,353.166,358.75,370.023,0.9544433724390105,19.860424542017796,-9.96271318984435,-8.44917151177736,-0.0037917374080361776,0.008444556099932044,0.011875406760322156,0.020742291390603906,1547499.1,0.016900528319036497,-0.021132761461114535,0
2025-04-18,352.06,352.06,340.0,344.62,2144220,350.926,356.174,367.52549999999997,0.954834426454763,14.404499877720497,-10.509407226304802,-8.86121865468285,-0.021132761461114535,0.008943046528960762,0.012349435789076135,1.4677039013111783,1587153.8,0.03499506703035228,-0.003598166095989841,0
2025-04-21,345.07,346.99,339.3,343.38,1781417,349.23999999999995,354.024,364.684,0.9576510074475434,13.239166866171743,-10.91688081924326,-9.272351087594933,-0.003598166095989841,0.008566054861961379,0.01135910251881213,-0.16920045517717397,1495338.0,0.022395014269905054,0.048954511037334836,1
2025-04-22,342.51,364.99,342.51,360.19,3244836,350.72999999999996,353.764,362.725,0.9669308704941758,41.17972350230412,-9.770748952522752,-9.372030660580497,0.048954511037334836,0.01938968050340096,0.016992105978629556,0.8214915429683225,1624097.5,0.06241150503900724,-0.004469863127793738,0
2025-04-23,357.02,368.98,355.0,358.58,1729427,351.76599999999996,353.512,361.535,0.9729791029914114,41.40103780578202,-8.889867872299874,-9.275598102924373,-0.004469863127793738,0.01938533769317991,0.014519159635727186,-0.4670217539499685,1615993.2,0.038987115845836404,-0.011545540744045901,0
2025-04-24,350.0,359.95,350.0,354.44,1424330,352.242,352.704,360.347,0.9775077911013552,35.66030946383589,-8.42866625249792,-9.106211732839084,-0.011545540744045901,0.019605731336208777,0.014537207243792276,-0.17641507852022664,1663278.4,0.028072452319151304,0.012555016363841487,1
2025-04-25,354.0,361.5,350.0,358.89,1460600,355.096,353.011,359.652,0.9873321989033844,44.507610489638715,-7.616287020430946,-8.808226790357457,0.012555016363841487,0.019172979290688754,0.014691401606223587,0.025464604410494696,1679950.0,0.032043244448159605,-0.0015325029953467961,0
2025-04-28,359.9,364.39,354.5,358.34,1293660,358.08799999999997,353.66400000000004,358.8825,0.9977861835001706,45.80109454614073,-6.936886915302239,-8.433958815346413,-0.0015325029953467961,0.01872132669923191,0.014656602717744624,-0.11429549500205394,1605885.3,0.027599486521180966,-0.004744097784227241,0
2025-04-29,358.01,359.9,351.0,356.64,1015748,357.378,354.054,358.01,0.9982346861819502,45.79245283018864,-6.461153078915913,-8.039397668060314,-0.004744097784227241,0.018838303553057427,0.014651430625816754,-0.21482615215744472,1581440.7,0.024955136832660322,-0.016711529834006256,0
2025-04-30,352.99,355.2,348.0,350.68,2490268,355.798,353.782,357.056,0.9964767431439326,39.711505039972195,-6.490237360050116,-7.729565606458275,-0.016711529834006256,0.019669151474122182,0.01486629107197133,1.451659269818892,1745341.9,0.020531538724763283,0.0033648910687806843,1
2025-05-02,353.99,359.9,350.52,351.86,1181451,355.28200000000004,353.762,356.256,0.9972660109584122,46.19377162629759,-6.344930316949558,-7.452638548556532,0.0033648910687806843,0.019670380951319403,0.0149096653236135,-0.5255727495996415,1776595.7,0.02665833001762063,0.012931279486159353,1
2025-05-05,353.49,356.99,350.0,356.41,520825,354.78599999999994,354.941,355.5575,0.9978301681162679,54.37595129375954,-5.795815906349958,-7.121274020115218,0.012931279486159353,0.01849665786645093,0.01516202384200252,-0.5591649590207296,1614256.2,0.019612244325355653,0.0006172666311270447,1
2025-05-06,356.0,361.95,355.5,356.63,822914,354.444,356.26599999999996,355.145,0.9980261583296964,53.75120540019285,-5.281999021619811,-6.753419020416136,0.0006172666311270447,0.018363957407732206,0.014853398356654298,0.5800201603225652,1518405.9,0.018085971455009363,-0.0015141743543729547,0
2025-05-07,330.01,367.49,330.01,356.09,4727615,354.33399999999995,355.856,354.81,0.9986584369098953,52.600038662284945,-4.862319137325642,-6.375199043798038,-0.0015141743543729547,0.00933359226329568,0.01481322922644252,4.744968490024474,1666683.8,0.1052542896458761,-0.069617231598753,0
2025-05-08,350.0,354.0,314.18,331.3,5731517,350.45799999999997,353.128,353.32,0.9918996943280878,36.19313647246608,-6.455648924418995,-6.39128901992223,-0.069617231598753,0.0236695745089702,0.021368170861125812,0.2123485097665525,2066892.8,0.1201931783881678,0.019197102324177484,1
2025-05-09,329.9,339.5,325.0,337.66,3507282,347.618,351.45,352.077,0.9873351567980868,45.303643724696364,-7.123065151635615,-6.537644246264907,0.019197102324177484,0.025058718054176476,0.02193442005727548,-0.3880709068820698,2275188.0,0.04294260498726529,0.10001184623585857,1
2025-05-12,371.43,371.43,366.0,371.43,3064636,350.62199999999996,352.704,352.8575,0.9936645813111523,63.15295882959769,-4.870891937612839,-6.204293784534494,0.10001184623585857,0.041534961991126454,0.03152720229225503,-0.12620770157632033,2435591.6,0.014619174541636396,-0.00710766497051929,0
2025-05-13,380.0,380.0,366.05,368.79,1503139,353.054,353.74899999999997,353.7065,0.9981552501862418,54.650659744754506,-3.2614583148017573,-5.615726690587947,-0.00710766497051929,0.041657698019767285,0.031444384362325724,-0.5095211959919547,2456539.5,0.03782640527129257,0.00968030586512647,1
2025-05-14,369.9,378.6,365.01,372.36,10549653,356.30800000000005,355.321,354.6875,1.0045688105726873,57.297182800254205,-1.6785521053080856,-4.8282917735319755,0.00968030586512647,0.04158469299273208,0.03148166289663443,6.018414797300848,3409930.0,0.0364969384466646,0.0032226877215597582,1
2025-05-15,373.99,374.98,370.5,373.56,874562,364.76000000000005,357.60900000000004,355.6955,1.0254838759556983,60.45037166593792,-0.32352812800894526,-3.9273390444273697,0.0032226877215597582,0.040895821678795345,0.03148017642298901,-0.9171004013117777,3248359.4,0.011992718706499674,-0.013920119927187002,0
2025-05-16,372.9,372.9,368.0,368.36,825762,370.9,359.259,356.5105,1.0403620650724172,55.13390436951103,0.3269724596528363,-3.0764767436113285,-0.013920119927187002,0.04143199593881666,0.03168005604534566,-0.05579936013684561,3212790.5,0.013302204365294758,-0.006026712998154049,0
2025-05-19,370.2,370.2,365.01,366.14,723490,369.842,360.232,357.5865,1.0342728262951761,54.15335463258786,0.6558037182522298,-2.330020651238617,-0.006026712998154049,0.04148026406032487,0.03125840497867883,-0.12385166670299674,3233057.0,0.014174905773747741,-0.010214671983394319,0
2025-05-20,367.1,368.0,362.0,362.4,664767,368.564,360.809,358.5375,1.0279649966879336,53.00187617260788,0.607613921220377,-1.7424937367468183,-0.010214671983394319,0.04170341095369445,0.03137214815305641,-0.08116629117195817,3217242.3,0.016556291390728478,0.00030353200883004305,1
2025-05-21,364.2,367.0,361.51,362.51,570082,366.59399999999994,361.45099999999996,358.6535,1.0221397532716114,56.56565656565656,0.5717089358396379,-1.2796532022295273,0.00030353200883004305,0.041688553329462835,0.02946216263278511,-0.14243336387034855,2801489.0,0.015144409809384593,-0.0015447849714490536,0
2025-05-22,362.1,365.49,361.11,361.95,551933,364.272,364.516,358.822,1.0151885893284136,55.63876159606571,0.49239068306729905,-0.925244425170162,-0.0015447849714490536,0.033310484914287446,0.0294422762039946,-0.0318357709943482,2283530.6,0.012101118939079971,-0.005276971957452581,0
2025-05-23,361.95,362.0,359.52,360.04,306606,362.608,366.754,359.102,1.0097632427555403,52.09029137394909,0.2722707906324331,-0.6857413820096431,-0.005276971957452581,0.03340638232183473,0.02933632267084919,-0.44448692141981005,1963463.0,0.006888123541828736,-0.007221419842239785,0
2025-05-26,360.0,361.48,356.41,357.44,405528,360.868,365.355,359.0295,1.0051207491306424,50.453984979262415,-0.1106980229918122,-0.5707327102060769,-0.007221419842239785,0.006882440952996622,0.0292660747570481,0.3226355648617445,1697552.2,0.014184198746642774,-0.0012029991047448618,0
2025-05-27,357.5,359.0,355.78,357.01,415111,359.79,364.177,358.96299999999997,1.0023038586149549,50.51627384960719,-0.44378529266333544,-0.5453432266975287,-0.0012029991047448618,0.0068211612487383095,0.029265143903536347,0.023630920676254163,1588749.4,0.009019355200134527,0.006582448670905627,1
2025-05-29,355.0,360.0,355.0,359.36,375871,359.16,362.877,359.09900000000005,1.00016986959028,71.04710471047105,-0.5122293325180749,-0.5387204478616379,0.006582448670905627,0.006213461085254703,0.029273793506593256,-0.09452893322508915,571371.2,0.013913624220837043,0.022345280498664133,1
2025-05-30,358.0,370.5,355.0,367.39,1950609,360.248,362.26,359.93449999999996,1.0008709918054537,71.75471974242643,0.08055359161301112,-0.41486563996670806,0.022345280498664133,0.010191631124120222,0.029348329088077104,4.189570357915349,678975.9,0.04218949889762923,-0.005443806309371468,0
2025-06-02,371.0,373.88,363.55,365.39,2067310,361.318,361.96299999999997,360.611,1.0019605613805458,41.73960612691463,0.3845225083355217,-0.2549880103062621,-0.005443806309371468,0.009374480044735487,0.029404350789032932,0.05982798192769545,803130.7,0.02827116231971314,0.017926051616081518,1
2025-06-03,365.07,375.0,365.07,371.94,4787806,364.218,362.543,361.3875,1.007832312960465,53.89177168272792,1.140799893137114,0.024169570382413103,0.017926051616081518,0.010829302911519945,0.02952046779660969,1.3159593868360333,1209562.3,0.026697854492660125,0.007662526213905618,1
2025-06-04,373.0,376.0,371.1,374.79,1677490,367.774,363.782,362.2955,1.015121634135671,53.056603773584904,1.9476747684871611,0.4088706100033627,0.007662526213905618,0.010109232176357869,0.029538348660804847,-0.6496328380890954,1310834.6,0.013073988100002607,-0.00496277915632759,0
2025-06-05,374.79,375.0,370.1,372.93,299701,370.488,364.824,363.1375,1.0202416440053699,49.22048997772829,2.409269901385528,0.8089504682797959,-0.00496277915632759,0.010421561558803766,0.029575466141051755,-0.8213396205044441,1283796.5,0.01313919502319464,0.016356957069691314,1
2025-06-10,372.94,384.8,371.03,379.03,1435155,372.816,366.532,365.524,1.0199494424442717,62.9145485354635,3.230072129139103,1.2931748004516574,0.016356957069691314,0.011091815828318578,0.024282582757259627,3.78862266058505,1372118.7,0.03632957813365707,0.018837559032266693,1
2025-06-11,384.01,388.0,382.01,386.17,1163351,376.972,369.145,367.9495,1.0245210280215082,71.66342202033312,4.4059135083861065,1.9157225420385473,0.018837559032266693,0.011306669350433795,0.024273223177822125,-0.18938999620250074,1457793.2,0.015511303312012868,-0.007406064686537039,0
2025-06-12,386.49,391.65,382.51,383.31,1299086,379.246,371.73199999999997,368.5435,1.029039991208636,73.0540242557883,5.0487987655353095,2.5423377867378996,-0.007406064686537039,0.011332754617817124,0.0106969663944783,0.11667587856115658,1547149.0,0.02384492969137248,-0.012313793013487895,0
2025-06-13,374.01,383.0,374.01,378.59,896241,380.006,373.89,369.0335,1.0297330730136964,66.0928742994395,5.118423411272829,3.0575549116448855,-0.012313793013487895,0.01269652255033079,0.010980361785285228,-0.31009879253567507,1595262.0,0.023746004912966558,-0.0025621384611320686,0
2025-06-16,378.59,380.0,375.05,377.62,365382,380.94399999999996,375.716,369.29650000000004,1.0315396977767184,65.55489378598372,5.037264106237842,3.453496750563477,-0.0025621384611320686,0.012972893321816765,0.010832904732488585,-0.5923172450267282,1594213.1,0.013108415867803582,-0.0027011281182139912,0
2025-06-17,380.0,382.44,375.51,376.6,490513,380.458,376.637,369.44849999999997,1.0297998232500607,66.73403395311234,4.834905515612377,3.7297785035732574,-0.0027011281182139912,0.011607387765090247,0.01084292053943018,0.34246624081098687,1448203.5,0.0184014869888476,-0.005443441317047326,0
2025-06-18,377.0,378.0,374.0,374.55,855820,378.134,377.553,369.758,1.022652653897955,67.4841610463928,4.457731058391687,3.8753690145369437,-0.005443441317047326,0.011607359873561552,0.01040815792535711,0.7447447875999209,1327054.5,0.010679482045120812,0.002402883460152161,1
2025-06-19,375.0,378.9,373.99,375.45,779533,376.562,377.904,370.22349999999994,1.0171207392291415,68.66396761133602,4.183218522866696,3.9369389162028945,0.002402883460152161,0.010283477385559757,0.010283481705923497,-0.08913907130003973,926227.2,0.013077640165135086,-0.003728858702889859,0
2025-06-20,376.0,376.51,373.0,374.05,517905,375.654,377.83000000000004,370.806,1.013074222099966,65.15995872033024,3.8087916813828997,3.9113094692388954,-0.003728858702889859,0.010090979448258808,0.009999390647915834,-0.33562145540984156,810268.7,0.00938377222296482,-0.0059885042106671005,0
2025-06-23,370.0,374.88,369.71,371.81,2266260,374.492,377.71799999999996,371.271,1.0086756035348843,55.180496952648866,3.293342826301455,3.7877161406514075,-0.0059885042106671005,0.010150350870965318,0.010141308834055066,3.3758218206041652,1006924.6,0.013904951453699512,0.016164169871708545,1
2025-06-24,382.0,382.0,376.0,377.82,1675741,374.736,377.59700000000004,372.0645,1.0071802066577165,63.31690593529034,3.3314003577755216,3.6964529840762306,0.016164169871708545,0.010115417517436904,0.010639266247416686,-0.26056983752967444,1030983.2,0.01588057805304113,0.0008204965327405223,1
2025-06-25,379.99,381.5,377.0,378.13,598595,375.452,376.793,372.969,1.0066573897562532,57.6552065298046,3.347982180351835,3.6267588233313512,0.0008204965327405223,0.0076331316427678,0.01050014753624773,-0.6427878771242095,974507.6,0.011900669082061725,-7.9337793880363e-05,0
2025-06-26,380.0,380.0,376.01,378.1,646232,375.98199999999997,376.27200000000005,374.002,1.0052940893364206,54.40042541877161,3.3204268313121474,3.565492424927511,-7.9337793880363e-05,0.007413096213637815,0.010270850983016132,0.07958135300161207,909222.2,0.010552763819095501,0.02232213700079333,1
2025-06-27,378.0,393.0,378.0,386.54,2555814,378.48,377.067,375.47850000000005,1.007993799911313,65.3994116315909,3.9342746139014366,3.639248862722296,0.02232213700079333,0.009511976030283925,0.011094707819144749,2.9549480681860385,1075179.5,0.038805815698245975,0.015186009209913642,1
2025-06-30,387.0,395.75,383.25,392.41,1691136,382.6,378.546,377.131,1.014501592284909,65.21838034576894,4.8386365562274705,3.8791264014233313,0.015186009209913642,0.010173906755533459,0.011362066947092377,-0.3383180466184159,1207754.9,0.031854437960296626,0.05043194617874147,1
2025-07-01,396.16,424.98,396.16,412.2,5743151,389.476,382.10600000000005,379.3715,1.0266348421006848,72.99063769652007,7.070730538890587,4.517447228916783,0.05043194617874147,0.017548011822862745,0.01487913194750896,2.3960314250302757,1733018.7,0.06991751576904413,0.0038816108685104656,1
2025-07-02,408.31,419.4,408.31,413.8,2404409,396.61,386.031,381.79200000000003,1.0388117089933786,77.542908762421,8.86657932258521,5.387273647650469,0.0038816108685104656,0.01691938569642129,0.014650149383967638,-0.5813432382328099,1887877.6,0.026800386660222268,-0.00014499758337360724,0
2025-07-03,414.4,416.5,408.0,413.74,1245585,403.738,389.86,383.882,1.0517242277574879,84.67153284671544,10.167753391604208,6.343369596441217,-0.00014499758337360724,0.01706740213476528,0.014453942297351707,-0.48195793644093,1934482.8,0.020544303185575482,-0.021462754386813,0
2025-07-04,417.0,417.0,403.0,404.86,1818337,407.402,392.941,385.38550000000004,1.0571285115812608,73.24232081911268,10.362943862868576,7.147284449726689,-0.021462754386813,0.0194010693504928,0.01563671186978305,0.45982570438789816,2064526.0,0.03457985476460999,0.00864496369115253,1
2025-07-07,406.11,411.67,406.11,408.36,1426719,410.592,396.596,387.15700000000004,1.060530999052064,75.9986902423052,10.676976923114296,7.8532229444042105,0.00864496369115253,0.01876056112453116,0.015522725087065068,-0.21537151804093524,1980571.9,0.013615437359192874,-0.005240474091487868,0
2025-07-08,409.99,410.0,403.5,406.22,1089933,409.396,399.43600000000004,388.51650000000006,1.0537416042819288,75.88687264999189,10.63062701962457,8.408703759448283,-0.005240474091487868,0.019142605458900078,0.015417115025408107,-0.23605629419668483,1921991.1,0.016001181625720052,-0.010363842252966493,0
2025-07-09,406.99,406.99,400.7,402.01,1257874,407.038,401.824,389.3085,1.0455410041137043,70.59553349875932,10.137325790171076,8.754428165592842,-0.010363842252966493,0.019884426493869223,0.015278333551889884,0.15408378313162374,1987919.0,0.01564637695579717,0.006815750851968838,1
2025-07-10,401.9,405.99,401.5,404.75,729807,405.24000000000007,404.489,390.3805,1.0380641451097072,73.32117897295655,9.853886641281065,8.974319860730487,0.006815750851968838,0.019757102488342587,0.015141936117277705,-0.4198091382761707,1996276.5,0.011093267449042642,0.002470660901791266,1
2025-07-11,405.97,412.0,405.1,405.75,1215743,405.418,406.40999999999997,391.7385,1.0349199785060699,76.27748528956334,9.599296007349778,9.099315090054345,0.002470660901791266,0.019031278689182942,0.014718573734376503,0.6658417910488663,1862269.4,0.017005545286506413,0.016709796672828015,1
2025-07-14,408.4,414.9,406.0,412.53,1645667,406.25199999999995,408.422,393.48400000000004,1.0324485874902154,76.55700076511094,9.83129142512621,9.245710357068718,0.016709796672828015,0.019127559451902858,0.01492529490305999,0.3536306604274093,1857722.5,0.021574188543863424,0.007296439046857284,1
2025-07-15,412.53,424.0,409.5,415.54,4398897,408.11600000000004,408.756,395.43100000000004,1.0320789214806123,77.4871418074945,10.141130667827042,9.424794419220383,0.007296439046857284,0.010867641000991331,0.01483735235183303,1.6730176882686472,1723297.1,0.03489435433411946,0.05438706261731707,1
2025-07-16,418.42,443.2,417.5,438.14,5384435,415.342,411.19000000000005,398.6105,1.0419745591247596,83.12734495696313,12.071162773443632,9.954068090065034,0.05438706261731707,0.02017648400860008,0.018252136643823903,0.22404207236495877,2021299.7,0.058657050257908405,0.029214406354133304,1
2025-07-17,439.98,460.0,439.98,450.94,5014390,424.58000000000004,414.91,402.38500000000005,1.055158616747642,83.9018740787534,14.46681570207835,10.856617612467698,0.029214406354133304,0.021301996371153903,0.01879395445402004,-0.06872494514280514,2398180.2,0.04439615026389316,0.041291524371313226,1
2025-07-18,470.0,490.0,465.0,469.56,6741644,437.342,421.38,407.1605,1.0741267878391936,85.80711036851386,17.664243886027748,12.218142867179708,0.041291524371313226,0.02061311940722025,0.01981146491064524,0.34445944571523146,2890510.9,0.05324133231109975,-0.01475849731663692,0
2025-07-21,469.5,472.95,462.0,462.63,1430727,447.36199999999997,426.80699999999996,411.7015,1.0866173671944357,76.57847580900177,19.415229000107445,13.657560093765255,-0.01475849731663692,0.022657487308101607,0.020312390699208035,-0.7877777289931062,2890911.7,0.02366902276116981,0.014633724574714124,1
2025-07-22,460.51,481.98,460.51,469.4,2299489,458.134,433.125,416.2805,1.1005415819381403,77.78888444622149,21.105884243331047,15.147224923678415,0.014633724574714124,0.02175460430657907,0.0202954989496167,0.6072171700121687,3011867.3,0.04573924158500219,-0.0016190881976991811,0
2025-07-23,473.01,476.0,468.01,468.64,1113464,464.23400000000004,439.788,420.80600000000004,1.1032019505425303,77.2483621203097,22.129322006616405,16.543644340266013,-0.0016190881976991811,0.020786255051839,0.02036775253509473,-0.5157776358138699,2997426.3,0.017049334243769223,-0.011565380675998549,0
2025-07-24,469.0,470.98,462.0,463.22,579790,466.68999999999994,445.63500000000005,425.062,1.0979339484592834,79.99588815789475,22.24661003190704,17.68423747859422,-0.011565380675998549,0.022403491665057965,0.02085219901903465,-0.4792916519977296,2982424.6,0.01938603687232852,-0.0006260524156987968,0
2025-07-25,463.0,466.75,462.0,462.93,404751,465.36400000000003,451.35299999999995,428.88149999999996,1.0850642893200104,79.00499627936642,22.061845834833832,18.559759149842144,-0.0006260524156987968,0.02259814056202138,0.020793313705568743,-0.3019006881802032,2901325.4,0.010260730564016158,0.0022033568790098546,1
2025-07-28,462.93,466.74,460.4,463.95,891725,465.628,456.49500000000006,432.4585,1.0766998451874572,81.0543302850995,21.74703803559032,19.19721492699178,0.0022033568790098546,0.022833325178735563,0.02080119536921524,1.2031446494264375,2825931.2,0.013665265653626538,0.007500808276754034,1
2025-07-29,468.0,476.5,465.11,467.43,4320236,465.23400000000004,461.684,435.21999999999997,1.0689628233996602,85.46952938625029,21.530171092757485,19.663806160144922,0.007500808276754034,0.02282869299007387,0.018326148289006503,3.8448075359555913,2818065.1,0.024367284941060663,-0.007038487046188813,0
2025-07-30,467.0,470.5,462.5,464.14,1217782,464.334,464.284,437.73699999999997,1.060760228173538,82.00927023822356,20.852452877230235,19.901535503561988,-0.007038487046188813,0.0179101621898258,0.018568196515230898,-0.7181214174410843,2401399.8,0.017236178739173526,-0.014090576119274334,0
2025-07-31,465.0,469.39,455.0,457.6,2066423,463.21000000000004,464.95,439.93,1.0529175096038006,76.37066422540944,19.562132875011116,19.833654977851815,-0.014090576119274334,0.016857380012300364,0.019063086793733686,0.6968743174065637,2106603.1,0.03144667832167829,0.0019012237762237039,1
2025-08-01,460.0,461.5,454.8,458.47,2146032,462.31800000000004,463.841,442.61049999999994,1.0445256043406113,74.8593073593074,18.397669820565852,19.546457946394625,0.0019012237762237039,0.009583054666263911,0.018029752598584154,0.03852502609581876,1647041.9,0.014613824241498872,0.005169367679455528,1
2025-08-04,458.47,462.0,455.51,460.84,2673024,461.696,463.662,445.2345,1.0369726514903943,74.6839581517001,17.464740990780285,19.13011455527176,0.005169367679455528,0.00875093010907402,0.01802360635083221,0.24556576975553024,1771271.6,0.014082978908080915,0.02078812603072655,1
2025-08-05,461.5,475.75,461.5,470.42,4778350,462.29400000000004,463.764,448.44449999999995,1.0308834203563653,70.49784099568203,17.29900198179405,18.763892040576216,0.02078812603072655,0.010043062772090397,0.01809252911810652,0.7876195649571422,2019157.7,0.030292079418392074,-0.010394966200416689,0
2025-08-06,470.99,473.0,449.98,465.53,6692036,462.572,463.453,451.6205,1.024249342091424,60.29930820273894,16.58192438806651,18.327498510074278,-0.010394966200416689,0.010594047646425837,0.018094149231342938,0.40049096445425714,2577014.9,0.04944901510106756,-0.034691641784632576,0
2025-08-07,460.0,460.88,446.5,449.38,2787767,460.928,462.06899999999996,453.852,1.015590985607643,35.23990637799882,14.542824570894652,17.570563722238354,-0.034691641784632576,0.014899354798104272,0.02041063982490346,-0.5834202027604155,2797812.6,0.03199964395389202,0.008567359473051761,1
2025-08-08,449.38,475.0,440.0,453.23,10147069,459.88,461.09900000000005,456.22599999999994,1.008009188428542,42.800245098039234,13.086631556632994,16.673777289117282,0.008567359473051761,0.015334446604309543,0.020409500046175248,2.6398554829008307,3772044.4,0.07722348476490964,-0.002162257573417481,0
2025-08-11,459.0,465.0,451.1,452.25,2716599,458.162,459.929,458.212,0.999890880203923,35.58581274163727,11.718427553360925,15.682707341966012,-0.002162257573417481,0.015263190810321875,0.020311852673594973,-0.7322774684985389,3954531.8,0.030735212824765015,-0.011055831951354289,0
2025-08-12,451.89,455.1,446.2,447.25,1834615,453.52799999999996,457.91100000000006,459.79749999999996,0.9863646496555549,33.218264553585456,10.114069117140843,14.56897969700098,-0.011055831951354289,0.015046127244969728,0.020605572277118758,-0.32466477385878445,3705969.7,0.019899385131358378,-0.010665176076020133,0
2025-08-13,447.3,453.0,441.05,442.48,1415239,448.918,455.745,460.01450000000006,0.9758779342825062,33.56055802155993,8.361320266915527,13.327447810983891,-0.010665176076020133,0.015162705710618805,0.017039526975308382,-0.22859073974648636,3725715.4,0.02700687036702221,-0.00033899837280793044,0
2025-08-15,443.0,445.8,441.15,442.33,2249571,447.508,454.218,459.584,0.9737240635009051,33.635208134731485,6.88083247523565,12.038124743834244,-0.00033899837280793044,0.01483272671481471,0.015655451943292847,0.5895343472021333,3744030.2,0.010512513281938902,0.004498903533560972,1
2025-08-18,443.0,446.85,440.06,444.32,1140487,445.726,452.80300000000005,458.322,0.9725171386056092,34.642465967767194,5.801238536167489,10.790747502300894,0.004498903533560972,0.014955944628211133,0.012230175714742535,-0.49302022474507357,3643475.7,0.015281778898091512,-0.006256751890529322,0
2025-08-19,444.32,445.99,439.5,441.54,1540546,443.584,450.87300000000005,457.2674999999999,0.9700755028511759,29.52064546748936,4.6675254666849355,9.566103095177702,-0.006256751890529322,0.014694228682194704,0.011932658263154438,0.3507790969997904,3530227.9,0.014698555057299471,-0.011052226298863044,0
2025-08-20,441.54,443.0,435.9,436.66,1817922,441.466,447.497,455.63050000000004,0.9689123094261687,28.79629629629632,3.3368098086380087,8.320244437869764,-0.011052226298863044,0.011861646153437044,0.01138832849332058,0.18005044964577488,3234185.1,0.016259790225805024,-0.006229102734392922,0
2025-08-21,437.0,442.5,433.5,433.94,7185967,439.758,444.338,453.89549999999997,0.9688529628515815,30.60019678583143,2.039219936280631,7.064039537551938,-0.006229102734392922,0.0118160906107745,0.011393918298885563,2.9528467117951154,3283578.2,0.02074019449693506,0.007328202055583821,1
2025-08-22,436.98,442.0,434.8,437.12,5105826,438.716,443.11199999999997,452.5905000000001,0.9693442526964219,33.13319639753516,1.253025934447578,5.901836816931066,0.007328202055583821,0.00755219790401785,0.011496958797501637,-0.2894726624823075,3515384.1,0.016471449487554878,-0.0010752196193265506,0
2025-08-25,437.11,439.79,434.0,436.65,692494,437.18199999999996,441.454,451.27650000000006,0.9687674851227571,30.2980941521421,0.585289597576093,4.838527373060072,-0.0010752196193265506,0.0064893435913419475,0.011492860353964674,-0.8643717980205358,2569926.6,0.013260048093438729,0.011863048207946925,1
2025-08-26,436.74,444.87,435.0,441.83,2316037,437.23999999999995,440.412,450.1705,0.9712764385938215,24.91665204421831,0.46868375418586083,3.96455864928523,0.011863048207946925,0.008159526453810153,0.011911943422834111,2.3444867392352857,2529870.4,0.022338908630016082,-0.0031007401036597937,0
2025-08-27,444.51,452.2,439.5,440.46,2492253,438.0,439.733,448.82199999999995,0.9758879912303765,26.556947821208198,0.2626970249863234,3.2241863244254487,-0.0031007401036597937,0.007577908585873628,0.011683183497299528,0.07608514026330315,2595634.2,0.028833492258093788,-0.009126821958861164,0
2025-08-28,440.0,442.0,434.0,436.44,1235448,438.5,439.129,447.437,0.9800262383307594,34.34929850024193,-0.22236604803316595,2.5348758499337256,-0.009126821958861164,0.007384384634064498,0.011731333371482314,-0.5042846773581976,2577655.1,0.018330125561360096,-0.00029786454037206145,0
2025-08-29,437.25,440.0,435.55,436.31,725022,438.338,438.52700000000004,446.37249999999995,0.982000459257683,27.511961722488053,-0.6102375035551404,1.9058531792359528,-0.00029786454037206145,0.007385021166551022,0.011447406792987643,-0.4131505332478582,2425200.2,0.010199170314684487,-0.00632577754348973,0
2025-09-01,434.0,440.88,425.0,433.55,2576761,437.718,437.45,445.1265,0.9833564166590846,26.269035532994963,-1.1273420626842494,1.2992141308519125,-0.00632577754348973,0.0072248759440979235,0.011435676245603554,2.554045256557732,2568827.6,0.03662783992619074,0.013170337907969065,1
2025-09-02,433.5,440.15,430.51,439.26,1246210,437.204,437.22200000000004,444.0475,0.9845883604794532,40.0398903016704,-1.0641351837947468,0.8265442679225807,0.013170337907969065,0.00856783977014559,0.011858609539527812,-0.5163657009711029,2539394.0,0.02194600009106221,0.014547193006419823,1
2025-09-03,440.5,448.48,440.5,445.65,4199286,438.242,438.121,442.809,0.9896862981556382,53.798226695422905,-0.4927436384106727,0.5626866866559301,0.014547193006419823,0.008878305621220502,0.011286640451823251,2.369645565354154,2777530.4,0.017906428811847903,0.011309323460114484,1
2025-09-04,447.0,454.7,446.5,450.69,3414581,441.092,439.796,442.067,0.9977944519722123,58.96610896610898,0.36259439445041153,0.5226682282148265,0.011309323460114484,0.008787379511761126,0.011542287232421141,-0.1868662910790072,2400391.8,0.01819432425835938,-0.008009940313741137,0
2025-09-05,451.0,453.0,444.2,447.08,1351142,443.246,440.79200000000003,441.95200000000006,1.002927919774093,52.86069651741292,0.7406216920543898,0.5662589209827391,-0.008009940313741137,0.00942430507923017,0.008703541831272098,-0.6043022555329629,2024923.4,0.019683278160508213,0.006598371656079349,1
2025-09-08,446.0,452.11,445.0,450.03,2271795,446.54200000000003,442.13,441.79200000000003,1.010751665942344,58.76884941127861,1.2636844273047814,0.7057440222471476,0.006598371656079349,0.009431769790648683,0.008609533875923201,0.6813887807499137,2182853.5,0.01579894673688424,0.015687843032686777,1
2025-09-09,451.99,459.9,449.05,457.09,3184024,450.108,443.65600000000006,442.034,1.0182655632824624,70.19173749752909,2.22228133466848,1.0090514847314143,0.015687843032686777,0.009894496987094123,0.009305487602841354,0.40154547395341567,2269652.2,0.023737119604454193,-0.002669058609901742,0
2025-09-10,458.0,461.39,455.0,455.87,1778983,452.15199999999993,445.197,442.46500000000003,1.021893257093781,72.33652475045835,2.850671716965678,1.377375531178267,-0.002669058609901742,0.009863658515394714,0.008935461133528227,-0.4412783948864707,2198325.2,0.01401715401320549,-0.006405334854234779,0
2025-09-11,454.0,458.46,451.6,452.95,747686,452.604,446.84799999999996,442.98849999999993,1.0217059810807732,66.20929756297357,3.0775796037573286,1.7174163456940794,-0.006405334854234779,0.009508052512731919,0.008690356792343479,-0.579711554298158,2149549.0,0.015145159509879583,-0.01315818523015777,0
2025-09-12,452.0,454.86,445.0,446.99,604518,452.58600000000007,447.916,443.2215,1.0211282620540747,59.517673048600926,2.744842710460091,1.9229016186472818,-0.01315818523015777,0.010887610723173785,0.009264090341941873,-0.19148145076944068,2137498.6,0.022058659030403396,0.020626859661289965,1
2025-09-15,448.01,459.0,447.01,456.21,863105,453.82199999999995,450.18199999999996,443.816,1.022545379166141,62.32008224811517,3.18836972898265,2.1759952407143555,0.020626859661289965,0.011767566739971418,0.010271696485201962,0.4277573207083991,1966133.0,0.02628175620876353,-0.007934942241511589,0
2025-09-16,457.15,460.0,451.95,452.59,1595164,452.9219999999999,451.515,444.36850000000004,1.0192486641154805,60.0065995710279,3.2107527807712017,2.382946748725725,-0.007934942241511589,0.012062156286770577,0.010343889801513179,0.8481691103631654,2001028.4,0.017786517598709674,-0.00028723568792943244,0
2025-09-17,453.98,454.5,448.49,452.46,865622,452.23999999999995,452.196,445.1584999999999,1.0159078171033464,64.12200282087448,3.1813292141580405,2.542623241812188,-0.00028723568792943244,0.011385563637138859,0.009940205727626371,-0.4573460785223338,1667662.0,0.013282942138531564,0.0015249966847898921,1
2025-09-18,454.0,455.5,451.5,453.15,977164,452.28000000000003,452.442,446.119,1.013810216556569,64.69972067039106,3.1770648333168197,2.6695115601131145,0.0015249966847898921,0.010864655977832125,0.009759078746003515,0.12885763069792588,1423920.3,0.0088270991945272,-0.0033101621979476636,0
2025-09-19,453.29,455.0,451.0,451.65,514239,453.212,452.899,446.8455,1.014247653831134,66.1549446626205,3.0178598074917886,2.7391812095888497,-0.0033101621979476636,0.010547992318662111,0.00975553664120505,-0.4737434043824783,1340230.0,0.00885641536588066,-0.006465183217092774,0
2025-09-22,452.99,453.99,447.5,448.73,1335828,451.716,452.76899999999995,447.4495,1.0095351542464568,58.89535975953414,2.6258004874579797,2.716505065162676,-0.006465183217092774,0.0105957097105839,0.009908937973017003,1.5976792892021026,1246633.3,0.014463040135493524,-0.002830209702939457,0
2025-09-23,448.73,455.0,445.5,447.46,1165463,450.68999999999994,451.80600000000004,447.73099999999994,1.0066088789920733,51.88110579921015,2.1873973109362055,2.610683514317382,-0.002830209702939457,0.009001100538684898,0.009634167588920202,-0.1275351317684612,1044777.2,0.021230948017699907,-0.007933670048719366,0
2025-09-24,448.0,452.0,443.01,443.91,1320212,448.98,450.60999999999996,447.90350000000007,1.0024034194865634,42.72844272844274,1.5358005508587098,2.3957069216256475,-0.007933670048719366,0.00919064108933969,0.009793210999529258,0.13277898998080584,998900.1,0.020251852853055818,-0.0038971863666058537,0
2025-09-25,447.0,447.0,441.7,442.18,1914578,446.78600000000006,449.533,448.1905,0.9968662878842816,44.52391595887351,0.8697825701613624,2.0905220513327905,-0.0038971863666058537,0.009109645720606043,0.009592209243951353,0.4502049670810446,1115589.3,0.011986069021665411,0.02569089511058853,1
2025-09-26,443.5,455.4,443.26,453.54,6755801,447.16400000000004,450.188,449.052,0.9957955871480364,53.301975540921966,1.244272385054785,1.9212721180771895,0.02569089511058853,0.011863585826277825,0.011093224311607417,2.52861100461825,1730717.6,0.026767209066454967,0.031044670811835706,1
2025-09-29,457.0,469.89,452.0,467.62,4126708,450.942,451.329,450.7554999999999,1.0004137498044952,58.750207744723326,2.646687227093196,2.066355139880391,0.031044670811835706,0.013994110026494063,0.012655028690965466,-0.38916081157511895,2057077.9,0.03825755955690515,-0.01022197510799372,0
2025-09-30,469.0,474.29,462.0,462.84,3227258,454.01800000000003,452.354,451.93449999999996,1.0046101813426505,55.468382237564704,3.3339730751051206,2.319878726925337,-0.01022197510799372,0.014201834640900426,0.012829524681032147,-0.21795823692880623,2220287.3,0.02655345259700981,0.0038026099732089147,1
2025-10-01,465.0,467.49,458.5,464.6,2236492,458.15600000000006,453.56800000000004,452.88199999999995,1.01164541757014,59.30957327792875,3.974849758589073,2.6508729332580843,0.0038026099732089147,0.014176908915380378,0.012528546311902415,-0.30699931644758494,2357374.3,0.0193499784761085,-0.00243219974171327,0
2025-10-02,466.99,467.4,459.11,463.47,2343001,462.41400000000004,454.6,453.521,1.0196087943005947,64.27086941461727,4.341521237004258,2.989002594007319,-0.00243219974171327,0.014269532352734303,0.012376144578562768,0.04762324211309488,2493958.0,0.01788681036528786,0.03931214533842531,1
2025-10-03,467.0,484.0,467.0,481.69,5450020,468.04400000000004,457.604,455.25149999999996,1.0280998524991134,69.08900209769254,6.0327707287881935,3.597756220963494,0.03931214533842531,0.01821330220596749,0.014761793928432078,1.3260852214745107,2987536.1,0.03529240798023625,0.010234798314268545,1
2025-10-06,485.0,494.9,480.0,486.62,4486357,471.84399999999994,461.3929999999999,457.081,1.032298432881699,75.0036737692873,7.682350578718115,4.414675092514418,0.010234798314268545,0.017638057802194754,0.014819874636850996,-0.17681825020825614,3302589.0,0.030619374460564664,-0.00842546545559164,0
2025-10-07,489.89,490.0,481.0,482.52,2153354,475.78000000000003,464.899,458.3525000000001,1.0380220463507888,70.86920299916689,8.560142762239138,5.243768626459363,-0.00842546545559164,0.018111939486438456,0.014801447257651175,-0.5200217013492239,3401378.1,0.01865207659786123,-0.01479731410096985,0
2025-10-08,482.0,482.0,473.1,475.38,2927164,477.93600000000004,468.046,459.328,1.0405113557196601,64.16464891041163,8.580747546909606,5.911164410549412,-0.01479731410096985,0.01888452458445539,0.015278634763665607,0.35935104028413356,3562073.3,0.018721864613572253,-0.0004627876646050577,0
2025-10-09,475.38,477.85,470.1,475.16,1630983,480.274,471.34400000000005,460.43850000000003,1.043079586090216,65.22865656173082,8.481554742341928,6.425242476907915,-0.0004627876646050577,0.018693964663559073,0.015159655472069015,-0.44281119882589426,3533713.8,0.01631029547941746,0.012374779021803173,1
2025-10-10,473.5,489.0,468.49,481.04,3039458,480.14400000000006,474.09399999999994,462.14099999999996,1.0389556434075318,70.15595757953835,8.776243516628313,6.895442684851995,0.012374779021803173,0.017691681675509312,0.014843070992797166,0.8635742984445576,3162079.5,0.04263678696158322,-0.014551804423748593,0
2025-10-13,475.1,478.0,467.0,474.04,3481489,477.628,474.736,463.03249999999997,1.0315215454638713,65.47508150908246,8.348706305409507,7.186095408963498,-0.014551804423748593,0.01635750673554785,0.014826056450787455,0.14543086300254848,3097557.6,0.023204792844485695,0.00675048519112309,1
2025-10-14,478.0,484.99,476.0,477.24,2705867,476.572,476.17600000000004,464.265,1.0265085673053105,69.48439144159943,8.173869956957105,7.3836503185622195,0.00675048519112309,0.0158816326440198,0.014669821382348638,-0.2227845614333407,3045418.5,0.018837482189254903,0.010895985248512208,1
2025-10-15,481.0,488.99,477.0,482.44,3445854,477.98400000000004,477.96000000000004,465.764,1.0262364631014849,72.61797752808988,8.358555211509156,7.578631297151608,0.010895985248512208,0.016069799292953862,0.014760570118881275,0.27347500819515513,3166354.7,0.024852831440179107,-0.00887156952159851,0
2025-10-16,483.0,486.84,477.2,478.16,1247476,478.584,479.429,467.01449999999994,1.0247733207427179,65.02685546875,8.066572944146742,7.676219626550635,-0.00887156952159851,0.01647518392264693,0.015007930627450688,-0.6379776972558907,3056802.2,0.020160615693491687,-0.0019449556633762688,0
2025-10-17,479.0,481.49,475.51,477.23,971397,477.822,478.983,468.29349999999994,1.0203472822065651,56.987058310309735,7.671697117077599,7.675315124656028,-0.0019449556633762688,0.010534827625496405,0.01498178139824619,-0.2213100692919142,2608939.9,0.01253064560065381,0.007103493074618106,1
2025-10-20,480.0,481.32,475.5,480.62,1280352,479.13800000000003,478.3830000000001,469.88800000000003,1.0196855420866249,63.19382606114578,7.545322071743385,7.649316514073499,0.007103493074618106,0.010209263755145255,0.014843688516045946,0.318052248462781,2288339.4,0.01210935874495442,0.013232907494486357,1
2025-10-21,481.99,492.49,481.99,486.98,3777246,481.08599999999996,478.829,471.86400000000003,1.0195437668480747,65.54598499583219,7.867674135122627,7.692988038283326,0.013232907494486357,0.010785523595510764,0.014915151194427672,1.9501621429106994,2450728.6,0.02156146042958643,-0.021048092324120082,0
2025-10-22,488.65,488.65,475.5,476.73,2933956,479.9440000000001,478.96400000000006,473.50499999999994,1.013598589244042,58.1750924784217,7.212905248765878,7.596971480379836,-0.021048092324120082,0.011922272218775338,0.01574838672074977,-0.22325524998901314,2451407.8,0.027583747613953342,0.0026639817087239503,1
2025-10-23,477.99,482.9,468.51,478.0,4572921,479.912,479.24800000000005,475.296,1.0097118427253753,47.12392829306313,6.719021873429256,7.4213815589897205,0.0026639817087239503,0.011939639278820205,0.015650061063108317,0.5586194884994866,2745601.6,0.030104602510460224,-0.0015062761506277056,0
2025-10-24,478.99,480.98,472.02,477.28,1077724,479.922,478.872,476.483,1.0072174663104456,42.208875542208844,6.198070261716225,7.176719299535022,-0.0015062761506277056,0.011211094079121846,0.014827707266180582,-0.7643248155828627,2549428.2,0.018773047267851235,-0.0017809252430438516,0
2025-10-27,476.99,479.99,472.1,476.43,928332,479.084,479.11100000000005,476.92350000000005,1.0045300766265448,44.62868230728525,5.651477742434281,6.871670988114874,-0.0017809252430438516,0.010137327117085145,0.01325332238401333,-0.13861805063262955,2294112.5,0.016560669982998523,-0.0016791553848414242,0
2025-10-28,476.0,481.5,475.0,475.63,1091260,476.814,478.95,477.563,0.9984316205401172,50.248262164846075,5.095013771573122,6.516339544806525,-0.0016791553848414242,0.009912379858754167,0.013007440460223904,0.1755061766695536,2132651.8,0.013666084982023843,-0.0035952315875785734,0
2025-10-29,475.03,480.5,473.03,473.92,896031,476.25200000000007,478.09799999999996,478.029,0.9962826523077053,48.804012345679,4.464564634612657,6.105984562767752,-0.0035952315875785734,0.009122596637473274,0.013041964910061809,-0.17890236973773432,1877669.5,0.015762153950033816,0.0058870695476029855,1
2025-10-30,476.0,484.25,475.26,476.71,1488695,475.994,477.953,478.691,0.9943658852997028,45.558974358974304,4.14230887620073,5.7132494254543476,0.0058870695476029855,0.009034522137310659,0.013056923565247756,0.661432472760429,1901791.4,0.018858425457825533,0.025487193471922298,1
2025-10-31,480.1,491.0,477.01,488.86,3301015,478.30999999999995,479.116,479.04949999999997,0.9984563181884126,63.74768089053805,4.811854263471162,5.5329703930577105,0.025487193471922298,0.012109677172135838,0.01118025748656899,1.2173883837857988,2134753.2,0.028617600130916843,0.012948492410915113,1
2025-11-03,484.0,502.98,481.5,495.19,5474556,482.062,480.573,479.47799999999995,1.0053891940818975,65.73733122917764,5.786548179270255,5.58368595030022,0.012948492410915113,0.01249282340969293,0.011316443921478223,0.6584462657697707,2554173.6,0.04337728952523277,0.01766998525818364,1
2025-11-04,499.3,515.5,497.0,503.94,4594263,487.724,482.26900000000006,480.549,1.014930839518967,67.74513040607464,7.182259387611168,5.9034006377624095,0.01766998525818364,0.01296414604891518,0.011679083927360105,-0.1607971495770616,2635875.3,0.03671071953010279,-0.019109417787831928,0
2025-11-05,505.0,506.49,491.1,494.31,1735687,491.80199999999996,484.02699999999993,481.4955,1.021405184472129,62.24783861671469,7.425711082036628,6.207862726617253,-0.019109417787831928,0.012564520574228565,0.012044231302470116,-0.6222055637650696,2516048.4,0.031134308429932606,-0.0021444033096640336,0
2025-11-06,494.1,499.2,485.23,493.25,1727305,495.11,485.55199999999996,482.4,1.0263474295190713,62.125340599455036,7.4472676963922595,6.455743720572255,-0.0021444033096640336,0.012699792292611803,0.012068344985620016,-0.004829211718472282,2231486.8,0.028322351748606124,-0.007724277749619923,0
2025-11-07,490.01,495.0,488.1,489.44,438145,495.226,486.76800000000003,482.82,1.0256948759372022,56.63357400722021,7.075356010244775,6.579666178506759,-0.007724277749619923,0.013102618493194707,0.011990202182790661,-0.7463418446655339,2167528.9,0.01409774436090221,0.02282200065380846,1
2025-11-10,491.0,502.89,490.5,500.61,1770586,496.30999999999995,489.186,484.14850000000007,1.0251193590396332,59.55954551830552,7.594395503887085,6.782612043582825,0.02282200065380846,0.014431886119254158,0.012356450192779096,3.041095984206142,2251754.3,0.024749805237610088,-0.011485987095743222,0
2025-11-11,500.0,500.0,488.0,494.86,3047641,494.494,491.10900000000004,485.0295,1.019513246101526,63.57239107650846,7.455815101425856,6.917252655151431,-0.011485987095743222,0.015250413767559675,0.01271740309780407,0.7212612095656465,2447392.4,0.024249282625388998,0.03601018469870243,1
2025-11-12,495.0,524.88,494.0,512.68,6959776,498.168,494.985,486.5415,1.0238962144030879,70.80633549316053,8.683812619709215,7.270564648062988,0.03601018469870243,0.017942184270229287,0.014733430107659127,1.2836600505111986,3053766.9,0.06023250370601545,0.03832800187251317,1
2025-11-13,520.0,534.99,515.01,532.33,4281336,505.98400000000004,500.547,489.25,1.0342033725089423,76.91405104136113,11.114479477398902,8.039347613930172,0.03832800187251317,0.020289675543957674,0.01639366969664175,-0.38484571917257104,3333031.0,0.03753310916161031,-0.0010519790355607572,0
2025-11-14,532.0,536.0,524.6,531.77,2205142,514.45,504.838,491.97700000000003,1.0456789646670475,77.1327711315944,12.847514998638417,9.000981090871822,-0.0010519790355607572,0.01995786785452263,0.01637351020468354,-0.48494068206746677,3223443.7,0.021437839667525393,0.00889482294977162,1
2025-11-17,549.24,557.0,532.5,536.5,5321290,521.6279999999999,508.96900000000005,494.771,1.054281677786289,78.73666320460767,14.436217871419899,10.088028446981438,0.00889482294977162,0.019901411488336844,0.016387341088419227,1.413128043454798,3208117.1,0.045666356011183594,-0.00011183597390485023,0
2025-11-18,535.98,544.0,532.1,536.44,2038737,529.944,512.2189999999999,497.244,1.0657624828052223,79.98273546901976,15.511626471218278,11.172748051828806,-0.00011183597390485023,0.019757207758423035,0.01633354070784879,-0.6168716608190872,2952564.5,0.022183282380135665,0.05633435239728568,1
2025-11-19,537.0,570.5,537.0,566.66,8869346,540.74,519.454,501.74050000000005,1.077728427344414,84.15217556382413,18.588124645177572,12.65582337049856,0.05633435239728568,0.023046363143233887,0.01882088163167376,3.3504120443195955,3665930.4,0.059118342568736104,-0.0016059012458969901,0
2025-11-20,570.0,586.0,564.5,565.75,4861261,547.424,526.704,506.12800000000004,1.0815920083457147,81.9178082191781,20.7140633895026,14.267471374299369,-0.0016059012458969901,0.023005074296611926,0.01891862399586175,-0.45190310536988865,3979326.0,0.03800265134776845,-0.01481219619973484,0
2025-11-21,561.0,565.05,556.01,557.37,1138827,552.5440000000001,533.497,510.1325,1.0831382042900621,75.3795918367347,21.47513718189964,15.709004535819425,-0.01481219619973484,0.023844067210720805,0.019518270465207172,-0.7657342405602168,4049394.2,0.016219028652421127,0.01469400936541243,1
2025-11-24,556.8,569.99,551.0,565.56,3571848,558.356,539.992,514.589,1.085052342743432,75.26652452025587,22.48002249295837,17.063208127247215,0.01469400936541243,0.023622133645029898,0.019432815078696892,2.1364272185327535,4229520.4,0.03357733927434757,0.009848645590211591,1
2025-11-25,568.68,575.85,566.35,571.13,2112989,565.2940000000001,547.619,519.364,1.0884350859897876,82.58398371224976,23.4554736911615,18.341661240030074,0.009848645590211591,0.02212943414421037,0.01927635008413964,-0.4084325536808957,4136055.2,0.016633691103601633,0.03204174181009578,1
2025-11-26,574.0,592.0,572.3,589.43,3794944,569.8480000000001,555.294,525.1395,1.0851364256545166,85.59058614564833,25.41224629726173,19.755778251476407,0.03204174181009578,0.02173596442400121,0.019658668640778653,0.7960074567354587,3819572.0,0.03342211967494028,0.006243319817450965,1
2025-11-27,590.0,599.0,584.0,593.11,2747356,575.3199999999999,561.3720000000001,530.9594999999999,1.0835478035518717,88.39914067708722,26.94929325306964,21.194481251795054,0.006243319817450965,0.020093852736965987,0.019653813560191653,-0.2760483422153265,3666174.0,0.02529041830351874,-0.011684173256225727,0
2025-11-28,594.1,597.84,584.02,586.18,2209831,581.082,566.8129999999999,535.8255,1.0844612658412114,82.72275334608028,27.29359735516323,22.414304472468693,-0.011684173256225727,0.021063115305592697,0.0199828385749916,-0.19565174662475482,3666642.9,0.023576375857245303,-0.000870039919478649,0
2025-12-01,589.99,589.99,582.0,585.67,1202893,585.1039999999999,571.7299999999999,540.3495,1.0828250974600697,86.17640028682972,27.211629374123618,23.37376945279968,-0.000870039919478649,0.021343714917087645,0.020088854153629782,-0.4556628991085744,3254803.2,0.013642494920347652,-0.009544624105724875,0
2025-12-02,586.5,592.0,578.0,580.08,2118929,586.894,576.0939999999999,544.1564999999999,1.0785389864864245,79.74929378531078,26.391379481581225,23.977291458555992,-0.009544624105724875,0.021990185392681653,0.02036300932279073,0.7615274176506139,3262822.4,0.024134602123844984,-0.023789822093504442,0
2025-12-03,582.0,582.0,565.01,566.28,3757579,582.2639999999999,576.056,547.755,1.0630007941506694,65.80098668900678,24.34712239219232,24.051257645283258,-0.023789822093504442,0.016312392309144746,0.020705937335699583,0.7733387952121096,2751645.7,0.03000282545737093,-0.008582326764144943,0
2025-12-04,568.0,571.8,559.0,561.42,1560313,575.926,575.6229999999999,551.1635,1.0449276847977054,63.26859393179988,22.0803440755235,23.65707493133131,-0.008582326764144943,0.016538791221439184,0.02090498516934652,-0.5847557696059085,2421550.9,0.02279933026967325,0.010740621994228983,1
2025-12-05,567.01,569.0,556.0,567.45,3436193,572.18,576.6310000000001,555.064,1.030836083766917,63.69105547199861,20.533775946218725,23.032415134308792,0.010740621994228983,0.01607427467503949,0.020640601275443326,1.2022459596247677,2651287.5,0.022909507445589918,0.022045995241871452,1
2025-12-08,569.99,590.0,565.91,579.96,21031396,571.0379999999999,578.071,559.0314999999999,1.021477322834223,67.34140898948039,20.086022842675334,22.443136675982103,0.022045995241871452,0.016872287894709705,0.02061123079771241,5.120551435847753,4397242.3,0.04153734740326925,0.011518035726601816,1
2025-12-09,589.87,594.1,583.0,586.64,2160163,572.35,579.622,563.6205,1.0154882585001788,59.7998822836963,20.039196076734925,21.962348556132667,0.011518035726601816,0.01695951609966542,0.020127321563057857,-0.8972886535919917,4401959.7,0.018921314605209367,-0.011045956634392451,0
2025-12-10,586.0,591.0,578.0,580.16,1575523,575.126,578.695,566.9945,1.014341408955466,56.701702167240235,19.257218455821658,21.421322536070466,-0.011045956634392451,0.013906936316746218,0.019511749135111302,-0.27064624289926265,4180017.6,0.02240761169332598,-0.013789299503585206,0
2025-12-11,578.25,580.86,570.7,572.16,1644729,577.274,576.6,568.986,1.0145662634933021,56.90282833940071,17.78692580746133,20.69444319034864,-0.013789299503585206,0.014109443326021555,0.018472918132689437,0.04392573132858102,4069754.9,0.01775727069351225,0.022336409395973256,1
2025-12-12,574.14,587.0,570.0,584.94,2156839,580.772,576.476,571.6445,1.015967091435324,58.673469387755134,17.451774293134008,20.045909410905715,0.022336409395973256,0.01590421917046927,0.018887008867157214,0.3113643645852904,4064455.7,0.029062809860840425,-0.0019660136082334523,0
2025-12-15,587.0,588.99,582.5,583.79,1107217,581.5379999999999,576.288,574.009,1.013116519078969,55.899347623485525,16.898572687400247,19.416442066204624,-0.0019660136082334523,0.015913903004453844,0.018923508885968013,-0.48664828482793565,4054888.1,0.011117011254046847,-0.01060312783706463,0
2025-12-16,585.49,585.49,576.27,577.6,1714865,579.7299999999999,576.0400000000001,576.067,1.0063586353670666,43.786111986553266,15.778787125216809,18.68891107800706,-0.01060312783706463,0.01598626323101194,0.01919857367467501,0.5488066024997811,4014481.7,0.01596260387811639,-0.0041204986149584455,0
2025-12-17,579.01,583.0,570.89,575.22,3069421,578.742,576.934,576.495,1.0038976920875289,40.47289381190758,14.531789466808505,17.857486755767347,-0.0041204986149584455,0.013843228284138195,0.014747671761432317,0.7898907494175926,3945665.9,0.021052814575292955,0.023938666944821163,1
2025-12-18,577.5,594.0,571.4,588.99,3917911,582.108,579.691,577.6569999999999,1.0077052645427997,51.39481782984218,14.48765409948794,17.18352022451147,0.023938666944821163,0.014947379130243403,0.015604775728750893,0.2764332426213283,4181425.7,0.03837077030170295,-0.006774308562114806,0
2025-12-19,592.0,594.0,583.01,585.0,1543331,582.1200000000001,581.446,579.0385,1.0053217532167553,49.67853372996835,13.969683038487574,16.54075278730669,-0.006774308562114806,0.015211504057638372,0.01524482709656693,-0.6060831907616073,3992139.5,0.0187863247863248,-0.0033846153846154303,0
2025-12-22,586.0,588.88,580.0,583.02,1078977,581.966,581.752,579.9114999999999,1.0035427819589715,51.46123260437372,13.246717870598673,15.881945803965088,-0.0033846153846154303,0.013758563462065986,0.01502004867263316,-0.300877776705062,1996897.6,0.015231038386333223,-0.004871187952385947,0
2025-12-23,585.0,585.03,579.45,580.18,714823,582.482,581.106,580.364,1.0036494338036128,57.753235162873686,12.302779714895337,15.16611258615114,-0.004871187952385947,0.0132828652657511,0.014956533723309821,-0.33749931648218634,1852363.6,0.009617704850218773,0.004877796545899704,1
2025-12-24,587.16,589.0,581.0,583.01,939677,584.04,581.391,580.0429999999999,1.0068908684356161,62.32165277936307,11.648779396724308,14.462645948265775,0.004877796545899704,0.01289734148252968,0.01309669105219305,0.3145589887286784,1788779.0,0.013721891562751925,0.0038421296375705793,1
2025-12-26,585.0,589.9,584.0,585.25,1203244,583.292,582.7,579.65,1.0062831018718192,60.617990932951514,11.182325820986648,13.80658192280995,0.0038421296375705793,0.011882299994088326,0.013042841352519943,0.2804868055725531,1744630.5,0.010081161896625335,0.02771465185818034,1
2025-12-29,592.2,614.9,592.2,601.47,5105482,586.586,584.353,580.4145000000001,1.0106329183712672,62.28721581172166,11.9833399616939,13.441933530586741,0.02771465185818034,0.01296130859254946,0.014202237683722823,3.243097825544943,2039494.8,0.03774086820622796,-0.008429348097162004,0
2025-12-30,602.49,604.9,593.22,596.4,2085783,589.262,585.614,580.951,1.0143058536778489,55.67970204841711,12.069908419949456,13.167528508459286,-0.008429348097162004,0.013383282840865837,0.01436502664074525,-0.5914620793883907,2137351.4,0.01958417169684767,-0.00954057679409781,0
2025-12-31,597.43,600.0,588.0,590.71,1663489,591.368,586.925,581.4825000000001,1.0170005116233076,56.19640549747447,11.546280762799825,12.843278959327396,-0.00954057679409781,0.013273943085487743,0.014364870220148651,-0.20246305584042057,2132213.8,0.020314536743918334,0.0013543024495945577,1
2026-01-01,591.99,597.0,590.01,591.51,1249483,593.068,588.5540000000001,582.7439999999999,1.017716184122016,62.41498780957267,11.068267290528183,12.488276625567554,0.0013543024495945577,0.013090181117143832,0.013127561564538929,-0.24887811100644486,1950220.0,0.011817213572044445,0.007438589372960713,1
2026-01-02,592.99,603.5,591.0,595.91,1938546,595.2,589.246,584.4685,1.0183611263909007,57.88641265276772,10.918618361648214,12.174344972783688,0.007438589372960713,0.011015264089805552,0.012918070864075615,0.551478491504086,1752283.5,0.020976321927807892,0.010270007215854804,1
2026-01-05,595.91,608.5,595.91,602.03,2807134,595.312,590.949,586.1975,1.0155485139394147,62.238325281803554,11.165148478774768,11.972505673981905,0.010270007215854804,0.010958881037291786,0.012903772581008267,0.44806158842761534,1878663.8,0.02091257910735351,-0.0008471338637608961,0
2026-01-06,604.8,610.99,600.0,601.52,4332251,596.336,592.799,587.2755,1.0154280231339465,67.3736199883788,11.190376935454879,11.816079926276501,-0.0008471338637608961,0.010825055766760135,0.012120759594608798,0.5433003910750254,2203991.2,0.018270381699694124,-0.011554063040297824,0
2026-01-07,604.61,606.49,593.5,594.57,7004933,597.108,594.238,587.672,1.016056575776964,63.17940335104211,10.528201202820242,11.55850418158525,-0.011554063040297824,0.0115588048812893,0.01225398877631034,0.616926858577677,2833002.2,0.02184772188304154,0.0039356173368987335,1
2026-01-08,596.0,605.5,595.0,596.91,7096938,598.188,595.6279999999999,588.5095,1.0164457837978826,56.38915779283638,10.076089717675586,11.262021288803318,0.0039356173368987335,0.011541210474623472,0.011949577940928,0.013134315488813275,3448728.3,0.017590591546464293,0.00423849491548145,1
2026-01-09,598.99,606.0,596.75,599.44,3556030,598.894,597.0469999999999,589.8735,1.015292261815457,61.9299405155321,9.808867446206818,10.971390520284018,0.00423849491548145,0.011547322286501828,0.011403721773459073,-0.49893461095475256,3684006.9,0.015431068997731215,-0.006873081542773218,0
2026-01-12,597.99,599.4,594.5,595.32,1344535,597.552,596.432,590.3925,1.0121266784384964,59.814873922757805,9.159062333845782,10.608924882996371,-0.006873081542773218,0.007671079181106497,0.01055387485495756,-0.6218999839708889,3307912.2,0.00823086743264123,-0.006181549418800114,0
2026-01-13,595.32,598.99,585.99,591.64,2397561,595.576,595.9559999999999,590.785,1.0081095491591696,59.02362204724413,8.25201773203753,10.137543452804604,-0.006181549418800114,0.007459224839239532,0.010656402661953982,0.7831897273034916,3339090.0,0.021972821310256237,-0.009532824014603425,0
2026-01-14,591.0,594.0,583.95,586.0,2395990,593.8620000000001,595.4849999999999,591.2049999999999,1.0044942109758885,52.25456190619817,6.997415633959463,9.509517889035576,-0.009532824014603425,0.007458212999497602,0.010599071563408346,-0.0006552492303636415,3412340.1,0.017150170648464087,0.0012457337883959863,1
2026-01-15,588.7,589.9,581.03,586.73,1396240,591.826,595.0070000000001,591.7805000000001,1.0000768866158989,51.14197530864199,5.992956262143821,8.806205563657226,0.0012457337883959863,0.0074548469847613725,0.010536356429982727,-0.4172596713675767,3427015.8,0.015117686158880582,0.010890869735653563,1
2026-01-16,588.25,594.5,586.77,593.12,1842666,590.562,594.728,591.987,0.9975928525457486,42.404948153538264,5.647434460725435,8.174451343070869,0.010890869735653563,0.007942057031844035,0.009385171896939529,0.3197344296109552,3417427.8,0.013032775829511765,0.010132856757485875,1
2026-01-19,595.5,604.0,595.0,599.13,2043751,591.324,594.438,592.6935000000001,0.9976893622082913,52.44142371668756,5.791798468608704,7.697920768178436,0.010132856757485875,0.007921597594265636,0.009466889479109864,0.10912721024862893,3341089.5,0.01502178158329578,0.0012184333950895354,1
2026-01-20,600.0,602.0,595.0,599.86,1467232,592.9680000000001,594.272,593.5355,0.9990438651100062,58.97939156035327,5.897134389672715,7.3377634924772925,0.0012184333950895354,0.00793713702072352,0.00940438218382003,-0.28208866931441257,3054587.6,0.011669389524222319,-0.0011002567265694374,0
2026-01-21,602.0,605.0,596.12,599.2,2798823,595.608,594.735,594.4865,1.0018865020484065,57.5674079905531,5.859809149598391,7.0421726239015126,-0.0011002567265694374,0.006903729668932903,0.009307938724145442,0.9075531340646878,2633976.6,0.014819759679572756,-0.0012683578104139004,0
2026-01-22,600.0,603.0,596.18,598.44,1445914,597.95,594.888,595.258,1.0045224087706508,52.681789272843,5.7031604954137265,6.774370198203956,-0.0012683578104139004,0.006836702160226872,0.009297390648084885,-0.4833849800433968,2068874.2,0.011396297038968066,0.08752757168638459,1
2026-01-23,600.0,658.28,596.0,650.82,13093752,609.49,600.0260000000001,598.5365,1.0183004712327486,76.11045702665103,9.693898324808401,7.3582758235248455,0.08752757168638459,0.028526636557184577,0.02141441875883309,8.05569210893594,3022646.4,0.09569466211855808,0.002197228112227556,1
2026-01-26,665.05,685.0,649.0,652.25,12628028,620.114,605.7189999999999,601.0755,1.031674057585112,76.88394276629575,12.824147070632648,8.451450072946407,0.002197228112227556,0.028121098001589493,0.020773797816765062,-0.03556841461484839,4150995.7,0.055193560751245686,0.032058259869681915,1
2026-01-27,651.89,684.89,643.0,673.16,9142429,634.774,613.8710000000001,604.9135,1.0493632560688428,86.28012187240327,16.798511221114495,10.120862302580026,0.032058259869681915,0.028348837301873913,0.021434770007344988,-0.2760208482274509,4825482.5,0.062228890605502386,-0.015226692019727817,0
2026-01-28,676.0,679.0,657.41,662.91,6148225,647.516,621.5620000000001,608.5235,1.0640772295564591,78.39442436757872,18.903229444755652,11.877335731015153,-0.015226692019727817,0.028910825102229767,0.021691829957821502,-0.3275063990105912,5200706.0,0.03256852363065881,-0.09927441130771897,0
2026-01-29,665.0,677.0,596.62,597.1,21286706,647.2479999999999,622.5989999999999,608.8030000000001,1.0631485061670192,49.34818941504177,15.087003216044309,12.519269228020985,-0.09927441130771897,0.045865436165315736,0.03203141698268073,2.4622522760634165,7189752.6,0.13461731703232288,-0.014285714285714235,0
2026-01-30,597.1,600.0,575.02,588.57,8150395,634.798,622.144,608.436,1.0433274822660066,48.16486324832799,11.244694880546376,12.264354358526065,-0.014285714285714235,0.046057410088408066,0.03216838202170105,-0.6171133758318454,7820525.5,0.042441850587016015,-0.01357527566814487,0
2026-02-02,590.0,592.0,572.0,580.58,3809888,620.4639999999999,620.289,607.3635,1.0215694555237513,47.06194878333866,7.468815758654273,11.305246638551708,-0.01357527566814487,0.04609935438689016,0.032204841394365975,-0.5325517352226488,7997139.2,0.034448310310379274,0.016311274931964492,1
2026-02-03,581.9,594.0,580.58,590.05,4113507,603.842,619.308,606.79,0.9951416470278021,51.05441291330382,5.180832791261082,10.080363869093583,0.016311274931964492,0.046468315509242124,0.03244557093113005,0.07969236890953235,8261766.7,0.022743835268197544,-1.6947716295234727e-05,0
2026-02-04,592.0,594.0,587.0,590.04,1502927,589.268,618.392,606.5635,0.9714860851337083,50.86499764804264,3.3284149929758087,8.729974093870029,-1.6947716295234727e-05,0.04646844727757431,0.03234025693424265,-0.6346360903239012,8132177.1,0.011863602467629315,-0.022490000677920063,0
2026-02-06,590.44,590.44,574.6,576.77,2569225,585.202,616.225,605.5565,0.9663871166439465,45.87558649916754,0.7805843533736834,7.14009614577076,-0.022490000677920063,0.04698632884948659,0.0327138678022996,0.7094808996045716,8244508.2,0.027463286925464278,-0.0020458761724776453,0
2026-02-09,580.0,584.0,565.0,575.59,1775118,582.606,608.702,604.364,0.9639985174497487,43.913538111490325,-1.3186058554698548,5.448355745522637,-0.0020458761724776453,0.034849748717420054,0.0326890506705674,-0.3090842569257266,7112644.8,0.033009607533139904,0.005351031115898408,1
2026-02-10,577.0,581.49,574.5,578.67,1152696,582.2239999999999,601.344,603.5315,0.964695297594243,44.58693097634494,-2.702545695954427,3.818175457227224,0.005351031115898408,0.035002767792774454,0.0326978631194958,-0.3506369717393435,5965111.6,0.012079423505624983,-0.0017108196381356855,0
2026-02-11,580.0,585.0,576.11,577.68,1032204,579.75,591.796,602.8335,0.9617083324002399,44.511884117106966,-3.835005164186555,2.287539332944468,-0.0017108196381356855,0.031838847287272896,0.03267515311742659,-0.10453059609819071,5154089.1,0.015389142778008564,0.004950837834095001,1
2026-02-12,577.99,584.88,569.2,580.54,1960264,577.85,583.559,602.5605,0.9589908399239578,45.483447719014904,-4.450407822611282,0.9399499018333181,0.004950837834095001,0.03243528077159436,0.03262908228254874,0.8991052156356689,4735293.0,0.027009336135322203,-0.0016536328246113952,0
2026-02-13,580.0,581.9,574.0,579.58,1556166,578.412,581.807,602.203,0.9604933884421035,25.725773476897842,-4.958425200891611,-0.2397251187116678,-0.0016536328246113952,0.011245536166855115,0.032629905159537974,-0.20614468255296226,2762239.0,0.013630560060733595,-0.0175989509644916,0
2026-02-16,579.6,581.0,565.0,569.38,2540401,577.17,579.8879999999999,601.016,0.9603238516112715,23.355411227573725,-6.113613457938527,-1.4145027865570396,-0.0175989509644916,0.011658931963038724,0.03274647965459014,0.6324742990143726,2201239.6,0.02810074115704802,-0.006796866767361021,0
2026-02-17,570.0,573.0,556.98,565.51,1854274,574.538,578.381,599.3349999999999,0.9586258102730528,11.12876435328944,-7.257722622770984,-2.583146753799829,-0.006796866767361021,0.01117895431870225,0.03264793359157502,-0.270086100580184,2005678.2,0.028328411522342632,0.010998921327651123,1
2026-02-18,565.51,575.0,558.88,571.73,2034292,573.348,576.5490000000001,597.9285,0.9588905696918611,16.088961618565847,-7.575213021169361,-3.581560007273736,0.010998921327651123,0.010271385290016912,0.03277752810084767,0.0970827396598346,1797756.7,0.028195127070470335,-0.03258531124831654,0
2026-02-19,574.5,574.5,521.0,553.1,1431956,567.86,572.855,595.6234999999999,0.9533875006610721,24.787989915195894,-9.223785692037836,-4.710005144226557,-0.03258531124831654,0.013756778500131541,0.03348640734764657,-0.2960912199428597,1790659.6,0.0967275357078286,0.004773097089133982,1
2026-02-20,555.03,560.0,549.0,555.74,1033649,563.092,570.7520000000001,593.4884999999999,0.9487833378405817,29.82671746343854,-10.199689799504199,-5.807942075282085,0.004773097089133982,0.012877959039900317,0.03353440155229934,-0.27815589305816657,1637102.0,0.019793428581710872,-0.026379242091625565,0
2026-02-23,555.5,561.5,530.1,541.08,1120583,557.432,567.301,588.0015,0.9480111870462916,27.56701499318484,-12.017509942966399,-7.049855648818948,-0.026379242091625565,0.014713177201970773,0.026191553610709364,0.08410398500845062,1571648.5,0.05803208398018773,-0.013011015007023174,0
2026-02-24,541.3,545.99,521.55,534.04,2140937,551.138,562.838,582.091,0.9468244655904318,17.287700035042604,-13.866371765417284,-8.413158872138615,-0.013011015007023174,0.014269235347631254,0.02607444986205876,0.9105563800271823,1670472.6,0.04576436222005853,-0.004213167552992281,0
2026-02-25,534.0,539.0,530.0,531.79,1611639,543.15,558.249,575.0224999999999,0.9445717341495333,16.84689812179849,-15.336376079127604,-9.797802313536414,-0.004213167552992281,0.014170210556128425,0.02421910541160923,-0.24722726544498974,1728416.1,0.016923973749036276,0.04529983640158708,1
2026-02-26,532.0,572.0,525.0,555.88,2252885,543.7059999999999,555.783,569.671,0.9544210605770697,39.41420897942638,-14.391605942243814,-10.716563039277894,0.04529983640158708,0.021933552195956232,0.02730402794063288,0.39788438974236784,1757678.2,0.08455062243649708,-0.005900554076419318,0
2026-02-27,553.0,561.0,540.0,552.6,1444677,543.078,553.085,567.446,0.9570567067174673,38.59283516919717,-13.749046935372007,-11.323059818496716,-0.005900554076419318,0.021921675667233305,0.016977380641894857,-0.35874356658240436,1746529.3,0.03800217155266015,-0.09971045964531311,0
2026-03-02,497.34,530.0,497.34,497.5,5316323,534.362,545.897,562.8925,0.9493144783417792,23.437397735453928,-17.484374813915565,-12.555322817580487,-0.09971045964531311,0.03732361679598428,0.0273501068139325,2.679938837539464,2024121.5,0.0656482412060302,0.0583517587939697,1
2026-03-03,497.5,547.24,497.5,526.53,4224327,532.86,541.999,560.1899999999999,0.9512129813099128,35.856882154509776,-17.895878139681486,-13.623433882000688,0.0583517587939697,0.04363151249080551,0.03105628018939256,-0.2054043744144214,2261126.8,0.09446755170645549,-0.0029058173323456282,0
2026-03-04,525.0,532.0,516.05,525.0,2820087,531.5020000000001,537.3259999999999,556.9375,0.9543297048591629,34.52924791086352,-18.136390681068633,-14.526025241814278,-0.0029058173323456282,0.04324098942031302,0.030676600776440625,-0.33241744779701,2339706.3,0.030380952380952467,0.02925714285714287,1
2026-03-05,525.0,545.0,525.0,540.36,2591944,528.3979999999999,536.052,554.4535,0.9530068797473548,39.886539453326456,-16.892844772684498,-14.999389147988321,0.02925714285714287,0.0436949740036747,0.03162880548785437,-0.08089927722088008,2455705.1,0.03701236212895107,-0.03344066918350741,0
2026-03-06,532.0,534.0,516.0,522.29,1263260,522.336,532.7070000000001,551.7295,0.9467247990183595,38.330772661941815,-17.167527097766083,-15.433016737943875,-0.03344066918350741,0.04474914549057006,0.03205939524455039,-0.5126206430385842,2478666.2,0.03446361216948439,-0.09743629018361444,0
2026-03-09,498.0,498.0,470.06,471.4,6139627,517.116,525.7389999999999,546.52,0.9461977603747347,31.086458458941266,-21.246693852770022,-16.595752160909107,-0.09743629018361444,0.053299122598417,0.03819223118189098,3.8601451799312887,2980570.6,0.059270258803563854,0.08175647008909626,1
2026-03-10,500.0,518.0,498.0,509.94,2261379,513.798,523.329,543.0835,0.9460755114084667,39.0096403543097,-21.12607870238537,-17.50181746920436,0.08175647008909626,0.06103608869630587,0.043217012502229424,-0.6316748558177883,2992614.8,0.03922030042750128,-0.004667215750872589,0
2026-03-11,506.1,517.98,506.1,507.56,1068523,510.30999999999995,520.906,539.5775000000001,0.9457584869643375,41.40300536132296,-20.98068416915089,-18.197590809193667,-0.004667215750872589,0.06103734778921826,0.04320879327711908,-0.527490526798029,2938303.2,0.023406099771455583,-0.00545748285916936,0
2026-03-12,500.0,514.27,500.0,504.79,2305733,503.196,515.797,535.79,0.9391664644730212,40.38642967659157,-20.84864361839277,-18.727801371033486,-0.00545748285916936,0.05864363983745109,0.04313834130515105,1.1578693205480834,2943588.0,0.028269181243685455,-0.007468452227659128,0
2026-03-13,503.99,505.0,496.0,501.02,1025062,498.942,510.639,531.862,0.9381042450861314,42.11727666273121,-20.808342404911173,-19.143909577809026,-0.007468452227659128,0.058639453409406496,0.043126631729922024,-0.5554290110780389,2901626.5,0.017963354756297154,-0.04007824038960517,0
2026-03-16,501.02,501.2,473.0,480.94,1184612,500.85,508.983,527.44,0.9495866828454421,40.06139103092012,-22.141458634748574,-19.743419389196937,-0.04007824038960517,0.0508050741125414,0.043723839382539854,0.15564912171166223,2488455.4,0.058635172786626166,0.0008732898074603757,1
2026-03-17,487.0,495.0,473.0,481.36,1886653,495.134,504.466,523.2325,0.9462982517332162,40.49602351965626,-22.900094328954424,-20.374754377148435,0.0008732898074603757,0.04623842966858549,0.04376377262324614,0.5926337062261737,2254688.0,0.04570383912248629,0.025448728602293524,1
2026-03-18,483.4,495.99,479.0,493.61,1422072,492.34400000000005,501.32700000000006,519.3265,0.9480432829828634,37.716495048723715,-22.25628931069457,-20.751061363857662,0.025448728602293524,0.04743644417602653,0.04419538868530083,-0.2462461300514721,2114886.5,0.03441988614493225,0.0007090618099307999,1
2026-03-19,488.0,499.0,477.0,493.96,2193855,490.178,496.687,516.3695,0.9492776006328801,38.29727787977967,-21.470330515069918,-20.894915194100115,0.0007090618099307999,0.04597410408774023,0.043781257503576684,0.5427172463841494,2075077.6,0.044538019272815615,0.016782735444165642,1
2026-03-24,525.0,525.0,498.5,502.25,2374727,490.424,494.683,513.695,0.954698799871519,51.16575860207138,-19.948564159351918,-20.705644987150478,0.016782735444165642,0.045625137839154395,0.043999980683825775,0.08244482885149651,2186224.3,0.05276256844201095,0.021781981085116975,1
2026-03-25,506.1,514.9,504.0,513.19,2432358,496.87399999999997,498.86199999999997,512.3005,0.9698877904667279,46.40702434820084,-17.656256454338063,-20.095767280587996,0.021781981085116975,0.03162011088254115,0.04403492507548363,0.02426847380772612,1815497.4,0.021239696798456664,-0.028371558292250576,0
2026-03-26,509.98,511.98,496.0,498.63,1894019,500.328,497.73099999999994,510.53000000000003,0.980016845239261,43.36336638647002,-16.82055946090179,-19.440725716650753,-0.028371558292250576,0.0207679372749542,0.04437520051071665,-0.22132391695630327,1778761.4,0.03204781100214592,-0.00038104406072636543,0
2026-03-27,500.0,506.45,496.0,498.44,2385620,501.294,496.8190000000001,508.8625,0.9851266304748335,38.57765667574933,-15.989280512073947,-18.750436675735394,-0.00038104406072636543,0.020752023018687032,0.044375548375900416,0.25955441840868554,1910471.1,0.020965412085707385,-0.029492015087071666,0
2026-03-30,498.0,499.74,481.01,483.74,1990759,499.25,494.71400000000006,505.25550000000004,0.988113934435152,39.299394881474505,-16.328429136073964,-18.266035167803107,-0.029492015087071666,0.022559459141928542,0.04329329698770752,-0.16551714019835517,1878973.7,0.03871914664902637,0.004113780129821887,1
2026-03-31,485.11,494.4,482.01,485.73,2309803,495.946,493.18499999999995,501.912,0.9881134541513255,55.45987960070107,-16.249318466717114,-17.86269182758591,0.004113780129821887,0.022659812992269445,0.04335259062381617,0.16026249284820504,2007447.8,0.025507998270644157,0.028904947192884833,1
2026-04-01,491.25,508.45,491.25,499.77,3192388,493.262,495.06800000000004,502.0255,0.9825437154088786,45.23564133795558,-14.8821597546372,-17.266585412996168,0.028904947192884833,0.020464966790511876,0.03783258708806521,0.38210401493114343,2208225.4,0.034415831282389876,-0.017227924845428788,0
2026-04-02,490.77,494.0,483.01,491.16,1022403,491.76800000000003,496.04799999999994,500.25700000000006,0.9830307222087846,42.74079320113316,-14.328264356231216,-16.678921201643178,-0.017227924845428788,0.021547766120162345,0.03549589712044918,-0.6797372374535927,2121800.4,0.022375600618942927,-0.010302141868230308,0
2026-04-03,483.36,489.9,477.0,486.1,994140,489.3,495.297,498.312,0.9819149448538265,41.891540130151846,-14.134662384759451,-16.17006943826643,-0.010302141868230308,0.020189834937080035,0.03553485370058533,-0.027643698228585034,2079007.2,0.026537749434272735,0.00641843242131257,1
2026-04-06,486.0,490.8,479.99,489.22,2008067,490.396,494.823,495.755,0.9891902250103378,44.8516579406632,-13.573012265973773,-15.650658003807902,0.00641843242131257,0.020334682137311245,0.034795017377106364,1.019903635302875,2060428.4,0.02209639834839132,0.006213973263562433,1
2026-04-07,489.0,494.75,484.0,492.26,1825835,491.70200000000006,493.82399999999996,494.2535000000001,0.9948376693336516,55.80155801558014,-12.735787674150572,-15.067683937876437,0.006213973263562433,0.019581304202294196,0.034176009914220803,-0.09074996003619407,2005539.2,0.021838053061390323,0.10000812578718565,1
2026-04-08,536.0,541.49,525.55,541.49,4974951,500.046,496.654,497.758,1.0045966112046416,70.5404112864658,-8.007525812475421,-13.655652312796235,0.10000812578718565,0.03749524841463166,0.033791868042837285,1.7247538797317392,2259798.5,0.02943729339415327,-0.009732405030563829,0
2026-04-09,543.0,543.49,519.99,536.22,3089771,509.058,500.413,499.072,1.0200091369581943,65.28445369108258,-4.632192150906803,-11.850960280418349,-0.009732405030563829,0.036032139842156384,0.029070117269704494,-0.3789343854843997,2379373.7,0.04382529558763194,0.002443027115736074,1
2026-04-10,537.0,545.5,535.0,537.53,2231555,519.344,504.32199999999995,500.5705,1.0375042076990155,65.52190951193445,-1.8304100268754837,-9.846850229709776,0.002443027115736074,0.03597145510945797,0.029016081284395177,-0.27776039065678326,2363967.2,0.019533793462690456,-0.04362547206667522,0
2026-04-13,517.0,525.0,512.0,514.08,2091089,524.316,507.35599999999994,501.035,1.046465815761374,53.803613915503846,-1.4850774792512311,-8.174495679618069,-0.04362547206667522,0.03784307182517003,0.030818730966572658,-0.0629453452861346,2374000.2,0.025287892934951758,0.024529256146903267,1
2026-04-14,525.0,530.0,522.0,526.69,1048345,531.202,511.45200000000006,502.31850000000003,1.0575003707806898,54.294439496119104,-0.19166790513816068,-6.577930124722087,0.024529256146903267,0.038235414448911965,0.031165390124272215,-0.4986607456688835,2247854.4,0.015189200478459813,0.018948527596878373,1
2026-04-15,536.0,549.45,535.0,536.67,3062153,530.238,515.142,505.105,1.0497579711149168,62.463958060288356,1.6199967800516788,-4.938344743767335,0.018948527596878373,0.0377795591514893,0.029633344593472742,1.9209401485198097,2234830.9,0.026925298600629897,0.0059440624592395075,1
2026-04-16,540.49,544.98,537.0,539.86,1169325,530.966,520.012,508.03000000000003,1.0451469401413302,63.30976863753216,3.275403621382111,-3.2955950707374457,0.0059440624592395075,0.03677336413872955,0.029609736711562102,-0.6181363243443421,2249523.1,0.014781610047049268,-0.0008891194013262993,0
2026-04-17,541.0,542.5,537.91,539.38,3383605,531.336,525.3399999999999,510.31850000000003,1.0411850638375837,69.6774649879757,4.496757658078309,-1.7371245249742948,-0.0008891194013262993,0.03631110439470015,0.02929048549958542,1.8936394928698181,2488469.6,0.00850977047721464,-0.01815046905706541,0
2026-04-20,536.06,538.25,528.0,529.59,2338629,534.438,529.3770000000001,512.1,1.0436203866432336,64.70036197881757,4.6214452063950375,-0.46541057870042846,-0.01815046905706541,0.037470184407255275,0.02973070924114927,-0.30883510338825015,2521525.8,0.019354595064106195,0.0025680243207009124,1
2026-04-21,534.0,536.39,530.0,530.95,1045051,535.29,533.246,513.535,1.0423632274333785,61.42124542124546,4.774958867253872,0.5826633104904317,0.0025680243207009124,0.03751335818345538,0.029575927572466073,-0.5531351916015751,2443447.4,0.012035031547226642,0.002636783124587927,1
2026-04-22,531.0,537.0,526.0,532.35,1110391,534.426,532.3320000000001,514.493,1.0387429955315233,65.92930621084386,4.952498528983824,1.4566303541891101,0.002636783124587927,0.019207105808164517,0.02925037476627204,0.06252326441484679,2056991.4,0.02066309758617451,-0.016136000751385438,0
2026-04-23,531.94,531.94,521.5,523.76,996250,531.206,531.086,515.7495,1.0299690062714555,64.17708176479447,4.349915659638441,2.0352874152789764,-0.016136000751385438,0.01961330569641217,0.028699464597680965,-0.10279352048062351,1847639.3,0.019932793645944812,0.001890178707805168,1
2026-04-24,522.0,533.0,516.11,524.75,959101,528.28,529.8080000000001,517.065,1.0216897295311034,63.593235901752244,3.9072092445144335,2.409671781126068,0.001890178707805168,0.019599622562033472,0.028690542130188405,-0.037288833124215826,1720393.9,0.03218675559790374,0.0002667937112910135,1
2026-04-27,524.24,531.99,520.03,524.89,777862,527.3399999999999,530.8889999999999,519.1225,1.015829597060424,62.767039674465934,3.5270009791664734,2.633137620734149,0.0002667937112910135,0.013153639830797162,0.02767294297738363,-0.18896758526995594,1589071.2,0.02278572653317845,-0.014993617710377438,0
2026-04-28,520.0,524.0,515.5,517.02,910076,524.5540000000001,529.922,520.687,1.0074267266131094,35.844035635774574,2.5611169994303964,2.6187334964733986,-0.014993617710377438,0.011522369158974647,0.02801258259878672,0.16997102313778023,1575244.3,0.016440369811612704,-0.006769564040075782,0
2026-04-29,517.0,522.0,511.5,513.52,1681916,520.7879999999999,527.607,521.3745,0.9988750888277043,36.59343255374434,1.4959814939455782,2.3941830959678345,-0.006769564040075782,0.00896521742226238,0.027438729033404538,0.8481049934291203,1437220.6,0.02044711014176663,-0.018012930362984902,0
2026-04-30,511.0,512.0,500.2,504.27,1488508,516.89,524.048,522.03,0.9901538225772465,32.041036717062624,-0.09346634076689497,1.8966532086208887,-0.018012930362984902,0.009104659310594555,0.02746777903593316,-0.1149926631294309,1469138.9,0.023400162611299527,0.009697186031292881,1
2026-05-04,510.0,521.2,506.0,509.16,1742261,513.772,521.0260000000001,523.1830000000001,0.9820120302074035,46.67747163695299,-0.9476096147922135,1.3278006439382684,0.009697186031292881,0.010388010173851419,0.02737314546332358,0.17047473040118022,1305004.5,0.02985309136617182,0.012294759996857474,1
2026-05-05,506.0,516.5,505.1,515.42,1790744,511.878,519.609,524.493,0.9759482014059291,41.67528438469486,-1.1066379962672954,0.8409129158971556,0.012294759996857474,0.010787466116267594,0.027447017655534763,0.027827633173215682,1250216.0,0.022117884443754565,0.027220519188235093,1
2026-05-06,525.0,531.0,519.25,529.45,2326805,514.3639999999999,519.4590000000001,526.3525,0.977223438665153,44.96793978254816,-0.09941934361950189,0.6528464639938242,0.027220519188235093,0.014344407707215616,0.027975084948463354,0.29935099601059667,1378391.4,0.022192841628104636,0.01191802814241183,1
2026-05-07,532.99,538.0,529.65,535.76,2001619,518.812,519.8,526.066,0.986210855672102,47.261554902484626,1.1942068867298303,0.7611185485410255,0.01191802814241183,0.01483939472113526,0.01674555175188004,-0.13975644714533453,1467514.2,0.015585336717933445,-0.005263550843661258,0
2026-05-08,530.0,537.0,528.0,532.94,1476906,524.546,520.718,525.902,0.9974215728405673,45.82901554404148,1.9691652508300876,1.0027278889988378,-0.005263550843661258,0.013829696392275187,0.016643944874607148,-0.2621442941938501,1515579.8,0.016887454497692047,-0.018182159342515214,0
2026-05-11,525.0,525.9,521.0,523.25,440264,527.364,520.568,525.188,1.0041432782165625,45.888456549935135,1.780894279674044,1.158361167133879,-0.018182159342515214,0.015207191286544654,0.017105808179331567,-0.7019011365652248,1463696.1,0.009364548494983234,-0.00246536072623027,0
2026-05-12,523.25,525.24,520.01,521.96,494613,528.672,520.275,525.582,1.0058791967761453,44.16461119044527,1.5101874586296162,1.2287264254330263,-0.00246536072623027,0.015222758462484502,0.013911345596414663,0.12344638671342656,1435371.2,0.010019924898459686,-0.005096175952180371,0
2026-05-13,521.0,524.0,516.55,519.3,582011,526.642,520.5029999999999,525.2125,1.002721755479925,41.66560224805208,1.0686913742372326,1.1967194151938676,-0.005096175952180371,0.014475948608092416,0.012789600696323131,0.1766997632492473,1402564.7,0.014346235316772668,-0.004371269015983059,0
2026-05-14,521.0,522.6,516.55,517.03,469735,522.896,520.854,524.2304999999999,0.9974543640631365,45.32444073919688,0.529528443454069,1.063281220845908,-0.004371269015983059,0.014360910937987647,0.011946045309525862,-0.1929104432734089,1281346.6,0.011701448658685316,-0.009515888826567065,0
2026-05-15,516.0,518.0,511.02,512.11,976592,518.73,521.638,522.8430000000001,0.9921333937721265,41.67325428194994,-0.2914058008170741,0.7923438165133116,-0.009515888826567065,0.013340983531009069,0.011919091194563363,1.0790275368026654,1230155.0,0.01362988420456546,-0.014371912284470212,0
2026-05-18,510.0,511.89,503.0,504.75,665286,515.03,521.197,521.1115,0.9883297528456002,37.8849855630414,-1.5183895443250321,0.33019714434564296,-0.014371912284470212,0.013882756984393603,0.012197201357685932,-0.3187677146648754,1122457.5,0.01761267954432885,0.01008420009905886,1
2026-05-19,506.0,511.99,506.0,509.84,762431,512.606,520.6389999999999,520.124,0.9855457544739331,45.531491162559114,-2.05635812349135,-0.1471139092217556,0.01008420009905886,0.01366730371170722,0.012013410277299774,0.14601990722786895,1019626.2,0.011748783932214046,0.01600502118311642,1
2026-05-20,510.0,520.9,509.84,518.0,977555,512.346,519.494,519.4765,0.9862736812926091,52.63529411764707,-1.8034690259892159,-0.4783849325752477,0.01600502118311642,0.011359055557864671,0.012632120401164867,0.2821553688137024,884701.2,0.021351351351351355,0.025501930501930614,1
2026-05-21,525.0,532.5,525.0,531.21,2216544,515.182,519.039,519.4195,0.9918418542238019,65.14163669064752,-0.5309950148295002,-0.4889069490260982,0.025501930501930614,0.013779478833506787,0.013958700283146042,1.2674366148196263,906193.7,0.014118710114643926,0.0,0
2026-05-22,535.0,535.0,528.1,531.21,1163738,519.0020000000001,518.866,519.792,0.9984801612952874,63.11407160699418,0.4720087832565696,-0.29672380256956465,0.0,0.01368888678428196,0.013434354408673393,-0.4749763595940347,874876.9,0.012989213305472369,0.019803844054140596,1
2026-05-25,538.0,543.8,536.0,541.73,1664906,526.3979999999999,520.714,520.641,1.0110575233222123,64.89301483074836,2.091661231520561,0.1809532042484605,0.019803844054140596,0.013425099984640245,0.014092479824747367,0.4306536350965595,997341.1,0.014398316504531694,0.04014915179148293,1
2026-05-29,550.0,569.44,545.1,563.48,6661441,537.126,524.866,522.5705,1.0278536580231756,67.71473191046329,5.071825842194357,1.1591277318376398,0.04014915179148293,0.01745845689815101,0.016497388111524215,3.001091352905209,1614023.9,0.04319585433378297,-0.01984098814509838,0
2026-06-01,563.5,566.9,549.6,552.3,3782878,543.9860000000001,528.1659999999999,524.3345,1.037478937586598,58.19460959175582,6.457062208480693,2.2187146271662503,-0.01984098814509838,0.019205637024772758,0.016818670898044855,-0.4321231697466059,1934110.6,0.03132355603838485,0.00644577222524001,1
2026-06-02,552.3,559.4,545.0,555.86,2010455,548.916,532.0490000000001,526.4514999999999,1.04267154714157,61.2728703521542,7.752765205332025,3.3255247427994057,0.00644577222524001,0.018836112255674754,0.016655287402037037,-0.4685382399326651,2088182.6,0.02590580361961641,-0.0022127873925089636,0
2026-06-03,550.0,563.4,550.0,554.63,1793364,553.6,536.301,528.9694999999999,1.0465631761377547,66.83476394849782,8.581446867191858,4.376709167677896,-0.0022127873925089636,0.018238346565929132,0.015909216890291292,-0.10798102917001373,2169859.8,0.024160250978129523,0.008510177956475573,1
2026-06-04,557.5,560.5,554.0,559.35,1605292,557.124,541.761,531.479,1.0482521416650517,69.34699368726064,9.509428831700916,5.403253100482501,0.008510177956475573,0.01644511344620623,0.015892544923457846,-0.10487106911926414,2263860.4,0.011620631089657638,-0.0022883704299633267,0
2026-06-05,560.5,563.9,556.0,558.07,1015528,556.042,546.5840000000001,533.6115,1.0420352634828898,70.35170603674544,10.026002406952216,6.327802961776444,-0.0022883704299633267,0.016933422576965135,0.015866584024967968,-0.367387366286009,2289170.1,0.014155930259644806,-0.006934613937319645,0
2026-06-08,553.0,556.4,550.11,554.2,955351,556.422,550.2040000000001,534.8489999999999,1.040334748686078,69.18946824987094,10.007750907141144,7.063792550849385,-0.006934613937319645,0.01745597744426303,0.015065121818510174,-0.05925685948590287,2286949.7,0.011349693251533675,0.0011909058101766679,1
2026-06-09,559.0,562.9,554.0,554.86,880385,556.222,552.569,535.804,1.0381072183111735,73.08564639809912,9.932052428290262,7.637444526337561,0.0011909058101766679,0.01622930061215845,0.014898218663711259,-0.078469588664271,2153333.8,0.01604008218289294,-0.002306888224056447,0
2026-06-10,552.99,557.75,552.0,553.58,476441,556.0120000000001,554.8059999999999,536.836,1.035720406232071,78.22217084730087,9.657450458497806,8.041445712769612,-0.002306888224056447,0.016316255417962635,0.014838388606213474,-0.4588265361177212,2084604.1,0.010386935944217636,-0.0038115538856172693,0
2026-06-11,551.02,553.58,550.11,551.47,780428,554.436,555.78,538.2470000000001,1.0300772693577482,74.91919070992456,9.163930961270239,8.265942762469738,-0.0038115538856172693,0.015503964128885165,0.014140937843366551,0.6380370287191908,1996156.3,0.006292273378424986,0.009030409632436953,1
2026-06-12,557.99,559.0,552.51,556.45,1130158,554.1120000000001,555.077,539.9715,1.0261874932288095,73.92657125077784,9.07010308211727,8.426774826399244,0.009030409632436953,0.008522820939163175,0.01415254405910464,0.44812590014709874,1443028.0,0.011663222212238311,0.012867283673285934,1
2026-06-15,565.0,567.0,556.4,563.61,2239550,555.994,556.2080000000001,542.187,1.025465383714475,71.80349932705245,9.464396304067236,8.634299121932843,0.012867283673285934,0.006654913654769979,0.014161754597561454,0.9816255780165251,1288695.2,0.018807331310658117,0.005819627047071618,1
2026-06-16,565.1,569.9,565.1,566.89,2589640,558.4,557.3109999999999,544.6800000000001,1.0251891018579715,72.99561742717191,9.927111548568746,8.892861607260024,0.005819627047071618,0.006611755022738673,0.014019875403882921,0.15632158246076222,1346613.7,0.008467251142196819,-0.0051685512180492665,0
2026-06-17,568.89,568.99,562.0,563.96,1785672,560.476,558.2439999999999,547.2725,1.0241260066968465,65.88084012001715,9.942776067211526,9.102844499250324,-0.0051685512180492665,0.006880926544435182,0.013820043758144473,-0.310455507329204,1345844.5,0.012394496063550621,0.007039506347967794,1
2026-06-18,564.95,574.79,564.2,567.93,1866573,563.7679999999999,559.1020000000001,550.4315,1.0242291729306914,54.261635701972736,10.158436005553085,9.313962800510877,0.007039506347967794,0.0067331100029035355,0.013054773261296795,0.045305632837385534,1371972.6,0.018646664201573994,-0.012660010916838216,0
2026-06-19,568.0,571.0,552.05,560.74,1967496,564.626,559.369,552.9765,1.021066898864599,58.75155537121536,9.638073438663582,9.37878492814142,-0.012660010916838216,0.008057557156185094,0.013656503551693506,0.05406860594254814,1467169.4,0.033794628526589945,-0.004993401576488088,0
2026-06-22,562.01,564.0,556.65,557.94,823983,563.492,559.743,554.9735,1.015349381547047,52.19131900547835,8.897184550773886,9.282464852667912,-0.004993401576488088,0.00787978795172065,0.013561180591492724,-0.5812021981239097,1454032.6,0.013173459511775499,-0.004122307058106678,0
2026-06-23,561.0,561.5,553.9,555.64,1284790,561.242,559.821,556.195,1.0090741556468503,51.04059344735215,8.031847848857183,9.032341451905767,-0.004122307058106678,0.008020930556149601,0.012654383816566125,0.5592433339037335,1494473.1,0.013677920956014727,0.0054711683824058,1
2026-06-24,555.64,562.0,554.0,558.68,1279546,560.1859999999999,560.331,557.5685000000001,1.0046944904527422,49.28495197438625,7.504853591243204,8.726843879773256,0.0054711683824058,0.008130496048634382,0.012660593273123221,-0.004081600884191183,1574783.6,0.014319467315815853,-0.011008090499033396,0
2026-06-29,558.5,558.6,550.0,552.53,1422560,557.106,560.437,558.1085,0.9982037542879206,44.64423820572302,6.5158426647223,8.284643636763064,-0.011008090499033396,0.008882249200385113,0.012327173894399962,0.11176933068447714,1638996.8,0.015564765714078915,0.03791649322208768,1
2026-06-30,553.0,598.0,553.0,573.48,1169014,559.654,562.1400000000001,558.6085,1.00187161491456,64.01162790697677,7.337947008163496,8.09530431104315,0.03791649322208768,0.01479329392220213,0.0119591627823364,-0.17823220110223825,1642882.4,0.07846829880728186,-0.0022842993652787413,0
2026-07-01,573.48,575.0,567.0,572.17,2106457,562.5,562.9959999999999,559.602,1.005178680562257,62.4622030237581,7.793921100510147,8.03502766893655,-0.0022842993652787413,0.014455670794217093,0.010955153209063382,0.8019091302584913,1629573.1,0.013981858538546237,0.00019225055490501575,1
2026-07-02,573.0,580.99,570.15,572.28,1941762,565.828,563.5350000000001,560.423,1.009644500671814,63.6936145284124,8.071121074849998,8.04224635011924,0.00019225055490501575,0.01438254705630196,0.010905458692933865,-0.07818578779438645,1564785.3,0.018941776752638625,0.007758439924512528,1
2026-07-03,572.4,578.5,571.66,576.72,1340806,569.436,564.811,561.5274999999999,1.0140839050625305,67.87990369636032,8.550509988365775,8.143899077768548,0.007758439924512528,0.014343578249500676,0.010954012315924955,-0.3094900404889992,1520298.7,0.011860174781523151,0.006398252184768971,1
2026-07-06,578.0,582.74,576.73,580.41,1223473,575.012,566.059,562.5804999999999,1.0220972820778538,67.28216964800922,9.123016858062101,8.33972263382726,0.006398252184768971,0.014321605622363108,0.010898098823327979,-0.08750930410514268,1455988.7,0.010354749228993283,-0.00901087162523051,0
2026-07-07,581.48,581.48,575.0,575.18,1423943,575.352,567.5029999999999,563.4359999999999,1.021148808382851,58.584359697284434,9.050388145054171,8.481855736072642,-0.00901087162523051,0.013940427614386706,0.011135337537241465,0.16385322765602517,1401633.4,0.011266038457526372,-0.022097430369623305,0
2026-07-08,569.0,573.5,557.01,562.47,2143597,573.412,567.9559999999999,563.8495,1.016959312724406,47.12314501431921,7.876443846884968,8.360773358235107,-0.022097430369623305,0.015892537740934777,0.012209180560839956,0.5053952300056954,1533594.8,0.029317119135242785,-0.0011733959144488715,0
2026-07-09,558.0,564.98,555.0,561.81,1565920,571.318,568.573,564.197,1.0126214779589398,48.55801475519779,6.814277301631137,8.051474146914313,-0.0011733959144488715,0.01581572570689597,0.012216752803829752,-0.26948955423990606,1561707.8,0.017764012744522203,0.00016019650771625926,1
2026-07-10,562.0,567.39,561.0,561.9,792472,568.3539999999999,568.895,564.613,1.006625777302329,45.73369180699026,5.911619440801132,7.6235032056916765,0.00016019650771625926,0.01574598682753147,0.01219730985980981,-0.4939256156125472,1513000.4,0.011372130272290419,-0.010233137568962491,0
2026-07-13,559.0,560.85,553.0,556.15,1247556,563.502,569.257,564.847,0.9976188242125743,46.68496316625739,4.678350524871121,7.034472669527566,-0.010233137568962491,0.01568382740456394,0.012408237339006025,0.5742587750734411,1495500.0,0.014114897060145685,-0.023249123437921293,0
2026-07-14,553.01,553.01,540.09,543.22,2613575,557.11,566.231,564.1855,0.9874589120067778,40.725806451612904,2.627346667377651,6.153047469097583,-0.023249123437921293,0.010728341902862006,0.01330643170719711,1.0949560580847675,1639956.1,0.023784102205367915,0.006590331725635945,1
2026-07-15,543.22,550.0,541.65,546.8,1135813,553.9759999999999,563.694,563.345,0.9833689834825904,44.518849206349195,1.2760775862374203,5.17765349252555,0.006590331725635945,0.011359002337999252,0.013030350522617836,-0.5654178663325139,1542891.7,0.015270665691294849,0.008193123628383425,1
2026-07-16,548.0,555.0,547.2,551.28,1872699,551.8699999999999,561.5939999999999,562.5645000000001,0.9809897353992295,45.49220272904485,0.5602277068684316,4.254168335394127,0.008193123628383425,0.011987967599306464,0.013110440401027186,0.6487740499536456,1535985.4,0.014148889856334267,0.0012334929618342816,1
2026-07-17,551.28,561.45,550.11,551.96,2327318,549.882,559.1179999999999,561.9644999999999,0.9784995315540395,49.62798590262371,0.04723731469186987,3.4127821312536755,0.0012334929618342816,0.011463116201301096,0.01308951508527225,0.24276138343641973,1634636.6,0.020544967026596188,-0.000960214508297863,0
2026-07-20,549.5,553.49,543.5,551.43,867773,548.938,556.22,561.1395,0.9782558525999328,30.37907100907634,-0.3974957539899151,2.650726554204957,-0.000960214508297863,0.010922131742534218,0.012952621739012857,-0.6271360424316745,1599066.6,0.018116533376856554,-0.0022124295014778195,0
2026-07-21,553.22,556.0,549.51,550.21,684161,550.336,553.7230000000001,560.6129999999999,0.9816682809710087,30.427807486631096,-0.8387254145925453,1.952836160445457,-0.0022124295014778195,0.010859926443516413,0.012682199467810502,-0.21158989735794964,1525088.4,0.011795496265062447,-0.011450173570091593,0
2026-07-22,549.0,557.4,541.51,543.91,973892,549.758,551.867,559.9114999999999,0.9818658841620508,27.227484347407312,-1.6774241468071978,1.226784098994926,-0.011450173570091593,0.0093456831764095,0.012873388780641329,0.42348365370139485,1408117.9,0.02921439208692612,-0.016142376496111388,0
2026-07-23,543.91,546.98,533.0,535.13,987188,546.528,549.1990000000001,558.886,0.9778881560819201,18.790334684076214,-3.015807208835099,0.37826583742892084,-0.016142376496111388,0.010131194604755412,0.013291081744296294,0.013652437847317733,1350244.7,0.026124493113822842,-0.003008614729131276,0
2026-07-24,534.89,539.65,529.0,533.52,704777,542.84,546.361,557.6279999999999,0.9734805282374631,13.679318357862172,-4.158462802061081,-0.5290798904690794,-0.003008614729131276,0.010007368132280956,0.013181881379703865,-0.2860762083817875,1341475.2,0.019961763382815974,0.02745913930124444,1
