date,open,high,low,close,volume,ma_5,ma_10,ma_20,ma_ratio_5_20,rsi_14,macd,macd_signal,daily_return,volatility_10,volatility_20,volume_change,volume_ma_10,high_low_range,target_return,target_direction
2016-08-05,693.0,698.0,685.0,688.05,440450,708.152,713.525,701.475,1.0095185145586087,49.04962153069807,12.546481266809337,15.964289570621455,-0.01048407973077925,0.018090972947747558,0.01708320541212408,0.24245416078984494,318735.0,0.018893975728508105,0.0022527432599375175,1
2016-08-08,692.0,694.0,682.01,689.6,188450,698.116,712.32,702.5989999999999,0.9936194045251987,49.83767585116125,10.382364957394088,14.847904647975982,0.0022527432599375175,0.018100339291740382,0.015406274257665567,-0.5721421273697356,321725.0,0.017386890951276116,-0.004219837587006947,0
2016-08-09,689.97,694.11,685.0,686.69,427850,693.0260000000001,710.8779999999999,702.6890000000001,0.9862485395388287,48.69063109954461,8.336377934833422,13.545599305347471,-0.004219837587006947,0.018116000075804144,0.014289684644010888,1.2703634916423456,358355.0,0.013266539486522321,0.027188396510798185,1
2016-08-10,687.0,706.99,687.0,705.36,582550,693.008,709.524,703.9135,0.9845073293806696,49.260093292584834,8.127739920749377,12.462027428427852,0.027188396510798185,0.01842623950018511,0.015414812202117543,0.36157531845272883,376210.0,0.028340138369059784,-0.004026312804808918,0
2016-08-11,709.99,711.98,701.51,702.52,131950,694.4440000000001,706.707,704.546,0.9856616885199831,48.703880407124686,7.645100565888697,11.498642055920023,-0.004026312804808918,0.017288182546494776,0.015228468023895388,-0.7734958372671874,348280.0,0.014903490292091367,-0.004270341057905802,0
2016-08-12,702.0,711.0,695.1,699.52,128750,696.738,702.4449999999999,705.1065,0.9881315801230028,49.14547059295515,6.940524426714205,10.58701853007886,-0.004270341057905802,0.015887646218169175,0.015257844098998502,-0.02425161045850699,336255.0,0.022729871912168312,-0.0005575251601097619,0
2016-08-15,700.01,704.78,697.0,699.13,68000,698.644,698.38,705.5475,0.9902154000970878,49.2046915167095,6.278300677483799,9.725274959559847,-0.0005575251601097619,0.015956874366558484,0.015253759153185175,-0.4718446601941747,329610.0,0.01112811637320666,0.00961194627608597,1
2016-08-16,699.54,723.0,699.54,705.85,436600,702.476,697.751,706.3405,0.9945288426757349,44.246539105898975,6.223985196719468,9.02501700699177,0.00961194627608597,0.011953692319303662,0.015377599218055383,5.420588235294118,296860.0,0.03323652334065316,0.006927817524969848,1
2016-08-17,706.01,714.99,706.01,710.74,313300,703.5519999999999,698.28,707.3820000000001,0.9945856694120007,40.63468218946576,6.500587196727793,8.520131044938976,0.006927817524969848,0.01176618018165929,0.015425270774041232,-0.2824095281722401,307240.0,0.01263471874384447,-0.010693080451360637,0
2016-08-18,715.0,715.0,701.0,703.14,99650,703.676,699.0600000000001,707.179,0.9950465158043439,31.005260081823508,6.0369495933528015,8.023494754621742,-0.010693080451360637,0.011292731405263295,0.01461384219893658,-0.6819342483242898,281755.0,0.019910686349802316,-0.009457576016156044,0
2016-08-19,695.06,704.5,690.0,696.49,222950,703.0699999999999,699.904,706.7145,0.994843037747209,29.761570827489507,5.074419281952373,7.4336796600878685,-0.009457576016156044,0.011179089443206999,0.014756958686377268,1.2373306573005518,260005.0,0.020818676506482506,0.003273557409295247,1
2016-08-22,697.0,700.0,689.35,698.77,77250,702.998,700.8210000000001,706.5705,0.9949438874110934,41.80659394533644,4.444352294023815,6.835814186875058,0.003273557409295247,0.011193654644290243,0.014725728958184225,-0.6535097555505719,248885.0,0.015241066445325325,-0.004865692574094416,0
2016-08-23,698.99,700.7,690.1,695.37,220900,700.9019999999999,701.6890000000001,706.2835,0.9923805384098594,43.56321839080458,3.6288371063986915,6.194418770779785,-0.004865692574094416,0.011231339859504825,0.014763931534798592,1.859546925566343,228190.0,0.015243683219005742,-0.0032069258092813913,0
2016-08-24,696.0,698.0,691.01,693.14,49400,697.382,700.467,704.9955000000001,0.9892006402877747,48.43794376597554,2.77065469892716,5.50966595640926,-0.0032069258092813913,0.0066147999902020855,0.013474222677096009,-0.7763693979176098,174875.0,0.01008454280520531,0.010863606197881959,1
2016-08-25,695.0,704.5,692.6,700.67,453550,696.8879999999999,700.2819999999999,703.4945,0.9906090239511466,58.93008774412681,2.667398913028592,4.9412125477331275,0.010863606197881959,0.007636522577027558,0.013134601176196838,8.181174089068826,207035.0,0.016983744130617807,0.010104614155023173,1
2016-08-26,703.88,712.0,700.6,707.75,204200,699.14,701.105,701.775,0.9962452352962132,61.91101194382464,3.120889121649043,4.577147862516311,0.010104614155023173,0.008130037702293182,0.012794800913902279,-0.5497740050711057,214580.0,0.016107382550335538,-0.006259272341928579,0
2016-08-29,713.4,713.5,701.99,703.32,64800,700.05,701.524,699.952,1.0001400096006583,60.70003860507014,3.087231716760243,4.279164633365097,-0.006259272341928579,0.008460229311872345,0.012824549673431329,-0.682664054848188,214260.0,0.016365239151453093,-0.00807598248308039,0
2016-08-30,700.0,705.0,696.1,697.64,81700,700.504,700.703,699.2270000000001,1.0018263024740177,44.03584672435103,2.572574414163455,3.937846589524769,-0.00807598248308039,0.008219274449559466,0.009985578747689378,0.2608024691358024,178770.0,0.012757296026603946,-0.00622097356802942,0
2016-08-31,700.0,701.0,688.01,693.3,249250,700.5360000000001,698.9590000000001,698.6195,1.002743267257785,43.03835699184535,1.7938249672382653,3.5090422650674684,-0.00622097356802942,0.007827834199110512,0.009869397870774814,2.050795593635251,172365.0,0.01873647771527479,-0.018433578537429662,0
2016-09-01,690.05,693.99,677.0,680.52,227650,696.5060000000001,696.6969999999999,697.8785,0.9980333252851321,37.5,0.14376400492085395,2.8359866130381457,-0.018433578537429662,0.009024358197601676,0.010201956458187432,-0.08665997993981944,185165.0,0.02496620231587611,-0.028125551049197672,0
2016-09-02,680.01,684.89,660.0,661.38,481250,687.232,693.1859999999999,696.5450000000001,0.9866297224156371,30.07915567282322,-2.677494743389502,1.733290341752616,-0.028125551049197672,0.011921917734011725,0.011713324492698761,1.1139907753129803,210995.0,0.037633433124678685,-0.025174634854395306,0
2016-09-05,663.0,664.9,642.0,644.73,414150,675.5139999999999,687.782,694.3015,0.9729404300581229,20.80626671761557,-6.185575019206567,0.14951726956077938,-0.025174634854395306,0.013044538018997768,0.012759241661091736,-0.13942857142857146,244685.0,0.03551874428055151,0.017076915918291302,1
2016-09-06,645.0,663.0,639.5,655.74,412450,667.134,683.819,692.754,0.9630171749278965,25.180505415162443,-7.985289480098004,-1.4774440803709774,0.017076915918291302,0.015274023127584437,0.013541450584849535,-0.00410479294941446,263840.0,0.03583737456918901,0.010385213651752156,1
2016-09-07,665.0,668.5,656.1,662.55,229050,660.984,680.76,690.6134999999999,0.9570968421555618,31.551677120261758,-8.761073864214154,-2.934170037139613,0.010385213651752156,0.016107052403316918,0.012061466487099524,-0.4446599587828828,281805.0,0.0187155686363293,-0.00271677609237031,0
2016-09-08,666.0,666.0,655.0,660.75,220950,657.03,676.768,688.525,0.954257289132566,33.006846709775544,-9.412630588359661,-4.229862147383623,-0.00271677609237031,0.01522690726947195,0.012059477204769357,-0.035363457760314354,258545.0,0.01664774877033674,-0.006265607264472117,0
2016-09-09,665.0,665.0,651.0,656.61,209200,656.0759999999999,671.654,686.3795,0.9558502257133261,30.3027471500654,-10.146099468093553,-5.413109611525609,-0.006265607264472117,0.014177538381376814,0.01207885767718343,-0.05317945236478838,259045.0,0.02132163689252372,-0.007706248762583634,0
2016-09-15,655.0,660.0,651.0,651.55,37350,657.4399999999999,666.477,684.0004999999999,0.9611688880344387,29.839896945160064,-11.00877623178144,-6.532242935576775,-0.007706248762583634,0.014172200563741707,0.01210570020015088,-0.8214627151051626,256300.0,0.01381321464200752,0.013460210267822958,1
2016-09-16,650.0,668.0,650.0,660.32,181600,658.356,662.745,681.724,0.9657221984263425,35.75768095816703,-10.85960530610339,-7.397715409682098,0.013460210267822958,0.01563964776244737,0.012352276177773356,3.862115127175368,266290.0,0.027259510540344072,-0.0006966319360310891,0
2016-09-19,655.1,664.9,654.0,659.86,111450,657.818,659.4010000000001,679.18,0.9685473659412822,31.132686084142435,-10.655672469106662,-8.049306821567011,-0.0006966319360310891,0.01570376760491979,0.012137235170449404,-0.38628854625550657,252510.0,0.016518655472372894,-0.002136816900554561,0
2016-09-20,655.0,662.5,655.0,658.45,76150,657.3580000000001,657.1940000000001,676.9455,0.9710648789304309,25.946526151444218,-10.486942497452787,-8.536833956744166,-0.002136816900554561,0.01496208380852959,0.012025705122914598,-0.31673396141767607,237360.0,0.011390386513782366,-0.0020502695724808895,0
2016-09-21,655.01,662.5,652.1,657.1,61550,657.456,656.766,674.976,0.9740435215474328,26.75050301810866,-10.342929642197419,-8.898053093834816,-0.0020502695724808895,0.012139469306388312,0.011936867403980525,-0.1917268548916612,195390.0,0.01582711915994518,0.01569015370567639,1
2016-09-22,655.01,670.0,655.01,667.41,84500,660.6279999999999,659.034,673.408,0.9810219064816573,35.470537344996615,-9.289780771074902,-8.976398629282833,0.01569015370567639,0.009541317204332999,0.012577200513370195,0.3728675873273761,162425.0,0.02245995714778024,0.020811794848743626,1
2016-09-23,670.0,686.0,666.0,681.3,437700,664.824,661.5899999999999,672.7045,0.9882853466863978,44.71737982039091,-7.25076349858773,-8.631271603143812,0.020811794848743626,0.010183163026689396,0.013564491607891103,4.179881656804734,164950.0,0.029355643622486424,0.006575664171436957,1
2016-09-26,681.2,690.0,677.5,685.78,272150,670.008,663.913,672.3365,0.9965367044627207,52.49810030395136,-5.213234142666693,-7.947664111048389,0.006575664171436957,0.009981926923596736,0.013654291711641346,-0.3782270961846014,169260.0,0.018227419872262243,-0.005103677564233466,0
2016-09-27,685.0,688.1,679.0,682.28,232100,674.774,666.066,671.4169999999999,1.0049998734020738,61.657742079428814,-3.8366714376837763,-7.125465576375467,-0.005103677564233466,0.010173705410356667,0.013423142356964759,-0.14716149182436156,170375.0,0.01333763264348951,0.004323738054757609,1
2016-09-28,681.0,688.0,675.0,685.23,154350,680.4,668.928,670.2909999999999,1.0150815093742867,76.66578878061625,-2.479117507139449,-6.196195962528264,0.004323738054757609,0.0096076638464878,0.013226732743808355,-0.3349849202929772,164890.0,0.01897173211914248,0.0018242050114560815,1
2016-09-29,687.96,692.0,681.0,686.48,316450,684.214,672.421,669.449,1.0220554515728608,73.22453913569052,-1.2875397267171138,-5.2144647153660335,0.0018242050114560815,0.008713599677868725,0.013198154743679288,1.0502105604146421,192800.0,0.016023773452977508,-0.013430835566950239,0
2016-09-30,686.99,689.98,675.0,677.26,264100,683.406,674.115,668.4300000000001,1.0224047394641171,60.7231374835982,-1.0747931497285208,-4.386530402238531,-0.013430835566950239,0.0099647237803181,0.013399306105707385,-0.16542897772159904,201050.0,0.02211853645571866,0.049980805008416285,1
2016-10-03,680.0,711.12,678.0,711.11,961500,688.472,679.24,669.3205,1.0286133474172685,75.01987281399042,1.804421896626991,-3.1483399424654266,0.049980805008416285,0.017866377430420695,0.01757632233877804,2.6406664142370313,286055.0,0.04657507277355121,0.004865632602550907,1
2016-10-04,718.1,720.0,708.0,714.57,404450,694.9300000000001,684.852,671.023,1.0356276908541138,78.99159663865541,4.315665344379795,-1.6555388850963824,0.004865632602550907,0.017575095419439347,0.016952628977359684,-0.5793551742069682,318885.0,0.016793316260128466,0.0019172369396980304,1
2016-10-05,721.0,747.0,711.0,715.94,411400,701.072,690.7360000000001,673.751,1.0405505891642461,83.44240157889267,6.343270149948239,-0.05577707808745824,0.0019172369396980304,0.017357696602069903,0.015343366633149906,0.01718382989244649,353870.0,0.0502835433136855,0.006034025197642068,1
2016-10-06,716.0,723.0,714.0,720.26,152100,707.828,696.021,677.5274999999999,1.0447221699488214,82.6399477238074,8.204176819268923,1.596213701383818,0.006034025197642068,0.017196271994479092,0.013711598575468378,-0.6302868254739913,360630.0,0.012495487740538139,-0.021617193791130918,0
2016-10-07,719.0,722.0,700.5,704.69,191850,713.3140000000001,698.36,679.975,1.0490297437405787,70.96231179276165,8.326605955411537,2.942292152189362,-0.021617193791130918,0.0187845662911213,0.014706945199055936,0.2613412228796843,336045.0,0.030509869588045805,-0.014871787594545105,0
2016-10-10,706.0,706.0,692.5,694.21,200600,709.934,699.203,681.5580000000001,1.0416340208756993,65.41379310344827,7.491624726401824,3.852158667031855,-0.014871787594545105,0.01960552168031446,0.015180110227373067,0.04560854834506123,328890.0,0.01944656516039815,0.009219112372336857,1
2016-10-13,694.0,707.03,688.0,700.61,249150,707.142,701.0360000000001,683.551,1.0345124211653556,67.97191243287898,7.262603823600443,4.534247698345573,0.009219112372336857,0.019601410944697858,0.01520113457303228,0.242023928215354,330595.0,0.02716204450407498,-0.003097300923480928,0
2016-10-14,699.89,707.0,696.0,698.44,191150,703.642,702.3570000000001,685.6425,1.026252019091582,63.74103268089633,6.827301363302013,4.992858431336861,-0.003097300923480928,0.019678670170217596,0.015115307913727515,-0.2327914910696368,334275.0,0.01574938434224844,-0.019887177137621115,0
2016-10-17,700.0,700.0,665.01,684.55,101700,696.5,702.164,687.2925,1.0133967706616906,51.43919936232397,5.30041423499631,5.054369592068752,-0.019887177137621115,0.020871850642078322,0.015807428132502497,-0.46795710175255034,312800.0,0.051113870425827206,-0.016887006062376697,0
2016-10-18,684.6,684.6,671.1,672.99,152600,690.1600000000001,701.737,687.926,1.0032474423121092,44.67038919909994,3.121566322677154,4.667808938190432,-0.016887006062376697,0.02114416915386136,0.016161680728874903,0.5004916420845624,301650.0,0.02005973342843133,-0.003952510438490875,0
2016-10-19,679.98,679.98,669.25,670.33,144650,685.384,697.659,688.4495000000001,0.9955472405746536,44.98531263113725,1.166724609917992,3.967592072535944,-0.003952510438490875,0.011563787802890416,0.01619680584427448,-0.052096985583224065,219965.0,0.016007041308012497,-0.0004773768144049617,0
2016-10-20,674.99,685.0,664.9,670.01,254700,679.264,693.2030000000001,689.0274999999999,0.9858300285547386,43.46893237212495,-0.40366960503490645,3.093339737021774,-0.0004773768144049617,0.011130112056606696,0.016184620075243343,0.7608019357068787,204990.0,0.02999955224548891,-0.007358099132848683,0
2016-10-21,672.0,674.0,663.0,665.08,129800,672.592,688.117,689.4264999999999,0.9755818785613841,41.098169717138106,-2.022711572818139,2.0701294750537915,-0.007358099132848683,0.010743255523194474,0.016280390474081658,-0.4903808402041617,176830.0,0.01653936368557166,-0.005247489023876839,0
2016-10-24,662.0,671.0,660.5,661.59,76000,668.0,682.25,689.1355,0.9693304147007374,43.15541189831398,-3.546545461277219,0.9467944877875893,-0.005247489023876839,0.00973358089148077,0.01593719762887876,-0.41448382126348227,169220.0,0.015870856572801885,0.004700796565848986,1
2016-10-25,660.0,668.8,654.0,664.7,107350,666.342,678.251,688.3055,0.968090477266272,22.2859190254389,-4.451924770340156,-0.13294936383795974,0.004700796565848986,0.009317171271006645,0.01520319146914962,0.4125000000000001,160770.0,0.022265683767112913,-0.00807883255604036,0
2016-10-26,665.01,676.0,654.0,659.33,212500,664.142,674.763,686.983,0.9667517245696038,17.748715553479627,-5.53890941681027,-1.2141413744324219,-0.00807883255604036,0.008815243534263847,0.015165641919725314,0.9795062878435026,161960.0,0.033367206103165334,0.0018655301594041607,1
2016-10-27,660.0,665.0,658.0,660.56,179000,662.2520000000001,670.758,685.897,0.9655268939797084,17.614035087719145,-6.229294431374456,-2.217171985820829,0.0018655301594041607,0.007726964948339097,0.01516718692922136,-0.15764705882352936,154945.0,0.010597069153445562,0.008553348673852712,1
2016-10-28,655.0,668.0,654.0,666.21,82900,662.4780000000001,667.5350000000001,684.946,0.9671974141027176,18.875964528388806,-6.248493010518587,-3.023436190760381,0.008553348673852712,0.00896580892341883,0.015281844852946773,-0.5368715083798883,144120.0,0.021014394860479426,0.007955449482895727,1
2016-10-31,664.9,676.0,660.0,671.51,99100,664.462,666.231,684.1975,0.9711552585328067,28.33072100313474,-5.7695347120074985,-3.572655895009805,0.007955449482895727,0.007987302966406705,0.015408729868906285,0.19541616405307605,143860.0,0.0238268975890158,0.049991809503953766,1
2016-11-01,671.0,705.08,670.0,705.08,364250,672.538,669.44,685.5885000000001,0.9809645290141242,55.454089312594085,-2.650584082552882,-3.3882415325184208,0.049991809503953766,0.016977297741140835,0.01885468780782182,2.675580221997982,165025.0,0.04975321949282357,-0.0007516877517446119,0
2016-11-02,712.0,715.0,701.01,704.55,695100,681.582,672.862,685.2605,0.9946319684266056,52.10066112177433,-0.21903491038688117,-2.7544002080921133,-0.0007516877517446119,0.0168235230341911,0.015130171772154595,0.9083047357584078,220070.0,0.019856646086154298,-0.005876091121992721,0
2016-11-03,700.0,705.0,696.6,700.41,298900,689.552,675.902,684.5525,1.0073033112873009,51.02872062663181,1.3582646964141531,-1.93186722719086,-0.005876091121992721,0.017107168295082523,0.015125706257505618,-0.5699899295065458,224490.0,0.01199297554289627,0.013948972744535215,1
2016-11-04,700.0,712.0,700.0,710.18,204450,698.346,680.412,684.2645,1.0205790304772497,63.985594237695075,3.3579351610427466,-0.8739067495441386,0.013948972744535215,0.01677945193664009,0.015478521119230771,-0.3159919705587153,231955.0,0.01689712467261821,7.040468613594975e-05,1
2016-11-07,712.99,712.99,706.0,710.23,121700,706.0899999999999,685.2760000000001,683.763,1.0326531268875325,73.2401397903145,4.8903500816373935,0.27894461669216775,7.040468613594975e-05,0.016439334164934313,0.015407527347641956,-0.404744436292492,236525.0,0.009841882207172336,-0.010954197935879928,0
2016-11-08,712.0,720.0,698.0,702.45,397800,705.5640000000001,689.051,683.6510000000001,1.0320529041864928,68.84091975598308,5.414602796272675,1.3060762526082692,-0.010954197935879928,0.017423723326978943,0.014814700672411757,2.268693508627773,265570.0,0.031318955085771226,-0.014933447220442764,0
2016-11-09,691.5,697.0,680.0,691.96,222900,703.046,692.3140000000001,683.5384999999999,1.028538992317185,61.502987108269586,4.926828110630481,2.0302266242127116,-0.014933447220442764,0.0181447333881159,0.014817952058168887,-0.4396681749622926,266610.0,0.024567894097924734,0.017558818428810907,1
2016-11-10,695.99,706.8,695.0,704.11,212550,703.7860000000001,696.669,683.7135000000001,1.0293580571394305,69.0149079216603,5.4577530365731945,2.7157319066848085,0.017558818428810907,0.018519542159544267,0.015205092901830593,-0.04643337819650062,269965.0,0.01675874508244444,0.032054650551760266,1
2016-11-11,700.0,737.0,698.08,726.68,934300,707.086,702.716,685.1255,1.0320532515575613,76.73979130720562,7.611979083547453,3.6949813420573374,0.032054650551760266,0.02021469693880312,0.016739040821732304,3.3956716066807813,355105.0,0.053558650299994445,-0.02050421093190946,0
2016-11-14,734.0,749.99,704.0,711.78,613050,707.396,706.7429999999999,686.4870000000001,1.0304579693424636,67.63295880149809,8.024412834498207,4.560867640545512,-0.02050421093190946,0.022263058915958703,0.016782239794287262,-0.3438403082521674,406500.0,0.06461266121554414,0.003090842676107819,1
2016-11-15,714.0,717.0,710.25,713.98,142750,709.702,707.633,688.5364999999999,1.0307398373216237,70.9660093608532,8.431596966046527,5.335013505645715,0.003090842676107819,0.016054363090432077,0.016177289394132873,-0.7671478672212707,384350.0,0.009454046331830022,0.003669570576206649,1
2016-11-16,715.0,722.0,710.32,716.6,371250,714.6299999999999,708.838,690.85,1.034421364985163,71.27239599149712,8.863532146421448,6.040717233800862,0.003669570576206649,0.01605030735838114,0.01609238547094632,1.6007005253940454,351965.0,0.016299190622383407,0.0296957856544795,1
2016-11-17,716.99,746.95,712.1,737.88,731550,721.384,712.5849999999999,694.2435,1.0390936321333941,74.31964709874447,10.798483844476664,6.992270555936024,0.0296957856544795,0.017982511311099257,0.01708706406719132,0.9705050505050505,395230.0,0.047229901881064705,-0.01095029002005754,0
2016-11-18,740.0,750.0,725.0,729.8,403350,722.008,714.547,697.4795,1.0351673418358533,69.41317524811828,11.546853592588604,7.903187163266541,-0.01095029002005754,0.018381990536115226,0.017241679117028688,-0.4486364568382202,415120.0,0.034255960537133465,-0.005152096464784872,0
2016-11-21,737.99,737.99,723.5,726.04,192300,724.86,716.1279999999999,700.702,1.0344768532129207,58.71010638297869,11.701652072247953,8.662880145062823,-0.005152096464784872,0.018544149466088546,0.017238768346728155,-0.5232428412049088,422180.0,0.01995757809487082,0.002672029089306527,1
2016-11-22,725.0,733.91,725.0,727.98,317550,727.6600000000001,718.6809999999999,703.866,1.0338047298775621,59.623757496097944,11.844338606770293,9.299171837404318,0.002672029089306527,0.01794837775404659,0.017245336620878557,0.6513260530421217,414155.0,0.0122393472348141,-0.002706118299953375,0
2016-11-23,732.9,732.9,720.0,726.01,280450,729.5419999999999,722.086,707.2,1.0315921945701356,60.70592171294748,11.664000836304695,9.772137637184393,-0.002706118299953375,0.016923643819698273,0.017076883971979026,-0.11683199496142338,419910.0,0.017768350298205227,0.005399374664260659,1
2016-11-24,723.5,735.0,723.01,729.93,236950,727.952,724.668,710.6685,1.0243200592118546,58.68437252660276,11.70249402655179,10.158208915057873,0.005399374664260659,0.016343361546310553,0.017061401883898663,-0.1551078623640577,422350.0,0.016426232652446138,0.014426040853232625,1
2016-11-25,735.0,752.9,729.0,740.46,318450,730.0840000000001,726.046,714.381,1.021981267698889,62.170867219582895,12.43929075365088,10.614425282776475,0.014426040853232625,0.013682448085227205,0.01717337765169757,0.3439544207638743,360765.0,0.032277233071334004,-0.009413067552602516,0
2016-11-28,741.5,750.0,728.0,733.49,442200,731.574,728.217,717.4799999999999,1.0196437531359759,62.579024153023155,12.318783451478794,10.95529691651694,-0.009413067552602516,0.012005546078784892,0.01747571550666288,0.3886010362694301,343680.0,0.029993592278013334,0.007975568855744575,1
2016-11-29,735.49,748.0,730.0,739.34,139900,733.846,730.7529999999999,719.193,1.020374224999409,69.95115378137103,12.550650568563583,11.274367646926269,0.007975568855744575,0.012105301935111609,0.013883986607847693,-0.6836273179556762,343395.0,0.02434603835853599,-0.011740200719560723,0
2016-11-30,735.0,741.9,725.88,730.66,222700,734.7760000000001,732.159,720.4985,1.019816141185582,61.516439663398934,11.896863830455686,11.398866883632152,-0.011740200719560723,0.01303514401042723,0.01423110527130577,0.5918513223731237,328540.0,0.021925382530862483,0.000369528919059503,1
2016-12-01,734.0,736.0,727.0,730.93,125550,734.9759999999999,731.464,722.0245,1.0179377569597705,52.28568355383456,11.270599419340101,11.373213390773742,0.000369528919059503,0.008692576869864969,0.014119191086334236,-0.4362370902559497,267940.0,0.012313080595953102,0.003981229392691521,1
2016-12-02,734.0,734.0,720.01,733.84,269550,733.652,731.868,723.2075,1.0144419132821494,63.620647073351414,10.883633291892465,11.275297370997487,0.003981229392691521,0.008034143364933967,0.013857208456993751,1.1469534050179213,254560.0,0.019064101166466816,0.00720865583778485,1
2016-12-05,730.0,745.0,730.0,739.13,186550,734.78,733.1769999999999,724.6525,1.0139756641976672,64.95777328416789,10.878418994981757,11.195921695794341,0.00720865583778485,0.008004860228168723,0.013904048422237773,-0.3079206084214432,253985.0,0.02029412958478211,0.010201182471283765,1
2016-12-06,741.9,763.8,740.2,746.67,1446150,736.2459999999999,735.046,726.8635,1.012908200783228,66.89515675918634,11.35184461426843,11.22710627948916,0.010201182471283765,0.00843662736764638,0.013662280738746462,6.7520771911015816,366845.0,0.03160700175445633,0.03995071450573895,1
2016-12-07,746.89,781.0,746.89,776.5,1024150,745.414,740.095,731.0905,1.0195919657005528,69.79700635636655,13.97299751126775,11.77628452584488,0.03995071450573895,0.014252061312081187,0.015258640482364316,-0.2918092867268264,441215.0,0.043927881519639424,0.04999356084996798,1
2016-12-08,779.6,815.32,764.0,815.32,840900,762.292,748.634,736.6510000000001,1.0348075275809032,83.33333333333329,18.964123028731365,13.213852226422176,0.04999356084996798,0.019691360098601472,0.01803519527350899,-0.17892886784162476,501610.0,0.06294461070499932,0.0499926409262621,1
2016-12-09,856.08,856.08,852.1,856.08,684250,786.74,760.196,743.121,1.0586970358797558,89.339303000968,25.909943613311384,15.75307050380002,0.0499926409262621,0.023216205540085664,0.019690102544957774,-0.1862885004162207,538190.0,0.004649098215120103,0.012615643397813292,1
2016-12-13,878.87,890.0,860.0,866.88,588500,812.29,773.5350000000001,750.876,1.081789802843612,89.88170437578954,31.91809428654858,18.986075260349732,0.012615643397813292,0.021650280972650964,0.018486470523231133,-0.1399342345633906,552820.0,0.03460686600221484,0.005490956072351505,1
2016-12-14,865.0,882.99,848.0,871.64,537250,837.284,786.765,758.759,1.1034913589163358,91.15469394675856,36.64131097599022,22.51712240347783,0.005490956072351505,0.021779921881557987,0.01844656849168547,-0.08708581138487681,592555.0,0.04014271947134139,-0.03027626084163182,0
2016-12-15,871.0,875.0,842.0,845.25,414650,851.034,798.2239999999999,765.1915,1.1121843355552172,78.91675025075224,37.819086889644154,25.5775153007111,-0.03027626084163182,0.02502619657208669,0.02052241809283341,-0.22819916240111682,611750.0,0.03904170363797693,-0.013416149068323002,0
2016-12-16,845.25,865.0,822.0,833.91,784850,854.7520000000001,808.5219999999999,769.993,1.110077624082297,73.33799510513957,37.406243666556634,27.943260973880207,-0.013416149068323002,0.026267671741553263,0.02044144984540745,0.8928011576027974,677680.0,0.051564317492295335,-0.008610041851038974,0
2016-12-19,835.2,842.0,824.01,826.73,203750,848.882,817.8109999999999,774.8395,1.0955584995344196,73.26115158167848,36.083745487025794,29.571357876509328,-0.008610041851038974,0.02706817962890726,0.020343784494897883,-0.7403962540612856,671100.0,0.021760429644503053,0.004040013063515424,1
2016-12-20,828.0,841.0,823.95,830.07,280200,841.5200000000001,826.9050000000001,780.0409999999999,1.0788150879248657,72.92203526855641,34.902828161330376,30.63765193347354,0.004040013063515424,0.027153011570258703,0.020171019166251393,0.37521472392638033,680465.0,0.020540436348741618,-0.012107412627850755,0
2016-12-21,836.5,836.5,811.88,820.02,740500,831.1959999999999,834.24,784.643,1.0593301667127597,72.42071457246085,32.778145605172085,31.06575066781325,-0.012107412627850755,0.028212801350882107,0.020600516341736305,1.6427551748750893,609900.0,0.030023657959561967,0.0042925782297993376,1
2016-12-22,820.0,834.0,820.0,823.54,200400,826.8539999999999,838.9440000000001,789.5195,1.0472876224083127,72.86327951414604,31.020765874789618,31.056753709208525,0.0042925782297993376,0.02615222101889847,0.0205010285259424,-0.7293720459149223,527525.0,0.016999781431381596,-0.005051363625324767,0
2016-12-23,829.99,830.0,818.0,819.38,106400,823.948,839.35,793.992,1.0377283398321393,70.98832073805083,28.958536560389916,30.637110279444805,-0.005051363625324767,0.021242885783324998,0.02066360187785973,-0.46906187624750495,454075.0,0.014645219556249848,0.005980131318801929,1
2016-12-26,819.38,835.05,817.12,824.28,170600,823.458,836.1699999999998,798.183,1.031665670654474,70.93269088942425,27.403701210812983,29.99042846571844,0.005980131318801929,0.012760565310935999,0.0205683400377741,0.6033834586466165,402710.0,0.02175231717377584,0.008540787111176007,1
2016-12-27,829.0,835.0,825.0,831.32,91350,823.708,832.6139999999999,803.0745,1.02569313307794,70.86105771600376,26.43482791743145,29.279308356061044,0.008540787111176007,0.012235786745820716,0.020269437675708452,-0.46453692848769046,352995.0,0.012029062214309771,0.010790068806235675,1
2016-12-28,836.5,853.0,835.5,840.29,423500,827.762,829.479,808.1220000000001,1.0243032611412632,67.52183705982529,26.090043110167585,28.641455306882357,0.010790068806235675,0.01279962540220367,0.02029018847288102,3.636015325670498,341620.0,0.020826143355270204,0.00634304823334797,1
2016-12-29,843.0,854.98,837.0,845.62,634850,832.1779999999999,829.516,813.87,1.0224949930578593,60.199272923118336,25.947775319745233,28.102719309454933,0.00634304823334797,0.008983207296093388,0.019826949711211236,0.49905548996458093,363640.0,0.021262505617180315,0.02440812658167979,1
2016-12-30,845.0,873.0,845.0,866.26,587100,841.5540000000001,832.751,820.6365,1.0254893610021003,53.963557078336684,27.187106534431564,27.91959675445026,0.02440812658167979,0.010503510978164928,0.02009766559031945,-0.07521461762621096,343865.0,0.03232285918777272,-0.016011359176228868,0
2017-01-02,868.5,869.85,847.01,852.39,489750,847.176,835.317,826.564,1.0249369679782814,44.49007529089665,26.741829206514126,27.684043244863037,-0.016011359176228868,0.011675440028509187,0.0208295618906615,-0.1658150229943791,372465.0,0.026795246307441466,0.022208144159363785,1
2017-01-03,846.0,875.0,846.0,871.32,402350,855.176,839.442,833.1735000000001,1.0264080650668796,49.8901551558424,27.598300482857894,27.66689469246201,0.022208144159363785,0.013154029256348692,0.02107876788674261,-0.17845839714139866,384680.0,0.033282835238488725,-0.0003098746729102153,0
2017-01-04,868.1,882.5,866.0,871.05,431900,861.3280000000001,844.5449999999998,839.3924999999999,1.026132589938557,60.791366906474785,27.933275978764186,27.720170949722444,-0.0003098746729102153,0.011927103571523864,0.02116416220951094,0.07344351932397175,353820.0,0.01894265541587739,0.0016072556110442449,1
2017-01-05,870.9,877.98,866.01,872.45,270600,866.6940000000001,849.436,844.1899999999999,1.02665750601168,67.58211678832116,27.98907414816358,27.773951589410675,0.0016072556110442449,0.012002783361296168,0.019805189985225558,-0.3734660801111368,360840.0,0.013719983953235173,-0.004321164536649769,0
2017-01-06,873.5,873.5,862.05,868.68,250600,867.1780000000001,854.366,846.858,1.0239945776033292,69.75233072794038,27.413086113953227,27.701778494319186,-0.004321164536649769,0.01193109891018078,0.016981539619025335,-0.07390983000739093,375260.0,0.0131809181747019,-0.0054450430538286465,0
2017-01-09,855.11,876.0,855.11,863.95,283050,869.49,858.333,847.2515,1.0262478142558615,65.74642126789362,26.272091658501267,27.415841127155606,-0.0054450430538286465,0.012460370814052752,0.013023921341573498,0.12948922585794098,386505.0,0.02417964002546442,0.006667052491463599,1
2017-01-10,860.1,877.9,860.0,869.71,148550,869.168,862.1720000000001,847.393,1.02569645961201,74.05363539548841,25.538240257124357,27.040320953149358,0.006667052491463599,0.012411543328027063,0.012799587475162412,-0.4751810634163576,392225.0,0.02058157316806749,0.019730714835979768,1
2017-01-11,874.0,895.95,871.0,886.87,441950,872.332,866.8300000000002,848.1545,1.0285060092235554,77.0803044556572,26.041140267360333,26.840484815991555,0.019730714835979768,0.013204206904626275,0.01348470572899767,1.9750925614271289,394070.0,0.028132646272847256,-0.005863317058869999,0
2017-01-12,885.0,900.0,875.34,881.67,347950,874.176,870.4350000000001,849.9754999999999,1.0284719971340353,76.40077985928619,25.723570300823212,26.61710191295789,-0.005863317058869999,0.013672250522522035,0.011462309325139015,-0.2126937436361579,365380.0,0.027969648507945116,-0.00554629283065089,0
2017-01-13,881.67,885.0,875.0,876.78,171450,875.7959999999999,871.4870000000001,852.119,1.0277860251913171,72.25330620549335,24.7915303521022,26.251987600786755,-0.00554629283065089,0.011940994409227398,0.011025725302313164,-0.5072567897686449,323815.0,0.011405369648030293,0.0062159264581764795,1
2017-01-16,875.0,895.0,867.09,882.23,220400,879.452,874.4709999999999,854.894,1.0287263684152654,71.87419437999478,24.213532895388084,25.844296659707023,0.0062159264581764795,0.01032594400449898,0.010729106115024806,0.2855059784193643,296880.0,0.031635741246613655,-0.03232717091914805,0
2017-01-17,882.0,882.0,849.01,853.71,310200,876.2520000000001,872.71,856.076,1.0235680009718764,54.936727486756936,21.209648473228867,24.917367022411394,-0.03232717091914805,0.013313277461511461,0.013358204193627658,0.40744101633393837,287665.0,0.03864309894460649,0.0028346862517716342,1
2017-01-18,860.0,865.11,854.0,856.13,167100,870.104,871.2180000000001,857.8815000000001,1.014247305717631,53.950830764604156,18.807520809448988,23.69539777981891,0.0028346862517716342,0.01339345777955104,0.012969893789129914,-0.46131528046421666,261185.0,0.012977001156366456,0.012614906614649701,1
2017-01-19,857.1,874.0,857.1,866.93,317350,867.156,870.6659999999999,860.051,1.0082611380022812,50.271981813753335,17.572719696123386,22.470862163079808,0.012614906614649701,0.014122903013157714,0.01317125018549859,0.8991621783363255,265860.0,0.01949407679974159,0.006436505830920591,1
2017-01-20,870.0,879.0,869.99,872.51,280900,866.302,871.049,862.7075000000001,1.0041665338483785,58.756963788300816,16.850152217636037,21.346720173991052,0.006436505830920591,0.014212649321076751,0.013067653701922203,-0.11485741295100049,268890.0,0.010326529208834272,0.003105981593334306,1
2017-01-23,871.5,880.9,871.5,875.22,130800,864.9,872.176,865.2545,0.9995902939539754,51.976484897628204,16.308195905799835,20.33901532035281,0.003105981593334306,0.01406961428798597,0.013051584987650536,-0.5343538625845496,253665.0,0.010740156760585883,0.0028335732730055962,1
2017-01-24,875.21,883.99,871.01,877.7,283650,869.698,872.975,867.5735000000001,1.0024487838782534,53.296321998612115,15.895572631218215,19.450326782525895,0.0028335732730055962,0.013961573087452465,0.012988234626973707,1.1685779816513762,267175.0,0.014788652159052089,0.001617864874102759,1
2017-01-25,879.5,885.0,877.0,879.12,149150,874.296,872.2,869.515,1.0054984675365004,53.30558033501831,15.504422514309795,18.661145928882675,0.001617864874102759,0.012343207332046737,0.012852430486806532,-0.47417592102943773,237895.0,0.0091000091000091,0.011443261443261354,1
2017-01-26,879.12,895.0,878.5,889.18,295550,878.7459999999999,872.951,871.693,1.0080911513571864,59.563351371524554,15.823784416853869,18.093673626476914,0.011443261443261354,0.012761787990238917,0.012985941803665624,0.9815621857190748,232655.0,0.018556422771542323,-0.009525630356058246,0
2017-01-27,894.99,901.0,872.0,880.71,211300,880.3860000000001,873.344,872.4154999999998,1.0091361283700258,57.554994590696005,15.21799919044986,17.518538739271502,-0.009525630356058246,0.013044824880416115,0.012177590393167763,-0.2850617492810015,236640.0,0.03292797856275051,-0.03122480725778065,0
2017-01-30,885.0,885.0,847.0,853.21,268150,875.984,870.442,872.4565,1.0040431815225173,43.78109452736318,12.376224449643928,16.490075881345987,-0.03122480725778065,0.016217237596619423,0.013672803346901128,0.2690487458589683,241415.0,0.044537687087586875,-0.020041959189414094,0
2017-01-31,854.0,855.99,829.5,836.11,506950,867.6659999999999,868.682,870.6960000000001,0.9965200253590228,30.85972850678732,8.644620599158998,14.92098482490859,-0.020041959189414094,0.014093437765009185,0.013343281423360097,0.8905463360059669,261090.0,0.03168243412948058,0.01048905048378801,1
2017-02-01,845.0,853.8,839.99,844.88,534950,860.818,867.557,869.3875,0.9901430604879872,36.49115076742308,6.322086293517941,13.201205118630462,0.01048905048378801,0.014583947284176033,0.013629624140294125,0.05523227142716247,297875.0,0.016345516523056464,0.008971688287094048,1
2017-02-02,840.15,862.0,840.0,852.46,313450,853.4739999999999,866.11,868.3880000000001,0.9828256493641089,41.24297853953624,5.0350627059814315,11.567976636100656,0.008971688287094048,0.014241273685498972,0.013814366094689876,-0.41405738854098517,297485.0,0.025807662529620155,0.0037890340895760932,1
2017-02-03,841.25,860.0,841.25,855.69,163900,848.47,864.4280000000001,867.7385,0.9777945775138478,40.288348946135834,4.226995078071354,10.099780324494796,0.0037890340895760932,0.014099393660931832,0.01383282801987335,-0.47710958685595783,285785.0,0.021912141079129123,0.004347368790099226,1
2017-02-06,855.0,863.0,854.0,859.41,201050,849.71,862.847,867.5115,0.9794798109304603,52.548283261802545,3.8424749128645317,8.848319242168744,0.004347368790099226,0.014153280146092349,0.01382789230175808,0.22666259914582065,292810.0,0.010472300764477957,-0.0009425070688029447,0
2017-02-07,858.0,864.98,855.77,858.6,267200,854.208,860.9370000000001,866.9559999999999,0.9852956782120431,51.12038465027671,3.432808402655496,7.765217074266094,-0.0009425070688029447,0.014068110890703471,0.013734194164701147,0.32902263118627206,291165.0,0.010726764500349447,-0.004845096668996018,0
2017-02-08,861.0,864.0,850.0,854.44,97650,856.1200000000001,858.469,865.3345000000002,0.9893515166678318,43.97142581330248,2.7408724370768596,6.760348146828248,-0.004845096668996018,0.014026335098375193,0.012897928379162617,-0.6345434131736527,286015.0,0.016385000702214315,0.0004915500210664892,1
2017-02-09,852.0,877.5,850.0,854.86,528350,856.6,855.037,863.994,0.9914420701995615,41.03423752920856,2.201026624306337,5.848483842323866,0.0004915500210664892,0.01319773100237301,0.012870309730142245,4.4106502816180235,309295.0,0.03216901013031374,0.006667758463374085,1
2017-02-10,854.0,863.0,853.01,860.56,334500,857.574,853.0219999999999,863.183,0.9935019572906324,42.77262867284552,2.207688433397152,5.120324760538523,0.006667758463374085,0.013415499592043977,0.012955860089691004,-0.36689694331409106,321615.0,0.011608719903318781,0.0024635121316352038,1
2017-02-13,861.0,868.0,860.0,862.68,308250,858.2280000000001,853.969,862.2055,0.9953868306337643,42.568771027112525,2.3568657660649706,4.567632961643812,0.0024635121316352038,0.008740751122178649,0.012875030711598366,-0.07847533632286996,325625.0,0.009273426994945983,0.001159178374368297,1
2017-02-14,861.0,866.0,861.0,863.68,398100,859.2439999999999,856.726,862.7040000000001,0.9959893544019731,42.32909379968198,2.5266558042968654,4.159437530174423,0.001159178374368297,0.004643076445539747,0.010561713079316404,0.29148418491484196,314740.0,0.0057891811782141535,-0.010374212671359628,0
2017-02-15,858.25,868.9,848.0,854.72,316850,859.3,857.71,862.6335000000001,0.996135670594754,32.69037572835039,1.9161305544295146,3.7107761350254416,-0.010374212671359628,0.0056183541052877055,0.010826545533452274,-0.20409444863099724,292930.0,0.024452452265069233,0.007511231748408731,1
2017-02-16,854.72,865.0,853.5,861.14,397100,860.5559999999999,858.5780000000001,862.344,0.997926581503437,39.96307313570617,1.92809931246029,3.3542407705124115,0.007511231748408731,0.00540815198273845,0.01057001997395686,0.2532744200725896,301295.0,0.013354390691409063,0.007838446710174862,1
2017-02-17,861.9,870.0,856.44,867.89,404350,862.0219999999999,859.798,862.1129999999999,0.9998944453917293,59.56476413865,2.4539654412596974,3.174185704661869,0.007838446710174862,0.005776984395339367,0.010621438880498551,0.018257365902795364,325340.0,0.015624099828319195,-0.003399048266485294,0
2017-02-20,865.0,872.99,861.51,864.94,151050,862.4739999999999,860.351,861.5989999999999,1.001015553639222,73.03083559674089,2.6026757650625996,3.059883716742015,-0.003399048266485294,0.005861329020763938,0.01061410868995592,-0.626437492271547,320340.0,0.013272596943140584,0.005075496566235849,1
2017-02-21,861.0,873.0,852.1,869.33,181200,863.604,861.424,861.1805,1.0028141603299192,71.00154612609536,3.039726010035679,3.0558521754007484,0.005075496566235849,0.00598645392179306,0.010663297863745903,0.19960278053624636,311740.0,0.024041503226622775,0.01046783154843367,1
2017-02-22,870.0,884.0,870.0,878.43,441400,868.3460000000001,863.823,861.146,1.0083609515691883,71.73949439142822,4.0734294668091025,3.259367633682419,0.01046783154843367,0.006206057123256457,0.01093272757492879,1.4359823399558498,346115.0,0.01593752490238266,0.0017189759001856597,1
2017-02-23,874.0,882.45,870.01,879.94,178950,872.106,866.3309999999999,860.684,1.0132708404013553,70.90156869505275,4.957346084317464,3.5989633238094285,0.0017189759001856597,0.006167562455317393,0.010609322697272416,-0.5945854100589034,311175.0,0.014137327545059952,-0.0027160942791555343,0
2017-02-24,871.13,910.0,865.0,877.55,481600,874.0379999999999,868.03,860.5260000000001,1.0157020241108343,66.00211714890621,5.402724105621019,3.959715480171747,-0.0027160942791555343,0.006246160643381223,0.010410756231875552,1.6912545403744064,325885.0,0.05127912939433651,-0.003475585436727213,0
2017-02-27,884.0,884.0,869.5,874.5,107800,875.95,869.2120000000001,861.5905,1.0166662701132383,63.49287169042774,5.44679265102252,4.257130914341902,-0.003475585436727213,0.006472747080394818,0.007486712700159075,-0.7761627906976745,305840.0,0.016580903373356205,-0.005054316752429955,0
2017-02-28,878.0,878.0,866.01,870.08,102050,876.1,869.8520000000001,863.289,1.0148397581806325,63.213923622845606,5.066654985442483,4.419035728562019,-0.005054316752429955,0.006786970690972979,0.005803071781908486,-0.053339517625231925,276235.0,0.013780342037513802,-0.009332475174696597,0
2017-03-01,875.0,875.0,860.01,861.96,178800,872.8060000000002,870.576,864.143,1.010024961146477,55.30801435406702,4.063337384370357,4.347896059723687,-0.009332475174696597,0.006602584492242265,0.005968861333923643,0.7520823125918668,262430.0,0.0173905981716089,0.017170170309527055,1
2017-03-02,870.0,889.99,865.1,876.76,397900,872.1700000000001,872.1380000000001,865.358,1.0078718865486886,60.66070018425908,4.411583282283914,4.360633504235732,0.017170170309527055,0.008197111861159226,0.00677140759857286,1.2253914988814318,262510.0,0.028388612619188815,-0.006695104703681731,0
2017-03-03,875.0,875.0,867.7,870.89,1136200,870.838,872.4379999999999,866.118,1.0054496038646004,55.14862661482507,4.16588894837264,4.3216845930631145,-0.006695104703681731,0.008301058643539814,0.0069815660417685685,1.8554913294797686,335695.0,0.00838222967309299,0.011746604048731735,1
2017-03-06,874.99,885.0,872.35,881.12,248400,872.1619999999999,874.0560000000002,867.2035,1.0057178044138428,59.802158273381345,4.741987245754103,4.405745123601313,0.011746604048731735,0.008896123970516255,0.0073594658853838694,-0.7813765182186234,345430.0,0.014356727800980544,-0.0025876157617577,0
2017-03-07,877.0,886.0,872.25,878.84,109300,873.914,875.007,868.2154999999999,1.0065634626426274,64.65726786582405,4.957426228081317,4.516081344497314,-0.0025876157617577,0.008921303799207223,0.007394650525758055,-0.5599838969404187,338240.0,0.015645623776796687,-0.0049838423376268315,0
2017-03-08,877.0,879.0,869.0,874.46,273700,876.414,874.61,869.2165000000001,1.008280445665723,58.300099700897356,4.720320858359514,4.556929247269754,-0.0049838423376268315,0.00844878338181561,0.00740067450490234,1.5041171088746568,321470.0,0.011435628845230198,0.013791368387347624,1
2017-03-09,875.0,890.0,874.99,886.52,258500,878.366,875.268,870.7995000000001,1.0086891414154462,60.888369374634735,5.442812994807014,4.734105996777206,0.013791368387347624,0.009575857313925322,0.007914793276278925,-0.05553525758129341,329425.0,0.01693137210666425,0.001737129449984165,1
2017-03-10,885.0,896.99,877.75,888.06,273400,881.8,876.3190000000001,872.1744999999999,1.0110362089237876,63.73900641787492,6.069690731399078,5.001222943701581,0.001737129449984165,0.009498113754329353,0.007833187428497928,0.057640232108317146,308605.0,0.021665202801612514,-0.008073778798729725,0
2017-03-13,890.0,890.0,876.0,880.89,76600,881.7540000000001,876.958,873.0849999999998,1.0099291592456638,56.64979291302345,5.919698180508021,5.1849179910628695,-0.008073778798729725,0.009855883358519673,0.008121340506169274,-0.719824433065106,305485.0,0.01589301728933238,-0.006527489243832951,0
2017-03-14,889.0,889.0,865.2,875.14,1041550,881.0139999999999,877.4640000000002,873.6580000000001,1.0084197706654088,48.03159028359461,5.27603224256768,5.203140841363831,-0.006527489243832951,0.00996307033878355,0.00829718563040515,12.597258485639687,399435.0,0.027195648696208555,0.0012797952327627815,1
2017-03-15,880.0,882.0,875.0,876.26,557550,881.374,878.8939999999999,874.735,1.0075897271745158,47.787929790815056,4.800954573325953,5.122703587756256,0.0012797952327627815,0.009329707842655913,0.007877746252266319,-0.46469204550909704,437310.0,0.007988496564946478,-0.0019400634514870063,0
2017-03-16,875.0,876.01,872.11,874.56,140800,878.982,878.674,875.4060000000002,1.0040849617206185,48.18765911019516,4.2384184555629645,4.945846561317597,-0.0019400634514870063,0.00760299046789065,0.00776663134466508,-0.7474665949242221,411600.0,0.004459385290889107,0.01439581046469085,1
2017-03-17,870.11,895.0,870.11,887.15,149100,878.8,880.3,876.369,1.0027739456781333,56.87275888297294,4.753714449275094,4.907420138909097,0.01439581046469085,0.008483218680587348,0.008205327445361692,0.058948863636363535,312890.0,0.028056134813729344,0.00697739953784593,1
2017-03-20,890.0,895.0,886.0,893.34,150650,881.29,881.5219999999999,877.789,1.0039884300213378,62.39872068230277,5.597052171422547,5.045346545411787,0.00697739953784593,0.007986657177242427,0.008231899305247219,0.010395707578806146,303115.0,0.01007455168245013,-0.0033134081088947998,0
2017-03-21,897.4,897.4,888.01,890.38,188750,884.3380000000001,882.676,878.8415000000001,1.0062542563135672,66.0311371841155,5.957877427561698,5.22785272184177,-0.0033134081088947998,0.008030169980414222,0.008261770659406736,0.25290408230998995,311060.0,0.010546058986050884,0.0034142725577843702,1
2017-03-22,890.01,897.0,890.0,893.42,82900,887.7699999999999,884.5719999999999,879.591,1.009298639936061,60.83506763787719,6.415186361259657,5.465319449725348,0.0034142725577843702,0.0077295057450186486,0.007992811748260218,-0.560794701986755,291980.0,0.007835060777685747,-0.011942871213986628,0
2017-03-24,894.0,895.0,880.1,882.75,173150,889.408,884.195,879.7314999999999,1.0109993787877325,57.260039177277186,5.849201208330555,5.542095801446389,-0.011942871213986628,0.00771585927867888,0.008485629821574999,1.0886610373944512,283445.0,0.016879071084678534,-0.005007080147267029,0
2017-03-27,884.9,889.0,870.0,878.33,403200,887.644,883.222,879.7705,1.0089494930780243,48.16132858837487,4.986515390983641,5.430979719353839,-0.005007080147267029,0.007802627448266936,0.008542248558493188,1.3286168062373664,296425.0,0.021631960652602096,-0.01011009529447926,0
2017-03-28,875.0,878.0,865.0,869.45,188750,882.866,882.0780000000001,879.518,1.00380663044986,44.30702073481266,3.5454194897461093,5.053867673432294,-0.01011009529447926,0.008028902414549172,0.008812106595091466,-0.5318700396825398,307640.0,0.014951981137500719,-0.017068261544654684,0
2017-03-29,871.85,876.5,852.0,854.61,235400,875.7120000000001,880.025,878.7445000000001,0.9965490537920862,39.319918218013534,1.192134444733938,4.281521027692623,-0.017068261544654684,0.009374001392324147,0.0095363574695514,0.24715231788079461,227025.0,0.028668047413440048,-0.011982073694433715,0
2017-03-30,864.9,864.9,841.1,844.37,428850,865.902,876.836,877.865,0.9863726199358672,26.86862034902866,-1.4820590742326658,3.128805007307565,-0.011982073694433715,0.009737401219164162,0.009677704705021226,0.8217926932880204,214155.0,0.028186695406042322,-0.008266518232528441,0
2017-03-31,843.99,843.99,828.99,837.39,251550,856.8299999999999,873.119,875.8965000000001,0.9782320171390111,23.759709994821378,-4.1171444913806,1.6796151075699322,-0.008266518232528441,0.009818588751874207,0.008797463061479301,-0.41343126967471144,225230.0,0.017912800487228174,0.003009350481854245,1
2017-04-03,840.0,848.98,836.01,839.91,118350,849.146,868.3950000000001,874.3475000000001,0.9711767918361978,27.70402611534277,-5.933725436537657,0.15694699874841445,0.003009350481854245,0.007879590996557237,0.008807460882612401,-0.5295169946332737,222155.0,0.015442130704480275,0.0003333690514459864,1
2017-04-04,836.0,847.0,836.0,840.19,244400,843.2940000000001,863.0799999999999,872.301,0.9667465702779202,29.78132592849714,-7.267015630759943,-1.327845527153257,0.0003333690514459864,0.006941536582696352,0.008236663316985266,1.0650612589776087,231530.0,0.01309227674692629,0.009474047536866648,1
2017-04-05,843.0,851.2,842.0,848.15,163900,842.0020000000001,858.857,870.7665000000001,0.9669664600096581,34.93084593116758,-7.593815462350108,-2.5810395141926277,0.009474047536866648,0.008510958869577583,0.008649076526524765,-0.3293780687397708,229045.0,0.010847137888345276,0.0016506514177916376,1
2017-04-06,844.99,851.0,844.0,849.55,222350,843.0380000000001,854.47,869.521,0.9695430012616143,36.54942454555234,-7.651635097215831,-3.5951586307972683,0.0016506514177916376,0.008338011576792096,0.008645348914298964,0.35661989017693707,242990.0,0.008239656288623389,0.01979871696780644,1
2017-04-07,849.55,873.0,849.55,866.37,143000,848.8340000000001,852.832,868.5134999999998,0.9773411697112367,39.310699588477384,-6.26797087841021,-4.1297210803198565,0.01979871696780644,0.011010839884770706,0.009282138495810971,-0.3568697998650776,239975.0,0.027066957535464117,-0.0007964264690606404,0
2017-04-10,861.0,875.0,861.0,865.68,268350,853.9879999999999,851.567,867.3945,0.9845439416551522,34.918211559432905,-5.167516337996517,-4.337280131855189,-0.0007964264690606404,0.010955655968365795,0.009258523524759898,0.8765734265734266,226490.0,0.016172257647167544,0.006561315959707992,1
2017-04-11,870.0,875.0,869.0,871.36,161100,860.222,851.758,866.918,0.9922760860888803,39.9279813598814,-3.79334236658417,-4.228492578800985,0.006561315959707992,0.010748737399139043,0.009267888594527068,-0.3996646171045277,223725.0,0.006885787734116783,-0.008917095115681173,0
2017-04-12,872.0,872.0,861.0,863.59,148700,863.3100000000001,852.656,866.3404999999999,0.9965019527541424,34.95713565305098,-3.293310424690276,-4.041456147978844,-0.008917095115681173,0.009527377802530579,0.009364542705953606,-0.07697082557417756,215055.0,0.012737525909285657,-0.0037633599277434593,0
2017-04-13,860.6,863.0,855.01,860.34,111050,865.4680000000001,854.253,865.5445,0.9999116163293743,37.78480322686148,-3.123276163380865,-3.857820151059248,-0.0037633599277434593,0.00858238889313141,0.009378512861999052,-0.2531943510423672,183275.0,0.009287026059464873,0.00808982495292554,1
2017-04-14,855.0,870.0,855.0,867.3,76500,865.6540000000001,857.244,865.1814999999999,1.0005461281823527,44.14978253951412,-2.3992518713192794,-3.566106495111254,0.00808982495292554,0.00796411730589518,0.009584443689836854,-0.31112111661413777,165770.0,0.017295053614666208,-0.010722933241092969,0
2017-04-17,870.0,870.0,849.0,858.0,286350,864.118,859.0530000000001,863.7239999999999,1.0004561642376502,43.953955011088794,-2.546534812053892,-3.3621921584997816,-0.010722933241092969,0.009160589118531478,0.009184710812283324,2.743137254901961,182570.0,0.024475524475524476,-0.005629370629370634,0
2017-04-18,858.0,858.0,850.0,853.17,343900,860.4800000000001,860.351,861.7155,0.9985662321264966,49.14974019839392,-3.018206234999184,-3.293394973799662,-0.005629370629370634,0.009481905296258171,0.008993577182363275,0.20097782434084155,192520.0,0.00937679477712531,0.001687823059882687,1
2017-04-19,845.4,869.0,843.0,854.61,653700,858.684,860.997,859.927,0.9985545284657883,56.74749604638904,-3.2384820651129758,-3.2824123920623247,0.001687823059882687,0.009071976340693533,0.009032173992653485,0.9008432683919745,241500.0,0.03042323398977311,0.017996513029334915,1
2017-04-20,859.0,897.34,857.0,869.99,738050,860.6139999999999,863.0409999999999,858.7555,1.0021641782789164,69.34029425723777,-2.147262478277753,-3.0553824093054107,0.017996513029334915,0.010588872993562225,0.010026831222518585,0.12903472540920902,293070.0,0.0463683490614835,0.025609489764250037,1
2017-04-21,871.25,905.0,871.25,892.27,796350,865.608,865.631,859.2315000000001,1.0074211664725978,75.16339869281045,0.5094738074566294,-2.342411165953003,0.025609489764250037,0.011744276001933215,0.011353332890679586,0.07899193821556816,358405.0,0.03782487363690363,-0.0003250137290281563,0
2017-04-24,895.0,903.85,890.0,891.98,394500,872.4039999999999,868.2610000000001,859.914,1.014524708284782,74.88707352234502,2.5620224779613636,-1.36152443717013,-0.0003250137290281563,0.011728227546718878,0.011279720511067874,-0.5046148050480317,371020.0,0.015527253974304382,-0.0042601852059463985,0
2017-04-25,892.0,895.0,868.0,888.18,498900,879.406,869.943,860.8505000000001,1.0215548460505044,70.03704074481927,3.8378139152175663,-0.3216567666925908,-0.0042601852059463985,0.01186755420828004,0.011054662046544358,0.26463878326996193,404800.0,0.030399243396608797,-0.003929383683487497,0
2017-04-26,890.0,890.0,875.0,884.69,467100,885.4219999999999,872.0529999999999,862.3545,1.0267494400504664,67.22886840556976,4.5152252815555585,0.6457196429570391,-0.003929383683487497,0.011456537268831645,0.010279904989819117,-0.063740228502706,436640.0,0.016955091614011687,-0.007087228294657022,0
2017-04-27,884.69,890.99,876.0,878.42,260000,887.108,873.8609999999999,864.057,1.0266776381650746,56.5897407853002,4.494334183597516,1.4154425510851345,-0.007087228294657022,0.01170321296889033,0.009989147798369406,-0.44337400984799824,451535.0,0.01706472985587761,0.00406411511577609,1
2017-04-28,877.0,887.0,876.0,881.99,483150,885.052,875.3299999999999,866.287,1.021661412441835,58.64701516276113,4.71153535546955,2.0746611119620177,0.00406411511577609,0.011544078293833172,0.00969672235322661,0.8582692307692308,492200.0,0.012471796732389255,0.0038435809929817655,1
2017-05-02,881.0,895.0,880.0,885.38,143500,883.732,878.068,868.5605000000002,1.0174674072790553,57.617909150184744,5.098441853597706,2.6794172602891555,0.0038435809929817655,0.010683645655230433,0.009700178416325657,-0.702990789609852,477915.0,0.016941878063656282,-0.0014908852696018382,0
2017-05-03,885.0,902.0,880.0,884.06,567850,882.908,881.1569999999999,870.7539999999999,1.013958017993601,61.96096762884183,5.238172678585784,3.1911683439484815,-0.0014908852696018382,0.01037957943014889,0.009731969261294746,2.9571428571428573,500310.0,0.024885188788091307,0.02060946089631921,1
2017-05-04,890.0,909.0,888.0,902.28,613200,886.426,885.924,873.4605000000001,1.01484383094599,70.85737020091501,6.741401414077018,3.9012149579741893,0.02060946089631921,0.011638402388526281,0.010439207286059491,0.07986263978163244,496260.0,0.02327437159196702,0.03871303808130522,1
2017-05-05,904.0,942.99,902.99,937.21,356050,898.184,892.646,877.8435,1.0231709866280265,77.20021788187688,10.628758384458024,5.246723643270956,0.03871303808130522,0.015358570141193795,0.013107657541411674,-0.41935746901500326,458060.0,0.04267986897280225,0.024274175478281368,1
2017-05-08,945.0,965.0,940.0,959.96,1291050,913.778,899.415,882.5229999999999,1.035415507584505,85.91152437306278,15.36809779561736,7.270998473740237,0.024274175478281368,0.015189219938262274,0.013408304765704804,2.6260356691475915,507530.0,0.02604275178132422,0.020032084670194683,1
2017-05-09,971.0,1001.0,966.0,979.19,845800,932.54,908.1360000000001,888.1985000000001,1.0499229620405797,90.29803018674849,20.440137530336415,9.904826285059475,0.020032084670194683,0.015395483112096145,0.013721120383005431,-0.3448743270980984,552660.0,0.035743829083221844,-0.008854257090043838,0
2017-05-10,980.0,998.0,955.1,970.52,300350,949.832,916.3699999999999,893.1564999999998,1.063455284712142,85.4269820893697,23.489397863459885,12.621740600739557,-0.008854257090043838,0.015910866846202992,0.014130635177938942,-0.6448924095530859,532805.0,0.044203107612413944,0.017949140666859043,1
2017-05-11,975.0,990.0,973.0,987.94,156000,966.9640000000002,926.695,899.374,1.0751522725807063,85.60647225744123,27.000363675867902,15.497465215765226,0.017949140666859043,0.015429725597321824,0.013964279693666985,-0.4806059597136674,501695.0,0.017207522724052068,0.0067919104399052355,1
2017-05-12,988.0,1000.0,982.0,994.65,399800,978.452,938.318,906.0894999999998,1.0798624197719984,84.11302145808337,29.97869456962485,18.393711086537152,0.0067919104399052355,0.01417464728005923,0.01374009581357232,1.562820512820513,515675.0,0.018096817976172522,-0.0029658673905392785,0
2017-05-15,1000.0,1004.99,989.5,991.7,677050,984.8,949.289,912.3095,1.079458232102154,82.64798323729697,31.73517951978056,21.062004773185834,-0.0029658673905392785,0.014804966753241729,0.01393060412463104,0.6934717358679339,535065.0,0.015619643037208841,-0.022395885852576458,0
2017-05-16,1004.0,1005.0,968.0,969.49,582900,982.86,957.7,917.884,1.0707889014298102,73.75679308128322,30.97795058306758,23.045193935162185,-0.022395885852576458,0.01830185786148242,0.014913900261571463,-0.13905915368141197,579005.0,0.038164395713210036,-0.002784969416909977,0
2017-05-17,973.99,978.89,959.0,966.79,864350,982.1139999999999,965.973,923.5650000000002,1.0633945634579047,74.09886110132668,29.81627035535132,24.399409219200013,-0.002784969416909977,0.01839073010090309,0.014808025937432303,0.48284439869617435,608655.0,0.020573237207666593,-0.01560835341697775,0
2017-05-18,973.9,973.9,950.0,951.7,376450,974.866,970.915,928.4195,1.0500274929598097,70.45099352534048,27.36257478827622,24.992042333015256,-0.01560835341697775,0.019417930604576354,0.0155809882105666,-0.564470411291722,584980.0,0.025112955763370786,-0.01140065146579805,0
2017-05-19,954.0,955.0,938.01,940.85,328150,964.106,971.2790000000001,931.9625,1.0344901216518905,65.78523921905169,24.262812451812465,24.8461963567747,-0.01140065146579805,0.01607760965352492,0.015726895661668853,-0.12830389161907296,582190.0,0.018058138916936823,0.005335600786522843,1
2017-05-22,944.99,957.5,942.5,945.87,576000,954.9400000000002,969.8700000000001,934.6424999999999,1.0217168596548951,66.08177806136013,21.958180279918565,24.268593141403475,0.005335600786522843,0.01393975859150237,0.014894757221206438,0.7552948346792625,510685.0,0.01585841606140379,0.00804550308181895,1
2017-05-23,946.05,970.0,946.05,953.48,721600,951.738,967.299,937.7175,1.014951731198362,67.85861288330932,20.50938663778038,23.516751840678857,0.00804550308181895,0.01231351573254082,0.014913245464066176,0.25277777777777777,498265.0,0.02511851323572602,0.010403993791164856,1
2017-05-24,959.0,972.0,954.99,963.4,674800,951.0600000000001,966.5870000000001,941.4784999999999,1.0101770778621075,66.42480920133289,19.931905731401116,22.79978261882331,0.010403993791164856,0.012723871206922524,0.014874964252496287,-0.06485587583148555,535710.0,0.017656217562798414,-0.0019618019514220375,0
2017-05-25,968.0,978.0,957.01,961.51,614600,953.0220000000002,963.9440000000001,945.3195,1.0081480388376631,57.94013854398117,19.101549970204815,22.060136089099615,-0.0019618019514220375,0.010917388304472291,0.014824949675977387,-0.08921161825726143,581570.0,0.021830246175286797,-0.009422678911295668,0
2017-05-26,963.24,969.0,945.02,952.45,431900,955.342,959.7239999999999,949.0210000000001,1.0066605480806008,47.30495944879064,17.51056981576096,21.150222834431887,-0.009422678911295668,0.010556730949482227,0.014928002565277904,-0.2972665148063781,584780.0,0.025177174654837542,-0.028064465326263832,0
2017-05-29,950.0,954.0,918.0,925.72,1075250,951.3120000000001,953.126,951.2075000000001,1.0001098603616982,31.79186814683645,13.932217047284894,19.706621677002488,-0.028064465326263832,0.012928032981910878,0.01657642834467642,1.4895809215096087,624600.0,0.038888648835501013,-0.026055394719785685,0
2017-05-30,929.99,933.9,881.0,901.6,1373600,940.936,946.3370000000001,952.0184999999999,0.9883589447053814,28.765097362583177,9.045790040105317,17.574455349623054,-0.026055394719785685,0.013459869454876648,0.01775983774994298,0.27747035573122525,703670.0,0.05867346938775508,-0.04700532386867795,0
2017-05-31,899.0,900.0,856.52,859.22,7589000,920.1,935.5800000000002,950.7765000000002,0.9677353194993774,15.627002777184316,1.7335661451343185,14.406277508725308,-0.04700532386867795,0.018270331897012444,0.020765338132220253,4.5248980780430985,1376135.0,0.050604036218896226,-0.04670515118363161,0
2017-06-01,864.0,866.0,816.26,819.09,3054550,891.616,922.3190000000001,946.617,0.9418973037669934,10.219341974077764,-7.2163935007276905,10.08174330683471,-0.04670515118363161,0.021410033783620042,0.022429813563610203,-0.597502964817499,1643945.0,0.06072592755374868,-0.0006226422004907972,0
2017-06-02,807.0,830.0,794.52,818.58,1232750,864.842,910.092,940.6854999999999,0.9193742223091566,10.333608285216727,-14.186915804457385,5.228011484576291,-0.0006226422004907972,0.02186018709331069,0.02002962384750048,-0.5964217315152804,1734405.0,0.043343350680446646,0.03465757775660294,1
2017-06-05,834.99,853.0,825.0,846.95,691900,849.0880000000001,900.2,935.0350000000001,0.908081515665189,22.693644709867186,-17.223343070291776,0.737740573602677,0.03465757775660294,0.026215720646043796,0.020982562091768887,-0.43873453660515105,1745995.0,0.03305980282189031,0.014321978865340368,1
2017-06-06,852.5,865.0,839.99,859.08,764750,840.5840000000001,890.76,929.0295,0.9047979638967332,26.966340190753172,-18.438397559816735,-3.0974870530812058,0.014321978865340368,0.026782672172708844,0.020645392994116128,0.10528978176036996,1750310.0,0.02911253899520416,0.006239232667504702,1
2017-06-07,861.0,865.0,853.6,864.44,446050,841.628,880.8639999999999,923.7255000000001,0.9111234885255414,30.529275258836137,-18.75266079166886,-6.228521800798736,0.006239232667504702,0.02645978261942699,0.020822869565263077,-0.41673749591369724,1727435.0,0.013187728471611652,-0.0024640229512749023,0
2017-06-08,860.1,868.5,859.0,862.31,299850,850.2719999999999,870.9440000000001,917.4440000000001,0.9267835421017521,31.76541604754827,-18.955087417289064,-8.773834924096802,-0.0024640229512749023,0.026442327279327625,0.02009741809751435,-0.3277659455218025,1695960.0,0.011016919669260475,-0.004290800292238162,0
2017-06-09,862.35,864.5,852.0,858.61,327000,858.278,861.5600000000001,910.642,0.9424977104065044,29.615959633713317,-19.192828079330184,-10.857633555143478,-0.004290800292238162,0.026515517570786403,0.019860621090409633,0.09054527263631806,1685470.0,0.014558414181060086,-0.0375956487811695,0
2017-06-12,845.0,846.0,820.0,826.33,324900,854.1540000000001,851.6209999999999,902.3735,0.946563701172519,23.367265719911174,-21.735413178315753,-13.033189479777933,-0.0375956487811695,0.02739380622188119,0.020957094901900824,-0.006422018348623881,1610435.0,0.03146442704488522,0.036256701317875395,1
2017-06-13,829.98,862.0,829.98,856.29,504350,853.5959999999999,847.0899999999999,896.7135000000001,0.9519160802196017,29.30241545893719,-21.089798504548753,-14.644511284732097,0.036256701317875395,0.030488717798968636,0.022971500568602535,0.5523237919359802,1523510.0,0.037393873570869665,-0.011841782573660753,0
2017-06-14,857.0,860.0,842.0,846.15,222650,849.9379999999999,845.783,890.6815,0.9542558142276446,28.397003745318344,-21.152524346987093,-15.946113897183096,-0.011841782573660753,0.026884811659121082,0.022995369920533942,-0.5585406959452761,786875.0,0.02127282396738167,-0.029309224132836875,0
2017-06-15,840.0,847.99,818.0,821.35,337600,841.7459999999999,846.009,884.1640000000001,0.9520247374921392,26.816156185895153,-22.938961695370722,-17.344683456820622,-0.029309224132836875,0.024024156301977156,0.023483376858326386,0.516281158769369,515180.0,0.0365130577707433,0.00540573446155701,1
2017-06-16,820.0,830.0,818.0,825.79,381250,835.182,846.7299999999999,878.4109999999998,0.9507872738387841,30.81589556536761,-23.72299139344466,-18.62034504414543,0.00540573446155701,0.024067472075685242,0.023620698141534655,0.12929502369668255,430030.0,0.014531539495513389,-0.011189285411545291,0
2017-06-19,834.9,835.0,811.21,816.55,693300,833.226,843.6899999999999,871.945,0.9555946762697188,32.683145335342246,-24.80400621223839,-19.857077277764024,-0.011189285411545291,0.021164417123248548,0.02348332895362964,0.8184918032786885,430170.0,0.029134774355520133,-0.034462066009429915,0
2017-06-20,816.0,816.98,777.1,788.41,636450,819.65,836.6229999999999,863.6915000000001,0.9490078343945725,34.69502442398303,-27.61307473166653,-21.408276768544525,-0.034462066009429915,0.022210184116136882,0.02396294396752361,-0.08199913457377761,417340.0,0.05058281858423916,0.011795892999835189,1
2017-06-21,785.0,816.0,765.0,797.71,632900,809.9620000000001,829.95,855.4069999999999,0.946873242795535,44.66832917705735,-28.757352634561357,-22.878091941747893,0.011795892999835189,0.022679598300889205,0.024024772322695315,-0.00557781443946892,436025.0,0.06393300823607577,0.04267214902658867,1
2017-06-22,807.0,834.9,807.0,831.75,432200,812.042,826.894,848.9190000000001,0.9565600487207848,52.81374182797077,-26.61070594726175,-23.624614742850664,0.04267214902658867,0.02777240352562019,0.026653521427246564,-0.3171117080107442,449260.0,0.033543733092876435,0.015244965434325186,1
2017-06-29,832.0,860.01,830.0,844.43,561000,815.77,825.476,843.518,0.9671044364198511,49.42291838417145,-23.614094372343175,-23.622510668749168,0.015244965434325186,0.02837213293807931,0.02709691528938064,0.29801018047200367,472660.0,0.03553876579467806,-0.009675165496251914,0
2017-06-30,840.0,849.49,835.0,836.26,169300,819.7120000000001,826.469,839.0450000000001,0.9769583276224756,44.67767515626456,-21.64895317407536,-23.227799169814407,-0.009675165496251914,0.025646618323252428,0.02660383847973974,-0.6982174688057041,457100.0,0.017327147059526954,-0.04999641259895238,0
2017-07-03,830.0,830.0,794.45,794.45,193550,820.9200000000001,820.2850000000001,833.6875,0.9846855086588201,36.04831957899771,-23.197871572309168,-23.221813650313358,-0.04999641259895238,0.027116769290122984,0.028109825889478274,0.14323685764914362,426020.0,0.04474793882560256,-0.008131411668449884,0
2017-07-04,794.2,804.0,775.0,787.99,210600,818.976,814.469,830.126,0.9865683040887769,35.43658880702303,-24.662376054432002,-23.50992613113709,-0.008131411668449884,0.027070563746442552,0.02641276222082648,0.08809093257556189,424815.0,0.036802497493623014,-0.020901280473102468,0
2017-07-05,777.0,793.0,762.0,771.52,276100,806.9300000000001,809.486,827.7475000000001,0.9748504223812213,33.747620647183936,-26.84257328624392,-24.176455562158456,-0.020901280473102468,0.026415174765938416,0.024796939532649335,0.31101614434947766,418665.0,0.040180423060970555,-0.024250829531314855,0
2017-07-06,773.0,774.0,742.0,752.81,322350,788.606,802.188,824.4590000000001,0.9565133014497992,35.548042144991314,-29.737342362036884,-25.28863292213414,-0.024250829531314855,0.02666547965569589,0.025251737604350673,0.16751177109742854,412775.0,0.04250740558706712,0.0006641782122980278,1
2017-07-07,746.0,760.0,740.0,753.31,93600,772.016,795.8639999999999,819.777,0.9417390339080017,27.10538016896396,-31.626550699344193,-26.556216477576154,0.0006641782122980278,0.026814920913612802,0.023612413390439208,-0.7096323871568171,352805.0,0.02654949489585961,0.03777993123680834,1
2017-07-10,748.0,788.5,721.0,781.77,414000,769.4799999999999,795.2,815.9114999999999,0.9430924800054907,36.7650686621166,-30.475969759065492,-27.340167133874022,0.03777993123680834,0.028484426256676052,0.025183158974080518,3.4230769230769234,330560.0,0.08634253041175793,-0.04998912723691107,0
2017-07-11,749.0,759.0,742.69,742.69,377750,760.42,789.698,809.824,0.9389941518157031,34.72621359223301,-32.344705834242404,-28.3410748739477,-0.04998912723691107,0.03200868812027458,0.027005317135447078,-0.0875603864734299,305045.0,0.02196071039060704,-0.03612543591538875,0
2017-07-12,730.0,737.0,706.0,715.86,466100,749.288,778.109,802.5015000000001,0.9336904666221807,30.361927900246528,-35.58049955884826,-29.788959810927814,-0.03612543591538875,0.027958139237232407,0.027732859691821002,0.23388484447385838,308435.0,0.043304556756907774,0.00859106529209619,1
2017-07-13,718.0,735.0,708.56,722.01,396100,743.128,765.867,795.6715,0.9339633253170435,32.92268786127168,-37.21959151335329,-31.275086151412914,0.00859106529209619,0.027240530171953572,0.02799382964094143,-0.1501823642995066,291945.0,0.036619991412861395,0.01799144056176516,1
2017-07-14,722.5,749.0,719.99,735.0,246000,739.466,755.741,791.105,0.9347254789187276,39.793617427861655,-37.043386161317585,-32.428746153393845,0.01799144056176516,0.029198959288550364,0.027684978324048846,-0.3789447109315829,299615.0,0.03946938775510203,0.015319727891156543,1
2017-07-17,734.99,751.0,730.0,746.26,137000,732.364,750.922,785.6034999999999,0.9322310809460499,40.241265505860916,-35.58495306600378,-33.05998753591584,0.015319727891156543,0.027093033120606066,0.02638952476691767,-0.44308943089430897,293960.0,0.028140326427786563,0.03411679575483073,1
2017-07-18,746.26,775.0,746.0,771.72,141850,738.1700000000001,749.295,781.882,0.9440938658263013,38.23079637689684,-32.00578237234208,-32.84914650320109,0.03411679575483073,0.029860049178909692,0.02786167284523753,0.03540145985401466,287085.0,0.03757839630954232,-0.014266832529933104,0
2017-07-19,772.0,781.0,756.0,760.71,127500,747.14,748.214,778.85,0.9592861269820889,33.478054941585114,-29.71514114656884,-32.22234543187464,-0.014266832529933104,0.029456515337330496,0.027347098567745656,-0.10116320056397599,272225.0,0.03286403491475069,2.629122793185168e-05,1
2017-07-20,760.7,779.0,760.0,760.73,240450,754.884,749.006,775.597,0.9732941205290893,34.59891521552956,-27.58024968880852,-31.29392628326142,2.629122793185168e-05,0.02830687389713101,0.02728157992576613,0.8858823529411766,264035.0,0.024976009885241807,-0.0037201109460650583,0
2017-07-21,751.0,765.0,749.0,757.9,144650,759.4639999999999,749.465,772.6645000000001,0.9829156121447276,41.13853464578382,-25.819064077300368,-30.198953842069212,-0.0037201109460650583,0.028353637083175384,0.02722529365522109,-0.3984196298606779,269140.0,0.021110964507190924,0.00034305317324179185,1
2017-07-24,761.0,765.5,752.0,758.16,70550,761.844,747.104,771.152,0.9879297466647302,42.54361845723141,-24.124242711277816,-28.984011615910934,0.00034305317324179185,0.025256036580064516,0.026227069694884492,-0.5122709989630141,234795.0,0.017806267806267807,-0.004405402553550597,0
2017-07-25,759.0,762.5,752.1,754.82,148250,758.4639999999999,748.317,769.0074999999999,0.9862894705188181,45.53237025147139,-22.787909815262537,-27.74479125578126,-0.004405402553550597,0.019166426520880003,0.026040244837461656,1.1013465627214742,211845.0,0.013778119286717332,-0.0030338358814022692,0
2017-07-26,755.01,757.0,751.0,752.53,115100,756.828,751.9839999999999,765.0465,0.9892575157196326,49.91787893007978,-21.6639121353046,-26.528615431685928,-0.0030338358814022692,0.014073400815975329,0.023780783711419402,-0.2236087689713322,176745.0,0.00797310406229652,-0.008637529400821187,0
2017-07-27,753.1,756.48,744.0,746.03,49600,753.8879999999999,754.3860000000001,760.1265,0.9917928134330272,47.93744333635541,-21.054923501317035,-25.43387704561215,-0.008637529400821187,0.014641132882030526,0.023320617018268604,-0.5690703735881841,142095.0,0.016728549790222938,-0.04636542766376672,0
2017-07-28,735.0,742.0,708.73,711.44,1550250,744.596,752.03,753.8855,0.9876778370190168,30.74311373966377,-23.097169745328983,-24.96653558555552,-0.04636542766376672,0.02048127324602568,0.02501363691458524,30.255040322580644,272520.0,0.04676430900708419,-0.005046103677049385,0
2017-07-31,716.0,729.9,705.0,707.85,839850,734.534,748.1890000000001,749.5555,0.9799594559709054,38.159325720500256,-24.720386378155013,-24.91730574407542,-0.005046103677049385,0.01943622533815638,0.0229524038405329,-0.45824866956942434,342805.0,0.035176944267853325,-0.007219043582679996,0
2017-08-01,715.0,715.0,695.16,702.74,673100,724.118,741.2909999999999,745.293,0.9715883551838003,44.76874003189792,-26.11805882406543,-25.157456360073425,-0.007219043582679996,0.013726130413298666,0.022947809078200442,-0.1985473596475561,395930.0,0.02823234766770076,0.027720067165665885,1
2017-08-02,706.0,727.4,705.99,722.22,856800,718.0559999999999,737.442,742.828,0.9666517686463084,50.075686585453774,-25.361499528706645,-25.19826499380007,0.027720067165665885,0.01782481777426261,0.02378563373500072,0.27291635715346896,468860.0,0.02964470659909718,0.0013430810556340766,1
2017-08-03,725.0,731.4,721.0,723.19,528650,713.488,733.688,741.347,0.9624211064454299,45.33975219004027,-24.402354787001627,-25.039082952440385,0.0013430810556340766,0.01787115573109734,0.023266399078552748,-0.38299486461251164,497680.0,0.014380729822038436,-0.0041759426983228876,0
2017-08-04,727.95,730.0,720.0,720.17,361500,715.234,729.915,739.6899999999999,0.9669375008449487,38.9887735291635,-23.613710276697134,-24.754008417291736,-0.0041759426983228876,0.01786838694929762,0.023265186101268792,-0.31618272959424953,519365.0,0.013885610342002584,-0.019648138633933665,0
2017-08-07,724.89,724.89,705.0,706.02,100250,714.8679999999999,724.701,735.9025,0.9714167297977652,19.34490481522957,-23.855499218461887,-24.574306577525768,-0.019648138633933665,0.018323206249414074,0.021581717455038972,-0.7226832641770401,522335.0,0.028172006458740528,-0.012634202997082178,0
2017-08-08,700.6,701.9,695.0,697.1,246050,713.74,718.929,733.623,0.9728975236599724,19.729704006852586,-24.484644409662792,-24.556374143953175,-0.012634202997082178,0.018381074407925812,0.018923114769003553,1.4543640897755612,532115.0,0.009898149476402204,-0.010701477549849403,0
2017-08-09,699.0,700.0,687.5,689.64,430000,707.2239999999999,712.6400000000001,732.312,0.9657413779918941,18.407252688649905,-25.29363685963881,-24.703826687090302,-0.010701477549849403,0.01832139789746297,0.017370361027257065,0.7476122739280635,563605.0,0.018125398758772695,0.012499274984049569,1
2017-08-10,687.99,710.0,687.99,698.26,133550,702.238,707.863,731.1245,0.9604903132093098,24.792899408284043,-24.951580951675282,-24.7533775400073,0.012499274984049569,0.01949039241479065,0.01751385376119626,-0.6894186046511628,572000.0,0.031521209864520366,-0.011943975023630204,0
2017-08-11,703.9,703.9,688.0,689.92,47000,696.188,705.711,728.8705,0.955160073017086,23.002057287545526,-25.06453907561638,-24.815609847129117,-0.011943975023630204,0.013886301012513686,0.017030685224683827,-0.6480718831898166,421675.0,0.023046150278293105,-0.02503188775510201,0
2017-08-15,702.0,704.3,668.0,672.65,362500,689.514,702.191,725.19,0.9508046167211351,20.718409236690192,-26.245067074993585,-25.101501292702014,-0.02503188775510201,0.015554606996963935,0.01713335545134337,6.712765957446808,373940.0,0.05396565821749789,-0.012532520627369315,0
2017-08-16,672.0,680.0,660.0,664.22,201900,682.938,698.339,719.8149999999999,0.9487687808673062,19.849778081256446,-27.543371723223572,-25.589875378806326,-0.012532520627369315,0.015729393498467498,0.014494368778630877,-0.4430344827586207,326820.0,0.030110505555388273,-0.010779560988829151,0
2017-08-17,662.0,674.9,652.0,657.06,179300,676.4219999999999,691.823,714.6325,0.9465312590737195,19.76072326830264,-28.817845487811496,-26.23546940060736,-0.010779560988829151,0.01055140375733947,0.0144278773412666,-0.11193660227835567,259070.0,0.034852220497367026,-0.0006239917206951606,0
2017-08-18,655.01,660.0,637.37,656.65,140850,668.1,685.1690000000001,709.4285,0.9417439530551706,25.741609846807762,-29.52066287616026,-26.89250809571794,-0.0006239917206951606,0.010346024171607331,0.014411465436640975,-0.21444506413831566,220290.0,0.034462803624457465,-0.04992004873220124,0
2017-08-21,657.0,657.0,623.82,623.87,139900,654.89,675.539,702.727,0.9319266229986894,20.45454545454548,-32.34981424451155,-27.98396932547666,-0.04992004873220124,0.016173735153476906,0.017243678981598703,-0.006744763933262288,198130.0,0.05318415695577596,-0.0339173225191145,0
2017-08-22,601.17,610.0,593.0,602.71,275900,640.9019999999999,665.208,694.9545,0.9222215267330449,18.37895934753749,-35.88570418558993,-29.564316297499314,-0.0339173225191145,0.01730442308825205,0.017899510665713554,0.9721229449606863,215695.0,0.0282059365200511,0.0107514393323489,1
2017-08-23,603.0,614.0,603.0,609.19,187100,629.896,656.417,687.673,0.9159818692896187,11.06978025762902,-37.730111356684574,-31.19747530933637,0.0107514393323489,0.019217941351808744,0.018514954574516598,-0.32185574483508517,209800.0,0.01805676389960439,-0.019123754493672096,0
2017-08-24,613.99,618.8,585.0,597.54,197250,617.992,647.207,679.9235,0.9089140175328547,9.688803336541554,-39.67453166045743,-32.89288657956058,-0.019123754493672096,0.019279756787852296,0.01852326285012799,0.05424906467129875,186525.0,0.056565250861866916,0.03865849984938241,1
2017-08-25,614.0,625.0,592.5,620.64,346800,610.79,639.4449999999999,673.654,0.9066820652738645,21.71318137895757,-38.90307142369306,-34.09492354838708,0.03865849984938241,0.024383311116897965,0.021638136568673902,0.7581749049429658,207850.0,0.05236530033513792,-0.011600928074245842,0
2017-08-28,626.8,637.0,607.0,613.44,46550,608.7040000000001,631.797,668.754,0.9102061445613784,22.606225588827115,-38.429670139348445,-34.961872866579355,-0.011600928074245842,0.02438277447279154,0.019790455837691835,-0.8657727797001153,207805.0,0.04890453834115806,-0.017377412623891586,0
2017-08-29,614.99,615.0,590.01,602.78,218500,608.7180000000001,624.8100000000001,663.5005,0.9174341240134711,22.375820056232442,-38.471197108715614,-35.663737715006604,-0.017377412623891586,0.024025225264781184,0.0199116584365992,3.6938775510204085,193405.0,0.041457911675901675,0.018082882643750686,1
2017-08-30,602.0,626.5,602.0,613.68,447150,609.616,619.756,659.0475,0.9249955428098885,28.192466697289845,-37.19579861339116,-35.970149894683516,0.018082882643750686,0.025653669393722923,0.02073801216352127,1.0464530892448511,217930.0,0.03992308695085387,-0.02718028940164252,0
2017-08-31,615.0,617.98,590.15,597.0,343750,609.508,613.75,652.7865,0.9337019071319643,22.21490505981781,-37.10326932373914,-36.196773780494645,-0.02718028940164252,0.02639416579173797,0.019563592266617826,-0.2312423124231242,234375.0,0.04661641541038533,0.009966499162479048,1
2017-09-05,588.5,617.0,588.5,602.95,412300,605.97,608.38,646.7745,0.9369107780223247,25.81882889395544,-36.13330171134817,-36.18407936666535,0.009966499162479048,0.026983514099357505,0.01990243229582384,0.19941818181818172,261520.0,0.04726760096193714,-0.017862177626669085,0
2017-09-06,608.94,617.0,590.0,592.18,205600,601.718,605.211,640.375,0.9396338083154401,26.78705359718458,-35.82072535735119,-36.111408564802524,-0.017862177626669085,0.023096025756065845,0.019968023915024363,-0.5013339801115693,268090.0,0.04559424499307643,-0.029045222736330034,0
2017-09-07,587.0,593.99,565.01,574.98,269900,596.158,602.4379999999999,633.823,0.940574892359539,25.4969796814937,-36.539695731201505,-36.19706599808232,-0.029045222736330034,0.022459934304958313,0.020325599204887107,0.3127431906614786,267490.0,0.05040175310445584,0.03681867195380706,1
2017-09-08,580.0,598.0,580.0,596.15,171350,592.652,601.134,628.7755,0.9425494472987578,34.470450257508546,-34.99780989041517,-35.957214776548895,0.03681867195380706,0.025701942896348914,0.022842484586287494,-0.36513523527232306,265915.0,0.03019374318543991,-0.014610416841398854,0
2017-09-11,591.1,603.0,585.11,587.44,133850,590.74,600.124,623.6655,0.947206475265988,33.07078910033758,-34.08575904774318,-35.582923630787754,-0.014610416841398854,0.025403116133095423,0.022887608758277438,-0.2188503063904289,259575.0,0.030454174043306526,-0.004698352172136877,0
2017-09-12,592.99,595.0,575.25,584.68,179950,587.086,596.528,617.9865,0.9499980986639677,38.76369057858822,-33.20291854083223,-35.10692261279665,-0.004698352172136877,0.0211470487955232,0.022405231118375293,0.3444153903623459,242890.0,0.03377916125059862,0.025466922077033827,1
2017-09-13,588.0,603.09,588.0,599.57,102200,588.5640000000001,595.141,613.4689999999999,0.9594030016186639,49.066143231025464,-30.94504727711751,-34.27454754566082,0.025466922077033827,0.02316052527189796,0.023638922823221064,-0.432064462350653,248455.0,0.025168037093250214,0.012759144053238192,1
2017-09-14,599.0,610.0,598.0,607.22,363850,595.012,595.5849999999999,610.1975,0.9751137951237099,49.41815819008801,-28.213153298114662,-33.06226869615159,0.012759144053238192,0.022902889306784534,0.02360918560886277,2.5601761252446185,262990.0,0.019762194921115906,0.010984486676986815,1
2017-09-15,613.64,616.99,604.0,613.89,385600,598.5600000000001,595.606,607.681,0.9849904802026064,54.97535146978273,-25.219183333960018,-31.493651623713276,0.010984486676986815,0.022418440314996773,0.023790744422975078,0.059777380788786694,256835.0,0.02116014269657432,-0.022495886885272487,0
2017-09-18,615.0,624.89,598.54,600.08,212500,601.088,595.914,604.832,0.9938098513306174,43.36859760030966,-23.68773469157145,-29.932468237284915,-0.022495886885272487,0.021822377471761807,0.024117224769903134,-0.4489107883817427,243710.0,0.0439108118917478,-0.0007165711238502626,0
2017-09-19,600.0,605.5,593.0,599.65,75550,604.082,595.5840000000001,601.982,1.0034884763996266,45.34907251264753,-22.252238066434415,-28.396422203114817,-0.0007165711238502626,0.021580025185189224,0.024116501382374377,-0.6444705882352941,210035.0,0.020845493204369216,-0.00010005836738091745,0
2017-09-20,602.0,605.0,596.25,599.59,343900,604.086,596.325,600.768,1.0055229306487696,48.841264075553966,-20.878760789572766,-26.89288992040641,-0.00010005836738091745,0.020690193157248748,0.021592118862196093,3.5519523494374585,223865.0,0.014593305425374004,-0.0065211227672243854,0
2017-09-21,599.0,599.97,590.35,595.68,50150,601.778,598.3950000000001,600.4165,1.0022675925794844,43.11189346395225,-19.876648840013672,-25.489641704327862,-0.0065211227672243854,0.01806230560309742,0.020273561755133954,-0.8541727246292528,201890.0,0.016149610529143172,-0.005556674724684352,0
2017-09-22,597.45,601.0,590.0,592.37,50450,597.4739999999999,598.017,599.5754999999999,0.9964950202268105,48.026259698183985,-19.129049462552643,-24.21752325597282,-0.005556674724684352,0.01392254490836605,0.02012921778755113,0.005982053838484491,189800.0,0.01856947515910664,0.0025997265222748034,1
2017-09-25,597.5,601.0,588.06,593.91,117600,596.24,598.664,599.394,0.9947380187322529,45.99574769666899,-18.202479586051254,-23.01451452198851,0.0025997265222748034,0.01302605245340122,0.01969295079569703,1.3310208126858276,188175.0,0.02178781296829495,-0.010573992692495482,0
2017-09-26,594.51,599.0,584.0,587.63,115000,593.836,598.9590000000001,597.7435,0.993462915113255,47.901097887258985,-17.770067522284762,-21.96562512204776,-0.010573992692495482,0.013446020778756906,0.017550853442824216,-0.022108843537414935,181680.0,0.02552626652825758,-0.015962425335670383,0
2017-09-27,589.0,590.0,560.25,578.25,38200,589.568,596.827,595.984,0.9892346103251093,51.62573332007556,-17.977037358111147,-21.16790756926044,-0.015962425335670383,0.011106524910155131,0.01769530297532137,-0.6678260869565218,175280.0,0.0514483354950281,-0.01037613488975353,0
2017-09-28,571.08,580.11,570.1,572.25,173450,584.882,593.33,594.4575,0.9838920360160314,36.00702576112414,-18.412959168423868,-20.616917889093127,-0.01037613488975353,0.009643029178844367,0.017459445880965412,3.5405759162303667,156240.0,0.017492354740061146,-0.012354740061162217,0
2017-09-29,575.0,576.0,561.02,565.18,249050,579.444,588.4590000000001,592.0325,0.978736809212332,36.71203438395411,-19.108647661763825,-20.315263843627267,-0.012354740061162217,0.007748198469317568,0.016892743731920554,0.4358604785240703,142585.0,0.026504830319544252,-0.02597402597402587,0
2017-10-02,563.99,570.0,548.0,550.5,105050,570.762,583.501,589.7075,0.9678730557098222,32.13837792642143,-20.606994513676796,-20.373609977637173,-0.02597402597402587,0.00850231880039441,0.01680746226339583,-0.578197149166834,131840.0,0.03996366939146231,-0.04999091734786554,0
2017-10-03,555.0,559.0,522.98,522.98,425500,557.832,575.8340000000001,585.7090000000001,0.9524046924325902,14.643153910072868,-23.74140307841003,-21.047168597791746,-0.04999091734786554,0.015141703857343434,0.01935561961683076,3.050452165635412,166835.0,0.06887452675054492,-0.012792076178821499,0
2017-10-04,519.0,531.0,503.0,516.29,381650,545.4399999999999,567.504,581.9145000000001,0.9373198296313288,7.647880763856477,-26.460254198033795,-22.129785717840157,-0.012792076178821499,0.01440970397813712,0.0192374750584407,-0.10305522914218568,170610.0,0.0542330860562862,-0.0027503922214258125,0
2017-10-05,520.0,528.0,511.0,514.87,473650,533.9639999999999,559.423,578.909,0.9223625820292999,1.508325171400557,-28.402143204029244,-23.384257215077977,-0.0027503922214258125,0.014695472626892053,0.01851171147253761,0.2410585615092362,212960.0,0.033018043389593486,0.026103676656243247,1
2017-10-06,515.5,531.0,515.5,528.31,1726850,526.5899999999999,553.017,575.517,0.9149860038886772,14.725253121006503,-28.52775831466363,-24.41295743499511,0.026103676656243247,0.019447989569530384,0.017345632475724508,2.645835532566241,380600.0,0.029338835153603002,-0.013666218697355514,0
2017-10-09,527.01,530.0,520.0,521.09,260450,520.708,545.735,572.1995,0.9100112810304798,13.803907113896003,-28.877026468982194,-25.305771241792527,-0.013666218697355514,0.01883548192027602,0.017321883039812375,-0.8491762457654111,394885.0,0.019190542900458653,-0.02686676006064226,0
2017-10-10,520.0,525.0,505.0,507.09,236900,517.53,537.6809999999999,568.3199999999999,0.9106313344594595,12.232565735750384,-29.938395803915682,-26.23229615421716,-0.02686676006064226,0.019316810983634226,0.01794371768614879,-0.09042042618544821,407075.0,0.03944073044232779,0.00023664438265402765,1
2017-10-11,510.0,517.0,495.07,507.21,409600,515.7139999999999,530.577,563.702,0.9148699135358752,12.724361675233794,-30.41920202582753,-27.069677328539235,0.00023664438265402765,0.01984899383841722,0.016362779695977853,0.7289995778809624,444215.0,0.04323652924824039,-0.012026576763076391,0
2017-10-12,508.0,513.0,492.0,501.11,440300,512.962,523.463,558.3965,0.9186339814092676,12.432076403754266,-30.935854170905714,-27.842912697012533,-0.012026576763076391,0.019833057206584185,0.015613212201782089,0.074951171875,470900.0,0.04190696653429387,-0.03374508590928149,0
2017-10-13,490.0,498.0,480.5,484.2,584000,504.14000000000004,515.365,551.912,0.9134427227529026,9.910107432580546,-32.337039137324155,-28.74173798507486,-0.03374508590928149,0.020880588504925336,0.01573667547230547,0.3263683851919146,504395.0,0.03614209004543577,0.04981412639405214,1
2017-10-16,488.0,508.41,488.0,508.32,529600,501.58599999999996,511.14699999999993,547.324,0.9164334105575491,24.361543932242824,-31.142217796058617,-29.221833947271612,0.04981412639405214,0.02877567662791907,0.020657373402319143,-0.0931506849315068,546850.0,0.040151872836008864,-0.014420050361976688,0
2017-10-17,513.98,520.0,498.0,500.99,298350,500.366,508.948,542.391,0.9225189945998367,24.688769492858057,-30.435936485425373,-29.464654454902366,-0.014420050361976688,0.02488439844902358,0.020628190483557626,-0.4366503021148036,534135.0,0.04391305215672967,0.042396055809497124,1
2017-10-18,501.5,526.03,495.1,522.23,538250,503.37,509.54200000000003,538.5229999999999,0.9347233080109858,35.100679137376375,-27.841374928827463,-29.139998549687384,0.042396055809497124,0.028567783052411245,0.023547708874568075,0.8040891570303335,549795.0,0.05922677747352689,0.042873829538708996,1
2017-10-19,526.0,548.34,526.0,544.62,1720500,512.0719999999999,512.517,535.97,0.9554116834897473,44.38803362812535,-23.70522128842947,-28.053043097435804,0.042873829538708996,0.03132259894776752,0.026019392344193995,2.1964700418021366,674480.0,0.041019426389041956,0.0057287650104660415,1
2017-10-20,549.95,557.0,540.05,547.74,1357450,524.78,514.4599999999999,533.7385,0.9832155634266592,49.19589791399604,-19.945611213605503,-26.431556720669747,0.0057287650104660415,0.030527219036849056,0.026109532555396223,-0.21101424004649816,637540.0,0.03094533902946662,-0.04387117975681887,0
2017-10-23,550.0,552.0,521.02,523.71,284650,527.858,514.722,530.2285,0.9955292859587893,50.217093915422595,-18.689670428901763,-24.88317946231615,-0.04387117975681887,0.03379263925034012,0.02755757405730046,-0.7903053519466647,639960.0,0.059154875790036504,0.0026350461133068936,1
2017-10-24,524.0,530.0,513.5,525.09,207850,532.6780000000001,516.522,527.1015,1.0105795563093638,52.702370716128264,-17.3825980713259,-23.3830631841181,0.0026350461133068936,0.03234511286141274,0.027598190260887348,-0.26980502371333215,637055.0,0.03142318459692624,0.022548515492581966,1
2017-10-25,525.09,539.0,518.0,536.93,218200,535.618,519.494,525.0355,1.0201557799424994,56.36688986377279,-15.215944821700077,-21.749639511634495,0.022548515492581966,0.032825546001681784,0.028149433282684006,0.04979552561943712,617915.0,0.03911124355130092,0.006052930549605984,1
2017-10-26,539.99,550.35,537.0,540.18,486000,534.73,523.401,523.432,1.021584465603937,53.63998773382398,-13.085764129580866,-20.016864435223773,0.006052930549605984,0.03220251121591933,0.028172540333481506,1.2273143904674608,622485.0,0.024713984227479772,-0.005683290754933457,0
2017-10-27,540.0,542.0,530.0,537.11,74300,532.604,528.692,522.0285,1.0202584724780352,55.04090623033353,-11.512593910631722,-18.316010330305364,-0.005683290754933457,0.029247557685065578,0.028089130909287205,-0.847119341563786,571515.0,0.022341792184096366,-0.049989760011915685,0
2017-10-30,540.0,540.0,510.26,510.26,242600,529.914,528.8860000000001,520.0165,1.0190330499128393,50.92285298398836,-12.290735831276834,-17.110955430499658,-0.049989760011915685,0.031406793308988115,0.02963128991051075,2.2651413189771197,542815.0,0.058284012072276896,-0.0459177674126916,0
2017-10-31,505.0,505.0,484.75,486.83,1038350,522.262,527.47,518.2090000000001,1.0078211686790464,44.775966369322255,-14.629385645670936,-16.614641473533915,-0.0459177674126916,0.034529979790889405,0.029306216085420656,3.280090684253916,616815.0,0.04159562886428528,0.03300946942464522,1
2017-11-01,486.83,505.0,486.83,502.9,374250,515.4559999999999,525.537,517.5395,0.9959742203252118,50.43652148466077,-15.013007173806841,-16.2943146135885,0.03300946942464522,0.033284397554940344,0.03028759996005735,-0.6395723985168777,600415.0,0.03613044342811696,-0.006243786040962429,0
2017-11-02,500.0,504.99,497.0,499.76,100850,507.372,521.051,516.784,0.9817873618378279,54.067761162815025,-15.392961280764553,-16.11404394702371,-0.006243786040962429,0.02907814523861901,0.030309038785775615,-0.7305277221108885,438450.0,0.015987674083560128,0.02121018088682569,1
2017-11-03,495.0,515.0,488.99,510.36,276500,502.02200000000005,517.313,515.8865000000001,0.973124902473703,50.57387194778891,-14.669643714640074,-15.825163900546983,0.02121018088682569,0.030287501774202197,0.030097298024166528,1.7416955875061975,330355.0,0.050964025393839624,0.0023316874363195073,1
2017-11-06,505.0,518.0,497.02,511.55,349000,502.28000000000003,516.097,515.4095,0.9745260807183416,53.07692307692308,-13.840837715942598,-15.428298663626107,0.0023316874363195073,0.02735662708765833,0.029963529263594815,0.26220614828209765,336790.0,0.0410126087381488,0.01090802463102336,1
2017-11-07,513.0,520.5,513.0,517.13,787000,508.34,515.301,515.9114999999999,0.9853240332886553,48.3647556752597,-12.58862973729424,-14.860364878359734,0.01090802463102336,0.027636192118207527,0.029399036120523355,1.2550143266475646,394705.0,0.014503123005820587,0.028445458588749473,1
2017-11-08,515.0,535.0,515.0,531.84,510100,514.1279999999999,514.792,517.1429999999999,0.9941698911132898,45.690004046944566,-10.29064764875443,-13.946421432438674,0.028445458588749473,0.028254692989815384,0.03001097092721956,-0.3518424396442186,423895.0,0.03760529482551143,-0.00018802647412763385,0
2017-11-09,537.0,542.0,527.0,531.74,466200,520.5240000000001,513.9480000000001,518.6745,1.003565820182022,44.49187551638667,-8.380939201622027,-12.833324986275347,-0.00018802647412763385,0.028160484682079386,0.029819223317746092,-0.08606155655753778,421915.0,0.028209275209688946,-0.031801256253055965,0
2017-11-10,534.0,534.0,512.0,514.83,191200,521.418,511.71999999999997,520.2059999999999,1.0023298462532153,46.785403996524764,-8.138165470089575,-11.894293083038193,-0.031801256253055965,0.029785572316112084,0.029694708016467827,-0.5898755898755899,433605.0,0.04273255249305596,-0.0006215643998991327,0
2017-11-13,515.0,522.0,510.0,514.51,84150,522.01,512.1450000000001,520.5155,1.0028711921162772,46.14037647745511,-7.880742569657059,-11.091582980361967,-0.0006215643998991327,0.024988525082924682,0.027623147131848703,-0.5598849372384938,417760.0,0.023323161843307225,0.002993139103224296,1
2017-11-14,524.01,528.0,512.01,516.05,311400,521.794,515.067,521.2685,1.0010081176975014,41.763963395392864,-7.466399926074359,-10.366546369504446,0.002993139103224296,0.01877417835964172,0.027385935364680997,2.700534759358289,345065.0,0.030985369634725337,0.0033911442689662508,1
2017-11-15,517.0,528.14,515.0,517.8,547950,518.9860000000001,516.557,521.047,0.9960445027032112,41.06658151045824,-6.917084180520078,-9.676653931707573,0.0033911442689662508,0.01620032504096819,0.025681661629039655,0.7596339113680155,362435.0,0.025376593279258376,-0.0001351873310156959,0
2017-11-16,519.0,522.01,514.0,517.73,87750,516.184,518.354,519.7025,0.9932297804994203,42.07426795354163,-6.413465471832069,-9.024016239732473,-0.0001351873310156959,0.015924076360034806,0.023610166310177573,-0.8398576512455516,361125.0,0.01547138469858805,-0.012110559558070833,0
2017-11-17,518.9,518.9,504.99,511.46,214500,515.51,518.464,517.8885,0.9954073125779004,50.59008654602675,-6.445975424035623,-8.508408076593104,-0.012110559558070833,0.01531672252484987,0.023629447205505708,1.4444444444444446,354925.0,0.02719665271966521,-0.007410159152230755,0
2017-11-20,508.05,514.0,506.0,507.67,162850,514.142,518.076,517.0865,0.9943055949053012,62.7011214041931,-6.700323957254568,-8.146791252725397,-0.007410159152230755,0.015483543496471429,0.021645788471679472,-0.24079254079254075,336310.0,0.01575826816632852,-0.002284948884117677,0
2017-11-21,506.0,516.0,505.0,506.51,275150,512.234,517.0139999999999,516.1575,0.9923986380126222,52.68881275137794,-6.915778517955914,-7.900588705771501,-0.002284948884117677,0.014941605813232738,0.02162631797922595,0.6895916487565243,285125.0,0.0217172415154686,0.006080827624331153,1
2017-11-22,508.1,516.0,503.0,509.59,235350,510.592,514.789,514.7905000000001,0.9918442550901773,57.328164604144916,-6.760071652203919,-7.672485295057984,0.006080827624331153,0.011049706205690896,0.020962837300686057,-0.1446483736143922,257650.0,0.025510704684157854,0.007162620930551977,1
2017-11-23,511.0,516.0,505.15,513.24,151100,509.6940000000001,512.939,513.4435000000001,0.9926973464461036,52.395209580838326,-6.269873148811826,-7.391962865808753,0.007162620930551977,0.011578722757547257,0.020987836656831155,-0.35797748034841725,226140.0,0.02114020731042012,-0.0071311667056348504,0
2017-11-24,513.0,516.99,502.0,509.58,145700,509.31800000000004,512.414,512.067,0.9946315618854564,48.426266176705525,-6.106328758418499,-7.134836044330703,-0.0071311667056348504,0.006295160944257642,0.021002457936871444,-0.03573792190602254,221590.0,0.0294163821186075,-0.009360649947015132,0
2017-11-27,505.0,508.5,498.0,504.81,148300,508.746,511.44399999999996,511.79449999999997,0.994043507696937,40.029135642602796,-6.289120717416097,-6.965692978947782,-0.009360649947015132,0.006820446819108345,0.017893421610942463,0.017844886753603184,228005.0,0.02079990491472039,-0.02404865196806716,0
2017-11-28,504.0,505.0,486.6,492.67,213650,505.97800000000007,509.10599999999994,512.0865,0.9880713512267948,16.922817091707458,-7.329095947771293,-7.038373572712485,-0.02404865196806716,0.009505644737242651,0.015468267534306164,0.44066082265677675,218230.0,0.037347514563500876,0.0037550490186128993,1
2017-11-29,493.0,496.5,492.0,494.52,143500,502.96400000000006,506.7780000000001,511.6675,0.9829899299838275,19.471784776902823,-7.91279054764766,-7.213256967699521,0.0037550490186128993,0.009540204962052296,0.013512750888298862,-0.32834074420781656,177785.0,0.009099733074496482,0.0002628811777076745,1
2017-11-30,499.0,504.0,490.0,494.65,997000,499.246,504.46999999999997,511.412,0.9762109610255528,27.161611588954173,-8.269556509970698,-7.424516876153757,0.0002628811777076745,0.009561471514181621,0.013451783928684109,5.947735191637631,268710.0,0.028302840392196504,0.012372384514303114,1
2017-12-04,493.0,501.1,492.0,500.77,213250,497.48400000000004,503.40099999999995,510.9325,0.9736785191781694,36.25450180072025,-7.9666289133865575,-7.532939283600317,0.012372384514303114,0.01048822592489549,0.012834576615451931,-0.7861083249749248,268585.0,0.018172015096751048,-0.001737324520238892,0
2017-12-05,501.65,508.3,498.0,499.9,684250,496.50200000000007,502.62399999999997,510.35,0.9728656804154013,33.624011356722775,-7.707906392833365,-7.5679327054469265,-0.001737324520238892,0.010318752164620724,0.012813395298448433,2.208675263774912,320725.0,0.020604120824164858,0.0070214042808562915,1
2017-12-06,502.0,505.0,499.0,503.41,147350,498.65,502.314,509.66400000000004,0.9783896841840898,35.91149402780505,-7.137364174247978,-7.481818999207137,0.0070214042808562915,0.010653611759026675,0.012650564397173825,-0.7846547314578005,307945.0,0.01191871436801017,-0.023360680161299996,0
2017-12-07,501.5,501.5,487.0,491.65,89750,498.076,500.52,507.6545,0.9811318524705287,29.22243467176547,-7.547140337188182,-7.494883266803346,-0.023360680161299996,0.01251866141005966,0.01149778413932692,-0.3909060061079064,293385.0,0.029492525170344758,0.0031119698972847942,1
2017-12-08,490.0,500.0,489.0,493.18,231800,497.782,498.51399999999995,505.72650000000004,0.9842909161374773,34.246811444329595,-7.660131458156286,-7.527932905073935,0.0031119698972847942,0.012196474347319951,0.011576623399014975,1.5827298050139276,301455.0,0.022304229693012694,-0.03960014599132167,0
2017-12-11,485.11,494.9,470.0,473.65,237250,492.358,494.92099999999994,503.6675,0.9775457022738215,26.938720173535813,-9.219311037739203,-7.866208531606989,-0.03960014599132167,0.016655586369915217,0.012654437827366435,0.023511647972390026,310610.0,0.052570463422358236,-0.009458460888841835,0
2017-12-12,470.5,473.01,463.0,469.17,311250,486.212,491.35699999999997,501.4005,0.9697078483168644,25.778412039439587,-10.693206024161896,-8.431608030117971,-0.009458460888841835,0.016657052023823053,0.012681482187203708,0.31190727081138037,326905.0,0.021335550013854232,0.011104716840377726,1
2017-12-13,470.1,478.0,462.0,474.38,218850,480.40599999999995,489.52799999999996,499.317,0.9621262644772759,27.77427092538825,-11.310494620086558,-9.00738534811169,0.011104716840377726,0.016406256753343573,0.01305866243664724,-0.29686746987951806,327425.0,0.03372823474851385,-0.011594080694801612,0
2017-12-14,471.99,473.98,465.0,468.88,74650,475.852,486.96399999999994,496.871,0.9576972695126099,22.637552430298555,-12.10397719957075,-9.626703718403503,-0.011594080694801612,0.016354118909432416,0.01303497104317247,-0.6588987891249715,320540.0,0.01915202183927661,-0.03000767787067049,0
2017-12-15,470.0,471.0,451.2,454.81,997000,468.178,482.98,493.725,0.9482566205883842,20.06122225866406,-13.710107685496325,-10.443384511822067,-0.03000767787067049,0.017956133610420658,0.014129633012821836,12.355659745478901,320540.0,0.04353466282623516,-0.01981047030628169,0
2017-12-18,454.99,455.0,443.07,445.8,593550,462.608,477.483,490.442,0.9432471117889577,19.17250026120574,-15.530977921643228,-11.460903193786299,-0.01981047030628169,0.01669617080435635,0.014396894211166262,-0.40466399197592773,358570.0,0.026760879318079873,0.011956034096007206,1
2017-12-19,444.25,454.5,435.01,451.13,879150,459.0,472.60599999999994,487.61499999999995,0.9413164074115851,26.636670416197973,-16.355409269944744,-12.43980440901799,0.011956034096007206,0.018083605571135742,0.014989009174969176,0.48117260550922425,378060.0,0.04320262452064817,-0.00913262252565783,0
2017-12-20,452.0,459.0,440.51,447.01,324450,453.526,466.966,484.64,0.9357997689006273,23.944279916639275,-17.143605804711456,-13.380564688156685,-0.00913262252565783,0.017081571324566048,0.01498321994363889,-0.6309503497696638,395770.0,0.041363727880808054,0.012482942216057724,1
2017-12-21,444.98,456.99,443.2,452.59,439600,450.2679999999999,463.06000000000006,481.78999999999996,0.934573154278835,28.234320016559735,-17.12064177007329,-14.128580104540008,0.012482942216057724,0.018088953493516444,0.015322171103442502,0.354908306364617,430755.0,0.030469077973441793,0.049912724540975395,1
2017-12-22,452.0,475.21,452.0,475.18,1372400,454.342,461.26000000000005,479.887,0.9467687184691396,38.68600229905386,-15.105491694273326,-14.323962422486673,0.049912724540975395,0.025744773748032468,0.019608215491576108,2.121929026387625,544815.0,0.04884464834378547,0.0029041626331074433,1
2017-12-26,476.0,492.0,460.05,476.56,743800,460.49399999999997,461.55100000000004,478.236,0.9629011617695029,39.72711267605635,-13.244442584238868,-14.108058454837114,0.0029041626331074433,0.022397967718468206,0.019643166837843343,-0.45802972894199945,595470.0,0.06704297465167028,0.04971042471042475,1
2017-12-27,478.8,500.38,478.8,500.25,1772150,470.3179999999999,464.659,478.008,0.9839124031396963,48.818956495739265,-9.745621286243363,-13.235571021118364,0.04971042471042475,0.02676583791605675,0.022842419834376227,1.382562516805593,741560.0,0.04313843078460766,0.034482758620689724,1
2017-12-28,502.0,519.99,502.0,517.5,888650,484.416,468.971,479.2495,1.0107803972669769,59.28053421411648,-5.517249941246973,-11.691906805144086,0.034482758620689724,0.028172203574460077,0.023370579433986103,-0.49854696272888865,808540.0,0.03476328502415461,-0.00017391304347835757,0
2017-12-29,518.0,525.47,509.99,517.41,1226200,497.38,473.82399999999996,480.39399999999995,1.0353584765838042,58.78981353841688,-2.1487282328737365,-9.783271090690016,-0.00017391304347835757,0.02746309599253638,0.023377922349282747,0.37984583356777124,923695.0,0.029918246651591617,0.010668522061807906,1
2018-01-01,515.0,528.0,507.0,522.93,129900,506.93,480.63599999999997,481.808,1.0521411018496996,69.89985462768536,0.9552557635198013,-7.635565719848053,0.010668522061807906,0.023578386598056642,0.023440696546551003,-0.8940629587343011,836985.0,0.04015833859216339,0.03356089725202249,1
2018-01-02,520.0,544.0,517.0,540.48,806950,519.714,490.1039999999999,483.79349999999994,1.0742475870386852,76.04646066184527,4.7762659514233405,-5.1531993855937746,0.03356089725202249,0.020886105196157623,0.024345897044774054,5.212086220169361,858325.0,0.049955595026642985,0.005014061574896367,1
2018-01-03,540.48,552.0,535.0,543.19,656350,528.302,499.31000000000006,485.95799999999997,1.0871351022104792,75.60086315946127,7.931686857029547,-2.5362221370691107,0.005014061574896367,0.021281398203553677,0.02430744486636437,-0.18662866348596563,836045.0,0.031296599716489626,0.028166939744840525,1
2018-01-04,544.9,563.95,540.0,558.49,857900,536.5,510.45799999999997,488.712,1.0977835616886837,81.07358346625979,11.534005949945765,0.2778234803338644,0.028166939744840525,0.018955492455725868,0.024878810152788266,0.3070770168355299,889390.0,0.04288348940894205,0.02938280005013505,1
2018-01-05,559.99,578.0,559.99,574.9,476500,547.9979999999999,522.6890000000001,492.8745,1.1118408438659333,90.97795673240972,15.533953889410611,3.3290495621492138,0.02938280005013505,0.018697657277724655,0.024450627706119266,-0.4445739596689591,893080.0,0.031327187336928145,-8.697164724291717e-05,0
2018-01-08,580.0,585.0,571.0,574.85,425200,558.382,532.656,496.95799999999997,1.1235999822922662,96.90339463545831,18.486802515607792,6.360600152840929,-8.697164724291717e-05,0.017768358262525413,0.02449563134276213,-0.10766002098635885,798360.0,0.02435417935113508,-0.0074454205444898225,0
2018-01-09,572.14,576.0,559.99,570.57,509800,564.4,542.057,501.804,1.124741931112546,93.74450629944333,20.24818759293487,9.138117640859718,-0.0074454205444898225,0.019086111987552112,0.022151912706015135,0.19896519285042324,774960.0,0.028059659638606987,0.023345075976654917,1
2018-01-10,571.5,590.0,566.2,583.89,540650,572.54,550.421,507.5400000000001,1.128068723647397,96.96678561625038,22.460005672402644,11.802495247168304,0.023345075976654917,0.015808994863504816,0.021880688000177183,0.06051392703020797,651810.0,0.04076110226241236,-0.00775831064070287,0
2018-01-11,584.25,590.0,571.81,579.36,615600,576.714,556.6070000000001,512.789,1.1246614104436718,93.81350660123043,23.575589573154843,14.157114112365612,-0.00775831064070287,0.015873346566504572,0.022288745201954698,0.138629427540923,624505.0,0.031396713615023567,-0.00010356255178134433,0
2018-01-12,582.0,585.0,572.0,579.3,686150,577.594,562.796,518.3100000000001,1.1143794254403734,92.6232192565908,24.176168531599956,16.16092499621248,-0.00010356255178134433,0.015867628456682756,0.021838813681062896,0.11460363872644574,570500.0,0.0224408769204212,0.002313136544104921,1
2018-01-15,575.0,585.0,571.0,580.64,438400,578.752,568.567,524.6015,1.103222160058635,92.62080262080262,24.478090296403366,17.82435805625066,0.002313136544104921,0.01613255097951863,0.01975217145329405,-0.3610726517525322,601350.0,0.02411132543400386,0.03423808211628554,1
2018-01-16,586.4,609.67,580.0,600.52,1042550,584.742,574.5710000000001,532.3375,1.0984422476342546,92.38312621523376,26.021555037529765,19.463797452506483,0.03423808211628554,0.016240520101620165,0.018776572644546657,1.3780793795620436,624910.0,0.049407180443615466,0.008692466529008236,1
2018-01-17,608.95,609.45,596.5,605.74,326350,589.1119999999999,580.826,540.068,1.0908107867898114,91.52079804253718,27.350690603511566,21.0411760827075,0.008692466529008236,0.01613859844102146,0.018820121606286946,-0.6869694499064793,591910.0,0.021378809390167473,0.002707432231650486,1
2018-01-18,613.9,619.9,594.5,607.38,805000,594.716,585.715,548.0865,1.0850768993580393,91.72618495501348,28.21117356143452,22.475175578452905,0.002707432231650486,0.015118506020859979,0.01819666066758979,1.4666768806496093,586620.0,0.04181896012381043,0.02054726859626599,1
2018-01-19,610.0,622.0,604.0,619.86,309650,602.828,590.211,556.45,1.0833462125977176,92.22793412912786,29.559401821215374,23.8920208270054,0.02054726859626599,0.013979607547212902,0.018213278829294625,-0.6153416149068323,569935.0,0.02903881521633917,0.03005517374891098,1
2018-01-22,621.5,641.0,620.25,638.49,547300,614.3979999999999,596.575,564.6155,1.0881706223084557,92.30038843331897,31.765000579491357,25.466616777502594,0.03005517374891098,0.015313201627434905,0.016749959820729843,0.7674794122396253,582145.0,0.032498551269401245,0.01169947845698438,1
2018-01-23,641.0,648.0,635.0,645.96,571800,623.4860000000001,604.1139999999999,573.0855,1.0879458649712828,92.60426166984499,33.726936921964125,27.118680806394902,0.01169947845698438,0.013932783061776774,0.016529373870073506,0.044765211035994845,588345.0,0.020125085144590996,0.049043284413895494,1
2018-01-24,655.0,678.25,645.01,677.64,742700,637.8660000000001,613.489,581.955,1.096074438745264,93.48857580845319,37.40689346467684,29.176323338051294,0.049043284413895494,0.017935297757254214,0.016457112848497053,0.2988807275271075,608550.0,0.049052594297857285,-0.01623280798063864,0
2018-01-25,676.0,676.0,660.0,666.64,376250,649.7180000000001,622.217,589.412,1.1023155280177535,84.86092111263112,38.98626803842967,31.13831227812697,-0.01623280798063864,0.019286930747682524,0.01725283366082904,-0.49340245051837894,584615.0,0.024000960038401537,-0.012225489019560776,0
2018-01-26,662.0,669.0,639.95,658.49,302700,657.4440000000001,630.1360000000001,596.466,1.102232147347879,79.93986254295534,39.12923936500613,32.736497695502806,-0.012225489019560776,0.020626894608952256,0.017929987464635252,-0.1954817275747508,546270.0,0.04411608376740718,-0.028808334219198484,0
2018-01-29,655.0,656.0,633.05,639.52,392500,657.65,636.024,602.2955,1.0919058834077293,72.33270713221478,37.28206032611297,33.645610221624835,-0.028808334219198484,0.02442973669381717,0.020151879844613158,0.2966633630657416,541680.0,0.035886289717288036,-0.012024643482611896,0
2018-01-30,639.52,643.01,625.06,631.83,219150,654.8240000000001,639.155,606.863,1.0790310168851949,66.11536910044374,34.796526203605595,33.87579341802099,-0.012024643482611896,0.02369308863927912,0.0199601772173148,-0.44165605095541405,459340.0,0.028409540540968368,-0.026304543943782344,0
2018-01-31,631.83,633.58,610.05,615.21,401650,642.338,640.102,610.464,1.0522127430937778,61.145308711061375,31.12681683464848,33.32599810134649,-0.026304543943782344,0.02564782397426805,0.021386463344158134,0.8327629477526808,466870.0,0.03824710261536725,0.03223289608426372,1
2018-02-01,614.95,640.99,613.0,635.04,411250,636.018,642.8679999999999,614.2915,1.0353683878093707,65.43189368770766,29.47884719418755,32.556567919914706,0.03223289608426372,0.02739781569432149,0.021621698876457658,0.023901406697373284,427495.0,0.04407596371882088,-0.0035903250188964453,0
2018-02-02,632.0,645.0,629.0,632.76,708500,630.8720000000001,644.158,617.1845000000001,1.0221773229885067,64.35496309353312,27.66988126853653,31.57923058963907,-0.0035903250188964453,0.02691516704943267,0.021047643337378966,0.7227963525835865,467380.0,0.02528604842278273,-0.02577596561097406,0
2018-02-06,628.5,628.5,601.13,616.45,266850,626.258,641.954,619.2645,1.0112932357659772,54.47547339439234,24.636191369310836,30.190622745573428,-0.02577596561097406,0.026321656712715545,0.02213131150769728,-0.6233592095977417,439335.0,0.04439938356719929,0.0216887014356395,1
2018-02-07,622.87,635.0,622.87,629.82,364750,625.856,640.34,622.2270000000001,1.0058322766450185,56.468944766817124,23.045167187646257,28.761531633987996,0.0216887014356395,0.02712709588841836,0.0223150584751037,0.36687277496721005,418630.0,0.019259470959956806,-0.015623511479470387,0
2018-02-08,630.12,638.0,618.0,619.98,222050,626.8100000000001,634.574,624.0314999999999,1.0044524995933701,53.2420749279539,20.751058017536934,27.159436910697785,-0.015623511479470387,0.020437130847887886,0.02234738315192444,-0.39122686771761483,366565.0,0.032259105132423624,-0.014468208651892023,0
2018-02-09,616.02,618.88,608.01,611.01,707500,622.004,629.0110000000001,625.614,0.994229668773397,47.680939154132375,18.001644188903924,25.327878366339014,-0.014468208651892023,0.020372055851822522,0.022570418434046585,2.186219319972979,399690.0,0.017790216199407547,-0.004418912947415032,0
2018-02-12,611.5,618.5,605.0,608.31,251400,617.114,623.993,627.0645,0.9841316164445605,41.371225983531545,15.427013477708215,23.347705388612855,-0.004418912947415032,0.020362576364448198,0.02262124302483814,-0.6446643109540636,394560.0,0.022192632046160676,-0.011260705890088762,0
2018-02-13,614.6,614.6,597.01,601.46,217550,614.116,620.1870000000001,628.1055,0.977727467758203,37.23172271318717,12.687607496256078,21.2156858101415,-0.011260705890088762,0.019056528261896535,0.02283566621462085,-0.13464598249801119,377065.0,0.02924550261031495,-0.024141256276394074,0
2018-02-14,603.0,603.0,585.0,586.94,322700,605.5400000000001,615.6980000000001,627.4264999999999,0.96511702964411,21.133036282622513,9.238470530773725,18.820242754267944,-0.024141256276394074,0.0198538860568745,0.022222025117347263,0.48333716387037473,387420.0,0.03066752990084165,-0.022659897093399772,0
2018-02-15,587.2,598.0,570.1,573.64,263500,596.272,611.541,625.8215,0.9527828622059166,20.8281053952321,5.369904868008007,16.130175177015957,-0.022659897093399772,0.019493705814490586,0.0226113928427901,-0.18345212271459554,373605.0,0.04863677567812562,0.021581479673662862,1
2018-02-16,574.0,590.0,574.0,586.02,100350,591.274,606.639,624.7535,0.9464116647605815,27.85552771496667,3.265360204952117,13.55721218260319,0.021581479673662862,0.01729033330489624,0.02322474372748026,-0.6191650853889943,342515.0,0.027302822429268625,0.01940206818879897,1
2018-02-19,586.02,601.0,586.02,597.39,195650,589.0899999999999,603.1020000000001,623.63,0.9446145951926622,36.49939114272895,2.486296891105553,11.343029124303664,0.01940206818879897,0.019330578307377274,0.02316878109762869,0.9496761335326358,291230.0,0.025075746162473458,0.006528398533621305,1
2018-02-20,604.88,606.12,592.0,601.29,303250,589.0559999999999,601.586,621.77,0.9473856892420026,39.96978455070938,2.1586968943186093,9.506162678306653,0.006528398533621305,0.018247132538595785,0.02204755350255713,0.5499616662407361,294870.0,0.023482845216118688,-0.014818140996856743,0
2018-02-21,610.0,612.5,586.5,592.38,182750,590.144,597.842,619.091,0.9532427381435039,42.101985746903736,1.1666604649918781,7.838262235643699,-0.014818140996856743,0.016471783085610783,0.02192876142288192,-0.3973619126133553,276670.0,0.043890745805057564,0.018180897396941065,1
2018-02-22,592.0,610.0,580.0,603.15,420200,596.046,596.159,615.3665,0.9686032632585623,38.22986639108289,1.2352739694794082,6.517664582410841,0.018180897396941065,0.017697729228764433,0.018864515973447706,1.2993160054719564,296485.0,0.04973887092762994,-0.0041449059106358765,0
2018-02-23,604.0,612.5,598.0,600.65,339050,598.972,595.1229999999999,612.067,0.9786052834085157,38.1678826737416,1.0755235930013214,5.429236384528937,-0.0041449059106358765,0.01722374084221285,0.018700093682778317,-0.1931223227034745,259640.0,0.02414051444268709,-0.017297927245484068,0
2018-02-26,608.94,608.94,582.5,590.26,331800,597.546,593.318,608.6555000000001,0.9817474745566251,39.909069892887395,0.10927445367519795,4.365243998358189,-0.017297927245484068,0.017927162583155853,0.01883668244011348,-0.021383276802831475,267680.0,0.044793819672686704,-0.0018805272252905292,0
2018-02-27,591.0,596.0,584.0,589.15,335550,595.1179999999999,592.0869999999999,606.137,0.9818209414703276,32.695089779593204,-0.7375506492575141,3.344685068835049,-0.0018805272252905292,0.017682676451609758,0.01801116735529771,0.011301989150090508,279480.0,0.0203683272511245,0.01968938300942047,1
2018-02-28,591.0,603.0,589.99,600.75,375350,596.792,593.4680000000001,604.583,0.9871134319026503,41.9384589586652,-0.46725634928452564,2.5822967852111343,0.01968938300942047,0.016982339771911083,0.018646747123471127,0.11861123528535233,284745.0,0.021656263004577597,0.049987515605493194,1
2018-03-01,600.0,630.78,596.0,630.78,574450,602.318,599.182,605.3615,0.9949724255672024,57.04411031140882,2.1453931033927347,2.4949160488474544,0.049987515605493194,0.020264824982258182,0.021127821306577633,0.5304382576262154,315840.0,0.05513808300833884,0.02094232537493279,1
2018-03-02,639.0,648.85,632.01,643.99,297300,610.986,604.979,605.809,1.0085455977048872,61.82710156457176,5.2216809298106455,3.040269025040093,0.02094232537493279,0.020224234167836825,0.020400645412555388,-0.48246148489859864,335535.0,0.026149474370720092,0.013105793568223056,1
2018-03-05,648.0,655.0,640.0,652.43,384900,623.42,610.483,606.7925,1.0274022833176084,66.71914977366657,8.24564796270431,4.081344812572937,0.013105793568223056,0.0199837833694154,0.020548470874328813,0.2946518668012108,354460.0,0.022990972211578257,-0.005824379626933052,0
2018-03-06,654.99,671.0,646.0,648.63,375050,635.316,615.217,608.4014999999999,1.0442380566122866,71.7662832545339,10.217751501721295,5.308626150402608,-0.005824379626933052,0.020529875501858693,0.01960546049318619,-0.025591062613665838,361640.0,0.03854277477144134,-0.015401692798667987,0
2018-03-07,646.0,649.0,637.05,638.64,288750,642.894,619.843,608.8425,1.0559282573079245,73.48265895953759,10.849482177569598,6.416797355836006,-0.015401692798667987,0.020601993667648776,0.019471342791035337,-0.23010265297960275,372240.0,0.018711637229111934,-0.01366967305524247,0
2018-03-08,631.08,642.0,628.01,629.91,255800,642.7199999999999,622.519,609.339,1.0547823132935852,66.2857142857143,10.524376784828974,7.2383132416346,-0.01366967305524247,0.021259293267547514,0.019388942466082137,-0.11411255411255417,355800.0,0.02220952199520568,0.00531822006318361,1
2018-03-09,633.94,636.88,627.05,633.26,141750,640.574,625.78,610.4514999999999,1.0493446244296232,64.15213445908626,10.416965131999973,7.874043619707676,0.00531822006318361,0.021038695728075565,0.01906170273324235,-0.44585613760750586,336070.0,0.015522850014212237,0.025471370369200663,1
2018-03-12,635.0,653.0,634.0,649.39,342750,639.966,631.693,612.5055,1.0448330668051145,67.3071387449626,11.500822496512797,8.5993993950687,0.025471370369200663,0.020221259919971476,0.019696366584861347,1.4179894179894181,337165.0,0.029258226951446743,-0.0004927701381295391,0
2018-03-13,650.0,654.0,643.0,649.07,256150,640.054,637.6850000000001,614.886,1.0409311644760166,71.74196517603747,12.193407924589678,9.318201100972896,-0.0004927701381295391,0.02013697708212557,0.019418136878625543,-0.25266229029905174,329225.0,0.016947324633706688,-0.01551450536922061,0
2018-03-14,644.5,645.0,638.0,639.0,125350,640.126,641.51,617.4889999999999,1.0366597623601392,63.82355209377653,11.793770776506335,9.813315036079583,-0.01551450536922061,0.02128249695607503,0.018847711098328335,-0.5106382978723405,304225.0,0.010954616588419406,-0.007136150234741678,0
2018-03-15,641.0,641.0,633.0,634.44,67100,641.032,641.876,620.529,1.0330411632655363,62.82547635314663,10.982502118874095,10.047152452638485,-0.007136150234741678,0.015028335526081843,0.017972936614365703,-0.46469884323893096,253490.0,0.012609545425887396,-0.01229430679024035,0
2018-03-16,636.0,636.0,623.0,626.64,322050,639.708,640.141,622.56,1.02754433307633,64.0854886170048,9.599513830200635,9.957624728150916,-0.01229430679024035,0.013662403953522076,0.017944230454188075,3.799552906110283,255965.0,0.020745563641006,0.0052821396655178265,1
2018-03-19,631.0,634.99,627.0,629.95,71150,635.82,637.8929999999999,624.188,1.018635411126135,65.53220648698039,8.670625412234813,9.700224864967696,0.0052821396655178265,0.012860798553817486,0.01755960908918888,-0.7790715727371527,224590.0,0.012683546313199474,0.019017382331930843,1
2018-03-20,630.0,644.0,630.0,641.93,170050,634.392,637.223,626.22,1.0130497269330268,65.63164287883389,8.799722800868608,9.52012445214788,0.019017382331930843,0.014624377712026466,0.01791753413217173,1.3900210822206605,204090.0,0.021809231536148804,-0.0023834374464505315,0
2018-03-21,642.99,648.0,638.05,640.4,120900,634.672,637.399,628.621,1.0096258317809936,54.65994962216625,8.678534455201316,9.351806452758566,-0.0023834374464505315,0.013747320156832847,0.01746107292870054,-0.28903263745957075,187305.0,0.015537164272329866,0.03299500312304815,1
2018-03-22,644.88,669.99,641.5,661.53,806900,640.0899999999999,640.561,631.54,1.0135383348639833,57.8909483534281,10.170269689163433,9.51549910003954,0.03299500312304815,0.016163635308889115,0.018382081346954723,5.674110835401158,242415.0,0.04306682992456882,0.006227986637038496,1
2018-03-26,660.05,669.99,652.0,665.65,560400,647.892,643.8,634.79,1.0206398966587378,56.187979779067604,11.551768579713098,9.922752995974252,0.006227986637038496,0.01616802067670187,0.01826271020879855,-0.3054901474780022,284280.0,0.02702621497784122,0.005408247577555869,1
2018-03-27,665.1,684.0,665.0,669.25,508850,655.752,645.786,638.7395,1.0266344887078378,59.66985556180829,12.789674906158439,10.49613737801109,0.005408247577555869,0.01452272724104989,0.01747215848837914,-0.09198786581013563,300890.0,0.028389988793425476,0.01455360478147183,1
2018-03-28,670.0,685.0,660.05,678.99,826850,663.164,648.778,643.2315000000001,1.0309880657275023,68.96681395130207,14.390773311137991,11.27506456463647,0.01455360478147183,0.014882855160499083,0.0174465601150802,0.6249385870099244,357960.0,0.036745754723928256,0.013858819717521564,1
2018-03-29,681.01,689.99,681.0,688.4,559050,672.7639999999999,653.7180000000001,647.614,1.0388348615070087,77.31900980850071,16.23185299240538,12.266422250190253,0.013858819717521564,0.013280860729000301,0.01727588777067635,-0.32387978472516177,401330.0,0.013059267867518898,0.001772225450319631,1
2018-03-30,689.9,697.0,675.0,689.62,651450,678.382,659.236,650.5559999999999,1.0427726437078437,76.8585589020206,17.586637893769876,13.33046537890618,0.001772225450319631,0.01245945836834909,0.014013513111703391,0.1652803863697343,459765.0,0.03190162698297613,0.04867898262811421,1
2018-04-02,705.0,724.0,697.0,723.19,1251450,689.89,668.891,654.516,1.0540460431830543,80.15691402419094,21.12561024790125,14.889494352705194,0.04867898262811421,0.015685002234077015,0.016812792693598647,0.9210223347916187,552705.0,0.037334587037984486,-0.0016178321049794553,0
2018-04-03,723.0,729.9,712.0,722.02,508200,700.4440000000001,678.0980000000001,657.9955,1.0645118393666828,79.60392825257684,23.564228357287448,16.624441153621646,-0.0016178321049794553,0.016278122237342894,0.016805258339482383,-0.5939110631667266,596410.0,0.024791557020581115,-0.008296169081188909,0
2018-04-04,718.0,731.8,712.1,716.03,445950,707.8520000000001,685.508,661.3655000000001,1.0702886679150938,82.33022748258202,24.728453618404387,18.245243646578196,-0.008296169081188909,0.01755626929231158,0.016899522262668682,-0.12249114521841797,624000.0,0.027512813708922716,0.0015781461670600905,1
2018-04-05,714.5,723.85,713.5,717.16,120300,713.604,693.184,665.2915,1.0726185439014326,85.74762316335341,25.448932627901513,19.68598144284286,0.0015781461670600905,0.017259908895219955,0.01622916380100842,-0.7302388160107636,623940.0,0.01443192593005748,-0.0018127056723743484,0
2018-04-06,725.0,725.0,714.0,715.86,431150,718.852,698.617,669.5889999999999,1.073571997150491,90.85164835164835,25.619690454397528,20.872723245153793,-0.0018127056723743484,0.01590346712156718,0.015682567975686023,2.583956774729842,586365.0,0.015366133042773726,-0.0063559913949655655,0
2018-04-09,716.85,720.5,710.0,711.31,68100,716.4759999999999,703.183,673.4915000000001,1.063823374162851,86.83448026077502,25.09854982895274,21.717888561913583,-0.0063559913949655655,0.016547189661671884,0.015945133672084073,-0.842050330511423,537135.0,0.01476149639397731,-0.0005482841517763237,0
2018-04-10,716.0,716.01,709.0,710.92,58550,714.256,707.35,676.568,1.055704674179092,84.89630753667169,24.373114298145993,22.248933709160067,-0.0005482841517763237,0.016708349429389494,0.015317405184373061,-0.14023494860499264,492105.0,0.009860462499296674,-0.0016176222359758352,0
2018-04-11,705.0,713.88,705.0,709.77,120750,713.004,710.428,679.603,1.0491478112957124,85.2239260688534,23.435258947250304,22.486198756778116,-0.0016176222359758352,0.01659012484406638,0.015339316381216935,1.062339880444065,421495.0,0.012511095143497183,-0.010820406610592137,0
2018-04-12,709.0,709.0,699.12,702.09,80950,709.99,711.7969999999999,682.7574999999999,1.039886050318012,73.85321100917432,21.820753940739337,22.35310979357036,-0.010820406610592137,0.016886773020054542,0.015048671523805809,-0.32960662525879914,373685.0,0.014072269936902668,-0.024669201954165443,0
2018-04-13,696.0,707.0,681.0,684.77,624700,703.7719999999999,711.312,685.274,1.026993582129192,59.73325188352677,18.925506383606944,21.667589111577676,-0.024669201954165443,0.018893932119702837,0.016245222843069215,6.717109326744905,371010.0,0.03796895307913606,-0.014647253822451245,0
2018-04-16,676.0,686.0,670.01,674.74,183400,696.458,706.467,687.679,1.0127661307092408,52.62302914476828,15.641360788889415,20.462343447040023,-0.014647253822451245,0.008077982569552198,0.01637702394323222,-0.7064190811589564,264205.0,0.023698017013960945,0.018985090553398365,1
2018-04-17,674.0,694.99,668.6,687.55,284350,691.784,703.02,690.559,1.0017739251823523,53.97326401782396,13.911943462100567,19.152263450052132,0.018985090553398365,0.011480315732919088,0.016723928475340762,0.5504362050163576,241820.0,0.03838266307904878,-0.013322667442367764,0
2018-04-18,687.24,699.48,675.0,678.39,241800,685.508,699.256,692.3820000000001,0.9900719544991059,45.34288638689868,11.667733950091133,17.655357550059932,-0.013322667442367764,0.011756130580408362,0.016811175056949165,-0.14963952874978015,221405.0,0.036085437580153035,-0.016789752207432285,0
2018-04-19,678.02,681.0,663.01,667.0,224400,678.49,694.24,693.712,0.9780571764651613,40.385923155389314,8.86788052672091,15.897862145392128,-0.016789752207432285,0.011990638853846738,0.01734941657363372,-0.07196029776674939,231815.0,0.026971514242878573,-0.020719640179910126,0
2018-04-20,675.5,678.5,650.0,653.18,278450,672.172,687.972,693.2945,0.969533149332643,14.240474001430115,5.470754562237516,13.812440628761207,-0.020719640179910126,0.012532209195369647,0.016462709270573483,0.2408645276292336,216545.0,0.043632689304632724,-0.0041336231972809445,0
2018-04-23,652.0,658.0,644.5,650.48,179900,667.3199999999999,681.8889999999999,692.536,0.9635888964617002,14.021323677328468,2.531459238927141,11.556244350794396,-0.0041336231972809445,0.012604796877459417,0.01640251006466784,-0.3539235051176154,227725.0,0.02075390480875661,0.022921534866560123,1
2018-04-24,654.0,676.0,654.0,665.39,267850,662.888,677.336,692.3430000000001,0.9574560586298987,26.62913051504519,1.389145703696272,9.52282462137477,0.022921534866560123,0.016035862398308592,0.01721160344149098,0.4888827126181212,248655.0,0.03306331625061994,-0.007273929575136395,0
2018-04-25,664.0,674.45,659.0,660.55,74950,659.3199999999999,672.414,691.4209999999999,0.9535724254831716,24.738955823293125,0.09224312533933698,7.636708322167683,-0.007273929575136395,0.01594474086508655,0.016919737602373138,-0.720179204778794,244075.0,0.02338959957611089,0.004995836802664577,1
2018-04-26,661.5,667.0,657.0,663.85,103400,658.6899999999999,668.5899999999999,690.1935,0.9543555539135039,27.19859710653222,-0.6616519787902462,5.977036261976098,0.004995836802664577,0.016309126077408982,0.016616779302319834,0.37958639092728497,246320.0,0.015063643895458311,-0.018392709196354606,0
2018-04-27,665.0,665.99,650.1,651.64,203950,658.382,665.2769999999999,688.2945000000001,0.9565411317393934,25.486812915947752,-2.218787436683442,4.33787152224419,-0.018392709196354606,0.015593010270692174,0.017003261648960655,0.9724371373307543,204245.0,0.024384629550058295,0.01467067706095393,1
2018-04-30,653.05,667.0,648.5,661.2,413850,660.5260000000001,663.923,685.1949999999999,0.9639971103116632,31.00550122249392,-2.6508589499992468,2.9401254277955027,0.01467067706095393,0.01628453155218283,0.012768591802707816,1.0291738171120373,227290.0,0.027979431336963095,-0.011857229280096804,0
2018-05-02,658.0,660.0,651.01,653.36,69450,658.1200000000001,660.504,681.762,0.9653222092167064,29.497710256596662,-3.5845804040218354,1.6351842614320353,-0.011857229280096804,0.014735230586354365,0.012856425868165107,-0.8321855744835085,205800.0,0.013759642463572929,0.005020203257009914,1
2018-05-03,653.0,662.9,649.0,656.64,243350,657.338,658.329,678.7924999999999,0.9683931392877795,32.93534579860328,-4.013626210973598,0.5054221669509088,0.005020203257009914,0.01472440690133953,0.01301541037367088,2.503959683225342,205955.0,0.021168372319688076,-0.011543615984405564,0
2018-05-04,657.0,660.0,645.05,649.06,216550,654.38,656.5350000000001,675.3874999999999,0.9688956339878959,35.53431094547517,-4.908706245354892,-0.5774035155102515,-0.011543615984405564,0.014271154667042913,0.013037423718430651,-0.11012944318882267,205170.0,0.02303330970942601,-0.026114688934767094,0
2018-05-07,649.0,649.0,630.0,632.11,235750,650.4739999999999,654.428,671.2,0.9691209773539927,33.647871116225545,-6.9061768563904025,-1.8431581836862816,-0.026114688934767094,0.015108364476919102,0.01384259602569386,0.08866312629877626,200900.0,0.03005805951495784,0.0016294632263371689,1
2018-05-08,630.0,639.75,624.0,633.14,195700,644.862,652.694,667.2914999999999,0.9663872535466135,27.055747659610375,-8.31027859601761,-3.1365822661525478,0.0016294632263371689,0.015177314032397702,0.013949896876557562,-0.16988335100742313,202480.0,0.024876014783460215,-0.013883185393435804,0
2018-05-09,634.5,634.5,615.01,624.35,357500,639.06,648.5899999999999,662.963,0.963945197544961,27.14043993231813,-10.016850858164162,-4.512635984554871,-0.013883185393435804,0.01253470463162888,0.014008686041387554,0.8267756770567194,211445.0,0.031216465123728693,0.0037478978137264196,1
2018-05-10,629.99,639.87,620.05,626.69,436750,633.0699999999999,645.204,658.809,0.9609310133893131,31.534585432890566,-11.053090085109034,-5.8207268046657035,0.0037478978137264196,0.012915882222453002,0.014155261318450895,0.22167832167832158,247625.0,0.031626481992691836,-0.010180472003702201,0
2018-05-11,628.94,635.0,614.3,620.31,318650,627.3199999999999,640.85,654.72,0.9581500488758552,33.84131353849182,-12.247943153682854,-7.106170074469134,-0.010180472003702201,0.012472305600119362,0.014144772502478814,-0.2704064109902691,269150.0,0.03337041156840942,-0.031032870661443446,0
2018-05-14,619.56,619.56,595.01,601.06,187900,621.1099999999999,635.792,650.5345,0.9547687324807522,29.1053610688314,-14.5801164335777,-8.600959346290846,-0.031032870661443446,0.014297089808748203,0.01464762761379562,-0.41032480778283387,267545.0,0.04084450803580334,-0.01677037234219536,0
2018-05-15,591.01,603.0,582.0,590.98,381400,612.678,628.7700000000001,646.3465,0.9479095191201623,17.200035264039556,-17.045265112315064,-10.28982049949569,-0.01677037234219536,0.012049137436999506,0.014718097938133159,1.0298030867482701,264300.0,0.03553419743476936,-0.015228941757758352,0
2018-05-16,590.0,595.0,581.0,581.98,75400,604.204,621.632,641.068,0.942495959866972,16.591546900246684,-19.50035008725365,-12.131926417047282,-0.015228941757758352,0.01211969718512481,0.013541067345604365,-0.8023072889355007,264895.0,0.024055809477988934,-0.02113474689851902,0
2018-05-17,577.0,579.0,565.1,569.68,106050,592.8019999999999,612.936,635.6324999999999,0.9326175109044927,12.805118887747867,-22.18282008086942,-14.14210514981171,-0.02113474689851902,0.010938476118597875,0.01380629623812878,0.4064986737400531,251165.0,0.024399662968684135,-0.02255652296025823,0
2018-05-18,567.99,569.68,554.0,556.83,130000,580.106,603.713,630.124,0.9206219728180485,12.74070580837855,-25.056745915401734,-16.325033302929718,-0.02255652296025823,0.011209011731526528,0.014044425280725832,0.22583686940122583,242510.0,0.028159402331052474,0.00457949463929741,1
2018-05-21,560.0,568.0,551.1,559.38,81950,571.77,596.44,625.434,0.9141971814771822,7.652636832473746,-26.819431444845463,-18.42391293131287,0.00457949463929741,0.012045021070802605,0.01406236069682286,-0.36961538461538457,227130.0,0.030212020451213805,0.018180843076262887,1
2018-05-22,565.0,572.0,558.0,569.55,320850,567.484,590.0809999999999,621.3875,0.9132530023536038,15.805793553651498,-27.08353627338579,-20.155837599727455,0.018180843076262887,0.014930272656702976,0.01519381658069475,2.9151921903599756,239645.0,0.024580809410938462,-0.012114827495391056,0
2018-05-23,568.5,570.0,560.08,562.65,182300,563.618,583.911,616.2505,0.9145923613855081,12.752635333280452,-27.53223907325787,-21.631117894433537,-0.012114827495391056,0.014895231709091841,0.013552876837806935,-0.4318217235468287,222125.0,0.017630853994490287,-0.02813471963032066,0
2018-05-24,560.0,561.0,545.5,546.82,144050,559.046,575.924,610.5640000000001,0.9156222771077233,11.969944948668314,-28.832821163490735,-23.071458548244976,-0.02813471963032066,0.01497782138331739,0.014257182726446205,-0.20981897970378494,192855.0,0.028345707911195638,-0.013953403313704649,0
2018-05-25,545.0,548.5,536.1,539.19,62700,555.5179999999999,567.8120000000001,604.331,0.9192280389389257,12.861710631494745,-30.131877545713223,-24.483542347738627,-0.013953403313704649,0.014934065975727131,0.013881413436683821,-0.5647344671988892,167260.0,0.022997459151690453,0.0010200485914055868,1
2018-05-28,535.0,554.9,530.0,539.74,694200,551.59,561.6800000000001,598.736,0.9212574490259481,12.52607928101422,-30.762398898785364,-25.739313657947974,0.0010200485914055868,0.014252580949485387,0.013960813624041927,10.07177033492823,217890.0,0.046133323452032415,0.024308000148219433,1
2018-05-29,545.0,554.0,542.0,552.86,178250,548.2520000000001,557.8679999999999,593.3190000000001,0.9240425470952388,22.27995347033729,-29.859218774852934,-26.56329468132897,0.024308000148219433,0.017766716298375212,0.014961550456491982,-0.7432296168251225,197575.0,0.02170531418442282,-0.01694823282567015,0
2018-05-30,554.94,555.99,542.0,543.49,145200,544.4200000000001,554.019,587.8255,0.9261592088128195,19.40726577437853,-29.558787409665342,-27.162393226996247,-0.01694823282567015,0.017868561663056465,0.015059274077177734,-0.18541374474053296,204555.0,0.025741043993449758,0.005133489116635026,1
2018-05-31,544.0,553.99,540.21,546.28,358850,544.3120000000001,551.679,582.3075,0.9347501105515559,22.040939648009612,-28.763990329707326,-27.482712647538467,0.005133489116635026,0.017432233682699746,0.015064867345382066,1.4714187327823693,229835.0,0.025225159258988016,-0.0013180054184667167,0
2018-06-01,543.0,547.0,540.2,545.56,37700,545.586,550.5519999999999,577.1325,0.9453392418552065,25.627964166520215,-27.87092720062674,-27.56035555815612,-0.0013180054184667167,0.016175254395764165,0.015149064766362677,-0.8949421763968232,220605.0,0.012464256910330587,0.009109905418285935,1
2018-06-04,546.98,554.0,545.01,550.53,547400,547.7439999999999,549.667,573.0535,0.9558339666366228,31.402298850574653,-26.457149225414128,-27.339714291607727,0.009109905418285935,0.01643896280609951,0.015045370806749675,13.519893899204243,267150.0,0.01632971863477015,0.004377599767496854,1
2018-06-05,549.99,556.0,546.6,552.94,911000,547.76,548.0060000000001,569.0435,0.9625977627369436,35.78700078308536,-24.855731732293975,-26.84291777974498,0.004377599767496854,0.015133093458853155,0.015138451040339913,0.6642309097552064,326165.0,0.01700003617028968,0.022950048829891045,1
2018-06-06,557.95,574.0,552.25,565.63,551350,552.188,548.304,566.1075,0.9754119138149557,48.02535348610436,-22.30549601281473,-25.93543342635893,0.022950048829891045,0.01672684759942578,0.01639889372752345,-0.3947859495060373,363070.0,0.03845269876067394,0.02390255113766937,1
2018-06-07,569.9,586.0,563.01,579.15,691700,558.762,551.537,563.7305,0.9911863913696348,60.81185816702188,-18.974735879173636,-24.543293916921876,0.02390255113766937,0.014753359836942538,0.01753183724002342,0.2545569964632266,417835.0,0.03969610636277305,-0.028610895277561887,0
2018-06-11,580.0,583.0,552.5,562.58,309950,562.166,553.876,560.844,1.0023571617062856,51.36472193790518,-17.470753029407092,-23.12878573941892,-0.028610895277561887,0.017426318980488527,0.01835064201736946,-0.5519011131993639,442560.0,0.05421451171388958,-0.02788936684560428,0
2018-06-12,562.58,565.0,543.0,546.89,141050,561.438,554.591,558.1355,1.0059170219418045,40.77060931899642,-17.344945918856183,-21.972017775306377,-0.02788936684560428,0.020221706080477686,0.01812541643363816,-0.5449266010646878,387245.0,0.04022746804659072,-0.0030536305289911025,0
2018-06-13,545.0,558.0,538.05,545.22,269300,559.894,553.827,555.8475,1.0072798744259892,42.584871947587864,-17.181935266215305,-21.014001273488162,-0.0030536305289911025,0.018577178256362563,0.017896945293999798,0.9092520382842963,396350.0,0.0365907340156268,-0.005869190418546721,0
2018-06-14,549.0,555.0,540.0,542.02,306450,555.1719999999999,553.6800000000001,553.8495,1.0023878327957323,47.71210676835077,-17.11368549259396,-20.23393811730932,-0.005869190418546721,0.017852145250737902,0.017705612895644908,0.1379502413665057,412475.0,0.02767425556252537,-0.011660086343677212,0
2018-06-19,544.99,549.0,532.0,535.7,237400,546.4820000000001,552.622,552.1505,0.9897337772944154,48.31547446664735,-17.369345236992103,-19.661019541245878,-0.011660086343677212,0.018090627235226187,0.017328901291782526,-0.22532223853809752,400330.0,0.03173417957812208,-0.03214485719619198,0
2018-06-20,536.99,536.99,515.0,518.48,421200,537.662,549.914,550.233,0.9771533150501698,41.16081822717446,-18.74538241295079,-19.47789211558686,-0.03214485719619198,0.02046842877081026,0.018019415206317006,0.7742207245155854,438680.0,0.04241243635241477,-0.011996605462120113,0
2018-06-21,512.01,518.48,500.26,512.26,397100,530.7360000000001,546.0870000000001,547.8770000000001,0.9687137806478462,32.09244883556809,-20.106033962058632,-19.603520484881216,-0.011996605462120113,0.01994608896113413,0.01801396232318911,-0.05721747388414056,423650.0,0.03556787568812718,-0.02336704017491109,0
2018-06-22,515.05,523.0,500.0,500.29,321750,521.75,540.822,544.414,0.958369917011686,31.37288720248361,-21.897814703245103,-20.062379328553995,-0.02336704017491109,0.02011661226513284,0.017685498743306178,-0.1897506925207756,364725.0,0.045973335465430046,-0.04765236163025455,0
2018-06-25,499.95,505.0,475.28,476.45,477350,508.6360000000001,531.904,540.104,0.9417371469198526,24.516458652653114,-24.953850159123363,-21.04067349466787,-0.04765236163025455,0.019741532003979212,0.01994056831607827,0.48360528360528354,357325.0,0.06237800398782669,0.002770490082904864,1
2018-06-26,475.0,493.5,475.0,477.77,426850,497.05,521.766,536.6515,0.9262062996190265,25.368795872393022,-26.958506426160625,-22.224240080966425,0.002770490082904864,0.01559116394515571,0.0194980320912131,-0.10579239551691633,330840.0,0.03872156058354438,0.024132951001528014,1
2018-06-27,483.0,496.0,480.0,489.3,375000,491.21400000000006,514.438,534.1569999999999,0.9196060334321186,28.764652840396778,-27.302114539353056,-23.239814972643753,0.024132951001528014,0.020199276377261408,0.020566942509740605,-0.12147124282534849,337345.0,0.03269977518904557,0.045902309421622656,1
2018-06-28,492.16,513.76,482.0,511.76,840800,491.11400000000003,510.925,532.758,0.9218331775402716,37.46194129825841,-25.468507054938527,-23.685553389102708,0.045902309421622656,0.02682180640424917,0.023461922869076418,1.2421333333333333,407320.0,0.06206034078474283,-0.007483976864155029,0
2018-06-29,514.7,520.45,505.5,507.93,294300,492.642,507.196,530.5115,0.9286170045324184,31.430226570545827,-24.047207663389372,-23.757884243960042,-0.007483976864155029,0.02679891933177238,0.02261928934382206,-0.649976213130352,409820.0,0.029433189612742,-0.027169098104069533,0
2018-07-02,510.94,516.8,489.12,494.13,427650,496.178,502.40700000000004,528.0435,0.9396536459590924,22.68696993060911,-23.760466457322195,-23.758400686632474,-0.027169098104069533,0.02755800868258312,0.023039132864522804,0.45310907237512743,421940.0,0.05601764717786807,0.0005464149110556704,1
2018-07-03,493.5,502.0,485.5,494.4,269200,499.504,498.27700000000004,525.4495000000001,0.9506222767363942,25.5346634132338,-23.243498658183285,-23.655420280942636,0.0005464149110556704,0.027690555056502524,0.022960917379494676,-0.3705132701975915,425120.0,0.03337378640776699,-0.04538834951456305,0
2018-07-04,491.0,491.0,469.76,471.96,645000,496.03599999999994,493.625,521.7695,0.950680329149174,24.354849750154003,-24.36366920121486,-23.797070064997083,-0.04538834951456305,0.02926440535927261,0.024667857584669516,1.3959881129271916,447500.0,0.04500381388253244,0.029409271972201,1
2018-07-05,476.0,489.88,474.0,485.84,280550,490.85200000000003,490.983,518.5350000000001,0.9466130540850665,31.24447252053062,-23.856410575940913,-23.80893816718585,0.029409271972201,0.031622874822922586,0.025756151884137404,-0.5650387596899225,435845.0,0.03268565782973818,-0.003169767824798164,0
2018-07-06,484.5,491.99,480.0,484.3,184550,486.12600000000003,489.384,515.103,0.9437452315362171,31.5755873340143,-23.309966803137172,-23.709143894376115,-0.003169767824798164,0.03094510367205988,0.025652498650105552,-0.34218499376225275,422125.0,0.02475738178814786,-0.03427627503613462,0
2018-07-09,488.99,489.0,464.1,467.7,351050,480.84,488.509,510.20650000000006,0.9424419328252382,29.630960939372144,-23.940417217001595,-23.755398558901213,-0.03427627503613462,0.02902067793930522,0.025409525640281275,0.9021945272283933,409495.0,0.05323925593329052,0.01220868077827686,1
2018-07-10,467.0,479.0,454.25,473.41,314300,476.642,488.073,504.91949999999997,0.9439960231284393,35.49964609741974,-23.706036006017825,-23.745526048324535,0.01220868077827686,0.029325876845803595,0.0247344227441384,-0.1046859421734796,398240.0,0.0522802644642065,0.01434274730149343,1
2018-07-11,478.88,489.98,470.71,480.2,244050,478.28999999999996,487.163,500.8005,0.9550509634075843,39.7230414155661,-22.71059732497912,-23.538540303655452,0.01434274730149343,0.028564624465207314,0.024873885149151113,-0.22351256761056315,385145.0,0.04012911286963773,0.0010620574760515922,1
2018-07-12,480.21,487.0,474.1,480.71,96800,477.264,484.058,497.4915,0.9593410138665687,43.22585109327427,-21.63120123784074,-23.15707249049251,0.0010620574760515922,0.023336334152057877,0.02446952997994738,-0.603359967219832,310745.0,0.02683530610971267,0.0042437228266523075,1
2018-07-13,479.98,492.0,478.0,482.75,210250,476.954,481.53999999999996,494.36800000000005,0.964775228170108,52.5668187744459,-20.376276084238384,-22.600913209241686,0.0042437228266523075,0.023546753865345254,0.024572207880328677,1.1720041322314048,302340.0,0.02900051786639047,-0.04151216986017614,0
2018-07-16,485.0,489.0,461.02,462.71,303250,475.95599999999996,478.39799999999997,490.4025,0.9705415449554192,44.67618778280543,-20.75949682048457,-22.232629931490266,-0.04151216986017614,0.025421631885077588,0.025839056300793112,0.4423305588585018,289900.0,0.06046984072096998,0.03185580601240523,1
2018-07-17,460.1,483.0,457.0,477.45,578600,476.76399999999995,476.703,487.48999999999995,0.9779974973845618,45.9039059799516,-19.64732506887708,-21.71556895896763,0.03185580601240523,0.028135344570422195,0.02726825959245396,0.9079967023907667,320840.0,0.05445596397528537,0.041931092260969915,1
2018-07-18,482.94,500.9,479.1,497.47,647800,480.218,479.254,486.43949999999995,0.9872101258224303,44.975740102665085,-16.955027257003678,-20.763460618574843,0.041931092260969915,0.02709104306664304,0.02844742021538378,0.11959903214656076,321120.0,0.04382173799425081,0.04058536193137252,1
2018-07-19,510.0,521.45,510.0,517.66,1100950,487.608,482.436,486.70949999999993,1.001846070397229,53.06804565806898,-13.04185914505723,-19.219140323871322,0.04058536193137252,0.028381747719159835,0.029839568429845673,0.6995214572398889,403160.0,0.022118765212687953,-0.021442645752037914,0
2018-07-20,515.0,515.99,504.1,506.56,472250,492.37,484.662,487.023,1.0109789476061706,53.98729710656317,-10.712831602705364,-17.51787857963813,-0.021442645752037914,0.029649639577436337,0.029760030973763396,-0.5710522730369226,431930.0,0.023472046746683486,-0.029729943145925475,0
2018-07-23,501.01,504.48,490.02,491.5,399950,498.128,487.04200000000003,487.7755,1.0212239032095707,49.15035743583735,-9.967378894564092,-16.00777864262332,-0.029729943145925475,0.029010146006278048,0.0284578539430092,-0.15309687665431448,436820.0,0.02942014242115979,0.03542217700915562,1
2018-07-24,496.0,512.0,494.0,508.91,649300,504.41999999999996,490.592,489.3325,1.0308328181757802,61.15438024512469,-7.880914477706199,-14.382405809639899,0.03542217700915562,0.03050955634403012,0.02942800170924518,0.6234529316164521,470320.0,0.035369711736849344,0.03255978463775522,1
2018-07-26,524.0,528.6,515.5,525.48,535200,510.02199999999993,495.12,491.1415,1.0384420783012633,61.77519011406846,-4.834585780991802,-12.47284180391028,0.03255978463775522,0.031480284772511205,0.02979588561640372,-0.17572770676112737,499435.0,0.024929588186039475,0.04479713785491346,1
2018-07-27,527.0,550.0,527.0,549.02,842600,516.2940000000001,501.951,493.0045,1.0472399339154106,67.00294241277847,-0.5149312661188219,-10.081259696351989,0.04479713785491346,0.03317077839131838,0.029714989735479057,0.5743647234678624,574015.0,0.04189282721940913,0.0499981785727297,1
2018-07-30,555.0,576.47,555.0,576.47,1348000,530.2760000000001,511.323,496.43149999999997,1.0681755690362116,77.03434905801065,5.065025191586415,-7.052002718764308,0.0499981785727297,0.03481034876893571,0.03129008264000198,0.5998101115594587,687790.0,0.03724391555501592,-0.04421739205856334,0
2018-07-31,575.0,575.01,548.0,550.98,1288050,542.172,520.15,499.274,1.0859207569390756,67.55374519121973,7.3456745508531185,-4.172467264840823,-0.04421739205856334,0.03533464269155234,0.03247438346590897,-0.04447329376854603,786270.0,0.0490217430759737,0.005027405713456057,1
2018-08-01,546.25,559.98,545.01,553.75,843000,551.14,527.78,502.2414999999999,1.0973605327317637,66.95247314802009,9.269765364513887,-1.4840207389698812,0.005027405713456057,0.03519880446976657,0.0324505075068118,-0.3455223011529056,812710.0,0.027033860045146775,-0.029995485327313776,0
2018-08-02,553.98,556.0,534.9,537.14,487300,553.472,531.7470000000001,505.5005,1.0948990159258003,62.10788310517959,9.346591325478698,0.6821016739198349,-0.029995485327313776,0.03652017020721847,0.031325987903478604,-0.42194543297746145,796660.0,0.0392821238410843,-0.008638343820977723,0
2018-08-03,535.0,535.5,528.5,532.5,225550,550.168,533.231,507.8335,1.0833629526212825,60.556805160633196,8.930126294035517,2.331706597942971,-0.008638343820977723,0.034969536181262965,0.031044627354383438,-0.5371434434639852,709120.0,0.013145539906103286,0.02630985915492956,1
2018-08-06,530.5,549.0,529.0,546.51,288100,544.176,537.2259999999999,510.9440000000001,1.0650403958163712,68.24912891986062,9.619675043827328,3.789300287119843,0.02630985915492956,0.0344602562361437,0.031332192790165574,0.27732210152959436,690705.0,0.03659585368977695,0.0204753801394304,1
2018-08-07,547.25,565.0,540.0,557.7,1016900,545.52,543.846,515.444,1.0583496946322006,67.750497677505,10.94294343703939,5.220028917103752,0.0204753801394304,0.03188907098815515,0.029940491679106583,2.5296771954182575,752400.0,0.04482696790389098,-0.016424601039985776,0
2018-08-08,561.95,562.99,545.0,548.54,893350,544.478,547.809,519.2005,1.0486854307728901,61.866257725730726,11.12427401933337,6.4008779375496765,-0.016424601039985776,0.032084072094628394,0.03047214206943578,-0.12149670567410753,776805.0,0.03279614977941447,0.025777518503664165,1
2018-08-09,551.98,565.0,545.01,562.68,1324250,549.586,551.529,523.3245,1.0501820572130678,60.76312517930572,12.267546993844803,7.574211748808702,0.025777518503664165,0.0315746026078436,0.030707088093728095,0.48234174735545987,855710.0,0.035526409326793226,0.014039951659913452,1
2018-08-10,560.0,576.85,560.0,570.58,1082300,557.202,553.685,527.818,1.0556707046747174,65.54336214431387,13.653672008133299,8.790103800673622,0.014039951659913452,0.028902259565272058,0.030680880475561667,-0.18270719275061353,879680.0,0.029531354060780297,-0.0066423639104070675,0
2018-08-13,570.0,572.39,564.0,566.79,245550,561.258,552.7169999999999,532.02,1.0549565805796777,69.33785380387317,14.281733805560066,9.888429801650911,-0.0066423639104070675,0.02408624987294176,0.030866695651533677,-0.7731220548831192,769435.0,0.014802660597399367,0.003299281920993602,1
2018-08-15,561.01,579.5,561.01,568.66,685900,563.45,554.485,537.3174999999999,1.048635117970288,66.67783174231002,14.760224002341033,10.862788641788937,0.003299281920993602,0.018817944417106974,0.028586839330934137,1.7933211158623497,709220.0,0.032515035346252615,-0.01797207470193074,0
2018-08-16,567.7,570.49,555.3,558.44,421300,565.4300000000001,554.954,541.367,1.0444485903278184,59.538140988540334,14.151631147940407,11.52055714301923,-0.01797207470193074,0.01995747273153906,0.02882090151993341,-0.3857705204840356,667050.0,0.027200773583554282,0.02172122340806526,1
2018-08-17,561.99,575.0,558.44,570.57,520450,567.008,558.2969999999999,545.022,1.0403396560138856,56.67720146247755,14.481176562322503,12.112681026879885,0.02172122340806526,0.017586370227318585,0.02791830449463847,0.23534298599572745,670365.0,0.029023607970976292,0.011988011988011804,1
2018-08-20,574.0,586.0,573.07,577.41,848300,568.374,562.7879999999999,548.0094999999999,1.0371608521385125,50.33390167661266,15.119980786555516,12.714140978815012,0.011988011988011804,0.016847443592750738,0.026832200765468446,0.6299356326256125,732640.0,0.022393100223411355,0.0009352106821842732,1
2018-08-24,578.0,582.0,572.0,577.95,327150,570.606,565.932,551.579,1.0344955119756192,61.64407218720317,15.491237876349942,13.269560358321998,0.0009352106821842732,0.015698032065719913,0.026091992006676792,-0.6143463397383001,736545.0,0.017302534821351325,0.009879747382991466,1
2018-08-27,579.79,589.8,575.06,583.66,348500,573.606,568.528,556.187,1.031318603275517,62.59368421052629,16.061069067768926,13.827862100211384,0.009879747382991466,0.01493022360700061,0.024624371250843356,0.06526058383004729,669705.0,0.025254428948360365,-0.006990371106465942,0
2018-08-28,584.0,590.0,577.8,579.58,491450,577.8340000000001,571.632,559.7205,1.0323616876637536,69.97740538504992,15.999015795316382,14.262092839232384,-0.006990371106465942,0.013697002400878318,0.024040990153376615,0.41018651362984215,629515.0,0.02104972566341151,-0.01670174954277248,0
2018-08-29,582.88,582.88,568.0,569.9,597700,577.7,572.354,561.9415,1.028042954649194,66.80747797950744,14.995879860542232,14.408850243494355,-0.01670174954277248,0.01332735214157608,0.023784660408109413,0.2161969681554583,556860.0,0.026109843832251265,-0.032303912967187154,0
2018-08-30,570.0,573.0,546.0,551.49,964050,572.516,570.445,562.0649999999999,1.0185939348651847,52.1528618364171,12.570449941724405,14.041170183140366,-0.032303912967187154,0.016179093287702836,0.02312008695287825,0.6129329094863645,545035.0,0.04895827666866126,-0.019420116411902333,0
2018-08-31,551.4,556.0,536.5,540.78,946500,565.0820000000001,567.844,560.2805000000001,1.008569814583945,42.654974822017685,9.67257237066508,13.16745062064531,-0.019420116411902333,0.01695999062352306,0.02033794737416845,-0.01820444997666093,615130.0,0.036059025851547764,-0.006213247531343669,0
2018-09-03,540.78,540.95,528.0,537.42,350900,555.8340000000001,564.72,559.6025000000001,0.9932657556033077,44.9168038032547,7.023892537263464,11.938739003968942,-0.006213247531343669,0.01673570599231555,0.017914543374896945,-0.6292657157950343,581630.0,0.024096609727959597,0.01118305980424994,1
2018-09-04,539.0,545.0,534.95,543.43,256150,548.604,563.2189999999999,559.0865,0.981250665147522,40.49382716049382,5.34810186964387,10.62061157710393,0.01118305980424994,0.016862103996071798,0.018077358804905276,-0.27001994870333423,565115.0,0.018493642235430423,-0.007857497745799802,0
2018-09-05,543.02,543.02,530.0,539.16,252450,542.4559999999999,560.0780000000001,559.1875,0.9700789091315523,33.9069862733046,3.633586652908889,9.223206592264921,-0.007857497745799802,0.014560467158958283,0.016829289824505416,-0.014444661331251218,538315.0,0.024148675717783185,-0.027320275984865416,0
2018-09-06,535.0,537.0,520.02,524.43,254800,537.044,554.78,558.784,0.9610940900240522,30.490051584377255,1.0738543702485686,7.593336147861651,-0.027320275984865416,0.014605580869264067,0.01784087726765035,0.009308774014656462,478965.0,0.03237801041130374,-0.02362565070648126,0
2018-09-07,524.03,533.75,508.0,512.04,297300,531.2959999999999,548.189,557.0604999999999,0.953749188822399,26.22606650990926,-1.9322476104139241,5.688219396206536,-0.02362565070648126,0.014723983453751872,0.01736272495906478,0.16679748822605966,475980.0,0.05028903991875635,-0.007011171002265448,0
2018-09-10,512.0,516.4,500.11,508.45,253200,525.502,540.6679999999999,554.5980000000001,0.9475367743843286,27.77234326367268,-4.551817565515194,3.6402120038621906,-0.007011171002265448,0.012784209710244882,0.016462188333471937,-0.14833501513622604,466450.0,0.032038548529845536,-0.000904710394335706,0
2018-09-11,507.7,516.01,505.01,507.99,261300,518.414,533.509,552.5705,0.938186168099817,18.952173050208316,-6.589009780303741,1.5943676470290047,-0.000904710394335706,0.013270775782603689,0.016233861153402016,0.03199052132701419,443435.0,0.021653969566330044,-0.044666233587275284,0
2018-09-12,504.0,505.15,478.0,485.3,459700,507.642,525.049,548.7014999999999,0.9251696960915909,10.511875160764802,-9.920040606359635,-0.7085140036487232,-0.044666233587275284,0.01664961558141143,0.017117917155277065,0.7592805204745503,429635.0,0.05594477642695235,0.0263754378734804,1
2018-09-13,481.0,504.0,476.0,498.1,409200,502.37600000000003,519.7099999999999,545.0775,0.9216597639785169,19.023973931259178,-11.395691075704235,-2.8459494180598255,0.0263754378734804,0.020162091080431526,0.01811763310823504,-0.10985425277354799,374150.0,0.0562136117245533,0.013129893595663411,1
2018-09-14,500.99,517.0,500.99,504.64,508800,500.896,516.096,541.97,0.924213517353359,19.542090656799246,-11.90025265623683,-4.656810065695227,0.013129893595663411,0.02106967162098052,0.018647608748009227,0.2434017595307918,330380.0,0.03172558655675331,-0.024750317057704474,0
2018-09-17,501.11,502.0,486.7,492.15,148050,497.6360000000001,511.56899999999996,538.1445,0.9247256080848175,18.352276840657325,-13.156302297323805,-6.356708512020942,-0.024750317057704474,0.021824874909924623,0.018992794464950738,-0.7090212264150944,310095.0,0.031088082901554428,0.04953774255816312,1
2018-09-18,488.02,516.75,486.0,516.53,719700,499.34400000000005,508.879,536.049,0.9315267820665649,32.53942288817639,-12.045614098205988,-7.494489629257952,0.04953774255816312,0.028135006881064895,0.022601341676926612,3.861195542046606,356450.0,0.05953187617369756,-0.010086539019998786,0
2018-09-19,518.0,518.0,507.0,511.32,243800,504.54799999999994,506.09499999999997,533.0865,0.9464655360809173,35.61555539640477,-11.453757371282222,-8.286343177662806,-0.010086539019998786,0.028171526789166245,0.021827901214908973,-0.66124774211477,355585.0,0.021512946882578425,-0.03307126652585457,0
2018-09-24,511.3,511.3,492.0,494.41,153500,503.81000000000006,503.093,528.9365,0.9524961881057556,34.101350888020306,-12.208470677865762,-9.070768677703398,-0.03307126652585457,0.028732459822118663,0.022276780444047614,-0.37038556193601313,345455.0,0.03903642725673027,0.016079771849274893,1
2018-09-25,496.0,509.0,494.0,502.36,154800,503.354,502.125,525.1569999999999,0.9584828917828384,38.34596463236273,-12.02645437188005,-9.661905816538729,0.016079771849274893,0.028693905145735128,0.0228289407872643,0.008469055374592749,331205.0,0.029859065212198423,-0.012082968389202975,0
2018-09-26,505.0,509.8,492.0,496.29,661550,504.18199999999996,500.909,520.7885,0.9681127751476847,34.33678894205211,-12.23101191708355,-10.175727036647693,-0.012082968389202975,0.028845841153324437,0.022513622715929518,3.273578811369509,372040.0,0.03586612665981585,0.023554776441193637,1
2018-09-27,496.11,510.75,489.93,507.98,400100,502.47200000000004,500.908,517.2085,0.9715076221678492,40.126662444585186,-11.319357436350174,-10.40445311658819,0.023554776441193637,0.02996833833785609,0.023584512856375923,-0.39520822311238757,385920.0,0.04098586558525925,0.009764163943462467,1
2018-09-28,508.0,515.5,504.0,512.94,448200,502.7960000000001,503.672,514.3605,0.9775167416627056,46.12164990211304,-10.080433185788763,-10.339649130428306,0.009764163943462467,0.025480158077489937,0.023712759814537302,0.12021994501374667,384770.0,0.022419776192147228,-0.0111903926385154,0
2018-10-01,502.69,510.87,502.36,507.2,85800,505.354,504.582,512.146,0.9867381566975043,48.28951088493075,-9.452781044342771,-10.162275513211199,-0.0111903926385154,0.024879125309335094,0.0228881448765847,-0.8085676037483267,352430.0,0.016778391167192413,-0.004593848580441651,0
2018-10-02,508.0,510.0,502.19,504.87,157150,505.85600000000005,504.605,510.3505,0.9911933073446583,48.723434602767085,-9.039175736436789,-9.937655557856317,-0.004593848580441651,0.02463526314578307,0.02259826047783773,0.8315850815850816,317265.0,0.015469328738090997,-0.008002059936221273,0
2018-10-03,500.1,504.99,498.21,500.83,106600,506.764,505.47300000000007,508.521,0.9965448821189292,47.510431154381074,-8.93439464635162,-9.737003375555378,-0.008002059936221273,0.023273450326043468,0.02261440055020126,-0.3216671969455934,313120.0,0.0135375277040114,-0.015234710380767957,0
2018-10-04,500.0,502.0,488.1,493.2,178150,503.808,503.14000000000004,506.00949999999995,0.9956492911694347,53.06819947180364,-9.359145705158312,-9.661431841475965,-0.015234710380767957,0.016637837330481728,0.022496566719644905,0.6712007504690432,258965.0,0.028183292781832882,-0.025952960259529645,0
2018-10-05,491.01,494.99,470.35,480.4,488050,497.3,500.04799999999994,503.0715,0.9885274757166724,43.125679664439936,-10.606353563708808,-9.850416185922533,-0.025952960259529645,0.01793704713788391,0.0229929737351636,1.739545326971653,283390.0,0.05129059117402162,-0.04999999999999993,0
2018-10-08,479.99,484.0,456.38,456.38,507900,487.13599999999997,496.245,499.669,0.974917395315699,33.49746956640679,-13.378765947886961,-10.556086138315418,-0.04999999999999993,0.021259396311354883,0.02462684741255105,0.04067206228870002,318830.0,0.0605197423199965,0.008918006924054422,1
2018-10-09,458.0,475.0,451.12,460.45,480200,478.25200000000007,492.054,497.08950000000004,0.9621044097692669,38.4978229317852,-15.073746978819827,-11.459618306416301,0.008918006924054422,0.0204729254441597,0.0245201431793934,-0.05453829493994877,351370.0,0.051862308611141265,0.01976327505700959,1
2018-10-10,466.0,479.9,439.1,469.55,858750,471.996,489.38,495.1445,0.9532490010491886,30.827619980411384,-15.50401705172942,-12.268498055478926,0.01976327505700959,0.02225028416384562,0.025128453316731605,0.7883173677634319,371090.0,0.08689170482376733,-0.04523479927590246,0
2018-10-11,466.0,467.0,446.08,448.31,457050,463.01800000000003,483.413,492.16049999999996,0.9407865929915141,27.260916636593308,-17.358798253561986,-13.28655809509554,-0.04523479927590246,0.02296138535906254,0.026772938686543474,-0.46777292576419216,376785.0,0.04666413865405638,-0.049987731703508786,0
2018-10-12,445.0,445.0,425.9,425.9,506500,452.11800000000005,474.709,489.19050000000004,0.9242166395299991,26.220062478306147,-20.40184565381753,-14.70961560683994,-0.049987731703508786,0.02435002755853396,0.027201627973125423,0.10819385187616226,382615.0,0.04484620803005406,-0.03848321202160132,0
2018-10-15,406.0,416.9,404.61,409.51,663500,442.744,464.94000000000005,484.76099999999997,0.9133242979530121,19.555380680700395,-23.860964321780557,-16.539885349828065,-0.03848321202160132,0.02500387763869729,0.026984814917978796,0.30997038499506413,440385.0,0.0300114771312055,-0.03330809992429973,0
2018-10-16,405.97,417.49,390.0,395.87,549750,429.828,454.03999999999996,479.32250000000005,0.8967407121510047,18.630513557415995,-27.387271377058937,-18.70936255527424,-0.03330809992429973,0.024570684917533028,0.026942392754461045,-0.17143933685003765,479645.0,0.06944198853158867,0.04759138100891702,1
2018-10-17,399.9,415.66,395.0,414.71,512750,418.86,445.428,475.4504999999999,0.8809749910874004,22.109921655403397,-28.33503592034475,-20.634497228288343,0.04759138100891702,0.033277030497716985,0.02980468154634399,-0.06730331969076853,520260.0,0.04981794507004901,0.012008391406042929,1
2018-10-18,416.8,430.89,410.0,419.69,590300,413.1360000000001,438.07699999999994,470.6085,0.8778761964562903,22.119236979010935,-28.357415138926513,-22.17908081041598,0.012008391406042929,0.034633629244533,0.027037794361165966,0.15124329595319352,561475.0,0.04977483380590433,0.036312516381138416,1
2018-10-19,420.0,437.0,410.5,434.93,410150,414.942,433.53000000000003,466.78900000000004,0.8889284023402436,29.553556272279764,-26.8360607929273,-23.110476806918243,0.036312516381138416,0.03797521792632896,0.028950873815265378,-0.3051838048449941,553685.0,0.06092934495206125,-0.023176143287425566,0
2018-10-22,441.0,444.0,422.0,424.85,561350,418.01000000000005,430.37700000000007,463.31100000000004,0.9022233445784797,28.31201214223765,-26.142395014233557,-23.716860448381308,-0.023176143287425566,0.03565272298349894,0.02857582862915126,0.36864561745702784,559030.0,0.05178298222902201,-0.04126162174885262,0
2018-10-23,424.85,425.0,403.61,407.32,687950,420.3,425.064,458.559,0.9165668976075052,26.382785270495546,-26.699410201704552,-24.313370399045958,-0.04126162174885262,0.036746761338698884,0.028994645750301654,0.22552774561325384,579805.0,0.05251399391142096,0.049985269566925394,1
2018-10-24,427.68,427.68,427.68,427.68,99400,422.89400000000006,420.87700000000007,455.1285,0.9291749472951047,34.45182724252493,-25.20739178503129,-24.492174676243028,0.049985269566925394,0.040646607144615494,0.03193584865552202,-0.8555127552874482,503870.0,0.0,0.0499906472128695,1
2018-10-25,449.0,449.06,435.0,449.06,1145250,428.76800000000003,420.95200000000006,452.1825,0.9482189160350081,42.85388544326889,-22.04564069749489,-24.0028678804934,0.0499906472128695,0.04222268182313516,0.033758877981911045,10.521629778672033,572690.0,0.03130984723644948,0.049993319378256684,1
2018-10-26,446.3,471.51,442.0,471.51,561900,436.084,425.51300000000003,450.111,0.9688365758668418,53.474805934500026,-17.526369723527694,-22.707568249100262,0.049993319378256684,0.04062339236038214,0.035856134472894506,-0.5093647675180092,578230.0,0.06258615936035289,0.049988335348136737,1
2018-10-29,480.0,495.08,480.0,495.08,539450,450.13,434.07,449.505,1.001390418349073,57.299439315374556,-11.905671727131448,-20.5471889447065,0.049988335348136737,0.03822051558867404,0.03773432017065007,-0.039953728421427304,565825.0,0.03045972368102122,0.02351135170073526,1
2018-10-30,508.0,511.0,497.0,506.72,1098700,470.00999999999993,445.15500000000003,449.59749999999997,1.0454017204277157,57.75182481751825,-6.437766781497544,-17.72530451206471,0.02351135170073526,0.03336052238282193,0.038096768945704476,1.0367040504217258,620720.0,0.027628670666245657,-0.01928086517208727,0
2018-10-31,500.0,509.0,493.51,496.95,1513650,483.86400000000003,453.379,449.4035,1.0766805331956695,60.65358331873137,-2.859804026012341,-14.752204414854237,-0.01928086517208727,0.035096170663178654,0.03831786685501553,0.37767361427141166,720810.0,0.031170137840829077,-0.020967904215715927,0
2018-11-01,495.0,495.0,485.01,486.53,778650,491.358,460.063,449.07000000000005,1.094167947090654,64.01590457256461,-0.8551915648656632,-11.972801844856523,-0.020967904215715927,0.03728681178189466,0.038461432593489386,-0.4855812109800812,739645.0,0.020533163422604996,0.023739543296405152,1
2018-11-02,487.0,508.0,487.0,498.08,1576150,496.6719999999999,466.378,449.954,1.1038283913466709,70.94348545755497,1.6464870478830562,-9.248944066308608,0.023739543296405152,0.03671499377962278,0.03829996802903063,1.0242085661080074,856245.0,0.042161901702537745,-0.029232251847092883,0
2018-11-05,497.0,497.0,474.0,483.52,765650,494.35999999999996,472.245,451.311,1.0953865516240464,70.63615388237508,2.426246792368431,-6.913905894573201,-0.029232251847092883,0.03744368491182559,0.03706308504201861,-0.5142277067537988,876675.0,0.04756783587028458,-0.02481800132362677,0
2018-11-06,483.99,485.0,464.0,471.52,446050,487.32,478.66499999999996,451.86449999999996,1.0784648937900632,63.82036685641998,2.0522551757417204,-5.120673680510217,-0.02481800132362677,0.03504891805664949,0.03756983301795743,-0.4174231045516881,852485.0,0.04453681710213777,0.04846029860875478,1
2018-11-07,488.99,495.09,481.0,494.37,1242350,486.804,485.33399999999995,453.1055,1.0743723040219109,66.71441360787824,3.5586463003133986,-3.384809684345494,0.04846029860875478,0.03488412121845363,0.03881700010387143,1.785225871539065,966780.0,0.0285009203632906,-0.01931751522139291,0
2018-11-08,496.0,501.9,481.07,484.82,761700,486.462,488.91,454.93100000000004,1.0693094117569477,61.45790271462035,3.936489531242046,-1.9205498412279858,-0.01931751522139291,0.034065773952713305,0.03752277197294357,-0.38688775304865775,928425.0,0.042964399158450524,0.006621013984571489,1
2018-11-09,480.0,491.01,477.0,488.03,480600,484.45199999999994,490.562,458.0375,1.057668858990803,64.98292544109275,4.443728649134982,-0.6476941431553922,0.006621013984571489,0.030754675367351044,0.03525596228130243,-0.3690429302875148,920295.0,0.028707251603385022,-0.03702641231071857,0
2018-11-12,489.99,489.99,468.0,469.96,499900,481.73999999999995,488.05,461.06000000000006,1.0448531644471433,64.81691739994321,3.3490159506279156,0.15164787560126947,-0.03702641231071857,0.02848231277228908,0.03515750543158217,0.0401581356637537,916340.0,0.04679121627372544,-0.002447016767384458,0
2018-11-13,469.01,474.4,457.5,468.81,594100,481.198,484.2589999999999,464.707,1.035486876677132,60.70146224696882,2.361431745807465,0.5936046496425086,-0.002447016767384458,0.026741948320279464,0.03392837013294146,0.18843768753750756,865880.0,0.03604871909728883,0.02915893432307337,1
2018-11-14,452.0,492.25,452.0,482.48,2749000,478.82,482.812,468.0955,1.0229109230915485,59.05887455274857,2.651256864585662,1.0051350926311393,0.02915893432307337,0.028673550801387948,0.03306524240779517,3.6271671435785224,989415.0,0.08342314707345382,0.03044685790084567,1
2018-11-15,485.9,505.0,480.01,497.17,1366600,481.28999999999996,483.87600000000003,471.9695,1.0197480981292224,57.26089417091115,4.019965925000747,1.608101259105061,0.03044685790084567,0.029605113284940875,0.033434583836252085,-0.5028737722808294,1048210.0,0.05026449705332182,0.019108152141118717,1
2018-11-16,500.0,510.0,496.0,506.67,2204300,485.01800000000003,484.735,475.55649999999997,1.0198956380577282,53.56330320359098,5.804339508801718,2.4473489090443925,0.019108152141118717,0.029271287454913083,0.03291306629022428,0.6129811210302942,1111025.0,0.027631397161860777,-0.01144729310991377,0
2018-11-19,506.67,507.5,498.0,500.87,727300,491.2,486.46999999999997,479.35749999999996,1.0247049435963764,48.134447349958535,6.673528618516912,3.2925848509388964,-0.01144729310991377,0.027651856482789002,0.03242596326868374,-0.6700539853921881,1107190.0,0.0189669974244814,0.010781240641284162,1
2018-11-20,501.01,508.0,496.0,506.27,1143200,498.692,489.945,484.305,1.0297064866148398,53.05734155622622,7.709234859820697,4.175914852715257,0.010781240641284162,0.025775487759289718,0.030213184104894614,0.5718410559604015,1176905.0,0.02370276729808205,0.0046417919292078835,1
2018-11-22,506.27,517.5,502.66,508.62,1277200,503.9200000000001,491.37000000000006,488.352,1.031878644911867,57.65154139244892,8.6202954778243,5.064790977737066,0.0046417919292078835,0.021374958795291922,0.028832119343444252,0.1172148355493352,1180390.0,0.02917698871456092,0.046832605874719935,1
2018-11-23,510.0,534.05,510.0,532.44,1609050,510.974,496.13199999999995,492.521,1.0374664227515171,60.969224875494845,11.136023363977301,6.279037454985113,0.046832605874719935,0.023783199999574307,0.0286041095874669,0.2598261822737238,1265125.0,0.04516940875967236,-0.021824055292615108,0
2018-11-26,540.0,540.0,518.0,520.82,1546700,513.804,499.41099999999994,494.9865,1.0380161883202874,62.13560645497139,12.053177424479145,7.43386544888392,-0.021824055292615108,0.025803232016836132,0.0276714611081421,-0.03874957272925017,1371735.0,0.04224108137168311,-0.003110479628278484,0
2018-11-27,522.0,525.0,517.0,519.2,631800,517.47,504.33500000000004,496.1925,1.042881542949561,66.63642707606422,12.50515650408056,8.44812365992325,-0.003110479628278484,0.021221504522033884,0.025635226539348716,-0.5915174241934441,1384925.0,0.015408320493066254,-0.00801232665639462,0
2018-11-28,521.0,523.48,514.01,515.04,1076200,519.224,508.9580000000001,496.6085,1.0455398971221799,58.29387689591523,12.384910409704673,9.235481009879535,-0.00801232665639462,0.02165889983726741,0.02525402574056161,0.7033871478315923,1433135.0,0.01838692140416284,0.0049510717614167365,1
2018-11-29,519.0,520.42,510.02,517.59,433350,521.018,512.469,497.6405,1.046976682966921,63.931638466116816,12.35298072995488,9.858980953894605,0.0049510717614167365,0.020562144336304582,0.02480120963769791,-0.5973332094406244,1201570.0,0.02009312390115724,-0.045731177186576266,0
2018-11-30,513.31,520.48,491.72,493.92,11189200,513.3140000000001,512.144,498.00999999999993,1.0307303066203493,52.13297602665316,10.298984761718373,9.946981715459358,-0.045731177186576266,0.024702226428955053,0.02657974150856881,24.82023768316603,2183830.0,0.05822805312601229,-0.04998785228377067,0
2018-12-03,475.01,475.01,469.23,469.23,751800,502.996,508.4,496.56749999999994,1.0129458734210355,49.74773654018938,6.602788663963622,9.278143105160211,-0.04998785228377067,0.02807802696856562,0.02832810097887194,-0.9328102098452079,2038580.0,0.012318052980414664,-0.014300023442661458,0
2018-12-04,445.77,472.49,445.77,462.52,3870350,491.65999999999997,504.56499999999994,495.51750000000004,0.992215209351839,47.90682196339434,3.096392420264465,8.041792968181062,-0.014300023442661458,0.028139375788642663,0.02778066241334336,4.148111199787177,2352885.0,0.0577704747902794,-0.007588861022226001,0
2018-12-05,464.0,465.0,446.01,459.01,1005200,480.454,499.83900000000006,494.892,0.970825957986793,41.62324220144194,0.033929352747861685,6.440220245094422,-0.007588861022226001,0.027397666099666085,0.027293856002728586,-0.7402818866510781,2339085.0,0.04137164767652123,-0.020653144811659918,0
2018-12-06,459.9,464.0,445.75,449.53,955050,466.842,493.93,492.65,0.9476139246929869,32.339857651245566,-3.1220622739702435,4.527763741281489,-0.020653144811659918,0.027122177840539944,0.0249807006018552,-0.049890569040986876,2306870.0,0.04059795786710565,0.044624385469267835,1
2018-12-07,450.1,472.0,449.53,469.59,1274800,461.976,487.645,491.8885,0.9391884542940117,37.25247524752476,-3.9588983088751206,2.830431331250167,0.044624385469267835,0.02659432886320784,0.02698819030360523,0.3347992251714569,2273445.0,0.04785025234779282,0.023190442726634064,1
2018-12-10,477.0,486.4,475.1,480.48,1037900,464.226,483.61100000000005,491.5110000000001,0.9444875089265549,43.227263668371776,-3.700705478001396,1.5242039693998546,0.023190442726634064,0.02851753173090674,0.027492084022166012,-0.18583307185440856,2222565.0,0.023518148518148423,0.0035797535797534863,1
2018-12-11,476.1,489.99,472.0,482.2,956350,468.162,479.91099999999994,492.12299999999993,0.9513109527496175,41.8045624787198,-3.319036388536233,0.555555897812637,0.0035797535797534863,0.0287139698582798,0.026111075275809335,-0.07857211677425568,2255020.0,0.03730817088345087,-0.01194525093322274,0
2018-12-12,478.0,481.0,471.5,476.44,938200,471.64799999999997,476.05099999999993,492.5045,0.9576521635842921,39.29189405031281,-3.4416713026186585,-0.24388954227362203,-0.01194525093322274,0.028756389323680808,0.026274626305981843,-0.0189784074867988,2241220.0,0.01993955167492234,0.004134833347326117,1
2018-12-13,477.99,482.0,473.5,478.41,375900,477.424,472.1330000000001,492.30100000000004,0.9697806829561588,28.96191885367186,-3.3413804654739465,-0.8633877269136869,0.004134833347326117,0.028718613538489,0.02545289617695108,-0.5993391600937966,2235475.0,0.017767187140737023,0.012165297548128118,1
2018-12-14,480.48,486.0,480.48,484.23,414650,480.35200000000003,471.16400000000004,491.6540000000001,0.9770122891301605,35.07870483647338,-2.760453109130083,-1.2428008033569662,0.012165297548128118,0.02583922164903206,0.024611934711170076,0.10308592710827358,1158020.0,0.01139954154017715,0.00022716477706863358,1
2018-12-17,485.0,489.0,481.15,484.34,309450,481.12399999999997,472.675,490.5375,0.9808098259562213,35.606936416184965,-2.2650775096113307,-1.4472561446078391,0.00022716477706863358,0.019512462189968,0.02415675473100696,-0.2537079464608706,1113785.0,0.016207622744353188,-0.013606144443985557,0
2018-12-18,483.01,487.0,476.0,477.75,296600,480.23400000000004,474.19800000000004,489.38149999999996,0.9813080388204296,34.906500445236006,-2.3768478802492723,-1.6331744917361257,-0.013606144443985557,0.019443862393017052,0.024206088193837332,-0.04152528679915979,756410.0,0.023024594453165882,0.006844583987441144,1
2018-12-19,476.0,483.95,476.0,481.02,283150,481.15,476.399,488.11899999999997,0.9857227438391049,35.28370221327967,-2.1764759725695626,-1.741834787902813,0.006844583987441144,0.019068533855784144,0.02411181096908323,-0.04534726904922459,684205.0,0.016527379318947214,0.012431915512868486,1
2018-12-20,481.0,489.8,480.3,487.0,272400,482.86800000000005,480.146,487.038,0.991438039742279,46.753003003002995,-1.5176492531900294,-1.6969976809602565,0.012431915512868486,0.016897350360790826,0.02429173422501865,-0.03796574253929008,615940.0,0.019507186858316223,-0.0002464065708418506,0
2018-12-21,485.0,500.0,480.0,486.88,899000,483.39799999999997,481.875,484.76000000000005,0.9971903622411088,60.76350774484692,-0.9937519744376004,-1.5563485396557253,-0.0002464065708418506,0.011104469215155592,0.021435058763170884,2.3002936857562406,578360.0,0.04107788366743345,-0.002526289845547147,0
2018-12-24,485.0,489.0,482.0,485.65,241000,483.65999999999997,482.392,483.0015,1.0013633498032615,65.1156711540975,-0.6700859928002956,-1.3790960302846393,-0.002526289845547147,0.008827899512970503,0.021032555403505557,-0.731924360400445,498670.0,0.01441367239781736,-0.006300833933903016,0
2018-12-26,487.0,488.88,481.0,482.59,297550,484.628,482.4309999999999,481.171,1.0071845560102333,65.50092032605836,-0.6529677907448672,-1.233870382376685,-0.006300833933903016,0.0090698790043177,0.021043314188997513,0.23464730290456437,432790.0,0.01632856047576617,-0.03493648853063669,0
2018-12-27,486.0,486.0,462.21,465.73,419700,481.57,481.36,478.70550000000003,1.0059838460180632,59.707574304889775,-1.9770721305504821,-1.3825107320114445,-0.03493648853063669,0.014026936745843436,0.022181802815539976,0.4105192404637876,380940.0,0.05108109849054177,-0.02183668649217363,0
2018-12-28,465.73,465.73,450.0,455.56,618250,475.282,479.075,475.604,0.999322966165129,40.46227056424202,-3.8032271303349034,-1.8666540116761365,-0.02183668649217363,0.015091522880505344,0.022371006997944805,0.4730760066714319,405175.0,0.034528931425059306,-0.045855650188778574,0
2018-12-31,458.0,458.0,432.79,434.67,2730300,464.84,474.11899999999997,472.6415,0.9834938320058648,22.58527827648112,-6.857072476259134,-2.864737704592736,-0.045855650188778574,0.018599272459733005,0.022382620295435765,3.416174686615447,636740.0,0.05799802148756523,0.046909149469712697,1
2019-01-01,430.51,456.4,430.0,455.06,803800,458.7219999999999,471.191,471.933,0.9720066195837119,36.72471140676971,-7.544990368635524,-3.800788237401294,0.046909149469712697,0.02599941943649026,0.022871147058083685,-0.7056001172032378,686175.0,0.05801432778095191,-0.03450094493033884,0
2019-01-02,455.1,461.5,432.5,439.36,1525900,450.076,467.352,470.775,0.9560320747703256,33.4700427960057,-9.250396234530001,-4.890709836827035,-0.03450094493033884,0.02748370230137304,0.02389915877914358,0.8983578004478725,809105.0,0.06600509832483613,0.006463947560087391,1
2019-01-03,437.01,445.89,436.11,442.2,863800,445.37,463.4700000000001,469.9345,0.947727821643229,33.98212863841455,-10.254570103996798,-5.963481890260988,0.006463947560087391,0.027461110487386,0.023941849433118407,-0.43390785765777573,867170.0,0.022116689280868324,-0.0011080958842153432,0
2019-01-04,442.0,452.0,433.8,441.71,1159300,442.6,458.941,469.54349999999994,0.9426176701413183,30.259981429897834,-10.963543134445274,-6.963494139097846,-0.0011080958842153432,0.02666174270806893,0.023518000166468652,0.34209307710118075,955860.0,0.041203504561816554,0.04432772633628401,1
2019-01-07,447.97,463.79,446.99,461.29,1379700,447.924,456.38200000000006,469.1285,0.9548002306404322,40.93732798616028,-9.832128350501023,-7.537220981378482,0.04432772633628401,0.031625028132819775,0.023488040422516433,0.19011472440265687,1003930.0,0.036419605887836305,0.019727286522577936,1
2019-01-08,466.0,475.0,463.0,470.39,1289100,450.98999999999995,454.85600000000005,468.62399999999997,0.9623706852401925,47.162245527452185,-8.10771929355883,-7.651320643814552,0.019727286522577936,0.03258194628965871,0.023315324674663858,-0.06566644922809306,1108740.0,0.02551074640192181,-0.017559897106656175,0
2019-01-09,472.0,473.5,460.0,462.13,560200,455.544,452.81000000000006,467.6205000000001,0.9741745710463932,42.98655973862033,-7.323208274090689,-7.585698169869779,-0.017559897106656175,0.03291263498470509,0.023583828651553087,-0.5654332480024824,1135005.0,0.029212559236578454,0.0004976954536601852,1
2019-01-10,462.01,464.5,459.01,462.36,372600,459.576,452.47299999999996,466.9165,0.9842787736136976,40.44368600682594,-6.606759945172939,-7.3899105249304124,0.0004976954536601852,0.031046962055124697,0.023467599311556495,-0.33488039985719387,1130295.0,0.011873864521152367,-0.008024050523401716,0
2019-01-11,462.5,463.01,454.0,458.65,509700,462.96400000000006,452.782,465.9285,0.9936374357868215,39.347973737831104,-6.266103733682769,-7.165149166680885,-0.008024050523401716,0.030279805532789517,0.023478592870657955,0.3679549114331724,1119440.0,0.019644609179112593,0.019688215414804366,1
2019-01-14,462.0,471.0,461.0,467.68,388400,464.242,456.08299999999997,465.10099999999994,0.9981530893289846,43.59632242890743,-5.207457371590067,-6.773610807662722,0.019688215414804366,0.02574338887625417,0.02377328045799326,-0.23798312732980187,885250.0,0.021382141635306193,0.002993499828942925,1
2019-01-15,468.0,471.45,465.0,469.08,427400,463.98,457.485,464.338,0.9992290099022695,45.128020194734944,-4.2070084283939195,-6.260290331808962,0.002993499828942925,0.02173412269136008,0.02379170992549313,0.10041194644696194,847610.0,0.013750319774878462,-0.016905431909269186,0
2019-01-16,469.2,469.2,460.02,461.15,239500,463.784,459.66399999999993,463.508,1.0005954589780544,48.23465926611161,-4.007830385395323,-5.809798342526234,-0.016905431909269186,0.018860532703570087,0.023892527009334332,-0.43963500233972863,718970.0,0.019906754852000448,0.011319527268784713,1
2019-01-17,462.0,467.5,452.01,466.37,552800,464.58599999999996,462.081,462.7755,1.003912264154001,54.33197082632043,-3.3896956749502465,-5.325777809011037,0.011319527268784713,0.018964337526460505,0.023995475210802527,1.308141962421712,687870.0,0.03321397173917707,-0.00628256534511229,0
2019-01-18,467.0,467.4,461.5,463.44,312100,465.54400000000004,464.254,461.5975,1.0085496563564578,63.4678400898792,-3.1005052815821728,-4.880723303525265,-0.00628256534511229,0.01923323003580929,0.02379702244108393,-0.4354196816208393,603150.0,0.012730882099085053,-0.016075435870878674,0
2019-01-21,463.0,466.0,454.0,455.99,229900,463.20599999999996,463.724,460.053,1.0068535581769926,50.49536593160755,-3.432900212344123,-4.591158685289036,-0.016075435870878674,0.014373086231219908,0.023990791162848305,-0.2633771227170778,488170.0,0.026316366586986557,0.007083488672997351,1
2019-01-22,455.0,461.99,453.2,459.22,321200,461.23400000000004,462.60699999999997,458.7315,1.0054552608661058,62.19901719901719,-3.3965384035411716,-4.352234628939463,0.007083488672997351,0.012812474544445748,0.02409676108128649,0.3971291866028708,391380.0,0.019141152388833283,-0.00080571403684504,0
2019-01-23,461.0,464.95,455.4,458.85,307100,460.774,462.279,457.54449999999997,1.0070583298455125,60.547320410490315,-3.3588584860626156,-4.153559400364094,-0.00080571403684504,0.01164102667924598,0.024082691767713098,-0.04389788293897878,366070.0,0.020812901819766833,0.02072572736188305,1
2019-01-24,478.0,478.0,460.0,468.36,821600,461.172,462.879,457.67600000000004,1.0076385914926715,65.15065378055715,-2.5324271149775086,-3.8293329432867775,0.02072572736188305,0.013475707702063843,0.02330963504121676,1.6753500488440247,410970.0,0.03843197540353574,-0.006768297890511588,0
2019-01-25,463.6,470.0,462.0,465.19,296600,461.52200000000005,463.533,458.15749999999997,1.0073435445234447,52.725747833379906,-2.1089560736433555,-3.4852575693580934,-0.006768297890511588,0.013383962058372485,0.022785974875366887,-0.6389970788704966,389660.0,0.017197274232034224,0.007029385842344027,1
2019-01-28,464.0,471.4,464.0,468.46,300700,464.01599999999996,463.611,459.84700000000004,1.0090660589282956,48.53142596256277,-1.4922883794511677,-3.0866637313767082,0.007029385842344027,0.011999277622281583,0.019914202624907944,0.01382333108563727,380890.0,0.01579643939717367,0.0038423771506639337,1
2019-01-29,466.08,473.0,466.08,470.26,446400,466.224,463.729,460.6070000000001,1.0121947777606504,56.86075949367087,-0.8485482956316446,-2.6390406442276957,0.0038423771506639337,0.012023966073040336,0.01716112380527065,0.48453608247422686,382790.0,0.01471526389656789,-0.005188619061795574,0
2019-01-30,472.0,473.97,467.05,467.82,174800,468.01800000000003,464.396,462.03000000000003,1.01296019738978,54.44191343963551,-0.5291673377030861,-2.217065982922774,-0.005188619061795574,0.010651913814508767,0.015016960015612,-0.6084229390681004,376320.0,0.014792014022487315,0.0030994827070240927,1
2019-01-31,467.3,473.0,465.0,469.27,464200,468.2,464.686,463.3835,1.0103941983260085,58.96959459459459,-0.15724017878244467,-1.8051008220947085,0.0030994827070240927,0.010112424915415821,0.01499788304273912,1.6556064073226544,367460.0,0.01704775502376031,0.024804483559571322,1
2019-02-01,465.1,484.0,465.1,480.91,856900,471.34399999999994,466.433,465.34350000000006,1.0128947755797597,60.7021517553794,1.0644946628651724,-1.2311817251027324,0.024804483559571322,0.012284111988674937,0.01571889764340063,0.8459715639810426,421940.0,0.03930049281570351,0.047056621821130795,1
2019-02-04,482.0,504.94,482.0,503.54,1454300,478.35999999999996,471.188,467.45599999999996,1.0233262595837898,70.74903660886321,3.8148054970578187,-0.22198428067062215,0.047056621821130795,0.016461495114643232,0.01609136969270371,0.6971641965223481,544380.0,0.04555745323112364,0.0005362036779599233,1
2019-02-06,504.99,513.0,502.3,503.81,1480900,485.07000000000005,475.64700000000005,469.12700000000007,1.0339844008125731,78.29663040594322,5.947672327299301,1.0119470409233626,0.0005362036779599233,0.01672240356916827,0.015703892651902755,0.01829058653647797,660350.0,0.02123816518131833,-0.0144498918242989,0
2019-02-07,503.98,503.99,495.31,496.53,422400,490.812,479.41499999999996,470.8469999999999,1.042402309030322,69.47314049586774,6.970201355809934,2.2035979039006772,-0.0144498918242989,0.018146620235829154,0.015497871915728623,-0.7147680464582349,671880.0,0.017481320363321465,-0.010774776952047094,0
2019-02-08,498.75,506.89,489.0,491.18,725100,495.19399999999996,481.697,472.288,1.0485000677552678,67.3678938141748,7.265114966685019,3.2159013164575456,-0.010774776952047094,0.01843712896655694,0.01582238057357335,0.7166193181818181,662230.0,0.036422492772507,-0.02620220693024966,0
2019-02-11,495.1,496.0,475.25,478.31,695800,494.674,483.009,473.271,1.0452235611309375,63.08630393996247,6.386712639402674,3.8500635810465713,-0.02620220693024966,0.020692206387922858,0.01697769914816055,-0.04040821955592333,702150.0,0.043381907131358324,0.03811335744600797,1
2019-02-12,478.99,499.5,475.52,496.54,932700,493.274,485.817,474.71400000000006,1.0390972248553865,68.60789788591941,7.079967652051607,4.496044395247579,0.03811335744600797,0.023511539516331857,0.01841369994830995,0.3404713998275366,765350.0,0.04829419583517948,-0.006464735972932734,0
2019-02-13,502.8,508.0,490.1,493.33,1635200,491.178,488.12399999999997,475.92650000000003,1.0320459146527876,66.71838634600462,7.286364398120668,5.0541083958221975,-0.006464735972932734,0.023844283121346583,0.018539163862147965,0.7531896644151388,884230.0,0.03628402894614148,-0.011959540267163948,0
2019-02-14,492.01,493.0,483.0,487.43,603200,489.358,490.08500000000004,477.24050000000005,1.0253907621000313,59.58195156265701,6.894380488082277,5.4221628142742135,-0.011959540267163948,0.02425993417521131,0.018295482983856633,-0.6311154598825832,927070.0,0.02051576636645262,-0.00414418480602341,0
2019-02-15,487.0,492.55,482.02,485.41,353300,488.204,491.69899999999996,478.1925,1.0209361292784809,60.27856852379017,6.34756254730479,5.607242760880329,-0.00414418480602341,0.024409959679060084,0.018249056165219185,-0.414290450928382,915980.0,0.021693001792299355,-0.01678993016213104,0
2019-02-18,485.15,487.0,473.0,477.26,333800,487.994,491.334,478.8835,1.0190244600200258,54.26191398682682,5.196664587467069,5.525127126197677,-0.01678993016213104,0.023944407269257086,0.018651667872689865,-0.055193886215680776,863670.0,0.02933411557641537,0.009386916984452931,1
2019-02-19,479.26,484.0,475.0,481.74,627600,485.034,489.154,480.171,1.0101276420275276,55.41918429003021,4.593121575201394,5.33872601599842,0.009386916984452931,0.01780647236726668,0.018243827629106903,0.8801677651288196,781000.0,0.018682276746792875,0.01482127288578905,1
2019-02-20,485.0,490.0,478.15,488.88,590300,484.14400000000006,487.66099999999994,481.654,1.0051696861232338,59.519074308443315,4.6374896245636705,5.19847873771147,0.01482127288578905,0.01878162311104998,0.018418281084402414,-0.05943275971956663,691940.0,0.024239077074128666,0.01118883979708718,1
2019-02-21,489.0,497.5,486.1,494.35,791600,485.5280000000001,487.44300000000004,483.429,1.004341899224085,60.938590369853465,5.0557553085419045,5.169934051877558,0.01118883979708718,0.018771595978061877,0.018472982168446336,0.34101304421480605,728860.0,0.0230605846060483,-0.004915545666026144,0
2019-02-22,490.0,497.4,490.0,491.92,204400,486.83000000000004,487.517,484.60699999999997,1.0045872222233687,55.22147396376743,5.131994744040071,5.1623461903100605,-0.004915545666026144,0.018497145435511442,0.018129871728146906,-0.741788782213239,676790.0,0.015043096438445229,-0.01864124247845178,0
2019-02-25,489.0,493.0,481.81,482.75,324400,487.928,487.96100000000007,485.485,1.0050320813207412,38.69740132651952,4.4017322534014625,5.010223402928341,-0.01864124247845178,0.017416258677784797,0.01864035295702916,0.5870841487279843,639650.0,0.02317969963749352,-0.03216986017607448,0
2019-02-26,479.0,482.89,464.01,467.22,818300,485.024,485.029,485.42299999999994,0.999178036475404,32.938543318101296,2.540566686622981,4.516292059667269,-0.03216986017607448,0.014784250161541416,0.0200900776377104,1.5225030826140569,628210.0,0.04040922905697529,-0.004195025897864024,0
2019-02-27,460.01,473.5,443.86,465.26,1459600,480.3,482.22200000000004,485.17299999999994,0.9899561599676817,34.658031596506746,0.8970829327467413,3.792450234283164,-0.004195025897864024,0.014793210318406764,0.02009076912035467,0.7836979103018453,610650.0,0.06370631474874261,0.00318101706572671,1
2019-02-28,468.9,475.0,460.0,466.74,649800,474.77799999999996,480.15299999999996,485.11899999999997,0.9786835807296766,37.5356997144023,-0.2827072782132518,2.977418731783881,0.00318101706572671,0.014860780876116904,0.020071714791783723,-0.5548095368594135,615310.0,0.03213780691605605,0.006149033723272135,1
2019-03-01,467.99,476.0,467.5,469.61,585500,470.316,478.57300000000004,485.13599999999997,0.9694518650440289,45.05906406179011,-0.9748767337720778,2.1869596386726893,0.006149033723272135,0.015219364112449339,0.020107458785457638,-0.09895352416128045,638530.0,0.01810012563616618,0.005387449159941271,1
2019-03-04,469.0,473.0,467.66,472.14,155400,468.19399999999996,478.061,484.69749999999993,0.9659509281562212,33.135194912911246,-1.3042416720729193,1.4887193765235676,0.005387449159941271,0.01462291663424483,0.019311295714358037,-0.7345858240819811,620690.0,0.011310204600330357,-0.005337399923751374,0
2019-03-05,469.5,475.01,467.1,469.62,139700,468.674,476.84900000000005,483.0015,0.9703365310459697,33.45429169574322,-1.748453613225081,0.8412847785738379,-0.005337399923751374,0.0141981203515077,0.015702006690111365,-0.10102960102960101,571900.0,0.016843405306417886,0.007963885694817208,1
2019-03-06,469.74,483.0,469.74,473.36,508600,470.294,475.297,481.479,0.97676949565817,39.87624118578214,-1.778209936199346,0.31738583561920114,0.007963885694817208,0.013415108469152282,0.015885873128987038,2.6406585540443808,563730.0,0.028012506337671095,-0.012907723508534752,0
2019-03-07,477.0,480.0,465.3,467.25,483400,470.396,472.587,480.01500000000004,0.9799610428840765,37.65969013318837,-2.268666201364965,-0.19982457177763213,-0.012907723508534752,0.012700692435372698,0.015830981696566146,-0.04954777821470702,532910.0,0.031460674157303345,-0.015623327982878576,0
2019-03-08,467.0,467.25,456.57,459.95,449100,468.46400000000006,469.39,478.45349999999996,0.9791212730181723,38.09982125670289,-3.2094092444278886,-0.8017415063076835,-0.015623327982878576,0.013086903038222136,0.01599395393925204,-0.07095573024410429,557380.0,0.02321991520817482,0.0017175779976084105,1
2019-03-11,463.99,466.0,460.0,460.74,211500,466.184,467.18899999999996,477.575,0.9761482489661311,34.79142526071844,-3.846864229797063,-1.4107660510055595,0.0017175779976084105,0.012582758698143142,0.015068408621157868,-0.5290581162324649,546090.0,0.013022528975126969,0.006554672917480575,1
2019-03-12,462.0,464.7,457.0,463.76,276800,465.012,466.843,475.936,0.9770473340953406,30.6531115218731,-4.061544184376373,-1.9409216776797222,0.006554672917480575,0.008419687117799021,0.012016238682321186,0.3087470449172576,491940.0,0.016603415559772274,-0.005282904950836609,0
2019-03-13,463.0,466.0,460.75,461.31,159800,462.602,466.44800000000004,474.33500000000004,0.9752643174127988,23.31179321486269,-4.378896921617979,-2.4285167264673735,-0.005282904950836609,0.008476541127932773,0.012002961616635385,-0.42268786127167635,361960.0,0.011380633413539702,-0.015564371030326707,0
2019-03-14,461.0,462.0,453.01,454.13,334800,459.97799999999995,465.18700000000007,472.66999999999996,0.9731482852730234,21.650412603150784,-5.150396679609344,-2.9728927170957675,-0.015564371030326707,0.009503938809744556,0.012166101527487443,1.0951188986232792,330460.0,0.019796093629577453,-0.041926320657080574,0
2019-03-15,450.12,455.0,433.0,435.09,791300,455.00600000000003,461.73499999999996,470.154,0.9677807697052456,18.857814950339773,-7.215014476558622,-3.8213170689883382,-0.041926320657080574,0.015065580942496062,0.014903201617589018,1.3635005973715653,351040.0,0.050564251074490335,0.023811165505987386,1
2019-03-18,437.16,448.0,433.0,445.45,796500,451.948,459.0660000000001,468.56350000000003,0.9645394914456631,34.74421864050454,-7.923931388965514,-4.641839932983774,0.023811165505987386,0.01771117976521703,0.01598863773869793,0.006571464678377437,415150.0,0.033673812998091815,-0.021214502188797835,0
2019-03-19,447.49,448.0,435.0,436.0,308800,446.396,455.704,466.27650000000006,0.9573632812290561,31.443429731100977,-9.142895563769002,-5.542051059140819,-0.021214502188797835,0.018378187287707917,0.01617179731457725,-0.6123038292529818,432060.0,0.02981651376146789,-0.002477064220183456,0
2019-03-20,434.01,440.0,433.3,434.92,344700,441.11800000000005,451.86,463.57849999999996,0.9515497375309685,29.716981132075475,-10.079885779768631,-6.449618003266382,-0.002477064220183456,0.017702152890571653,0.015513522179690079,0.11625647668393779,415670.0,0.015405131978294831,-0.0034259174100984557,0
2019-03-21,435.0,440.0,426.67,433.43,427600,436.97799999999995,448.47799999999995,460.53249999999997,0.9488537725350545,26.524785881131578,-10.817984829001773,-7.323291368413461,-0.0034259174100984557,0.017681332550510482,0.015011462592221634,0.24049898462431107,410090.0,0.030754677802643987,-0.008328911242876602,0
2019-03-22,433.65,436.5,427.51,429.82,270000,435.924,445.465,457.42749999999995,0.9529903645932962,22.920399283337616,-11.560962889466452,-8.17082567262406,-0.008328911242876602,0.01745073851354455,0.015012552489036058,-0.36856875584658555,392180.0,0.02091573216695363,-0.027802335861523364,0
2019-03-25,432.82,433.0,415.51,417.87,446200,430.408,441.178,454.1835,0.9476522154591702,20.45220966084277,-12.96459569593344,-9.129579677285935,-0.027802335861523364,0.018358051653857926,0.015529610174783028,0.6525925925925926,415650.0,0.04185512240649008,0.004283628879795165,1
2019-03-26,417.87,423.0,413.0,419.66,405100,427.14000000000004,436.76800000000003,451.80550000000005,0.945406817756756,18.640504555010537,-13.773771305604953,-10.05841800294974,0.004283628879795165,0.018149332709157723,0.014536700094994814,-0.0921111609143882,428480.0,0.023828813801648953,0.03893628175189434,1
2019-03-27,421.4,439.0,417.0,436.0,1264900,427.35600000000005,434.23699999999997,450.34250000000003,0.9489577377218451,33.69848721961398,-12.947298962121351,-10.636194194784062,0.03893628175189434,0.0238589162912515,0.01758207457634525,2.122438903974327,538990.0,0.05045871559633028,-0.03050458715596338,0
2019-03-28,435.98,435.98,421.0,422.7,626800,425.21000000000004,431.09400000000005,448.1405000000001,0.9488318953542471,31.713303878252347,-13.213198989738203,-11.151595153774892,-0.03050458715596338,0.025008237097943167,0.018536731995497692,-0.5044667562653173,568190.0,0.03543884551691511,0.013106221906789672,1
2019-03-29,424.99,432.9,418.53,428.24,639100,424.89400000000006,430.409,446.072,0.9525233594576662,34.75609756097562,-12.829010133999361,-11.487078149819785,0.013106221906789672,0.02234921551713376,0.01881579049348577,0.0196234843650287,552970.0,0.033555949934616115,-0.02409863627872222,0
2019-04-01,425.2,425.9,416.03,417.92,521000,424.904,427.65600000000006,443.36100000000005,0.9583702671186685,29.877085162423185,-13.205055786807975,-11.830673677217423,-0.02409863627872222,0.021471315492801513,0.019157993074862368,-0.1847911125019559,525420.0,0.023616960183767237,0.00200995405819282,1
2019-04-02,417.0,423.5,414.0,418.76,664900,424.724,425.93199999999996,440.81800000000004,0.9634906015634569,31.053522130198587,-13.282184936024919,-12.120975928978922,0.00200995405819282,0.020909818341592952,0.019239741673643618,0.2761996161228406,561030.0,0.022686025408348458,0.01638169834750225,1
2019-04-03,420.5,427.79,414.0,425.62,493500,422.648,425.00200000000007,438.4309999999999,0.9640011769240772,37.26891131553096,-12.644013358505106,-12.22558341488416,0.01638169834750225,0.021873643959532882,0.019638611185550683,-0.2577831252819973,575910.0,0.03239979324279879,-0.0185141675673135,0
2019-04-04,426.0,427.0,416.5,417.74,283100,421.65600000000006,423.433,435.9554999999999,0.9671996339075896,41.39470290645771,-12.62853405009497,-12.306173541926322,-0.0185141675673135,0.022498660924042565,0.01979504778232399,-0.4263424518743668,561460.0,0.025135251591899267,0.0009814717288265662,1
2019-04-05,415.0,422.0,414.05,418.15,403600,419.63800000000003,422.26599999999996,433.86550000000005,0.9672075793074121,34.97688751926039,-12.43978491615428,-12.332895816771913,0.0009814717288265662,0.022467089474226622,0.019691558223045396,0.4256446485340868,574820.0,0.019012316154489988,-0.04857108693052736,0
2019-04-08,416.75,416.75,397.25,397.84,1009700,415.62199999999996,420.26300000000003,430.7205,0.9649459452243391,31.242626818718037,-13.770311550062331,-12.620378963429998,-0.04857108693052736,0.02577944477399555,0.021930179128264587,1.5017343904856295,631170.0,0.04901467926804746,-0.02279810979288155,0
2019-04-09,397.0,402.0,379.1,388.77,1091100,409.62399999999997,417.174,426.971,0.9593719479777314,28.96727736760549,-15.379353083180376,-13.172173787380075,-0.02279810979288155,0.026162285446616664,0.021951697668280947,0.08061800534812313,699770.0,0.058903721995009845,-0.04923219384211741,0
2019-04-10,389.85,390.0,369.34,369.63,786900,398.42600000000004,410.537,422.387,0.9432724018494888,24.952889447236174,-17.99157248282353,-14.136053526468766,-0.04923219384211741,0.023575133918830916,0.02373478480893219,-0.27880120978828704,651970.0,0.055893731569407315,0.02148094039985926,1
2019-04-11,370.01,384.0,365.01,377.57,624500,390.392,406.024,418.559,0.9327048277542711,30.161743488495702,-19.19976064513287,-15.148794950201587,0.02148094039985926,0.02568864282718638,0.02476234869087845,-0.20637946371838867,651740.0,0.05029530947903702,0.04894456657043733,1
2019-04-12,378.5,396.44,375.05,396.05,717700,385.972,402.805,416.60699999999997,0.9264654698552833,42.106786282737666,-18.453358086883725,-15.809707577538015,0.04894456657043733,0.03130071355938209,0.026647601058015245,0.14923939151321064,659600.0,0.054008332281277584,0.002146193662416307,1
2019-04-15,401.0,409.0,392.5,396.9,1410500,385.784,400.70300000000003,414.1795,0.9314415609657165,41.71037296037294,-17.590468810912057,-16.165859824212824,0.002146193662416307,0.03083639729933258,0.025871555722727334,0.965305838093911,748550.0,0.04157218442932729,0.0015621063240109923,1
2019-04-16,396.37,403.98,395.0,397.52,688200,387.534,398.579,412.25550000000004,0.940033547157042,34.17242513984861,-16.664496086878216,-16.265587076745902,0.0015621063240109923,0.030825865273070137,0.025640665462119135,-0.512087912087912,750880.0,0.022590058361843475,-0.008829744415375318,0
2019-04-17,398.51,399.0,391.02,394.01,292400,392.40999999999997,395.418,410.21000000000004,0.9566075912337582,37.16560794488681,-16.02911009412378,-16.218291680221476,-0.008829744415375318,0.02992219867739521,0.025656290189134876,-0.5751235106073815,730770.0,0.020253293063627872,-0.01713154488464763,0
2019-04-18,394.5,397.95,376.3,387.26,558800,394.34799999999996,392.37,407.9015,0.9667726154476018,31.864046733935183,-15.88709417280188,-16.15205217873756,-0.01713154488464763,0.029867681003377767,0.025805501843934216,0.9110807113543091,758340.0,0.05590559314155859,0.0024789547074317575,1
2019-04-19,387.03,397.0,385.0,388.22,408600,392.782,389.377,405.8215,0.9678688783122629,35.6687898089172,-15.518197434754256,-16.025281229940898,0.0024789547074317575,0.029916664353318786,0.02585183330078117,-0.26879026485325697,758840.0,0.030910308587914066,-0.016485497913554248,0
2019-04-22,389.95,394.0,380.0,381.82,368200,389.76599999999996,387.775,404.019,0.9647219561456267,33.08298223117788,-15.562871529620054,-15.93279928987673,-0.016485497913554248,0.02648607762850077,0.025441500930718924,-0.09887420460107688,694690.0,0.03666649206432351,-0.021554659263527398,0
2019-04-23,381.0,382.49,367.5,373.59,784300,384.97999999999996,386.25699999999995,401.7155,0.9583399196695173,26.467661691542276,-16.07704215631412,-15.96164786316421,-0.021554659263527398,0.026389648993996182,0.025643650291933478,1.130092341118957,664010.0,0.04012420032656123,0.0012580636526673405,1
2019-04-24,374.51,383.0,371.0,374.06,402100,380.98999999999995,386.7,398.6185,0.9557760113993705,28.824898196625952,-16.25917535778308,-16.021153362087983,0.0012580636526673405,0.020977153943941014,0.023503198198206766,-0.48731352798673977,625530.0,0.03208041490669946,0.008688445703897818,1
2019-04-25,376.0,381.5,374.25,377.31,338200,379.0,386.67400000000004,396.34900000000005,0.956227970803509,30.732213625212324,-15.95732330357464,-16.008387350385313,0.008688445703897818,0.01998206744828842,0.02310314252117761,-0.1589156926137777,596900.0,0.019214969123532374,0.04908430733349234,1
2019-04-26,378.99,396.17,378.99,395.83,966300,380.522,386.652,394.7285,0.9640094393994859,49.03541606680105,-14.061600773313614,-15.619030034970974,0.04908430733349234,0.02002002818163686,0.02585722331671337,1.8571850975753992,621760.0,0.043402470757648505,-0.01162115049389878,0
2019-04-29,399.0,411.2,390.0,391.23,1408600,382.404,386.085,393.39399999999995,0.9720636308637144,51.23345367027679,-12.78305348295737,-15.051834724568256,-0.01162115049389878,0.020336214848708414,0.02548470394058484,0.4577253440960365,621570.0,0.054188073511744976,-0.00723359660557743,0
2019-04-30,388.99,394.0,385.0,388.4,1027500,385.366,385.173,391.87600000000003,0.983387602200696,61.25164848339525,-11.86142180552207,-14.41375214075902,-0.00723359660557743,0.020390968955298017,0.02547314538431887,-0.27055232145392594,655500.0,0.023171987641606592,-0.0033213182286301324,0
2019-05-02,388.0,391.4,385.07,387.11,520300,387.976,384.483,389.9505,0.9949365368168525,56.21417404898386,-11.107078789804689,-13.752417470568155,-0.0033213182286301324,0.020264018645640435,0.025043247214917404,-0.49362530413625305,678290.0,0.016351941308671913,-0.0064322802304255244,0
2019-05-03,387.88,388.49,384.0,384.62,605100,389.438,384.219,388.29449999999997,1.0029449296861017,40.59568866216884,-10.588125386723505,-13.119559053799225,-0.0064322802304255244,0.019624253756780473,0.02483053014789011,0.16298289448395153,682920.0,0.01167385991368106,-0.04167749987000169,0
2019-05-06,382.1,382.1,366.82,368.59,464700,383.98999999999995,382.256,385.8165,0.9952658841703244,31.36273864384465,-11.339622003833995,-12.76357164380618,-0.04167749987000169,0.023467495059002367,0.026190498549997363,-0.23202776400594938,688530.0,0.04145527550937364,-0.020619116091049605,0
2019-05-07,368.6,369.99,360.0,360.99,180800,377.942,380.173,383.974,0.9842906030095788,27.975400940552305,-12.40544274938975,-12.691945864922896,-0.020619116091049605,0.023728613881839042,0.024487534388387126,-0.6109317839466322,669790.0,0.02767389678384445,-0.005761932463503094,0
2019-05-08,360.0,363.0,353.5,358.91,864600,372.044,378.70500000000004,382.481,0.9727123700262235,28.46625766871169,-13.265040852040045,-12.806564862346328,-0.005761932463503094,0.023045454745419358,0.024113340441230702,3.7820796460176993,677820.0,0.026469031233456855,0.01749742275222199,1
2019-05-09,361.0,373.01,359.0,365.19,472000,367.65999999999997,377.818,382.259,0.9618086166708958,36.381587066518584,-13.28637793130116,-12.902527476137294,0.01749742275222199,0.02399138598904927,0.022008172146497907,-0.4540828128614388,684810.0,0.03836359155508089,-0.0005476601221281463,0
2019-05-10,362.0,367.6,362.0,364.99,346600,363.73400000000004,376.58599999999996,381.63,0.953106411969709,35.53008595988537,-13.167637717829962,-12.95554952447583,-0.0005476601221281463,0.023704278146790915,0.02139952984887544,-0.2656779661016949,685650.0,0.015342886106468731,-0.021014274363681196,0
2019-05-13,368.01,375.0,353.5,357.32,1464500,361.47999999999996,372.735,379.6935,0.9520310460937572,34.976698552857485,-13.536400938411475,-13.07171980726296,-0.021014274363681196,0.015522460800553412,0.01820266739661582,3.2253317945758804,735470.0,0.060170155602821004,-0.0024627784618829196,0
2019-05-14,357.01,361.0,351.1,356.44,320600,360.57,369.256,377.6705,0.9547211127159786,38.44183852271196,-13.74125644241792,-13.205627134293952,-0.0024627784618829196,0.015690247511104507,0.018136813131725295,-0.7810856947763742,626670.0,0.02777466053192677,0.010184042195039877,1
2019-05-15,360.0,368.0,358.0,360.07,303000,360.802,366.423,375.798,0.9600955832654778,40.956690368455064,-13.45558760433272,-13.255619228301708,0.010184042195039877,0.016851325002292424,0.018406618236708815,-0.05489706799750471,554220.0,0.02777237759324576,-0.02535618074263335,0
2019-05-16,361.0,361.0,345.15,350.94,279900,357.952,362.80600000000004,373.6445,0.9580015228378846,34.15835636188872,-13.80675204623941,-13.36584579188925,-0.02535618074263335,0.017676899028216453,0.018960836637620427,-0.0762376237623762,530180.0,0.045164415569613106,-0.019006097908474406,0
2019-05-17,351.0,351.5,339.01,344.27,1494700,353.808,358.771,371.495,0.9523896687707775,13.883440739702962,-14.456618750909968,-13.584000383693393,-0.019006097908474406,0.01787116398976615,0.019025355842826417,4.340121471954269,619140.0,0.03627966421703898,0.004996078659192049,1
2019-05-20,344.0,350.0,332.3,345.99,1214800,351.54200000000003,356.511,369.3835,0.9516992502372196,16.978102189781012,-14.663817807265502,-13.799963868407815,0.004996078659192049,0.014756515526176597,0.019090489051212634,-0.18726165785776405,694150.0,0.05115754790600881,0.03028989277146743,1
2019-05-21,345.99,362.5,339.5,356.47,921400,351.548,356.059,368.116,0.9549924480326853,29.0347997373605,-13.823032819427056,-13.804577658611665,0.03028989277146743,0.01771735752638538,0.020496223859437352,-0.24152123806387882,768210.0,0.06452155861643336,0.04999018150194967,1
2019-05-22,365.0,374.29,363.5,374.29,205300,354.392,357.59700000000004,368.15099999999995,0.9626267482636202,43.083728959861894,-11.585232241269523,-13.360708575143237,0.04999018150194967,0.02381598364851894,0.023195443812766784,-0.7771868895159539,702280.0,0.028827914184188785,0.04998797723690185,1
2019-05-23,378.0,393.0,377.0,393.0,1181800,362.804,360.37800000000004,369.098,0.9829476182477281,53.8475665748393,-8.207408628852477,-12.330048585885086,0.04998797723690185,0.02769327891623857,0.025718349565044235,4.756453969800292,773260.0,0.04071246819338423,0.030050890585241685,1
2019-05-24,390.99,409.89,386.0,404.81,1133900,374.912,364.36,370.473,1.011981979793399,67.30034390523502,-4.525325643296583,-10.769103997367386,0.030050890585241685,0.0283623305490551,0.02641079615267269,-0.040531392790658316,851990.0,0.05901534053012521,0.00044465304710850084,1
2019-05-27,405.0,409.9,402.0,404.99,666200,386.712,369.127,370.931,1.0425443006920425,72.619782027555,-1.5745731544047317,-8.930197828774855,0.00044465304710850084,0.026437122695502538,0.02417084675186482,-0.4124702354705,772160.0,0.019506654485295878,-0.00854342082520565,0
2019-05-28,405.0,407.99,392.05,401.53,1205100,395.724,373.636,371.446,1.0653607792249746,71.60381184103808,0.47920242127298707,-7.048317778765287,-0.00854342082520565,0.02689598343756443,0.02409312554477667,0.8089162413689583,860610.0,0.03969815455881254,0.04998381191940848,1
2019-05-29,406.0,421.6,406.0,421.6,738000,405.18600000000004,379.789,373.106,1.085980927672029,75.08672062616738,3.6838504942823533,-4.901884124155759,0.04998381191940848,0.029377680402048887,0.02628930714820676,-0.3876026885735624,904110.0,0.03700189753320688,0.005241935483870863,1
2019-05-30,438.99,442.64,414.0,423.81,1919500,411.34800000000007,387.07599999999996,374.94100000000003,1.0971006104960515,75.69905627403003,6.328929748129781,-2.6557213496986516,0.005241935483870863,0.02595261614821496,0.02622600660027016,1.6009485094850948,1068070.0,0.06757745216016608,-0.026497723036266296,0
2019-06-03,422.0,425.0,410.0,412.58,298600,412.90200000000004,393.907,376.33900000000006,1.0971544272584026,73.41525423728811,7.43332027751876,-0.6379130242551692,-0.026497723036266296,0.027257943881123646,0.027051623856384464,-0.8444386558999739,948460.0,0.03635658538950022,-0.047481700518687275,0
2019-06-10,409.91,409.91,391.96,392.99,855800,410.50199999999995,398.607,377.559,1.0872525883371869,63.36771267646843,6.651138267467047,0.8198972340892741,-0.047481700518687275,0.034306959835251276,0.02759159588062945,1.8660415271265909,912560.0,0.04567546247996144,-0.01758314460927768,0
2019-06-11,383.25,392.0,378.0,386.08,707000,407.41200000000003,401.56800000000004,378.81350000000003,1.0754949335226964,59.28994928209156,5.411296085603624,1.738177004392144,-0.01758314460927768,0.035012860127592874,0.027459554679614747,-0.17387240009347982,891120.0,0.036261914629092416,0.01121529216742645,1
2019-06-12,367.01,401.5,367.01,390.41,1060800,401.174,403.17999999999995,380.38849999999996,1.054642819117823,64.5979732228715,4.723655674336214,2.335272738380958,0.01121529216742645,0.03192577170437988,0.027413362519105956,0.5004243281471004,976670.0,0.08834302400040984,0.029763581875464018,1
2019-06-13,391.0,409.0,387.1,402.03,865400,396.81800000000004,404.08299999999997,382.2305,1.0381641444102447,70.60796346510631,5.0580267974249296,2.8798235501897524,0.029763581875464018,0.02926666642213955,0.027851528422037856,-0.1842006033182504,945030.0,0.05447354675024246,0.037534512349824745,1
2019-06-14,407.0,420.99,401.31,417.12,1621700,397.726,405.31399999999996,384.837,1.0334921018509136,73.16787179988273,6.466117827794392,3.5970824057106805,0.037534512349824745,0.0301279103768624,0.028727146567598925,0.8739311301132424,993810.0,0.04718066743383201,-0.02021001150747992,0
2019-06-17,419.0,419.0,407.0,408.69,689800,400.866,405.684,387.40549999999996,1.034745247550693,67.23887495048196,6.823156466086232,4.242297217785791,-0.02021001150747992,0.031047593003476124,0.0286862731904234,-0.5746438922118764,996170.0,0.029362108199368714,-0.019550270376079704,0
2019-06-18,406.9,413.0,398.0,400.7,658300,403.78999999999996,405.601,389.6185,1.0363727595070562,59.32358963496433,6.387751906729818,4.671388155574596,-0.019550270376079704,0.03162670201341486,0.02923611678505876,-0.04566541026384463,941490.0,0.037434489643124534,0.0017968555028700095,1
2019-06-19,401.0,405.8,400.0,401.42,154200,405.992,403.58299999999997,391.68600000000004,1.036524154552371,53.40504691038499,6.031263982371058,4.943363320933889,0.0017968555028700095,0.026453670514012574,0.029237212735006648,-0.7657602916603372,883110.0,0.014448707089831127,0.012082108514772427,1
2019-06-20,404.98,413.95,402.02,406.27,924200,406.84,401.829,394.4525,1.0314042882222827,50.625642783681855,6.070126560353572,5.168715968817826,0.012082108514772427,0.0268216468940259,0.028317893250559088,4.993514915693904,783580.0,0.02936470819898099,-0.001279936987717445,0
2019-06-21,405.01,409.5,404.2,405.75,289700,404.566,401.146,397.52650000000006,1.0177082534120365,50.32473081524525,5.989917736147788,5.3329563222838186,-0.001279936987717445,0.0256187217140579,0.027708041169355692,-0.6865397100194763,782690.0,0.01306223043746152,-0.049981515711645,0
2019-06-24,404.0,405.75,385.47,385.47,889900,399.92199999999997,400.394,399.5005,1.00105506751556,44.000298864315624,4.241037116201312,5.114572481067317,-0.049981515711645,0.026125826709928784,0.030655923601305406,2.0717984121505006,786100.0,0.05261109813993299,-0.017822398630243597,0
2019-06-25,386.99,389.0,371.0,378.6,1496300,395.502,399.646,400.607,0.9872568377487163,32.17838196286472,2.274466406941883,4.546551266242231,-0.017822398630243597,0.02614217283176048,0.030525643886536603,0.68142487919991,865030.0,0.04754358161648177,0.005520338087691368,1
2019-06-26,379.99,383.0,376.01,380.69,1214800,391.35600000000005,398.67400000000004,400.927,0.9761278237684168,32.11085297046134,0.8745096813746045,3.812142949268706,0.005520338087691368,0.025891715701652995,0.028510878123171424,-0.18813072244870677,880430.0,0.018361396411778638,-0.019753605295647292,0
2019-06-27,381.0,386.0,370.3,373.17,1163700,384.736,395.788,399.9355,0.9619951217133763,33.13072510915161,-0.8321744732023149,2.8832794647745024,-0.019753605295647292,0.02374222349475357,0.02642248959507945,-0.04206453737240701,910260.0,0.04207197791891092,0.019562129860385413,1
2019-06-28,373.1,385.0,368.0,380.47,606500,379.68,392.123,398.7185,0.9522507734153294,44.010715652506704,-1.5775005262389072,1.9911234665718205,0.019562129860385413,0.02043194925061385,0.025845348544185104,-0.47881756466443237,808740.0,0.04468157804820354,-0.008042684048676696,0
2019-07-01,380.0,380.5,375.02,377.41,48200,378.06800000000004,388.995,397.3395,0.9514986554319418,45.69385119698025,-2.387570789714914,1.1153846153144735,-0.008042684048676696,0.020046456118570158,0.025859325623849027,-0.9205276174773289,744580.0,0.014520018017540652,0.016560239527304565,1
2019-07-02,377.95,386.0,376.51,383.66,358400,379.08000000000004,387.29100000000005,396.446,0.9561957996801582,46.71020567306754,-2.4964569415583924,0.3930163039399004,0.016560239527304565,0.02091746761384194,0.026193520727857588,6.435684647302905,714590.0,0.024735442840014617,0.0327633842464683,1
2019-07-03,384.0,399.01,383.0,396.23,841100,382.188,386.77200000000005,395.1775,0.9671299605873309,47.19915008692295,-1.550581910192875,0.004296661113345257,0.0327633842464683,0.023963694240019314,0.024633183291469348,1.3468191964285716,783280.0,0.040405824899679456,-0.029679731469096193,0
2019-07-04,399.98,400.9,381.55,384.47,1104700,384.44800000000004,384.592,393.2105,0.9777154984416744,33.70921065761901,-1.729960937924318,-0.3425548586941874,-0.029679731469096193,0.025037825717547087,0.02526218714399355,0.31339912019973837,801330.0,0.05032902437121223,-0.015475849871251501,0
2019-07-05,383.0,383.0,375.55,378.52,428900,384.05800000000005,381.869,391.5075,0.9809722674533695,34.56461680139158,-2.325429282295943,-0.7391297434145385,-0.015475849871251501,0.025191867386044477,0.02487555801395347,-0.611749796324794,815250.0,0.019681919053154362,-0.007053788439184139,0
2019-07-08,380.11,386.0,374.0,375.85,243600,383.746,380.90700000000004,390.6505,0.9823256337826266,36.554485445298134,-2.978455144327313,-1.1869948235970935,-0.007053788439184139,0.020134671564126353,0.02270436218430462,-0.4320354394963861,750620.0,0.03192763070373819,0.007981907675934652,1
2019-07-09,377.0,384.0,375.01,378.85,441800,382.784,380.932,390.289,0.9807706596906395,38.08216284718554,-3.2168263451287658,-1.5929611279034281,0.007981907675934652,0.01957608871084112,0.022498496155388587,0.8136288998357963,645170.0,0.02372970832783426,0.006282169724165287,1
2019-07-10,383.5,388.0,377.05,381.23,648100,379.784,380.986,389.83000000000004,0.9742297924736423,36.42376924745175,-3.1770678688891962,-1.909782476100582,0.006282169724165287,0.019600396083274425,0.022387719519916787,0.4669533725667723,588500.0,0.028722818246203048,-0.001049235369724455,0
2019-07-11,382.0,382.5,379.03,380.83,98400,379.056,381.752,388.77000000000004,0.9750135041284048,36.47122692725298,-3.141620995836604,-2.1561501800477867,-0.001049235369724455,0.018323416760282037,0.021191105467865175,-0.8481715784601142,481970.0,0.009111677126276889,-0.006170732347766661,0
2019-07-12,380.0,382.7,378.0,378.48,721300,379.048,381.553,386.838,0.9798623713285665,45.28785223136038,-3.2655116679938487,-2.378022477636999,-0.006170732347766661,0.0173952628051251,0.01898504622170758,6.330284552845528,493450.0,0.012418093426336896,-0.021876981610653212,0
2019-07-15,383.0,383.0,369.25,370.2,373100,377.918,380.832,384.9135,0.981825786832626,44.442974331833796,-3.985876021758145,-2.6995931864612284,-0.021876981610653212,0.01858131654989623,0.01906034300190004,-0.48273949812837935,525940.0,0.03714208535926526,0.022960561858454964,1
2019-07-16,370.5,381.24,370.5,378.7,518700,377.88800000000003,380.336,383.81350000000003,0.984561512296988,48.78643737041102,-3.8267782815819373,-2.92503020548537,0.022960561858454964,0.019376154734950697,0.019684221592874654,0.3902439024390243,541970.0,0.02836017956165833,0.0025085819910219964,1
2019-07-17,382.0,390.3,376.15,379.65,445400,377.572,378.678,382.725,0.9865360245607159,54.295942720763705,-3.582735570257796,-3.056571278439855,0.0025085819910219964,0.015462320230237536,0.019693294511596304,-0.1413148255253518,502400.0,0.037271170815224644,-0.008376135914658134,0
2019-07-18,377.31,381.45,375.02,376.47,203400,376.7,377.87800000000004,381.235,0.9881044500111479,47.19495091164096,-3.604380334089228,-3.1661330895697297,-0.008376135914658134,0.012792229799083251,0.01942005894430736,-0.5433318365514145,412270.0,0.017079714187053435,0.02329534889898266,1
2019-07-19,379.0,388.5,371.0,385.24,1340600,378.052,378.55,380.2095,0.9943254968642289,55.083755356447206,-2.8806617834262624,-3.1090388283410366,0.02329534889898266,0.014074388225624956,0.020332052986409162,5.590953785644051,503440.0,0.04542622780604298,0.002336206001453567,1
2019-07-22,385.0,389.8,381.0,386.14,276100,381.23999999999995,379.579,380.24300000000005,1.0026220075057264,51.73039352497904,-2.2090228986227203,-2.929035642397374,0.002336206001453567,0.01372319284809777,0.01697557650814978,-0.7940474414441295,506690.0,0.02278966178070133,0.00745843476459318,1
2019-07-23,388.9,391.98,384.0,389.02,523100,383.304,380.596,380.764,1.006670798709962,44.18266903340322,-1.4278924572681717,-2.6288070053715336,0.00745843476459318,0.013702166507708348,0.01649556280090582,0.894603404563564,514820.0,0.020513084160197467,-0.008868438640686871,0
2019-07-24,390.0,390.0,383.5,385.57,413400,384.488,381.03,381.00800000000004,1.009133666484693,51.02497204621688,-1.0748370692294884,-2.3180130181431244,-0.008868438640686871,0.014098474258043503,0.016623697243515225,-0.2097113362645766,491350.0,0.016858158051715644,-0.006950748242861238,0
2019-07-25,383.55,384.96,378.01,382.89,211500,385.772,381.236,381.494,1.0112138067702243,54.336177813058164,-0.9997670407748842,-2.0543638226694765,-0.006950748242861238,0.014325782835313619,0.016027679582268847,-0.48838896952104505,502660.0,0.018151427302880694,-0.0059024785186345685,0
2019-07-26,379.0,383.5,378.5,380.63,124900,384.85,381.45099999999996,381.502,1.008775838658775,54.78191276510603,-1.1098430351107709,-1.8654596651577355,-0.0059024785186345685,0.01431187440211211,0.01551281966672285,-0.40945626477541375,443020.0,0.013136116438536112,-0.013661561096077524,0
2019-07-29,376.03,379.0,374.0,375.43,166400,382.70799999999997,381.97400000000005,381.403,1.0034215777012765,46.72288233039477,-1.5982519419538335,-1.8120181205169552,-0.013661561096077524,0.0130551637808562,0.01571823599973622,0.3322658126501201,422350.0,0.013318061955624218,-0.0010654449564500013,0
2019-07-30,371.0,381.8,368.0,375.03,1213000,379.91,381.60699999999997,380.9715,0.997213702337314,43.82470119521907,-1.994603627463846,-1.8485352219063333,-0.0010654449564500013,0.010652461708848098,0.015218430050210842,6.289663461538462,491780.0,0.03679705623550119,0.007759379249660192,1
2019-07-31,375.5,379.0,372.1,377.94,284100,378.38399999999996,381.43600000000004,380.057,0.995598028716745,47.25858470878392,-2.0502682969948864,-1.8888818369240439,0.007759379249660192,0.010965204453247791,0.013188014295416717,-0.7657873042044517,475650.0,0.018256866169233152,-0.004392231571148875,0
2019-08-01,381.0,382.5,374.01,376.28,245100,377.062,381.41700000000003,379.6475,0.9931897352149034,47.88542868127639,-2.2029369891118904,-1.9516928673616132,-0.004392231571148875,0.010712577382326836,0.011530654604015114,-0.1372756071805702,479820.0,0.022562985011161926,0.008849792707558368,1
2019-08-02,376.28,380.0,373.51,379.61,253500,376.858,380.854,379.702,0.9925099156707102,59.995751009135354,-2.0318034916068655,-1.9677149922106638,0.008849792707558368,0.00780054433797972,0.011203101654031688,0.03427172582619331,371110.0,0.017096493769921787,-0.009483417191327947,0
2019-08-05,375.51,377.0,372.11,376.01,300800,376.97400000000005,379.841,379.71,0.9927945010666036,46.81052881195163,-2.161749572004794,-2.00652190816949,-0.009483417191327947,0.008055469005901353,0.011298700229456629,0.18658777120315584,373580.0,0.013004973271987411,-0.0038030903433419194,0
2019-08-06,374.6,381.9,374.0,374.58,138100,376.884,378.397,379.4965,0.9931158785390642,44.05627198124269,-2.3529979304703943,-2.075817112629671,-0.0038030903433419194,0.007234409695150542,0.011171597134745692,-0.5408909574468085,335080.0,0.021090287788990275,-0.028298360830797065,0
2019-08-07,374.0,374.05,361.5,363.98,188500,374.092,376.238,378.634,0.9880042468452384,37.52746155382465,-3.321605642311283,-2.3249748185659938,-0.028298360830797065,0.010591562131852982,0.012644384385128672,0.3649529326574945,312590.0,0.034479916478927446,-0.03096323973844728,0
2019-08-08,361.5,362.0,348.5,352.71,519600,369.37800000000004,373.21999999999997,377.22799999999995,0.9791903040071259,19.060300551645454,-4.9416646115050185,-2.848312777153799,-0.03096323973844728,0.01328694676644975,0.014173363862097768,1.7564986737400532,343400.0,0.03827507017096198,-0.01749312466332098,0
2019-08-09,355.5,359.75,345.0,346.54,538500,362.764,369.81100000000004,375.63100000000003,0.9657456386719946,15.767634854771856,-6.646820047636822,-3.608014231250404,-0.01749312466332098,0.013576716936332433,0.014498288048444946,0.036374133949191645,384760.0,0.04256362901829514,-0.049777803428175726,0
2019-08-16,337.0,346.0,329.22,329.29,676500,353.41999999999996,365.197,373.5855,0.946021727288666,8.641462401329548,-9.283089177966474,-4.743029220593618,-0.049777803428175726,0.018711782761376444,0.017342155086451063,0.256267409470752,435770.0,0.050958122020103774,0.028576634577424098,1
2019-08-19,327.0,339.99,320.2,338.7,746300,346.244,361.564,371.5855,0.9318016983978116,20.02046821031088,-10.492096739586884,-5.892842724392271,0.028576634577424098,0.0227097522009309,0.017868032487573182,0.1031781226903179,389100.0,0.058429288455860706,0.019958665485680482,1
2019-08-20,341.48,349.0,336.0,345.46,676100,342.54,358.316,369.87600000000003,0.92609415047205,27.24620060790275,-10.780497572883974,-6.870373694090612,0.019958665485680482,0.024051938470401903,0.01868266196411276,-0.09406404930992895,428300.0,0.037630984773924625,0.04295721646500339,1
2019-08-21,345.46,362.73,342.29,360.3,829000,344.058,356.71799999999996,369.0675,0.9322359730943527,39.28081830644313,-9.699780304693547,-7.4362550162111996,0.04295721646500339,0.029117634433829007,0.021449227155092555,0.22614997781393287,486690.0,0.056730502359145146,0.04127116291978905,1
2019-08-22,367.0,378.31,364.11,375.17,1292300,349.784,356.274,368.56399999999996,0.9490454846376749,49.875598086124405,-7.556314863180262,-7.460266985605012,0.04127116291978905,0.03232883673929844,0.022891901683988924,0.5588661037394451,590570.0,0.0378495082229389,-0.020497374523549272,0
2019-08-23,377.5,377.5,364.2,367.48,1208800,357.422,355.421,367.631,0.9722303070198107,46.62313265945079,-6.404297040192091,-7.249072996522428,-0.020497374523549272,0.0328446141699096,0.023278954832001455,-0.06461347984214194,681370.0,0.03619244584739308,-0.047050179601611064,0
2019-08-26,365.0,367.0,349.11,350.19,212900,359.71999999999997,352.982,365.6895,0.9836760421067599,39.00293255131965,-6.807994790954126,-7.160857355408768,-0.047050179601611064,0.035846670236526705,0.025198372637919086,-0.823874917273329,688850.0,0.05108655301407803,0.03226819726434216,1
2019-08-27,348.0,366.0,348.0,361.49,564200,362.92600000000004,352.733,364.4855,0.995721366144881,44.554892865032045,-6.1452737148736105,-6.957740627301737,0.03226819726434216,0.036789502031360305,0.0265059579861538,1.6500704556129637,726420.0,0.04979390854518797,-0.0026003485573597995,0
2019-08-28,361.5,367.9,358.01,360.55,414700,362.976,353.517,363.3685,0.9989198293192724,42.857142857142854,-5.631001946264973,-6.692392891094385,-0.0026003485573597995,0.03520267497908609,0.026488680718430056,-0.26497695852534564,715930.0,0.027430314796838124,-0.025877132159201177,0
2019-08-29,361.99,361.99,350.11,351.22,205600,358.18600000000004,353.985,361.898,0.9897429662501589,41.09234638878909,-5.908185011357716,-6.5355513151470515,-0.025877132159201177,0.03583285880011959,0.026988917119745562,-0.5042199180130215,682640.0,0.033824953020898565,-0.0033881897386255355,0
2019-08-30,352.0,356.5,347.0,350.03,327200,354.696,356.059,360.628,0.9835509167341416,41.16334317183787,-6.152950261657054,-6.4590311044490525,-0.0033881897386255355,0.03108409540594974,0.026886234444384698,0.5914396887159532,647710.0,0.02714053081164472,0.004713881667285813,1
2019-09-02,352.5,359.0,350.3,351.68,257900,354.99399999999997,357.357,359.4605,0.9875744344649828,45.26777469990767,-6.142974884978173,-6.3958198605548775,0.004713881667285813,0.030106866622151382,0.02694084742351442,-0.21179706601466997,598870.0,0.024738398544130995,-0.03127843494085536,0
2019-09-03,351.05,353.35,337.5,340.68,233800,350.832,356.879,357.59749999999997,0.9810806842889003,45.36201711774232,-6.942646884617432,-6.5051852653673885,-0.03127843494085536,0.03145220204085578,0.027538244282569246,-0.0934470725087243,554640.0,0.0465245978630974,0.047786779382411604,1
2019-09-04,341.0,357.71,332.5,356.96,943200,350.114,356.54499999999996,356.6315,0.9817248336167724,53.72675250357653,-6.191362589353446,-6.442420730164601,0.047786779382411604,0.032228780271408096,0.029946810352334582,3.0342172797262617,566060.0,0.07062415956969963,-0.011766024204392656,0
2019-09-05,357.99,366.99,350.52,352.76,1101200,350.42199999999997,354.304,355.28900000000004,0.9863012927504086,59.258382642998015,-5.867235433926055,-6.327383670916893,-0.011766024204392656,0.028776422936166342,0.029900988563752586,0.1675148430873621,546950.0,0.04668896700306165,-0.007880712098877307,0
2019-09-06,351.9,353.0,342.0,349.98,294100,350.412,352.554,353.9875,0.9898993608531373,54.6953046953047,-5.768192956780069,-6.215545528089528,-0.007880712098877307,0.028332070528607096,0.02988551118424483,-0.7329277152197602,455480.0,0.03143036744956854,-0.02931596091205213,0
2019-09-11,350.0,352.0,335.01,339.72,238100,348.02000000000004,351.50699999999995,352.2445,0.9880069099730443,47.67836919592301,-6.443322720192384,-6.2611009665101,-0.02931596091205213,0.025816609243288983,0.03045363732725674,-0.1904114246854811,458000.0,0.0500117744024491,0.049982338396326265,1
2019-09-12,342.0,356.7,342.0,356.7,669800,351.22400000000005,351.028,351.8805,0.9981343098011969,48.56870229007633,-5.544312446852359,-6.117743262578552,0.049982338396326265,0.02890779974210013,0.03220501143354779,1.8131037379252417,468560.0,0.04121110176619004,0.046818054387440355,1
2019-09-13,362.0,374.53,355.0,373.4,1297400,354.512,352.313,352.915,1.0045251689500303,49.306371972725124,-3.444582888573393,-5.58311118777752,0.046818054387440355,0.03258666584653849,0.03302111889047078,0.9369961182442521,556830.0,0.052303160149973146,-0.021424745581146265,0
2019-09-16,373.0,373.0,363.51,365.4,925800,357.04,353.731,353.85800000000006,1.0089923076488307,49.18686473807661,-2.39841776013742,-4.9461725022495004,-0.021424745581146265,0.032161039767544544,0.03316325735093639,-0.28641899182981345,628850.0,0.025971538040503585,-0.03423645320197044,0
2019-09-17,366.0,366.0,349.97,352.89,1303300,357.62199999999996,354.017,355.03799999999995,1.0072780941758348,51.09649122807017,-2.5493890383127678,-4.466815809462154,-0.03423645320197044,0.03439553299673399,0.032019573903687204,0.40775545474184494,726460.0,0.04542491994672553,-0.03632860098047552,0
2019-09-18,350.0,354.0,338.0,340.07,1147900,357.692,352.856,355.1065,1.007280914317254,41.40725288831835,-3.6612965749081354,-4.30571196255135,-0.03632860098047552,0.036341827160355285,0.032674778625037586,-0.11923578608148544,815460.0,0.04704913694239422,0.03728644102684742,1
2019-09-19,338.0,354.3,336.0,352.75,1585300,356.90199999999993,354.063,355.471,1.0040256448486653,47.14034315882094,-3.479215054293036,-4.140412580899688,0.03728644102684742,0.036829121590858306,0.033433080508459126,0.38104364491680465,950610.0,0.05187810063784553,-0.01751948972360029,0
2019-09-20,353.99,353.99,344.0,346.57,675400,351.536,353.024,354.78450000000004,0.990843737536448,48.25489754559783,-3.789900870856229,-4.070310238890997,-0.01751948972360029,0.033893303530482616,0.03220536347768106,-0.5739607645240649,923830.0,0.028825345529041778,-0.018841792422887083,0
2019-09-23,347.5,348.35,338.1,340.04,219900,346.464,351.752,353.028,0.9814065739828002,46.395323663130554,-4.511037611800532,-4.158455713472904,-0.018841792422887083,0.03418229341252301,0.03078191578428883,-0.6744151613858455,835700.0,0.03014351252793789,0.010557581461004606,1
2019-09-24,340.05,345.0,336.05,343.63,707600,344.61199999999997,351.117,351.8355,0.9794690984849452,47.1354352003416,-4.738241182491322,-4.274412807276588,0.010557581461004606,0.034395154087713826,0.030713407189424318,2.217826284674852,877050.0,0.02604545586823033,-0.005645607193784041,0
2019-09-25,343.5,347.98,339.1,341.69,411800,344.936,351.31399999999996,351.4105,0.981575678586724,50.3841764929631,-5.017010462291921,-4.422932338279654,-0.005645607193784041,0.03304089791358805,0.028924520455330175,-0.4180327868852459,894420.0,0.025988469080160365,-0.006526383564049332,0
2019-09-26,342.25,343.49,336.8,339.46,505300,342.27799999999996,349.59,350.30899999999997,0.977074525633084,42.54684838160136,-5.356137271682201,-4.609573324960164,-0.006526383564049332,0.02822662702530443,0.027869325656931985,0.22705196697425944,877970.0,0.019707771165969477,0.024391680904966906,1
2019-09-27,340.5,350.0,338.1,347.74,606600,342.512,347.024,349.66850000000005,0.9795334724174467,47.933816266052034,-4.900283492467452,-4.6677153584616216,0.024391680904966906,0.024307549702905502,0.028524057688862983,0.20047496536710874,808890.0,0.03422096968999821,-0.016132742853856352,0
2019-09-30,348.9,350.1,341.0,342.13,653900,342.93,344.697,349.214,0.9820053033383541,46.84257099187514,-4.9348107766442695,-4.721134442098151,-0.016132742853856352,0.024010260032390054,0.02816536853039521,0.07797560171447415,781700.0,0.02659807675445013,0.021190775436237708,1
2019-10-01,341.0,352.39,339.0,349.38,1803500,344.08,344.346,349.1815,0.9853901194650918,53.981863149216814,-4.327277329470633,-4.642363019572648,0.021190775436237708,0.023229438857365132,0.02858589654138038,1.75806698271907,831720.0,0.03832503291545019,0.0093880588471007,1
2019-10-02,349.6,355.97,347.0,352.66,1557200,346.274,345.605,349.2305,0.9915342445748582,48.12267657992567,-3.540323462545757,-4.42195510816727,0.0093880588471007,0.01967803785684778,0.02864300538628438,-0.13656778486276688,872650.0,0.025435263426529877,0.027675381387171738,1
2019-10-03,354.0,368.45,351.0,362.42,2064400,350.866,346.572,350.3175,1.0015657225231398,44.54599642360423,-2.104843099997254,-3.958532706533267,0.027675381387171738,0.018027038065271558,0.0282282915485873,0.3257128178782429,920560.0,0.04814855692290709,0.0030627448816289427,1
2019-10-04,361.45,365.5,355.6,363.53,2149800,354.024,348.268,350.646,1.0096336476104104,49.002879385731035,-0.8676451737840125,-3.3403551999834162,0.0030627448816289427,0.016557572996570673,0.026234099321244174,0.041367951947297144,1068000.0,0.027232965642450355,0.035595411657910025,1
2019-10-07,363.53,381.7,359.01,376.47,2071700,360.892,351.911,351.83149999999995,1.0257523843089662,62.515923566878996,1.14380784730929,-2.443522590524875,0.035595411657910025,0.01682679902773883,0.027121193645160552,-0.03632896083356596,1253180.0,0.060270406672510414,-0.012484394506866558,0
2019-10-08,376.5,381.3,368.55,371.77,1881700,365.37,354.725,352.921,1.035274183174138,68.4131040892193,2.3317689567435878,-1.4884642810711823,-0.012484394506866558,0.018308485975973038,0.02724306694794464,-0.0917121204807646,1370590.0,0.034295397692121476,-0.02216424133200634,0
2019-10-09,370.0,373.87,361.0,363.53,817700,367.544,356.909,354.1115,1.037932967441046,56.60215580597744,2.578612914770588,-0.6750488419028283,-0.02216424133200634,0.020316658277782968,0.026835278542225664,-0.5654461391295105,1411180.0,0.03540285533518556,0.03985915880395008,1
2019-10-10,364.0,381.0,360.6,378.02,1461500,370.66399999999993,360.765,355.1775,1.0436021425906763,67.48193440800442,3.898520711916774,0.23966506886109218,0.03985915880395008,0.022241592429105582,0.025999462792085395,0.7873303167420815,1506800.0,0.053965398656155704,0.027485318237130407,1
2019-10-11,379.0,395.0,379.0,388.41,2433200,375.64,364.832,355.928,1.0553819873682317,75.7808335998294,5.717040829773055,1.3351402210434846,0.027485318237130407,0.02246832633351043,0.024616030767637104,0.664864864864865,1689460.0,0.04119358409927654,-0.036095878066991216,0
2019-10-14,388.0,388.95,372.11,374.39,709300,375.22400000000005,368.058,356.37749999999994,1.052883529403512,64.75441289332306,5.958251283024822,2.259762433439752,-0.036095878066991216,0.025818362912153583,0.025559483861616425,-0.7084908762123951,1695000.0,0.044979833863083886,-0.0069179198162343525,0
2019-10-15,375.0,378.5,369.01,371.8,1088700,375.22999999999996,370.3,357.323,1.0501143223358138,64.3531318524168,5.872723845737426,2.9823547158992865,-0.0069179198162343525,0.025916085726825622,0.024243823934632404,0.5348935570280557,1623520.0,0.025524475524475548,-0.006159225389994694,0
2019-10-16,371.4,376.99,368.0,369.51,795400,376.426,371.985,358.79499999999996,1.0491394807619951,64.31634111481655,5.556111479250262,3.4971060685694813,-0.006159225389994694,0.026191156045308858,0.02255481058355742,-0.2694038761826031,1547340.0,0.0243295174690807,-0.01780736651240833,0
2019-10-17,370.0,371.0,362.0,362.93,420900,373.408,372.03599999999994,359.304,1.0392536682029703,57.35593220338981,4.719835562723347,3.7416519674002546,-0.01780736651240833,0.025758748760491095,0.021674117167476924,-0.47083228564244406,1382990.0,0.024798170446091533,0.006282203179676538,1
2019-10-18,364.0,371.5,363.5,365.21,781700,368.76800000000003,372.204,360.236,1.0236844735118091,61.54923939151318,4.192726675840731,3.83186690908835,0.006282203179676538,0.025815265270931535,0.02121500629951326,0.8572107388928487,1246180.0,0.021905205224391447,-0.04542591933408169,0
2019-10-21,365.0,365.0,347.02,348.62,1360900,363.614,369.419,360.665,1.008176562738275,49.65220574775765,2.40855046331626,3.5472036199339323,-0.04542591933408169,0.026375338996453734,0.023368202077329103,0.7409492132531661,1175100.0,0.051574780563364175,0.0022373931501347144,1
2019-10-22,351.7,353.49,342.0,349.4,756900,359.134,367.18199999999996,360.95349999999996,0.9949591844932936,48.4732109404271,1.045465961044215,3.0468560881559887,0.0022373931501347144,0.026467166971808998,0.023272452900407928,-0.4438239400396796,1062620.0,0.03288494562106471,-0.009330280480824293,0
2019-10-23,351.0,353.85,345.0,346.14,863100,354.46,365.44300000000004,361.17600000000004,0.9814051874986155,41.88110911629761,-0.29444885938028165,2.378595098648735,-0.009330280480824293,0.025894261823059143,0.023343062002030082,0.14030915576694403,1067160.0,0.025567689374241705,-0.003149014849482823,0
2019-10-24,346.14,350.99,342.0,345.05,554800,350.88399999999996,362.146,361.45550000000003,0.9707529695910007,40.78212290502796,-1.4278356974976418,1.61730893941946,-0.003149014849482823,0.02075312555664469,0.02329863734796207,-0.35720078785772214,976490.0,0.02605419504419652,-0.0006665700623098569,0
2019-10-25,346.0,349.6,343.1,344.82,507100,346.80600000000004,357.787,361.3095,0.95985851465295,31.920484405346727,-2.3178927849401134,0.8302685945475454,-0.0006665700623098569,0.016804585512376083,0.022643316742548457,-0.08597692862292716,783880.0,0.0188504147091236,0.029087639928078612,1
2019-10-28,347.99,359.5,343.01,354.85,1257100,348.052,355.83299999999997,361.9455,0.9616143866963397,40.889511091966426,-2.1887022661563833,0.2264744224067597,0.029087639928078612,0.01881357418554731,0.023216761979508293,1.4789982252021296,838660.0,0.04647033958010429,-0.01248414823164723,0
2019-10-29,355.0,358.7,348.3,350.42,987600,348.25600000000003,353.695,361.9975,0.9620397930924938,42.63896687254354,-2.415932460657359,-0.3020069542060641,-0.01248414823164723,0.018952374441973414,0.02297796247414128,-0.21438230848778939,828550.0,0.02967867130871519,-0.014725186918554956,0
2019-10-30,351.1,351.88,342.0,345.26,1120600,348.08000000000004,351.27,361.6275,0.9625374176466116,29.453085800301068,-2.978053753093718,-0.837216313983595,-0.014725186918554956,0.01916572909279303,0.023113716579092603,0.13466990684487645,861070.0,0.0286161153912993,0.018420900191160383,1
2019-10-31,346.0,354.95,346.0,351.62,1261400,349.394,350.139,361.0875,0.9676158825769378,25.696921654115457,-2.877173811235025,-1.2452078134338809,0.018420900191160383,0.020207210872675976,0.022600456204762618,0.12564697483490983,945120.0,0.025453614697684968,0.03148285080484614,1
2019-11-01,352.0,366.0,349.6,362.69,4133600,352.968,349.887,361.0455,0.9776274735455781,41.957657409953256,-1.8822715911322803,-1.3726205689735609,0.03148285080484614,0.022884098762251608,0.023751304245714654,2.2769938163944823,1280310.0,0.04521767900962248,0.04725798891615418,1
2019-11-04,365.8,380.82,365.1,379.83,3078200,357.964,353.00800000000004,361.2135,0.9910039353457165,54.59961049375643,0.2859540410410091,-1.040905646970647,0.04725798891615418,0.021365330494922542,0.02478783842148617,-0.25532223727501446,1452040.0,0.041386936260958775,-0.013927283258299616,0
2019-11-05,383.0,386.0,372.15,374.54,2090200,362.788,355.52200000000005,361.352,1.0039739644446413,52.78546904419096,1.559453279455397,-0.5208338616854382,-0.013927283258299616,0.02249951458469308,0.024830401864894658,-0.32096679877850687,1585370.0,0.03697869386447381,0.018395898969402413,1
2019-11-06,378.49,388.5,378.49,381.43,2122000,370.022,359.051,362.247,1.021463255734347,60.20971302428257,3.089067175313403,0.20114634571433,0.018395898969402413,0.021937944946956,0.0245223239747574,0.015213855133479948,1711260.0,0.026243347403193222,-0.00870408725060956,0
2019-11-07,381.05,383.5,375.8,378.11,758600,375.32000000000005,362.357,362.25149999999996,1.036075765041691,57.038411174159776,3.9874362712099582,0.9584043308134558,-0.00870408725060956,0.022373049919524202,0.02300572279660284,-0.642507068803016,1731640.0,0.020364444209357034,0.015260109491946672,1
2019-11-08,379.12,388.0,376.2,383.88,952900,379.558,366.26300000000003,362.025,1.0484303570195428,71.81390744865134,5.106130733565237,1.7879496113638123,0.015260109491946672,0.022141413726812165,0.022398760490015338,0.25612971262852624,1776220.0,0.030738772533083287,0.03201521308742317,1
2019-11-11,388.42,398.0,387.51,396.17,1128100,382.826,370.395,363.11400000000003,1.0542859818128743,75.32762915628726,6.904810090298724,2.811321707150795,0.03201521308742317,0.022424592993320832,0.021848701603978716,0.18385979641095607,1763320.0,0.026478531943357673,-0.016836206678951027,0
2019-11-12,403.0,404.99,388.02,389.5,2086900,385.81800000000004,374.303,363.999,1.0599424723694297,72.64466262795071,7.703264741981059,3.789710314116848,-0.016836206678951027,0.022972981656011648,0.02219681659161363,0.849924652069852,1873250.0,0.04356867779204115,0.009319640564826592,1
2019-11-13,389.0,395.98,382.0,393.13,1297800,388.158,379.09000000000003,365.18,1.0629223944356208,74.46072446072445,8.530620782564313,4.737892407806341,0.009319640564826592,0.021185905200490854,0.0221465504001626,-0.3781206574344722,1890970.0,0.03556075598402569,-0.007987179813293332,0
2019-11-14,396.0,398.1,388.1,389.99,1232600,390.534,382.927,366.533,1.0654811435805234,72.31939915011365,8.831134822536228,5.556540890752318,-0.007987179813293332,0.022098520240316565,0.02175859271489255,-0.05023886577284631,1888090.0,0.02564168312008,-0.003000076925049444,0
2019-11-15,391.98,393.0,386.0,388.82,672000,391.52200000000005,385.53999999999996,367.71349999999995,1.0647474188464663,68.39597097368134,8.872607249038026,6.21975416240946,-0.003000076925049444,0.021152811079769518,0.021802400658179913,-0.45481096868408244,1541930.0,0.0180031891363613,0.045882413456098003,1
2019-11-18,391.0,408.24,390.01,406.66,2250100,393.62,388.223,370.6155,1.0620710682634698,76.59353130319653,10.227121460695685,7.021227622066705,0.045882413456098003,0.02086574410681941,0.02057386866972263,2.348363095238095,1459120.0,0.04482860374760246,0.006344366301086923,1
2019-11-19,412.0,415.01,405.0,409.24,1146600,397.56800000000004,391.693,373.6075,1.064132813179607,81.01008142690968,11.37761411700069,7.8925049210535025,0.006344366301086923,0.019545109326029517,0.020534544704083866,-0.4904226478823164,1364760.0,0.024459974587039367,-0.017471410419313882,0
2019-11-20,410.5,413.64,400.04,402.09,544900,399.36,393.759,376.405,1.0609848434531954,74.27609427609427,11.578967461775335,8.629797429197868,-0.017471410419313882,0.020888216491867145,0.020974905197810832,-0.5247688819117391,1207050.0,0.033823273396503185,-0.046208560272575805,0
2019-11-21,400.99,404.0,382.0,383.51,1541100,398.06399999999996,394.299,378.328,1.05216637415153,59.339673425444104,10.122603644014418,8.928358672161178,-0.046208560272575805,0.026366834302333074,0.024123512330505092,1.828225362451826,1285300.0,0.05736486662668509,0.042658600818753056,1
2019-11-22,381.45,401.5,380.05,399.87,933800,400.274,395.898,381.0805,1.0503659987850338,59.05312612938201,10.171291779455089,9.17694529361996,0.042658600818753056,0.029200091329578647,0.025442923850116237,-0.39406917137109854,1283390.0,0.05364243379098204,0.04128841873608913,1
2019-11-25,398.0,419.15,394.25,416.38,1663000,402.218,397.919,384.15700000000004,1.0470146320384635,67.16160787530762,11.410562634521625,9.623668761800293,0.04128841873608913,0.030298578632969496,0.026119018497622288,0.7808952666523881,1336880.0,0.059801143186512265,-0.025913828714155374,0
2019-11-26,417.49,421.99,400.0,405.59,2706600,401.48799999999994,399.52799999999996,386.9155,1.0376632623919175,59.60254372019076,11.39072569607498,9.97708014865523,-0.025913828714155374,0.031162447698258787,0.026845332835453997,0.6275405892964523,1398850.0,0.05421731305012453,0.0016519144949334041,1
2019-11-27,406.97,409.49,397.3,406.26,962600,402.322,400.841,389.9655,1.0316861363377017,61.42915144133169,11.298822388789745,10.241428596682132,0.0016519144949334041,0.0311247529378404,0.026371614131166978,-0.6443508460799527,1365330.0,0.030005415251316885,0.025156303844828587,1
2019-11-28,407.5,420.0,406.0,416.48,1173400,408.916,403.48999999999995,393.2085,1.0399470001284306,62.77429467084639,11.913327519676841,10.575808381281075,0.025156303844828587,0.03150143594490736,0.026547441031901906,0.21899023478080193,1359410.0,0.03361505954667691,0.009148098348059852,1
2019-11-29,417.5,428.89,417.5,420.29,1107700,413.0,406.63700000000006,396.08849999999995,1.0426962661122452,60.1242444593687,12.562944616301536,10.973235628285167,0.009148098348059852,0.0313049093226968,0.026008823126843446,-0.05599113686722346,1402980.0,0.027100335482642905,0.017963786909038992,1
2019-12-02,423.0,429.5,419.0,427.84,881500,415.29200000000003,408.755,398.489,1.0421667850304526,65.97499999999998,13.531015622303244,11.484791627088782,0.017963786909038992,0.028713901112644397,0.024442510138661683,-0.20420691522975531,1266120.0,0.02454188481675393,-0.027673896783844354,0
2019-12-03,431.5,431.5,415.03,416.0,749200,417.37399999999997,409.431,400.562,1.0419710307018637,58.918961079478976,13.19077477945774,11.825988257562575,-0.027673896783844354,0.030553890824955524,0.02522070885588751,-0.15008508224617134,1226380.0,0.03959134615384622,0.028052884615384688,1
2019-12-04,416.01,430.0,413.0,427.67,1271800,421.65600000000006,411.98900000000003,402.87399999999997,1.0466200350481791,63.77797279508556,13.704822269770148,12.20175506000409,0.028052884615384688,0.03071151671811226,0.025569327007272876,0.6975440469834491,1299070.0,0.039750274744546024,0.017723946033156412,1
2019-12-05,428.0,438.5,426.0,435.25,1059000,425.41,417.163,405.731,1.0485025792951488,66.21725462801257,14.55605808389214,12.672615664781699,0.017723946033156412,0.024525394915181787,0.0254494715554934,-0.16732190596005658,1250860.0,0.02871912693854107,-0.010959218839747265,0
2019-12-06,435.0,436.3,428.5,430.48,538000,427.44800000000004,420.224,408.06100000000004,1.0475100536439406,59.155904059040594,14.67658690596619,13.073409913018597,-0.010959218839747265,0.023144431621873313,0.025695692308621402,-0.49197355996222847,1211280.0,0.018119308678684286,-0.02799200892027509,0
2019-12-09,431.2,437.0,415.2,418.43,801500,425.566,420.429,409.174,1.0400611964592081,53.292726621282696,13.642510206383577,13.187229971691595,-0.02799200892027509,0.02230834632045314,0.026006737560055747,0.4897769516728625,1125130.0,0.05209951485314153,0.024352938364839982,1
2019-12-10,418.43,429.92,415.0,428.62,742600,428.09,422.73199999999997,411.13,1.0412521586846009,59.30289641629849,13.489743445099407,13.247732666373158,0.024352938364839982,0.021280829736558395,0.025979318404483465,-0.07348721147847781,928730.0,0.034809388269329514,-0.010335495310531462,0
2019-12-11,430.52,432.85,421.8,424.19,577600,427.39400000000006,424.525,412.683,1.035647215901794,65.83618810339459,12.862934803693292,13.170773093837187,-0.010335495310531462,0.021866417855616882,0.026182929632101216,-0.2221922973336924,890230.0,0.026049647563591814,-0.008463188665456478,0
2019-12-12,422.0,424.99,418.11,420.6,308400,424.46400000000006,424.937,414.2135,1.0247468998475424,58.960836863490975,11.938877494287453,12.924393973927241,-0.008463188665456478,0.020908629347676896,0.02619474154368129,-0.4660664819944599,803730.0,0.016357584403233465,0.00932001902044699,1
2019-12-13,417.0,430.0,417.0,424.52,566300,423.27200000000005,425.35999999999996,415.9985,1.017484438044849,53.948389600310435,11.391551938550208,12.617825566851835,0.00932001902044699,0.020915976827597223,0.026163574212858837,0.8362516212710764,749590.0,0.030622821068500897,0.019739941581079723,1
2019-12-16,425.0,434.9,425.0,432.9,783100,426.166,425.866,417.31050000000005,1.0212204102221247,63.56412039336447,11.501407392732744,12.394541932028016,0.019739941581079723,0.02108104948081373,0.02460587459829916,0.3828359526752605,739750.0,0.022869022869022818,-0.016447216447216473,0
2019-12-17,434.0,436.0,416.02,425.78,1319200,425.59800000000007,426.84400000000005,418.1375,1.0178422169740817,59.11127707244213,10.888429103072497,12.093319366236912,-0.016447216447216473,0.019609660987206748,0.02498807761638216,0.6845868982250032,796750.0,0.0469256423505097,-0.012001503123678758,0
2019-12-18,423.9,425.0,419.5,420.67,1010200,424.89400000000006,426.14400000000006,419.0665,1.0139059075349617,52.053720223507504,9.876455467548737,11.649946586499278,-0.012001503123678758,0.017819147785575272,0.024789670939311576,-0.23423286840509394,770590.0,0.013074381344046402,-0.014762165117550685,0
2019-12-19,420.67,422.99,407.0,414.46,1989100,423.666,424.06499999999994,420.61400000000003,1.0072560589994626,47.20812182741115,8.475661816154911,11.015089632430405,-0.014762165117550685,0.016859178151900137,0.02241792425209745,0.9690160364284299,863600.0,0.038580321382039304,0.006924673068571252,1
2019-12-20,417.01,419.0,413.07,417.33,724000,422.22799999999995,422.75,421.48699999999997,1.0017580613399701,44.7307730873358,7.510531042941409,10.314177914532607,0.006924673068571252,0.017075058301151493,0.020529679535364137,-0.6360162887738173,882200.0,0.014209378669158716,-0.008913809215728485,0
2019-12-23,421.0,425.0,412.0,413.61,425200,418.37,422.2679999999999,421.34849999999994,0.9929310297770138,48.69555725357495,6.3720322201338035,9.525748775652847,-0.008913809215728485,0.014894858804364364,0.018483868226610148,-0.412707182320442,844570.0,0.03143057469596963,0.018495684340320562,1
2019-12-24,415.1,422.0,410.0,421.26,478500,417.466,421.532,422.13199999999995,0.9889465854282549,46.34090649617534,6.017686621408359,8.82413634480395,0.018495684340320562,0.013864040649520135,0.01788647046636055,0.1253527751646284,818160.0,0.028485970659450223,0.006789156340502256,1
2019-12-26,421.0,425.0,421.0,424.12,435800,418.15599999999995,421.525,423.025,0.988490041959695,43.284662724749595,5.899635948658727,8.239236265574906,0.006789156340502256,0.013728177647686893,0.017917327197896887,-0.08923719958202714,803980.0,0.00943129303027445,-0.008535320192398443,0
2019-12-27,424.89,426.9,418.35,420.5,803500,419.3639999999999,421.515,423.226,0.9908748517340615,43.89378365149288,5.4511388580581865,7.681616784071562,-0.008535320192398443,0.013733176353039596,0.017226386768332817,0.8437356585589719,853490.0,0.02033293697978586,0.024423305588584965,1
2019-12-30,424.0,435.0,423.0,430.77,973500,422.052,422.14,423.75,0.9959929203539823,57.7182887165374,5.8568902673249,7.31667148072223,0.024423305588584965,0.01557199908287841,0.017947848731900536,0.21157436216552572,894210.0,0.02785709311233373,-0.005501775889685923,0
2019-12-31,432.09,434.0,426.15,428.4,461900,425.00999999999993,421.68999999999994,423.77799999999996,1.0029071825342513,49.84747642817525,5.918981653305082,7.037133515238802,-0.005501775889685923,0.014292956914973344,0.01757004924706109,-0.5255264509501798,862090.0,0.01832399626517279,0.020028011204481944,1
2020-01-01,430.0,440.0,426.0,436.98,461600,428.154,422.81000000000006,424.82700000000006,1.007831423144009,58.384685984004214,6.584620412653635,6.946630894721769,0.020028011204481944,0.014551356988332263,0.016806511874897317,-0.0006494912318684154,776330.0,0.032038079545974645,0.0499794040917203,1
2020-01-02,440.01,458.82,440.01,458.82,949200,435.09399999999994,426.625,426.3845,1.0204263991772682,70.21794329242488,8.773316074107242,7.311967930598865,0.0499794040917203,0.019836522687547126,0.019111545191897287,1.0563258232235704,770230.0,0.04099646920360926,0.010112898304345919,1
2020-01-03,468.0,475.9,459.0,463.46,1472500,443.686,431.525,427.79499999999996,1.037146296707535,70.44309113817725,10.758267762435821,8.001227896966256,0.010112898304345919,0.018016804612976438,0.018891974585782328,0.551306363253266,718570.0,0.03646485133560604,-0.03959349242653076,0
2020-01-06,458.99,459.0,443.0,445.11,1079700,446.554,434.303,428.52649999999994,1.0420685768558071,55.80268035357857,10.727010335770899,8.546384384727185,-0.03959349242653076,0.024229277471916555,0.020998102566764706,-0.26675721561969434,754140.0,0.03594617060951225,0.046977151715306364,1
2020-01-07,452.0,467.36,452.0,466.02,1240100,454.078,439.544,430.90600000000006,1.0537750692726486,66.9075630252101,12.248309954927777,9.286769498767304,0.046977151715306364,0.02655481467274986,0.02204986332174811,0.14855978512549783,835630.0,0.03295995880005153,0.023625595468005578,1
2020-01-08,466.01,487.5,465.0,477.03,2834900,462.0879999999999,445.121,433.3265,1.0663737389704988,72.56204963971177,14.178920084410436,10.26519961589593,0.023625595468005578,0.0267363570185563,0.022017933811495683,1.2860253205386663,1071270.0,0.047166844852525,0.044860910215290595,1
2020-01-09,500.0,500.0,490.0,498.43,1361200,470.00999999999993,452.552,437.0385,1.0754430101695844,79.97001927332431,17.237045740450583,11.65956884080686,0.044860910215290595,0.028437063220854795,0.023336111706782778,-0.5198419697343821,1163810.0,0.020062997813133237,-0.009489797965612112,0
2020-01-10,501.0,503.5,491.2,493.7,697300,476.058,459.872,440.6935,1.0802473828182173,76.90031701303278,19.059257627770364,13.139506598199564,-0.009489797965612112,0.028532385349618133,0.02337614218692457,-0.48773141345871285,1153190.0,0.02491391533319832,-0.007676726757139929,0
2020-01-13,494.0,494.99,487.01,489.91,261100,485.01800000000003,465.78599999999994,443.963,1.0924739223764142,76.86241374454303,19.967380814385308,14.505081441436714,-0.007676726757139929,0.029341434211190984,0.023644584522607582,-0.6255557149003299,1081950.0,0.016288706088873502,-0.004408973076687639,0
2020-01-14,491.5,495.0,486.5,487.75,248400,489.36400000000003,471.721,446.7054999999999,1.0954958020440764,74.34995971581338,20.27901714789408,15.659868582728187,-0.004408973076687639,0.02926543081626942,0.02360060166679231,-0.048640367675220175,1060600.0,0.01742696053305997,-0.0034033828805740685,0
2020-01-15,488.0,491.55,485.0,486.09,352200,491.17600000000004,476.63199999999995,449.721,1.0921793734337513,72.89588413507721,20.15965510551041,16.55982588728463,-0.0034033828805740685,0.029615412286681252,0.02311577879311783,0.4178743961352658,1049660.0,0.013474870908679487,0.0015223518278508763,1
2020-01-16,487.1,490.99,485.11,486.83,194200,488.85599999999994,479.433,453.029,1.0790832374969372,75.039637599094,19.895429515545914,17.22694661293689,0.0015223518278508763,0.026328711464906254,0.022728428500911866,-0.44860874503123227,974160.0,0.012078138159110975,0.004786064950804247,1
2020-01-17,486.01,492.0,485.5,489.16,227300,487.94800000000004,482.003,456.76399999999995,1.0682715800719849,73.44791583005382,19.647555568815335,17.711068404112577,0.004786064950804247,0.02629579878289117,0.022129833209276573,0.17044284243048402,849640.0,0.013288085697931147,-0.011897947501840034,0
2020-01-20,489.0,491.0,481.05,483.34,114100,486.634,485.826,460.06449999999995,1.0577516848181072,71.46764613941855,18.765175062757862,17.921889735841635,-0.011897947501840034,0.022119870694557217,0.022597888568141933,-0.4980202375714914,753080.0,0.020585922952786835,-0.004489593246989609,0
2020-01-21,484.0,485.0,477.55,481.17,149900,485.31800000000004,487.341,463.4425,1.047202187973697,68.17770464829289,17.686897742482017,17.874891337169714,-0.004489593246989609,0.017719655098429998,0.02244879687662129,0.3137598597721296,644060.0,0.015483093293430571,0.03075835983124464,1
2020-01-22,482.0,498.0,481.1,495.97,993700,487.294,489.235,467.17800000000005,1.0430585344344123,66.22129071696796,17.821160266568086,17.86414512304939,0.03075835983124464,0.018740948548960565,0.0229179899723026,5.629086057371581,459940.0,0.034074641611387735,-0.01012157993427032,0
2020-01-23,498.0,516.85,488.0,490.95,3036800,488.11800000000005,488.48699999999997,470.5195,1.0374022755698755,61.96361737313952,17.32280571687403,17.755877241814318,-0.01012157993427032,0.012448462378817712,0.02329114501517465,2.056053134748918,627500.0,0.05876362155005606,0.011141664120582595,1
2020-01-24,491.0,498.49,485.5,496.42,630500,489.57000000000005,488.759,474.3155,1.0321610826548997,75.14949514753452,17.171299380596622,17.63896166957078,0.011141664120582595,0.012674115449671335,0.022987404517340278,-0.7923801369863014,620820.0,0.02616735828532293,-0.00932677974295959,0
2020-01-27,497.01,502.5,490.0,491.79,551200,491.26000000000005,488.947,477.3665,1.0291044721403786,65.02974454683307,16.487568782309893,17.408683092118604,-0.00932677974295959,0.0128042210279764,0.02300205149808012,-0.12577319587628866,649830.0,0.025417352935195914,-0.004575123528335223,0
2020-01-28,492.49,497.0,485.25,489.54,503800,492.934,489.12600000000003,480.4235,1.026040566292032,58.12654280888658,15.584502714907899,17.043847016676462,-0.004575123528335223,0.012811341206778662,0.02297668780897792,-0.08599419448476053,675370.0,0.024002124443354984,-0.027495199575111373,0
2020-01-29,487.5,488.49,474.0,476.08,789500,488.956,488.125,482.3785,1.01363555796952,33.81138635375926,13.625638955947238,16.360205404530618,-0.027495199575111373,0.015580285423714533,0.023987104502323657,0.5670901151250496,719100.0,0.030436061166190576,0.02367249201814836,1
2020-01-30,474.1,490.0,468.8,487.35,832900,488.23600000000005,488.177,483.805,1.0091586486290964,45.79859732698164,12.834670039884656,15.655098331601426,0.02367249201814836,0.017578319434473633,0.022005059933897033,0.05497150094996828,782970.0,0.04350056427618752,-0.021504052528983353,0
2020-01-31,486.0,490.0,475.1,476.87,509400,484.326,486.94800000000004,484.4755,0.9996914188643182,42.07391198638465,11.232689606617612,14.770616586604664,-0.021504052528983353,0.018750618389189778,0.02261327744352927,-0.38840196902389246,811180.0,0.031245412795940144,-0.03508293664940132,0
2020-02-03,466.0,471.9,457.0,460.14,888400,477.996,484.628,485.22700000000003,0.9850976965420307,35.743054838376565,8.514981978199046,13.519489664923542,-0.03508293664940132,0.021315702310775588,0.02219880090906339,0.7440125638005497,888610.0,0.03238144912417955,0.02218889903072996,1
2020-02-04,463.19,474.5,463.19,470.35,592700,474.158,483.546,485.44350000000003,0.9767521864027431,42.531789713418156,7.103159967578222,12.23622372545448,0.02218889903072996,0.022951998928052893,0.02014630612544974,-0.33284556506078344,932890.0,0.02404592324864463,0.0024875093015839234,1
2020-02-06,472.95,475.0,468.0,471.52,2325300,473.246,481.10099999999994,485.16799999999995,0.9754270685618178,42.76533408940555,6.009417253073821,10.990862430978348,0.0024875093015839234,0.02001750708107734,0.019419110167621875,2.923232664079636,1066050.0,0.01484560570071259,-0.005747370206990121,0
2020-02-07,477.0,477.01,466.5,468.81,471900,469.538,478.887,483.687,0.9707476115752542,40.41811846689896,4.86783059922476,9.76625606462763,-0.005747370206990121,0.01993742532062295,0.016249124577268282,-0.7970584440717327,809560.0,0.022418463769970757,-0.01685117638275624,0
2020-02-10,466.98,466.98,458.5,460.91,494600,466.346,475.33599999999996,482.0475,0.9674274838060565,39.64163664911797,3.2877518180128504,8.470555215304675,-0.01685117638275624,0.019468744840421475,0.01648709210933287,0.04810341173977539,795970.0,0.018398385802000428,0.023974311687747996,1
2020-02-11,462.0,479.45,460.5,471.96,757600,468.71000000000004,473.35299999999995,481.15,0.9741452769406631,46.06914212548014,2.893812581245527,7.355206688492845,0.023974311687747996,0.021779866408364063,0.01753099095031429,0.5317428224828145,816610.0,0.04015170777184505,0.04303330790744986,1
2020-02-12,480.0,495.0,472.1,492.27,1082200,473.09399999999994,473.62600000000003,481.37600000000003,0.9827951538921755,48.491765856840026,4.172363748094597,6.718638100413196,0.04303330790744986,0.02634017893331602,0.02016032591274819,0.4284582893347413,874450.0,0.04651918662522595,-0.014829260365246677,0
2020-02-13,495.0,497.0,483.0,484.97,555000,475.784,474.515,481.32,0.9884982963516995,47.60685128861855,4.544193138097739,6.283749107950105,-0.014829260365246677,0.025100124403799273,0.020441271339956067,-0.4871557937534652,851000.0,0.028867765016392766,-0.000433016475245962,0
2020-02-14,486.0,488.79,481.0,484.76,165700,478.974,474.256,481.2165,0.9953399353513439,45.128676470588225,4.766974647210191,5.980394215802122,-0.000433016475245962,0.02393214922243938,0.020438696698349666,-0.7014414414414414,784280.0,0.016069807739912578,-0.00249608053469752,0
2020-02-17,485.5,487.0,478.81,483.55,175800,483.50199999999995,474.924,480.93600000000004,1.0053354292463028,46.45621881988646,4.790669850677773,5.7424493427772525,-0.00249608053469752,0.022786234950421227,0.02041350412699109,0.060953530476765216,750920.0,0.0169372350325716,-0.004529004239478884,0
2020-02-18,484.0,487.01,479.05,481.36,234300,485.38199999999995,477.046,480.837,1.009452267608358,46.4802065404475,4.579939085865362,5.509947291394875,-0.004529004239478884,0.019061283988412846,0.02026059590645616,0.3327645051194539,685510.0,0.01653647997340863,0.01182067475486126,1
2020-02-19,483.0,489.5,482.0,487.05,357500,484.338,478.716,481.13100000000003,1.0066655443112167,55.05856312828554,4.81654673068914,5.371267179253729,0.01182067475486126,0.01826857261887119,0.02039863285148945,0.5258215962441315,661990.0,0.01539882968894364,-0.006939739246483945,0
2020-02-20,487.99,488.9,483.0,483.67,218500,484.0780000000001,479.93100000000004,480.51599999999996,1.0074128645039917,48.1698826337776,4.677404039531723,5.232494551309328,-0.006939739246483945,0.018575486900560278,0.01919106970076499,-0.3888111888111888,451310.0,0.012198399735356705,0.013066760394483845,1
2020-02-21,482.0,492.65,482.0,489.99,466000,485.12399999999997,482.049,480.468,1.0096905517120807,56.806391367503636,5.019244904983566,5.189844622044175,0.013066760394483845,0.018577593939260527,0.019316165262561715,1.1327231121281462,450720.0,0.021735137451784684,-0.02689850813281902,0
2020-02-24,490.25,490.25,472.5,476.81,410000,483.776,483.639,479.4875,1.0089439245027243,58.978778412151264,4.178473561334954,4.987570409902331,-0.02689850813281902,0.0200767498159797,0.020029196540864495,-0.12017167381974247,442260.0,0.03722656823472662,0.0032297980327593567,1
2020-02-25,476.5,483.89,472.51,478.35,1202100,483.174,484.2780000000001,478.8155,1.0091026710705897,54.75285171102662,3.5949806446719776,4.70905245685626,0.0032297980327593567,0.018763787196129533,0.0199783456885384,1.9319512195121953,486710.0,0.023790111842792925,-0.014529110483955332,0
2020-02-26,480.0,480.0,467.1,471.4,869300,480.044,482.191,477.9085,1.004468428579948,49.93328885923949,2.5424436798257943,4.275730701450167,-0.014529110483955332,0.012335936373427465,0.020189839977260107,-0.2768488478495965,465420.0,0.02736529486635549,0.01177344081459486,1
2020-02-27,465.01,487.0,453.02,476.95,2328400,478.7,481.389,477.95200000000006,1.0015650107123726,54.386721276137095,2.1315677822417456,3.8468981176084824,0.01177344081459486,0.012665951374037018,0.019444198200511856,1.678476935465317,642760.0,0.07124436523744632,0.025453401824090616,1
2020-02-28,473.5,496.0,472.0,489.09,1250000,478.52,481.822,478.03900000000004,1.0010061940552966,64.52277880849307,2.7537981441659554,3.628278122919977,0.025453401824090616,0.015300738240735905,0.019560738478448716,-0.4631506613983851,751190.0,0.049070723179782866,0.05256701220634241,1
2020-03-02,495.0,517.99,490.01,514.8,1451100,486.11800000000005,484.947,479.93549999999993,1.012881939343933,69.17979942693408,5.260858420383897,3.954794182412761,0.05256701220634241,0.02223931881517983,0.02205629939022376,0.1608799999999999,878720.0,0.05435120435120439,-0.022144522144522116,0
2020-03-03,520.0,520.95,501.51,503.4,1067700,491.128,487.151,482.09849999999994,1.0187295749727494,55.41500437870974,6.255724922601587,4.414980330450526,-0.022144522144522116,0.023849473929658534,0.021012762602300925,-0.26421335538556956,962060.0,0.03861740166865327,0.003873659117997752,1
2020-03-04,507.0,516.9,500.0,505.35,946300,497.91799999999995,488.98100000000005,483.84849999999994,1.0290783168698467,60.45986450420858,7.119443977927631,4.955873059945947,0.003873659117997752,0.023719365008136945,0.02060607717106784,-0.11370235084761637,1020940.0,0.033442168793905165,0.06213515385376467,1
2020-03-05,509.0,540.72,509.0,536.75,2140000,509.878,494.28900000000004,487.11,1.0467409825296135,70.2122696524376,10.21985698163985,6.008669844284729,0.06213515385376467,0.029540793962033175,0.02437824385737156,1.261439289865793,1213090.0,0.05909641360037266,-0.01304145319049832,0
2020-03-06,529.1,550.0,526.0,529.75,1749800,518.01,498.26500000000004,490.157,1.056824650061103,67.1875,11.974085323788756,7.201752940185534,-0.01304145319049832,0.03046271241502861,0.02462873830987296,-0.1823364485981308,1341470.0,0.045304388862671074,0.06931571495988686,1
2020-03-09,518.05,566.83,496.0,566.47,1744400,528.344,507.23099999999994,495.43499999999995,1.0664244552766762,75.19090747646953,16.14125470497339,8.989653293143107,0.06931571495988686,0.03320180552596894,0.0276913658155924,-0.003086066979083313,1474910.0,0.1250375130192244,-0.01188059385316087,0
2020-03-10,578.0,583.0,556.0,559.74,1211200,539.612,515.37,499.82400000000007,1.0796040206152564,71.38318526798845,18.685318981343357,10.928786430783157,-0.01188059385316087,0.03426849337892888,0.027947567011479293,-0.3056638385691355,1475820.0,0.048236681316325435,-0.008468217386643828,0
2020-03-11,559.0,573.98,550.25,555.0,1030300,549.542,523.73,502.9605,1.092614628782976,70.81655285122277,20.08747396731593,12.760523938089712,-0.008468217386643828,0.03371068118464334,0.0269961360308008,-0.14935601056803172,1491920.0,0.04275675675675679,-0.06837837837837846,0
2020-03-12,550.06,552.98,516.15,517.05,1628100,545.6020000000001,527.74,504.56450000000007,1.081332515466308,56.66633819471815,17.929760933906266,13.794371337253022,-0.06837837837837846,0.04325728492354993,0.03148907649295182,0.580219353586334,1421890.0,0.07123102214486035,-0.034851561744512094,0
2020-03-13,495.0,512.0,480.86,499.03,3978100,539.458,528.734,505.2780000000001,1.0676459295674854,55.346487006737235,14.597424387116291,13.954981947225676,-0.034851561744512094,0.04487322528834323,0.032644702014991,1.4434002825379277,1694700.0,0.06240105805262206,-0.07498547181532167,0
2020-03-16,478.0,480.4,461.61,461.61,1293100,518.486,523.415,504.1809999999999,1.0283727470888433,46.565167432698615,8.8351957605758,12.931024709895702,-0.07498547181532167,0.04725587935702248,0.036910266063733585,-0.6749453256579774,1678900.0,0.04070535733627946,-0.060830571261454525,0
2020-03-17,461.0,472.0,427.0,433.53,4623300,493.244,516.428,501.78950000000003,0.9829699505469923,42.84959027227069,1.9799431812568287,10.740808404167927,-0.060830571261454525,0.049885246804052805,0.03921481421281498,2.575361534297425,2034460.0,0.10379904504878555,-0.0749890434341337,0
2020-03-18,421.0,421.0,401.02,401.02,927400,462.448,505.995,497.488,0.9295661402888109,36.98803852349453,-6.006934972696797,7.391259728794982,-0.0749890434341337,0.05293671200356633,0.042018962862261464,-0.7994073497285489,2032570.0,0.04982295147374201,-0.07358735225175794,0
2020-03-19,370.95,386.0,370.95,371.51,2335800,433.34,489.4709999999999,491.87999999999994,0.880987232658372,30.98272627288607,-14.550079566561351,3.0029918697237163,-0.07358735225175794,0.046031876071393196,0.044434834751651726,1.5186543023506576,2052150.0,0.04051034965411432,0.0032031439261392958,1
2020-03-20,382.0,382.61,345.51,372.7,3065200,408.074,473.76599999999996,486.0155,0.8396316578380731,25.036891293654705,-20.98268482310408,-1.7941434688418427,0.0032031439261392958,0.04717206029193397,0.044194211456730144,0.312269886120387,2183690.0,0.09954386906359008,-0.0749932921921116,0
2020-03-24,344.75,353.0,344.75,344.75,541722,384.702,451.59400000000005,479.4125,0.8024446588272104,23.66105521798322,-28.012985980530914,-7.037911971179657,-0.0749932921921116,0.031766312441134266,0.04626996750310818,-0.823266997259559,2063422.2,0.023930384336475707,-0.07498187092095732,0
2020-03-25,358.0,360.0,318.9,318.9,1854927,361.77599999999995,427.51000000000005,471.43999999999994,0.7673850330901069,21.321561509828655,-35.26392864255445,-12.683115305454617,-0.07498187092095732,0.030018757407595836,0.04791885126628972,2.424130827250878,2127794.9,0.12888052681091258,-0.026967701473816108,0
2020-03-26,315.0,329.99,305.0,310.3,1406101,343.63199999999995,403.04,463.38500000000005,0.7415691056033318,12.54176729414101,-41.22903837898252,-18.392299920160198,-0.026967701473816108,0.02733113736981173,0.04793893614159992,-0.24196423902396158,2165375.0,0.08053496616177895,0.06793425717048018,1
2020-03-27,310.0,333.57,305.0,331.38,1085735,335.606,384.47299999999996,456.1065,0.7358062206962629,18.647068120752323,-43.75111537044063,-23.464063010216286,0.06793425717048018,0.047268049219610656,0.05139306626959713,-0.22783996313209365,2111138.5,0.08621522119620977,0.06804876576739693,1
2020-03-30,333.0,356.23,321.0,353.93,1375298,331.852,369.963,449.34849999999994,0.7385180989810805,14.832219207095108,-43.429653009099354,-27.4571810099929,0.06804876576739693,0.05889078170675708,0.054049350894449864,0.26669767484699314,1850858.3,0.09953945695476511,0.04738225072754498,1
2020-03-31,354.0,378.5,345.02,370.7,1480451,337.04200000000003,360.87199999999996,442.1435,0.7622909756674021,19.726474921529686,-41.34509243529527,-30.234763295053376,0.04738225072754498,0.06166407157519974,0.05372142180239565,0.07645833848373229,1869593.4,0.09031561909900195,-0.016913946587537088,0
2020-04-01,368.75,373.68,362.0,364.43,1735956,346.148,353.962,435.195,0.7953859764013833,19.630278884462143,-39.74089150214053,-32.13598893647081,-0.016913946587537088,0.05997195713235697,0.05369707690750244,0.17258592145231422,1580859.0,0.03205005076420714,0.07499382597480997,1
2020-04-02,361.0,391.76,353.0,391.76,5106471,362.44,353.036,429.5155,0.8438345065544783,29.333949130735988,-35.85098032656754,-32.87898721449015,0.07499382597480997,0.06217927632168543,0.05722713927057017,1.9415901094267367,1998766.1,0.09893812538288746,0.04842250357361655,1
2020-04-03,400.0,415.0,400.0,410.73,3535350,378.31,356.95799999999997,423.21450000000004,0.8938965938076318,35.48079452775586,-30.8814945869982,-32.479488688991765,0.04842250357361655,0.05810038441531908,0.056379494097267675,-0.3076725589942644,2118721.1,0.03652034183039953,-0.04677038443746506,0
2020-04-06,420.0,425.0,384.19,391.52,3286853,385.828,358.84000000000003,416.303,0.9267961076427506,37.74093119250008,-28.16851864189971,-31.617294679573355,-0.04677038443746506,0.06098180961832707,0.056921117172314524,-0.07028922171779317,2140886.4,0.10423477727829997,0.04574478953821015,1
2020-04-07,393.01,414.9,393.01,409.43,1820300,393.574,365.308,408.45099999999996,0.9635770263752569,45.62930721799057,-24.29324097959295,-30.152483939577277,0.04574478953821015,0.054652825628539195,0.05533897260879822,-0.44618758429415617,2268744.2,0.05346457269862977,-0.027013164643528764,0
2020-04-08,407.9,407.9,395.57,398.37,1387641,400.36199999999997,373.255,400.3825,0.9999487989609935,49.47885939036382,-21.862487928160704,-28.494484737293966,-0.027013164643528764,0.047101208260584185,0.05540262337428258,-0.23768554633851557,2222015.6,0.03095112583778895,0.029043351658006422,1
2020-04-09,406.0,416.0,406.0,409.94,1634291,403.998,383.219,393.1295,1.0276461064356655,58.13126824933351,-18.78594365221619,-26.552776520278414,0.029043351658006422,0.043637758039898715,0.05627768286768847,0.17774770275597218,2244834.6,0.02439381372883837,0.0068058740303460485,1
2020-04-10,406.01,415.0,402.0,412.73,997913,404.398,391.35400000000004,387.9135,1.042495298565273,58.4128451935606,-15.938896784712995,-24.43000057316533,0.0068058740303460485,0.04183563618548583,0.0549153011047127,-0.3893908734735736,2236052.4,0.031497589222978704,-0.03203062534829071,0
2020-04-13,406.0,411.94,396.0,399.51,843918,405.996,395.912,382.9375,1.0602147870083238,62.26812438390536,-14.581251554792175,-22.460250769490703,-0.03203062534829071,0.04182536088297161,0.05485106236084724,-0.15431705970360143,2182914.4,0.03989887612325098,0.01999949938674872,1
2020-04-14,400.2,409.0,400.2,407.5,828354,405.61,399.592,380.23199999999997,1.0667434618864273,71.57607636859537,-12.714022368332337,-20.51100508925903,0.01999949938674872,0.04018607015987035,0.052973930312584246,-0.018442550105578936,2117704.7,0.021595092024539905,0.01526380368098157,1
2020-04-15,419.0,424.9,410.67,413.72,1561463,408.67999999999995,404.521,379.2415,1.0776246797884725,75.48043756775401,-10.610022038560885,-18.5308084791194,0.01526380368098157,0.03904328697111451,0.05145439164584922,0.8850189653215896,2100255.4,0.03439524315962477,-0.010828579715749798,0
2020-04-16,412.0,412.98,404.5,409.24,893371,408.54,406.269,379.65250000000003,1.0760893185215428,70.89191799935601,-9.198055717075476,-16.664257926710615,-0.010828579715749798,0.03297131259021213,0.04851963504909064,-0.4278628440123141,1678945.4,0.02072133711269675,0.07499266933828563,1
2020-04-17,439.93,439.93,433.0,439.93,897063,413.98,409.189,383.0735,1.0806803394126714,72.11024269847798,-5.538788021130131,-14.439163945594519,0.07499266933828563,0.037615115646979565,0.047682441623094346,0.004132661570612983,1415116.7,0.015752506080512825,0.0723751505921395,1
2020-04-20,472.92,472.92,452.02,471.77,4725530,428.43199999999996,417.21400000000006,388.027,1.1041293518234556,74.11596277738009,-0.06877728474984224,-11.565086613425585,0.0723751505921395,0.03737658034248539,0.04966405549123047,4.267779409027014,1558984.4,0.04430124848973024,-0.02552091061322248,0
2020-04-21,463.0,483.9,451.0,459.73,3356388,438.87800000000004,422.24399999999997,393.776,1.1145371988135386,72.12985324168679,3.2571716088215226,-8.600634968976165,-0.02552091061322248,0.03857758006732628,0.046157628031588,-0.28973300349378794,1712593.2,0.07156374393665842,0.02088182193896415,1
2020-04-22,465.1,478.0,462.0,469.33,2506634,450.0,429.34,401.2975,1.121362580130701,69.62902980920086,6.591665225051884,-5.562174930170555,0.02088182193896415,0.036043126801323176,0.040951000574879104,-0.2531751394654015,1824492.5,0.03409115121556261,-0.023799884942364513,0
2020-04-23,472.0,472.0,452.01,458.16,1280950,459.784,434.162,408.69050000000004,1.1250175866578742,62.49538964118236,8.237987400445434,-2.802142464047358,-0.023799884942364513,0.03792198047109999,0.040764288205533246,-0.4889760531453734,1789158.4,0.043631045922821736,-0.00458355159769519,0
2020-04-24,458.0,462.48,453.5,456.06,594229,463.01000000000005,438.495,414.92449999999997,1.1158897582572254,68.68774611999073,9.266439390848404,-0.3884260930682055,-0.00458355159769519,0.0382586420230689,0.03952472864743507,-0.5361028923845583,1748790.0,0.0196903916151384,-0.029447879664956433,0
2020-04-27,445.0,445.0,428.15,442.63,1382491,457.18199999999996,442.80699999999996,419.3595,1.0901911128757067,59.869203329369796,8.89526713955911,1.4683125534572574,-0.029447879664956433,0.037945752942600094,0.03888162805833924,1.3265289980798647,1802647.3,0.038067912251767894,0.026297358967986684,1
2020-04-28,444.0,458.89,443.01,454.27,845611,456.09,447.48400000000004,423.538,1.0768573303930224,66.56001895959236,9.4316391120297,3.060977865171746,0.026297358967986684,0.03816457725837142,0.03814929505584292,-0.3883424919221897,1804373.0,0.034957184053536434,0.02978404913377508,1
2020-04-29,457.98,469.5,457.97,467.8,1249473,455.784,452.892,428.70649999999995,1.0631609271144713,66.94389129670844,10.823706735908047,4.613523639319006,0.02978404913377508,0.03859482053980047,0.03778496940320612,0.4775978552786091,1773174.0,0.024647285164600196,0.0056434373663958315,1
2020-04-30,473.0,479.99,466.0,470.44,1339809,458.23999999999995,459.012,432.6405,1.0591703735549491,66.91482501905153,12.001609213466281,6.091140754148462,0.0056434373663958315,0.03780760014400221,0.03488986705824623,0.07229928137702846,1817817.8,0.02973811750701473,-0.018960972706402512,0
2020-05-04,463.0,465.0,457.0,461.52,915348,459.332,461.171,435.18,1.0554988740291373,68.64513801190691,12.076129852995166,7.288138573917804,-0.018960972706402512,0.03244270176464445,0.0342069797930364,-0.31680709713100896,1819646.3,0.01733402669440111,-0.0014300572022880598,0
2020-05-05,468.0,468.0,458.0,460.86,1009749,462.97799999999995,460.08000000000004,438.64700000000005,1.0554682922714618,66.78409662808255,11.944245683361089,8.21935999580646,-0.0014300572022880598,0.022284437810745877,0.03192443999162838,0.1031312681078671,1448068.2,0.021698563555092653,-0.018118300568502388,0
2020-05-06,458.25,460.0,451.01,452.51,431139,462.62600000000003,459.358,440.80099999999993,1.0495121381303585,62.039853498044565,11.038704004207716,8.783228797486712,-0.018118300568502388,0.02153068811401292,0.03120577028666766,-0.5730235929919217,1155543.3,0.019866964265983094,-0.0254580009281562,0
2020-05-07,450.0,455.0,439.0,440.99,1308908,457.264,456.524,442.9320000000001,1.0323571112495822,59.442098376256475,9.284462472059658,8.883475532401302,-0.0254580009281562,0.02119268780610743,0.031122401400176025,2.0359304075947664,1035770.7,0.036282001859452594,-0.013242930678700304,0
2020-05-08,443.12,446.0,432.01,435.15,711563,450.20599999999996,454.22299999999996,444.1925,1.0135380493817432,48.33193746510329,7.338381927247781,8.574456811370599,-0.013242930678700304,0.02045810131766526,0.030877445125647173,-0.4563689732204249,978832.0,0.03214983339078481,-0.003952660002297992,0
2020-05-11,435.0,437.99,432.0,433.43,286408,444.588,451.96000000000004,445.2275000000001,0.9985636556591854,33.0593849416755,5.592838686415121,7.9781331863795035,-0.003952660002297992,0.02046033537188658,0.030909255307634453,-0.5974945296481127,948049.9,0.013819994001338183,0.03998338832106674,1
2020-05-12,444.0,453.0,444.0,450.76,1562424,442.56800000000004,452.77299999999997,447.78999999999996,0.9883382835704239,46.2135922330097,5.543961917256638,7.491298932554931,0.03998338832106674,0.022842198584386787,0.03082119131950722,4.455238680483785,966043.2,0.019966279172952347,0.01018280237820579,1
2020-05-13,450.0,461.4,448.0,455.35,1412713,443.1360000000001,452.881,450.1825,0.9843474590860375,43.83815232722146,5.808642945212114,7.154767735086367,0.01018280237820579,0.021469048846366696,0.03067259939721454,-0.09581970067024059,1022753.4,0.029427912594707315,-0.0074667837926870595,0
2020-05-14,457.0,458.78,449.15,451.95,431107,445.328,451.296,452.09400000000005,0.9850340858317074,47.06160688937256,5.678593688536694,6.859532925776433,-0.0074667837926870595,0.01888912447542353,0.03073246101775779,-0.6948375218462632,940916.8,0.021307666777298364,0.014625511671645164,1
2020-05-15,450.01,459.88,450.01,458.56,344859,450.01000000000005,450.108,454.55999999999995,0.9899903203097503,51.134507170085314,6.039283374178012,6.69548301545675,0.014625511671645164,0.019562262783861396,0.030574934578814883,-0.20006170161931958,841421.8,0.021523900907187726,-0.01711880669923238,0
2020-05-18,465.97,466.0,449.0,450.71,430142,453.466,449.02700000000004,455.09900000000005,0.9964117697468022,53.8623326959847,5.626840439860814,6.481754500337563,-0.01711880669923238,0.019396785352918874,0.026295503585672505,0.24729817113660935,792901.2,0.03771826673470746,0.011537352177675375,1
2020-05-19,451.9,459.98,445.15,455.91,931273,454.496,448.532,454.30600000000004,1.0004182203184637,50.83537082314591,5.654392665796195,6.31628213342929,0.011537352177675375,0.01988135196950482,0.020563264768011888,1.1650361973487824,785053.6,0.03252834989361944,0.002851439977188397,1
2020-05-20,456.0,465.0,452.15,457.21,1147029,454.86800000000005,449.00199999999995,454.18,1.0015148179136026,43.838007680670295,5.715245348044107,6.196074776352254,0.002851439977188397,0.018947773416132983,0.019783378008373296,0.23167857330771957,856642.6,0.02810524704184078,-0.010148509437676312,0
2020-05-21,456.0,458.85,451.2,452.57,540727,454.992,450.16,453.342,1.003639636301071,39.83850790401457,5.3276484996852105,6.022389521018845,-0.010148509437676312,0.017081648216891503,0.019262034982165048,-0.528584717561631,779824.5,0.016903462447798206,-0.006871865125836929,0
2020-05-28,452.57,453.7,446.01,449.46,380605,453.172,451.591,452.90700000000004,1.0005851090842048,42.657087189478816,4.71517064413689,5.760945745642455,-0.006871865125836929,0.016529802345888474,0.018597561798545704,-0.2961235521806753,746728.7,0.01710942019312063,0.024184577048013134,1
2020-05-29,448.1,462.0,448.1,460.33,930336,455.096,454.28100000000006,453.1205,1.0043597674349318,49.71298602837646,5.048697445127402,5.618496085539444,0.024184577048013134,0.017511912844000437,0.019384948353909363,1.4443609516427793,811121.5,0.030195729150826533,-0.01357721634479614,0
2020-06-01,461.0,464.0,453.01,454.08,222059,454.73,454.613,453.69300000000004,1.0022856865766057,50.86999889172115,4.753897104648502,5.445576289361257,-0.01357721634479614,0.01382578294216635,0.018387477112749986,-0.7613131169813917,677085.0,0.02420278365045809,-0.002598661028893612,0
2020-06-02,454.1,457.0,452.0,452.9,406554,453.86800000000005,454.36800000000005,453.6245,1.0005367875853268,57.45399924896731,4.374621657211776,5.231385362931361,-0.002598661028893612,0.013449722137344727,0.017442232639960243,0.8308377503276156,576469.1,0.01103996467211305,-0.005873261205564084,0
2020-06-03,453.01,455.5,449.0,450.24,155505,453.40199999999993,454.197,452.7465,1.001447830077096,59.83574501368793,3.8154215584255553,4.9481926020302005,-0.005873261205564084,0.013366642752493755,0.01599948816284153,-0.6175046857244055,548908.9,0.014436744847192607,-0.009061833688699283,0
2020-06-04,450.0,451.0,445.01,446.16,185296,452.742,452.957,451.53249999999997,1.0026786554677682,58.049829265208054,3.00835114987882,4.560224311599924,-0.009061833688699283,0.012498640267049829,0.015977757792725176,0.19157583357448305,532952.6,0.013425676887215368,0.01185673301057899,1
2020-06-05,446.99,453.0,445.1,451.45,137300,450.966,453.03100000000006,451.029,0.9998603194029653,50.51469491272564,2.763742127229591,4.200927874725858,0.01185673301057899,0.012129437589697204,0.01579429978220569,-0.2590234003972023,503668.4,0.017499169343227327,0.01406578801639169,1
2020-06-08,453.48,458.8,452.1,457.8,370234,451.71000000000004,453.21999999999997,450.8759999999999,1.0018497325206932,51.78078209042011,3.047153951339453,3.9701730900485774,0.01406578801639169,0.01241434409398208,0.01614743872168221,1.6965331391114349,447564.5,0.01463521188291828,0.020707732634338116,1
2020-06-09,458.0,469.9,454.5,467.28,1548360,454.58600000000007,454.227,451.6145,1.0065797267359662,60.237745425404036,3.990714167364615,3.974281305511785,0.020707732634338116,0.01397855129948199,0.016214892175710944,3.18211185358449,487697.6,0.032956685499058336,0.0002782057866805854,1
2020-06-10,470.0,474.0,466.01,467.41,521415,458.02,455.71099999999996,452.93549999999993,1.0112256601657412,56.470244187746765,4.694862893112429,4.118397623031914,0.0002782057866805854,0.013322953201850401,0.01491250043634679,-0.6632469193210881,485766.4,0.017094199952932133,0.018313686057208844,1
2020-06-11,467.55,478.49,466.01,475.97,758331,463.98199999999997,458.36199999999997,454.97649999999993,1.0197933299851751,68.27785817655575,5.875892659517547,4.469896630329041,0.018313686057208844,0.01356247840014367,0.014770198824991095,0.45437127815655476,523539.0,0.026220139924785214,-0.009160241191671803,0
2020-06-12,471.5,476.0,469.0,471.61,736409,468.014,459.49000000000007,456.8855,1.024357306152198,61.50014649868151,6.386432873544152,4.853203878972064,-0.009160241191671803,0.01261422558518501,0.014973334355181599,-0.02890822081650357,504146.3,0.01484277262992727,-0.03303577108203826,0
2020-06-15,471.96,471.96,451.05,456.03,693851,467.66,459.68500000000006,457.14900000000006,1.0229925035382337,49.28519505694208,5.47079990306878,4.976723083791407,-0.03303577108203826,0.016324241794478656,0.014723887595652753,-0.05779125458814327,551325.5,0.045852246562726066,-0.006118018551411031,0
2020-06-16,457.89,460.99,452.0,453.24,346356,464.85200000000003,459.71899999999994,457.04350000000005,1.017084807026027,50.41516916594374,4.468514243544519,4.87508131574203,-0.006118018551411031,0.016437194554748687,0.014621247261558019,-0.5008207814069592,545305.7,0.0198349660224164,-0.010943429529609139,0
2020-06-17,458.94,459.0,446.5,448.28,316998,461.026,459.52299999999997,456.85999999999996,1.0091187672372282,49.28519505694208,3.2366549462699368,4.547396041847611,-0.010943429529609139,0.016720997391694237,0.014733296715942638,-0.0847624987007588,561455.0,0.027884357990541626,-0.00673686089051484,0
2020-06-18,449.99,453.0,443.31,445.26,373705,454.884,459.433,456.195,0.9971262289152666,39.91163475699558,1.99372638064159,4.036662109606407,-0.00673686089051484,0.016601518860177116,0.014363679286409388,0.1788875639593941,580295.9,0.021762565691955258,-0.012801509230561892,0
2020-06-19,445.5,448.8,436.0,439.56,273630,448.474,458.244,455.6375,0.984278071932183,40.20771513353117,0.5425005656262556,3.3378298008103773,-0.012801509230561892,0.016462683009180745,0.014145361980630723,-0.2677914397720127,593928.9,0.029120029120029145,0.005915005915005933,1
2020-06-22,440.0,443.9,428.5,442.16,574274,445.7,456.68,454.95,0.9796680953950984,42.89306511381687,-0.39327465201392897,2.591608910245516,0.005915005915005933,0.015734679339212652,0.01393410221240637,1.0987245550560978,614332.9,0.034829021168807615,0.0127329473493758,1
2020-06-23,445.0,450.0,444.16,447.79,310687,444.61,454.73100000000005,454.479,0.9782850252706946,48.44008659111169,-0.6728333022788888,1.9387204677406353,0.0127329473493758,0.014535850968588941,0.01426544077346951,-0.45899170082573826,490565.6,0.013041827642421615,-0.005627637955291642,0
2020-06-24,447.79,449.5,443.05,445.27,307778,444.008,452.517,454.11400000000003,0.977745676195845,49.421852669871356,-1.085218759867871,1.3339326222189343,-0.005627637955291642,0.01445544515118407,0.014147235875355147,-0.009363121083276749,469201.9,0.014485593010982076,-0.007882857592022785,0
2020-06-25,446.0,446.9,440.0,441.76,401288,443.308,449.096,453.729,0.9770325458588717,43.556323979252575,-1.6759456139918711,0.7319569749767731,-0.007882857592022785,0.011972627725958881,0.014172167394662524,0.30382288532643664,433497.6,0.015619340818543955,0.02449293734154301,1
2020-06-26,455.0,455.0,447.0,452.58,931211,445.912,447.19300000000004,453.3415,0.9836116922893668,46.72357519457694,-1.2565328003967693,0.3342590199020647,0.02449293734154301,0.015594166730440846,0.014200881042319065,1.3205553118956956,452977.8,0.01767643289584162,0.016903088956648604,1
2020-06-29,452.99,461.75,445.0,460.23,695486,449.526,447.613,453.649,0.9909114756122024,45.47089811126819,-0.30335714529638835,0.20673578686237412,0.016903088956648604,0.013051727660420521,0.014386474711662245,-0.25313811799903563,453141.3,0.03639484605523325,0.0029333159507203277,1
2020-06-30,462.99,464.0,461.0,461.58,564207,452.284,448.447,454.08299999999997,0.9960381692333781,46.31246046805817,0.5545822670505913,0.27630508290001754,0.0029333159507203277,0.01281547369271922,0.01437144455119192,-0.18875865222304977,474926.4,0.006499415052645262,0.07112526539278141,1
2020-07-01,462.58,496.19,462.58,494.41,1923929,462.11199999999997,453.05999999999995,456.2915,1.0127560999930965,58.92373209446379,3.839354373395963,0.9889149409992067,0.07112526539278141,0.02456743579216913,0.021139543650828412,2.4099700996265554,635619.5,0.06798001658542507,0.001982160555004775,1
2020-07-02,495.0,502.0,489.01,495.39,1339621,472.838,458.07300000000004,458.75300000000004,1.030702796493974,61.89713828296976,6.447317084938447,2.080595369787055,0.001982160555004775,0.02405261311224677,0.02089857247199026,-0.3037055941253549,732211.1,0.026221764670259815,-0.011364783302044823,0
2020-07-03,491.15,493.85,485.01,489.76,506230,480.274,463.09299999999996,460.66849999999994,1.0425588031306678,68.74097121902435,7.96800220554934,3.258076736939512,-0.011364783302044823,0.023898592145585183,0.02116723674972417,-0.6221095369511227,755471.1,0.018049656974844886,0.0033077425677883188,1
2020-07-06,491.9,495.5,488.25,491.38,541663,486.504,468.015,462.3475,1.0522474978236067,71.47038955190271,9.197849497132779,4.4460312889781655,0.0033077425677883188,0.023975795441075032,0.021042032842295732,0.06999387630128595,752210.0,0.014754365257031218,0.006329113924050667,1
2020-07-07,495.0,503.75,493.1,494.49,1093917,493.08599999999996,472.68499999999995,463.70799999999997,1.0633545248302811,76.56663217201336,10.304677437864768,5.617760518755486,0.006329113924050667,0.02400572103808592,0.02067461683026762,1.019552747741677,830533.0,0.021537341503367058,-0.010879896458977911,0
2020-07-08,498.01,499.97,486.0,489.11,1098664,492.026,477.0690000000001,464.793,1.0585916741431132,74.54382626217397,10.62524431521473,6.6192572780473355,-0.010879896458977911,0.0244444254615062,0.020902141406988966,0.004339451713429865,909621.6,0.028562082149209845,-0.0003680153748645276,0
2020-07-09,492.0,494.63,487.13,488.93,674664,490.73400000000004,481.78600000000006,465.441,1.0543420111249333,79.45352583223956,10.74095632094236,7.44359708662634,-0.0003680153748645276,0.02395461268838293,0.020571863572708272,-0.38592326680404565,936959.2,0.015339619168388113,0.015298713517272411,1
2020-07-10,488.25,499.5,486.0,496.41,587912,492.064,486.16900000000004,466.68100000000004,1.0543904722926367,80.58405682715073,11.305904971344944,8.216058663570061,0.015298713517272411,0.02352821458822803,0.02062920592572755,-0.12858548848019158,902629.3,0.02719526198102375,0.040007252069861554,1
2020-07-13,510.0,524.89,505.5,516.27,1856608,497.04200000000003,491.77299999999997,469.6929999999999,1.0582273953412125,83.26855810338124,13.203959840220534,9.213638898900157,0.040007252069861554,0.025393494355608403,0.020422543921932965,2.1579692198832476,1018741.5,0.037557867007573534,-0.007515447343444337,0
2020-07-14,516.0,519.0,510.0,512.39,887270,500.622,496.854,472.6505,1.059180091843762,82.18258534714232,14.231051719365553,10.217121462993237,-0.007515447343444337,0.02600810083000318,0.020470015950325562,-0.5221015960288871,1051047.8,0.017564745603934503,-0.0001366146880305008,0
2020-07-15,513.99,516.0,508.51,512.32,896411,505.264,498.645,475.8525000000001,1.0618080182409464,84.9861166203888,14.867992060925133,11.147295582579616,-0.0001366146880305008,0.01512660620997395,0.020129428573168594,0.010302388224553871,948296.0,0.01461976889444099,0.025804184884447023,1
2020-07-16,513.98,530.89,513.27,525.54,1402086,512.586,501.65999999999997,479.8665,1.0681845888387709,85.33514141805506,16.252170481680707,12.168270562399835,0.025804184884447023,0.016632771851099484,0.020284909064182597,0.5641106590615241,954542.5,0.03352741941621952,0.0005708414202536538,1
2020-07-17,525.55,530.0,521.26,525.84,421958,518.472,505.26800000000003,484.18049999999994,1.0708237940189662,84.2110751903223,17.175362458264885,13.169688941572847,0.0005708414202536538,0.01564319111571414,0.01975895333522866,-0.6990498443034165,946115.3,0.016621025406967915,0.008976114407424074,1
2020-07-20,527.99,536.95,526.0,530.56,972392,521.33,509.18600000000004,488.6005,1.0669862188024777,84.74712875277055,18.079454605636897,14.151642074385657,0.008976114407424074,0.015587398726224567,0.019744170362547844,1.304475800909095,989188.2,0.02063857056694822,0.007859620024125658,1
2020-07-21,531.0,543.98,528.0,534.73,1153843,525.798,513.21,492.94750000000005,1.0666409708944664,78.5552407932012,18.914404811063605,15.104194621721247,0.007859620024125658,0.015578769011218015,0.01973008735829228,0.18660272811787837,995180.8,0.029884240644811433,0.04572401024816242,1
2020-07-22,540.0,563.89,534.0,559.18,1981192,535.1700000000001,520.217,498.64300000000003,1.0732528081212411,83.90560221111943,21.303446655075334,16.344045028392067,0.04572401024816242,0.01805815079192932,0.021013486039515143,0.7170377599032105,1083433.6,0.05345327086090344,-0.03362065882184617,0
2020-07-23,558.99,558.99,538.0,540.38,920867,538.138,525.362,503.57399999999996,1.0686373800077051,73.60126818351367,21.43271366499812,17.361778755713278,-0.03362065882184617,0.023238976184086473,0.022970201277445243,-0.5351954782777237,1108053.9,0.03884303638180541,-0.016377364077130974,0
2020-07-24,539.99,539.99,525.05,531.53,898199,539.2760000000001,528.874,507.5215,1.0625677926944967,67.53734602952741,20.58376088171832,18.006175180914287,-0.016377364077130974,0.024600372010606213,0.023460533642485754,-0.024615932593957668,1139082.6,0.028107538614941877,0.025492446334167473,1
2020-07-27,532.0,549.0,526.0,545.08,1089358,542.1800000000001,531.755,511.764,1.0594336451958326,70.25058041790092,20.764965842035053,18.55793331313844,0.025492446334167473,0.022807842455767783,0.023703136053000357,0.2128247749106824,1062357.6,0.042195641006824686,0.02608791370074104,1
2020-07-28,551.0,563.51,551.0,559.3,1592868,547.094,536.446,516.65,1.0589257717990905,76.23925233644863,21.804656727274164,19.207277995965587,0.02608791370074104,0.02312136411485273,0.023967691513913966,0.4622080160975548,1132917.4,0.022367244770248512,0.016931879134632677,1
2020-07-29,561.9,582.9,555.0,568.77,1954914,549.012,542.091,520.368,1.0550456599944653,77.90827740492173,23.126184837051028,19.991059364182675,0.016931879134632677,0.02299850731227778,0.01929038815193926,0.22729190366056695,1238767.7,0.04905322010654566,0.02231130333878384,1
2020-07-30,568.11,584.9,566.07,581.46,1413292,557.2280000000001,547.683,524.6714999999999,1.0620512072792216,78.68465430016867,24.910331534602165,20.974913798266574,0.02231130333878384,0.022769769532937918,0.01953472258596662,-0.27705668893874613,1239888.3,0.03238399889932227,0.03190245244728773,1
2020-08-03,585.98,605.98,585.98,600.01,3541142,570.924,555.1,530.184,1.0768412475668825,78.49462365591401,27.504060924027044,22.280743223418668,0.03190245244728773,0.023414176178174918,0.019646920908475664,1.5055982769307406,1551806.7,0.03333277778703688,-0.027916201396643414,0
2020-08-04,595.0,602.9,575.1,583.26,2642222,578.5600000000001,560.37,534.778,1.081869486029717,72.1732056817471,27.886566161621772,23.40190781105929,-0.027916201396643414,0.026863580515463933,0.021401172745074866,-0.2538503115661558,1718789.7,0.047663134794088326,0.028580735863937168,1
2020-08-05,586.0,606.0,576.15,599.93,4073775,586.6859999999999,566.89,540.05,1.0863549671326729,74.83135876650982,29.198254696357026,24.561177188118837,0.028580735863937168,0.02748584179833652,0.021838567355237634,0.5417989101597065,2010782.9,0.04975580484389849,0.0054839731301985495,1
2020-08-06,605.0,610.9,599.93,603.22,2265063,593.5759999999999,571.294,545.7555,1.0876225709131653,73.33012974531476,30.155637397971645,25.680069230089398,0.0054839731301985495,0.024799993044165955,0.021317951332550135,-0.4439891746598671,2039170.0,0.018185736547196754,-0.0021716786578694913,0
2020-08-07,604.0,616.9,592.21,601.91,2422251,597.6659999999999,577.4469999999999,551.4045,1.0838975742853023,72.70881843692159,30.45756814826268,26.635569013724055,-0.0021716786578694913,0.020587762220820423,0.021371230422049463,0.06939674525609218,2189308.4,0.0410194215081988,-0.0007642338555596817,0
2020-08-10,598.0,607.99,595.16,601.45,1579910,597.954,584.439,556.6564999999999,1.074188480687821,71.71475831648597,30.31033362899484,27.370521936778214,-0.0007642338555596817,0.018791805072394713,0.021489415995508677,-0.3477513271745991,2257479.5,0.02133178152797413,0.025272258708121997,1
2020-08-11,605.0,625.0,605.0,616.65,2910054,604.6320000000001,591.596,561.6755,1.0764792126414628,73.50510731091472,31.062097653739443,28.10883708017046,0.025272258708121997,0.018775133840607014,0.020637185254847357,0.8419112481090696,2439549.1,0.03243330900835158,-0.009243493067380038,0
2020-08-12,620.98,627.99,608.11,610.95,1726336,606.836,596.761,566.6034999999999,1.0710064445419065,66.64523181788957,30.842401688468158,28.65555000183,-0.009243493067380038,0.019266968140043805,0.02071399458373298,-0.4067683967376551,2452895.9,0.03253948768311645,-0.0017513708159424546,0
2020-08-13,610.0,614.0,595.8,609.88,1879580,608.168,600.8720000000001,571.4815,1.0641954288983984,75.22136739730004,30.233438733472553,28.971127748158516,-0.0017513708159424546,0.019322300024134594,0.020754745387690513,0.08876835100467106,2445362.5,0.02984193611858078,-0.015380074768806984,0
2020-08-17,611.5,612.9,596.0,600.5,2129045,607.8860000000001,602.7760000000001,575.2295,1.0567712539082228,74.93312124936739,28.663528284590257,28.909607855444868,-0.015380074768806984,0.019712862543700957,0.0210364852394637,0.13272379999787187,2516937.8,0.02814321398834301,0.01878434637801818,1
2020-08-18,603.94,615.8,601.5,611.78,2171697,609.952,603.953,579.5265,1.052500619039854,74.51484857394884,28.006720630513428,28.72903041045858,0.01878434637801818,0.01796442423282018,0.021142114103960573,0.020033395254679842,2379993.3,0.023374415639608938,0.0006538298081009142,1
2020-08-19,609.97,615.92,606.1,612.18,963257,609.058,606.845,583.6075,1.0436089323732132,71.63312060219278,27.204871663581116,28.42419866108309,0.0006538298081009142,0.014623358126763958,0.02119975634996523,-0.5564496336275273,2212096.8,0.01604103368290362,-0.01649841549870934,0
2020-08-20,609.0,611.5,600.0,602.08,997489,607.284,607.0600000000001,586.975,1.0345994292772265,63.5571835571836,25.46091738278153,27.83154240542278,-0.01649841549870934,0.01342746503981151,0.021860899095516105,0.03553776406504183,1904468.2,0.019100451767207014,-0.007009035344140324,0
2020-08-21,604.0,606.5,593.0,597.86,1170621,604.88,606.524,588.9089999999999,1.0271196398764497,57.16908550445883,23.46778035500097,26.95878999533842,-0.007009035344140324,0.013486920278063978,0.01993508397845514,0.17356782881816235,1795024.0,0.0225805372495233,0.022145652828421403,1
2020-08-24,597.0,619.0,590.49,611.1,1816754,607.0,607.443,592.4449999999999,1.024567681388146,55.08389107912352,22.69494900440361,26.106021797151463,0.022145652828421403,0.015286471853957774,0.018296793801626205,0.5519574653111468,1734474.3,0.04665357551955488,-0.005891016200294641,0
2020-08-25,619.0,619.5,603.11,607.5,1592437,606.144,608.048,596.2434999999999,1.0166047931759425,62.63552960800669,21.54364297183406,25.193546032087983,-0.005891016200294641,0.015460336720473648,0.017754138916661336,-0.12347131202133033,1735727.0,0.026979423868312733,0.00011522633744864841,1
2020-08-26,610.0,610.0,603.05,607.57,578509,605.222,607.14,599.3679999999999,1.0097669545254335,54.81593545133642,20.401695020711713,24.23517582981273,0.00011522633744864841,0.012931435302419251,0.017251467845387013,-0.6367146706588707,1502572.5,0.011439011142749058,0.0029297035732507304,1
2020-08-27,605.2,618.5,605.2,609.35,1506793,606.676,606.98,601.8705,1.007984275687212,53.9390823801568,19.41650280805777,23.27144122546174,0.0029297035732507304,0.0126823870211353,0.016566272239379256,1.6046146213801342,1480618.2,0.021826536473291136,-0.007220809058833155,0
2020-08-28,610.0,611.0,604.0,604.95,419742,608.094,606.487,603.6795,1.0073126551423397,51.87886279357235,18.072360729106094,22.231625126190615,-0.007220809058833155,0.01287369464662677,0.016486656761660508,-0.7214335346660092,1334634.4,0.01157120423175469,0.015323580461195085,1
2020-08-31,608.0,616.2,607.0,614.22,1046493,608.7180000000001,607.859,605.3175,1.0056177130183748,57.11737821870472,17.552792311362055,21.295858563224904,0.015323580461195085,0.012652812253439205,0.016130908293851533,1.4931815257944168,1226379.2,0.01497834652079067,0.0021327862980689005,1
2020-09-01,614.0,616.95,609.0,615.53,1097990,610.324,608.234,606.0935000000001,1.006979946163422,49.26140859931416,17.050192641490185,20.44672537887796,0.0021327862980689005,0.011267056036404743,0.014612726847803733,0.04920912036678704,1119008.5,0.012915698666190188,-0.0002599385895081241,0
2020-09-02,617.8,623.0,613.6,615.37,1523737,611.884,608.553,607.699,1.0068866330206239,53.14456459874784,16.44935024895244,19.64725035289286,-0.0002599385895081241,0.011270889801345317,0.012903180956329504,0.38775125456516,1175056.5,0.015275362789866222,0.010497749321546346,1
2020-09-03,615.0,624.92,613.0,621.83,1238129,614.38,610.528,608.7940000000001,1.0091755174985297,57.89612792388005,16.306475437147128,18.979095369743717,0.010497749321546346,0.009872976606649578,0.011562689671334342,-0.18743917093304163,1199120.5,0.019169226315874047,-0.011884277053213932,0
2020-09-04,619.94,622.0,612.1,614.44,931236,616.278,612.186,609.355,1.011361193393014,59.45982627578724,15.419192032602837,18.267114702315542,-0.011884277053213932,0.010535443122737012,0.011922602846635363,-0.24786835620520964,1175182.0,0.016112232276544458,0.02281752490072253,1
2020-09-07,616.0,632.0,616.0,628.46,1963396,619.126,613.922,610.6825000000001,1.0138263336512834,60.91337346244444,15.666714242346075,17.74703461032165,0.02281752490072253,0.01067383559220076,0.012847466129482645,1.1083763943833786,1189846.2,0.025459058651306366,0.017312159882888256,1
2020-09-08,630.12,651.0,628.5,639.34,2608425,623.8880000000001,617.106,612.577,1.0184646175093093,65.62715765247418,16.550024073428744,17.507632502943068,0.017312159882888256,0.011075528404092039,0.013254495472410243,0.3285272049041559,1291445.0,0.03519254230925642,0.00849313354396708,1
2020-09-09,639.49,653.89,633.5,644.77,1561632,629.768,620.826,613.983,1.0257091808730863,75.95767967894928,17.486634065605358,17.503432815475527,0.00849313354396708,0.010966478048070931,0.012274859631875133,-0.40131228614968806,1389757.3,0.0316236797617755,0.03339175209764722,1
2020-09-10,651.0,674.99,647.0,666.3,1989820,638.662,626.521,616.7505,1.0355273323653569,84.3781394414306,19.73866030944066,17.950478314268555,0.03339175209764722,0.01386281085690159,0.013774578479123707,0.2741926394950922,1438060.0,0.042008104457451616,-0.013402371304217287,0
2020-09-11,666.0,671.97,655.1,657.37,579702,647.2479999999999,631.763,619.125,1.0454237835655158,74.29381497427286,20.565761665044533,18.47353498442375,-0.013402371304217287,0.014777138727107064,0.01428683143394287,-0.7086661105024575,1454056.0,0.02566286870407838,-0.0002281819979614852,0
2020-09-14,659.0,662.0,653.0,657.22,336534,653.0,636.063,621.961,1.049905058355749,77.08651122248865,20.967442081371814,18.972316403813366,-0.0002281819979614852,0.014790804822537704,0.013598444671706802,-0.4194706935632445,1383060.1,0.013694044612154226,-0.003058336630047731,0
2020-09-15,657.0,665.5,654.0,655.21,748773,656.174,640.0310000000001,624.1324999999999,1.0513376566674546,75.41613316261211,20.882861871014256,19.354425497253544,-0.003058336630047731,0.015064763569730615,0.01327340005430321,1.224954982260336,1348138.4,0.017551624669953143,0.010424138825719798,1
2020-09-16,656.61,664.0,650.0,662.04,740416,659.6279999999999,644.6980000000001,626.6255,1.052667023605008,76.67307887010233,21.123457297417758,19.708231857286385,0.010424138825719798,0.014920654338803581,0.013342053550232325,-0.011160925941506972,1269806.3,0.021146758504017885,0.002582925502990774,1
2020-09-17,668.01,674.9,661.52,663.75,962428,659.118,648.89,629.7090000000001,1.0467025244994117,80.59950041631981,21.207645083945636,20.008114502618238,0.002582925502990774,0.014950110081744456,0.012451095139593443,0.2998476532111678,1242236.2,0.020158192090395474,-0.003570621468926616,0
2020-09-18,663.0,663.95,659.25,661.38,428269,659.9200000000001,653.5840000000001,632.885,1.0427170813022903,76.44090603274283,20.84286178183561,20.175063958461713,-0.003570621468926616,0.014006616681489881,0.012299944248877568,-0.5550119073842407,1191939.5,0.007106353382321881,0.002464543832592536,1
2020-09-21,660.0,666.0,655.0,663.01,382915,661.078,657.039,635.4805,1.0402805436201426,76.52513966480454,20.449565898053265,20.229964346380026,0.002464543832592536,0.012970069664311763,0.011636577535365376,-0.10590073061557104,1033891.4,0.016591001644017434,-0.0007541364383644167,0
2020-09-22,663.55,666.0,659.2,662.51,532098,662.538,659.356,638.231,1.0380849567006303,76.23552983081038,19.868498571465466,20.157671191397114,-0.0007541364383644167,0.012377477022461674,0.011458652323094407,0.38959821370278,826258.7,0.01026399601515442,-0.0057810448144179905,0
2020-09-23,666.0,666.4,657.0,658.68,316777,661.866,660.7470000000001,640.7865,1.0328962922908018,71.12716431601879,18.8812976908456,19.90239649128681,-0.0057810448144179905,0.012576354510706138,0.011649107627080576,-0.40466417840322644,701773.2,0.014270966174773756,0.007590939454666934,1
2020-09-24,659.4,666.99,658.0,663.68,1068308,661.852,660.485,643.503,1.0285142415808473,79.02617307238859,18.291538622658095,19.58022491756107,0.007590939454666934,0.00677745615168356,0.01167084796745772,2.372429185199683,609622.0,0.013545684667309562,-0.01993430568948873,0
2020-09-25,661.5,661.5,649.0,650.45,1413424,659.6659999999999,659.793,645.778,1.0215058425650918,63.08461263834349,16.565641476669043,18.977308229382665,-0.01993430568948873,0.008313415876064455,0.01263987849065264,0.3230491581079613,692994.2,0.019217464832039358,-0.010654162502882758,0
2020-09-28,650.5,653.84,640.55,643.52,1122045,655.768,658.423,647.243,1.0131712509830155,52.60989010989009,14.471840106145692,18.07621460473527,-0.010654162502882758,0.008839320851405432,0.012717925061448872,-0.2061511620009282,771545.3,0.02065203878667342,0.020030457483838804,1
2020-09-29,643.0,665.0,635.01,656.41,981022,654.548,658.543,649.287,1.008102734230009,56.64838930774503,13.694738290423402,17.199919341872896,0.020030457483838804,0.011241295929195374,0.01331320947026303,-0.12568390750816594,794770.2,0.04568790847183926,-0.014228911808168543,0
2020-09-30,662.0,663.25,645.01,647.07,584111,652.226,657.046,650.8720000000001,1.00208028613921,37.23954877239551,12.184761217815662,16.19688771706145,-0.014228911808168543,0.011460801799604464,0.013865009429672292,-0.4045892956529008,779139.7,0.02818860401502157,0.001638153522802721,1
2020-10-01,646.0,655.0,636.11,648.13,764747,649.116,655.484,652.1870000000001,0.9952912278226949,43.153526970954324,10.947431474686368,15.146996468586435,0.001638153522802721,0.01142058343268113,0.013740554407713289,0.30924944060289916,759371.6,0.02914538749942139,-0.013130081928008241,0
2020-10-02,649.0,652.0,636.01,639.62,720755,646.95,653.308,653.446,0.9900588571970752,38.39662447257379,9.174396132067272,13.952476401282603,-0.013130081928008241,0.011925811247117854,0.013810231353727321,-0.05752490693000434,788620.2,0.02499921828585724,-0.015352865764047485,0
2020-10-05,640.0,640.0,627.1,629.8,1020132,644.2059999999999,649.987,653.513,0.9857585082469665,34.811715481171476,6.897352531644174,12.541451627354917,-0.015352865764047485,0.012298061142788197,0.01342871766400302,0.41536583166263163,852341.9,0.020482692918386756,-0.0007780247697681819,0
2020-10-06,634.0,635.0,620.0,629.31,986077,638.786,646.667,653.0115,0.9782155444429386,28.831975164920422,4.995653385652872,11.03229197901451,-0.0007780247697681819,0.012297134623353037,0.012809833204592164,-0.03338293475746279,897739.8,0.02383562949897507,0.025122753491919836,1
2020-10-07,634.0,648.0,626.1,645.12,908292,638.396,645.3109999999999,653.029,0.9775921130608288,39.80964883491959,4.709984215595227,9.767830426330654,0.025122753491919836,0.015549022693335605,0.013929608320099224,-0.0788832920755681,956891.3,0.03394717261904758,0.013377356150793718,1
2020-10-08,645.0,656.0,645.0,653.75,747758,639.5199999999999,644.318,652.4014999999999,0.9802552569238421,46.09398996621276,5.120927353406614,8.838449811745846,0.013377356150793718,0.01604412631606147,0.011998487124055423,-0.17674272150365744,924836.3,0.016826003824091777,0.001835564053537464,1
2020-10-09,653.71,659.98,648.1,654.95,451269,642.586,644.768,652.2805000000001,0.9851375290231732,45.85561497326206,5.480259699516296,8.166811789299937,0.001835564053537464,0.01466624282330755,0.011640059239091517,-0.3965039491386251,828620.8,0.01813878922055118,-0.012428429651118567,0
2020-10-12,656.0,657.95,644.5,646.81,509093,645.988,645.097,651.76,0.9911439793789126,42.51525553012966,5.049990059579159,7.543447443355781,-0.012428429651118567,0.01482983937097743,0.011961269407587108,0.1281364330366146,767325.6,0.020794360012986884,0.004220713965461309,1
2020-10-13,647.0,655.0,636.7,649.54,599539,650.034,644.41,651.4765,0.997785798873789,45.596454037386785,4.8731122498327295,7.009380404651171,0.004220713965461309,0.013292274906457964,0.011997389005229946,0.17766105603494853,729177.3,0.028173784524432605,-0.0023401176217014985,0
2020-10-14,649.97,654.0,645.0,648.02,363073,650.614,644.5049999999999,650.7755,0.9997518345420195,42.19341974077769,4.557745165275378,6.519053356776014,-0.0023401176217014985,0.01248181705421435,0.011729689763365274,-0.3944130406862606,707073.5,0.013888460232708868,-0.006342396839603692,0
2020-10-15,654.0,654.99,642.22,643.91,144878,648.646,644.083,649.7835,0.9982494169211744,46.41368721210788,3.930859327912458,6.001414551003303,-0.006342396839603692,0.012635008497623734,0.011755777746714165,-0.6009672985873364,645086.6,0.019831964094360985,-0.008463915764625352,0
2020-10-16,641.0,645.0,635.5,638.46,437043,645.348,643.967,648.6375,0.9949286003353182,47.179487179487204,2.9601555028799567,5.393162741378634,-0.008463915764625352,0.012198723569064377,0.011852740096177528,2.016627783376358,616715.4,0.014879553926635966,-0.0017385584061648807,0
2020-10-19,639.99,642.99,634.0,637.35,335978,643.4559999999999,644.722,647.3545,0.9939777973274302,37.76950718685837,2.0773515886478435,4.730000510832476,-0.0017385584061648807,0.011011037026829283,0.011812292819991937,-0.23124726857540334,548300.0,0.014105279673648715,0.025747234643445527,1
2020-10-20,639.5,655.9,639.5,653.76,689210,644.3,647.167,646.917,0.9959546587893036,53.935757147899714,2.67108240697155,4.318216890060292,0.025747234643445527,0.013404042012023047,0.013336356364024837,1.051354552976683,518613.3,0.025085658345570205,0.0017590553108173257,1
2020-10-21,657.0,660.0,650.01,654.91,560922,645.678,648.146,646.7284999999999,0.9983756707799333,53.984485190408996,3.1975543312197487,4.094084378292183,0.0017590553108173257,0.011138329444856165,0.013288092311203942,-0.18613775191886361,483876.3,0.015254004367012276,-0.006855903864653179,0
2020-10-22,657.97,661.0,648.02,650.42,455552,646.98,647.813,646.0654999999999,1.001415491153761,56.66173205033304,3.2154163307735644,3.9183507687884593,-0.006855903864653179,0.01057726994651159,0.013234645195414698,-0.1878514303236457,454655.7,0.01995633590602998,0.016174164386089096,1
2020-10-23,653.0,664.99,652.0,660.94,1407496,651.476,648.412,646.5899999999999,1.007556565984627,69.043542074364,4.031970132922197,3.941074641615207,0.016174164386089096,0.011821794323876379,0.012965250402847526,2.089649480191065,550278.4,0.019653826368505475,0.062335461615275145,1
2020-10-26,666.0,707.87,664.0,702.14,2531120,664.434,653.9449999999999,649.521,1.0229599966744725,79.73381236221114,7.9123815718372725,4.735336027659621,0.062335461615275145,0.021818837985141948,0.01859722250960693,0.7983141692765023,752481.1,0.062480417010852544,-0.010197396530606362,0
2020-10-27,703.0,711.0,692.0,694.98,1329996,672.678,658.489,651.4495,1.0325865627343334,71.90300474433315,10.291252282419237,5.846519278611543,-0.010197396530606362,0.022592017453367925,0.01849917152148167,-0.47454249502196655,825526.8,0.027338916227805116,-0.023813634924746085,0
2020-10-28,696.99,696.99,674.99,678.43,1148473,677.382,661.53,653.0175,1.0373106386888558,60.13635616888448,10.717532727662388,6.820721968421713,-0.023813634924746085,0.024517698287175944,0.019084368116906978,-0.13648386912441846,904066.8,0.03242781127013841,-0.008033253246465977,0
2020-10-29,680.0,680.0,656.0,672.98,2066962,681.894,664.437,654.26,1.0422370311496958,57.15532978807841,10.494618173620324,7.555501209461436,-0.008033253246465977,0.024609202294744274,0.019230352542295444,0.7997480132314823,1096275.2,0.03566227822520729,-0.02263068739041285,0
2020-11-02,666.0,666.0,652.5,657.75,2225690,681.256,666.366,655.1665,1.0398211752279762,54.11030958821764,8.985444455512038,7.841489858671557,-0.02263068739041285,0.025828231339258902,0.01973589293732883,0.07679289701503955,1275139.9,0.020524515393386546,0.033036868110984496,1
2020-11-03,668.0,680.0,667.0,679.48,812348,676.7239999999999,670.579,657.6505,1.0290024868832304,59.84350341925305,9.434092460350143,8.160010379007275,0.033036868110984496,0.027373146359303956,0.020502056589553983,-0.6350129622723739,1322776.9,0.019132277624065462,-0.005136280685229866,0
2020-11-04,685.01,689.0,674.99,675.99,736943,672.926,672.802,659.9844999999999,1.019608793842886,59.078221356702386,9.399681723851813,8.407944647976183,-0.005136280685229866,0.02672648953729382,0.02057852587686341,-0.0928235189844746,1327550.2,0.020725158656193125,0.016775396085740857,1
2020-11-05,679.99,689.25,679.5,687.33,578077,674.7059999999999,676.0440000000001,662.095,1.019047115595194,63.46106150793653,10.170218249685263,8.760399368318,0.016775396085740857,0.027027728267702004,0.020204150124519933,-0.21557433885660082,1329265.7,0.014185325826022433,-0.0065034263017764715,0
2020-11-06,686.98,693.0,681.0,682.86,462644,676.682,679.288,663.5505,1.019789752249452,63.84903306300685,10.30143383830466,9.068606262315333,-0.0065034263017764715,0.02701053321846808,0.020174612696626154,-0.19968447109987075,1329974.9,0.017573148229505314,-0.01057317751808573,0
2020-11-09,682.0,684.9,675.0,675.64,369688,680.26,680.758,664.585,1.023586147746338,61.50471726458745,9.710888401031525,9.197062690058571,-0.01057317751808573,0.02712722603977261,0.020381656998186882,-0.20092338817751876,1226194.1,0.014652773666449554,-0.0016724883073826469,0
2020-11-10,680.15,688.0,673.01,674.51,729467,679.266,677.995,665.97,1.0199648632821297,56.86495070469131,9.047402506859953,9.167130653418848,-0.0016724883073826469,0.017171454669771585,0.020128190304661397,0.9731963168942459,1046028.8,0.022223540051296512,-0.012853775333204753,0
2020-11-11,675.88,676.0,664.0,665.84,415107,677.2360000000001,675.0809999999999,666.785,1.0156737179150703,53.44468956823198,7.732849142402415,8.880274351215562,-0.012853775333204753,0.01730019522278149,0.020402111405278672,-0.43094478571340444,954539.9,0.01802234771116184,-0.014252673314910536,0
2020-11-12,665.84,668.9,654.15,656.35,942501,671.0400000000001,672.873,667.2015,1.005753134547809,51.811793461655995,5.857767741275779,8.275773029227606,-0.014252673314910536,0.016329089148886318,0.020689942908308213,1.270501340618202,933942.7,0.022472766054696426,0.0051953987963737625,1
2020-11-13,653.01,667.98,651.52,659.76,512156,666.42,671.551,667.9939999999999,0.997643691410402,49.623099527277354,4.593954475535156,7.539409318489117,0.0051953987963737625,0.01642816338570279,0.020639988138417612,-0.4565989850408647,778462.1,0.024948466108888137,-0.009700497150478937,0
2020-11-16,659.76,661.9,652.75,653.36,267228,661.964,671.112,668.739,0.9898689922376294,29.965500246426828,3.040893318894632,6.639706118570221,-0.009700497150478937,0.015064057004567867,0.02067296447476763,-0.4782292895133514,582615.9,0.014004530427329461,0.006596669523692755,1
2020-11-17,659.0,664.79,655.06,657.67,288255,658.596,668.931,669.755,0.9833386835484618,34.30902514929764,2.1332711213113953,5.738419119118456,0.006596669523692755,0.009969089005145542,0.020691367074467087,0.07868561677668517,530206.6,0.014794653853756471,-0.006644669819210303,0
2020-11-18,657.5,657.5,651.25,653.3,259089,656.088,666.662,669.732,0.9796276719643081,38.225096054727764,1.0492563383467086,4.8005865629641065,-0.006644669819210303,0.010012747420057132,0.01997096356307479,-0.10118124577197274,482421.2,0.009566814633399664,0.009046379917342806,1
2020-11-19,655.01,663.65,651.25,659.21,612059,656.66,663.85,669.947,0.9801670878442622,43.57562750769806,0.6594526612279878,3.972359782616883,0.009046379917342806,0.008464008299526564,0.020068102257581943,1.362350389248482,485819.4,0.01881039425979578,-0.013258294018598016,0
2020-11-20,659.99,660.99,648.55,650.47,680031,654.802,660.611,669.9495,0.9773900868647564,46.38458482320224,-0.3506721873548031,3.107753388622546,-0.013258294018598016,0.008930600284634835,0.020242171836023923,0.11105465322787511,507558.1,0.019124632957707586,-0.007486894091964236,0
2020-11-23,644.02,648.0,638.1,645.6,539629,653.25,657.607,669.1825,0.9761910988407497,29.790026246719165,-1.526574308753311,2.180887849147375,-0.007486894091964236,0.008761089463106905,0.019948389919905576,-0.20646411707701562,524552.2,0.015334572490706284,0.00827137546468415,1
2020-11-24,649.0,654.0,643.0,650.94,259511,651.904,655.25,666.6225000000001,0.9779207872521554,35.37994630559126,-2.0044853804045033,1.3438132032369992,0.00827137546468415,0.009638445614350628,0.013553978998107024,-0.5190936736165033,477556.6,0.016898638891449286,-0.008925553814483789,0
2020-11-25,652.0,654.9,642.0,645.13,372032,650.2700000000001,653.179,664.13,0.979130591902188,23.671075617669075,-2.8195497769356734,0.5111406072024647,-0.008925553814483789,0.009288974760369955,0.013524801742020837,0.4335885569397828,473249.1,0.019995969804535486,0.02016647807418659,1
2020-11-26,650.0,663.0,648.0,658.14,1106591,650.056,653.358,663.1155,0.9803058441553546,36.06224627875507,-2.38816661436681,-0.06872083711139026,0.02016647807418659,0.01093484449507471,0.01364494112246734,1.9744511224840875,489658.1,0.022791503327559488,-0.014449813109672749,0
2020-11-27,654.4,658.0,646.15,648.63,533676,649.688,652.245,661.898,0.9815530489592051,35.15444652083106,-2.7816052577744586,-0.6112977212440039,-0.014449813109672749,0.01170070811799171,0.013881772894494103,-0.5177296760953234,491810.1,0.018269275241663233,0.01059155450719218,1
2020-11-30,647.0,657.4,645.0,655.5,365934,651.668,652.4590000000001,661.7855000000001,0.9847118137221198,40.17164719263779,-2.5101215139170563,-0.9910624797786145,0.01059155450719218,0.011904994744671504,0.013223767748340253,-0.31431430306028374,501680.7,0.01891685736079325,0.00930587337910005,1
2020-12-01,655.1,667.79,655.1,661.6,612730,653.8,652.8520000000001,660.8915000000001,0.9892697969333845,47.74803484172509,-1.782205515009764,-1.1492910868248445,0.00930587337910005,0.012091283604698078,0.010967130924163184,0.6744276290259992,534128.2,0.019180773881499306,0.01198609431680775,1
2020-12-02,662.0,674.25,662.0,669.53,827309,658.68,654.475,660.5685,0.9971410989170691,57.1181680708576,-0.5589983305096666,-1.031232535561809,0.01198609431680775,0.01227437566681606,0.011312740870923944,0.3502015569663637,590950.2,0.018296416889459773,0.008827087658506816,1
2020-12-03,672.0,679.25,672.0,675.44,645522,662.14,656.098,659.9739999999999,1.003281947470658,58.245687841817436,0.8771782195177593,-0.6495503845458954,0.008827087658506816,0.012261618812985174,0.010805123811847058,-0.21973289303029464,594296.5,0.010733743929882742,-0.002812981167831463,0
2020-12-04,675.5,678.0,671.16,673.54,197318,667.122,658.405,659.508,1.0115449698866426,61.13932435416201,1.8408244827070348,-0.15147541109530932,-0.002812981167831463,0.011165725549249057,0.010734177471957004,-0.694328001214521,546025.2,0.010155298868664122,-0.004869792439944121,0
2020-12-07,674.51,677.5,668.31,670.26,222711,670.074,660.871,659.2389999999999,1.0164356174316145,57.029592406476816,2.313187515317395,0.3414571741872316,-0.004869792439944121,0.010906011651882017,0.010529998315557244,0.1286907428617765,514333.4,0.013711097186166643,0.0038492525288693624,1
2020-12-08,671.36,675.9,666.1,672.84,271135,672.322,663.061,659.1555000000001,1.0199748010901828,61.132634457611665,2.862723366903083,0.8457104127304019,0.0038492525288693624,0.01079404879893482,0.010565743674653077,0.2174297632357629,515495.8,0.014565126924677417,0.00025266036501991884,1
2020-12-09,673.0,679.0,671.0,673.01,476800,673.0179999999999,665.849,659.514,1.0204756836094455,58.41258229700068,3.2742090242205677,1.331410135028435,0.00025266036501991884,0.009993192016302384,0.010128590923159618,0.7585335718369077,525972.6,0.011886896182820463,0.0014412861621670991,1
2020-12-10,674.5,675.5,669.0,673.98,352073,672.7259999999999,667.433,660.3955,1.0186713870703237,65.83164983164977,3.6366640660024814,1.7924609212232445,0.0014412861621670991,0.008297011725389823,0.009507503295369035,-0.26159186241610743,450520.8,0.009644203092079884,0.00793792100655799,1
2020-12-11,674.5,686.65,671.0,679.33,854360,673.884,670.5029999999999,661.374,1.0189151675149009,72.56791114679507,4.3059759754783045,2.2951639320742565,0.00793792100655799,0.005922200767938108,0.009585055913451088,1.4266558355795529,482589.2,0.023037404501494083,0.027188553427641704,1
2020-12-14,682.1,702.9,682.0,697.8,1084914,679.392,674.733,663.596,1.023803639563831,76.66742544957879,6.254685010247272,3.0870681477088597,0.027188553427641704,0.00919396366680763,0.0107887496175432,0.2698557984924388,554487.2,0.02995127543708796,-0.017368873602751522,0
2020-12-15,702.98,705.4,681.01,685.68,799186,681.9599999999999,677.141,664.9965,1.025509156815111,71.53021131995324,6.743335279536268,3.818321574074342,-0.017368873602751522,0.011744275518942974,0.011701530153744977,-0.2633646537882265,573132.8,0.0355705285264263,-0.006533660016334042,0
2020-12-16,688.0,688.0,678.01,681.2,199773,683.5980000000001,678.308,666.3915,1.0258204073731434,63.46333489023825,6.69195488904154,4.393048237067782,-0.006533660016334042,0.011742683768362202,0.011697163263461133,-0.7500294049195055,510379.2,0.014665296535525556,0.003684674104521335,1
2020-12-17,682.0,685.0,680.0,683.71,235239,685.5440000000001,679.135,667.6165,1.0268529912007869,72.30417090539169,6.7756659233942855,4.869571774333083,0.003684674104521335,0.01151063336633313,0.01159194770408649,0.17753149825051429,469350.9,0.007313042079244124,0.0003949042722790619,1
2020-12-18,685.0,692.63,681.61,683.98,350153,686.474,680.179,669.292,1.0256719040418831,69.76679622431985,6.785574387079237,5.252772296882314,0.0003949042722790619,0.011428394628901743,0.0110418818815795,0.4884989308745573,484634.4,0.016111582210006112,-0.013436065382028795,0
2020-12-21,682.0,683.0,672.0,674.79,405146,681.8720000000001,680.632,670.7515,1.0165791653093583,58.778117928923166,5.982903532278783,5.398798543961608,-0.013436065382028795,0.012257973581509107,0.011401415345789917,0.15705420202025966,502877.9,0.016301367832955438,-0.008209961617688388,0
2020-12-22,677.0,677.0,667.51,669.25,384381,678.586,680.2729999999999,671.667,1.0103012355825134,49.80753368160573,4.843911796668522,5.287821194502991,-0.008209961617688388,0.012508836152672556,0.011539978454344011,-0.05125312850182406,514202.5,0.01418005229734779,0.009234217407545708,1
2020-12-23,666.63,680.34,665.0,675.43,412095,677.432,680.515,673.182,1.0063133001179474,49.993151623065266,4.389329533194086,5.10812286224121,0.009234217407545708,0.012882930989362678,0.011394062044521421,0.07210033794594417,507732.0,0.02271145788608743,0.035947470500274026,1
2020-12-24,679.5,705.0,679.5,699.71,1267715,680.632,683.088,675.2605000000001,1.0079547078497852,63.71737079358429,5.92002058564924,5.270502406922816,0.035947470500274026,0.0171104315862188,0.01310945092587057,2.0762688215096032,599296.2,0.03644366952022981,-0.0050163639221962875,0
2020-12-28,701.5,705.0,694.0,696.2,361789,683.076,684.775,677.6389999999999,1.008023446112163,63.56410792721193,6.771815335172278,5.570764992572708,-0.0050163639221962875,0.017259137837276724,0.012602882507173844,-0.7146133003080346,550039.1,0.01580005745475438,-0.01286986498132725,0
2020-12-29,695.0,697.5,681.15,687.24,384165,685.566,683.719,679.226,1.0093341538751461,57.058823529411754,6.647246374426231,5.786061268943413,-0.01286986498132725,0.01547122935871852,0.013005256106778657,0.061848204340098745,479964.2,0.0237908154356557,0.004787265002037078,1
2020-12-30,687.49,699.5,686.0,690.53,541803,689.8219999999999,684.204,680.6725,1.013441853461099,58.33333333333333,6.736347657324018,5.976118546619534,0.004787265002037078,0.014488260527786463,0.012918785642657934,0.41033930732888213,454225.9,0.019550200570576225,0.008051786309067,1
2020-12-31,691.9,702.48,686.0,696.09,378754,693.954,685.693,682.0005,1.0175271132499168,60.0765654908395,7.172921623613433,6.2154791620183145,0.008051786309067,0.014402045617053768,0.012791588642853348,-0.3009377947335101,472124.0,0.023675099484262118,0.00935223893462056,1
2021-01-01,705.0,714.45,700.0,702.6,829354,694.5319999999999,687.582,683.3585,1.016350861224379,60.49427257148011,7.952540296647953,6.562891388944243,0.00935223893462056,0.014574957563415553,0.012806818456525239,1.1896904059099045,531535.5,0.0205664674067749,-0.014916026188442899,0
2021-01-04,708.0,709.0,689.01,692.12,636632,693.7160000000001,688.396,684.2875,1.0137785652960196,47.23950233281496,7.636714011456888,6.777655913446772,-0.014916026188442899,0.015624825913097603,0.013324208879048524,-0.23237604207612195,560183.4,0.028882274750043357,-0.0022972894873721783,0
2021-01-05,692.21,698.0,689.1,690.53,213237,694.374,689.97,685.301,1.013239437852856,52.62587980508934,7.175406078484343,6.857205946454286,-0.0022972894873721783,0.014835266008696358,0.013272355766080823,-0.6650545370009676,540992.5,0.012888650746527997,0.018275817125975813,1
2021-01-06,691.05,709.99,691.0,703.15,691968,696.898,693.36,686.8165,1.0146785931904665,60.9214847248482,7.738935121557233,7.033551781474876,0.018275817125975813,0.015091390015584892,0.01378467729199704,2.245065349822029,571751.2,0.027007039749697804,-0.008817464267937059,0
2021-01-07,706.0,707.9,695.07,696.95,490574,697.07,695.512,688.0135,1.013163259151165,56.35438663851027,7.597666592665064,7.146374743712913,-0.008817464267937059,0.015606767954222292,0.014002879799745547,-0.2910452506474288,579599.1,0.018408781117727136,0.0009900279790515665,1
2021-01-08,700.0,703.9,695.01,697.64,220273,696.078,695.3050000000001,689.1965,1.0099848156512692,56.52963671128104,7.45544576128043,7.208188947226416,0.0009900279790515665,0.01057199905049659,0.014003922172982087,-0.5509892493283378,474854.9,0.012742961986124629,0.0003010148500659504,1
2021-01-11,698.0,708.0,696.16,697.85,512156,697.2239999999999,695.47,690.1225000000001,1.0102902021018005,62.05814683120689,7.275808975878931,7.22171295295692,0.0003010148500659504,0.010438282864187734,0.01393222944078002,1.3250965846926315,489891.6,0.016966396790141194,0.003983664111198548,1
2021-01-12,697.5,703.5,696.1,700.63,587390,699.244,696.809,690.2639999999999,1.0130095151999816,66.89640318759422,7.273919084457589,7.232154179257054,0.003983664111198548,0.009385686167669324,0.012574951180359506,0.1468966486773562,510214.1,0.010561922840871754,0.0048099567532078336,1
2021-01-13,704.99,710.9,703.0,704.0,589535,699.414,698.156,691.18,1.0119129604444574,65.86340921710163,7.458376644347254,7.277398672275094,0.0048099567532078336,0.0093864453941771,0.011896571559477554,0.003651747561245422,514987.3,0.011221590909090877,-0.0029119318181817233,0
2021-01-14,705.75,708.0,701.0,701.95,285816,700.414,698.742,692.2175,1.0118409314991315,51.6514302565615,7.354366166832392,7.292792171186554,-0.0029119318181817233,0.009236684043199477,0.011796825096792897,-0.5151840009499011,505693.5,0.009972220243607093,-0.005484721133983905,0
2021-01-15,703.75,703.75,697.82,698.1,463807,700.506,698.292,692.937,1.010923070928526,51.39377934272299,6.881943528701527,7.21062244268955,-0.005484721133983905,0.008909890229532978,0.0118880150435245,0.6227468021384388,469138.8,0.008494485030797808,-0.010528577567683772,0
2021-01-18,697.0,698.18,690.0,690.75,315784,699.086,698.155,693.2755,1.0083812279533895,52.637114951164534,5.847060338955771,6.937910021942795,-0.010528577567683772,0.008207294323610777,0.012170105557943319,-0.3191478351986926,437054.0,0.011842200506695549,0.00011581614187483602,1
2021-01-19,693.4,694.9,688.05,690.83,227616,697.126,698.185,694.0775000000001,1.004392160817776,50.23681717713931,4.9760030211896265,6.545528621792161,0.00011581614187483602,0.008173135202806128,0.011718589484309405,-0.2792035061941074,438491.9,0.009915608760476561,-0.008323321222297841,0
2021-01-20,688.0,692.69,682.0,685.08,587984,693.342,696.378,694.869,0.9978024634859232,41.33480245553282,3.7781546608748613,5.992053829608702,-0.008323321222297841,0.005473417143005245,0.011723427092502247,1.5832278925910304,428093.5,0.015604017049103833,0.021004846149354828,1
2021-01-21,686.5,707.0,686.5,699.47,683092,692.8460000000001,696.63,696.071,0.9953668519447012,47.80843019184988,3.9445338126411116,5.5825498262151845,0.021004846149354828,0.00880919678866931,0.012420880625373141,0.16175270075376202,447345.3,0.029307904556306916,-0.000929275022517051,0
2021-01-22,700.01,704.0,692.25,698.82,268685,692.99,696.748,696.0265,0.9956373787492286,55.44007794738556,3.978084044792695,5.261656669930687,-0.000929275022517051,0.008815714545669595,0.009476750462813505,-0.6066635240933871,452186.5,0.01681405798345783,0.006596834664148066,1
2021-01-25,699.99,705.6,698.0,703.43,558027,695.5260000000001,697.306,696.388,0.9987621842995572,59.984520123839026,4.326784835853914,5.074682303115333,0.006596834664148066,0.009045255227205472,0.009510295620502996,1.0768818504940731,456773.6,0.010804202266039297,0.009965454984860012,1
2021-01-26,701.01,715.5,701.0,710.44,1074142,699.448,698.287,697.548,1.002723826890766,56.17901339210044,5.109877651234001,5.081721372739067,0.009965454984860012,0.009464804449175397,0.009178116043435007,0.9248925231216412,505448.8,0.02040988683069647,0.010444231743708121,1
2021-01-27,712.98,723.0,711.0,717.86,732244,706.004,699.673,698.9145000000001,1.0101435869480457,67.36422521175885,6.257088516261433,5.316794801443541,0.010444231743708121,0.009848200484308501,0.009363518271757215,-0.31829869793751664,519719.7,0.016716351377705958,0.014027804864458204,1
2021-01-28,715.0,734.85,714.99,727.93,1383618,711.6960000000001,702.271,700.5065000000001,1.0159734420736997,71.76318436556977,7.887899438818295,5.831015728918492,0.014027804864458204,0.010354283058425322,0.009658052916682541,0.8895586716995973,629499.9,0.027282843130520814,-0.0008792054181033793,0
2021-01-29,729.0,744.9,721.1,727.29,1758452,717.39,705.19,701.741,1.022300250377276,71.02256498143387,9.024655581119873,6.469743699358768,-0.0008792054181033793,0.009997175698771827,0.00953407213712664,0.27090858893133807,758964.4,0.03272422279970845,-0.021490739594934638,0
2021-02-01,732.0,742.99,710.03,711.66,1901245,719.036,707.2810000000001,702.7180000000001,1.0232212637217204,56.65500181006394,8.565593805645449,6.888913720616104,-0.021490739594934638,0.012153873944806683,0.010227845058748124,0.08120380880456213,917510.5,0.046314251187364805,0.004327909394935769,1
2021-02-02,713.97,719.9,710.51,714.74,398648,719.896,709.672,703.9285,1.0226834117385502,56.50278517800922,8.354014422517139,7.1819338609963115,0.004327909394935769,0.012113683617870007,0.010207609197310301,-0.7903226569958106,934613.7,0.013137644458124613,0.023323166466127532,1
2021-02-03,718.0,735.25,718.0,731.41,1459068,722.606,714.305,705.3415,1.024476795991729,65.1543209876543,9.422845225792344,7.630116133955519,0.023323166466127532,0.012803236751218479,0.010688149321779422,2.6600409383716963,1021722.1,0.02358458320230787,0.013344088814755128,1
2021-02-04,731.99,754.88,730.01,741.17,1869060,725.2539999999999,718.475,707.5525,1.0250179315315824,70.88546212782464,10.931440923791001,8.290381091922615,0.013344088814755128,0.012055516843659618,0.010653498823967296,0.280995813766048,1140318.9,0.033555054845716914,-0.002401608268008615,0
2021-02-08,746.0,748.0,737.5,739.39,468784,727.674,722.5319999999999,709.6400000000001,1.0254128854066848,74.93336067254464,11.846819992891938,9.00166887211648,-0.002401608268008615,0.012156392360805107,0.010716237750935751,-0.7491872920077471,1160328.8,0.014200895332639067,0.003705757448707825,1
2021-02-09,740.0,748.7,737.25,742.13,601594,733.7679999999999,726.402,711.854,1.0307844024195971,75.5988023952096,12.647566329163169,9.73084836352582,0.003705757448707825,0.012167748256921193,0.010698723813273466,0.28330745076623765,1164685.5,0.015428563728726835,0.03383504237802004,1
2021-02-10,742.17,777.0,742.0,767.24,2044488,744.268,732.082,715.1845000000001,1.040665730311549,84.35931749749084,15.133876805396653,10.811454051899986,0.03383504237802004,0.015134464175565457,0.012715526797902084,2.3984514473216154,1261720.1,0.045618059538084565,0.004066524164537899,1
2021-02-11,769.98,791.0,764.01,770.36,2313025,752.058,737.332,718.5025,1.0467019947738525,82.73155416012563,17.15826391007647,12.080816023535284,0.004066524164537899,0.015146136349501958,0.01271605221708056,0.1313468213068505,1419798.2,0.03503556778648945,0.02526091697388244,1
2021-02-12,773.0,800.0,770.55,789.82,1054215,761.788,743.521,722.896,1.0538002700250106,85.79858379228956,20.101151084283515,13.684883035684932,0.02526091697388244,0.016096672865616096,0.013384125004945931,-0.5442267160968861,1386857.9,0.03728697677951944,0.00302600592540081,1
2021-02-15,805.0,807.9,790.11,792.21,800181,772.3520000000001,750.013,727.6015,1.0615041337875197,85.54612427930817,22.368414242601943,15.421589277068335,0.00302600592540081,0.015895094593880915,0.013132726607221768,-0.2409698211465403,1291030.8,0.02245616692543639,0.04904002726549761,1
2021-02-16,798.0,834.9,798.0,831.06,1516616,790.138,761.953,734.617,1.0755781584145208,88.48264420622768,26.988994617437356,17.73507034514214,0.04904002726549761,0.01664099971718286,0.01560726396285503,0.8953411790582382,1252567.9,0.044401126272471274,0.022405121170553377,1
2021-02-17,842.0,859.9,834.0,849.68,1175311,806.626,775.447,742.5595000000001,1.086277934630154,89.25083373034781,31.786896681853136,20.54543561248434,0.022405121170553377,0.016239024156274446,0.015704691178763528,-0.22504378168237704,1330234.2,0.03048206383579698,-0.01719470859617722,0
2021-02-18,851.0,860.0,833.25,835.07,612541,819.568,785.813,750.059,1.0926713765183806,81.06227531021693,34.018222838511065,23.239993057689688,-0.01719470859617722,0.019390432557324054,0.016375790363563705,-0.47882645529566215,1245581.5,0.032033242722167,-0.004682242207240228,0
2021-02-19,838.75,845.5,825.03,831.16,482290,827.836,794.812,756.6435,1.0940898851308443,79.55386103681786,35.066831960240165,25.605360838199786,-0.004682242207240228,0.020227288763376924,0.016480340786765788,-0.2126404599855357,1106904.5,0.0246282304249483,-0.0016964242745078906,0
2021-02-22,837.5,838.0,826.02,829.75,273128,835.344,803.848,763.1899999999999,1.094542643378451,86.55810785709866,35.3762911643272,27.55954690342527,-0.0016964242745078906,0.02017379878140737,0.016505025862158,-0.43368512720562313,1087338.9,0.014438083760168748,-0.0014582705634227366,0
2021-02-23,831.0,838.0,828.0,828.54,196221,834.8399999999999,812.4889999999999,769.4455,1.0849891252856763,85.64269606614886,35.11907212292158,29.071451947324533,-0.0014582705634227366,0.02046730731130655,0.016657935401170477,-0.2815786005096511,1046801.6,0.01206942332295363,0.009800371738238445,1
2021-02-24,829.0,845.0,823.2,836.66,546902,832.2359999999999,819.4309999999999,775.7565,1.072805706429788,84.83023363558146,35.16507917455044,30.290177392769717,0.009800371738238445,0.01887072109187449,0.016657132866509827,1.7871736460419627,897043.0,0.026055984509836677,0.03462577391054911,1
2021-02-25,850.5,873.8,844.0,865.63,708009,838.348,828.958,783.145,1.0704888622158093,86.54139753376397,37.11138009335309,31.654417932886393,0.03462577391054911,0.02041961931401455,0.01766502504360285,0.2945811132524656,736541.4,0.034425793930432116,0.02206485449903539,1
2021-02-26,868.0,897.0,868.0,884.73,1142025,849.0620000000001,838.449,790.9849999999999,1.0734236426733759,88.73254450485024,39.73698474377284,33.27093129506368,0.02206485449903539,0.02021143038925295,0.017862577802950922,0.6130091566632627,745322.4,0.032778361760084994,0.0030969900421597973,1
2021-03-01,884.99,904.0,876.7,887.47,793258,860.6060000000001,847.975,798.994,1.0771119683001376,88.73254450485024,41.559814771950414,34.928707990441026,0.0030969900421597973,0.020208099454446665,0.017757510919814996,-0.3053934896346402,744630.1,0.03076160320912251,-0.010524299412937976,0
2021-03-02,892.01,895.0,875.15,878.13,665484,870.524,852.682,807.3175,1.0782919978818741,82.26360197846958,41.76927060859157,36.296820514071136,-0.010524299412937976,0.016358013392623875,0.016876538344956657,-0.16107495921881654,659516.9,0.02260485349549614,0.0023231184448770925,1
2021-03-03,881.89,885.8,874.0,880.17,575797,879.226,855.731,815.589,1.0780258193771617,82.15143175030742,41.62010614318399,37.36147763989371,0.0023231184448770925,0.01526802914659697,0.016922258796662162,-0.1347695812371147,599565.5,0.013406501016848966,-0.025233761659679277,0
2021-03-04,857.25,871.97,845.51,857.96,1162982,877.692,858.0200000000001,821.9165,1.0678602996776436,69.63462425080684,39.25719830113326,37.740621772141616,-0.025233761659679277,0.016636935917134586,0.018417656761811552,1.0197778036356562,654609.6,0.03084059862930677,0.013706932724136367,1
2021-03-05,860.0,879.5,852.01,869.72,540954,874.6900000000002,861.876,828.344,1.0559501849473167,71.1903329870414,37.896661407205784,37.77182969915445,0.013706932724136367,0.016730169639884187,0.018423199417172065,-0.5348560854768174,660476.0,0.03160787379846388,-0.03257370188106523,0
2021-03-08,887.0,887.0,830.21,841.39,1124583,865.4739999999999,863.04,833.4440000000001,1.038430896376961,52.99646110111969,34.13889989307813,37.04524373793919,-0.03257370188106523,0.02046770130443709,0.020458878531176908,1.0788884082565247,745621.5,0.06749545395119975,-0.017055111185062866,0
2021-03-09,838.75,838.75,810.01,827.04,1051418,855.256,862.89,837.6895000000001,1.0209701804785662,43.26591314693635,29.661008109723525,35.568396612296056,-0.017055111185062866,0.021302422069081298,0.02113327982491471,-0.0650596710069421,831141.2,0.034750435287289626,-0.017157573998839215,0
2021-03-10,827.25,835.0,811.5,812.85,579512,841.792,860.509,839.97,1.0021691250878006,43.374284351145036,24.68270533803866,33.39125835744458,-0.017157573998839215,0.021630860177690416,0.02062270148600564,-0.4488281539787221,834402.2,0.028910623116196098,-0.016522113551085793,0
2021-03-11,817.0,819.0,792.01,799.42,1105682,830.0840000000001,853.8880000000001,841.423,0.9865240194289912,41.044018058690746,19.429702250957575,30.598947136147178,-0.016522113551085793,0.01748036592038399,0.021080286108693377,0.9079535885365617,874169.5,0.0337619774336394,0.031547872207350336,1
2021-03-12,804.99,836.0,799.42,824.64,1221430,821.068,847.8789999999999,843.164,0.9737939475594309,48.72891895925575,17.104532285284677,27.90006416597468,0.031547872207350336,0.01942845500793261,0.021487369511529967,0.10468471043211336,882110.0,0.044358750485060196,0.02328288707799775,1
2021-03-15,840.0,849.0,823.0,843.84,1114962,821.558,843.516,845.7455,0.9714009710959148,53.493150684931514,16.61951841149221,25.643955015078188,0.02328288707799775,0.02151239324830445,0.02199109158652816,-0.08716668167639574,914280.4,0.03081152825180129,-0.0023464163822526363,0
2021-03-16,845.0,849.0,837.13,841.86,413832,824.5220000000002,839.8889999999999,846.2855,0.9742835012534189,51.221460114629345,15.892176847563633,23.69359938157528,-0.0023464163822526363,0.021426745444386226,0.019201816452693417,-0.6288375747334887,889115.2,0.014099731546813014,0.008730667806998715,1
2021-03-17,850.0,855.5,847.11,849.21,494442,831.7939999999999,836.793,846.262,0.9829036397711346,45.70696507006904,15.727539703772777,22.10038744601478,0.008730667806998715,0.021730590070953,0.018627667222212502,0.19478918981615734,880979.7,0.009879770610331939,-0.00997397581281434,0
2021-03-18,849.9,854.74,837.01,840.74,463917,840.058,835.0710000000001,846.5455,0.992336501700145,37.82182603399591,14.743649751187036,20.62903990704923,-0.00997397581281434,0.020526476225756783,0.018341856387555568,-0.06173626026915191,811073.2,0.021088564835739964,-0.0014511026000904037,0
2021-03-19,840.0,849.78,820.0,839.52,370079,843.034,832.051,846.9635000000001,0.9953604848378943,36.61287620749344,13.70745506182584,19.24472293800455,-0.0014511026000904037,0.01979790450539062,0.01830802775678178,-0.20227325146524056,793985.7,0.03547265103868874,-0.0006194015627977167,0
2021-03-22,837.55,844.0,827.02,839.0,181013,842.066,831.8119999999999,847.426,0.9936749639496546,38.50942620543843,12.69792982016861,17.93536431443736,-0.0006194015627977167,0.016928134234914127,0.01830231692438992,-0.5108801093820509,699628.7,0.020238379022646028,-0.0006674612634087751,0
2021-03-24,842.0,851.49,836.5,838.44,351561,841.382,832.952,847.921,0.9922881966598303,37.63848569228038,11.717613122913917,16.691814076132673,-0.0006674612634087751,0.01587064261585157,0.01829823256339543,0.9421864727947717,629643.0,0.017878440914078537,0.006714851390677845,1
2021-03-25,839.95,855.15,839.95,844.07,459233,840.354,836.074,848.2915,0.990642957049552,45.43722488666974,11.26514148691183,15.606479558288505,0.006714851390677845,0.0144907605499736,0.018230818350584762,0.30626832896709244,617615.1,0.018007985119717476,-0.008672266518179872,0
2021-03-26,845.0,849.9,832.01,836.75,273669,839.5560000000002,839.807,846.8475000000001,0.991389831108907,38.84414969208907,10.198331612700485,14.524849969170901,-0.008672266518179872,0.013437732938478567,0.016462466942105267,-0.4040737490554903,534413.8,0.02138034060352553,-0.0230176277263221,0
2021-03-29,837.5,837.5,808.88,817.49,396905,835.15,839.092,843.4855,0.990117790999371,41.38428262436916,7.709881350994124,13.161856245535548,-0.0230176277263221,0.01233745402137697,0.016139745725292785,0.4503104114824843,451961.3,0.03500960256394574,0.0004036746626869814,1
2021-03-30,820.0,830.0,814.0,817.82,496538,830.914,836.49,840.0029999999999,0.9891798005483314,46.302534488290064,5.698703723150061,11.669225741058451,0.0004036746626869814,0.009061160594532203,0.016090149541080238,0.2510248044242325,390118.9,0.01956420728277616,-0.0002812354796899452,0
2021-03-31,825.0,828.99,811.03,817.59,407884,826.744,834.0630000000001,836.976,0.9877750377549656,52.140534682080926,4.039704684547019,10.143321529756165,-0.0002812354796899452,0.009103424490690052,0.016032967831125313,-0.1785442403199755,389524.1,0.021967000574860302,-0.008170354334079533,0
2021-04-01,821.0,821.0,810.0,810.91,322565,820.1120000000001,830.233,833.5129999999999,0.9839222663593731,55.52563239395979,2.1610050994928542,8.546858243703502,-0.008170354334079533,0.008235103134348462,0.016006014279347502,-0.20917466730737166,372336.4,0.013565007214117474,0.007078467400821298,1
2021-04-02,814.98,819.0,805.01,816.65,105787,816.092,827.824,831.4475,0.9815316060244332,45.271629778672036,1.1223543693280362,7.0619574688284095,0.007078467400821298,0.00874246718560647,0.015364397899380813,-0.6720443941531165,336523.4,0.017130961856364427,-0.01659217535051727,0
2021-04-05,818.0,824.0,801.02,803.1,228066,813.2139999999999,824.182,828.1164999999999,0.9820043435917531,24.16286149162866,-0.7851053693404992,5.492544901194629,-0.01659217535051727,0.009725621016688155,0.015190391965403673,1.1558981727433428,322322.1,0.02861412028389991,0.027344041837878086,1
2021-04-06,806.0,833.01,805.8,825.06,328877,814.662,822.7879999999999,827.3,0.9847238003142754,41.499696417729176,-0.5188119410113359,4.290273532753436,0.027344041837878086,0.01400594413427376,0.0151393045756236,0.4420255540062965,337108.5,0.03297941967856888,0.015744309504763354,1
2021-04-07,829.7,855.0,822.0,838.05,1041871,818.754,822.749,827.8504999999999,0.9890119049272786,44.658242389431315,0.731974214414663,3.578613669085682,0.015744309504763354,0.01504829193786525,0.015070255737155758,2.1679655311864314,406139.5,0.03937712546984071,0.019784022433029014,1
2021-04-08,850.0,856.0,843.0,854.63,304831,827.4979999999999,823.805,829.9395000000001,0.997058219303937,56.169494536732685,3.0262143736298412,3.4681338099945136,0.019784022433029014,0.016213354541322816,0.015021270391428808,-0.707419632564876,390699.3,0.015211261013538022,0.004107040473655177,1
2021-04-09,856.98,863.0,854.5,858.14,448335,835.7959999999999,825.9439999999998,832.8755000000001,1.003506526485651,58.105519763189974,5.06920920636378,3.788348889268367,0.004107040473655177,0.015833758851655142,0.014330345633079786,0.47076576857340635,408165.9,0.009905143682848953,0.0022257440510871085,1
2021-04-12,854.99,872.0,854.98,860.05,571915,847.1859999999999,830.2,834.646,1.0150243336696037,59.053763440860195,6.764442090057059,4.383567529426106,0.0022257440510871085,0.01305758789561388,0.012737029131413445,0.2756420979847658,425666.9,0.019789547119353507,-0.00034881692924826346,0
2021-04-13,855.81,863.9,854.0,859.75,284451,854.124,834.393,835.4414999999999,1.0223624275308327,59.18613673592549,7.991596718705068,5.105173367281899,-0.00034881692924826346,0.013090198944780904,0.011733000006054636,-0.5026341326945438,404458.2,0.011514975283512623,0.006850828729281666,1
2021-04-14,857.0,874.0,857.0,865.64,281632,859.642,839.198,836.6305,1.0275049738205815,59.27741935483868,9.331827875409772,5.950504268907474,0.006850828729281666,0.012958721921230319,0.011775116700888858,-0.009910318473128954,391833.0,0.019638648860958365,-0.006480754124116306,0
2021-04-15,870.0,870.0,858.95,860.03,87892,860.722,844.11,837.1715,1.0281310340832195,60.16238868517547,9.82799954661266,6.726003324448511,-0.006480754124116306,0.012765879447626138,0.011772003606454935,-0.6879189864788092,368365.7,0.012848389009685657,0.0010697301256934466,1
2021-04-16,868.0,868.0,858.5,860.95,43149,861.284,848.54,838.182,1.027562033066804,72.5883575883576,10.178128354003888,7.416428330359587,0.0010697301256934466,0.012849115088331866,0.01150091663462613,-0.5090679470258954,362101.9,0.01103432255067077,-0.006539287995818599,0
2021-04-19,850.01,862.8,840.1,855.32,246943,860.338,853.7620000000001,838.972,1.025466880897098,68.47290640394088,9.887338919863168,7.910610448260304,-0.006539287995818599,0.011231294491034676,0.011619502895153852,4.7230295024218405,363989.6,0.026539774587288886,0.009446756769396103,1
2021-04-20,860.0,873.55,853.01,863.4,243515,861.068,857.5959999999999,840.192,1.0248467017062766,70.94650205761316,10.191394617674632,8.36676728214317,0.009446756769396103,0.008647453218946832,0.011762943769037583,-0.013881745989965277,355453.4,0.023789668751447723,-0.01216122307157752,0
2021-04-21,869.99,869.99,850.6,852.9,125228,858.5200000000001,859.0810000000001,840.915,1.0209355285611508,68.55173632588145,9.47586680692666,8.588587187099868,-0.01216122307157752,0.009135360945317441,0.012148847220038653,-0.485748311192329,263789.1,0.02273420096142571,-0.008816977371321366,0
2021-04-22,852.0,854.0,844.0,845.38,210183,855.5899999999999,858.156,840.9805,1.0173719842493374,62.49673771204875,8.207394968797303,8.512348743439356,-0.008816977371321366,0.007136166924046428,0.012255237416959523,0.6784025936691476,254324.3,0.011828999976342,0.0005677919988644753,1
2021-04-23,842.41,849.0,835.5,845.86,163155,852.5719999999999,856.9280000000001,841.4359999999999,1.0132345181332865,70.98547310561446,7.1583370332965615,8.241546401410798,0.0005677919988644753,0.006936132741846522,0.012078086698395952,-0.2237478768501734,225806.3,0.01596008795781808,0.025902631641169904,1
2021-04-26,845.8,878.15,841.0,867.77,934830,855.0620000000001,857.7,843.95,1.0131666567924642,70.97122655406072,8.002655322767055,8.19376818568205,0.025902631641169904,0.01110605127867292,0.011994402095494195,4.729704881860807,262097.8,0.04281088306809405,-0.008758081058344969,0
2021-04-27,866.0,872.9,857.0,860.17,396890,854.4159999999999,857.742,846.0674999999999,1.0098674160158616,61.46827042720864,7.966692098588396,8.14835296826332,-0.008758081058344969,0.011525681661642789,0.012272780681597324,-0.5754415241273815,273341.7,0.018484718137112405,-0.007033493379215661,0
2021-04-28,862.0,871.0,851.5,854.12,374218,854.6600000000001,856.5899999999999,847.894,1.0079797710562879,49.70317774415086,7.365106186783578,7.991703611967371,-0.007033493379215661,0.011459269509929378,0.012447798788181523,-0.057124140189977024,282600.3,0.022830515618414274,-0.009787851824099691,0
2021-04-29,855.0,859.9,845.0,845.76,197774,854.7360000000001,855.1629999999999,849.6365,1.0060019784931558,43.17981489643014,6.142950772272343,7.621953044028365,-0.009787851824099691,0.011671778911352572,0.012524160006391083,-0.4715005691869445,293588.5,0.017617290957245527,-0.009033295497540617,0
2021-04-30,855.0,855.0,835.0,838.12,140836,853.1880000000001,852.8799999999999,850.71,1.00291286102197,38.63612809617578,4.505957774894341,6.9987539902015605,-0.009033295497540617,0.011849851578792769,0.012709310755461676,-0.2878942631488467,303357.2,0.023862931322483655,-0.006598100510666671,0
2021-05-03,838.15,842.0,824.01,832.59,271327,846.152,850.607,852.1845,0.9929211338624442,36.64962642548171,2.730923856437016,6.1451879634486515,-0.006598100510666671,0.011852026587510207,0.012149877487903178,0.926545769547559,305795.6,0.02160727368812982,0.017451566797583418,1
2021-05-04,835.01,851.0,835.0,847.12,155996,843.542,848.9789999999999,853.2875,0.9885788787483702,41.609278724175425,2.4681944461763123,5.4097892599941835,0.017451566797583418,0.012975204135824385,0.011224551101818378,-0.42506274716486014,297043.7,0.018887524789876285,0.0095382000188875,1
2021-05-05,848.0,857.0,848.0,855.2,157005,843.758,849.2090000000001,854.1450000000001,0.9878393012895936,47.85961180537094,2.8787831481522517,4.903588037625797,0.0095382000188875,0.012868892425982943,0.010887251894029438,0.006468114567040217,300221.4,0.010523854069223572,0.027139850327408732,1
2021-05-06,859.0,884.4,859.0,878.41,897774,850.2880000000001,852.512,855.3340000000001,0.994100550194427,56.4609236234458,5.019172779066139,4.926704985913865,0.027139850327408732,0.014889724247232549,0.011650253788663809,4.718123626636094,368980.5,0.028915882105167268,0.04039116130280851,1
2021-05-17,920.0,920.0,906.0,913.89,2327403,865.442,859.3149999999999,858.1215,1.0085308432430606,67.7517124325635,9.46923106221459,5.835210201174011,0.04039116130280851,0.01872059520568365,0.014551726885617813,1.5924152403611598,585405.3,0.015319130311087769,-0.006061998708816074,0
2021-05-18,913.0,915.0,905.05,908.35,577355,880.594,863.3729999999999,860.5364999999999,1.0233081339373753,63.83672966816477,12.405895175083288,7.149347195955867,-0.006061998708816074,0.018025211123730716,0.01469972090763634,-0.751931659450469,549657.8,0.010953927450872512,-0.009875048164253886,0
2021-05-19,900.0,909.0,891.0,899.38,396210,891.046,867.2940000000001,862.518,1.0330752517628619,64.44375388440027,13.849767113369694,8.489431179438633,-0.009875048164253886,0.01812124854120293,0.014960407550098304,-0.3137497726701942,549589.8,0.0200137872756788,-0.004403033200649387,0
2021-05-20,900.0,901.99,891.1,895.42,280283,899.0899999999999,871.424,864.007,1.0406049950984193,65.90186856489132,14.507276271703859,9.693000197891678,-0.004403033200649387,0.01795170196751652,0.014994235126880343,-0.29258978824360815,540196.3,0.01216189050948157,0.007125147975251878,1
2021-05-21,900.0,905.9,893.02,901.8,464808,903.768,877.0279999999999,866.0955,1.0434969353841466,67.13428081352609,15.366039557900876,10.827608069893518,0.007125147975251878,0.01719752141459856,0.014907259520441044,0.6583524509156817,566899.7,0.01428254601907296,0.007252162341982782,1
2021-05-24,905.03,914.25,902.0,908.34,1080522,902.658,884.05,868.4649999999999,1.0393717651258256,63.71813079055929,16.385457636170145,11.939177983148845,0.007252162341982782,0.01630390820292706,0.014940578569068538,1.3246630866938607,660868.3,0.013486139551269347,-0.0014201730629500586,0
2021-05-25,914.0,920.0,905.55,907.05,901211,902.3979999999999,891.4959999999999,871.0514999999999,1.035986965179441,66.55834981633228,16.89451216887494,12.930244820294064,-0.0014201730629500586,0.015857984951453415,0.014815716656698908,-0.16594849526432598,723856.7,0.015930764566451736,-0.0013670690700623434,0
2021-05-26,908.0,914.0,903.0,905.81,589475,903.684,897.365,873.1719999999999,1.0349438598580807,68.89945155393049,17.00189663559388,13.744575183354028,-0.0013670690700623434,0.015822423640859326,0.014766968632075005,-0.3459078950434471,767204.6,0.012143827071902497,0.012651659840363871,1
2021-05-27,907.05,925.0,906.0,917.27,6897768,908.0539999999999,903.5719999999999,876.3905000000001,1.036129442297697,75.56667858419732,17.80646399116449,14.556952944916121,0.012651659840363871,0.015911972662292873,0.014510241798747932,10.70154459476653,1441280.9,0.020713639386440198,-0.002125873515976706,0
2021-05-28,915.5,921.0,910.0,915.32,689178,910.758,907.2629999999999,879.8875,1.03508459888338,78.77161598091831,18.078344808307747,15.261231317594447,-0.002125873515976706,0.014449618091815003,0.014280726699167688,-0.9000868106900667,1420421.3,0.012017655027749857,0.018791242407026898,1
2021-05-31,915.32,939.0,915.0,932.52,1026625,915.594,909.126,884.2205,1.0354815343005506,84.26249742851263,19.45741559315445,16.10046817270645,0.018791242407026898,0.009044905721375044,0.014622268866046525,0.4896369297917229,1290343.5,0.02573671342169605,0.008814824346930816,1
2021-06-01,933.9,945.0,931.05,940.74,385663,922.332,912.365,887.8689999999999,1.0388154108320036,83.55074541284401,20.97187372267058,17.074749282699276,0.008814824346930816,0.008780785936774244,0.013812772119888399,-0.624338974796055,1271174.3,0.014828751833662909,-0.006292918340880527,0
2021-06-02,941.0,941.0,915.3,934.82,528201,928.134,915.9089999999999,891.6015000000001,1.040974022587445,78.98223645894001,21.447168568044617,17.949233139768346,-0.006292918340880527,0.008228190076452747,0.01370222592664578,0.3695921050243347,1284373.4,0.027491923578870845,-0.01958665839412943,0
2021-06-03,933.0,936.99,910.36,916.51,710856,927.982,918.0179999999998,894.7209999999999,1.0371747170346959,64.38170013589007,20.114511611365515,18.38228883408778,-0.01958665839412943,0.010898702191342053,0.014510351856699988,0.3458058579972396,1327430.7,0.029055875004091604,-0.0005891916072928716,0
2021-06-04,921.99,921.99,912.0,915.97,332788,928.1120000000001,919.4350000000001,898.2315000000001,1.033265923094436,51.066447908121425,18.79810503150179,18.46545207357058,-0.0005891916072928716,0.010798401543682203,0.014205233433124376,-0.5318489258021315,1314228.7,0.010906470735941143,-0.0010699040361583645,0
2021-06-07,919.99,921.01,911.15,914.99,291240,924.606,920.1,902.075,1.0249768589086272,53.57142857142856,17.474332297631236,18.267228118382715,-0.0010699040361583645,0.010634942959462327,0.013926905936711495,-0.12484825173984637,1235300.5,0.010776074055454173,0.0012459152559043396,1
2021-06-08,914.02,919.0,912.52,916.13,236766,919.684,921.008,906.2520000000001,1.0148214845318961,59.83789498414188,16.328990898756842,17.87958067445754,0.0012459152559043396,0.010607023103359202,0.013706978522330706,-0.18704161516275242,1168856.0,0.007073231964895832,-0.0020193640640521204,0
2021-06-09,919.98,919.99,910.0,914.28,385439,915.576,921.8550000000001,909.6099999999999,1.0065588548938558,61.358708744880744,15.097979934980572,17.323260526562148,-0.0020193640640521204,0.010625509277648795,0.013456292252605738,0.6279322199978037,1148452.4,0.010926630791442456,0.0006671916699478864,1
2021-06-10,913.0,918.5,912.21,914.89,345141,915.2520000000001,921.617,912.5944999999999,1.0029120271928005,58.47249190938512,14.01011687293385,16.66063179583649,0.0006671916699478864,0.009807410915672738,0.013407017957489808,-0.10455091467132283,493189.7,0.006875143459869453,-0.0035960607286121826,0
2021-06-11,918.99,918.99,907.1,911.6,373422,914.3779999999999,921.2450000000001,914.2540000000001,1.000135629704655,52.202702702702695,12.735692914088759,15.875644019486945,-0.0035960607286121826,0.009850140640927688,0.012262997655012424,0.08194042434830973,461614.1,0.013043001316366811,0.007876261518209748,1
2021-06-14,919.99,923.0,913.5,918.78,221515,915.1360000000001,919.8710000000001,914.4984999999999,1.0006971033850796,57.34134434847918,12.164840035630846,15.133483222715725,0.007876261518209748,0.00790431271346187,0.008461231149165565,-0.406797135680276,381103.1,0.010339798428350639,-0.008435098717864964,0
2021-06-15,920.01,929.8,910.05,911.03,362990,914.116,916.9,914.6325,0.9994352923168595,53.02083333333336,10.960726355521274,14.298931849276837,-0.008435098717864964,0.007270948788439697,0.008571082414749475,0.6386700674897863,378835.8,0.021678759206612296,-0.00019757856492097492,0
2021-06-16,914.0,916.99,909.0,910.85,373462,913.4300000000001,914.503,915.2059999999999,0.9980594532815564,45.726837060702884,9.878064909788577,13.414758461379185,-0.00019757856492097492,0.007236399630583993,0.008240206083350719,0.02884927959447925,363361.9,0.008772026129439545,0.002612943953450131,1
2021-06-17,914.99,924.9,912.0,913.23,521048,913.098,914.175,916.0965,0.9967268732060433,48.61681005956318,9.10711289492906,12.553229348089161,0.002612943953450131,0.004207443828079595,0.008162017894906214,0.3951834457053194,344381.1,0.014125685752767623,0.012943070201373086,1
2021-06-18,918.5,933.0,915.85,925.05,523260,915.7879999999999,915.083,917.259,0.9983963090032367,44.67721248396747,9.342211881635308,11.91102585479839,0.012943070201373086,0.0059411256488183396,0.00848832923936635,0.004245290261166046,363428.3,0.018539538403329527,-0.013296578563320893,0
2021-06-21,923.0,923.9,912.0,912.75,266463,914.582,914.859,917.4795,0.996841891290214,31.151515151515085,8.438745710175908,11.216569825873895,-0.013296578563320893,0.007475130688967805,0.008961383683958777,-0.4907636738906088,360950.6,0.013037523966036677,-0.0030457408929059904,0
2021-06-22,917.9,918.89,908.0,909.97,202712,914.3700000000001,914.243,917.6255000000001,0.996452256394357,32.52707073548018,7.41296741960025,10.455849344619168,-0.0030457408929059904,0.00750476059781766,0.008984959575981203,-0.23924897640572984,357545.2,0.011967427497609796,-0.008626658021693046,0
2021-06-23,909.0,917.0,901.0,902.12,236751,912.624,913.027,917.441,0.9947495261275657,38.13685078318215,5.898605882316133,9.544400652158561,-0.008626658021693046,0.007918270856785285,0.00919572508628644,0.1679180314929556,342676.4,0.017735999645280005,0.003580454928390875,1
2021-06-24,902.0,908.0,900.01,905.35,296881,911.048,912.073,916.845,0.9936772300661507,41.616671929270574,4.902583528235255,8.616037227373901,0.003580454928390875,0.008051560592388745,0.008742914878747721,0.2539799198313841,337850.4,0.008825316176064515,-0.02729331197879281,0
2021-06-25,912.0,913.99,875.0,880.64,820508,902.1659999999999,908.9770000000001,915.1110000000001,0.9858541750672868,30.274491788216324,2.0951861450865863,7.311867010916439,-0.02729331197879281,0.011599878720194787,0.01058794525277902,1.7637605639970224,382559.0,0.044274618459302334,-0.021802325581395277,0
2021-06-28,880.0,880.0,858.01,861.44,779280,891.9040000000001,903.243,911.557,0.9784401853093115,23.989346523352012,-1.6598424160138165,5.517525125530389,-0.021802325581395277,0.012179779918051104,0.010304649674277704,-0.05024692020065613,438335.5,0.025527024517087677,0.0044344353640415335,1
2021-06-29,866.0,873.0,863.0,865.26,290286,882.9620000000001,898.6659999999999,907.7830000000001,0.9726575624350753,27.114845938375296,-4.278171432078125,3.5583858140086866,0.0044344353640415335,0.012608083041027117,0.010063792459161742,-0.6274946104096089,431065.1,0.011557219795206065,-0.0021034140027273995,0
2021-06-30,868.9,875.5,860.0,863.44,252524,875.226,893.925,904.2139999999999,0.96794121745516,26.248730495799037,-6.425999904127593,1.5615086703814305,-0.0021034140027273995,0.012540485826928894,0.010059884051697134,-0.13008550188434853,418971.3,0.017951450013897894,0.028444362086537556,1
2021-07-01,866.0,894.99,865.5,888.0,468976,871.756,891.402,902.7885,0.9656259467195251,40.89365642846114,-6.076338451697552,0.033939245965634024,0.028444362086537556,0.016406752568863415,0.01171820515896528,0.8571541714846906,413764.1,0.03320945945945947,0.008930180180180214,1
2021-07-02,891.99,912.7,890.14,895.93,638686,874.814,888.49,901.7864999999999,0.9700899270503606,41.23379114555356,-5.1005485564696755,-0.992958314521428,0.008930180180180214,0.016026945798354897,0.011948785584368944,0.3618735287093582,425306.7,0.025180538658154165,-0.01634056232071701,0
2021-07-05,894.95,899.9,878.6,881.29,123584,878.784,885.344,900.1015000000001,0.9763165598546385,39.16338726133213,-5.445778142185873,-1.8835222800543172,-0.01634056232071701,0.0162696629986701,0.012429204181280953,-0.8065027259091322,411018.8,0.02416911572808038,-0.0008850662097606987,0
2021-07-06,888.88,898.0,875.31,880.51,545211,881.8340000000001,882.3979999999999,898.3205,0.9816474187108054,38.992889275867036,-5.716419234787622,-2.6501016710009786,-0.0008850662097606987,0.01628896449365917,0.01241082931787861,3.4116633221128945,445268.7,0.02576915651156722,-0.001896628090538366,0
2021-07-07,884.99,884.99,871.0,878.84,301338,884.914,880.07,896.5485000000001,0.9870230110250587,37.458974545984944,-5.996534971329993,-3.319388331066782,-0.001896628090538366,0.01617693499364699,0.012410801512171337,-0.44730021954802823,451727.4,0.01591871102817351,0.033885576441673004,1
2021-07-08,884.8,910.4,884.8,908.62,861871,889.0380000000001,880.3969999999999,896.235,0.991969740079332,44.70239246791772,-3.7720497509991446,-3.4099206150532546,0.033885576441673004,0.019860413810356747,0.014771016979327785,1.860147077368271,508226.4,0.028174594439919903,-0.022484647047170347,0
2021-07-09,910.0,919.0,886.0,888.19,339184,887.49,881.152,895.0645000000001,0.9915374813770403,42.475490196078425,-3.6159767179649407,-3.451131835635592,-0.022484647047170347,0.019157472724978124,0.01557862229592247,-0.6064561865986906,460094.0,0.03715421249957779,-0.006991747261284265,0
2021-07-12,890.0,892.0,880.0,881.98,250163,887.628,883.2059999999999,893.2245,0.993734497878193,41.60115225349575,-3.947874179628002,-3.5504803044340743,-0.006991747261284265,0.017715425354241934,0.015477886544255245,-0.2624563658663145,407182.3,0.013605750697294723,-0.000634935032540529,0
2021-07-13,888.27,889.0,870.0,881.42,154716,887.8100000000001,884.8219999999999,891.7439999999999,0.9955884199949763,43.50445588050706,-4.207590148969302,-3.68190227334112,-0.000634935032540529,0.01772642399899168,0.015403397646388343,-0.3815392364178556,393625.3,0.021556125343196206,0.005207506069751178,1
2021-07-14,885.0,891.89,880.01,886.01,162112,889.244,887.0790000000001,890.5020000000001,0.9985873136725127,43.98257622899811,-3.9969677300889543,-3.7449153646906868,0.005207506069751178,0.017689458625443175,0.015475408869179669,0.04780371777967374,384584.1,0.013408426541461153,0.00392772090608462,1
2021-07-15,889.99,893.99,884.0,889.49,127840,885.418,887.2280000000001,889.3149999999999,0.9956179756329311,53.172725317272544,-3.5087938380306696,-3.6976910593586836,0.00392772090608462,0.015260801774445406,0.0154955427840101,-0.21140939597315433,350470.5,0.011231154931477598,0.02477824371268933,1
2021-07-16,892.99,924.0,889.1,911.53,1052004,890.086,888.7879999999999,888.6390000000001,1.0016283327650484,67.59890380155998,-1.3281585227367714,-3.223784552034301,0.02477824371268933,0.016985329195048436,0.016270770364215783,7.229067584480601,391802.3,0.038287275240529633,-0.0091604225862012,0
2021-07-19,917.0,918.0,900.0,903.18,244888,894.326,890.9770000000001,888.1605,1.0069418759334603,62.91201307545628,-0.27064471704807147,-2.6331565850370553,-0.0091604225862012,0.016267199697662413,0.01612668904425584,-0.7672176151421477,403932.7,0.019929582143094402,0.004063420359175396,1
2021-07-23,913.99,917.99,897.0,906.85,327271,899.4119999999999,893.6110000000001,888.0045,1.0128462186847025,64.5974846997108,0.8537395434436803,-1.9357773593409082,0.004063420359175396,0.016225477266956903,0.016143732341993722,0.3364109307111822,382138.7,0.02314605502563821,-0.0065832276561724745,0
2021-07-26,905.0,907.0,897.51,900.88,196456,902.3859999999999,895.8149999999999,887.9425000000001,1.016266255979413,54.95003843197539,1.248698841054761,-1.2988821192617745,-0.0065832276561724745,0.016450972477089328,0.01609297072592114,-0.39971460960488403,371650.5,0.010534144392149909,-0.0025308587159221796,0
2021-07-27,904.95,904.95,895.0,898.6,143699,904.208,894.8129999999999,887.6049999999999,1.0187053926014389,51.0727199678586,1.3620293580883072,-0.7666998237917584,-0.0025308587159221796,0.012250567961720102,0.01608049807742862,-0.2685435924583621,299833.3,0.011072779879813094,-0.0066659247718673376,0
2021-07-28,905.0,907.45,891.0,892.61,194319,900.424,895.2549999999999,888.2035,1.0137586712954858,54.887737478411076,0.9574646137917853,-0.4218669362750497,-0.0066659247718673376,0.009985940062567953,0.01487082715512821,0.35226410761383176,285346.8,0.018429101175205347,0.004604474518546731,1
2021-07-29,899.75,908.87,880.0,896.72,456785,899.132,896.7289999999999,889.9675000000001,1.0102975670459875,56.80349198354739,0.9574499040005549,-0.14600356821992877,0.004604474518546731,0.00968270979104032,0.013900983839481922,1.3506965350789164,306009.0,0.03219511107146044,-0.0097800874297439,0
2021-07-30,896.5,896.97,882.0,887.95,549352,895.3520000000001,897.382,891.1019999999999,1.0047693754474798,53.60849243444506,0.24692612961712257,-0.06741762865251852,-0.0097800874297439,0.01033753620423919,0.014136722962411101,0.20264894863009952,345472.6,0.016859057379356977,-0.003119545019426906,0
2021-08-02,889.7,889.7,882.0,885.18,144702,892.2119999999999,897.299,892.189,1.000025779291159,38.187865349727886,-0.5335346751518273,-0.16064103795238027,-0.003119545019426906,0.010277012575205004,0.014151753816223304,-0.736595115699952,343731.6,0.008698795725163296,0.0014686278497029193,1
2021-08-03,885.1,892.97,882.0,886.48,286933,889.7880000000001,896.9979999999999,892.1129999999999,0.9973938279119351,48.93245099263327,-1.0352229446984893,-0.3355574193016021,0.0014686278497029193,0.010200483433499115,0.01263676632388971,0.982923525590524,359640.9,0.012374785669163463,-0.003474415666456121,0
2021-08-04,886.9,888.5,882.01,883.4,186017,887.9459999999999,894.1850000000001,891.4865,0.9960285433374481,50.92255717255714,-1.662184147964922,-0.6008827650342661,-0.003474415666456121,0.005144664848272743,0.012478278498585939,-0.3517057989147292,273042.2,0.007346615349784933,-0.003860086031242882,0
2021-08-05,886.99,886.99,879.0,879.99,48113,884.6,891.866,891.4215,0.9923476155780402,49.10412229043983,-2.406473590433393,-0.9620009301140915,-0.003860086031242882,0.0047073994748872755,0.011952274442063645,-0.7413515968970579,253364.7,0.009079648632370832,-0.008375095171536007,0
2021-08-06,884.0,885.5,850.01,872.62,197387,881.534,888.443,891.027,0.989346001860774,41.89369173023372,-3.5501023719635896,-1.4796212184839912,-0.008375095171536007,0.004387099947840836,0.012097706150705937,3.102571030698564,240376.3,0.040670624097545335,-0.017945955857074036,0
2021-08-09,869.98,869.98,845.0,856.96,338920,875.89,884.051,889.933,0.9842201603940971,32.83739580035882,-5.654881589721299,-2.314673292731453,-0.017945955857074036,0.006253460615540714,0.012719822070546248,0.7170330366234858,254622.7,0.029149551904406292,0.009743745332337461,1
2021-08-10,850.0,869.0,850.0,865.31,160459,871.656,880.722,887.7675000000002,0.9818516672439572,21.497286630488446,-6.573385175261137,-3.1664156692373897,0.009743745332337461,0.007798706064369933,0.01009038999964264,-0.5265578897674967,256298.7,0.021957448775583317,0.0030047035166587133,1
2021-08-11,860.5,874.85,860.5,867.91,108991,868.558,878.2520000000001,886.7535,0.9794807688946251,26.58967210938542,-7.0106927117923306,-3.9352710777483786,0.0030047035166587133,0.007992805618070259,0.008965899559119916,-0.3207548345683321,247765.9,0.016533972416494826,-0.005173347466903233,0
2021-08-12,880.0,880.0,862.0,863.42,76923,865.244,874.9219999999999,885.8254999999999,0.9767657399792624,21.483913328955992,-7.631595280734928,-4.674535918345689,-0.005173347466903233,0.007577241698424621,0.008912241074963214,-0.2942261287629254,209779.7,0.020847328067452688,-0.007956730212411167,0
2021-08-13,873.0,873.0,854.11,856.55,71845,862.03,871.7819999999999,884.582,0.9745054726413153,21.232965606748863,-8.579121848644604,-5.455453104405472,-0.007956730212411167,0.0074366783578130174,0.009044757365871903,-0.06601406601406601,162029.0,0.022053587064386187,-0.012118381880800833,0
2021-08-16,866.69,866.69,841.5,846.17,297132,859.872,867.881,882.5899999999999,0.9742598488539412,19.213153258954776,-10.051752386480985,-6.374712960820575,-0.012118381880800833,0.007905926757866886,0.009207718820267496,3.1357366552996035,177272.0,0.029769431674486282,0.0025644964959761207,1
2021-08-17,847.45,855.0,842.0,848.34,171199,856.4779999999998,864.067,880.5325,0.9726818714811774,22.783720644288778,-10.917867453031135,-7.283343859262688,0.0025644964959761207,0.008004352879225476,0.009164465059581713,-0.42382846680936415,165698.6,0.015324044604757526,0.013626611971615077,1
2021-08-20,857.99,861.99,851.0,859.9,924995,854.876,861.717,877.9509999999998,0.9737172120084152,29.263347600810988,-10.549862249296439,-7.9366475372694385,0.013626611971615077,0.009832405991403483,0.007641276021289462,4.4030397373816434,239596.4,0.012780555878590545,0.002430515176183423,1
2021-08-23,860.0,863.99,859.25,861.99,333353,854.5899999999999,859.917,875.8915000000001,0.9756802069662737,34.19001218026797,-9.974589086834385,-8.344235847182429,0.002430515176183423,0.00994687832863145,0.007579446145746671,-0.639616430359083,268120.4,0.005498903699578892,-0.011983897725031611,0
2021-08-24,864.3,869.4,846.0,851.66,295563,853.6119999999999,857.8209999999999,873.132,0.9776437010669634,31.307160383671672,-10.234251548303405,-8.722238987406623,-0.011983897725031611,0.01026349290538574,0.007718049070214268,-0.11336331156461765,277938.0,0.027475753234858957,-0.009510837658220472,0
2021-08-25,855.0,855.0,842.0,843.56,244204,853.0899999999999,856.481,870.266,0.980263505640804,27.75243624300225,-10.967214997621682,-9.171234189449635,-0.009510837658220472,0.009125679419462514,0.007814623114016267,-0.17376667580177496,268466.4,0.015410877708758122,-0.03341789558537622,0
2021-08-26,839.1,842.7,810.15,815.37,984054,846.4959999999999,851.4870000000001,866.1045,0.9773601222485275,22.020235255408394,-13.665266532015039,-10.070040657962716,-0.03341789558537622,0.012703100379148782,0.01031611433267827,3.029639154149809,350825.9,0.03992052687736864,0.005518966849405782,1
2021-08-27,818.0,824.0,808.0,819.87,413540,838.49,846.683,862.4675,0.9721989524242943,25.493233327898253,-15.26442067967912,-11.108916662305997,0.005518966849405782,0.012920920997795021,0.010556922421703523,-0.5797588343729104,381280.8,0.01951528900923317,0.005208142754339118,1
2021-08-30,823.1,829.95,819.87,824.14,174687,830.9199999999998,842.7549999999999,858.8385000000001,0.9674927241850474,29.72566075610571,-16.002738935772868,-12.087681116999374,0.005208142754339118,0.013368498388865478,0.01058421099404049,-0.5775813706050201,391057.2,0.012230931637828573,0.007717135438153777,1
2021-08-31,827.0,833.0,824.01,830.5,443204,826.6879999999999,840.15,855.966,0.9657953703768606,38.00108833665879,-15.891475587290415,-12.848440011057582,0.007717135438153777,0.013837133218920194,0.010815611467464018,1.5371321277484875,428193.1,0.010824804334738121,0.0053220951234196345,1
2021-09-01,832.0,839.0,831.0,834.92,263417,824.96,839.025,853.4529999999999,0.9666144474270993,35.70958337251953,-15.27061141868137,-13.33287429258234,0.0053220951234196345,0.01365759892793451,0.010985693454661343,-0.40565292732015057,424821.6,0.009581756335936378,-0.016384803334451137,0
2021-09-02,834.0,834.0,818.5,821.24,557154,826.134,836.3149999999999,850.191,0.9717040053352717,30.125202282599446,-15.701437367279027,-13.806586907521677,-0.016384803334451137,0.014365393923727552,0.011335201514130559,1.1151026699112054,463417.1,0.018873898007890508,0.0034825386001655634,1
2021-09-03,820.0,828.99,810.01,824.1,289671,826.9800000000001,832.735,847.226,0.9761031885234874,33.01951977889102,-15.63189715757892,-14.171648957533126,0.0034825386001655634,0.013373187669477595,0.011450368932245823,-0.4800880905458814,399884.7,0.023031185535735976,-0.0050357966266229015,0
2021-09-06,828.4,828.4,811.4,819.95,74155,826.142,828.531,844.2239999999999,0.978581513911,33.81390412170532,-15.730326940206055,-14.483384554067714,-0.0050357966266229015,0.0131711382501664,0.011455842808579761,-0.7440026789012362,373964.9,0.02073297152265382,-0.017793767912677616,0
2021-09-07,819.9,819.9,804.0,805.36,334345,821.1139999999999,823.9010000000001,840.8609999999999,0.9765157380351807,32.59998294533983,-16.79205595006829,-14.94511883326783,-0.017793767912677616,0.013637791101150971,0.011854989195222388,3.5087317106061624,377843.1,0.01974272375086915,-0.039026025628290495,0
2021-09-08,800.11,819.0,771.21,773.93,848450,808.9159999999999,816.938,836.7094999999999,0.9667823778742801,24.609295024909542,-19.939768924176065,-15.944048851449478,-0.039026025628290495,0.01730549517131152,0.013922953679507452,1.5376482375988876,438267.7,0.06174977065109243,-0.02023438812295686,0
2021-09-09,770.0,789.99,756.15,758.27,577341,796.322,811.228,831.3575000000001,0.9578574800852822,16.26502024829051,-23.427922748059018,-17.440823630771387,-0.02023438812295686,0.015610459872036974,0.01386694327682718,-0.3195344451647121,397596.4,0.044627902989700284,0.03580518812560163,1
2021-09-10,762.0,796.0,758.27,785.42,451077,788.586,807.783,827.233,0.9532816026439952,28.208776822812894,-23.728009957676136,-18.698260896152338,0.03580518812560163,0.020505928111359314,0.01669913508399215,-0.2186991743181239,401350.1,0.04803799241170332,-0.0029156374933155815,0
2021-09-13,789.97,789.97,780.0,783.13,82513,781.222,803.682,823.2185,0.9489849900117648,29.56158663883089,-23.875394410137687,-19.73368759894941,-0.0029156374933155815,0.020255856230146797,0.01670445022754492,-0.8170755768970708,392132.7,0.012730964207730552,-0.02073729776665434,0
2021-09-14,787.01,787.5,758.0,766.89,155513,773.528,797.321,818.7355,0.9447837549489426,28.19272996188633,-25.014280868218407,-20.78980625280321,-0.02073729776665434,0.02028408973513083,0.017074539640374524,0.8847090761455771,363363.6,0.03846705524912308,-0.0074456571346608325,0
2021-09-15,766.89,766.89,756.0,761.18,61202,770.978,789.9469999999999,814.486,0.9465822616963336,32.3266584045398,-26.077006373914514,-21.84724627702547,-0.0074456571346608325,0.019764908228306594,0.017009243544737734,-0.6064509076411618,343142.1,0.01430673428098477,-0.0035208492078088183,0
2021-09-16,760.98,760.98,748.0,758.5,287094,771.024,783.673,809.9939999999999,0.9518885325076483,29.744537593240466,-26.826241384087666,-22.843045298437907,-0.0035208492078088183,0.019651228199488016,0.01691834489857089,3.6909251331655826,316136.1,0.01711272247857616,-0.028701384311140332,0
2021-09-17,760.0,768.95,730.0,736.73,433997,761.286,774.9359999999999,803.8354999999999,0.947066906102057,24.13752293035091,-28.844174894803473,-24.04327121771102,-0.028701384311140332,0.020235422911600392,0.017054010058270154,0.5116895511574606,330568.7,0.05286875788959326,0.006746026359724766,1
2021-09-20,738.0,748.0,725.26,741.7,368027,753.0,767.111,797.821,0.943820731718017,23.508353221957037,-29.70000115083667,-25.17461720433615,0.006746026359724766,0.020949119169455646,0.017213637412066704,-0.15200565902529284,359955.9,0.03065929621140624,-0.016057705271673273,0
2021-09-21,748.99,748.99,726.15,729.79,268200,745.5799999999999,759.554,791.7275,0.9417128999561086,19.97829687589241,-30.982144215810536,-26.33612260663103,-0.016057705271673273,0.02088243898860305,0.017295322905277685,-0.27124912030910775,353341.4,0.03129667438578226,-0.0016169034927855375,0
2021-09-22,737.0,737.99,708.15,728.61,626791,739.066,755.0219999999999,785.98,0.9403114583068272,21.51423826803618,-31.72773044374378,-27.41444417405358,-0.0016169034927855375,0.018206339892462776,0.017338218337460805,1.337028337061894,331175.5,0.04095469455538633,-0.0012215039595943056,0
2021-09-23,730.0,752.49,725.0,727.72,399577,732.9100000000001,751.967,781.5975,0.9377077076116545,19.99750965010584,-32.02130677111302,-28.335816693465468,-0.0012215039595943056,0.017519131954223534,0.01623067307456583,-0.36250360965616923,313399.1,0.03777551805639533,-0.004163689331061371,0
2021-09-24,730.0,732.99,717.0,724.69,238840,730.5020000000001,745.894,776.8385000000001,0.9403524670829265,20.137931034482747,-32.128110939039175,-29.09427554258021,-0.004163689331061371,0.010649854782067278,0.016026421101411812,-0.4022678983024548,292175.4,0.022064606935379278,-0.0038775200430529733,0
2021-09-27,727.0,734.9,714.02,721.88,192947,726.538,739.769,771.7255,0.9414461489221232,21.743839696723526,-32.06981664394971,-29.689383762854114,-0.0038775200430529733,0.010603440390696058,0.015818560904128524,-0.19214955618824314,303218.8,0.02892447498199146,0.0023965201972626637,1
2021-09-28,715.0,745.0,713.05,723.61,470498,725.302,735.441,766.381,0.9463987233503963,28.68157939332319,-31.520670781484114,-30.055641166580113,0.0023965201972626637,0.010038746317906255,0.015610551637908357,1.4384831067598873,334717.3,0.04415361866198649,-0.017951659042854562,0
2021-09-29,725.0,725.0,696.05,710.62,402667,721.704,730.385,760.1659999999999,0.9494031566789359,29.345470307759,-31.767457689449998,-30.398004471154092,-0.017951659042854562,0.010760183379238135,0.01553061606305806,-0.14416851931357832,368863.8,0.04073907292223698,0.017280684472714025,1
2021-09-30,710.62,730.0,692.5,722.9,492634,720.74,726.825,755.249,0.9543077845849515,18.889331210191102,-30.619185806067662,-30.442240738136807,0.017280684472714025,0.01319831521782472,0.016365984565682088,0.22342779517566624,389417.8,0.05187439479872735,-0.014649329091160679,0
2021-10-01,727.9,748.47,710.0,712.31,160753,718.264,724.383,749.6595,0.9581203199585946,17.44806030520317,-30.215392326995243,-30.396871055908495,-0.014649329091160679,0.010910780156701884,0.01630175529446556,-0.6736867532488622,362093.4,0.05400738442532048,-0.011160870969100456,0
2021-10-04,709.0,719.0,696.0,704.36,200896,714.76,720.649,743.88,0.9608539011668549,18.887451487710237,-30.188882993511243,-30.355273443429045,-0.011160870969100456,0.010539865695624743,0.01631774908269587,0.24971851225171537,345380.3,0.03265375660173775,-0.03502470327673346,0
2021-10-05,707.0,707.0,675.1,679.69,1122578,705.976,715.639,737.5965,0.9571303551467503,15.8894935119297,-31.792057926040798,-30.642630339951396,-0.03502470327673346,0.013901068760744283,0.017317318666656478,4.5878564033131575,430818.1,0.046933160705615755,-0.010195824567082123,0
2021-10-06,679.0,679.9,665.6,672.76,266703,698.404,710.0540000000001,732.538,0.9534030999074451,15.343573160873078,-33.23862452074593,-31.161829176110302,-0.010195824567082123,0.013796344562208452,0.015754813145072225,-0.7624191815624393,394809.3,0.021255722694571547,-0.005559189012426469,0
2021-10-07,690.01,697.9,665.0,669.02,924076,687.6279999999999,704.184,728.0755,0.9444460086900327,17.96157849910098,-34.291534251403846,-31.787770191169013,-0.005559189012426469,0.013631754234624637,0.015437798164245621,2.4648129192397534,447259.2,0.04917640728229347,-0.012764939762637817,0
2021-10-08,669.0,673.5,653.0,660.48,578612,677.262,697.763,721.8285000000001,0.9382588800525331,12.824972537532034,-35.40693037369806,-32.51160222767483,-0.012764939762637817,0.013613773281847775,0.01191159444072651,-0.37384803847302606,481236.4,0.031038032945736434,-0.014822553294573604,0
2021-10-11,660.0,664.9,643.05,650.69,882525,666.528,690.644,715.2065,0.931937838931833,13.078790141896945,-36.65828710343078,-33.34093920282602,-0.014822553294573604,0.013582660081921076,0.011912349428745988,0.5252448964072642,550194.2,0.0335797384315112,0.001721249750264997,1
2021-10-12,643.01,670.0,637.0,651.81,1238174,660.952,683.464,709.4525000000001,0.9316367198649662,14.132262282831974,-37.13159181073206,-34.09906972440723,0.001721249750264997,0.013514334543948089,0.011821000885644504,0.4029902835613721,626961.8,0.05062825056381461,-0.016001595556987436,0
2021-10-13,651.0,659.0,638.55,641.38,164529,654.676,676.54,703.4625,0.9306480444941985,12.975986277872991,-37.91128533570327,-34.861512846666436,-0.016001595556987436,0.01340549124095943,0.011952842819898692,-0.867119645542549,603148.0,0.03188437431787715,0.05060962300040539,1
2021-10-14,646.87,680.0,635.02,673.84,918101,655.6400000000001,671.634,699.2295,0.9376606679209045,32.5891940012326,-35.50071718192635,-34.989353713718415,0.05060962300040539,0.022219660230344933,0.017818625106040327,4.58017735475205,645694.7,0.06675175115754484,0.012540068859076214,1
2021-10-15,662.1,685.0,662.1,682.29,352699,660.0020000000001,668.632,696.5074999999999,0.9475877862047432,36.94863849146169,-32.533454757378195,-34.49817392245037,0.012540068859076214,0.022806173217195972,0.017404393397217114,-0.61583856242396,664889.3,0.0335634407656568,-0.003341687552213868,0
2021-10-18,674.8,687.0,670.0,680.01,202071,665.866,666.197,693.423,0.9602594664440032,35.67862304559186,-30.019805225240702,-33.60250018300844,-0.003341687552213868,0.022669522673792398,0.017231388546263698,-0.4270723761621099,665006.8,0.024999632358347672,0.03144071410714555,1
2021-10-20,682.0,709.75,682.0,701.39,343774,675.7819999999999,668.367,692.003,0.9765593501762274,47.12657991407757,-26.002788580685774,-32.08255786254391,0.03144071410714555,0.022064873330282387,0.01871909648154042,0.7012535198024457,587126.4,0.03956429375953464,0.007698997704558064,1
2021-10-21,707.99,719.99,700.0,706.79,307469,688.8639999999999,671.77,690.912,0.9970358019545179,44.76029402198658,-22.12845601209517,-30.09173749245416,0.007698997704558064,0.021563032144326384,0.018839883910240423,-0.10560717215379867,591203.0,0.028282799700052364,0.0028721402396751916,1
2021-10-22,709.0,745.0,706.0,708.82,732945,695.8599999999999,675.75,689.967,1.0085409881921887,48.79796101122825,-18.67889680864539,-27.80916935569241,0.0028721402396751916,0.021260389606355738,0.018863602763442,1.3838012937889674,572089.9,0.0550210208515561,0.0,0
2021-10-25,709.0,711.95,696.53,708.82,191304,701.1659999999999,680.5840000000001,689.1735000000001,1.0174012784879276,51.62512753242969,-15.763385788180358,-25.40001264219,0.0,0.020373574010561602,0.01885153728401493,-0.7389926938583387,533359.1,0.021754465167461517,-0.015264806297790812,0
2021-10-26,699.99,700.0,695.0,698.0,240836,704.764,685.3149999999999,687.9795,1.0243968025210053,57.42076679905973,-14.162647686241371,-23.152539651000275,-0.015264806297790812,0.02042727258290731,0.019115064009207462,0.2589177434868064,469190.2,0.0071633237822349575,0.024312320916905383,1
2021-10-27,705.99,724.88,705.0,714.97,297062,707.4800000000001,691.631,687.5475,1.0289907242772318,65.81965369912304,-11.393378259522933,-20.800707372704807,0.024312320916905383,0.020992059840529004,0.019960215634559995,0.23346177481771835,375079.0,0.027805362462760667,0.027064072618431467,1
2021-10-28,720.0,738.0,720.0,734.32,750317,712.9860000000001,700.9250000000001,688.7325,1.0352146878505082,71.90981076365593,-7.550293913694759,-18.150624680902798,0.027064072618431467,0.019550093420711685,0.020411379989588023,1.5257925954851177,433657.8,0.024512474125721755,0.0523749863819587,1
2021-10-29,739.0,779.9,730.0,772.78,828696,725.778,710.8190000000001,691.2265,1.0499857861352249,81.37923326254612,-1.3852529713656168,-14.797550338995363,0.0523749863819587,0.019923880585784468,0.0231355433615967,0.10446118107413271,424717.3,0.06457206449442271,0.022684334480705948,1
2021-11-01,809.99,818.44,787.0,790.31,991896,742.076,721.621,695.1265000000001,1.0675409439864543,87.39554317548746,4.859098228138464,-10.866220625568598,0.022684334480705948,0.020100469719266066,0.023092334806231175,0.19693590894610336,488637.0,0.03978185775202143,-0.012918981159291798,0
2021-11-02,803.0,810.8,776.61,780.1,367916,758.496,731.63,698.9135,1.0852501775970846,82.76549011595243,8.881548903212888,-6.9166667198123015,-0.012918981159291798,0.02126508635446799,0.023162172601888468,-0.6290780485050852,505221.5,0.04382771439559023,-0.014203307268298992,0
2021-11-03,775.0,784.0,766.13,769.02,476503,769.306,738.393,703.3799999999999,1.0937274304074613,82.49159963343855,11.047952720969533,-3.323742831655935,-0.014203307268298992,0.021997862091399516,0.02167085586677016,0.29514073864686496,518494.4,0.023237367038568574,-0.011638188863748566,0
2021-11-04,763.5,773.0,757.0,760.07,634670,774.456,743.721,707.7455,1.0942577522569907,74.93493725059282,11.90541494034062,-0.27791127725662435,-0.011638188863748566,0.022997269418787856,0.021731350331675493,0.3319328524689247,551214.5,0.021050692699356638,0.005341613272461743,1
2021-11-05,760.0,784.0,756.0,764.13,408144,772.726,749.2520000000001,712.501,1.0845261971562146,74.28198433420368,12.765416224003502,2.330754222995401,0.005341613272461743,0.02295493595858441,0.0215531671955349,-0.3569193439110089,518734.4,0.036642979597712434,0.011241542669440996,1
2021-11-08,773.99,776.25,762.0,772.72,591594,769.208,755.642,718.1129999999999,1.0711517546681373,76.51432820454158,13.97897373999001,4.660398126394323,0.011241542669440996,0.02280664190040326,0.021064156794767985,0.4494737151593555,558763.4,0.018441350036235635,-0.005888290713324418,0
2021-11-09,768.0,775.0,748.0,768.17,1144595,766.822,762.659,723.987,1.0591654270035236,71.13291139240505,14.40749915861204,6.609818332837866,-0.005888290713324418,0.02187657812493333,0.020643301080808047,0.9347643823297735,649139.3,0.03514846973977115,-0.006014293711027463,0
2021-11-10,771.0,774.84,758.0,763.55,411958,765.728,767.517,729.574,1.04955494576287,68.05113853199339,14.21050341355965,8.129955348982223,-0.006014293711027463,0.021748616548568037,0.020849071466178003,-0.640084047195733,660628.9,0.022054875253748978,-0.008945059262654653,0
2021-11-11,766.99,768.99,753.0,756.72,128188,765.058,769.757,735.341,1.0404125432962394,64.78212566349833,13.349375654176129,9.173839410021005,-0.008945059262654653,0.020989263342967236,0.020475283708411476,-0.6888323566965564,598416.0,0.021130669203932775,-0.021487472248652106,0
2021-11-12,765.99,765.99,736.5,740.46,220799,760.324,766.525,738.672,1.0293120627287888,58.87368184877721,11.22547925404183,9.584167378825171,-0.021487472248652106,0.013379818231404125,0.018961719921280616,0.722462320966081,537626.3,0.03982659427923184,-0.012276152661858886,0
2021-11-15,748.99,748.99,726.11,731.37,206390,752.054,760.6310000000001,741.126,1.014745131057337,59.450580572075914,8.708403963292085,9.409014695718554,-0.012276152661858886,0.009618333075207972,0.01924485047188644,-0.065258447728477,459075.7,0.031283755144454924,0.04115563941643763,1
2021-11-16,739.8,769.96,733.0,761.47,460039,750.7139999999999,758.768,745.1990000000001,1.0074007077304181,62.25748629270351,9.03823495813731,9.334858748202304,0.04115563941643763,0.017942977196406612,0.020895071539386977,1.228979117205291,468288.0,0.048537696823249814,-0.03162304489999612,0
2021-11-17,765.0,765.0,731.01,737.39,368455,745.4820000000001,755.6049999999999,746.999,0.9979692074554317,50.789568437837545,7.272738045743836,8.922434607710612,-0.03162304489999612,0.019962069320773837,0.02158146883541786,-0.19907877375613803,457483.2,0.04609501078126908,0.022715252444432288,1
2021-11-18,740.0,760.0,732.0,754.14,699150,744.966,755.012,749.3665,0.9941277065361209,44.603358425014484,7.142816099615061,8.566510906091501,0.022715252444432288,0.02140774380743225,0.022020387964276893,0.8975180144115291,463931.2,0.037128384650064974,0.018802874797783087,1
2021-11-19,762.0,773.0,749.01,768.32,491952,750.538,755.4309999999999,752.3415,0.9976028173376054,43.507528786536795,8.090793878578438,8.47136750058889,0.018802874797783087,0.02222881038473792,0.022283979912411045,-0.2963570049345634,472312.0,0.031223969179508548,-0.04563202832153279,0
2021-11-22,771.71,772.0,730.0,733.26,771181,750.9159999999999,751.485,753.5635,0.9964866928931669,37.940267765190534,5.944499615617133,7.96599392359454,-0.04563202832153279,0.026176534555118557,0.024924048471499906,0.5675939929098774,490270.7,0.0572784551182391,-0.01850639609415483,0
2021-11-23,735.0,739.5,712.0,719.69,507054,742.56,746.6370000000001,754.648,0.9839819359489457,37.45996237734508,3.1126793285037593,6.995331004576384,-0.01850639609415483,0.026530167949590146,0.025052370932186895,-0.342496767944231,426516.6,0.0382108963581542,-0.03853047840042245,0
2021-11-24,727.99,727.99,690.0,691.96,913166,733.4739999999999,739.4780000000001,753.4975000000001,0.9734259237754602,34.195015547408005,-1.3535351907845552,5.325557765504196,-0.03853047840042245,0.028431935511356567,0.026006681412714932,0.8009245563588887,476637.4,0.05490201745765652,-0.015694548817850706,0
2021-11-25,699.0,699.0,668.15,681.1,926557,718.866,731.9159999999999,750.8365,0.9574201573844638,31.322265712871754,-5.703605994320583,3.1197250135392407,-0.015694548817850706,0.028499107569703308,0.025298905567686415,0.01466436551514172,556474.3,0.04529437674350319,0.017926882983409165,1
2021-11-26,681.0,709.0,671.0,693.31,953392,703.8639999999999,727.201,746.863,0.9424271921356392,32.4228606844039,-8.072765672369314,0.8812268763575295,0.017926882983409165,0.029459721261169115,0.022291987688799222,0.028962060617965246,629733.6,0.05480953685941354,0.04681888332780426,1
2021-11-29,696.0,735.0,691.6,725.77,783437,702.366,726.641,743.636,0.9445024178495931,41.64696611505123,-7.247545868306588,-0.7445276725752941,0.04681888332780426,0.03371735753396671,0.02443013159272213,-0.17826350546260095,687438.3,0.05979855877206274,-0.01752621353872441,0
2021-11-30,728.0,744.45,704.1,713.05,8322412,701.038,721.799,740.2835,0.9469858506909853,40.35891561664758,-7.533113875171239,-2.102244913094483,-0.01752621353872441,0.030678694153330282,0.024540451109883663,9.622949898970816,1473675.6,0.05658789706191715,0.0227193043966063,1
2021-12-01,725.1,735.75,713.1,729.25,2228427,708.496,720.985,738.2950000000001,0.9596380850473049,44.9367788550153,-6.378694349208558,-2.9575348003172985,0.0227193043966063,0.03047250513286412,0.025129896746106023,-0.732237841625721,1659672.8,0.031059307507713373,-0.07499485773054515,0
2021-12-02,715.0,715.0,674.56,674.56,2988066,707.188,713.027,734.0195,0.9634457940150092,39.36067161769454,-9.76427797588508,-4.3188834354308545,-0.07499485773054515,0.037082063972840716,0.029902270197433464,0.3408857458646839,1888564.4,0.05995018975332077,-0.0394627609108158,0
2021-12-03,654.0,675.0,634.0,647.94,1516241,698.114,700.989,728.21,0.9586712624105683,37.25208568896496,-14.429059700764014,-6.340918688497487,-0.0394627609108158,0.036546588085798,0.030713059470425214,-0.4925677679140956,1990993.3,0.0632774639627126,0.0055715035342776,1
2021-12-06,654.75,658.0,641.0,651.55,286359,683.2700000000001,692.818,722.1514999999999,0.9461588046275611,31.725078140586533,-17.631392280646082,-8.599013406927206,0.0055715035342776,0.03555197494024651,0.030554188810873587,-0.8111388624895383,1942511.1,0.02609162765712532,0.018479011587752447,1
2021-12-07,652.0,670.77,651.5,663.59,402869,673.3779999999999,687.208,716.9225,0.9392619146420986,37.21856598545204,-18.978958919805564,-10.675002509502878,0.018479011587752447,0.03661174332730321,0.031125149848073384,0.4068669048292528,1932092.6,0.02903901505447638,-0.020012357027682892,0
2021-12-08,663.0,666.0,649.0,650.31,459787,657.5899999999999,683.0429999999999,711.2605,0.9245417115107615,31.798899134032183,-20.87783353544569,-12.71556871469144,-0.020012357027682892,0.03531134245289911,0.03126303553391797,0.14128165731292297,1886754.7,0.02614137872706863,-0.029801171748858213,0
2021-12-09,655.0,655.0,622.01,630.93,715850,648.8639999999999,678.0260000000001,704.971,0.9204123290177892,26.347140446923504,-23.67361468974559,-14.90717790970227,-0.029801171748858213,0.03603304210237996,0.03165823132807102,0.5569165722388845,1865684.0,0.05228789247618597,0.005103577258966929,1
2021-12-10,632.0,637.69,608.55,634.15,785161,646.106,672.1099999999999,699.6555,0.9234630471710721,30.836459259832168,-25.337390640382296,-16.993220455838276,0.005103577258966929,0.035266291461256594,0.031645460885718436,0.09682335684850174,1848860.9,0.04595127335803848,-0.004036899787116521,0
2021-12-13,639.99,648.0,624.0,631.59,522438,642.1139999999999,662.692,694.6665,0.9243485902947671,32.20777122546248,-26.5563901385691,-18.90585439238444,-0.004036899787116521,0.029653151759738372,0.03163005260522599,-0.33461035380004867,1822761.0,0.0379993350116373,0.01396475561677657,1
2021-12-14,638.0,648.01,626.65,640.41,686619,637.478,655.428,688.6134999999999,0.9257413628980553,38.7282984213058,-26.505220057221777,-20.42572752535191,0.01396475561677657,0.03081517356255072,0.03000155577945616,0.3142592996680946,1059181.7,0.033353632828968964,0.07095454474477303,1
2021-12-15,672.0,688.44,665.0,685.85,1379800,644.586,651.088,686.0364999999999,0.9395797453925557,50.902184235517566,-22.538232442978483,-20.848228508877224,0.07095454474477303,0.039186765173216655,0.03425107226111757,1.0095569741006294,974319.0,0.034176569220675156,-0.031041772982430715,0
2021-12-16,683.0,683.0,661.0,664.56,749294,651.3119999999999,650.088,681.5575,0.9556229665141971,44.721477619065105,-20.8716953384519,-20.85292187479216,-0.031041772982430715,0.032392308369293715,0.034231429597532385,-0.45695463110595735,750441.8,0.033104610569399305,0.015077645359335534,1
2021-12-17,663.0,686.5,654.0,674.58,1022767,659.398,652.752,676.8705,0.9741863473145898,39.75749329705072,-18.528833557543976,-20.388104211342522,0.015077645359335534,0.029679898304992552,0.03410071453158113,0.3649742290743019,701094.4,0.04817812564855169,0.028402858074653814,1
2021-12-20,674.58,701.0,666.01,693.74,678082,671.828,656.971,674.8945000000001,0.9954563268777562,46.23337104513714,-14.95367024136226,-19.30121741734647,0.028402858074653814,0.030640429089184233,0.03357859973123128,-0.33701224228001103,740266.7,0.05043676305244041,-0.003819874881079377,0
2021-12-21,694.0,704.9,686.0,691.09,404701,681.964,659.7209999999999,673.4645,1.0126205612916495,42.14103303402258,-12.193600176076075,-17.879693969092394,-0.003819874881079377,0.030499770317679656,0.03336380789780561,-0.4031680534212676,740449.9,0.027348102273220532,-0.009564600847935867,0
2021-12-22,694.0,697.0,678.5,684.48,235255,681.69,663.138,673.0905,1.0127761422869586,52.54750898818696,-10.419487159956361,-16.38765260726519,-0.009564600847935867,0.029736998603675187,0.032282695600111974,-0.4186942952945508,717996.7,0.027027816736792894,-0.0011979897148201024,0
2021-12-23,686.0,694.99,680.26,683.66,291007,685.51,668.411,673.2185000000001,1.0182578167415184,60.57430432208404,-8.97618508567507,-14.905359102947164,-0.0011979897148201024,0.027231742774377163,0.03207494684318032,0.23698539882255432,675512.4,0.021545797618699382,-0.007767018693502492,0
2021-12-24,686.0,686.9,676.0,678.35,134561,686.2639999999999,672.831,672.4705,1.0205116804380265,57.8546307151231,-8.166689898296113,-13.557625262016954,-0.007767018693502492,0.027704081351088906,0.03186156638201365,-0.5376021882635126,610452.4,0.016068401267782084,-0.0026977224146828016,0
2021-12-27,678.1,679.9,672.62,676.52,110570,682.82,677.324,670.008,1.019122159735406,54.03079992518234,-7.5853852369785955,-12.363177257009283,-0.0026977224146828016,0.027647459585089105,0.02984223723919046,-0.17829088666106818,569265.6,0.010760953112989968,0.0027345828652516335,1
2021-12-28,675.25,684.0,675.06,678.37,272782,680.2760000000001,681.12,668.274,1.0179596991653126,59.418635875402806,-6.895925627832753,-11.269726931173977,0.0027345828652516335,0.02757152852983063,0.02966950944597775,1.4670525458985257,527881.9,0.013178648819965586,0.003655822044017265,1
2021-12-29,676.25,684.0,674.29,680.85,246866,679.55,680.62,665.854,1.0205690737008413,68.90049977283053,-6.079329915506605,-10.231647528040504,0.003655822044017265,0.015598213722767859,0.029132583619133297,-0.09500626874207241,414588.5,0.014261584783726277,-0.0037746933979585506,0
2021-12-30,685.99,696.0,671.15,678.28,812890,678.4739999999999,681.992,666.04,1.0186685484355293,66.79095959211625,-5.575281082025981,-9.3003742388376,-0.0037746933979585506,0.011546791030536772,0.023722508163275313,2.2928390300810966,420948.1,0.036636787167541464,0.0014743173910478635,1
2021-12-31,672.0,689.95,672.0,679.28,361081,678.66,682.4620000000001,667.607,1.0165561475538754,68.36349634193294,-5.03706298078589,-8.447711987227258,0.0014743173910478635,0.01061213105548204,0.021775630540893466,-0.5558058285868936,354779.5,0.026425038275821527,0.014441761865504832,1
2022-01-03,680.0,690.5,679.99,689.09,157080,681.174,681.997,669.484,1.0174612089310573,68.60287373891774,-3.77541560254042,-7.513252710289891,0.014441761865504832,0.006804384372794942,0.021929443247030153,-0.5649729562065021,302679.3,0.015251999013191296,0.017675485060006713,1
2022-01-04,689.0,703.0,686.0,701.27,490093,685.754,683.015,671.368,1.0214278905160805,57.90120926419344,-1.7722968235442522,-6.365061532940763,0.017675485060006713,0.008796042922332364,0.02190036421874417,2.120021645021645,311218.5,0.024241732856103926,-0.01066636245668573,0
2022-01-05,699.0,699.0,691.6,693.79,198156,688.342,683.946,673.542,1.0219733884449669,67.44657992121282,-0.7793998106720892,-5.247929188487029,-0.01066636245668573,0.008955460879703458,0.02147941536279658,-0.5956767389046569,307508.6,0.0106660516871099,-0.00794188443188859,0
2022-01-06,691.8,698.99,685.0,688.28,772137,690.342,684.408,676.4095,1.0205977296297584,58.64244259399439,-0.4321511560209501,-4.2847735819938135,-0.00794188443188859,0.009414005251527554,0.020217146582388094,2.8966117604311754,355621.6,0.020326030104027445,0.0004503980937990981,1
2022-01-07,690.0,696.0,677.02,688.59,205522,692.204,685.432,679.1315000000001,1.0192488494496277,45.73746068531703,-0.130436100029101,-3.453906085600871,0.0004503980937990981,0.008938120954381557,0.020237190966703112,-0.733827028105116,362717.7,0.0275635719368565,0.01170507849373359,1
2022-01-10,685.05,698.0,685.05,696.65,176422,693.716,687.4449999999999,682.3845,1.0166057406051867,54.2236402309328,0.7503997540959517,-2.6130449176615067,0.01170507849373359,0.009331997735561157,0.02020131033063978,-0.1415906812895943,369302.9,0.018588961458408163,-0.009502619679896629,0
2022-01-11,698.0,701.99,688.0,690.03,226747,691.468,688.6110000000001,684.8655000000001,1.009640579062604,54.21540331156003,0.9038705827797457,-1.9096618175732563,-0.009502619679896629,0.010134895397705589,0.020340568587109684,0.28525353980796053,364699.4,0.02027448081967452,-0.006912742924220616,0
2022-01-12,692.0,696.0,684.0,685.26,246499,689.762,689.0519999999999,684.836,1.0071929629867589,51.146460303812006,0.6332979205487845,-1.4010698699488482,-0.006912742924220616,0.010460098877788426,0.012943459437715266,0.08711030355418159,364662.7,0.01751160143595132,-0.007763476636605038,0
2022-01-13,683.0,694.97,679.5,679.94,127106,688.094,689.2180000000001,685.605,1.0036303702569265,51.139131680756584,-0.010293742686940277,-1.1229146444964666,-0.007763476636605038,0.01072224395465167,0.010884597470433873,-0.4843549061050958,296084.3,0.02275200753007622,-0.007383004382739755,0
2022-01-14,680.0,684.98,674.5,674.92,58716,685.36,688.7819999999999,685.6220000000001,0.9996178652376965,48.90380926281172,-0.9148707581258577,-1.0813058672223448,-0.007383004382739755,0.010976905150908581,0.010530381599035583,-0.5380548518559313,265847.8,0.015527766253778254,0.01146802584009965,1
2022-01-17,670.0,684.9,667.0,682.66,43978,682.562,688.139,685.068,0.9963419689724232,52.7196652719665,-0.9957231689897981,-1.0641893275758354,0.01146802584009965,0.010556679812552422,0.0086449427910075,-0.2510048368417467,254537.6,0.02622095918905455,-0.011821404505903299,0
2022-01-18,678.01,689.89,672.55,674.59,146842,679.4739999999999,685.471,684.243,0.9930302538717969,46.29410371773621,-1.6914824861167972,-1.189647959284028,-0.011821404505903299,0.00876212551404177,0.008972493197185745,2.3389876756560097,220212.5,0.02570450199380369,-0.02139077069034534,0
2022-01-19,682.0,682.0,655.0,660.16,168137,674.454,682.108,683.0269999999999,0.9874485196046423,40.593853820598014,-3.368428019636667,-1.6254039713545558,-0.02139077069034534,0.010225085047507335,0.009896938688517744,0.14501981721850687,217210.6,0.04089917595734368,0.006210615608337466,1
2022-01-20,665.0,673.99,646.8,664.26,474853,671.318,679.706,682.057,0.9842549816217706,42.44618788976063,-4.3168220641933885,-2.1636875899223225,0.006210615608337466,0.010725857702829958,0.010056470900329182,1.8242028821734655,187482.2,0.04093276728991668,0.005178695089272267,1
2022-01-21,658.0,674.0,658.0,667.7,91261,669.874,677.617,681.5245,0.982905236715628,38.50617947340142,-4.736255323442265,-2.678201136626311,0.005178695089272267,0.011019264957684106,0.010041043695157764,-0.8078121018504674,176056.1,0.02396285757076531,-0.003714242923468669,0
2022-01-24,674.85,674.85,661.1,665.22,63821,666.386,674.474,680.9595,0.9785985803854707,28.374325134973063,-5.208731463042454,-3.18430720190954,-0.003714242923468669,0.009733450379741927,0.010054023286377587,-0.3006760828831593,164796.0,0.020669853582273533,0.029629295571389713,1
2022-01-25,671.0,688.0,670.0,684.93,319971,668.4540000000001,673.9639999999999,681.2875,0.9811628717685266,45.365139150449885,-3.9472386212701167,-3.3368934857816557,0.029629295571389713,0.014314911814849894,0.01213419355040672,4.0135692013600535,174118.4,0.026280057816127196,0.006482414261311353,1
2022-01-26,689.75,695.0,676.5,689.37,162324,674.296,674.375,681.7135,0.9891193294543824,50.576658554650315,-2.5597187182145262,-3.1814585322682296,0.006482414261311353,0.014290455286643704,0.012188599431184513,-0.49269152516946846,165700.9,0.0268360967259962,0.008442490970016259,1
2022-01-27,689.0,698.0,687.0,695.19,304176,680.4820000000001,675.9,682.559,0.996957039611228,53.29934013197362,-0.9791863871230362,-2.741004103239191,0.008442490970016259,0.014143483024790099,0.01225888931618026,0.873881865897834,183407.9,0.015823012413872465,-0.020713761705433154,0
2022-01-28,695.0,698.89,671.11,680.79,284802,683.1,676.487,682.6345,1.0006819168969632,42.544189544941716,-0.8784367102038004,-2.368490624632113,-0.020713761705433154,0.01570108632885772,0.013209694354366282,-0.063693388038504,206016.5,0.04080553474639753,0.0034224944549714476,1
2022-01-31,685.0,690.0,681.0,683.12,129657,686.6800000000001,676.533,682.336,1.0063663649580266,46.61506809052613,-0.6036221575153604,-2.015516931208763,0.0034224944549714476,0.015304919158257895,0.01280783291856024,-0.5447468767775507,214584.4,0.01317484482960534,0.0018444782761446454,1
2022-02-01,676.5,693.0,676.5,684.38,165037,686.57,677.512,681.4915,1.0074520371860838,49.55357142857143,-0.280919905038445,-1.6685975259746992,0.0018444782761446454,0.014713670237970454,0.012104604808527515,0.2728738132148669,216403.9,0.024109412899266488,0.012887577077062451,1
2022-02-02,684.0,695.0,684.0,693.2,257069,687.336,680.816,681.462,1.0086197029328121,56.496178718400905,0.6787006050791433,-1.1991378997639308,0.012887577077062451,0.01262243336420517,0.01227450255176029,0.5576446493816538,225297.1,0.015868436237738027,-0.01126658972879413,0
2022-02-03,699.0,704.75,681.01,685.39,333203,685.376,682.929,681.3175,1.0059568409735549,54.99284692417739,0.799785613233098,-0.799353197164525,-0.01126658972879413,0.013602982514002404,0.012409899976356867,0.29616173089715203,211132.1,0.03463721384904946,0.004873137921475479,1
2022-02-04,694.0,696.75,681.01,688.73,271982,686.9639999999999,685.0319999999999,681.3245,1.0082772599546912,53.02140368342461,1.151977165339531,-0.4090871246637139,0.004873137921475479,0.013598434569374311,0.012460227806731746,-0.18373484032256615,229204.2,0.02285365818245177,-0.007913115444368679,0
2022-02-07,693.98,693.98,682.52,683.28,152788,686.996,686.838,680.656,1.0093145436167463,54.441377900439484,0.9800249378977242,-0.1312647121514263,-0.007913115444368679,0.013896816916873288,0.01226793106916359,-0.43824223661859973,238100.9,0.01677204074464354,0.0016976934785155606,1
2022-02-08,688.0,689.0,681.33,684.44,169934,687.008,686.789,680.3765,1.0097468093033786,64.35666982024594,0.9266717689572488,0.08032258407030873,0.0016976934785155606,0.010218391081091703,0.012109036901864566,0.11222085504097179,223097.2,0.01120624159897136,0.005362047805505199,1
2022-02-09,688.0,693.5,685.01,688.11,248846,685.99,686.663,680.519,1.0080394522415979,64.174491857839,1.1670740238449753,0.29767287202524206,0.005362047805505199,0.010145001485392893,0.012069218424737897,0.4643685195428813,231749.4,0.012338143610759921,-0.006859368414933731,0
2022-02-10,690.0,692.5,681.5,683.39,174765,685.59,685.483,680.6915,1.007196358409059,59.18510713031253,0.9655991634423344,0.43125813030866056,-0.006859368414933731,0.009857186475340932,0.01203917491999902,-0.29769817477476024,218808.3,0.016096226166610574,0.01252579054419889,1
2022-02-11,688.99,694.0,682.1,691.95,151653,686.234,686.5989999999999,681.543,1.0068829112763245,64.60815389660065,1.4795935131161286,0.6409252068701542,0.01252579054419889,0.008182745918081985,0.012190692913541138,-0.13224615912797189,205493.4,0.017197774405665115,-0.013888286725919574,0
2022-02-14,689.98,697.88,678.0,682.34,216344,686.046,686.521,681.527,1.0066306984169373,48.40889544170052,1.0988244877823945,0.7325050630526022,-0.013888286725919574,0.009493875131106326,0.012396245451972597,0.4265725043355555,214162.1,0.029135035319635363,-0.002125040302488612,0
2022-02-15,675.1,686.9,675.1,680.89,44762,685.336,686.172,681.842,1.0051243543225556,44.5918367346939,0.6723094452812575,0.7204659394983333,-0.002125040302488612,0.009487747396953222,0.012093454486927726,-0.7930980290648226,202134.6,0.017330258925817615,-0.005874664042650024,0
2022-02-16,686.8,686.8,675.01,676.89,156345,683.092,684.5409999999999,682.6785,1.0006057023913892,38.05171062940718,0.011395273005064155,0.5786518061996795,-0.005874664042650024,0.008338108119411429,0.011067045663032815,2.4928063982842588,192062.2,0.01741789655630895,-0.0020239625345329637,0
2022-02-17,683.8,683.8,672.0,675.52,25838,681.518,683.554,683.2415,0.9974774658740724,45.8536585365854,-0.6158325858779108,0.3397549277841615,-0.0020239625345329637,0.007729568858014828,0.01102824298126946,-0.8347372797339218,161325.7,0.017468024632875348,0.00911890099478918,1
2022-02-18,680.9,683.95,675.6,681.68,35630,679.464,682.8489999999999,683.9404999999999,0.9934548400043572,48.93143365983968,-0.6088363774715617,0.15003666673301688,0.00911890099478918,0.008215163433632636,0.011143325905102815,0.37897670098304825,137690.5,0.012249149160896642,-0.012454524116887522,0
2022-02-21,685.7,685.7,670.5,673.19,39623,677.634,681.8399999999999,684.339,0.9902022243361842,42.50100522718141,-1.273681668577865,-0.13470700032915944,-0.012454524116887522,0.008748148197153941,0.011507315897440366,0.11206848161661531,126374.0,0.022579063860128708,-0.016874879305990853,0
2022-02-22,675.7,675.7,650.0,661.83,217890,673.8219999999999,679.579,683.184,0.9862965174828449,29.669475048606657,-2.686267789318549,-0.6450191581270375,-0.016874879305990853,0.009900708241963537,0.009936415300437188,4.499078817858314,131169.6,0.03883172415877196,0.005333695964220286,1
2022-02-23,668.0,670.0,655.0,665.36,154698,671.516,677.3040000000001,681.9835,0.9846513881934092,36.25634691917117,-3.480786627057455,-1.212172651913121,0.005333695964220286,0.009897952839583751,0.009890042228668634,-0.290017898939832,121754.8,0.022544186605747266,-0.045358903450763544,0
2022-02-24,650.0,653.5,630.11,635.18,623015,663.448,672.483,678.983,0.9771201929945227,23.147126667335286,-6.471127179393534,-2.2639635574092036,-0.045358903450763544,0.016629438686119196,0.01360017776124484,3.0272983490413576,166579.8,0.03682420731131331,-0.002629175981611498,0
2022-02-25,645.0,646.0,630.0,633.51,256634,653.8140000000001,666.639,676.6189999999999,0.9662956553097093,24.05920984050873,-8.87346092063251,-3.585863030053865,-0.002629175981611498,0.015270918251479679,0.013049492397724276,-0.5880773336115503,177077.9,0.02525611276854351,0.02441950403308546,1
2022-02-28,640.0,663.0,622.15,648.98,279974,648.972,663.303,674.912,0.9615653596320705,33.91690856313497,-9.420435094872346,-4.752777443017561,0.02441950403308546,0.018319186317507972,0.014410258473418034,0.09094663996196917,183440.9,0.06294492896545352,-0.011325464575179578,0
2022-03-01,664.99,664.99,640.0,641.63,233330,644.932,659.377,672.7745,0.9586154053103975,29.599719101123597,-10.327945515204192,-5.8678110574548885,-0.011325464575179578,0.018398163236799485,0.014503798975254641,-0.16660118439569394,202297.7,0.038947680127176115,-0.0261209731465174,0
2022-03-02,638.0,638.0,616.01,624.87,465956,636.8340000000001,654.175,669.358,0.9514101571954023,26.77040330263577,-12.258240624977475,-7.145896970959407,-0.0261209731465174,0.01949277688546751,0.01485660845011028,0.9969828140402006,233258.8,0.03519131979451728,-0.013106726199049512,0
2022-03-03,623.0,624.0,613.26,616.68,172958,633.134,648.2909999999999,665.9224999999999,0.9507622884044317,20.03344215303764,-14.284218381922756,-8.573561253152077,-0.013106726199049512,0.01944341590598451,0.014902635458236268,-0.6288104456214749,247970.8,0.017415839657520936,0.004199909191152651,1
2022-03-04,619.99,626.4,617.0,619.27,124666,630.286,642.05,662.4495,0.9514476197808286,23.40389643248713,-15.502130090276637,-9.959275020576989,0.004199909191152651,0.018993935901326336,0.014879519787870617,-0.27921229431422656,256874.4,0.01517916256237179,-0.07118058359035628,0
2022-03-07,615.61,615.61,573.0,575.19,1000914,615.528,632.25,657.045,0.9368125470858162,17.214640198511177,-19.796025245365513,-11.926625065534694,-0.07118058359035628,0.027305942236437855,0.020967629295049802,7.028764859705133,353003.5,0.07407986926059217,-0.02327926424311988,0
2022-03-08,573.9,579.98,559.0,561.8,343539,599.5620000000001,622.2470000000001,650.913,0.9211092726677761,16.267073099243802,-24.002740535018006,-14.341848159431358,-0.02327926424311988,0.027422767587638498,0.02108068498197021,-0.6567747079169639,365568.4,0.037344250622997545,-0.016375934496261846,0
2022-03-09,559.99,573.0,545.5,552.6,834109,585.108,610.971,644.1375,0.9083588519531931,15.553189104360499,-27.75896772166857,-17.025272071878803,-0.016375934496261846,0.026394635753568006,0.02082713957785032,1.427989253039684,433509.5,0.04976474846181687,0.06827723488961279,1
2022-03-10,561.01,593.0,561.01,590.33,689365,579.838,606.4860000000001,639.4845,0.9067272154368088,28.24896423639224,-27.37573867734443,-19.095365392971928,0.06827723488961279,0.03604201879347206,0.027319841283169086,-0.1735312770872871,440144.5,0.054190029305642616,-0.025833008656175327,0
2022-03-11,587.0,593.0,571.5,575.08,249060,571.0,600.643,633.641,0.9011411824676749,27.367935409457914,-27.9800379881749,-20.872299912012522,-0.025833008656175327,0.036494046641317335,0.02722786599048841,-0.6387109876480529,439387.1,0.03738610280308826,-0.007998887111358433,0
2022-03-14,575.0,575.0,564.0,570.48,114283,570.058,592.793,628.048,0.9076662930221894,28.248964236392226,-28.50158259935904,-22.398156449481828,-0.007998887111358433,0.03458206591495484,0.027202402185124812,-0.5411426965389866,422818.0,0.019282008133501612,0.022805356892441342,1
2022-03-15,573.75,584.4,573.5,583.49,110835,574.396,586.979,623.178,0.9217205998928074,31.348248052125598,-27.547561054282824,-23.428037370442027,0.022805356892441342,0.0363264046182104,0.028070189710823576,-0.030170716554518195,410568.5,0.018680697184184778,0.0054499648665786715,1
2022-03-16,584.0,602.0,584.0,586.67,331888,581.21,583.159,618.667,0.9394553127934737,37.39803605756742,-26.232500743419337,-23.988930045037492,0.0054499648665786715,0.03603040667213304,0.02821460322566852,1.99443316641855,397161.7,0.030681643854296285,-0.003562479758637549,0
2022-03-17,593.98,595.0,583.0,584.58,115120,580.0600000000001,579.949,614.12,0.9445385266723116,37.316605319093796,-25.069960605353344,-24.20513615710066,-0.003562479758637549,0.035938824618462595,0.028203140807382707,-0.6531359976859663,391377.9,0.020527558246946524,-0.028995176023812075,0
2022-03-18,576.2,585.0,566.0,567.63,236748,578.57,574.785,608.4175,0.9509424038591922,29.073416679528734,-25.22557775524058,-24.409224476728646,-0.028995176023812075,0.036548208156422485,0.028356392390377554,1.0565323141070189,402586.1,0.033472508500255446,0.01752902418829172,1
2022-03-21,574.0,582.89,565.0,577.58,189401,579.99,575.024,603.637,0.9608257943101567,33.741178859724855,-24.266296858368946,-24.380638953056707,0.01752902418829172,0.029640888343751108,0.028935826763270483,-0.19998901785865142,321434.8,0.030974064198898827,-0.00967831296097521,0
2022-03-22,577.58,579.99,570.01,571.99,138961,577.6899999999999,576.043,599.145,0.9641906383262816,35.76964477933262,-23.684110436507922,-24.24133324974695,-0.00967831296097521,0.028710586631278293,0.028854224914463825,-0.2663132718412258,300977.0,0.017447857480025905,0.022885015472298598,1
2022-03-24,576.0,588.0,565.77,585.08,154423,577.372,579.291,595.1310000000001,0.9701595110992368,41.7147351861563,-21.913860556856093,-23.77583871116878,0.022885015472298598,0.028578048326834277,0.02950454106699085,0.11126862932765302,233008.4,0.037994804129349864,0.02151842483079225,1
2022-03-25,585.0,599.99,583.0,597.67,237374,579.99,580.025,593.2555,0.9776394824826741,44.61883408071748,-19.272851556480987,-22.875241280231222,0.02151842483079225,0.019726716790824782,0.028583711304218145,0.5371673908679406,187809.3,0.02842705841015947,0.033530208978198806,1
2022-03-28,597.0,620.5,587.0,617.71,486774,590.006,584.288,592.4655,0.9958487034266129,62.034416393071425,-15.385418846141874,-21.37727679341335,0.033530208978198806,0.01954817643603713,0.029706618199240906,1.0506626673519426,211580.7,0.054232568681096306,0.019717990642858174,1
2022-03-29,623.85,635.0,620.0,629.89,293816,600.4680000000001,590.229,591.5110000000001,1.0151425755395926,69.40438871473356,-11.192753117572352,-19.34037205824515,0.019717990642858174,0.01908993512675453,0.02951417458805702,-0.39640161553410824,229534.0,0.02381368175395704,0.0028576418104748758,1
2022-03-30,627.98,644.0,612.1,631.69,428413,612.408,595.0490000000001,591.014,1.0361988040892431,73.53168699791729,-7.6367585653590595,-16.999649359667934,0.0028576418104748758,0.018654350430668154,0.02942523183819008,0.458099626977428,261291.8,0.050499453846032036,0.007377036204467391,1
2022-03-31,627.0,639.0,627.0,636.35,237486,622.662,600.017,591.588,1.0525264204142073,67.04696992146984,-4.391956468150852,-14.478110781364517,0.007377036204467391,0.018633585267081528,0.028829541828238932,-0.44566107937901045,251851.6,0.01885754694743459,0.011455959770566349,1
2022-04-01,636.35,650.0,631.1,643.64,640614,631.856,605.923,592.936,1.0656394619318104,76.98787592505116,-1.2181433553164425,-11.826117296154901,0.011455959770566349,0.018169088587630465,0.028706127223612144,1.6974811146762336,304401.0,0.029364240879994993,-0.07104903362127901,0
2022-04-04,625.0,625.0,595.37,597.91,773433,627.896,608.951,591.868,1.0608716808477565,58.15640796907521,-2.3656328725509184,-9.934020411434105,-0.07104903362127901,0.029490777543451353,0.0330752824587268,0.2073307795333852,358069.5,0.049555953237109256,-0.019852486160124472,0
2022-04-05,595.5,602.0,582.55,586.04,586557,619.126,609.797,592.4105,1.0450962634862144,50.76342733968025,-4.18459892881674,-8.784136114910632,-0.019852486160124472,0.030173976271936125,0.029116131687341475,-0.2416188603279147,397785.1,0.033188860828612464,-0.0027472527472527375,0
2022-04-06,590.0,597.0,582.0,584.43,437823,609.674,611.0409999999999,593.542,1.0271792055153637,49.32301740812378,-5.690460096217976,-8.165400911172101,-0.0027472527472527375,0.029957904847538224,0.028559075619105926,-0.25357126417381426,427671.3,0.025666033571171913,-0.013004123676060297,0
2022-04-07,587.7,588.0,566.12,576.83,615200,597.77,610.216,594.7535,1.0050718490937842,47.73325533781807,-7.411685112316036,-8.014657751400888,-0.013004123676060297,0.029398201741586708,0.028452370431022566,0.40513403818438043,473749.0,0.03793145294107448,0.02602153147374442,1
2022-04-08,585.0,599.0,581.01,591.84,355743,587.4100000000001,609.633,594.829,0.9875275079056336,57.162298088870486,-7.478380664959104,-7.907402334112532,0.02602153147374442,0.029813346176684817,0.024625016534604822,-0.42174414824447337,485585.9,0.03039672884563397,0.05809002433090016,1
2022-04-11,619.99,634.0,614.01,626.22,1326877,593.072,610.484,597.3860000000001,0.9927785384993956,62.57237386269644,-4.70284720147481,-7.266491307584988,0.05809002433090016,0.033693618808776374,0.026955777541587865,2.729875218908032,569596.2,0.03192168886333878,-0.0029382645076810876,0
2022-04-12,625.0,630.0,618.0,624.38,410932,600.74,609.933,600.081,1.0010981850783478,63.809373187832776,-2.6214708730869916,-6.3374872206853885,-0.0029382645076810876,0.03311819843425185,0.026854677684042937,-0.6903013617690261,581307.8,0.019219065312790287,-0.020244082129472374,0
2022-04-13,622.0,623.0,609.0,611.74,255441,606.202,607.938,601.4935,1.0078280147665768,57.0439653350243,-1.9692076998705943,-5.46383131652243,-0.020244082129472374,0.033668509937868754,0.02706592877708591,-0.37838620501688847,564010.6,0.022885539608330337,0.0006048321182201555,1
2022-04-14,607.01,616.0,606.15,612.11,163772,613.258,605.514,602.7655000000001,1.017407267005162,54.078635182465284,-1.4062185162978267,-4.65230875647751,0.0006048321182201555,0.033511281827102245,0.02706187293883897,-0.3588656480361414,556639.2,0.016091878910653352,-0.0040842332260541125,0
2022-04-15,615.0,622.0,608.0,609.61,134713,616.812,602.111,604.017,1.0211831786191448,47.46049661399548,-1.148535041803143,-3.9515540135426366,-0.0040842332260541125,0.03310542200760685,0.027068250968422747,-0.1774357032948245,506049.1,0.022965502534407243,-0.012138908482472344,0
2022-04-18,600.1,610.0,600.0,602.21,135633,612.01,602.5409999999999,605.746,1.010340967996487,41.05365223012283,-1.5238709516228255,-3.4660174011586746,-0.012138908482472344,0.024027253851789762,0.026288834290929486,0.0068293334718996235,442269.1,0.016605503063715315,-0.009049999169724932,0
2022-04-19,604.5,611.0,593.0,596.76,183573,606.486,603.613,606.705,0.9996390337973149,38.970634670034705,-2.235329331662456,-3.219879787259431,-0.009049999169724932,0.023216182637867473,0.026202945231467253,0.3534538054898144,401970.7,0.030162879549567666,-0.010456464910516772,0
2022-04-20,606.99,606.99,587.51,590.52,111763,602.242,604.222,607.6315000000001,0.9911303150017731,35.67185643719125,-3.2650436826148734,-3.22891256633052,-0.010456464910516772,0.023519235027184303,0.026221712611993724,-0.3911795307588807,369364.7,0.03298787509313828,-0.006282598387861604,0
2022-04-21,587.1,590.0,580.0,586.81,131919,597.182,605.22,607.7180000000001,0.9826630114625533,31.826031339942418,-4.330545881422381,-3.4492392293488923,-0.006282598387861604,0.023158939100044476,0.025802359069285373,0.1803459105428451,321036.6,0.017041291048209815,-0.0037831666127023933,0
2022-04-22,592.0,592.0,582.15,584.59,122829,592.178,604.495,607.0640000000001,0.975478697468471,44.09783764622477,-5.293084118306638,-3.8180082071404415,-0.0037831666127023933,0.021581259568224882,0.02533183033195251,-0.0689059195415368,297745.2,0.016849415829897914,0.002446158846370894,1
2022-04-25,590.01,602.0,583.2,586.02,248219,588.9399999999999,600.475,605.4795,0.97268363338478,49.99023437500001,-5.872815396568626,-4.228969645026079,0.002446158846370894,0.00666024727674767,0.024035139652989087,1.0208501249704875,189879.4,0.03208081635439056,-0.013549025630524403,0
2022-04-26,587.99,588.0,577.0,578.08,162541,585.204,595.845,602.889,0.9706662420445553,47.0799227444128,-6.893484456214651,-4.761872607263793,-0.013549025630524403,0.006855714298841738,0.02357402711747612,-0.3451709981911135,165040.3,0.019028508164959865,-0.012039856075283795,0
2022-04-27,578.5,584.0,569.88,571.12,147723,581.324,591.783,599.8605,0.9690986487691721,47.358682579332026,-8.169809395182824,-5.4434599648476,-0.012039856075283795,0.005547751070007848,0.023580756274077515,-0.09116469075494793,154268.5,0.024723350609329047,-0.007616612971004355,0
2022-04-28,570.0,574.0,558.01,566.77,375946,577.316,587.249,596.3815000000001,0.9680313691823103,37.13435286872623,-9.42368438274832,-6.239504848427744,-0.007616612971004355,0.004893601278405195,0.02341228362147117,1.5449388382310136,175485.9,0.028212502426028213,-0.011203839299892437,0
2022-05-06,566.77,566.77,558.0,560.42,172193,572.482,582.33,592.2205,0.9666703533565623,2.593659942363047,-10.80522536294643,-7.152648951331482,-0.011203839299892437,0.004833842563406652,0.023094118946241297,-0.5419741133035063,179233.9,0.01564897755254984,-0.07412297919417576,0
2022-05-09,560.0,560.0,518.39,518.88,749730,559.054,573.9970000000001,588.269,0.9503373456700931,1.6498625114573287,-15.078224987170643,-8.737764158499315,-0.07412297919417576,0.021436365378265338,0.023551020636491362,3.354009744879292,240643.6,0.08019195189639225,-0.005993678692568616,0
2022-05-10,523.0,523.0,511.5,515.77,407950,546.592,565.8979999999999,584.7555,0.9347359708459347,1.807773425730602,-18.50227625985724,-10.690666578770902,-0.005993678692568616,0.02154525772894631,0.02334971305040224,-0.4558707801475198,263081.3,0.022296760183802857,-0.01246679721581323,0
2022-05-11,517.95,517.95,485.6,509.34,858962,534.2360000000001,557.78,581.001,0.9195096049748626,1.353782069487778,-21.487019835211527,-12.849937230059027,-0.01246679721581323,0.021515180427566782,0.023377288419319447,1.1055570535604855,337801.2,0.06351356657635376,0.010209290454313402,1
2022-05-12,517.0,520.0,495.01,514.54,386732,523.79,550.553,577.8865,0.9063890573668013,6.1201883134865085,-23.16581300866335,-14.913112385779893,0.010209290454313402,0.02280514936557105,0.02361713780080729,-0.5497682086052701,363282.5,0.04856765266062893,0.017083219963462737,1
2022-05-13,510.4,526.0,508.01,523.33,347756,516.3720000000001,544.4269999999999,574.461,0.8988808639751003,14.053955523149838,-23.515912355286105,-16.633672379681137,0.017083219963462737,0.024606546976677524,0.02306885291336133,-0.10078297115314994,385775.2,0.03437601513385437,-0.04043337855655138,0
2022-05-16,512.1,523.33,495.0,502.17,470411,513.03,536.042,568.2585,0.9028109566332927,12.293709638842401,-25.210196317964574,-18.348977167337825,-0.04043337855655138,0.02576506444824472,0.01881812860215149,0.3527041948952714,407994.4,0.056415158213354126,-0.01276460162893045,0
2022-05-17,504.99,505.0,493.0,495.76,371167,509.02799999999996,527.81,561.8275,0.9060218661421877,12.277070063694282,-26.76167011985831,-20.031515757841923,-0.01276460162893045,0.025771211393380785,0.018730053126296296,-0.2109729576901901,428857.0,0.024205260609972568,0.01986848475068581,1
2022-05-18,498.0,508.4,487.0,505.61,393915,508.282,521.2589999999999,556.521,0.9133204317536985,19.181721572794928,-26.886480988922017,-21.40250880405794,0.01986848475068581,0.02804456692837797,0.019836244678086132,0.06128777612233849,453476.2,0.042325112240659754,-0.007397005597199469,0
2022-05-19,500.0,511.0,500.0,501.87,319048,505.74800000000005,514.769,551.009,0.9178579660223336,18.962929611286214,-26.976216216947137,-22.51725028663578,-0.007397005597199469,0.02804824387631771,0.01970646486506414,-0.19005876902377417,447786.4,0.021918026580588598,0.0018331440412855393,1
2022-05-20,505.7,505.99,497.1,502.79,151704,501.64000000000004,509.00600000000003,545.668,0.9193135752875375,18.65160075329571,-26.66571001420948,-23.34694223215052,0.0018331440412855393,0.0283760782613763,0.019839014785085263,-0.5245104184950227,445737.5,0.017681338133216623,-0.046818751367370126,0
2022-05-23,500.01,500.01,476.0,479.25,806613,497.05600000000004,505.043,539.52,0.9212930011862397,16.690259521402126,-27.99638794637565,-24.276831374995545,-0.046818751367370126,0.022208552127763324,0.021534746375215172,4.317018667932289,451425.8,0.05009911319770473,-0.02332811684924363,0
2022-05-24,479.25,483.0,467.01,468.07,538131,491.51800000000003,500.27299999999997,533.0854999999999,0.9220247033543402,16.228616372812525,-29.611746577601366,-25.34381441551671,-0.02332811684924363,0.02273194543227548,0.021698317928864213,-0.3328510698439029,464443.9,0.03416155703206787,0.0035251137650351705,1
2022-05-25,470.0,479.0,454.51,469.72,721180,484.34,496.31100000000004,527.0455,0.9189718914211392,17.621939013812025,-30.40826121371714,-26.3567037751568,0.0035251137650351705,0.02305413286303108,0.021968811046127534,0.3401569506309803,450665.7,0.05213744358341141,0.025100059609980407,1
2022-05-26,467.4,485.1,462.0,481.51,393385,480.26800000000003,493.008,521.7805,0.920440683390813,24.595969351619374,-29.745265430460677,-27.034416106217577,0.025100059609980407,0.02476558139784208,0.02340777913131827,-0.45452591586011815,451331.0,0.04797408153517066,0.009013312288426167,1
2022-05-27,490.0,503.0,483.0,485.85,711969,476.88,489.26000000000005,516.8435,0.9226777544846748,36.017272034544106,-28.54063607969897,-27.335660100913856,0.009013312288426167,0.024038582052017157,0.023746789133911424,0.809852943045617,487752.3,0.041164968611711435,0.005742513121333559,1
2022-05-30,488.0,496.88,485.01,488.64,129320,478.758,487.90700000000004,511.9745,0.9351207921488277,38.483742253162426,-27.049024638735204,-27.27833300847813,0.005742513121333559,0.02120006734797674,0.023841174750379848,-0.818362878159021,453643.2,0.024291912246234455,-0.03356254092992794,0
2022-05-31,494.0,494.0,469.0,472.24,319595,479.592,485.555,506.6825,0.9465335787204018,35.48058860363183,-26.880394311612747,-27.198745269105054,-0.03356254092992794,0.023238641766805138,0.024464276491393728,1.471350139189607,448486.0,0.05293918346603422,-0.017004065729290252,0
2022-06-01,474.96,474.96,463.0,464.21,269688,478.48999999999995,481.4150000000001,501.337,0.9544278599026204,30.729764913086797,-27.082517054618165,-27.175499626207674,-0.017004065729290252,0.021805530451705017,0.02451366573271012,-0.15615701121732195,436063.3,0.02576420154671373,-0.026281208935611033,0
2022-06-02,468.0,468.0,450.0,452.01,501793,472.59,476.429,495.599,0.9535733526500255,23.388059701492537,-27.90546202928482,-27.321492106823104,-0.026281208935611033,0.02252546485655415,0.024771403071788465,0.8606426685651567,454337.8,0.03982212782903033,-0.035043472489546645,0
2022-06-03,449.0,453.0,434.0,436.17,401893,462.654,469.767,489.38649999999996,0.9453754854292058,24.354989120298413,-29.495798268362307,-27.756353339130946,-0.035043472489546645,0.023344284975995236,0.0253510469173592,-0.19908607732670647,479356.7,0.04356099685902286,0.020038058555150506,1
2022-06-06,438.0,451.0,430.99,444.91,320121,453.908,466.33299999999997,485.688,0.9345670471578462,30.593084497366632,-29.708445768854745,-28.146771825075707,0.020038058555150506,0.02241324217216841,0.02171762453262314,-0.20346709198717072,430707.5,0.044975388280775866,0.007552089186577016,1
2022-06-07,448.0,453.6,442.6,448.27,304631,449.1139999999999,464.35299999999995,482.313,0.9311671051785873,26.975586251204618,-29.26845796133341,-28.37110905232725,0.007552089186577016,0.022065803181268606,0.021974606893799722,-0.04838795330515644,407357.5,0.02453878243023178,0.03743279719811721,1
2022-06-08,445.01,476.0,440.52,465.05,1183064,449.282,463.88599999999997,480.09849999999994,0.9358121302191114,36.616749054957836,-27.251618990069346,-28.14721103987567,0.03743279719811721,0.025676217380953326,0.024028924294354128,2.8835968762207393,453545.9,0.07629287173422217,-0.0005805827330395141,0
2022-06-09,471.0,472.0,462.0,464.78,415877,451.83600000000007,462.213,477.61050000000006,0.9460344778852224,36.11861807026512,-25.382453197881603,-27.59425947147686,-0.0005805827330395141,0.024041101171642647,0.02380702428492581,-0.6484746387346754,455795.1,0.02151555574680494,0.005163733379233149,1
2022-06-10,468.8,473.0,462.0,467.18,420217,458.038,460.346,474.80300000000005,0.9646906190567456,44.7870778267254,-23.43729534704636,-26.762866646590762,0.005163733379233149,0.023852655091261894,0.02337562939378288,0.010435777886250053,426619.9,0.023545528490089472,-0.034590521854531486,0
2022-06-13,466.1,466.1,444.0,451.02,716623,459.26000000000005,456.584,472.2455,0.972502649575274,42.939958592132506,-22.93533640012936,-25.99736059729848,-0.034590521854531486,0.02544409849765016,0.022947297135481427,0.7053641332930367,485350.2,0.049000044343931584,-0.006252494346148718,0
2022-06-14,447.5,451.6,443.0,448.2,441663,459.246,454.18,469.8675,0.9773946910565212,41.17454068241468,-22.5056496308909,-25.299018404016966,-0.006252494346148718,0.02376874902211224,0.02287899330354387,-0.38368849450827003,497557.0,0.01918786256135659,0.01222668451584119,1
2022-06-15,451.99,459.49,450.99,453.68,533921,456.97200000000004,453.12699999999995,467.271,0.9779592570478374,37.96384395813512,-21.475374815893417,-24.53428968639226,0.01222668451584119,0.02391944603752423,0.022506474013154046,0.20888777189848362,523980.3,0.01873567272086052,0.010293599012519916,1
2022-06-16,450.02,459.5,448.05,458.35,452041,455.68600000000004,453.7610000000001,465.09499999999997,0.9797697244648944,38.14041745730551,-20.05091021934669,-23.63761379298315,0.010293599012519916,0.022557316647852422,0.02276019496690944,-0.15335602083454292,519005.1,0.024980909785098697,0.01186865932147918,1
2022-06-17,459.98,469.0,457.9,463.79,677307,455.008,456.523,463.145,0.9824309881354651,39.52272535626952,-18.27241618821347,-22.564574272029216,0.01186865932147918,0.018618594445059658,0.023011229012841836,0.4983309036127255,546546.5,0.02393324564997094,-0.022833610039026397,0
2022-06-20,466.0,468.5,450.01,453.2,404493,455.4440000000001,457.35200000000003,461.84250000000003,0.9861457098469717,41.558787018974996,-17.515562845437216,-21.55477198671082,-0.022833610039026397,0.019992795940316305,0.021203935340562544,-0.4027922345406145,554983.7,0.040798764342453685,0.02550750220653142,1
2022-06-21,454.0,467.0,451.11,464.76,907649,458.756,459.00100000000003,461.677,0.9936730658014151,50.23643710772936,-15.800813783769911,-20.40398034612264,0.02550750220653142,0.021307112825167025,0.021498246480643416,1.2439176944965675,615285.5,0.034189689302005305,-0.010887339702211896,0
2022-06-22,467.0,469.0,457.55,459.7,579775,459.96000000000004,458.466,461.17599999999993,0.9973632626155743,53.52202986168361,-14.68092988891641,-19.259370254681397,-0.010887339702211896,0.0180717253222891,0.021610390274205533,-0.3612343538085758,554956.6,0.024907548401131147,0.004785729823798102,1
2022-06-23,461.0,468.0,460.51,461.9,403926,460.66999999999996,458.178,460.1955000000001,1.0010310835286305,63.466973725531204,-13.46072535717741,-18.099641275180602,0.004785729823798102,0.01816527482202651,0.02078802279791507,-0.3033055926868181,553761.5,0.01621563108898032,-0.05570469798657707,0
2022-06-24,461.9,463.0,427.26,436.17,874681,455.146,455.07700000000006,457.7115,0.9943949409180237,46.11624600071099,-14.403861688639154,-17.360485357872314,-0.05570469798657707,0.024984909605294522,0.02382052510579251,1.1654486217772564,599207.9,0.08194052777586723,0.025013182933259825,1
2022-06-27,437.99,450.0,436.0,447.08,621735,453.922,454.683,455.6335,0.9962436914757146,49.50445573415508,-14.108326202591968,-16.710053526816246,0.025013182933259825,0.024662039822736917,0.024657501886146734,-0.28918657201882747,589719.1,0.03131430616444484,0.02994989711013707,1
2022-06-28,448.0,475.0,447.0,460.47,1000421,453.064,455.91,455.04499999999996,0.9956465844037404,48.037367158039096,-12.647854511784658,-15.897613723809929,0.02994989711013707,0.026339884058986775,0.024758805776312332,0.6090794309472685,645594.9,0.06080743588073055,-0.006428214650248787,0
2022-06-29,452.91,464.99,449.01,457.51,899482,452.62600000000003,456.293,454.71000000000004,0.9954168590970068,46.95484627628384,-11.595600571559203,-15.037211093359783,-0.006428214650248787,0.0262760638398291,0.024509957345444106,-0.1008965225640005,682151.0,0.03492819829074778,0.0033441891980503513,1
2022-06-30,457.5,466.0,450.1,459.04,1584750,452.054,456.36199999999997,455.06149999999997,0.9933910031940738,46.56540084388187,-10.516990213017152,-14.133166917291257,0.0033441891980503513,0.026098857677033366,0.023749352029696944,0.7618473743776975,795421.9,0.03463750435691874,-0.013833217148832344,0
2022-07-01,458.0,458.5,451.03,452.69,159303,455.358,455.25199999999995,455.8875,0.9988385292424118,50.76823994847732,-10.058626083526804,-13.318258750538368,-0.013833217148832344,0.026116218652873738,0.02249349322656524,-0.8994775201135826,743621.5,0.01650135854558313,-0.02732554286597899,0
2022-07-04,450.5,457.9,439.4,440.32,436179,454.00600000000003,453.96399999999994,455.658,0.9963744738378345,46.66779431664412,-10.571661297361686,-12.768939259903032,-0.02732554286597899,0.026547361851273113,0.02299361532737953,1.7380463644752453,746790.1,0.042014898255813955,-0.011378088662790664,0
2022-07-05,441.5,444.0,433.8,435.31,146781,448.974,451.01899999999995,455.00999999999993,0.9867343574866487,42.20090005943789,-11.252795310510237,-12.465710470024474,-0.011378088662790664,0.024713783027610205,0.023044465408433332,-0.6634844868735084,670703.3,0.023431577496496724,0.004157956398888052,1
2022-07-06,439.9,443.95,435.6,437.12,324177,444.896,448.7610000000001,453.61350000000004,0.9807820975345751,40.7623357410147,-11.513822867130784,-12.275332949445737,0.004157956398888052,0.02485740705141689,0.02123799286422455,1.2085760418582785,645143.5,0.019102306002928178,-0.003934846266471559,0
2022-07-07,439.5,440.02,434.0,435.4,133871,440.168,446.111,452.1445,0.9735117866080424,37.23356416943969,-11.724327957165315,-12.165131950989654,-0.003934846266471559,0.024638017749073128,0.02123216252105961,-0.5870434978422281,618138.0,0.013826366559485489,0.021658245291685807,1
2022-07-13,434.99,447.0,430.11,444.83,484102,438.596,446.97700000000003,451.02699999999993,0.9724384571211925,46.19649186585477,-11.003392310244635,-11.93278402284065,0.021658245291685807,0.01855763557632515,0.021878231379876722,2.616182743088496,579080.1,0.03796956140548072,0.02609985837286155,1
2022-07-14,451.0,458.9,443.0,456.44,750348,441.82,447.913,451.29800000000006,0.97899835585356,46.22093023255814,-9.387008059121627,-11.423628830096845,0.02609985837286155,0.018709133596435657,0.02135447166939415,0.5499791366282312,591941.4,0.034834808518096526,-0.011304881254929455,0
2022-07-15,458.5,463.0,445.6,451.28,586724,445.01399999999995,446.99399999999997,451.45200000000006,0.9857393477047391,46.178979851152654,-8.425259622382839,-10.823954988554044,-0.011304881254929455,0.016312824619341727,0.021472056908800736,-0.2180641515670062,550571.7,0.03855699344087923,-0.03359333451515678,0
2022-07-18,440.0,445.0,433.0,436.12,328980,444.814,444.855,450.57399999999996,0.987216306311505,39.53223972713987,-8.785083387075986,-10.416180668258434,-0.03359333451515678,0.01916432994880275,0.022578103393928278,-0.43929343268726007,493521.5,0.027515362744198843,-0.019306612858846273,0
2022-07-19,436.0,439.98,423.5,427.7,318493,443.274,441.721,449.0415,0.9871559755612789,45.998299159028626,-9.638562594319069,-10.260657053470561,-0.019306612858846273,0.019455977470207893,0.02271837767875899,-0.031877317770077185,366895.8,0.03853168108487262,0.0010521393500115828,1
2022-07-20,430.89,433.5,425.0,428.15,226004,439.938,439.267,447.2595,0.9836303085792476,40.07549543881725,-10.161504279830638,-10.240826498742576,0.0010521393500115828,0.01943396812307885,0.022467963537000663,-0.29039570728399056,373565.9,0.01985285530771926,-0.011561368679201212,0
2022-07-21,430.0,430.95,422.0,423.2,223965,433.28999999999996,437.555,445.7595,0.9720263953993128,28.56321177959279,-10.850287602897254,-10.362718719573513,-0.011561368679201212,0.01804654599567504,0.022102411481274356,-0.009021964213022815,352344.5,0.021148393194706967,-0.010018903591682449,0
2022-07-22,425.99,427.0,407.31,418.96,560455,426.826,435.91999999999996,443.4695,0.9624697978102216,28.148735970978365,-11.6045162736429,-10.611078230387392,-0.010018903591682449,0.01798824663405879,0.021079035549760494,1.5024222534771057,393711.9,0.04699732671376742,-0.009953217490929811,0
2022-07-25,415.0,417.99,411.51,414.79,150708,422.56000000000006,433.687,441.22400000000005,0.9576994905082226,25.646670335718227,-12.3958405453252,-10.968030693374953,-0.009953217490929811,0.01785850717352739,0.0210662436023536,-0.731097055071326,376365.0,0.015622363123508324,-0.0009161262325514397,0
2022-07-26,416.99,421.88,409.0,414.41,358293,419.90200000000004,431.588,438.8495,0.956824606157692,27.45051837888785,-12.904874199260576,-11.355399394552077,-0.0009161262325514397,0.017905584775521635,0.02096641106207004,1.377398678238713,398807.2,0.03108033107309185,0.003064597862020735,1
2022-07-27,414.41,417.99,411.0,415.68,282249,417.408,428.67299999999994,437.82499999999993,0.9533672129275397,33.30170777988616,-13.055315105343709,-11.695382536710405,0.003064597862020735,0.015681942377547182,0.017315962422458562,-0.21223970325962271,378621.9,0.016815819861431894,0.001347190146266275,1
2022-07-28,417.97,423.9,415.0,416.24,509039,416.01599999999996,424.65299999999996,436.283,0.9535462073929077,36.24693494879563,-12.979731027712717,-11.952252234910869,0.001347190146266275,0.01127312388618918,0.016121505867290116,0.8035103755903474,354491.0,0.02138189506054194,-0.010354603113588268,0
2022-07-29,418.0,418.0,410.03,411.93,187844,414.61,420.718,433.85599999999994,0.9556396592417763,32.46554364471669,-13.11641323438107,-12.18508443480491,-0.010354603113588268,0.011256644127055272,0.014122651422705326,-0.6309830877398392,314603.0,0.019347947466802677,0.004539606243779248,1
2022-08-01,412.0,415.9,409.01,413.8,109858,414.412,418.486,431.6705,0.9600192739601153,34.99583217560435,-12.924851849470201,-12.33303791773797,0.004539606243779248,0.00799525731260121,0.014294937858810737,-0.41516364643001635,292690.8,0.016650555824069567,0.008023199613339749,1
2022-08-02,413.8,421.0,409.12,417.12,254715,414.954,417.428,429.5745,0.9659651585464221,28.966145437983897,-12.362633079531804,-12.338956950096737,0.008023199613339749,0.007280631542951539,0.014474313020462244,1.3185839902419487,286313.0,0.028481012658227837,0.05856827771384743,1
2022-08-03,419.99,448.35,416.06,441.55,1174910,420.128,418.76800000000003,429.01750000000004,0.9792794000244744,40.53882323039777,-9.832431671978611,-11.837651894473112,0.05856827771384743,0.020710745901810726,0.02004550636340964,3.612645505761341,381203.6,0.07312875099082781,0.02405163628128193,1
2022-08-04,442.1,454.95,442.1,452.17,794586,427.314,421.6650000000001,429.61,0.9946556178859897,50.52881758764114,-6.8908501512804605,-10.84829154583458,0.02405163628128193,0.020936990003212183,0.019792386243619262,-0.3237047944097846,438265.7,0.02841851516022727,0.030917575248247342,1
2022-08-05,454.99,474.9,454.99,466.15,1830646,438.158,426.384,431.15199999999993,1.0162494897391177,68.09690249487767,-3.3924503826277146,-9.357123313193208,0.030917575248247342,0.02127476652958671,0.020586296869264872,1.3038991374124387,565284.8,0.04271157352783432,-0.009996782151667882,0
2022-08-10,471.0,476.89,458.0,461.49,1213367,447.696,431.054,432.3705,1.0354452951808693,71.32937760383795,-0.98461637148813,-7.682621924852193,-0.009996782151667882,0.02127952161975313,0.020809182359933433,-0.3371918983790422,671550.7,0.04093263125961556,0.0065006825716700245,1
2022-08-11,462.0,467.67,459.0,464.49,572770,457.16999999999996,436.062,433.825,1.0538120209762,72.2235812133073,1.1524002055755318,-5.9156174987666486,0.0065006825716700245,0.020947637958920705,0.020759051096042962,-0.5279499112799343,692998.4,0.0186656332752051,-0.0025619496652242724,0
2022-08-12,464.0,465.0,460.0,463.3,504503,461.52,440.82399999999996,434.74850000000004,1.061579280894586,75.70512820512826,2.7186394017870157,-4.1887661186559155,-0.0025619496652242724,0.0212773171009927,0.02034266387778573,-0.119187457443651,715223.8,0.010792143319663284,0.02303043384416159,1
2022-08-15,465.0,480.5,462.55,473.97,2317379,465.88,446.59700000000004,435.625,1.0694519368723099,82.57728295629522,4.7659363287129395,-2.3978256291821447,0.02303043384416159,0.021277449186839253,0.02016389610232291,3.5933899302878274,896057.8,0.037871595248644405,0.01236365170791398,1
2022-08-16,475.0,489.45,473.25,479.83,2561946,468.616,453.387,437.05249999999995,1.0722190125900208,87.76126335346032,6.783095615293462,-0.5616413802870235,0.01236365170791398,0.0196230424250238,0.020031332489181836,0.10553603877484008,1133468.0,0.03376195735989827,0.03847195881874832,1
2022-08-17,482.0,505.43,478.2,498.29,1947928,475.976,461.83599999999996,440.16100000000006,1.0813679539986503,90.24952015355089,9.758783425403124,1.502443580851006,0.03847195881874832,0.02042616296552994,0.019528525639534514,-0.2396685956690734,1317275.0,0.054646892371911976,0.00479640370065626,1
2022-08-18,502.99,511.0,495.0,500.68,1220122,483.21400000000006,470.192,443.80999999999995,1.0887857416462001,90.35320926699585,12.169606827336281,3.635876230148061,0.00479640370065626,0.02064207288196804,0.018547625798394307,-0.37363085288573294,1413815.7,0.03195653910681473,-0.015558839977630412,0
2022-08-19,495.11,498.41,490.3,492.89,330146,489.13199999999995,475.3259999999999,447.047,1.094139989754992,84.0515326521546,13.298319101473794,5.568364804413208,-0.015558839977630412,0.017816472633770983,0.019237422931404177,-0.7294155830318607,1329339.3,0.016453975532066005,-0.004727221083811739,0
2022-08-22,492.8,493.89,485.0,490.56,512742,492.45,479.16499999999996,450.41499999999996,1.0933250446810165,85.55666093877184,13.845221092875306,7.223736062105628,-0.004727221083811739,0.01783446987696905,0.018944392100225346,0.5530765176618828,1301154.9,0.018122146118721434,0.056078767123287854,1
2022-08-23,497.0,521.87,495.99,518.07,2185086,500.09800000000007,484.35699999999997,455.3705,1.0982222168541882,88.27545701490348,16.310455176248297,9.041079884934161,0.056078767123287854,0.022532384081754002,0.02132820705385641,3.2615701463894125,1336598.9,0.049954639334452856,-0.01638774682957911,0
2022-08-24,522.0,527.0,507.0,509.58,1021093,502.35600000000005,489.166,460.10999999999996,1.0918171741540068,82.69910878483518,17.378767290842518,10.708617366115833,-0.01638774682957911,0.023267682774339642,0.02170428973235324,-0.532698941826546,1317371.5,0.0392480081635857,0.022037756583853207,1
2022-08-25,507.0,526.9,501.0,520.81,1970583,506.38199999999995,494.79800000000006,465.42999999999995,1.0879874524633135,80.91745982212511,18.913555787566224,12.349605050405913,0.022037756583853207,0.023510645200331137,0.02167222895015157,0.9298761229388508,1457152.8,0.04973022791421052,-0.0038977746203029406,0
2022-08-26,540.0,540.0,517.01,518.78,2097136,511.56000000000006,500.346,470.58500000000004,1.0870724736232562,77.8493185048917,19.738548988275,13.82739383797973,-0.0038977746203029406,0.023604632288945215,0.021873396198154618,0.0642210959903744,1616416.1,0.04431550946451292,-0.013897991441458757,0
2022-08-29,517.0,517.0,497.21,511.57,1300134,515.762,504.10600000000005,475.35149999999993,1.0850118280893193,70.12940967913492,19.584813758194684,14.978877822022723,-0.013897991441458757,0.024493222626212115,0.02249750527039489,-0.38004306826071366,1514691.6,0.03868483296518565,-0.0032840080536388205,0
2022-08-30,518.9,521.5,507.0,509.89,1033635,514.126,507.11199999999997,480.24950000000007,1.0705393758869086,72.03204661325563,19.10716007356541,15.80453427233126,-0.0032840080536388205,0.02467749208899538,0.022204539411657002,-0.20497810225715196,1361860.5,0.028437506128772872,0.013395045990311827,1
2022-08-31,508.99,519.5,507.1,516.72,572071,515.554,508.95500000000004,485.39549999999997,1.0621318079792663,72.974399577725,19.060027869669966,16.455632991799003,0.013395045990311827,0.022202085392718354,0.022158156518893767,-0.44654447653185114,1224274.8,0.02399752283635233,0.012869639263043853,1
2022-09-01,518.98,529.51,516.72,523.37,1142761,516.066,511.224,490.7080000000001,1.0516763533506688,75.2119533282968,19.336376964969304,17.031781786433065,0.012869639263043853,0.022386121788070035,0.022145825372200584,0.9975859639799955,1216538.7,0.02443777824483628,-0.005025125628140725,0
2022-09-02,522.0,526.45,518.0,520.74,391581,516.4580000000001,514.009,494.6675,1.04405080180121,71.05049959492302,19.122731646870875,17.44997175852063,-0.005025125628140725,0.021561519452993616,0.019454910485730073,-0.6573377985423023,1222682.2,0.016226907861888937,-0.006970849176172411,0
2022-09-05,519.95,524.5,513.6,517.11,485020,517.566,516.664,497.9145,1.0394676194406873,67.12291015983833,18.44785019654455,17.649547446125414,-0.006970849176172411,0.021693533549284952,0.019382840274215263,0.23861985132067187,1219910.0,0.021078687319912547,-0.009340372454603507,0
2022-09-06,516.0,516.0,509.0,512.28,201540,518.0440000000001,516.085,500.221,1.0356302514288687,57.3453743568203,17.32356586712592,17.584351130325516,-0.009340372454603507,0.012773525325060408,0.018841003118152014,-0.5844707434744959,1021555.4,0.013664402280003124,-0.007944873897087534,0
2022-09-07,519.9,520.0,507.02,508.21,137412,516.342,515.9480000000001,502.55699999999996,1.0274297243894723,53.885047982664304,15.920624402571434,17.2516057847747,-0.007944873897087534,0.011896000959749417,0.018761062880702704,-0.31818993748139324,933187.3,0.025540622970819188,0.012514511717597099,1
2022-09-08,511.01,517.89,510.5,514.57,413770,514.582,515.324,505.06100000000004,1.0188511882723077,61.35316296606621,15.147372549685997,16.83075913775696,0.012514511717597099,0.010174007168743787,0.01883447452133359,2.0111635082816637,777506.0,0.01436150572322519,-5.8301105777758266e-05,0
2022-09-09,516.0,520.0,513.5,514.54,346278,513.342,514.9,507.62299999999993,1.0112662349814725,62.86756814767112,14.366535655833445,16.33791444137226,-5.8301105777758266e-05,0.010131491031724714,0.018787745957200636,-0.16311477390820983,602420.2,0.012632642748863063,-0.004392272709604628,0
2022-09-12,516.0,518.99,510.0,512.28,155566,512.376,514.9709999999999,509.5385,1.0055687646762708,45.73825997350209,13.410762754315613,15.752484103960931,-0.004392272709604628,0.009163001034778495,0.018432437173753743,-0.5507482427413812,487963.4,0.017548996642461172,0.0021863043648004954,1
2022-09-13,513.4,516.7,512.53,513.4,191115,512.6,515.322,511.217,1.002705309095746,53.153896961690876,12.598453355641311,15.12167795429701,0.0021863043648004954,0.009096512241229924,0.018331107884241672,0.22851394263528024,403711.4,0.008122321776392818,-0.0011492014024153674,0
2022-09-14,513.4,515.75,510.0,512.81,157459,513.52,514.9309999999999,511.9429999999999,1.0030804210625013,41.98717948717952,11.771390968011701,14.451620557039949,-0.0011492014024153674,0.00793375678938638,0.016396523114276362,-0.17610339324490487,362250.2,0.011212729860962152,-0.0035880735555077203,0
2022-09-15,514.0,523.35,509.5,510.97,922911,512.8,513.691,512.4575000000001,1.0006683481069159,42.14759702392929,10.842480083481234,13.729792462328207,-0.0035880735555077203,0.006347340126529577,0.01641665325886895,4.861278174000851,340265.2,0.027105309509364586,-0.005479773763626072,0
2022-09-16,511.08,515.2,506.8,508.17,411958,511.526,512.434,513.2215,0.9966963582001144,46.24889673433366,9.767778050490335,12.937389579960634,-0.005479773763626072,0.006370004919820552,0.016027040484205116,-0.5536319320064449,342302.9,0.016529901410945222,-0.012161284609481071,0
2022-09-19,511.69,511.69,500.0,501.99,174812,509.468,510.9219999999999,513.793,0.9915822130702443,42.07145724608596,8.321469870221279,12.014205638012763,-0.012161284609481071,0.006965448262471981,0.01626706085954071,-0.5756557707339098,311282.1,0.023287316480407973,-0.018346979023486587,0
2022-09-20,503.9,503.98,491.5,492.78,427623,505.34399999999994,508.97200000000004,512.5285,0.9859822429386852,27.068965517241395,6.358790015364036,10.88312251348302,-0.018346979023486587,0.00833287691674921,0.010593866804990939,1.4461879047204995,333890.4,0.025325703153537115,-0.018973984333779725,0
2022-09-21,494.99,495.99,481.0,483.43,428667,499.468,506.49399999999997,511.221,0.9770099428622846,13.624772313297015,4.00274408901879,9.507046828590175,-0.018973984333779725,0.00957375411625818,0.010787023001850748,0.0024414028244506003,363015.9,0.031007591585131267,0.009929048673024132,1
2022-09-22,480.0,489.74,473.05,488.23,512537,494.9200000000001,503.86,509.592,0.9712083392203961,21.517434729279927,2.494129826622725,8.104463428196686,0.009929048673024132,0.00907160228683136,0.009608276677933137,0.1956530360396298,372892.6,0.0341847080269545,-0.017573684533928713,0
2022-09-23,493.9,494.05,477.05,479.65,338713,489.216,500.371,507.63550000000004,0.9637151066070044,19.80006449532415,0.5992995090574027,6.60343064436883,-0.017573684533928713,0.009640867474149014,0.010134230032907941,-0.33914429592400164,372136.1,0.035442510163661005,0.013092880225164194,1
2022-09-26,481.0,493.0,470.0,485.93,1740483,486.004,497.73600000000005,506.3535,0.9598116730702958,29.242161651173888,-0.39111512161684914,5.204521491171695,0.013092880225164194,0.011553226857331112,0.01051768483647992,4.138518450723769,530627.8,0.04733192023542485,0.015660691869199272,1
2022-09-27,490.0,498.65,486.0,493.54,1112140,486.15600000000006,495.75,505.53599999999994,0.9616644511963542,39.053872556334944,-0.5555583209015822,4.05250552875704,0.015660691869199272,0.01318215547372669,0.011270908234051184,-0.36101645347871825,622730.3,0.02563115451635121,0.0049641366454593605,1
2022-09-28,495.9,503.5,494.05,495.99,780047,488.668,494.06800000000004,504.4995,0.9686193940727394,35.27733755942948,-0.482622840900774,3.145479854825477,0.0049641366454593605,0.013460604612201551,0.01083089865815525,-0.2986071897422986,684989.1,0.019052803483941186,0.01411318776588244,1
2022-09-29,497.79,505.99,492.0,502.99,996340,491.62,493.27,503.48049999999995,0.9764429804133429,41.758241758241795,0.13842487523550062,2.544068858907482,0.01411318776588244,0.014532117964036152,0.010923860555118353,0.27728200993017094,692332.0,0.027813674228115884,-0.012783554345016768,0
2022-09-30,501.0,507.9,491.11,496.56,836928,495.00199999999995,492.10900000000004,502.27149999999995,0.9855267519658193,39.41271551724141,0.11048875682098469,2.0573528384901825,-0.012783554345016768,0.014933612755648125,0.011174542197616233,-0.15999759118373247,734829.0,0.033812630900596025,-0.004692282906396006,0
2022-10-03,498.89,498.89,492.05,494.23,170261,496.662,491.33299999999997,501.12750000000005,0.9910890940928205,37.29622266401593,-0.0985265924418286,1.6261769523037803,-0.004692282906396006,0.014562660063633336,0.011136126557184578,-0.7965643400627055,734373.9,0.013839710256358325,0.02367318859640255,1
2022-10-04,496.2,511.0,495.33,505.93,1611597,499.14000000000004,492.64799999999997,500.81000000000006,0.9966654020486811,46.02587800369689,0.6721710865396062,1.4353757791509456,0.02367318859640255,0.015197462694558787,0.01239752525321718,8.46545010307704,852771.3,0.030972664202557697,0.02140612337675174,1
2022-10-05,510.0,518.89,507.8,516.76,1329524,503.294,495.98100000000005,501.2375,1.0041028454574927,53.02982731554158,2.1322656089718635,1.5747537451151292,0.02140612337675174,0.014112483970711447,0.013188147463507301,-0.17502700737219046,942857.0,0.021460639368372118,-0.0071986995897516115,0
2022-10-06,519.98,523.0,512.13,513.04,661341,505.304,498.462,501.16099999999994,1.0082668044799976,52.5241007567119,2.9551628489518293,1.8508355658824693,-0.0071986995897516115,0.01471422679291809,0.013011231071686797,-0.5025731013505585,957737.4,0.021187431779198514,-0.0023000155933259325,0
2022-10-07,510.9,520.9,510.15,511.86,823970,508.3639999999999,501.683,501.02700000000004,1.0146439213854739,55.395211544768785,3.4720747851304736,2.1750834097320704,-0.0023000155933259325,0.012766903977700562,0.013020789596104467,0.245907935543086,1006263.1,0.021001836439651467,0.005333489626069721,1
2022-10-10,514.0,517.5,510.5,514.59,508375,512.4359999999999,504.549,501.14250000000004,1.022535506367949,62.83092128485708,4.0552727432746565,2.5511212764405875,0.005333489626069721,0.012562158436561966,0.013036826241242899,-0.3830175855917084,883052.3,0.013603062632386947,-0.0022347888610350086,0
2022-10-11,516.0,517.1,510.2,513.44,333876,513.938,506.53900000000004,501.1445,1.025528565114453,69.54030472717804,4.374242394318969,2.915745500016264,-0.0022347888610350086,0.012275545052795591,0.013040739687833385,-0.3432485861814606,805225.9,0.01343876597070745,0.00011685883452772217,1
2022-10-12,515.5,520.0,512.0,513.5,363242,513.286,508.2900000000001,501.179,1.0241570377050913,67.53643303261623,4.579084800187616,3.2484133600505345,0.00011685883452772217,0.012330057587569106,0.013037508175936473,0.08795480957002,763545.4,0.01557935735150925,-0.0018111002921128438,0
2022-10-13,514.01,517.09,510.9,512.57,186571,513.192,509.24800000000005,501.259,1.0238060563501103,75.55900621118023,4.6132025278603805,3.521371193612504,-0.0018111002921128438,0.011831517586147082,0.013016746987617846,-0.48637272121615893,682568.5,0.012076399321068448,-0.0003121524864898584,0
2022-10-14,516.99,516.99,511.01,512.41,206757,513.302,510.83299999999997,501.471,1.0235925905984593,72.71791352093342,4.574597299936158,3.732016414877235,-0.0003121524864898584,0.010709945559244047,0.012948412973555016,0.10819473551623782,619551.4,0.011670342108858178,-0.003883608828867402,0
2022-10-17,514.89,514.9,509.7,510.42,393801,512.4680000000001,512.452,501.89250000000004,1.0210712453364017,66.02734523357391,4.333472437033208,3.8523076193084296,-0.003883608828867402,0.010646614111923889,0.012651462071305653,0.9046561906005601,641905.4,0.01018768857019707,-0.0014301947415853444,0
2022-10-18,511.52,515.49,506.99,509.69,411636,511.718,512.8280000000001,502.738,1.017862186665818,63.447192775814706,4.036939026644461,3.8892339007756362,-0.0014301947415853444,0.007911914987117595,0.011835501210348707,0.04528937204324013,521909.3,0.016676803547254215,0.007906766858286396,1
2022-10-19,513.0,515.9,510.5,513.72,367206,511.76200000000006,512.524,504.25250000000005,1.0148923406428327,61.18407337919537,4.080088758942225,3.927404872408954,0.007906766858286396,0.004348794751429797,0.010842264730098135,-0.10793516602046471,425677.5,0.010511562718990845,-0.0031924005294712288,0
2022-10-20,516.0,516.0,512.0,512.08,241135,511.66400000000004,512.428,505.44500000000005,1.0123040093383058,67.97128300138962,3.9365725804411795,3.9292384140153995,-0.0031924005294712288,0.0038243565059181655,0.010804136760583808,-0.3433250001361634,383656.9,0.007811279487580065,0.0016013122949538605,1
2022-10-21,513.99,514.9,508.1,512.9,186632,511.76200000000006,512.532,507.10749999999996,1.0091785272353497,72.40220782337417,3.8446830094737265,3.912327333107065,0.0016013122949538605,0.0037829070449265437,0.009732000111374131,-0.22602691438405875,319923.1,0.013257945018522042,-0.003645934880093571,0
2022-10-24,518.0,518.0,510.51,511.03,383182,511.884,512.176,508.3625,1.006927143524552,58.00879396984922,3.579701915303019,3.845802249546256,-0.003645934880093571,0.003485495407410894,0.009573149174004198,1.0531420120879593,307403.8,0.014656673776490636,-0.005909633485313925,0
2022-10-25,513.5,513.5,506.0,508.01,212600,511.54799999999994,511.633,509.08599999999996,1.0048361180625671,31.793591344153043,3.090389640208514,3.6947197276787076,-0.005909633485313925,0.003842116070854859,0.009228951794690849,-0.4451722680084138,295276.2,0.014763488907698668,-0.020531091907639576,0
2022-10-26,503.25,506.92,494.5,497.58,377351,508.32,510.041,509.16549999999995,0.9983394397303039,24.853610930383766,1.839784414533824,3.3237326650497314,-0.020531091907639576,0.007212074464745197,0.01040863462184259,0.774934148635936,296687.1,0.02496081032195831,-0.009043771855781979,0
2022-10-27,493.0,499.39,491.0,493.08,346580,504.52,508.092,508.66999999999996,0.9918414689287751,22.43100411039329,0.4800249424008598,2.7549911205199575,-0.009043771855781979,0.007425640535664461,0.010063049192417194,-0.08154476866365801,312688.0,0.01701549444309237,-0.025208891052161952,0
2022-10-28,494.9,494.99,478.23,480.65,225543,498.07,504.916,507.87450000000007,0.9806950339109365,11.22029250457021,-1.582350996648131,1.8875226970863401,-0.025208891052161952,0.009878470230306762,0.011156448888077253,-0.3492325004328005,314566.6,0.03486944762301049,0.009632788931654979,1
2022-10-31,488.0,488.0,481.0,485.28,121323,492.91999999999996,502.40200000000004,507.42699999999996,0.9714106659677155,20.194750211684863,-2.810795381981052,0.9478590812728617,0.009632788931654979,0.011100126623149777,0.011402428836755166,-0.46208483526422894,287318.8,0.014424662050774811,0.014610121991427638,1
2022-11-01,493.74,494.0,486.08,492.37,442507,489.79200000000003,500.66999999999996,506.74899999999997,0.966537674470004,30.532522572323572,-3.1756359074472016,0.123160083528849,0.014610121991427638,0.012712309941932187,0.01052262009124968,2.647346339935544,290405.9,0.016085464183439317,-0.005585230619249759,0
2022-11-02,492.0,492.98,485.2,489.62,160234,488.2,498.26000000000005,505.392,0.9659828410422009,29.54180780887856,-3.644663260362961,-0.630404585249513,-0.005585230619249759,0.012081877803218018,0.009089895209036653,-0.6378949937515113,269708.7,0.015889873779665924,0.0005922960663371502,1
2022-11-03,489.0,494.75,488.5,489.91,351219,487.566,496.043,504.23549999999994,0.9669410424295791,29.989327641408792,-3.9474663059766044,-1.2938169293949313,0.0005922960663371502,0.01219405834744033,0.009051756672490209,1.1919130771247053,280717.1,0.012757445245045008,-0.013655569390296218,0
2022-11-04,485.1,487.99,482.0,483.22,246243,488.08000000000004,493.075,502.8035,0.9707171887228312,27.675640183847676,-4.673395002044572,-1.9697325439248594,-0.013655569390296218,0.012320670534566125,0.009403396827234027,-0.2988904358818857,286678.2,0.012396010098919765,0.000848474814784117,1
2022-11-07,484.0,489.0,483.0,483.63,98708,487.75,490.33500000000004,501.2554999999999,0.9730566547399482,28.498349834983472,-5.156177940535997,-2.6070216232470873,0.000848474814784117,0.012491784600211135,0.009250643385000772,-0.5991439350560219,258230.8,0.012406178276781837,0.011847900254326582,1
2022-11-08,488.85,491.4,487.0,489.36,351961,487.148,488.46999999999997,500.05150000000003,0.9741956578472417,30.449438202247165,-5.0185728018550435,-3.0893318589686785,0.011847900254326582,0.013625911404674541,0.009834074984285587,2.565678567086761,272166.9,0.008991335622036899,0.0030856629066535746,1
2022-11-10,491.9,493.7,488.0,490.87,467304,487.398,487.799,498.9200000000001,0.9769061172131803,32.941933408396295,-4.733114954719213,-3.4180884781187855,0.0030856629066535746,0.012362931791739182,0.009895527130077757,0.32771528663687177,281162.2,0.011612035773218956,-0.0005500437997840724,0
2022-11-11,492.0,493.0,488.5,490.6,153631,487.53599999999994,487.55100000000004,497.8215,0.9793389799355792,31.90522557611169,-4.477065473861046,-3.629883877267238,-0.0005500437997840724,0.012058885881343588,0.00990217921501,-0.6712397069145567,261867.3,0.009172441907867916,-0.0030982470444355092,0
2022-11-14,489.97,490.5,482.0,489.08,134335,488.70799999999997,488.39400000000006,496.6549999999999,0.9839989529955403,32.08748163864861,-4.3466897783297895,-3.7732450574797483,-0.0030982470444355092,0.00852025939818538,0.009894689011495865,-0.12559965111208027,252746.5,0.017379569804530957,-0.006808702052833904,0
2022-11-15,488.2,493.4,485.0,485.75,418803,489.13199999999995,488.441,495.4214999999999,0.9873047495920141,31.925949983760987,-4.460649677519541,-3.910725981487707,-0.006808702052833904,0.008420770468664216,0.009941141510099389,2.117601518591581,282494.5,0.017292846114256258,0.002552753474009295,1
2022-11-16,489.88,489.88,482.99,486.99,80738,488.658,487.90299999999996,494.2865,0.9886128793725907,39.89310937201759,-4.400183505346092,-4.008617486259384,0.002552753474009295,0.006829755193330012,0.010001864274996955,-0.8072172357886643,246317.6,0.014148134458613085,0.0016427442041930806,1
2022-11-17,488.99,490.28,486.01,487.79,255538,488.04200000000003,487.71999999999997,492.98999999999995,0.9899632852593361,44.56767303347714,-4.238847518539558,-4.054663492715419,0.0016427442041930806,0.006680481743535266,0.009763037479186588,2.1650276202036216,255848.0,0.008753766989893155,0.00028700875376697077,1
2022-11-18,489.93,489.93,485.0,487.93,193130,487.508,487.52200000000005,491.78249999999997,0.9913081494359803,60.00000000000003,-4.052970634078122,-4.05432492098796,0.00028700875376697077,0.006676371737143826,0.009781797092790295,-0.24422199438048353,240039.1,0.010103908347508878,-0.004734285655729309,0
2022-11-21,484.0,488.5,483.3,485.62,132352,486.816,487.762,490.41849999999994,0.9926542330682877,50.49882629107985,-4.0454264011345344,-4.052545217017275,-0.004734285655729309,0.005120886023231278,0.009749060907015624,-0.31469994304354576,228650.0,0.010707960957126948,0.003933116428483041,1
2022-11-22,486.0,491.89,484.0,487.53,360017,487.172,488.15199999999993,489.24350000000004,0.9957659120662818,41.626297577854615,-3.841049279584638,-4.010246029530748,0.003933116428483041,0.005235343727565187,0.009856395371687632,1.7201477877176017,254780.9,0.016183619469571076,-0.0007794392139970352,0
2022-11-23,489.0,489.9,486.0,487.15,50250,487.204,487.9309999999999,488.20050000000003,0.9979588304395427,45.34489257444397,-3.6674655031043812,-3.941689924245475,-0.0007794392139970352,0.0035209178688136835,0.009824342153911314,-0.8604232577906044,224609.8,0.0080057477163091,4.105511649399318e-05,1
2022-11-24,487.15,491.0,485.01,487.17,255363,487.08000000000004,487.561,487.68,0.9987696850393701,44.78293983244476,-3.488076897564497,-3.8509673189092792,4.105511649399318e-05,0.003306620237293775,0.008812132864051282,4.081850746268657,203415.7,0.012295502596629532,-0.006034854362953368,0
2022-11-25,492.0,492.0,482.67,484.23,168456,486.34,486.924,487.2375,0.9981579825033992,52.24344735673032,-3.5423100197476174,-3.789235859076947,-0.006034854362953368,0.003700895145319529,0.008692804845506642,-0.3403272987864334,204898.2,0.0192677033641038,-0.05383805216529336,0
2022-11-28,471.0,471.0,455.5,458.16,771415,480.84800000000007,483.832,486.113,0.9891691849425958,23.56238322607436,-5.624090271945306,-4.156206741650619,-0.05383805216529336,0.017071229015779628,0.013780300921193419,3.5793263522819014,268606.2,0.033830976078225945,0.01981840405098656,1
2022-11-29,459.0,468.0,458.16,467.24,411514,476.78999999999996,481.98099999999994,485.21100000000007,0.9826446638678841,28.532608695652158,-6.466692004898505,-4.618303794300196,0.01981840405098656,0.018967186187857647,0.014417994751963256,-0.46654654109655636,267877.3,0.02105984076705756,0.011878263847273418,1
2022-11-30,467.89,475.0,462.9,472.79,684044,473.918,480.561,484.23199999999997,0.9787002924218144,33.729301655867545,-6.610420519264721,-5.016727139293101,0.011878263847273418,0.01953027360006782,0.01426657921034433,0.6622617942524434,328207.9,0.02559275788405005,-0.00831235855242285,0
2022-12-01,476.9,476.9,467.51,468.86,136907,470.25600000000003,478.668,483.1940000000001,0.973224005264966,31.644714623438034,-6.961200175599856,-5.405621746554452,-0.00831235855242285,0.019533583606056677,0.014316321362564362,-0.7998564419832642,316344.8,0.020027300260205574,-0.023503817770763158,0
2022-12-02,472.0,472.0,456.2,457.84,278964,464.97799999999995,475.659,481.5905000000001,0.9655049258654393,27.270081490104772,-8.035785944231634,-5.931654586089889,-0.023503817770763158,0.020413002768658126,0.015074819543529632,1.0376167763518303,324928.2,0.03450987244452213,-0.034400663987419144,0
2022-12-05,459.9,461.0,439.0,442.09,309108,461.764,471.3059999999999,479.534,0.9629431906809528,23.095883657875277,-10.042532219436339,-6.753830112759179,-0.034400663987419144,0.022256366954168168,0.016475716199239772,0.10805695358540879,342603.8,0.049763622791739244,0.002895338053337637,1
2022-12-06,444.0,446.0,437.0,443.37,199196,456.98999999999995,466.89000000000004,477.521,0.9570050322394197,23.133776792313398,-11.39821625591361,-7.682707341390065,0.002895338053337637,0.022191064204621535,0.016515730106281736,-0.35557798568785015,326521.7,0.020299073008999257,0.023050725127996774,1
2022-12-07,445.01,454.98,443.0,453.59,301492,453.15,463.53399999999993,475.73249999999996,0.9525310967823304,31.12582781456952,-11.515197010921042,-8.449205275296261,0.023050725127996774,0.024371046364978326,0.017261909476636233,0.5135444486837084,351645.9,0.02641151700875244,-0.0036596926740006808,0
2022-12-08,446.0,455.0,446.0,451.93,245334,449.764,460.01000000000005,473.78549999999996,0.9492987860540266,30.460269214068603,-11.608042935659967,-9.080972807369003,-0.0036596926740006808,0.02428287594695967,0.01718925131856955,-0.18626696562429512,350643.0,0.019914588542473393,0.002677405792932408,1
2022-12-09,452.0,455.0,447.02,453.14,127260,448.82399999999996,456.901,471.9125,0.9510746165867612,32.157767523621175,-11.451975863182895,-9.555173418531782,0.002677405792932408,0.02448519676540526,0.017238236544567923,-0.48127858348211006,346523.4,0.017610451516087783,0.000507569404599062,1
2022-12-12,451.01,454.0,451.0,453.37,207454,451.08000000000004,456.422,470.12700000000007,0.959485415643007,30.882023729572452,-11.18084666550783,-9.880308067926991,0.000507569404599062,0.017923116644509348,0.01726501421613226,0.6301587301587301,290127.3,0.006617111851247325,-0.0001985133555374441,0
2022-12-13,451.01,456.94,451.01,453.28,179888,453.062,455.026,468.5035000000001,0.9670408011893186,30.982594048287496,-10.848185936098503,-10.073883641561293,-0.0001985133555374441,0.016405011561804596,0.01726441999141751,-0.1328776499850569,266964.7,0.01308242146134841,0.001081009530532917,1
2022-12-14,454.99,455.0,451.5,453.77,192677,453.09799999999996,453.12399999999997,466.84250000000003,0.9705585931015277,31.34495084897229,-10.424839940850802,-10.144074901419195,0.001081009530532917,0.0156623077353359,0.0172412416848416,0.07109423641376855,217828.0,0.007713158648654605,-0.0066112788417039825,0
2022-12-15,454.98,455.9,447.0,450.77,425421,452.866,451.31499999999994,464.9915,0.9739231792409109,31.323956240232192,-10.213673250091517,-10.15799457115366,-0.0066112788417039825,0.015619280520972788,0.017213388554524346,1.207949054635478,246679.4,0.019743993610932355,-0.0005546065621048202,0
2022-12-16,454.8,454.9,445.11,450.52,295909,452.342,450.58299999999997,463.121,0.9767253050498682,44.00878293601001,-9.951777144794676,-10.116751085881864,-0.0005546065621048202,0.014008037421541613,0.01720390996841762,-0.3044325503442472,248373.9,0.02173044481931982,-0.01966616354434869,0
2022-12-19,449.44,450.98,441.01,441.66,66256,450.0,450.53999999999996,460.92300000000006,0.9763018985817586,29.87094743468684,-10.339957949536029,-10.1613924586127,-0.01966616354434869,0.01050131259621159,0.017565094141952193,-0.776093325988733,224088.7,0.022573925644160726,-0.04417425168681799,0
2022-12-20,445.88,450.0,408.66,422.15,490607,443.774,448.418,457.654,0.9696714111534042,17.329032258064515,-12.08260720738707,-10.545635408367573,-0.04417425168681799,0.01735070666477508,0.01952227540726635,6.404718063269741,253229.8,0.09792727703422949,0.020916735757432248,1
2022-12-21,424.0,433.49,415.05,430.98,435092,439.216,446.157,454.8455,0.9656377824997718,27.014563106796146,-12.605849706189076,-10.957678267931874,0.020916735757432248,0.016979884870907458,0.0204655156117568,-0.1131557438030848,266589.8,0.04278620817671353,0.018423128683465517,1
2022-12-22,435.0,442.99,430.01,438.92,218019,436.846,444.85600000000005,452.433,0.9655484900526708,38.0736258194655,-12.238750812587284,-11.213892776862956,0.018423128683465517,0.018533826234316302,0.021147967395577307,-0.4989128735991468,263858.3,0.029572587259637333,-0.020482092408639407,0
2022-12-23,440.01,440.01,425.01,429.93,200230,432.72800000000007,442.535,449.718,0.9622207694599728,41.62072767364942,-12.528815772727341,-11.476877376035834,-0.020482092408639407,0.019213421728589294,0.02143055777280657,-0.08159380604442734,271155.3,0.03488940060009769,0.012397367013234684,1
2022-12-26,439.79,453.0,421.55,435.26,157423,431.448,440.724,448.573,0.9618233821473874,44.70695731627725,-12.188110932122243,-11.619124087253116,0.012397367013234684,0.01995105704407284,0.018521688887813876,-0.2137891424861409,266152.2,0.07225566328171665,-0.001562284611496545,0
2022-12-27,437.98,438.0,432.2,434.58,113322,433.934,438.854,446.93999999999994,0.9708998970779077,35.82823915312362,-11.836526103361905,-11.662604490474875,-0.001562284611496545,0.019927691061278462,0.01777397599318908,-0.2801433081570037,259495.6,0.013346219338211633,-0.007133324129044105,0
2022-12-28,435.99,435.99,427.0,431.48,322464,434.034,436.625,444.8745,0.9756324536470398,35.0751715078091,-11.67347216512104,-11.664778025404107,-0.007133324129044105,0.019863107934425854,0.017414970149271056,1.8455551437496691,272474.3,0.020835264670436657,0.035876518030963034,1
2022-12-29,434.9,450.0,428.12,446.96,489376,435.642,436.244,443.7795,0.9816631908413976,46.26721430297173,-10.177820536412355,-11.367386527605758,0.035876518030963034,0.023630162148570416,0.0195649658272727,0.5176143693559592,278869.8,0.048952926436370135,-0.0008501879362806664,0
2022-12-30,454.0,454.0,442.01,446.58,47928,438.97200000000004,435.85,443.2165,0.9904234160957456,45.906185939949346,-8.920340536296976,-10.877977329344002,-0.0008501879362806664,0.023630289626405628,0.0189119201160647,-0.902063035375662,254071.7,0.026848492991177413,-0.016413632495857367,0
2023-01-02,447.75,448.48,437.0,439.25,73567,439.77,435.60900000000004,443.0745,0.992541886296774,42.22025063768439,-8.418208450322823,-10.386023553539767,-0.016413632495857367,0.02335992619028718,0.01762771732434255,0.5349482557169087,254802.8,0.02613545816733072,-0.017871371656232315,0
2023-01-03,440.0,440.0,430.0,431.4,189273,439.134,436.534,442.476,0.9924470479754834,38.53173382548958,-8.555076947632813,-10.019834232358377,-0.017871371656232315,0.018932056887190477,0.01804410499991968,1.5727975858741012,224669.4,0.023180343069077423,0.002804821511358524,1
2023-01-04,434.9,436.0,428.01,432.61,379679,439.36,436.697,441.427,0.9953174590589158,40.51598078128266,-8.468292129882741,-9.709525811863251,0.002804821511358524,0.017788144207308707,0.017157399695139,1.0059860624600443,219128.1,0.018469291047363695,-0.004322600032361734,0
2023-01-05,431.5,436.5,429.0,430.74,138474,436.116,435.879,440.3675,0.9903455636485435,39.84182415776501,-8.452967362359118,-9.458214121962426,-0.004322600032361734,0.016663013951558375,0.017160957841258744,-0.6352866500385852,211173.6,0.01741189580721549,0.005502159075080115,1
2023-01-06,430.0,438.0,428.0,433.11,241503,433.422,436.19699999999995,439.366,0.9864714156307043,45.2954770551337,-8.155570836665618,-9.197685464903063,0.005502159075080115,0.015396189320482867,0.01721525132190065,0.7440313705099875,215300.9,0.02308882270093048,-0.021980559211285944,0
2023-01-09,432.0,433.9,422.0,423.59,478912,430.28999999999996,435.03000000000003,437.87699999999995,0.9826732164511952,50.890207715133535,-8.589057081929468,-9.075959788308344,-0.021980559211285944,0.016338753032725906,0.0177606006154946,0.9830478296335863,247449.8,0.028093203333411972,0.030996954602327875,1
2023-01-10,426.9,439.25,426.9,436.72,594843,431.354,435.244,437.049,0.9869694244810079,53.369335524771074,-7.783394657769463,-8.817446762200568,0.030996954602327875,0.0195048118508068,0.019341338297708704,0.24207161232126162,295601.9,0.02827898882579232,-0.006617512364902045,0
2023-01-11,437.0,439.98,432.03,433.83,443762,431.59800000000007,435.479,436.052,0.9897856218983058,46.82391114439035,-7.294019315105402,-8.512761272781535,-0.006617512364902045,0.01948257894618073,0.01936007048523756,-0.25398466486114823,307731.7,0.018325150404536444,0.004126040153977328,1
2023-01-12,433.0,447.0,431.0,435.62,343433,432.57399999999996,434.34499999999997,435.29449999999997,0.9937502081923847,53.901000959824486,-6.684690835068295,-8.147147185238888,0.004126040153977328,0.01524055314954632,0.01937626586266805,-0.22608740721377674,293137.4,0.036729259446306416,-0.017079105642532455,0
2023-01-13,431.01,436.79,427.0,428.18,137109,431.588,432.505,434.17749999999995,0.9940358493933934,45.282515991471236,-6.724622187346085,-7.862642185660327,-0.017079105642532455,0.015899598501775022,0.01968241166808078,-0.6007692912445805,302055.5,0.02286421598393204,-0.018473539165771435,0
2023-01-16,427.0,429.0,419.5,420.27,81708,430.924,430.60699999999997,433.108,0.9949573778364749,41.303026619666966,-7.310270714773537,-7.75216789148297,-0.018473539165771435,0.016089277558568094,0.019628939661821217,-0.40406537864035186,302869.6,0.022604516144383375,-0.06790872534323167,0
2023-01-17,425.0,425.0,390.0,391.73,1268802,421.92600000000004,426.64,431.587,0.9776151737656603,31.547674310648986,-9.9624993819628,-8.194234189578937,-0.06790872534323167,0.025695116950339172,0.02276157128403877,14.528491702158908,410822.5,0.08934725448650856,0.020371174022923766,1
2023-01-18,390.0,401.0,386.01,399.71,264057,415.10200000000003,423.35,430.02350000000007,0.9653007335645609,26.424508532082655,-11.290342361875048,-8.81345582403816,0.020371174022923766,0.027172242990479916,0.022731098023808467,-0.7918847858058231,399260.3,0.03750218908708816,-0.019389057066373172,0
2023-01-19,400.5,404.0,390.1,391.96,196907,406.37,419.47200000000004,427.6755,0.9501830242789218,24.61424056516084,-12.820243928907416,-9.614813445012011,-0.019389057066373172,0.027390932863962207,0.022380630707024392,-0.25430115467493764,405103.6,0.03546280232676798,-0.02056332278803963,0
2023-01-20,398.67,398.67,380.7,383.9,265883,397.514,414.55100000000004,425.37399999999997,0.9345046946922003,24.448342719970498,-14.51574807482848,-10.595000370975306,-0.02056332278803963,0.02709134445481015,0.022383518878041672,0.3502973484944669,407541.6,0.04680906486064087,0.01370148476165678,1
2023-01-23,377.0,391.98,377.0,389.16,79978,391.29200000000003,411.108,423.06899999999996,0.9248893206545507,30.02270147559598,-15.259111743856863,-11.527822645551618,0.01370148476165678,0.02791704174222541,0.02243993573828844,-0.6991985196496203,367648.2,0.03849316476513521,0.011974509199300876,1
2023-01-24,391.8,397.01,375.55,393.82,345277,391.71000000000004,406.818,421.03100000000006,0.9303590471960497,32.23413025556472,-15.2958882737924,-12.281435771199774,0.011974509199300876,0.025501862935547286,0.022761698672141856,3.317149716171947,342691.6,0.05449189985272455,0.007617693362449884,1
2023-01-25,395.5,404.0,394.0,396.82,414048,391.132,403.117,419.29799999999994,0.9328258183916929,34.62375339981868,-14.911073438000642,-12.80736330455995,0.007617693362449884,0.026101040383295034,0.02291588863465591,0.19917631351060172,339720.2,0.025200342724661057,0.02018547452245345,1
2023-01-26,399.0,412.0,396.0,404.83,1246390,393.706,400.038,417.1915,0.9437057082898381,37.80403657063999,-13.800679211235092,-13.00602648589498,0.02018547452245345,0.0274287527891973,0.0217188585529891,2.010254849679264,430015.9,0.039522762641108614,-0.01704419138897806,0
2023-01-27,405.0,406.5,396.0,397.93,164850,396.51200000000006,397.013,414.759,0.9560057768487243,38.67807977409109,-13.32386687731639,-13.069594564179264,-0.01704419138897806,0.027427323269827858,0.021868755270164776,-0.8677380274231982,432790.0,0.02638655039831126,-0.00696102329555448,0
2023-01-30,399.99,404.84,394.0,395.16,132553,397.712,394.502,412.5545,0.9640229351515981,29.817404817404807,-13.01942568262433,-13.059560787868278,-0.00696102329555448,0.027130021381084692,0.021722567251800582,-0.19591750075826508,437874.5,0.027431926308330738,0.03439113270573935,1
2023-01-31,396.98,409.9,395.15,408.75,550034,400.698,396.204,411.422,0.9739343058951635,38.96709484427238,-11.548431291539373,-12.757334888602497,0.03439113270573935,0.019252638671761437,0.02319234599904953,3.1495401839264296,365997.7,0.036085626911314984,-0.009003058103975503,0
2023-02-01,412.89,412.89,402.53,405.07,181757,402.348,396.73999999999995,410.04499999999996,0.9812288895121268,36.7806144526179,-10.55789800745248,-12.317447512372494,-0.009003058103975503,0.018785111108875988,0.023202272189822314,-0.6695531548958792,357767.7,0.025575826400375277,0.028883896610462312,1
2023-02-02,407.5,418.5,402.04,416.77,508311,404.736,399.22099999999995,409.3465,0.988736925807354,45.23829396544527,-8.7281879072994,-11.599595591357875,0.028883896610462312,0.01902423380711028,0.0242680688519051,1.7966515732544002,388908.1,0.039494205437051566,-0.00763010773328221,0
2023-02-03,411.89,418.8,411.89,413.59,124295,407.868,402.19,408.3705,0.9987694997557365,47.09767118526242,-7.448863037865465,-10.769449080659394,-0.00763010773328221,0.017360568100709836,0.02425018175107443,-0.755474502814222,374749.3,0.016707367199400434,0.023670785077008594,1
2023-02-06,418.0,426.9,412.0,423.38,355686,413.512,405.61199999999997,408.36,1.0126163189342736,66.42790407972595,-5.580686994430209,-9.731696663413558,0.023670785077008594,0.018022752085507066,0.024420390149521586,1.8616275795486543,402320.1,0.035192970853606634,-0.008833671878690552,0
2023-02-07,424.9,431.9,416.6,419.64,354070,415.68999999999994,408.194,407.506,1.0200831398801489,60.82093604082963,-4.351766310890582,-8.655710592908964,-0.008833671878690552,0.018776398004813098,0.023384161718011397,-0.004543333164645169,403199.4,0.03645982270517576,0.0030978934324659146,1
2023-02-08,422.79,423.65,416.3,420.94,276397,418.8639999999999,410.60599999999994,406.8615,1.029500210759681,66.91966370854743,-3.235640233349386,-7.571696520997048,0.0030978934324659146,0.018801627185339086,0.023378177352035345,-0.21937187561781568,389434.3,0.017460920796312934,0.021974628213047076,1
2023-02-09,423.0,434.0,423.0,430.19,1162792,421.54799999999994,413.142,406.59,1.0367889028259425,76.65553380168146,-1.5864173494256306,-6.374640686682765,0.021974628213047076,0.018958670520094097,0.023928135409639548,3.2069631725380523,381074.5,0.025570096933912923,-0.037146377182175394,0
2023-02-10,430.0,430.0,413.12,414.21,1153956,421.672,414.77,405.8915,1.0388786165761048,62.839569451563285,-1.5509701628822086,-5.409906581922654,-0.037146377182175394,0.022448170388621534,0.02506045203944291,-0.007598951489174333,479985.1,0.04075227541585185,0.004128340696748056,1
2023-02-13,410.0,420.0,410.0,415.92,158136,420.17999999999995,416.846,405.674,1.035757775948175,61.68076109936575,-1.369113020571774,-4.6017478696524785,0.004128340696748056,0.02210439254063755,0.024755588429195535,-0.8629618460322577,482543.4,0.024043085208693978,-0.010771302173494979,0
2023-02-14,415.97,417.0,407.6,411.44,300432,418.53999999999996,417.11499999999995,406.65950000000004,1.0292148591143202,57.6082431307244,-1.5684088433135344,-3.99508006438469,-0.010771302173494979,0.02002854688366368,0.01920902707765161,0.8998330550918197,457583.2,0.02284658759478898,0.011860781644954299,1
2023-02-15,417.69,419.0,405.51,416.32,357696,417.616,418.23999999999995,407.49,1.024849689562934,56.18074233458849,-1.317390939839754,-3.459542239475703,0.011860781644954299,0.01997622743980466,0.01888696454139836,0.19060552803962305,475177.1,0.032402959262106096,-0.015252690238278133,0
2023-02-16,413.0,419.97,409.0,409.97,448344,413.57199999999995,417.56000000000006,408.39050000000003,1.0126876114894934,56.51515151515153,-1.6122641956384882,-3.0900866307082606,-0.015252690238278133,0.01841820855524934,0.018659306868042295,0.2534219001610305,469180.4,0.026758055467473296,0.0024879869258724874,1
2023-02-17,406.12,413.5,406.0,410.99,60049,412.92800000000005,417.3,409.745,1.0077682461042845,58.731384445670145,-1.7435493482371385,-2.8207791742140365,0.0024879869258724874,0.018321095950437342,0.017860133306348263,-0.8660648965972557,462755.8,0.01824861918781479,-0.00413635368257137,0
2023-02-20,408.0,410.87,403.51,409.29,194413,411.60200000000003,415.89099999999996,410.7515,1.002070594994784,50.342813610970055,-1.9621511133986473,-2.6490535620509585,-0.00413635368257137,0.016240685819326767,0.017772559252453003,2.237572649003314,446628.5,0.01798235969605906,0.009919616897554384,1
2023-02-21,414.77,414.77,407.0,413.35,82515,411.98400000000004,415.262,411.72799999999995,1.0006217697120432,55.231235784685374,-1.7871849623040248,-2.476679842101572,0.009919616897554384,0.016604123122935115,0.017721834135048856,-0.5755685062212919,419473.0,0.018797629127857703,0.005467521470908343,1
2023-02-22,415.0,417.0,412.0,415.61,570180,411.842,414.729,412.6675,0.9979996001623582,49.16786226685799,-1.449451539511358,-2.2712341815835293,0.005467521470908343,0.016691865649388793,0.017696116792147373,5.9100163606616976,448851.3,0.0120305093717668,-0.0038978850364524975,0
2023-02-23,414.0,415.89,408.44,413.99,859992,412.646,413.10900000000004,413.1255,0.9988393357466436,50.29351335485767,-1.297558384451463,-2.0764990221571162,-0.0038978850364524975,0.014581554296379988,0.017240318882014195,0.5082815952856992,418571.3,0.017995603758544865,0.004275465590956262,1
2023-02-24,416.8,419.9,406.0,415.76,393219,413.6,413.264,414.017,0.9989927949818487,43.6626746506986,-1.0225702044535296,-1.8657132586163991,0.004275465590956262,0.008754593736888534,0.016699596436985868,-0.5427643512962912,342497.6,0.03343274966326722,-0.0044015778333653666,0
2023-02-27,415.0,418.0,410.11,413.93,719757,414.5280000000001,413.06499999999994,414.95550000000003,0.9989697690475244,45.09534444253566,-0.9414533089627639,-1.6808612686856723,-0.0044015778333653666,0.008767388341246062,0.016634359553912917,0.8304227415257146,398659.7,0.019061193921677544,-0.0006522842026429609,0
2023-02-28,414.0,417.88,409.5,413.66,446097,414.59,413.287,415.201,0.9985284235827947,43.63413781042324,-0.8887098346157813,-1.5224309818716943,-0.0006522842026429609,0.007992855964882313,0.014842365662968086,-0.3802116547668172,413226.2,0.02025818304888071,-0.01387613015519995,0
2023-03-01,413.5,413.5,407.0,407.92,682583,413.052,412.447,415.34349999999995,0.9944828798331985,29.252841438419978,-1.295150590217247,-1.476974903540805,-0.01387613015519995,0.008095199905612123,0.015048636446855003,0.5301223724884947,445714.9,0.015934496960188272,-0.027284761717983885,0
2023-03-02,401.01,411.5,395.11,396.79,368237,409.61199999999997,411.129,414.3445,0.9885783448314144,32.15895124948794,-2.4866907766261193,-1.6789180781578679,-0.027284761717983885,0.010743675336819927,0.01470177036968059,-0.4605242146376338,437704.2,0.04130648453842079,0.020035787192217436,1
2023-03-03,392.0,406.5,390.11,404.74,324469,407.408,410.504,413.90200000000004,0.9843102956738551,39.847439157282935,-2.7577072670988514,-1.8946759159460647,0.020035787192217436,0.012978360049916603,0.015460770677149994,-0.11885823532127404,464146.2,0.04049513267776841,0.013564263477788163,1
2023-03-06,406.9,411.0,404.75,410.23,225792,406.668,410.59800000000007,413.24449999999996,0.9840856926105491,48.92099161762086,-2.5006665429154395,-2.0158740413399396,0.013564263477788163,0.013755806970258846,0.014762522033588422,-0.3041184211742879,467284.1,0.015235355776028081,0.007483606757185068,1
2023-03-07,413.54,417.5,402.01,413.3,271139,406.596,410.593,412.92750000000007,0.984666799861961,47.21710283818653,-2.0258834508296104,-2.017875923237874,0.007483606757185068,0.013587358826081853,0.014785138877532952,0.20083528202947853,486146.5,0.037478828937817586,0.00887974836680372,1
2023-03-08,417.78,418.9,415.0,416.97,355037,408.406,410.729,412.729,0.9895258147598062,56.78557580457542,-1.3380518721205021,-1.8819111130143997,0.00887974836680372,0.013779418709794586,0.014918331351373732,0.3094280055617229,464632.2,0.00935319087704146,0.007986186056550881,1
2023-03-09,418.0,422.35,415.26,420.3,583727,413.108,411.36,412.2345,1.0021189395841443,58.63796622750048,-0.5182630070677874,-1.6091814918250773,0.007986186056550881,0.013878467243602114,0.014122428740628518,0.6441300484174888,437005.7,0.01686890316440645,0.0024506305020222108,1
2023-03-10,422.5,423.88,418.1,421.33,323838,416.42600000000004,411.91700000000003,412.5905000000001,1.0092961423009013,61.31153701615933,0.2120930895640072,-1.2449265755472605,0.0024506305020222108,0.013851365321983769,0.011289570459486212,-0.4452235377154047,430067.6,0.013718462962523374,0.001257921344314461,1
2023-03-13,422.9,425.0,421.19,421.86,387649,418.75200000000007,412.71000000000004,412.8875,1.0142036268959465,58.56309116522439,0.8241715916024077,-0.8311069421173268,0.001257921344314461,0.013701953825562115,0.0112647662313805,0.19704605389114316,396856.8,0.00903143222870147,-0.01600056890911672,0
2023-03-14,423.0,423.0,414.6,415.11,203183,419.11400000000003,412.855,413.071,1.0146294462695276,49.53857511997047,0.7558664682239851,-0.5137122600490645,-0.01600056890911672,0.014842300049144615,0.011602371483806063,-0.4758583151252809,372565.4,0.020235600202355947,0.02262051022620515,1
2023-03-15,416.88,431.9,412.0,424.5,1225873,420.62,414.51300000000003,413.48,1.0172680661700686,58.48264729620662,1.4427970243436903,-0.12241040317051355,0.02262051022620515,0.01540476871256232,0.012379878644998125,5.033344325066565,426894.4,0.04687868080094223,0.004169611307420551,1
2023-03-16,426.0,432.89,424.14,426.27,481208,421.814,417.46099999999996,414.29499999999996,1.0181489035590583,58.48264729620662,2.1057449298580195,0.32322066343519307,0.004169611307420551,0.01081083773859948,0.011781344044055234,-0.6074568899062138,438191.5,0.020526896098716777,-0.014662068641940529,0
2023-03-17,426.95,426.95,419.12,420.02,784196,421.552,418.98900000000003,414.7465,1.0164088183987086,54.587916227211075,2.102575967741245,0.6790917242964035,-0.014662068641940529,0.011774611229668809,0.01235543882846848,0.6296404049807984,484164.2,0.018641969430027105,-0.010332841293271722,0
2023-03-20,421.95,422.0,415.0,415.68,40588,420.316,419.534,415.066,1.0126485908265193,51.43384440658715,1.7299213567638958,0.889257650789902,-0.010332841293271722,0.011990120048442698,0.012571049130141853,-0.9482425312039338,465643.8,0.016839876828329485,-0.0051963048498845366,0
2023-03-21,419.4,419.4,412.52,413.52,57896,419.99799999999993,419.55600000000004,415.0745,1.011861726027496,54.18785521986238,1.2459335976589614,0.9605928401637139,-0.0051963048498845366,0.01194392593201191,0.012450900843685761,0.4264314575736672,444319.5,0.016637647514025914,-0.017338943702843834,0
2023-03-22,415.0,415.0,405.0,406.35,123447,416.36799999999994,418.49399999999997,414.6115,1.0042364960933305,57.59936406995231,0.2805764234580579,0.8245895568225827,-0.017338943702843834,0.012662777206120048,0.0129665872859762,1.132219842476164,421160.5,0.02460932693490833,-0.008490217792543442,0
2023-03-24,408.0,408.0,400.8,402.9,93925,411.69399999999996,416.754,414.0570000000001,0.9942930562700302,48.424657534246556,-0.7541686722657914,0.5088379110049079,-0.008490217792543442,0.012209912248969529,0.013060072041203886,-0.2391471643701345,372180.3,0.017870439314966464,0.0023827252419956757,1
2023-03-27,407.9,407.9,390.11,403.86,50233,408.462,415.00699999999995,413.462,0.9879069902433597,44.087618340449225,-1.4796906854709277,0.11113219170974081,0.0023827252419956757,0.01220585026681863,0.013024539692424423,-0.46517966462603144,344819.8,0.04404991828851573,-0.008517803199128426,0
2023-03-28,410.0,410.0,399.1,400.42,188397,405.41,412.863,412.7865,0.9821299872936737,38.12684365781711,-2.3056729956974777,-0.3722288457717029,-0.008517803199128426,0.012114932612599438,0.013107220935654595,2.750462843150917,324894.6,0.02722141751161275,-0.010788671894510715,0
2023-03-29,402.0,404.49,395.0,396.1,132665,401.92600000000004,410.962,411.9085,0.9757652488356031,30.98925122973219,-3.271150042220313,-0.952013085061425,-0.010788671894510715,0.01170065495083899,0.013264649062995763,-0.2958221203097714,317842.8,0.023958596314062126,0.004822014642766881,1
2023-03-30,400.0,400.0,396.0,398.01,82490,400.258,408.313,411.413,0.9728861265929856,29.156536375537655,-3.837935192148734,-1.5291975064788867,0.004822014642766881,0.00780127671121344,0.013046844042637323,-0.37820826894810233,203504.5,0.010049998743750158,0.011130373608703392,1
2023-03-31,399.99,406.88,395.0,402.44,927557,400.16600000000005,405.92999999999995,411.6955,0.9719950788871874,33.39194654475119,-3.8848701649741884,-2.0003320381779472,0.011130373608703392,0.009057993599424845,0.011760821449660784,10.244478118559826,248139.4,0.029519928436537113,-0.006038167180200782,0
2023-04-03,404.0,404.0,399.1,400.01,34948,399.396,403.929,411.459,0.9706823766158962,31.410583631104288,-4.0712167087551165,-2.4145089722933815,-0.006038167180200782,0.008503394728258104,0.010928849887520723,-0.9623225311220766,173214.6,0.012249693757656001,0.004774880627984368,1
2023-04-04,401.0,404.97,396.11,401.92,75944,399.696,402.553,411.04349999999994,0.9723934328118559,37.77118486927499,-4.018454408768605,-2.7352980595884264,0.004774880627984368,0.008756728278590703,0.010500552499383245,1.1730571134256609,176750.2,0.022044187898089204,0.0024631767515923553,1
2023-04-05,404.9,404.94,401.02,402.91,44633,401.058,401.492,410.52400000000006,0.9769416647991346,26.29035800571056,-3.8523477132376343,-2.958707990318268,0.0024631767515923553,0.0089086259577353,0.010346699825036172,-0.41229063520488785,175423.9,0.009729219925045334,0.01724950981608786,1
2023-04-06,402.91,409.9,402.9,409.86,92124,403.428,401.843,410.16850000000005,0.9835665098611911,33.81975941628875,-3.1238897869585003,-2.9917443496463143,0.01724950981608786,0.009241454411582955,0.010929603098316806,1.0640333385611545,172291.6,0.017079002586248962,-0.013370419167520686,0
2023-04-07,415.0,415.0,401.0,404.38,53116,403.816,401.99100000000004,409.3725,0.9864267873391592,34.341209451341655,-2.9547117559767457,-2.9843378309124007,-0.013370419167520686,0.009897898013040056,0.011068108352931065,-0.4234292909556684,168210.7,0.03462090113259805,-0.010955042286957872,0
2023-04-10,406.99,406.99,391.0,399.95,85550,403.804,401.6,408.3035,0.9889800111926544,34.27943234059566,-3.1418832501537395,-3.015846914760669,-0.010955042286957872,0.010483949253121667,0.011197796604834883,0.6106258001355525,171742.4,0.03997999749968748,-0.0021252656582071427,0
2023-04-11,400.0,400.0,396.1,399.1,25660,403.23999999999995,401.46799999999996,407.16549999999995,0.9903589572299225,35.20114942528741,-3.3205289136809597,-3.0767833145447274,-0.0021252656582071427,0.010159269825659957,0.011162887174018482,-0.7000584453535944,155468.7,0.009771986970683981,-0.0018291155098972833,0
2023-04-12,402.99,403.0,395.0,398.37,89374,402.332,401.695,406.32849999999996,0.9901643620863415,40.562913907284766,-3.4808862977700414,-3.1576039111897902,-0.0018291155098972833,0.009503826565245017,0.010715682456438573,2.483008573655495,151139.6,0.020081833471395936,0.009639280066269906,1
2023-04-13,401.11,403.97,398.37,402.21,60563,400.802,402.11499999999995,405.214,0.9891119260440163,49.19146941645184,-3.2605294186629976,-3.178189012684432,0.009639280066269906,0.00985646746157497,0.00946608139625553,-0.32236444603575987,148946.9,0.013923075010566676,-0.013077745456353651,0
2023-04-17,405.08,405.08,396.0,396.95,57502,399.316,401.56600000000003,403.748,0.9890228558407719,42.644241004896706,-3.4703292493493336,-3.2366170600174122,-0.013077745456353651,0.010087682306635787,0.009596769012077792,-0.050542410382576786,61941.4,0.022874417432926022,-0.010026451694167937,0
2023-04-18,396.95,399.9,392.5,392.97,101026,397.91999999999996,400.86199999999997,402.39549999999997,0.9888778577295223,42.159545358871824,-3.9126473018887395,-3.371823108391678,-0.010026451694167937,0.010369547306967907,0.009366543786325274,0.756912803032938,68549.2,0.01883095401684601,0.004504160622948339,1
2023-04-19,392.97,397.99,392.89,394.74,37401,397.04800000000006,400.144,401.34849999999994,0.9892848733706495,48.48754448398575,-4.073407630210113,-3.5121400127553652,0.004504160622948339,0.010351027204464123,0.009366209135849313,-0.6297883713103558,64694.9,0.01291989664082693,0.014997213355626426,1
2023-04-20,394.99,402.0,393.0,400.66,210004,397.506,399.919,400.70550000000003,0.9920153329564978,52.705738207065586,-3.6806881423683535,-3.545849638677963,0.014997213355626426,0.011601589634698832,0.010122607341025177,4.614930082083367,81232.0,0.02246293615534368,-0.009234762641641359,0
2023-04-26,403.0,407.0,395.0,396.96,168959,396.456,398.629,400.236,0.9905555722123948,44.320066334991694,-3.626213465086437,-3.5619224039596578,-0.009234762641641359,0.01001395519486332,0.009605450034391212,-0.1954486581207977,88915.5,0.030229746070133012,0.012772067714631241,1
2023-04-27,398.0,403.99,395.99,402.03,199552,397.472,398.39399999999995,400.1925,0.99320202152714,51.985062893081746,-3.137765060206391,-3.477090935209005,0.012772067714631241,0.010451537616399158,0.009918844346321176,0.18106759628075442,103559.1,0.019899012511504117,-0.0021391438449865907,0
2023-04-28,403.0,405.0,398.32,401.17,119995,399.11199999999997,398.51599999999996,400.05800000000005,0.9976353428752829,49.247441300421436,-2.7879235457253913,-3.339257457312282,-0.0021391438449865907,0.00982802373730345,0.00991173381547788,-0.39867803880692754,107003.6,0.01665129496223548,0.0749806815065932,1
2023-05-02,416.0,431.25,416.0,431.25,769270,406.41400000000004,401.731,401.59950000000003,1.0119883117384358,67.95489102889002,-0.08251582303256555,-2.687909130456339,0.0749806815065932,0.025470449540471785,0.019352094332594015,5.410850452102171,181364.6,0.03536231884057971,0.06272463768115943,1
2023-05-03,445.05,463.59,445.0,458.3,2448615,417.942,407.724,404.70950000000005,1.0326962920316918,74.45970511007879,4.1958807212199645,-1.3111511601210784,0.06272463768115943,0.030391120548382375,0.023046619170322538,2.1830371651045795,417288.7,0.0405629500327296,-0.0041893955924067194,0
2023-05-04,458.49,464.89,455.11,456.38,588714,429.826,413.14099999999996,407.628,1.0544565142728175,77.23653886444586,7.346922108070601,0.42046349351725754,-0.0041893955924067194,0.030947110052653694,0.023190666987268932,-0.7595726563792184,470103.8,0.02142951049563954,-0.002147333362548798,0
2023-05-05,458.59,458.59,450.03,455.4,319493,440.5,418.986,410.276,1.0736674823777164,80.1325942832301,9.653784481152229,2.267127691044252,-0.002147333362548798,0.030100002895003145,0.023259543179071123,-0.45730354637396087,496302.9,0.01879666227492315,-0.0183135704874835,0
2023-05-08,455.3,457.98,446.0,447.06,296957,449.678,424.395,412.6285,1.089788999063322,74.10050251256283,10.68584150301217,3.950870453437836,-0.0183135704874835,0.030944099769109067,0.023762900125804023,-0.07053675667385517,515896.0,0.026797297901847667,-0.008634187804768989,0
2023-05-09,447.0,453.4,440.25,443.2,764925,452.06800000000004,429.241,414.6925,1.0901282275420945,71.84059241937057,11.064736987341007,5.373643760218471,-0.008634187804768989,0.031634763287249235,0.023982529689122883,1.5758779890691246,588648.4,0.02967057761732847,0.0025947653429603257,1
2023-05-10,442.0,453.79,432.1,444.35,600790,449.27799999999996,433.61,416.76450000000006,1.0780140822934772,71.08264958975387,11.327236446717336,6.564362297518244,0.0025947653429603257,0.03175066386942608,0.023981767659148015,-0.2145765924763866,627727.0,0.04881287273545628,0.02957128389782815,1
2023-05-11,449.0,459.0,444.35,457.49,573903,449.5,439.663,419.146,1.072418679887199,78.07456872565388,12.452018228887198,7.741893483792035,0.02957128389782815,0.03139375220785955,0.024461861523646895,-0.04475274222274006,668221.4,0.03202255787011733,0.016197075345909084,1
2023-05-12,460.0,467.97,454.6,464.9,704003,451.4,445.95,422.172,1.0692324455435225,82.32808988764043,13.782465286383342,8.950007844310296,0.016197075345909084,0.03138879803080482,0.024134401020127087,0.2266933610732127,718666.5,0.028758872875887298,0.004345020434502134,1
2023-05-15,466.0,468.0,461.0,466.92,235186,455.372,452.525,425.52049999999997,1.0701529068517264,82.36771300448429,14.828912806799053,10.125788836808049,0.004345020434502134,0.03105916837488902,0.023766135440537284,-0.6659304008647691,730185.6,0.014991861560866957,0.0009851794739996755,1
2023-05-16,472.75,474.35,467.0,467.38,381577,460.20799999999997,456.13800000000003,428.9345,1.072909733304269,81.45982648057335,15.516483795081456,11.203927828462731,0.0009851794739996755,0.023187040238952066,0.023706281810226954,0.6224477647479016,691416.3,0.01572596174419107,-0.003401942744661657,0
2023-05-17,469.0,469.9,461.05,465.79,176808,464.496,456.887,432.30550000000005,1.074462388287912,83.11363417684984,15.751515380828835,12.113445338935954,-0.003401942744661657,0.01324192238857378,0.023743832754420196,-0.5366387387080458,464235.6,0.018999978531097632,0.006075699349492147,1
2023-05-18,467.0,473.02,467.0,468.62,233493,466.7219999999999,458.111,435.6259999999999,1.071382332551317,82.74166584718265,15.981907473584386,12.887137765865642,0.006075699349492147,0.013132009109616765,0.023745102611801357,0.3206020089588706,428713.5,0.012846229354274213,0.0066578464427466955,1
2023-05-19,469.0,474.74,462.0,471.74,245236,468.09,459.74500000000006,439.36550000000005,1.065377231484948,83.94420394420395,16.22917298815264,13.555544810323044,0.0066578464427466955,0.01306387204255295,0.023230673284690466,0.05029272826166098,421287.8,0.02700640183151738,-0.0010599058803578698,0
2023-05-22,472.0,473.69,468.0,471.24,166476,468.954,462.163,443.279,1.057920632378254,76.88584106494554,16.19806565069871,14.084048978398176,-0.0010599058803578698,0.010788150605027686,0.022930447187470483,-0.32116002544487754,408239.7,0.012074526780409128,-0.0030769883711060375,0
2023-05-23,471.0,474.5,469.0,469.79,172517,469.43600000000004,464.822,447.03149999999994,1.0501183921043598,61.779782653270466,15.873430948696864,14.441925372457913,-0.0030769883711060375,0.01011057827328543,0.0230772082861249,0.03628751291477461,348998.9,0.011707358607037187,-0.0014261691394027443,0
2023-05-24,471.0,472.95,467.5,469.12,164001,470.10200000000003,467.299,450.4545,1.0436170578826498,63.404882154882166,15.384746427770153,14.630489583520362,-0.0014261691394027443,0.01033363161790993,0.023144124666897036,-0.04936325115785689,305320.0,0.011617496589358775,0.01863062755798084,1
2023-05-25,470.95,482.3,470.0,477.86,779713,471.95,469.33599999999996,454.4995,1.0383949817326532,70.31476121562956,15.523757171456964,14.809143101107683,0.01863062755798084,0.007758733802354771,0.02287881873654286,3.7543185712282243,325901.0,0.025739756414012497,0.06160800234378261,1
2023-05-26,484.96,513.7,481.01,507.3,1641016,479.062,473.576,459.76300000000003,1.0419759745782065,89.4344069128044,17.804249837633733,15.408164448412894,0.06160800234378261,0.0196350563235022,0.025675155754656506,1.1046410666488824,419602.3,0.06443918785728377,0.012024443130297602,1
2023-05-29,513.0,524.24,510.5,513.4,1422158,487.494,478.224,465.3745,1.0475305372339911,94.6451284660392,19.874672868539903,16.301466132438296,0.012024443130297602,0.01958575934940121,0.02545908887747942,-0.13336737728334158,538299.5,0.026762758083365815,0.046007012076353826,1
2023-05-30,516.0,541.0,513.9,537.02,1645312,500.93999999999994,485.188,470.663,1.0643284048246833,95.8353942031853,23.15452370052003,17.672077646054646,0.046007012076353826,0.022340349666193967,0.022365458986800976,0.15691224181841967,664673.0,0.05046366988194113,-0.03942125060519153,0
2023-05-31,537.25,539.0,513.0,515.85,1234159,510.28599999999994,490.1940000000001,473.54050000000007,1.0775973755148711,76.74120234604109,23.77156325605415,18.89197476805455,-0.03942125060519153,0.027744409508012755,0.021645550745600445,-0.24989363719464763,770408.1,0.05040224871571193,0.001492681981196009,1
2023-06-01,515.0,524.49,511.01,516.62,674562,518.0379999999999,494.994,476.55249999999995,1.0870533676772234,75.23419203747076,24.045522300919288,19.922684274627496,0.001492681981196009,0.02786507486836497,0.021539713371786905,-0.453423748479734,814515.0,0.026092679338779023,-0.0019743718787502695,0
2023-06-02,516.99,521.67,514.0,515.6,397315,519.6980000000001,499.38,479.5625,1.0836919066857815,73.98502167914864,23.904772010703425,20.719101821842685,-0.0019743718787502695,0.02811762068957647,0.02153612050404961,-0.41100299157082665,829722.9,0.014875872769588749,-0.007001551590380184,0
2023-06-05,517.9,517.9,507.9,511.99,256167,519.4159999999999,503.45500000000004,482.809,1.0758208732645826,71.31797763547743,23.234101304571823,21.22210171838851,-0.007001551590380184,0.028421539449692387,0.0209933965795208,-0.35525464681675745,838692.0,0.019531631477177288,0.005800894548721791,1
2023-06-06,510.99,520.0,510.11,514.96,348203,515.004,507.97200000000004,486.39700000000005,1.0588140963040478,73.19120837656827,22.68079404131123,21.513840182973055,0.005800894548721791,0.02815063661273623,0.020672946672657486,0.35928125012199064,856260.6,0.019205375174770827,-0.0006602454559577753,0
2023-06-07,514.98,516.6,513.0,514.62,184830,514.758,512.522,489.91049999999996,1.0507184475531757,72.2179289026275,21.961698105237417,21.60341176742593,-0.0006602454559577753,0.02811840524478896,0.020728252796679166,-0.4691889501239219,858343.5,0.006995452955578918,-0.012941587967820967,0
2023-06-08,515.0,518.0,506.01,507.96,251793,513.0260000000001,515.532,492.434,1.0418167713845918,66.91574817859143,20.61674604016264,21.406078621973272,-0.012941587967820967,0.028763189309485276,0.020532050702224112,0.36229508196721305,805551.5,0.023604220804787798,0.0004724781478857576,1
2023-06-09,507.99,511.0,502.0,508.2,253503,511.546,515.6220000000001,494.599,1.0342641210354246,67.30337078651684,19.347205293563718,20.994303956291365,0.0004724781478857576,0.021267520188903686,0.020399213807586004,0.006791292847696306,666800.2,0.01770956316410862,0.035438803620621906,1
2023-06-12,509.88,538.6,507.0,526.21,1408856,514.3900000000001,516.903,497.56350000000003,1.0338177941107016,72.86802853437094,19.56876504715649,20.709196174464388,0.035438803620621906,0.023826868996948008,0.021527857505300903,4.557551587160704,665470.0,0.06005207046616374,-0.028410710552821183,0
2023-06-13,528.89,532.0,510.06,511.26,782207,513.65,514.327,499.75750000000005,1.027798482263898,65.30804998546932,18.326753286613382,20.232707596894187,-0.028410710552821183,0.020141787965077096,0.02286539609421323,-0.44479279642490077,579159.5,0.0429135860423268,0.0017407972460197207,1
2023-06-14,513.9,518.7,509.3,512.15,314140,513.1560000000001,513.957,502.07550000000003,1.0220693899622666,63.209800446875704,17.215812411126763,19.629328559740703,0.0017407972460197207,0.01605337727881379,0.022797812296547277,-0.5983927528135136,487157.6,0.018353997852191807,-0.0012691594259494066,0
2023-06-15,511.0,520.0,501.9,511.5,1049027,513.864,513.4449999999999,504.21950000000004,1.0191275823326944,52.07920792079208,16.097373692028896,18.922937586198344,-0.0012691594259494066,0.01603704160246995,0.022838673677058458,2.339361431209015,524604.1,0.03538611925708705,-0.00046920821114371236,0
2023-06-16,515.97,518.0,510.1,511.26,391567,514.476,513.0110000000001,506.1955000000001,1.016358304252013,48.87534160184991,15.018512887128622,18.1420526463844,-0.00046920821114371236,0.016032696728007938,0.022860984764255493,-0.6267331536747862,524029.3,0.015452020498376516,0.0007628212651096256,1
2023-06-19,514.0,517.0,510.5,511.65,722738,511.56399999999996,512.977,508.216,1.0065877500905127,32.35989431233489,14.03321153984632,17.320284425076785,0.0007628212651096256,0.015882530914398996,0.02284222208810216,0.8457581971923067,570686.4,0.012703996872862309,0.002032639499658151,1
2023-06-20,512.0,515.49,511.75,512.69,272018,511.85,512.75,510.36100000000005,1.0029175426805732,46.948628814214025,13.184292119156737,16.493085963892778,0.002032639499658151,0.015775172917116866,0.02278308748243267,-0.6236284794766569,563067.9,0.007294856540989699,0.00013653474809327548,1
2023-06-21,513.99,516.4,512.0,512.76,948588,511.97200000000004,512.564,512.5429999999999,0.9988859471302899,46.221613155833985,12.37452001327,15.669372773768224,0.00013653474809327548,0.015775333661367456,0.022763925585271974,2.487225110103008,639443.7,0.008581012559481975,0.0007800920508620468,1
2023-06-22,514.99,515.99,509.7,513.16,419280,512.304,513.0840000000001,514.308,0.9961035021815721,47.582243361078035,11.630971838990945,14.861692586812769,0.0007800920508620468,0.015132469479861806,0.022537805014247063,-0.5579956735695581,656192.4,0.01225738561072574,-0.0008184581806842672,0
2023-06-23,514.8,515.0,509.7,512.74,367898,512.6,513.538,514.58,0.9961522017956391,50.79331499894225,10.882368889467614,14.065827847343739,-0.0008184581806842672,0.015144123438809613,0.017971824712784513,-0.12254817782865868,667631.9,0.010336622849787439,0.02453485197175964,1
2023-06-26,515.0,531.38,515.0,525.32,680316,515.3340000000001,513.449,515.176,1.0003066913054957,59.1068917018284,11.175373770730346,13.48773703202106,0.02453485197175964,0.012560534801385444,0.018594172540845964,0.8491973318691595,594777.9,0.031180994441483274,-0.006148633214041022,0
2023-06-27,524.0,526.75,519.0,522.09,650584,517.214,514.5319999999999,514.4295,1.0054127922290617,56.24895432491218,11.01991749513013,12.994173124642876,-0.006148633214041022,0.008201239695300596,0.015374435368136602,-0.04370322026822826,581615.6,0.014844183952958301,0.07500622498036735,1
2023-07-03,561.25,561.25,550.5,561.25,859865,526.912,519.442,516.6995,1.0197648730064575,78.87720819334562,13.896412806325031,13.174621060979307,0.07500622498036735,0.024448615223233796,0.020780727388235828,0.3216817505502749,636188.1,0.01915367483296214,-0.02556792873051228,0
2023-07-04,560.96,562.0,545.6,546.9,675892,533.6600000000001,522.982,518.2135000000001,1.0298072126642783,68.18950930626056,14.846984200493978,13.509093688882242,-0.02556792873051228,0.026733576159991397,0.021835883889524045,-0.21395567908915936,598874.6,0.02998720058511607,-0.0074419455110622534,0
2023-07-05,550.0,553.0,537.0,542.83,395836,539.6780000000001,526.1389999999999,519.575,1.0386912380310833,58.98961488533104,15.09786510247261,13.826847971600317,-0.0074419455110622534,0.027039935104978475,0.02193638588016881,-0.4143502216330419,599301.5,0.029475157968424735,0.028830388887865377,1
2023-07-06,542.0,560.0,542.0,558.48,1058917,546.3100000000001,530.822,521.8995,1.0467724149956075,75.34893708395968,16.370801819379267,14.335638741156108,0.028830388887865377,0.027842915731849265,0.022548536273721886,1.6751407148415,632919.4,0.03223033949290932,-0.004243661366566398,0
2023-07-07,559.95,560.5,553.6,556.11,309988,553.114,535.164,523.957,1.05564769628042,73.22976114986265,16.99249523781748,14.867010040488383,-0.004243661366566398,0.028090428665342858,0.022631864604754134,-0.7072593980453614,636716.4,0.01240761719803632,0.0021218823614033155,1
2023-07-10,557.0,564.98,554.99,557.29,395488,552.322,539.617,526.0905,1.0498611930836994,74.06200735680505,17.380061360664286,15.369620304523565,0.0021218823614033155,0.02803165180837525,0.022609681493161234,0.2758171284049704,581406.4,0.017926034918982953,0.01832080245473633,1
2023-07-11,563.8,573.0,560.5,567.5,1221868,556.442,545.051,529.0674999999999,1.051741034934106,76.75038051750383,18.300119589553788,15.95572016152961,0.01832080245473633,0.028029435910949557,0.02244026550062362,2.089519783153977,661665.2,0.022026431718061675,0.01964757709251108,1
2023-07-12,572.0,580.99,568.0,578.65,1069596,563.606,551.642,532.59,1.0582361666572786,78.90921643079051,19.701873249344203,16.70495077909253,0.01964757709251108,0.0278611479788999,0.022610082134684586,-0.12462229962647353,731835.0,0.02244880324894152,0.0055646764019701145,1
2023-07-13,578.0,589.0,573.0,581.87,948748,568.284,557.297,535.3729999999999,1.0614730290843954,79.298661697442,20.832456620982157,17.530451947470457,0.0055646764019701145,0.027595676723175564,0.021578237296424295,-0.1129847157244418,758678.2,0.02749755099936412,-0.0036949834155395322,0
2023-07-14,581.0,588.0,575.11,579.72,269911,573.006,563.0600000000001,538.796,1.0634934186593812,77.8674879307475,21.309324429291337,18.286226443834636,-0.0036949834155395322,0.027440595024682782,0.02021325940842398,-0.7155082276853284,720610.9,0.022234872007175853,0.0027772027875525573,1
2023-07-17,579.0,584.0,578.1,581.33,357194,577.814,565.068,542.255,1.0655761588182682,78.08817470127735,21.56853055341628,18.942687265750966,0.0027772027875525573,0.01565227577606736,0.02020176499404313,0.3233769649995739,670343.8,0.01014914076342177,0.0019094146182030425,1
2023-07-18,582.98,585.55,578.2,582.44,505087,580.802,568.6220000000001,545.8019999999999,1.0641258185202696,78.556211078335,21.614364063161815,19.477022625233136,0.0019094146182030425,0.011924799407022763,0.020149506243104753,0.4140411093131464,653263.3,0.012619325595769363,-0.0013735320376349058,0
2023-07-19,582.4,582.4,579.0,581.64,685888,581.4000000000001,572.5029999999999,549.321,1.0583975489740973,75.53963359332485,21.340138305120263,19.849645761210564,-0.0013735320376349058,0.011280300322745632,0.020167452363244933,0.3579601138021766,682268.5,0.005845540196685196,0.0028368062719208442,1
2023-07-20,582.2,588.0,581.31,583.29,268563,581.684,574.984,552.903,1.0520543386452956,78.15605447184393,21.01372053679563,20.082460716327578,0.0028368062719208442,0.00828437096188497,0.020140865586152714,-0.608444818979192,603233.1,0.011469423442884423,-0.00046289152908496334,0
2023-07-21,584.5,585.0,581.13,583.02,597692,582.344,577.675,556.4195,1.0465916453323438,65.59679037111334,20.49696905976873,20.165362385015808,-0.00046289152908496334,0.007925232663042384,0.020179390462190368,1.2255187795787208,632003.5,0.0066378511886384765,-0.00012006449178403322,0
2023-07-24,585.0,585.5,578.0,582.95,349531,582.668,580.2410000000001,559.9290000000001,1.0406105059748645,82.47162673392195,19.852939052869942,20.102877718586637,-0.00012006449178403322,0.008039192892016484,0.020183821181980668,-0.4151987980431393,627407.8,0.01286559739257226,-6.861651942713376e-05,0
2023-07-25,583.01,585.09,581.1,582.91,190985,582.762,581.782,563.4165,1.0343360551208562,88.92773892773884,19.118921935751246,19.90608656201956,-6.861651942713376e-05,0.006490914826000888,0.020197639349747505,-0.45359639059196466,524319.5,0.006844967490693262,0.0019385496903467914,1
2023-07-26,583.02,585.99,583.0,584.04,563427,583.242,582.321,566.9815,1.0286790662481933,84.57792207792197,18.41610029771516,19.60808930915868,0.0019385496903467914,0.002608564174204652,0.02015384432602789,1.9501112652826138,473702.6,0.0051195123621669905,0.005068146017396025,1
2023-07-27,582.0,588.7,582.0,587.0,363643,583.984,582.8340000000001,570.0654999999999,1.0244156153985815,91.1318242343541,17.89171183147357,19.264813813621657,0.005068146017396025,0.0025135518903825547,0.019713363712246097,-0.35458719585678355,415192.1,0.011413969335604847,0.002623509369676258,1
2023-07-31,584.0,594.1,584.0,588.54,425780,585.088,583.716,573.388,1.0204050311481927,91.21603798470052,17.399821017962836,18.89181525448989,0.002623509369676258,0.001971063668211368,0.019531561031228113,0.17087363155622404,430779.0,0.017161110544737866,0.0064906378495939165,1
2023-08-01,599.49,602.0,591.99,592.36,226478,586.97,584.819,574.9435,1.0209177075660478,89.43527918781716,17.12087726358311,18.537627656308537,0.0064906378495939165,0.002511454510159243,0.010947179151464132,-0.4680868053924562,417707.4,0.016898507664258204,0.000286987642649672,1
2023-08-02,591.0,594.9,585.51,592.53,550226,588.894,585.828,577.225,1.0202156871237384,83.78773125608555,16.720783128230437,18.174258750692918,0.000286987642649672,0.002561549990652611,0.008727778229706638,1.4294898400727662,422221.3,0.01584729887094322,0.011476212174911016,1
2023-08-03,594.5,603.0,593.01,599.33,1444559,591.952,587.597,580.05,1.0205189207826912,86.19402985074616,16.759218969441463,17.891250794442627,0.011476212174911016,0.0037727942956318396,0.008437000369438351,1.6253921116050494,498088.4,0.016668613284834745,0.006907713613535149,1
2023-08-04,600.02,608.99,600.0,603.47,397121,595.2460000000001,589.615,582.2995,1.0222334039441905,95.48065875143601,16.928600680140335,17.69872077158217,0.006907713613535149,0.003967027327936859,0.00634135436142529,-0.7250918792517301,510944.2,0.014897177987306756,0.006827182792848108,1
2023-08-07,604.8,609.5,600.0,607.59,368184,599.056,592.072,584.8734999999999,1.0242488332947213,95.87700908455605,17.197049591028076,17.598386535471352,0.006827182792848108,0.0038433274770618944,0.006070449024101,-0.07286695994419834,487993.4,0.015635543705459273,-0.008673612139765252,0
2023-08-08,615.5,622.4,602.0,602.32,688322,601.048,594.009,587.125,1.0237138599105813,80.32336790726043,16.790996178293085,17.4369084640357,-0.008673612139765252,0.0054946079286779265,0.006732567977723343,0.8695054646589748,521872.5,0.03386903971310927,0.009496613096028561,1
2023-08-09,602.0,609.4,602.0,608.04,355816,604.15,596.5219999999999,589.152,1.025456927923524,85.01326259946953,16.737809075115592,17.29708858625168,0.009496613096028561,0.005675026969562732,0.005986562903709917,-0.4830675178186953,538355.6,0.012170251957108049,0.0051147950792711505,1
2023-08-10,608.0,618.39,605.0,611.15,325885,606.514,599.233,590.7769999999999,1.0266378007268395,85.57201225740556,16.753485172909677,17.188367903583277,0.0051147950792711505,0.005620265681331694,0.004653547833162082,-0.08411932009802825,514601.4,0.02190951484905504,0.0073795303935204615,1
2023-08-11,614.53,621.0,611.21,615.66,432893,608.952,602.0989999999999,592.4665,1.0278252019312484,87.6036866359447,16.93461618772949,17.13761756041252,0.0073795303935204615,0.00569049265311139,0.004728490146316711,0.32836123172284704,521526.4,0.01590163401877654,0.012068349413637547,1
2023-08-15,616.98,626.48,612.75,623.09,568715,612.052,605.554,594.635,1.0292902368679948,89.53900709219849,17.476247425121414,17.2053435333543,0.012068349413637547,0.006062083354419853,0.004893288972043712,0.313754207159737,535819.9,0.022035339999037087,0.005585067967709412,1
2023-08-16,622.0,630.42,620.0,626.57,375037,616.902,608.975,596.8969999999999,1.0335149950493974,90.27675276752771,17.979049705982675,17.360084767879975,0.005585067967709412,0.006056342843240833,0.004907938464428987,-0.3405537044037875,550675.8,0.016630224875113647,-0.0045485739821569116,0
2023-08-17,621.05,628.0,619.01,623.72,189029,620.038,612.094,598.961,1.0351892694182092,85.47925608011445,17.940743234224556,17.47621646114889,-0.0045485739821569116,0.006691571868392406,0.0052378347676451656,-0.4959723973901242,514556.1,0.014413518886679934,-0.015648047200666926,0
2023-08-18,623.4,626.98,613.25,613.96,242180,620.6,613.557,600.577,1.0333396050797816,71.49234693877553,16.927702628326074,17.366513694584327,-0.015648047200666926,0.008960918135439647,0.00669773763369311,0.2811790783424766,394318.2,0.02236302039220799,-0.013404782070493226,0
2023-08-21,615.0,616.95,605.25,605.73,1269644,618.614,613.783,601.699,1.0281120626758564,62.38294193920187,15.284577337341943,16.950126423135853,-0.013404782070493226,0.010071755226260283,0.00760688459826616,4.242563382607978,481570.5,0.019315536625229137,-0.005134300761065136,0
2023-08-22,607.9,608.85,601.5,602.62,266037,614.52,613.2860000000001,602.679,1.0196472749174934,57.46724890829693,13.574954077028565,16.275091953914398,-0.005134300761065136,0.009935595489524508,0.0077540939605811356,-0.79046331097536,471355.8,0.012196740898078429,-0.0029205801334174497,0
2023-08-23,602.62,606.0,599.0,600.86,1091219,609.3779999999999,613.1400000000001,603.5745,1.009615217342681,55.92545170009961,11.940406461945145,15.408154855520547,-0.0029205801334174497,0.009587998490807048,0.007813432218491992,3.101756522588963,511645.5,0.011649968378657258,-0.0003162134274208306,0
2023-08-24,602.98,604.4,600.01,600.67,98546,604.768,612.403,604.4625,1.0005054076969209,51.05213567839189,10.50854828531908,14.428233541480255,-0.0003162134274208306,0.008967249480807318,0.007816316125112226,-0.9096918217149812,485918.5,0.0073085055021892,-0.0008157557394242732,0
2023-08-25,603.99,603.99,598.11,600.18,246217,602.012,611.3059999999999,605.2695,0.9946180998712143,47.259703481592474,9.22787822345731,13.388162477875667,-0.0008157557394242732,0.008696524164688564,0.007833001166407455,1.498498163294299,477951.7,0.009797060881735473,-0.016595021493551854,0
2023-08-28,592.21,599.87,588.01,590.22,184495,598.9100000000001,608.762,605.4305,0.9892299776770415,36.814938515257325,7.3248133234408215,12.1754926469887,-0.016595021493551854,0.009183258014574548,0.008743015422118156,-0.2506813095765118,453111.9,0.02009420216190575,-0.008725559960692575,0
2023-08-29,591.49,591.49,582.9,585.07,519740,595.4,604.96,605.257,0.9837143560504051,36.88212927756655,5.339508192961375,10.808295756183234,-0.008725559960692575,0.00724719369061733,0.008950785551750988,1.817095314236158,448214.4,0.014682003862785703,-0.007845215102466385,0
2023-08-30,587.94,587.94,579.0,580.48,717026,591.324,600.351,604.663,0.9779397780251147,28.67533271433001,3.357066758050564,9.3180499565567,-0.007845215102466385,0.0059354971299681305,0.008955961912783805,0.3795859468195637,482413.3,0.015401047409040887,-0.03479878721058438,0
2023-08-31,581.0,581.0,551.01,560.28,584526,583.246,594.007,603.0505,0.967159466744493,18.871619140864084,0.1542187192109168,7.485283709087544,-0.03479878721058438,0.010308057370622252,0.01170904531799515,-0.1847910675484571,521963.0,0.05352680802455917,-0.009066895123866492,0
2023-09-01,555.0,558.0,545.52,555.2,103922,574.25,588.1310000000001,600.844,0.9557389272423457,13.25960136120571,-2.7621348008964333,5.435800007090749,-0.009066895123866492,0.010160433892005322,0.011290964067640945,-0.8222115012848017,508137.2,0.022478386167147004,0.009095821325648235,1
2023-09-04,559.9,563.0,556.0,560.25,92751,568.256,583.583,598.6830000000001,0.9491767763574377,10.675844806007476,-4.612700837437615,3.426099838185076,0.009095821325648235,0.011689709823503985,0.011409703538306615,-0.10749408210003653,390447.9,0.01249442213297635,-0.008692547969656461,0
2023-09-05,563.24,568.3,553.5,555.38,170408,562.318,578.859,596.0725,0.9433718213807883,6.212326239389782,-6.398498149970578,1.4611802405539451,-0.008692547969656461,0.011656628471498454,0.01118545357248667,0.8372632101001607,380885.0,0.026648420901004635,-0.0033670639922215306,0
2023-09-06,555.38,558.0,551.11,553.51,202435,556.924,574.124,593.6320000000001,0.9381637108511669,6.288133482754276,-7.873883529875684,-0.4058325135319809,-0.0033670639922215306,0.011635557341286476,0.011142155146978432,0.18794305431669867,292006.6,0.012447832920814415,-0.027172047478816963,0
2023-09-07,553.5,557.87,537.0,538.47,396368,552.562,567.904,590.1535,0.9363021654535643,5.900221988550015,-10.139853459660344,-2.3526367027576534,-0.027172047478816963,0.012687808719383582,0.01177608992926779,0.9580013337614544,321788.8,0.03875796237487697,0.009731275651382543,1
2023-09-08,540.0,547.4,535.1,543.71,101036,550.264,562.2570000000001,586.7815,0.9377664428752439,12.45762711864404,-11.381626442145034,-4.1584346506351295,0.009731275651382543,0.013982182565849488,0.012047340042007,-0.7450954668388972,307270.7,0.022622353828327516,-0.0035312942561293026,0
2023-09-11,545.0,546.94,539.22,541.79,92726,546.572,557.414,583.088,0.9373748044892024,12.639724849527042,-12.377982751018862,-5.802344270711877,-0.0035312942561293026,0.013880832672077745,0.011661918787959897,-0.08224791163545664,298093.8,0.014249063290204743,-0.018217390501855002,0
2023-09-12,544.0,544.0,530.6,531.92,178908,541.88,552.0989999999999,578.5295,0.9366505943085012,11.494638069705061,-13.80489458559498,-7.402854333688497,-0.018217390501855002,0.014223050676066438,0.011103493633517357,0.9294264823242673,264010.6,0.02519175815912163,0.024496164836817824,1
2023-09-13,532.01,547.89,532.01,544.95,861488,540.168,548.546,574.4485000000001,0.9403245025446144,22.7823368503322,-13.72609451769199,-8.667502370489196,0.024496164836817824,0.01783166326725885,0.012955791570340281,3.8152570035996156,278456.8,0.029140288099825662,-0.03714102211212034,0
2023-09-14,520.55,534.0,520.55,524.71,69164,537.4159999999999,544.989,569.4979999999999,0.9436661761762113,19.097535009417783,-15.122520737794275,-9.958506043950212,-0.03714102211212034,0.018259989979038764,0.014594123166017258,-0.9197156547740654,226920.6,0.0256332069142956,0.035905547826418305,1
2023-09-15,537.9,548.0,536.0,543.55,472615,537.384,543.824,565.9775000000001,0.9494794404371197,32.18566302771201,-14.541344463084897,-10.87507372777715,0.035905547826418305,0.022558629370649955,0.01752442912037832,5.833251402463709,263789.9,0.022077085824671144,-0.007230245607579677,0
2023-09-18,542.0,544.8,536.1,539.62,65193,536.95,541.761,562.6719999999999,0.9542859783319592,32.48824843954688,-14.233797872208925,-11.546818556663505,-0.007230245607579677,0.022264136689102994,0.017439921926476077,-0.8620589697745522,261034.1,0.01612245654349344,-0.004595826692857963,0
2023-09-19,543.69,543.69,535.0,537.14,42243,537.9939999999999,539.937,559.398,0.9617374391756851,33.02522324925583,-14.02846880104164,-12.043148605539132,-0.004595826692857963,0.022196008499515314,0.017441122034758935,-0.35203165984078044,248217.6,0.01617827754402959,-0.0022899057973713166,0
2023-09-20,539.74,539.94,535.0,535.91,38215,536.186,538.177,556.1505,0.9641023428010944,38.78921703928604,-13.805849513932912,-12.395688787217889,-0.0022899057973713166,0.02219724783710463,0.017446771859742787,-0.09535307624931944,231795.6,0.009217965703196534,0.026441006885484564,1
2023-09-21,537.68,559.0,535.05,550.08,480606,541.26,539.338,553.621,0.9776724510089032,47.826456104601796,-12.343730704785798,-12.385297170731471,0.026441006885484564,0.022186054491454534,0.01884018920195804,11.576370535130184,240219.4,0.04353912158231538,0.000999854566608338,1
2023-09-22,562.0,562.0,549.2,550.63,182247,542.676,540.03,551.1435,0.9846364875935215,45.75388418079096,-11.013652085598892,-12.110968153704956,0.000999854566608338,0.022034882207773526,0.018861821248106363,-0.6207974931648794,248340.5,0.02324609992190755,0.00989775348237476,1
2023-09-25,549.0,557.99,546.01,556.08,185224,545.9680000000001,541.4590000000001,549.4365,0.9936871685809007,50.307395046548415,-9.411298157909982,-11.571034154545963,0.00989775348237476,0.022104390713214447,0.01887061656274992,0.01633497396390604,257590.3,0.02154366278233351,0.005556754423823751,1
2023-09-26,556.37,561.25,552.0,559.17,96699,550.374,544.184,548.1415,1.0040728534511618,52.459158846020145,-7.8021456714539,-10.81725645792755,0.005556754423823751,0.020831387401279492,0.018904996567961477,-0.47793482486070915,249369.4,0.01654237530625749,0.002503710857163499,1
2023-09-27,561.9,565.0,554.1,560.57,264545,555.306,545.746,547.146,1.0149137524536413,60.89313880126182,-6.340819413729719,-9.921969049087984,0.002503710857163499,0.01969844270090203,0.018880829287454375,1.7357573501277157,189675.1,0.019444493997181397,0.0067252974650802155,1
2023-09-28,564.86,566.8,560.0,564.34,289922,558.158,549.7090000000001,547.3489999999999,1.0197479122095776,60.318095428628574,-4.8229048880057235,-8.902156216871532,0.0067252974650802155,0.013751730144481665,0.017247406755868812,0.09592696894668196,211750.9,0.012049473721515318,0.00012403870007426931,1
2023-10-02,566.0,566.98,561.5,564.41,355778,560.914,551.795,547.8095,1.0239216369924218,61.52670199755402,-3.5731096910652695,-7.83634691171028,0.00012403870007426931,0.009508572949389369,0.017100838652899054,0.22715075089161907,200067.2,0.009709253911163902,0.006112577736043123,1
2023-10-03,565.05,569.98,564.14,567.86,107305,563.27,554.619,548.1899999999999,1.0275087104835916,69.59651035986916,-2.2779925459857395,-6.724676038565373,0.006112577736043123,0.008687422708377291,0.01703905629528047,-0.698393380141549,204278.4,0.010284224985031577,0.0033987250378613165,1
2023-10-04,566.0,571.4,565.25,569.79,131821,565.394,557.884,548.9105,1.0300294856811814,65.40942928039698,-1.083379483077465,-5.596416727467792,0.0033987250378613165,0.008034480655248078,0.016897966246237184,0.22847024835748564,213236.2,0.010793450218501513,0.02099018936801289,1
2023-10-05,570.98,585.97,570.98,581.75,543549,569.63,562.4680000000001,550.3225,1.0350839734882729,89.43584070796462,0.8189912013443745,-4.313335141705359,0.02099018936801289,0.008725641840542864,0.017405116333416536,3.12338701724308,263769.6,0.025767082079931256,-0.0026987537602063405,0
2023-10-06,583.99,583.99,576.6,580.18,74338,572.798,565.478,552.408,1.0369111236622206,83.26975476839232,2.1748771654772554,-3.015692680268836,-0.0026987537602063405,0.006589029577983802,0.016003046622028186,-0.8632358812177007,223142.8,0.012737426315970883,0.00017236030197520513,1
2023-10-09,581.9,581.9,571.1,580.28,152817,575.972,568.443,554.2365,1.0392170129538563,89.69152674736416,3.220373266544584,-1.7684794909061519,0.00017236030197520513,0.006654753850012295,0.015961120684293725,1.05570502300304,220199.8,0.01861170469428544,0.004239332735920698,1
2023-10-10,583.0,589.0,580.2,582.74,127858,578.948,571.109,556.284,1.0407417793788785,94.53124999999989,4.199034049243551,-0.5749767828762113,0.004239332735920698,0.006455916125731457,0.01587836701597722,-0.16332606974354946,214463.2,0.01510107423550804,-0.0028829323540516816,0
2023-10-11,582.99,583.0,578.0,581.06,94306,581.202,573.298,558.741,1.0401993052237084,93.70764762826698,4.783921738831168,0.49680292146526456,-0.0028829323540516816,0.006871546632872882,0.015112563968664831,-0.262416117880774,214223.9,0.00860496334285616,0.006918390527656415,1
2023-10-12,581.0,590.24,580.6,585.08,252443,581.868,575.749,560.7475,1.0376649026522635,92.16867469879494,5.5083332137064644,1.4991089799135047,0.006918390527656415,0.00691579530328159,0.01438425498149411,1.676849829279155,213013.7,0.01647637929855744,0.012579476310931925,1
2023-10-13,585.1,594.0,583.26,592.44,230267,584.32,578.559,564.134,1.03578227867847,93.2726143655556,6.600241540589423,2.5193354920486883,0.012579476310931925,0.00737547259667055,0.010815973900169357,-0.08784557306005714,207048.2,0.018128418067652433,-0.007983930862197064,0
2023-10-16,592.45,596.25,585.26,587.71,147814,585.8059999999999,580.889,566.342,1.0343679260941268,83.23177138054194,7.003186907342865,3.416105775107524,-0.007983930862197064,0.008340761732394635,0.008706317760123709,-0.3580756252524243,186251.8,0.018699698831056148,0.008048187031018728,1
2023-10-17,587.75,595.0,585.0,592.44,355337,587.7460000000001,583.347,568.983,1.032976380665152,83.79037172455804,7.61639838377539,4.2561642968410975,0.008048187031018728,0.008415182346457136,0.008336220700739123,1.4039468521249678,211055.0,0.016879346431706164,0.005890891904665185,1
2023-10-18,590.0,597.9,590.0,595.93,584167,590.72,585.961,571.9224999999999,1.0328672154006882,84.45050662509722,8.288442721336082,5.062619981740095,0.005890891904665185,0.008423144906563044,0.008044604014603485,0.6439802215924602,256289.6,0.013256590539157247,0.0005369758193076724,1
2023-10-19,599.0,599.89,585.0,596.25,140611,592.9540000000001,587.4110000000001,574.9395,1.0313328619793911,83.32985168163758,8.746045063056613,5.799304998003398,0.0005369758193076724,0.006160878015423017,0.007929402047241046,-0.7592965710147954,215995.8,0.024972746331236875,0.015094339622641506,1
2023-10-20,596.25,609.98,596.25,605.25,501836,595.516,589.918,577.698,1.0308431048748654,85.95070422535196,9.722844104996398,6.584012819401998,0.015094339622641506,0.007009352907628159,0.006644997380795991,2.568966866034663,258745.6,0.02268484097480383,0.003287897562990416,1
2023-10-23,607.99,609.75,604.01,607.24,325149,599.4219999999999,592.614,580.5285,1.0325453444576793,85.58005059631353,10.536087296202936,7.374427714762186,0.003287897562990416,0.006875371700129862,0.006595438324002963,-0.35208115798786854,275978.8,0.009452605230222002,0.0034582702061787263,1
2023-10-24,604.5,609.95,601.2,609.34,179869,602.802,595.274,583.1915,1.033626175964499,85.6242118537199,11.220695639214227,8.143681299652595,0.0034582702061787263,0.006884012820862783,0.006496368474791296,-0.4468105391681967,281179.9,0.014359799126924212,-0.004759247710637737,0
2023-10-25,607.0,615.1,604.1,606.44,231056,604.904,597.8120000000001,585.5550000000001,1.0330438643679927,76.57696447793316,11.397859490414362,8.794516937804948,-0.004759247710637737,0.007128666215596057,0.006818266777027877,0.28457933273660285,294854.9,0.018138645208099727,0.004814985818877293,1
2023-10-26,609.9,613.2,607.02,609.36,133758,607.5260000000001,600.24,587.9945,1.0332171474393044,80.5230125523012,11.63970741382866,9.36355503300969,0.004814985818877293,0.007073877783888428,0.006809586444090797,-0.42110137802091263,282986.4,0.010141788105553471,0.005267821977156473,1
2023-10-27,609.0,613.9,607.0,612.57,165113,608.99,602.2529999999999,590.4060000000001,1.0314766448850452,81.71282655666859,11.952611542841623,9.881366334976079,0.005267821977156473,0.006450038437832566,0.006788944431943909,0.23441588540498515,276471.0,0.011264018806013968,0.03297582317122938,1
2023-10-30,616.51,635.5,616.51,632.77,834181,614.0960000000001,606.759,593.8240000000001,1.0341380611090156,86.4384559359067,13.67294826451473,10.63968272088381,0.03297582317122938,0.010298914265117627,0.009284241998804975,4.052182444749959,345107.7,0.03001090443605103,0.002702403716990487,1
2023-10-31,634.7,636.1,622.0,634.48,282880,619.124,610.963,597.155,1.0367894432768712,88.89050669772861,15.001383607540447,11.512022898215138,0.002702403716990487,0.01040329425380409,0.009308960299408786,-0.6608889437664008,337862.0,0.022222922708359637,0.005626654898499561,1
2023-11-01,636.0,639.1,627.0,638.05,144422,625.446,615.175,600.568,1.0414241185011524,88.81723582002051,16.1560109149533,12.44082050156277,0.005626654898499561,0.010406553415064617,0.009294519047839183,-0.4894584276018099,293887.5,0.018964031032050816,0.029684194028681166,1
2023-11-02,638.49,660.4,638.49,656.99,1100811,634.972,621.249,604.33,1.0507040855161913,90.43979451196591,18.387402555633457,13.630136912376908,0.029684194028681166,0.012330215974338928,0.010205270329610213,6.622183600836438,389907.5,0.03334906162955291,0.011659233778291922,1
2023-11-03,662.0,675.7,661.0,664.65,571900,645.388,627.1890000000001,608.5535000000001,1.0605279568682129,96.495044718395,20.537154951543585,15.011540520210243,0.011659233778291922,0.012214108278884157,0.010054026412886262,-0.4804739414849597,396913.9,0.02211690363349138,0.04268411946137074,1
2023-11-06,670.0,697.5,665.52,693.02,2021377,657.438,635.767,614.1904999999999,1.0704138211190177,97.27392366986277,24.250526145472918,16.85933764526278,0.04268411946137074,0.015819365625143817,0.0127078686190834,2.5344937926210878,566536.7,0.0461458543764971,0.037747828345502166,1
2023-11-07,697.0,721.3,697.0,719.18,2462291,674.378,646.751,621.0125,1.0859330528773576,97.75280898876406,28.970340885497535,19.281538293309733,0.037747828345502166,0.017087645805752366,0.01417274580554662,0.21812556489957102,794778.9,0.0337884813259545,-0.0010567590867376353,0
2023-11-08,722.0,730.0,713.0,718.42,963437,690.452,657.949,627.8805,1.0996551095311926,97.17352691327518,32.277428321294565,21.8807162989067,-0.0010567590867376353,0.016600808439979915,0.014086471273435047,-0.6087233393615945,868017.0,0.023663038334122102,0.002839564600094713,1
2023-11-10,715.0,726.89,715.0,720.46,471517,703.146,669.059,634.6495000000001,1.1079280768361117,97.01297641393947,34.66335234283031,24.437243507691424,0.002839564600094713,0.01677553399489956,0.014174252275913948,-0.5105886529165893,901792.9,0.016503345085084508,0.02777392221636177,1
2023-11-13,724.9,742.5,718.14,740.47,3361343,718.3100000000001,681.8489999999999,642.051,1.1187740537745443,97.39594450373535,37.733881392833155,27.096571084719773,0.02777392221636177,0.016532656806042326,0.014686424579173905,6.128784328030591,1221415.9,0.032898024227855295,-0.013450916309911354,0
2023-11-14,740.0,742.5,727.5,730.51,676734,725.808,691.6229999999999,649.191,1.1180191961995776,90.82272084091368,38.91502088907089,29.46026104559,-0.013450916309911354,0.01863878309118947,0.0151093105189962,-0.7986715428922309,1205671.2,0.020533599813828695,-0.014332452670052453,0
2023-11-15,733.0,735.0,718.0,720.04,322895,725.9799999999999,700.179,655.571,1.107401029026604,86.41492499038335,38.56172538453836,31.280553913379674,-0.014332452670052453,0.020531465834854427,0.016136520198249654,-0.5228627496180183,1209672.7,0.023609799455585802,-0.004208099550024991,0
2023-11-16,724.0,729.49,715.0,717.01,1148854,725.6980000000001,708.075,661.625,1.0968418666162858,84.48331091037221,37.603767648684766,32.545196660440695,-0.004208099550024991,0.0211458639710965,0.016424747700960994,2.5579801483454374,1310115.9,0.02020892316704092,-0.026247890545459507,0
2023-11-17,721.98,721.98,696.17,698.19,1488809,721.244,712.1949999999999,666.722,1.0817762125743564,74.93302271403613,34.92338745508232,33.02083481936902,-0.026247890545459507,0.023224227622930315,0.018184652449135568,0.2959079221554697,1348915.7,0.03696701470946312,-0.02357524456093618,0
2023-11-20,697.0,704.0,678.0,681.73,198775,709.496,713.903,670.546,1.0580869917947462,64.57489878542512,31.112338728412738,32.63913560117777,-0.02357524456093618,0.024937307512037054,0.01941362610252861,-0.8664872391287264,1311603.2,0.03813826588238745,0.01422850688689059,1
2023-11-21,684.0,700.0,677.1,691.43,287561,701.6800000000001,713.744,674.7555,1.0399026017572293,66.18357487922704,28.545706948504517,31.82044987064312,0.01422850688689059,0.021230769112083787,0.0194829109005496,0.44666582819771095,1138221.6,0.033119766281474596,0.03594000838841249,1
2023-11-22,695.0,721.0,680.02,716.28,622942,700.9280000000001,713.454,680.1025000000001,1.030621119610647,69.83217563251027,28.191842084490872,31.094728313412674,0.03594000838841249,0.020878130652015072,0.020525147601977586,1.1662951512896393,954286.7,0.057212263360696965,0.014966214329591887,1
2023-11-23,718.4,732.0,718.4,727.0,740312,702.926,714.312,686.1305,1.0244785795122067,68.52018411724248,28.44847967440046,30.565478585610233,0.014966214329591887,0.021413806225465407,0.02033686241776989,0.18841240436509343,931974.2,0.018707015130674035,-0.012806052269601076,0
2023-11-24,728.1,731.98,716.0,717.69,616218,706.826,714.035,691.5469999999999,1.022093943000259,63.909577257946104,27.582671749977635,29.968917218483714,-0.012806052269601076,0.02186324460493049,0.020914964390672693,-0.16762392072531584,946444.3,0.022265880812049794,0.017235853920216204,1
2023-11-27,715.1,735.0,715.1,730.06,787142,716.492,712.994,697.4215,1.0273442960964065,60.60345814725753,27.576780393236277,29.490489853434227,0.017235853920216204,0.020583120796308006,0.020991072967003286,0.2773758637365349,689024.2,0.02725803358628055,0.04277730597485152,1
2023-11-28,731.05,774.0,731.05,761.29,1211459,730.4639999999999,716.072,703.8475,1.0378157200245792,61.714794413842995,29.74918140555303,29.542228163857988,0.04277730597485152,0.02422935128394043,0.021682835023988174,0.539060296617383,742496.7,0.0564173967870326,-0.0063050874174098714,0
2023-11-29,770.0,795.0,746.01,756.49,1012419,738.5060000000001,719.717,709.948,1.0402254813028562,60.35805626598468,30.729276997475836,29.77963793058156,-0.0063050874174098714,0.02366628757159862,0.02192387281411223,-0.16429775997371765,811449.1,0.06475961347803673,0.040304564501844053,1
2023-11-30,760.0,790.0,760.0,786.98,1703620,750.502,726.7139999999999,717.3945,1.0461496429091663,65.6724154179625,33.579217680635,30.53955388059225,0.040304564501844053,0.025790760174816164,0.022983794159436362,0.6827222721027559,866925.7,0.03812040966733589,0.04002643015070273,1
2023-12-01,790.0,821.0,778.0,818.48,1087043,770.66,738.743,725.469,1.062292117237263,67.43551919896296,37.94222855569535,32.02008881561287,0.04002643015070273,0.023993214863395135,0.023540793759832614,-0.3619216726734835,826749.1,0.052536408953181506,-0.005009285504838257,0
2023-12-04,821.0,830.0,800.0,814.38,901765,787.524,752.008,732.9554999999999,1.0744499495535542,69.24948358962591,40.601086323270465,33.73628831714439,-0.005009285504838257,0.021111925959170785,0.0238211729514257,-0.1704421996185983,897048.1,0.036837839829072426,-0.013433532257668301,0
2023-12-05,815.0,815.0,797.4,803.44,685811,795.954,763.209,738.4765,1.07783253766369,69.10040307805062,41.348840000735095,35.258798653862534,-0.013433532257668301,0.023372016166696555,0.023122591922325148,-0.2394792434836127,936873.1,0.021905805038335186,0.006795778153938059,1
2023-12-06,805.0,815.0,804.8,808.9,397787,806.436,772.471,742.9625,1.0854329794572406,70.8131370328426,41.89903060272877,36.58684504363578,0.006795778153938059,0.02231514883684843,0.02201275225650278,-0.41997576591801533,914357.6,0.012609716899493195,-0.013672889108666042,0
2023-12-07,813.0,816.9,791.15,797.84,487629,808.608,779.5550000000001,746.9335,1.0825702689730745,73.39311704774875,40.97033058317709,37.46354215154405,-0.013672889108666042,0.02374879158871527,0.022406575037698356,0.2258545402438994,889089.3,0.032274641532136765,-0.004687656673017182,0
2023-12-08,800.0,800.1,792.0,794.1,433520,803.732,787.196,750.6155,1.0707639264043973,78.0546262545564,39.477470675173095,37.866327856269855,-0.004687656673017182,0.02302583611155073,0.02251642626048912,-0.11096345787473672,870819.5,0.010200226671703843,-0.008613524744994328,0
2023-12-11,797.9,797.9,784.0,787.26,392034,798.308,792.9159999999999,752.955,1.0602333472783898,74.27182006990532,37.312324357789066,37.7555271565737,-0.008613524744994328,0.023616922137125865,0.022054613760533536,-0.095695700313711,831308.7,0.01765617458018949,0.026319132179966065,1
2023-12-12,787.0,810.0,786.1,807.98,521519,799.216,797.585,756.8285,1.0560067439320797,73.72206125827819,36.84365046972141,37.57315181920325,0.026319132179966065,0.021377271660612235,0.022257096443621602,0.33029022992903667,762314.7,0.029579940097527138,-0.0006807099185623944,0
2023-12-13,812.0,824.97,801.0,807.43,565497,798.922,802.679,761.1980000000001,1.0495587219094111,71.9622085085468,36.0127105235747,37.26106356007754,-0.0006807099185623944,0.021084496235373236,0.02182901545990622,0.0843267455260499,717622.5,0.029686783993658927,0.00666311630729588,1
2023-12-14,810.0,815.02,797.0,812.81,201792,801.9159999999999,805.262,765.988,1.0469041290464078,76.5431409755553,35.380461727892,36.88494319364043,0.00666311630729588,0.017514778660608857,0.021697247141967916,-0.643159910662656,567439.7,0.022170002829689575,-0.003383324516184616,0
2023-12-15,805.01,822.95,803.13,810.06,408502,805.108,804.42,771.5815,1.0434516638877422,73.59046945034207,34.2625407429224,36.36046270349682,-0.003383324516184616,0.01189976484485586,0.020446646807105496,1.0243716301934667,499585.6,0.02446732340814267,-0.015702540552551603,0
2023-12-18,815.0,816.89,795.15,797.34,334800,807.124,802.716,777.362,1.0382858951170755,61.9331347236015,31.98151956389586,35.484674075576635,-0.015702540552551603,0.012752911606317753,0.019881752654854166,-0.18042016930149674,442889.1,0.027265658313893708,-0.017972257757042254,0
2023-12-19,797.0,798.01,779.99,783.01,408098,802.1299999999999,800.673,781.941,1.025819083536993,58.25756632208245,28.68679904398732,34.12509906925877,-0.017972257757042254,0.013273610162666137,0.020644122142326096,0.2189307048984468,415117.8,0.023013754613606444,-0.01980817614079,0
2023-12-20,789.99,789.99,748.05,767.5,494419,794.144,796.533,784.502,1.012290599641556,43.31043956043954,24.54128525723297,32.20833630685362,-0.01980817614079,0.013858128300782145,0.02021011297612889,0.21152027209150748,424781.0,0.05464495114006522,0.007452768729641734,1
2023-12-21,771.0,777.0,752.0,773.22,352825,786.226,794.0709999999999,786.8129999999999,0.9992539523368325,31.113336671674162,21.469999125077948,30.060668870498485,0.007452768729641734,0.014024400738861641,0.02005796396581274,-0.2863846251863298,411300.6,0.03233232456480691,-0.011574972194200894,0
2023-12-22,776.0,777.0,761.1,764.27,86342,777.068,791.088,789.142,0.9846998385588398,29.90294377155689,18.10508834774771,27.669552765948332,-0.011574972194200894,0.014281003954952007,0.020007843350848376,-0.7552837809112166,376582.8,0.020804166066965835,-0.027071584649403957,0
2023-12-26,764.0,784.0,730.0,743.58,337223,766.316,786.72,789.818,0.9702437776804277,27.733968159500066,13.611952116531711,24.858032636065012,-0.027071584649403957,0.016063874668785443,0.02082416186829411,2.9056658404947764,371101.7,0.07262164124909222,0.02364237876220443,1
2023-12-27,738.02,764.0,731.5,761.16,362552,761.9459999999999,782.0379999999999,789.8115,0.9647187968268377,33.71093216869113,11.338959888467457,22.1542180865455,0.02364237876220443,0.015485229884755002,0.019184605720486837,0.07511053516515775,355205.0,0.04269798728256871,0.029166009774554746,1
2023-12-28,763.0,797.88,758.9,783.36,548039,765.1179999999999,779.6310000000001,791.155,0.9670898875694396,45.408422120750885,11.199846776582831,19.963343824552968,0.029166009774554746,0.01905565418906968,0.020169361569562838,0.5116148855888258,353459.2,0.049760008169934665,0.004621119281045694,1
2023-12-29,785.0,791.9,773.01,786.98,299457,767.87,777.048,791.155,0.9705683462785422,47.74054328509774,11.251996369532662,18.221074333548906,0.004621119281045694,0.018952943771579647,0.01806537723422763,-0.4535845076718993,363225.7,0.02400315128719915,0.030115123637195262,1
2024-01-01,790.11,813.0,790.11,810.68,336708,777.152,777.11,790.765,0.9827850246280502,56.71367962389633,13.055224724470122,17.18790441173315,0.030115123637195262,0.021657437154164596,0.01701971317348437,0.12439515523096811,356046.3,0.0282355553362609,-0.01302610154438244,0
2024-01-02,812.99,817.97,795.13,800.12,367894,788.46,777.388,790.052,0.9979849427632612,47.607451601120175,13.476839820509781,16.445691493488475,-0.01302610154438244,0.021453462115340213,0.01722854957894391,0.09262031196169973,359355.7,0.028545718142278697,0.004149377593360981,1
2024-01-03,802.0,811.87,794.0,803.44,454598,796.916,779.4309999999999,790.0519999999999,1.008688035724231,48.80560378375145,13.91842612287121,15.940238419365024,0.004149377593360981,0.020447787464000756,0.01699388274289769,0.23567658075423892,364005.7,0.02224186000199144,-0.01126406452255313,0
2024-01-04,806.5,806.94,788.5,794.39,464841,799.1220000000001,782.12,789.3265,1.0124099469611119,44.60456942003516,13.383846432437963,15.428960021979613,-0.01126406452255313,0.019558877073358304,0.017100892373194464,0.0225319953013432,361047.9,0.023212779617064735,-0.005840959730107342,0
2024-01-05,797.0,800.0,786.5,789.75,135389,799.676,783.7729999999999,788.922,1.0136312588570227,44.11611333217453,12.442351274036469,14.831638272390986,-0.005840959730107342,0.019720607117980977,0.016878010026264843,-0.7087412685197734,339304.3,0.017094017094017096,-0.003722697056030455,0
2024-01-08,786.0,794.0,784.98,786.81,241393,794.9019999999999,786.027,788.5575,1.0080457037058173,46.76616915422883,11.328389525727175,14.130988523058225,-0.003722697056030455,0.019258027808001586,0.016866407649293782,0.7829587337228283,354809.4,0.011464012912901441,-0.0023766856038940354,0
2024-01-09,792.0,796.0,782.0,784.94,84690,791.866,790.163,788.4415,1.004343378678063,50.64183571666114,10.177355226901,13.34026186382678,-0.0023766856038940354,0.016322014271248506,0.016762463051560293,-0.6491613261362177,329556.1,0.017835758147119525,-0.005312507962392132,0
2024-01-10,789.8,791.47,777.0,780.77,124079,787.332,792.124,787.0809999999999,1.0003188998336894,54.77303791094165,8.82691689902424,12.437592870866274,-0.005312507962392132,0.015290822756091171,0.015598899906923801,0.4650962333215256,305708.8,0.018532986667008245,0.011629545192566315,1
2024-01-11,781.0,796.0,781.0,789.85,271791,786.424,792.7729999999999,786.202,1.000282370179674,55.840415817939174,8.39262001081272,11.628598298855565,0.011629545192566315,0.012697743696662914,0.01587731962606546,1.1904673635345224,278084.0,0.01899094764828765,-0.002266253086029124,0
2024-01-12,790.0,804.9,784.0,788.06,578034,786.086,792.8810000000001,784.9645,1.0014287270316047,58.79742622587085,7.813924499982477,10.865663539080948,-0.002266253086029124,0.012660045336564368,0.015776284927723178,1.1267591642107355,305941.7,0.02652082328756691,-0.010329162754105004,0
2024-01-15,793.0,795.11,777.3,779.92,277798,784.708,789.805,783.4575000000001,1.0015961299751421,64.81330507092773,6.622138279246883,10.016958487114136,-0.010329162754105004,0.007420325656274029,0.015897595297675836,-0.5194088929024936,300050.7,0.022835675453892784,-0.009565083598317647,0
2024-01-16,780.0,784.0,770.01,772.46,122914,782.212,787.039,782.2135000000001,0.9999980823649808,55.020437177892326,5.017836957824443,9.017134181256198,-0.009565083598317647,0.007013616312577058,0.015672230983328633,-0.5575418109561624,275552.7,0.018110970147321555,-0.012285425782564752,0
2024-01-17,775.0,778.86,760.0,762.97,146828,778.652,782.992,781.2115,0.9967236785428787,39.78763898627668,2.946685358899913,7.8030444167849415,-0.012285425782564752,0.006949911516561675,0.015406361505258972,0.19455879720780378,244775.7,0.024719189483203813,-0.015518303471958261,0
2024-01-18,769.4,769.4,745.0,751.13,165509,770.908,778.6659999999999,780.393,0.9878458674027061,33.410458121240154,0.3459063528034676,6.311616803988647,-0.015518303471958261,0.007477100956714629,0.015161325911555662,0.12723050099436084,214842.5,0.03248439018545388,-0.00221000359458412,0
2024-01-19,757.0,760.0,745.0,749.47,113375,763.19,774.638,779.2054999999999,0.9794463719776108,14.41692826415543,-1.828104621805437,4.683672518829831,-0.00221000359458412,0.007549683208555947,0.015032242791426563,-0.3149919339733791,212641.1,0.02001414332795175,0.0015744459417987855,1
2024-01-22,756.99,756.99,745.5,750.65,56211,757.336,771.0219999999999,778.5245,0.9727837723796746,17.721518987341796,-3.4164254181878277,3.0636529314262995,0.0015744459417987855,0.007844588846771111,0.014852676390138394,-0.5042028665931643,194122.9,0.015306734163724784,-0.012429228002397874,0
2024-01-23,753.0,753.0,737.05,741.32,422233,751.108,766.6600000000001,778.4115,0.9649240793590536,12.41529525653435,-5.366176179818467,1.3776871091773462,-0.012429228002397874,0.008156529026361334,0.013813801128285749,6.5115724680222735,227877.2,0.02151567474235154,0.011938164355473901,1
2024-01-24,742.9,764.85,740.02,750.17,405717,748.548,763.6,777.8620000000001,0.9623146522133745,23.180494905385657,-6.126622774488624,-0.12317486755584772,0.011938164355473901,0.009882437263251944,0.012979433021897784,-0.03911584362188647,256041.0,0.03309916418945045,-0.0006665155897996877,0
2024-01-25,752.2,761.98,747.0,749.67,244876,748.2560000000001,759.582,776.1775,0.9640269139468743,24.406130268199163,-6.692481242968142,-1.4370361426383067,-0.0006665155897996877,0.008379856710876458,0.010924371450374686,-0.3964364322914741,253349.5,0.019982125468539516,-0.00793682553656938,0
2024-01-26,752.1,760.89,741.0,743.72,334711,747.106,755.1479999999999,774.0145,0.9652351474035693,23.502644201205214,-7.534193932027961,-2.656467700516238,-0.00793682553656938,0.008352916759583624,0.010876144486390606,0.3668591450366716,229017.2,0.026743935889851,-0.004383370085516036,0
2024-01-29,743.79,748.0,739.07,740.46,340467,745.068,751.202,770.5035,0.9669884692282383,23.107617896009614,-8.367852660698418,-3.798744692552674,-0.004383370085516036,0.008200399537546978,0.007641232497104146,0.01719692510852644,235284.1,0.012060070766820558,-0.009723685276719962,0
2024-01-30,744.98,745.0,730.1,733.26,283673,743.456,747.2819999999999,767.1605,0.9691009899493002,22.290913332555647,-9.50000291637241,-4.938996337316621,-0.009723685276719962,0.008210038962654547,0.0074811170637959995,-0.1668120552065252,251360.0,0.020320213839565743,0.0009682786460465387,1
2024-01-31,734.0,767.0,726.0,733.97,125804,740.216,744.3820000000001,763.6870000000001,0.9692662046100037,13.883143743536621,-10.222114906813772,-5.995620051216052,0.0009682786460465387,0.007999782679269245,0.007323575519652079,-0.5565175395613964,249257.6,0.05586059375723803,-0.009319181982914926,0
2024-02-01,741.0,746.67,717.0,727.13,341664,735.708,741.982,760.324,0.9676243285757125,13.032398980706148,-11.217021851953746,-7.039900411363591,-0.009319181982914926,0.007193734881078913,0.007241288181763282,1.715843693364281,266873.1,0.04080425783560018,0.01969386492099079,1
2024-02-02,734.0,746.0,723.0,741.45,251072,735.2540000000001,741.1800000000001,757.909,0.9701085486516193,28.287617112540914,-10.726341859092372,-7.777188700909347,0.01969386492099079,0.01022927523401884,0.00900745908066819,-0.2651493865317973,280642.8,0.03102029806460314,0.010843617236496073,1
2024-02-06,743.1,751.0,741.5,749.49,213471,737.0600000000001,741.0640000000001,756.043,0.9748916397612306,37.12010765952671,-9.578300931818148,-8.137411147091107,0.010843617236496073,0.010889959577861782,0.009529263534851147,-0.14976182131022175,296368.8,0.012675285861052182,0.007778622796835277,1
2024-02-07,754.94,758.0,750.0,755.32,155916,741.472,742.4639999999999,754.562,0.9826521876267291,45.52683896620279,-8.104613015215136,-8.130851520715915,0.007778622796835277,0.01020135193106367,0.009796473502849278,-0.26961507652093264,269737.1,0.010591537361648043,-0.011001959434411956,0
2024-02-09,746.1,754.0,720.0,747.01,310675,744.08,742.1479999999999,752.874,0.9883194266238441,47.487191998048296,-7.520559940780117,-8.008793204728756,-0.011001959434411956,0.010277075164518843,0.009982359675344325,0.9925793375920366,260232.9,0.045514785611973065,-0.03365416794955889,0
2024-02-12,745.0,746.49,710.35,721.87,317638,743.028,739.368,749.475,0.9913979785850096,36.914469941209916,-8.982734199376182,-8.20358140365824,-0.03365416794955889,0.014716516636627885,0.01168098907023409,0.022412488935382724,267509.1,0.05006441603058721,0.0011636444235112453,1
2024-02-13,710.5,727.9,698.0,722.71,499121,739.2800000000001,737.267,746.2075,0.9907163892080958,36.7104261796043,-9.958936433895815,-8.554652409705756,0.0011636444235112453,0.014704959751169866,0.011739376992095828,0.5713516644733942,283950.1,0.04137205794855471,0.010543648212976153,1
2024-02-14,729.0,741.98,727.66,730.33,123083,735.4480000000001,736.254,743.728,0.9888668975754579,44.686200560874184,-10.00241184346089,-8.844204296456784,0.010543648212976153,0.015269050826531957,0.01209325290736301,-0.753400478040395,262211.7,0.019607574658031368,-0.00970794024619015,0
2024-02-15,738.0,738.87,720.01,723.24,142380,729.0319999999999,735.2520000000001,741.267,0.9834944763492774,36.753566158386676,-10.488070220260283,-9.172977481217485,-0.00970794024619015,0.015268083112545955,0.01209724592790665,0.15678038396854155,248082.4,0.02607709750566895,-0.02736297771140972,0
2024-02-16,725.0,725.0,700.03,703.45,183662,720.32,732.2,738.291,0.9756586495027029,30.891351083181803,-12.327739088461954,-9.80392980266638,-0.02736297771140972,0.017300111080644644,0.01311881065202605,0.2899424076415227,253868.2,0.03549648162627056,0.010192622076906632,1
2024-02-19,704.0,718.0,693.8,710.62,139861,718.07,730.5490000000001,736.2655,0.9752867681563241,36.45219384413885,-13.056622229207278,-10.45446828797456,0.010192622076906632,0.017741044113008576,0.01318721473057302,-0.23848700329953942,233687.9,0.03405476907489241,-0.015099490585685715,0
2024-02-20,713.0,716.95,697.01,699.89,129391,713.5060000000001,726.393,733.7865,0.9723618518465521,34.35161613823962,-14.334845519201963,-11.230543734220042,-0.015099490585685715,0.016337081899573315,0.01347461235327353,-0.07486003961075638,221519.8,0.028490191315778273,0.03690579948277595,1
2024-02-21,705.01,728.0,705.01,725.72,182507,712.5840000000001,724.016,732.5400000000001,0.9727578016217544,47.45716983677325,-13.112429629377857,-11.606920913251605,0.03690579948277595,0.020742108218163087,0.016193156873773498,0.410507686005982,218423.4,0.03167888441823294,-0.012869977401752775,0
2024-02-22,730.0,730.0,714.0,716.38,152491,711.2120000000001,720.1220000000001,731.2929999999999,0.9725404181360963,44.39416151443687,-12.750338209949973,-11.83560437259128,-0.012869977401752775,0.020574300424753375,0.016209015528863727,-0.16446492463302775,218080.9,0.02233451520142941,0.01700214969708802,1
2024-02-23,720.0,741.0,710.0,728.56,413445,716.234,718.277,730.2125,0.9808569423284319,50.440732293657135,-11.349721420256515,-11.73842778212433,0.01700214969708802,0.02156219379261861,0.016468845175889486,1.7112747637565495,228357.9,0.04254968705391458,0.006958932689140385,1
2024-02-26,729.0,760.0,729.0,733.63,352438,720.836,719.4530000000001,729.4105000000001,0.9882446167144563,47.444110341221055,-9.718586084510775,-11.33445944260162,0.006958932689140385,0.018622373129181486,0.01657299483054462,-0.14755771626213887,231837.9,0.04225563294848902,0.0037075910199964035,1
2024-02-27,733.0,743.5,730.0,736.35,224226,728.128,720.817,729.042,0.9987462999388238,45.550589191385626,-8.112897874630107,-10.690147129007318,0.0037075910199964035,0.018630503710787484,0.0165190903491123,-0.36378597086579767,204348.4,0.01833367284579344,0.03331296258572691,1
2024-02-28,733.0,769.87,733.0,760.88,288583,735.16,723.8720000000001,730.063,1.0069815892601048,51.67107477759074,-4.805616252932964,-9.513240953792447,0.03331296258572691,0.021024571287203853,0.018110733867781805,0.2870184545949177,220898.4,0.0484570497318894,-0.01117127536536644,0
2024-02-29,755.0,780.0,749.0,752.38,268473,742.36,726.786,731.019,1.0155139606494497,51.61212848994296,-2.8377390136780605,-8.17814056576957,-0.01117127536536644,0.021137719911177594,0.018160843341801132,-0.06968532449936415,233507.7,0.04120258380073899,-0.007057603870384566,0
2024-03-01,755.0,758.0,744.02,747.07,170588,746.062,731.1479999999999,731.674,1.0196644953900236,58.58778625954199,-1.687205689319626,-6.879953590479582,-0.007057603870384566,0.01859578990225973,0.018260314212570745,-0.36459904720400194,232200.3,0.018713105866920123,0.022501238170452575,1
2024-03-04,756.0,764.99,748.72,763.88,181396,752.1120000000001,736.4739999999999,733.5115,1.0253581573022374,62.652898149855545,0.5744053846286761,-5.389081795457931,0.022501238170452575,0.019284884544519012,0.018691118356173046,0.06335732876872924,236353.8,0.02129915693564432,-0.00018327485992564174,0
2024-03-05,768.0,772.0,756.02,763.74,167621,757.5899999999999,742.859,734.626,1.0312594435808151,60.76283744604084,2.3286088712305855,-3.8455436621202272,-0.00018327485992564174,0.017874944565238634,0.01825973687622812,-0.07593882996317447,240176.8,0.020923350878571265,-0.0064943567182549344,0
2024-03-06,765.0,768.0,757.06,758.78,100091,757.1700000000001,746.1650000000001,735.0905,1.0300364376903253,61.608309380715966,3.2807784533690665,-2.420279239022369,-0.0064943567182549344,0.015423112657221455,0.01821129853691624,-0.4028731483525334,231935.2,0.01441788133582864,-0.007762460792324455,0
2024-03-07,764.88,764.88,748.02,752.89,204927,757.272,749.816,734.9689999999999,1.0303454975652035,67.76117258226756,3.5195349242368366,-1.2323164063705279,-0.007762460792324455,0.01485550110564855,0.01822820555433926,1.0474068597576207,237178.8,0.02239370957244752,0.006760615760602606,1
2024-03-08,752.89,769.0,752.0,757.98,93203,759.454,752.758,735.5175,1.0325437532077753,67.27206418672502,4.072526063244595,-0.17134791244750325,0.006760615760602606,0.014284411117629979,0.018096388161300027,-0.5451892625178723,205154.6,0.02242803240191034,0.006702023800100099,1
2024-03-11,764.0,774.0,756.01,763.06,388908,759.2900000000001,755.7009999999999,737.577,1.0294382823759418,74.02814758463293,4.864612840948666,0.8358442382317307,0.006702023800100099,0.014278842420612687,0.01619229243784831,3.1726983037026706,208801.6,0.023576127696380376,-0.005700731266217507,0
2024-03-12,768.99,768.99,755.0,758.71,143115,758.284,757.937,739.377,1.0255715284624758,64.99954533054472,5.082747919309895,1.6852249744473637,-0.005700731266217507,0.014608706264418929,0.01630344936024922,-0.6320080841741491,200690.5,0.018439192840479245,-0.004955780205875726,0
2024-03-13,763.99,763.99,753.0,754.95,93099,757.518,757.344,740.608,1.0228325916004148,68.47399176166306,4.895785397578038,2.327337059073499,-0.004955780205875726,0.010141448290519545,0.016272269885150882,-0.3494811864584425,181142.1,0.014557255447380632,0.013444598980064892,1
2024-03-14,710.53,769.0,710.53,765.1,165575,759.96,758.616,742.701,1.0232381537119244,67.8487690504104,5.5031989728870485,2.9625094418362092,0.013444598980064892,0.010313146694992356,0.016235205295104842,0.7784831201194427,170852.3,0.07642138282577444,0.013070186903672676,1
2024-03-15,769.0,779.85,761.01,775.1,358248,763.384,761.4190000000001,746.2835,1.0229142142362788,69.32612545437605,6.714099079207358,3.712827369310439,0.013070186903672676,0.010372496252975778,0.014708644735828452,1.1636599728219839,189618.3,0.02430654109147211,-0.017223584053670526,0
2024-03-18,774.74,778.89,757.86,761.75,83479,763.1220000000001,761.206,748.84,1.0190721649484538,60.77001356852105,6.5213387741397355,4.274529650276298,-0.017223584053670526,0.009987977332794553,0.015454285477005652,-0.7669798575288627,179826.6,0.02760748276993761,0.001509681654086048,1
2024-03-19,768.88,768.88,759.07,762.9,104882,763.96,761.122,751.9905,1.0159170893781237,51.068330865242224,6.387736383854303,4.697170996991899,0.001509681654086048,0.01000327390097335,0.014830662207270515,0.2563878340660526,173552.7,0.012858828155721518,-0.0007864726700747005,0
2024-03-20,769.0,769.77,757.86,762.3,47462,765.4300000000001,761.4739999999999,753.8195,1.0154022282522541,55.724838411819015,6.162404181962756,4.99021763398607,-0.0007864726700747005,0.00975542628532968,0.012732017165420186,-0.5474723975515341,168289.8,0.015623770169224675,-0.01473173291355101,0
2024-03-21,767.0,767.19,745.02,751.07,272994,762.624,761.292,755.554,1.0093573722063547,52.16076058772689,5.019794574418597,4.996133022072576,-0.01473173291355101,0.010622180066689996,0.012856795034496445,4.75184358012726,175096.5,0.02951788781338633,-0.0049529338144247426,0
2024-03-22,756.9,761.99,745.04,747.35,47870,757.074,760.229,756.4934999999999,1.0007673562297628,39.59984899962249,3.770629844013115,4.751032386460684,-0.0049529338144247426,0.010414220591238742,0.012480236738803628,-0.8246481607654381,170563.2,0.0226801364822373,-0.009727704556098171,0
2024-03-25,752.99,752.99,735.15,740.08,119932,752.74,757.931,756.816,0.9946142787678907,36.33949191685911,2.1690263675529877,4.234631182679145,-0.009727704556098171,0.01029590675423329,0.012642067816914947,1.5053687069145605,143665.6,0.02410550210788027,0.014511944654632014,1
2024-03-26,749.4,754.0,743.0,750.82,46839,750.3240000000001,757.142,757.5395000000001,0.9904750841375268,45.69170816193985,1.746242716565007,3.7369534894563174,0.014511944654632014,0.011608380579926275,0.013011215737941124,-0.609453690424574,134038.0,0.014650648624170905,0.012732745531552014,1
2024-03-27,752.05,763.0,752.05,760.38,55438,749.94,757.685,757.5145,0.9900008514688499,53.899010931806366,2.1577228450892108,3.4211073605828966,0.012732745531552014,0.012265047568356688,0.010981055361801332,0.18358632763295546,130271.9,0.01440069438964734,0.012270180699124111,1
2024-03-28,761.0,772.1,761.0,769.71,89014,753.668,758.146,758.381,0.9937854455741904,55.84804068202216,3.1997916313109727,3.376844214728512,0.012270180699124111,0.012135291792837875,0.01097421764659272,0.6056495544572316,122615.8,0.014421015707214433,-0.006145171558119333,0
2024-03-29,770.0,778.98,760.01,764.98,54348,757.1940000000001,757.134,759.2765,0.9972572574022771,50.960576345807524,3.602440490814388,3.4219634699456876,-0.006145171558119333,0.011455422204623013,0.010939941792593225,-0.38944435706742764,92225.8,0.02479803393552776,-0.010889173573165323,0
2024-04-01,756.1,772.0,753.32,756.65,74041,760.508,756.624,758.9150000000001,1.0020990493006463,49.0088529638183,3.2123512440913373,3.380041024774818,-0.010889173573165323,0.010618854408410264,0.010035266997346118,0.3623500404798705,91282.0,0.024687768453049562,0.007321747175047966,1
2024-04-02,759.99,764.7,751.52,762.19,62737,762.7819999999999,756.5530000000001,758.8375000000001,1.0051980825934403,53.42478713339641,3.3120550964410995,3.3664438391080744,0.007321747175047966,0.010903661227312872,0.010184097661698165,-0.15267216812306694,87067.5,0.017292276204096173,0.047848961545021496,1
2024-04-03,762.0,799.95,757.01,798.66,316381,770.438,760.1890000000001,760.8315,1.0126263173909071,62.7101954249356,6.261714181940988,3.9454979076746577,0.047848961545021496,0.018637566513146037,0.014646670284202594,4.042973046208776,113959.4,0.053765056469586625,-0.009490897252898534,0
2024-04-04,801.3,804.99,786.5,791.08,110907,774.712,764.19,762.7410000000001,1.015694711573129,56.165123456790134,7.896669714091104,4.735732268957947,-0.009490897252898534,0.01809227618837216,0.014716367640379875,-0.6494511364462467,97750.7,0.023373110178490177,0.010820650250290775,1
2024-04-08,792.0,801.0,783.04,799.64,116878,781.644,769.4190000000001,764.824,1.0219919876991308,65.1790721897284,9.770476245387158,5.74268106424379,0.010820650250290775,0.017779311125937856,0.014804831031510927,0.05383790022270918,104651.5,0.022460107048171724,-0.003826722024911189,0
2024-04-09,800.0,811.0,794.34,796.58,108312,789.6299999999999,775.0690000000001,766.5,1.0301761252446182,63.289141414141454,10.883111262836906,6.770767103962413,-0.003826722024911189,0.017255389047147428,0.014845221178066071,-0.07329009736648473,103489.5,0.020914409098897746,0.0038163147455372304,1
2024-04-15,789.55,804.0,788.85,799.62,138491,797.1160000000001,779.9490000000001,768.5455000000001,1.0371747671413079,64.4471972746981,11.873316917387683,7.791277066647468,0.0038163147455372304,0.017104348287430998,0.014728859563394807,0.2786302533421967,112654.7,0.01894649958730394,0.0005127435531877556,1
2024-04-16,800.0,812.0,795.5,800.03,256560,797.39,783.914,770.7995,1.0344972979354554,70.68615852628021,12.546517166196622,8.7423250865573,0.0005127435531877556,0.017041689914060035,0.014629075840813499,0.852539154168863,132766.9,0.020624226591502818,0.005149806882241981,1
2024-04-17,800.03,809.0,797.3,804.15,134742,800.004,787.358,772.7520000000001,1.0352661656003477,73.91780360451409,13.259633974623057,9.645786864170452,0.005149806882241981,0.016862376529730317,0.014433787096893597,-0.4748129092609916,137339.7,0.014549524342473476,-0.015395137723061558,0
2024-04-18,805.77,805.77,786.15,791.77,146719,798.4300000000001,790.037,773.5854999999999,1.0321160363010942,70.86798546628988,12.679658437354533,10.25256117880727,-0.015395137723061558,0.01774265763604452,0.014745990134408735,0.08888839411616267,146576.8,0.024779923462621728,-0.004104727382952089,0
2024-04-19,797.0,797.0,787.0,788.52,53963,796.818,793.2239999999999,774.924,1.0282530932065597,66.19972499140599,11.821504857587456,10.566349914563308,-0.004104727382952089,0.017250505993023527,0.014165250175998404,-0.632201691669109,144569.0,0.012681986506366358,0.022497844062293826,1
2024-04-22,788.5,814.0,788.5,806.26,187168,798.146,797.631,777.092,1.027093317136195,68.4197848080938,12.429601000418529,10.939000131734353,0.022497844062293826,0.01819118469350013,0.01489929557393732,2.4684506050441968,157012.1,0.03162751469749212,0.02471907325180478,1
2024-04-23,806.0,834.9,806.0,826.19,383432,803.378,800.384,780.2865,1.0295936172162405,70.89684771348234,14.35423927756051,11.622047960899584,0.02471907325180478,0.01296918570052785,0.01564271216569785,1.0485980509488804,163717.2,0.03497984725063239,0.04080175262348851,1
2024-04-24,825.0,875.0,825.0,859.9,659963,814.528,807.266,785.7280000000001,1.0366539056772828,78.91786497684623,18.387682494380556,12.97517486759578,0.04080175262348851,0.0166217675578752,0.016986329673824088,0.7211995868889398,218622.8,0.058146296080939644,-0.014408652168856784,0
2024-04-25,843.0,873.97,843.0,847.51,232047,825.676,812.053,790.7360000000001,1.0441866817749539,77.01272446188612,20.349865271155522,14.45011294830773,-0.014408652168856784,0.018080914348704916,0.01745929740550903,-0.6483939251139836,230139.7,0.036542341683284005,0.01917381505822946,1
2024-04-26,847.49,866.0,841.0,863.76,221777,840.7239999999999,818.771,796.9200000000001,1.054966621492747,78.38895410587516,22.95157695927071,16.150405750500326,0.01917381505822946,0.018158105336662938,0.017244498253383436,-0.04425827526320103,241486.2,0.028943224969899047,-0.01978558858942303,0
2024-04-29,867.5,870.7,842.0,846.67,128096,848.8059999999999,823.476,801.7125,1.0587411322637479,65.0492132154724,23.365093786605712,17.593343357721405,-0.01978558858942303,0.0202191423453162,0.01822917746807456,-0.4224108000378759,240446.7,0.033897504340534144,-0.010653501364167872,0
2024-04-30,839.99,858.0,834.5,837.65,252683,851.098,827.2379999999999,805.576,1.056508634815337,64.4672258465362,22.70326117227728,18.615326920632583,-0.010653501364167872,0.020849221203807288,0.018534297559570978,0.9726064826380214,240059.0,0.02805467677430908,-0.0010983107503133027,0
2024-05-02,838.1,855.0,832.05,836.73,447573,846.4639999999999,830.4960000000001,808.927,1.046403445551947,62.09640597482228,21.852614409800253,19.26278441846612,-0.0010983107503133027,0.020931017357336365,0.018499777358807173,0.7712825951884377,271342.1,0.027428202646014897,0.014437154159645305,1
2024-05-03,839.79,852.0,837.01,848.81,256691,846.7239999999999,836.2,813.1184999999999,1.0413291543606498,66.08759933468859,21.90076735190746,19.790381005154387,0.014437154159645305,0.019934093700289236,0.018458049375983474,-0.42648238387927784,282339.3,0.017660018143047337,0.013183162309586383,1
2024-05-06,855.0,864.9,850.0,860.0,274088,845.972,843.348,818.286,1.0338341362310977,67.70882214922572,22.581562194277467,20.348617242979003,0.013183162309586383,0.01959558683327073,0.01812368260734405,0.06777409414432145,304351.8,0.017325581395348812,-0.007337209302325509,0
2024-05-07,860.0,870.0,850.0,853.69,182509,847.376,848.091,822.8609999999999,1.0297923950703705,65.21147522394833,22.354246903322064,20.74974317504762,-0.007337209302325509,0.019564198195650848,0.018386444960984526,-0.3341226175534865,303885.9,0.02342770795019269,-0.013564642903161617,0
2024-05-08,857.99,858.79,840.21,842.11,54435,848.268,849.683,825.0334999999999,1.02816188675975,60.32419495213231,20.997640941424493,20.799322728322995,-0.013564642903161617,0.019215774349319464,0.015971592102383584,-0.7017407360732895,270986.2,0.02206362589210427,-0.007124959922100493,0
2024-05-09,848.0,848.0,830.3,836.11,263201,848.144,847.3040000000001,827.2850000000001,1.0252138017732704,62.49295615913447,19.216851188468695,20.48282842035214,-0.007124959922100493,0.01365599339150706,0.0158845058172684,3.8351428308992377,231310.0,0.021169463348124105,0.031239908624463242,1
2024-05-10,844.0,874.0,841.0,862.23,560989,850.8280000000001,848.7760000000001,830.4145000000001,1.0245823019708833,68.39714471122649,19.686296810073372,20.323522098296387,0.031239908624463242,0.016621448447098702,0.017035537943118458,1.131409075193483,264204.2,0.038272850631502035,0.0052074272525892695,1
2024-05-13,864.0,887.0,860.0,866.72,445005,852.1719999999999,849.0719999999999,833.9215,1.0218851534586888,66.15886251870859,20.1879274616432,20.296403170965753,0.0052074272525892695,0.015556422062208768,0.01693905195852762,-0.20674915194415577,286527.0,0.03115192911205464,0.014826010707033488,1
2024-05-14,870.0,882.0,869.0,879.57,311745,857.348,852.3619999999999,837.9190000000001,1.0231872054458724,64.82777777777778,21.375952303053737,20.51231299738335,0.014826010707033488,0.014358083107431297,0.01709848607658154,-0.29945730946843296,304891.9,0.014779949293404732,0.01533703968984823,1
2024-05-15,880.0,913.0,880.0,893.06,443988,867.5380000000001,857.903,842.5705,1.0296325352003186,60.376768056077104,23.139265756545797,21.03770354921584,0.01533703968984823,0.013768900637838805,0.0172185533088947,0.4242024731751912,324022.4,0.03695160459543592,-0.0012541150650571264,0
2024-05-16,893.98,902.0,887.01,891.94,221413,878.7040000000001,863.424,846.96,1.0374799282138472,64.95858864722919,24.16773908043217,21.663710655459106,-0.0012541150650571264,0.013778552010752808,0.01728784679972974,-0.5013085939259619,301406.4,0.016806063188106832,-0.005897257663071587,0
2024-05-17,894.0,903.0,881.1,886.68,139452,883.594,867.211,851.7055,1.037440758572065,58.33333333333332,24.278506054070476,22.186669735181383,-0.005897257663071587,0.01397528355380135,0.016812340834142115,-0.3701724830971984,289682.5,0.0246988767086209,-0.0029322867325302093,0
2024-05-20,889.9,899.0,870.6,884.08,264729,887.066,869.619,856.4834999999999,1.0357070509823016,65.20360887588399,23.88120375644712,22.52557653943453,-0.0029322867325302093,0.013785693248318093,0.016777960146523198,0.898352121159969,288746.6,0.03212378970228936,-0.002239616324314575,0
2024-05-21,884.08,888.88,875.0,882.1,193024,887.5720000000001,872.46,860.2755,1.031729951625962,69.16113458056735,23.139827839432314,22.648426799434088,-0.002239616324314575,0.013457482625548389,0.016394960878193993,-0.2708619002829309,289798.1,0.015735177417526353,-0.007040018138533055,0
2024-05-22,865.75,884.9,865.75,875.89,274529,884.1379999999999,875.838,862.7605,1.0247780235650565,66.14445910290237,21.79989140485452,22.478719720518175,-0.007040018138533055,0.01268155952079247,0.01587679424161767,0.42225319131299743,311807.5,0.02186347600726116,-0.003950267727682699,0
2024-05-23,876.99,879.98,870.05,872.43,42404,880.2360000000001,879.47,863.3870000000001,1.0195150031214277,60.48286880880526,20.225640450073115,22.028103866429163,-0.003950267727682699,0.01240857309802739,0.013203806849354712,-0.8455390869452772,289727.8,0.011382001994429427,0.020689338972754268,1
2024-05-24,873.0,901.0,871.79,890.48,241438,880.9959999999999,882.2949999999998,865.5355,1.0178623522663137,62.751004016064265,20.201647360713423,21.662812565286014,0.020689338972754268,0.01010005948280053,0.013406095568894107,4.693755306103198,257772.7,0.03280253346509752,-0.0028299344173928764,0
2024-05-27,891.8,898.0,887.0,887.96,109209,881.7719999999999,884.4190000000001,866.7455,1.0173366922585696,64.80601399809902,19.751605511662888,21.28057115456139,-0.0028299344173928764,0.010247876879666556,0.012862847866301685,-0.5476726944391521,224193.1,0.012387945402946078,-0.001666741745123712,0
2024-05-29,890.0,893.0,881.16,886.48,235912,882.6479999999999,885.11,868.7359999999999,1.016014071018123,71.00255609201932,19.055856421817907,20.835628208012693,-0.001666741745123712,0.009324047185152192,0.011888890773460004,1.1601882628721074,216609.8,0.013356195289233859,0.012961375327136482,1
2024-05-30,893.0,907.5,881.06,897.97,598327,887.064,885.601,871.7520000000001,1.0175646284723177,77.83477321814256,19.210174298186416,20.51053742604744,0.012961375327136482,0.008935276825953195,0.011698883875028097,1.536229611041405,232043.7,0.029444190785883777,0.0009799881955967482,1
2024-05-31,897.97,902.8,892.0,898.85,193496,892.348,886.292,874.8580000000002,1.0199918158146806,71.32044713553796,19.182358682256677,20.24490167728929,0.0009799881955967482,0.008912110067048055,0.011664627607309908,-0.6766049334226936,229252.0,0.012015352950992885,0.0028147076820381756,1
2024-06-03,901.99,909.0,885.0,901.38,262561,894.528,887.7620000000001,877.4865,1.0194208116022299,70.65061963775022,19.143786804451224,20.02467870272168,0.0028147076820381756,0.008604374586425247,0.011385162248866687,0.3569324430479184,241562.9,0.026625840378086935,0.008209634116576714,1
2024-06-04,902.0,919.0,895.04,908.78,588112,898.692,890.232,879.9255,1.0213273737378903,68.61220848731998,19.485717249994423,19.91688641217623,0.008209634116576714,0.008662152886669345,0.011205544695190101,1.239906155141091,273901.2,0.02636501683575787,0.0011333876185655178,1
2024-06-05,912.88,917.0,905.0,909.81,245445,903.358,893.003,882.7315000000001,1.023366674917571,62.68747159521285,19.613717260035514,19.856252581748087,0.0011333876185655178,0.008508730413161041,0.010958737384584137,-0.5826560247027777,279143.3,0.013189567052461503,0.005770435585451983,1
2024-06-06,909.79,922.98,907.0,915.06,273011,906.7760000000001,896.9199999999998,886.3790000000001,1.023011601132247,66.48132306814932,19.909287441577362,19.866859553713944,0.005770435585451983,0.007736741575826004,0.010226148167417232,0.11231029354845279,278991.5,0.017463335737547287,-0.0045570782243786745,0
2024-06-07,914.99,917.75,893.0,910.89,221783,909.184,900.766,890.118,1.0214196320038467,67.53077480086898,19.58132348191259,19.809752339353675,-0.0045570782243786745,0.0078116264665762,0.010091554360079375,-0.187640791030398,296929.4,0.027171228139511908,-0.009463272184347171,0
2024-06-10,921.0,921.01,899.0,902.27,298509,909.3619999999999,901.945,892.1200000000001,1.0193269963682012,62.115358998268235,18.413587348478245,19.53051934117859,-0.009463272184347171,0.006516124458465337,0.008332073724415724,0.34595077170026567,302636.5,0.024394028395048038,-0.006461480488102134,0
2024-06-11,909.97,914.0,890.0,896.44,268849,906.8939999999999,902.793,893.606,1.0148700881596586,59.085149518499776,16.823781690106898,18.98917181096425,-0.006461480488102134,0.006865860271663216,0.008524463476554065,-0.09936048829348532,318600.5,0.02677256704296997,-0.0066038998705993945,0
2024-06-12,901.99,906.9,888.0,890.52,251016,903.0360000000001,903.1970000000001,894.1535,1.009933976660607,59.3030649879181,14.914232736224903,18.17418399601638,-0.0066038998705993945,0.007243809825682099,0.008128199060156322,-0.06633091437944716,320110.9,0.021223554776984208,0.07493374657503482,1
2024-06-13,899.7,961.99,892.04,957.25,1082726,911.4739999999999,909.125,897.3629999999999,1.0157249630305685,79.88724453840734,18.571375490463083,18.25362229490572,0.07493374657503482,0.02466660814088053,0.018324649263458916,3.313374446250438,368550.8,0.07307390963698099,-0.011292765735178789,0
2024-06-14,975.0,975.0,941.0,946.44,100018,918.5840000000001,913.884,900.0880000000001,1.0205491018655954,70.77825634932427,20.362682486057565,18.675434333136092,-0.011292765735178789,0.025279184572549768,0.018600869965970632,-0.9076239048475792,359203.0,0.03592409450150036,0.0048708845779974475,1
2024-06-20,950.15,966.0,950.0,951.05,165345,928.3399999999999,918.851,903.3065,1.0277131848381473,73.06764168190129,21.90182406396127,19.32071227930113,0.0048708845779974475,0.025263740369051064,0.01848134449417277,0.6531524325621387,349481.4,0.01682351085642185,-0.035360916881341686,0
2024-06-21,957.93,957.94,914.95,917.42,247404,932.5360000000001,919.7149999999999,904.9735000000001,1.0304566929307875,59.15926583777382,20.17537573822824,19.491644971086554,-0.035360916881341686,0.028343446216646168,0.020412384971642352,0.4962895763403792,315410.6,0.046859671687994604,-0.01860652699962928,0
2024-06-24,905.51,917.41,897.0,900.35,130452,934.5020000000001,918.769,905.8860000000001,1.0315889637327433,50.68202659330582,17.23111707005296,19.039539390879835,-0.01860652699962928,0.0290350590757711,0.0209150833334851,-0.4727166901101033,303911.3,0.022668962070305956,0.004487143888487699,1
2024-06-25,900.0,913.39,889.99,904.39,455950,923.93,917.702,907.311,1.0183167623890814,51.55933348344967,15.050274899031933,18.241686492510254,0.004487143888487699,0.029006217625207074,0.020833962053396198,2.495155306166253,322205.2,0.025873793385596897,-0.0026537223985226843,0
2024-06-26,904.4,913.45,900.0,901.99,133057,915.04,916.8119999999999,908.789,1.0068783843114297,50.17182130584193,12.9786717747387,17.189083548955946,-0.0026537223985226843,0.028985101424081144,0.020817128633281605,-0.7081763351244654,313332.6,0.01491147351966213,0.0010975731438265246,1
2024-06-27,902.99,914.5,900.0,902.98,111105,905.426,916.883,909.414,0.995614758514824,48.30508474576272,11.286690161406568,16.00860487144607,0.0010975731438265246,0.028818810391890493,0.020340330404464202,-0.1649819250396447,294592.2,0.01605794148264635,0.00415291590068434,1
2024-06-28,910.0,911.4,895.01,906.73,81042,903.2880000000001,917.912,910.3525000000002,0.9922398191909177,49.11402600391211,10.131585590717123,14.833201015300283,0.00415291590068434,0.028731674270170156,0.020333079912438823,-0.2705818820035102,275811.5,0.01807594322455415,-0.008536168429411184,0
2024-07-01,906.0,912.0,895.0,898.99,341903,903.016,918.759,910.9780000000001,0.9912599426111277,45.44268617775511,8.493693569912466,13.56529952622272,-0.008536168429411184,0.028798668018333303,0.020442442936424523,3.218837146171121,284900.2,0.018910110234819075,0.002958876072036265,1
2024-07-02,900.0,909.88,900.0,901.65,194171,902.4680000000001,913.199,911.162,0.9904583378147904,47.356979405034316,7.325844339140531,12.317408488806283,0.002958876072036265,0.01303150561210103,0.020253150005422146,-0.4320874634033629,196044.7,0.010957688681861028,0.012776576276825713,1
2024-07-03,908.84,917.0,900.11,913.17,103739,904.7040000000001,909.872,911.8779999999999,0.9921327195085309,53.0669667979741,7.246351701479966,11.303197131341019,0.012776576276825713,0.014101283903677667,0.020442018348061402,-0.4657338119492612,196416.8,0.018496008410263134,0.01419231906435825,1
2024-07-04,912.99,939.0,912.0,926.13,383353,909.3340000000001,907.3799999999999,913.1155000000001,0.9958586838138219,58.031704809825236,8.135337792184828,10.669625263509781,0.01419231906435825,0.014994537743573767,0.020652887129665988,2.695360471953653,218217.6,0.0291535745521687,-0.0076231198643818,0
2024-07-05,931.0,931.0,912.0,919.07,124806,911.802,907.5450000000001,913.6299999999999,0.9979991900441099,57.675969242350945,8.175935580717919,10.170887326951409,-0.0076231198643818,0.009976207433062526,0.02068769052642329,-0.674435833292031,205957.8,0.020673071692036513,0.009901313284080615,1
2024-07-08,916.0,937.99,916.0,928.17,171837,917.6379999999999,910.327,914.548,1.0033787182302076,38.67071840423869,8.840495835771321,9.904809028715393,0.009901313284080615,0.007842058496403619,0.02078865776324291,0.37683284457478017,210096.3,0.02369178060053655,-0.004621998125343363,0
2024-07-09,934.99,938.75,920.0,923.88,92486,922.0840000000001,912.2760000000001,914.9889999999999,1.0077541915804453,40.740436709899804,8.918194088753125,9.70748604072294,-0.004621998125343363,0.008181548817722468,0.020798262005792264,-0.46178064095625504,173749.9,0.020294843486167034,-0.014536519894358557,0
2024-07-10,920.8,929.87,908.2,910.45,70321,921.54,913.1220000000001,914.967,1.0071838656476135,34.46111451316595,7.806097915576515,9.327208415693656,-0.014536519894358557,0.009684049579504866,0.02104870641437682,-0.23965789416776595,167476.3,0.02380141688176172,-0.004459333296721435,0
2024-07-11,918.4,918.4,905.53,906.39,49481,917.592,913.463,915.173,1.0026432160913838,44.543385772237066,6.521964470317471,8.76615962661842,-0.004459333296721435,0.009834573129242588,0.02095758379778043,-0.2963552850499851,161313.9,0.014199185780955224,-0.0034753251911429084,0
2024-07-12,901.82,909.9,890.11,903.24,65700,914.426,913.1139999999999,915.5130000000001,0.9988126875314713,51.65806081468732,5.190270580495621,8.05098181739386,-0.0034753251911429084,0.009808707950222248,0.020916494135038433,0.3277823811159839,159779.7,0.02191001284265529,0.023515344758868073,1
2024-07-15,911.7,930.0,908.0,924.48,172639,913.6879999999999,915.6629999999999,917.211,0.9961590081235396,59.62625778629615,5.782131258492768,7.597211705613642,0.023515344758868073,0.011856629581484628,0.02144951823687902,1.6276864535768647,142853.3,0.023797161647628937,0.0034073208722740222,1
2024-07-18,925.0,930.0,920.13,927.63,46238,914.4380000000001,918.2610000000001,915.7300000000001,0.9985891037751302,62.197906755471,6.431228584462019,7.364015081383318,0.0034073208722740222,0.011857881277171644,0.012938533169043845,-0.7321694402771101,128060.0,0.01064001811066913,7.546112135226046e-05,1
2024-07-19,929.0,937.0,920.0,927.7,120286,917.8879999999999,919.7139999999999,914.793,1.0033832790587596,61.86408139758114,6.8720743118230985,7.265626927471274,7.546112135226046e-05,0.011352817020277049,0.01273331469991164,1.6014533500583936,129714.7,0.01832488951169559,-0.019435162229168967,0
2024-07-22,921.0,927.7,899.9,909.67,146243,918.5440000000001,918.0679999999999,912.7239999999999,1.0063765168879093,51.24092520682084,5.70086142799687,6.952673827576394,-0.019435162229168967,0.012171615717709363,0.013298702606347591,0.21579402424222272,106003.7,0.030560532940516968,-0.002220585487044735,0
2024-07-23,914.5,915.94,896.01,907.65,130416,919.426,916.926,912.2355,1.007882284782822,53.84069540535745,4.557137813284044,6.473566624717924,-0.002220585487044735,0.011999422638701768,0.010764296910215685,-0.10822398337014416,106564.7,0.02195780311794201,0.005464661488459255,1
2024-07-24,908.99,914.88,901.0,912.61,35821,917.052,915.3699999999999,912.8484999999998,1.004604816680972,54.76356050069543,4.00479437938327,5.979812175650994,0.005464661488459255,0.011619997219443182,0.009945475810026526,-0.7253327812538339,92963.1,0.015209125475285166,-0.010113849289400734,0
2024-07-25,902.0,914.0,899.95,903.38,38839,912.202,913.32,912.798,0.9993470625483404,45.65853658536587,2.7901116960777017,5.341872079736336,-0.010113849289400734,0.011903509516594803,0.010187601908393105,0.08425225426425831,87598.4,0.015552702074431528,-0.002944497332241114,0
2024-07-26,904.0,909.9,891.1,900.72,112225,906.8059999999999,912.347,912.7345000000001,0.9935046829061461,37.598828696925345,1.594447352222005,4.59238713423347,-0.002944497332241114,0.011103824106887344,0.010191784966123333,1.889492520404748,91788.8,0.020872191135980055,0.0021427302602361475,1
2024-07-29,896.0,914.0,896.0,902.65,71928,905.402,911.973,912.7180000000001,0.991984380717812,41.56391286477594,0.7934630674094478,3.832602320868666,0.0021427302602361475,0.011072743213663675,0.010200499159298453,-0.3590732902650925,94033.5,0.019941283997119592,-0.008098377001052426,0
2024-07-30,907.0,909.79,894.07,895.34,48696,902.9399999999999,911.183,912.1484999999999,0.989904604348963,32.81691615199418,-0.42626493997818216,2.9808288686992963,-0.008098377001052426,0.011311280664885221,0.010307244579977162,-0.3229896563229897,92333.1,0.01755757589295677,-0.02718520338642305,0
2024-07-31,902.99,902.99,862.1,871.0,99298,894.618,905.835,910.749,0.9822882045437327,27.124069908288647,-3.3186869977323568,1.7209256954129657,-0.02718520338642305,0.010526662005660496,0.011800171416469322,1.0391407918514868,84999.0,0.04694603903559126,0.011182548794489211,1
2024-08-01,889.77,889.77,852.26,880.74,108380,890.0899999999999,901.146,909.7035,0.9784396784226949,36.72356778979355,-4.770029783747873,0.42273459958079806,0.011182548794489211,0.011529158739750113,0.01210361110788306,0.09146206368708332,91213.2,0.04258918636601039,0.0060857914935168456,1
2024-08-02,880.0,890.0,872.02,886.1,75702,887.1659999999999,896.9860000000001,908.35,0.9766785930533384,41.03719409841861,-5.425184048760002,-0.746849130087362,0.0060857914935168456,0.011977648807376822,0.011788154783719411,-0.30151319431629453,86754.8,0.02029116352556147,-0.01851935447466424,0
2024-08-05,899.98,900.0,861.2,869.69,77775,880.574,892.9879999999999,905.528,0.9724425970262652,36.73388691182288,-7.18571591965258,-2.0346224880004056,-0.01851935447466424,0.011853730460529859,0.011774769222361486,0.02738368867401131,79908.0,0.04461359794869431,-0.016408145431130783,0
2024-08-06,868.0,879.0,851.28,855.42,75301,872.5899999999999,887.765,902.3455,0.9670242717451352,21.09976565115501,-9.621509084372974,-3.5519998072749193,-0.016408145431130783,0.01239771683949352,0.012112464036973261,-0.03180970748955325,74396.5,0.0324051343199832,0.0012274672090903938,1
2024-08-07,848.0,864.0,848.0,856.47,80785,869.684,882.1510000000001,898.7605000000001,0.9676482221904499,19.68819219628564,-11.336486531554215,-5.108897152130778,0.0012274672090903938,0.012035568252948095,0.011756979907367349,0.07282771809139321,78892.9,0.01868133151190351,0.015587235980244474,1
2024-08-08,862.0,872.0,862.0,869.82,104008,867.5,878.7950000000001,896.0575000000001,0.9681298354179279,27.850910760753138,-11.4859818359663,-6.384314088897883,0.015587235980244474,0.013744687429226524,0.012538296324244885,0.28746673268552336,85409.8,0.011496631486974315,0.01108275275344317,1
2024-08-09,880.0,885.5,870.0,879.46,188461,866.1719999999999,876.6690000000001,894.508,0.9683222508909924,37.64619285188521,-10.703210557816533,-7.248093382681613,0.01108275275344317,0.014523290036092795,0.012599234211250074,0.8119856164910391,93033.4,0.017624451367884836,-0.02143360698610508,0
2024-08-12,880.02,890.0,858.01,860.61,75059,864.3560000000001,872.4650000000001,892.219,0.9687711200949544,33.09130122214238,-11.471658011598834,-8.092806308465057,-0.02143360698610508,0.015597598684394207,0.01334761076865832,-0.60172661717809,93346.5,0.037171308722882615,0.00909819778993981,1
2024-08-13,861.0,871.0,851.2,868.44,47690,866.96,869.775,890.4789999999999,0.9735883721008582,34.44389659787282,-11.31837145246402,-8.73791933726485,0.00909819778993981,0.016114322760334504,0.013593258317230813,-0.36463315525120243,93245.9,0.022799502556307808,-0.023421307171479944,0
2024-08-15,855.02,872.68,844.1,848.1,52423,865.2860000000001,867.485,886.6600000000001,0.9758938037128099,31.944081525999508,-12.691854957957162,-9.528706461403313,-0.023421307171479944,0.015517700850145314,0.013018667589285986,0.09924512476410152,88558.4,0.033698856266949566,0.01964390991628351,1
2024-08-16,850.0,875.89,850.0,864.76,53771,864.2740000000001,865.887,883.5165,0.9782205538889202,39.23868805362701,-12.294306650774274,-10.081826499277506,0.01964390991628351,0.016546398757479604,0.01398946846122577,0.025713904202353977,83097.5,0.029938942596789846,-0.013576021092557511,0
2024-08-19,865.0,869.89,850.6,853.02,40874,858.9860000000001,862.5790000000001,879.7825,0.976361771233231,35.9715077166601,-12.77925533716052,-10.62131226685411,-0.013576021092557511,0.016685283171457125,0.014142685089817687,-0.2398504770229306,79614.7,0.022613772244495983,-0.004103069095683587,0
2024-08-20,855.55,856.0,839.01,849.52,38419,856.768,860.5619999999999,876.775,0.9771811468164581,36.76334642939681,-13.292770628920039,-11.155603939267296,-0.004103069095683587,0.01586240760108237,0.013675045230597944,-0.06006263150168811,75679.1,0.01999952914587062,0.00041199736321684277,1
2024-08-21,852.0,854.8,845.2,849.87,31554,853.0540000000001,860.007,873.8860000000001,0.9761616503754494,42.9136763029043,-13.515692630966328,-11.627621677607102,0.00041199736321684277,0.0150636468056669,0.013698888868241195,-0.17868762851713993,71304.4,0.01129584524692001,0.014049207525856922,1
2024-08-22,856.97,864.99,850.01,861.81,56525,855.7959999999999,860.5409999999999,871.3460000000001,0.9821540467277061,43.743803291691435,-12.583843001447235,-11.81886594237513,0.014049207525856922,0.01576111192706781,0.01411270297242284,0.7913735184128796,68878.4,0.017382021559276428,-0.013750130539213923,0
2024-08-23,856.0,864.0,847.0,849.96,29739,852.836,858.555,868.675,0.9817664834374191,38.547344403599965,-12.655654909927307,-11.986223735885565,-0.013750130539213923,0.015415767644518096,0.014235257851563536,-0.47387881468376825,61451.5,0.02000094122076333,-0.011765259541625439,0
2024-08-26,850.0,857.0,838.03,839.96,24791,850.2239999999999,854.6049999999999,865.637,0.98219461506382,40.17969214507498,-13.365414611329925,-12.262061910974438,-0.011765259541625439,0.014913384565869393,0.014371189847923346,-0.16638084669962006,45084.5,0.022584408781370573,-0.006512214867374633,0
2024-08-27,847.99,847.99,833.0,834.49,30752,847.2180000000001,851.993,862.229,0.9825904719047956,42.659746089640194,-14.205535008595803,-12.650756530498713,-0.006512214867374633,0.013728555750909447,0.014326139209998227,0.24045016336573766,40653.8,0.01796306726263947,-0.005260698150966414,0
2024-08-28,830.0,834.8,827.0,830.1,40694,843.2639999999999,848.159,858.967,0.9817187389038228,40.96360770337879,-15.052061986412923,-13.131017621681556,-0.005260698150966414,0.013057998990271834,0.014295557876601531,0.32329604578564,39954.2,0.009396458258041146,-0.0004939163956149129,0
2024-08-29,830.0,836.55,829.0,829.69,14635,836.8400000000001,846.318,856.9015000000002,0.9765883243289922,34.910130104534844,-15.576468456367365,-13.62010778861872,-0.0004939163956149129,0.011238738819728445,0.01318859318803504,-0.6403646729247555,36175.4,0.009099784256770545,0.00010847424941839989,1
2024-08-30,830.0,835.0,828.51,829.78,19073,832.8040000000001,842.82,854.3534999999999,0.9747768341792948,29.873602333495327,-15.802639127056977,-14.056614056306373,0.00010847424941839989,0.008362003901860387,0.01281808371031957,0.3032456440040998,32705.6,0.007821350237412338,-0.0025910482296511717,0
2024-09-02,839.99,839.99,826.55,827.63,19952,830.3380000000001,840.281,851.4300000000001,0.9752275583430229,34.54835082458767,-15.971261286405706,-14.43954350232624,-0.0025910482296511717,0.00767017957928156,0.012643686330528935,0.04608609028469557,30613.4,0.016239140678805813,-0.00022957118519140174,0
2024-09-03,830.0,830.0,821.01,827.44,13039,828.9280000000001,838.073,849.3175000000001,0.975993076794014,29.30964876867172,-15.936520684340962,-14.738938938729184,-0.00022957118519140174,0.00770548647633356,0.012138694826319582,-0.34648155573376105,28075.4,0.010864836121048061,0.01748767282219843,1
2024-09-04,834.98,844.98,825.1,841.91,126252,831.29,837.277,848.642,0.9795532156079948,46.679540821800195,-14.573387498286365,-14.70582865064062,0.01748767282219843,0.009998714048918316,0.01244481171740452,8.682644374568602,37545.2,0.02361297525863809,-0.0005820099535579493,0
2024-09-05,845.0,845.0,832.7,841.42,52801,833.6360000000001,835.2379999999999,847.8895,0.9831894368310966,34.85202492211829,-13.378415486439621,-14.440346017800422,-0.0005820099535579493,0.008531692644805381,0.012436467835991427,-0.5817808826790862,37172.8,0.014618145515913521,0.001497468565044846,1
2024-09-06,844.92,849.0,839.01,842.68,36093,836.216,834.51,846.5324999999999,0.9878132263084998,42.23257211538454,-12.18921045736954,-13.990118905714247,0.001497468565044846,0.00757898866416499,0.011843515410613783,-0.316433400882559,37808.2,0.011855033939336415,0.012863720510751353,1
2024-09-09,848.0,860.0,841.04,853.52,32658,841.394,835.866,845.2355,0.9954551128058393,52.70635994587282,-10.253859389495688,-13.242867002470536,0.012863720510751353,0.007633635367670288,0.01194945693893988,-0.0951708087440778,38594.9,0.022213890711406923,0.02640828568750586,1
2024-09-10,845.45,888.99,845.45,876.06,179821,851.118,840.0229999999999,846.008,1.006040132008208,63.627848891664094,-6.822642918774022,-11.958822185731234,0.02640828568750586,0.01034850048164666,0.012509332235674617,4.506185314471186,53501.8,0.049699792251672224,0.003333105038467732,1
2024-09-11,885.2,888.0,871.02,878.98,289411,858.5319999999999,844.9109999999998,846.5350000000001,1.0141718889354838,59.859882852877064,-3.8236825167125517,-10.331794251927498,0.003333105038467732,0.009748475868227517,0.012377765003655734,0.6094393869459074,78373.5,0.019317845684771004,-0.026553505199208183,0
2024-09-12,864.74,881.48,850.0,855.64,274866,861.376,847.506,846.912,1.017078515831633,52.881493506493484,-3.292375278439863,-8.92391045722997,-0.026553505199208183,0.01411653765470453,0.01271395220044855,-0.05025724661467601,104396.6,0.03679117385816467,-0.0046281146276472285,0
2024-09-13,867.88,872.0,850.06,851.68,219058,863.1759999999998,849.6959999999999,846.258,1.0199915392232626,56.333765672287036,-3.1544864133720694,-7.7700256484583905,-0.0046281146276472285,0.014308987816769004,0.011926389600851826,-0.20303711626756316,124395.1,0.025760849145218926,-0.006845294007138736,0
2024-09-16,855.79,856.0,841.15,845.85,90724,861.642,851.518,845.8995000000001,1.018610366834358,56.11541774332474,-3.475576488736465,-6.9111358165140055,-0.006845294007138736,0.014545090369364962,0.011635171753535562,-0.5858448447443143,131472.3,0.017556304309274722,0.011337707631376759,1
2024-09-18,847.0,860.02,847.0,855.44,128004,857.518,854.318,846.1955,1.0133804776792124,62.91802610114197,-2.9225208328113013,-6.1134128197734645,0.011337707631376759,0.014781792168057018,0.011883209059253243,0.4109166262510471,142968.8,0.015220237538576617,0.012929018984382257,1
2024-09-19,856.99,883.8,855.0,866.5,218039,855.0220000000002,856.777,847.027,1.0094388962807563,66.92725098868758,-1.5736308364847673,-5.205456423115725,0.012929018984382257,0.014364558381417836,0.012208252261125426,0.7033764569857193,152147.5,0.0332371609924985,0.028574725908828702,1
2024-09-20,879.49,900.2,860.7,891.26,796606,862.146,861.7609999999999,848.4994999999999,1.0160830972793737,73.04347826086959,1.4762816203124203,-3.869108814430096,0.028574725908828702,0.016379819612699048,0.01339708324187759,2.653502355083265,226528.0,0.04431927832506788,-0.004600228889437452,0
2024-09-23,887.0,895.0,880.5,887.16,70106,869.242,866.2090000000001,850.3594999999999,1.0222053143405818,71.99113409678611,3.5219249226997817,-2.3909020670041206,-0.004600228889437452,0.016672464557865675,0.012989347407861935,-0.9119941351182391,229929.3,0.016344289643356328,-0.0022769286261778987,0
2024-09-24,893.99,893.99,875.0,885.14,239434,877.1,869.3709999999999,852.6184999999999,1.028713310818379,71.03076250182241,4.92336141405508,-0.9280493707922804,-0.0022769286261778987,0.016594741158876092,0.012619531490932359,2.4153139531566485,250606.9,0.021454233228641807,0.0124839008518427,1
2024-09-25,898.95,899.0,876.89,896.19,225962,885.25,871.384,855.7035,1.0345288993208512,70.29007177033495,6.846727765811579,0.6269060565284916,0.0124839008518427,0.014990593455779818,0.012604676391798684,-0.05626602738124076,255221.0,0.0246711076892177,-0.0059920329394436145,0
2024-09-26,900.0,902.89,885.1,890.82,257603,890.1139999999999,872.568,858.7395,1.0365355267808223,67.81592613964226,7.847237269144216,2.0709722990516366,-0.0059920329394436145,0.01521279675697161,0.01263291078661781,0.1400279693045734,252040.2,0.01997036438337707,0.005668934240362855,1
2024-09-27,890.0,899.5,883.16,895.87,178960,891.0360000000001,876.591,862.0485000000001,1.0336262982883213,68.67233026749983,8.944534033645255,3.4456846459703603,0.005668934240362855,0.011609828988397596,0.012602624910322451,-0.30528759370038394,242449.6,0.018239253463114103,-0.013205040909953447,0
2024-09-30,899.9,899.9,880.0,884.04,265961,890.412,879.827,864.7615000000002,1.0296619356897825,60.64007809231626,8.758603760435221,4.508268468863333,-0.013205040909953447,0.012643470317073085,0.013154079089329926,0.4861477425122933,247139.9,0.022510293651870933,0.006085697479752072,1
2024-10-01,886.0,900.0,884.0,889.42,274590,891.268,884.184,867.851,1.026982742429288,55.29067004593695,8.942292534866738,5.395073282064015,0.006085697479752072,0.012081684022269638,0.013094102928875825,0.03244460654005654,265526.5,0.017989251422275192,0.0063974275370466405,1
2024-10-02,898.93,898.93,871.11,895.11,320925,891.052,888.1510000000001,871.2344999999999,1.0227464591909528,56.25048438347671,9.43820490759947,6.203699607171106,0.0063974275370466405,0.011897913772838352,0.01307358631970839,0.1687424888014859,284818.6,0.03107997899699471,0.006479650545742954,1
2024-10-03,898.47,906.0,890.0,900.91,884628,893.07,891.592,874.1845,1.0216035630922307,70.30226926181719,10.181860414354787,6.999331768607842,0.006479650545742954,0.011566852619259898,0.012703191303238846,1.7564945080626315,351477.5,0.01775982062581168,0.03477594876291756,1
2024-10-04,905.84,944.0,900.0,932.24,835312,900.344,895.6899999999999,878.7254999999999,1.0246021083944874,79.00763358778627,13.147723157090695,8.229010046304413,0.03477594876291756,0.01309792685614121,0.014450037027340374,-0.055747726728071045,355348.1,0.04719814640006865,-0.006918819188191927,0
2024-10-07,933.0,941.0,922.11,925.79,183827,908.6940000000001,899.5530000000001,882.881,1.0292372358222683,78.6564381990249,14.807043275677643,9.544616692179059,-0.006918819188191927,0.013297526423500735,0.014685297530446215,-0.7799301338900914,366720.2,0.020404195335875293,-0.02262932198446721,0
2024-10-08,926.0,935.0,896.0,904.84,666169,911.778,901.5229999999999,885.4469999999999,1.0297375224039385,66.37496685229381,14.267114100488698,10.489116173840987,-0.02262932198446721,0.015754922980493396,0.015766364702516227,2.623890940939035,409393.7,0.043101542814199194,-0.017096945316299017,0
2024-10-09,911.7,915.0,884.5,889.37,208110,910.6299999999999,900.841,886.1125,1.0276686086698923,57.36553945249597,12.44743039798459,10.880779018669708,-0.017096945316299017,0.016397327649289306,0.015368937685807807,-0.6876017947397732,407608.5,0.03429393840583784,-0.017518018372555955,0
2024-10-10,889.0,889.11,871.0,873.79,398049,905.2059999999999,899.1380000000001,885.8529999999998,1.0218467398089752,44.01999041555418,9.637052221971658,10.632033659330098,-0.017518018372555955,0.01720048470420663,0.01589112212246973,0.9126855989620875,421653.1,0.020725803682807097,-0.03281108733219651,0
2024-10-11,876.69,876.7,827.0,845.12,980211,887.7819999999999,894.0629999999999,885.3269999999999,1.0027729867043478,37.68166901078296,5.038299494645571,9.513286826393193,-0.03281108733219651,0.019495998193328565,0.016488175554983515,1.4625385316883097,501778.2,0.058808216584627086,-0.0006389625141991484,0
2024-10-14,845.99,850.5,830.65,844.58,381088,871.5400000000002,890.117,884.972,0.9848221186659015,38.01135020099317,1.3347946570579552,7.877588392526146,-0.0006389625141991484,0.019358997955660068,0.01645957855853195,-0.611218400936125,513290.9,0.023502806128489925,-0.000473608183949481,0
2024-10-15,845.01,851.86,835.6,844.18,231507,859.408,885.5930000000001,884.8885,0.9712048467123259,33.59409500977854,-1.6139318642093485,5.9792843411790475,-0.000473608183949481,0.019073734699561348,0.016387524944212833,-0.392510391300697,508982.6,0.019261294984481973,-0.004311876613992238,0
2024-10-16,847.0,853.96,839.2,840.54,74381,849.642,880.1360000000001,884.1435000000001,0.9609774883828246,33.96479142747798,-4.1961656701685115,3.9441943389095355,-0.004311876613992238,0.018656069718421844,0.01619156193058846,-0.678709499064823,484328.2,0.01756013991005781,9.51769100816513e-05,1
2024-10-17,845.0,855.0,838.0,840.62,51916,843.008,874.107,882.8495,0.9548716967048178,31.802911534154546,-6.165082006231501,1.9223390698813283,9.51769100816513e-05,0.018282700528422242,0.015871906193526967,-0.3020260550409378,401057.0,0.02022316861364231,-0.0034260426827817936,0
2024-10-18,844.9,846.99,833.0,837.74,50103,841.5319999999999,864.6569999999999,880.1735000000001,0.9560978602514162,33.79532409351816,-7.867166520169917,-0.03556204812892072,-0.0034260426827817936,0.011298028773053932,0.01421846911110587,-0.03492179674859386,322536.1,0.016699692028553023,0.00803351875283509,1
2024-10-21,842.7,846.85,838.1,844.47,39577,841.51,856.525,878.039,0.9583970643673003,34.41508910616466,-8.574188102085486,-1.743287258920234,0.00803351875283509,0.012733594542112628,0.014422604124530542,-0.21008722032612814,308111.1,0.010361528532689141,0.026122893649271006,1
2024-10-22,847.0,873.0,840.0,866.53,235108,845.9799999999999,852.6940000000001,877.1084999999999,0.9645100919669573,41.10100884294432,-7.270638764815999,-2.8487575600993873,0.026122893649271006,0.015906179732742085,0.01576702464684123,4.9405210096773375,265005.0,0.0380829284617959,-0.0033813024361533106,0
2024-10-23,871.99,880.0,851.0,863.6,210643,850.592,850.117,875.479,0.971573275886686,38.17132711939639,-6.400215338011662,-3.5590491156818427,-0.0033813024361533106,0.015248513990230163,0.015451845666817272,-0.10405856032121408,265258.3,0.033580361278369615,0.03061602593793422,1
2024-10-24,863.64,892.0,863.6,890.04,398823,860.476,851.742,875.4400000000002,0.9829068811112125,36.19290668760631,-3.5361489456377058,-3.554469081673015,0.03061602593793422,0.01752444124840165,0.017010910722937082,0.8933598553001998,265335.7,0.031908678261651134,0.021729360478180748,1
2024-10-25,906.99,920.9,897.0,909.38,554860,874.8040000000001,858.168,876.1154999999999,0.9985030512529458,45.04857884255628,0.2908677315285786,-2.7854017190326963,0.021729360478180748,0.013522968072945674,0.017654860600251888,0.3912437346893234,222800.6,0.026281642437704787,0.007345664078822978,1
2024-10-28,915.0,944.99,902.0,916.06,277842,889.122,865.316,877.7164999999999,1.0129945147436559,53.704437400950845,3.8188053819405923,-1.4645602988380384,0.007345664078822978,0.013225629272861465,0.017386959095547744,-0.4992574703528818,212476.0,0.04692924044276577,0.0029146562452242453,1
2024-10-29,910.0,940.0,910.0,918.73,289848,899.5619999999999,872.771,879.182,1.0231806383661175,60.588574725908835,6.752331399990567,0.17881804092768272,0.0029146562452242453,0.01301953115464174,0.01736144854918703,0.0432116094758892,218310.1,0.03265377205490187,-0.019592263232941165,0
2024-10-30,921.0,928.9,890.01,900.73,199515,906.988,878.79,879.463,1.0312975076836661,59.54912803062529,7.537830913847529,1.650620615511652,-0.019592263232941165,0.015382209728648951,0.01795885560829553,-0.3116564544174878,230823.5,0.043176090504368665,-0.01946199193987097,0
2024-10-31,904.7,908.0,878.0,883.2,238326,905.6200000000001,883.048,878.5775,1.030779868594404,64.65517241379312,6.668944995486413,2.654285491506604,-0.01946199193987097,0.017466201490412513,0.01843221999409501,0.19452672731373588,249464.5,0.033967391304347824,0.04439538043478253,1
2024-11-01,886.99,938.96,879.0,922.41,289426,908.226,891.515,878.086,1.0343246561270765,73.0826264903019,9.04005779454269,3.9314399521138217,0.04439538043478253,0.021053661295071295,0.019504572590496795,0.21441219170380066,273396.8,0.06500363179063544,0.03931006819093463,1
2024-11-04,922.0,970.95,922.0,958.67,364382,916.7479999999999,902.9350000000001,879.7300000000001,1.0420788196378432,77.99951088285647,13.687282263381235,5.882608414367304,0.03931006819093463,0.02298476628063474,0.021338240657919914,0.25898157041869085,305877.3,0.051060323156039145,0.029301010775345082,1
2024-11-05,973.9,993.0,963.0,986.76,413402,930.354,914.958,883.826,1.0526438461869192,81.93971166448233,19.413087391236104,8.588704209741064,0.029301010775345082,0.023207275821262363,0.02134803969561705,0.13452914798206272,323706.7,0.030402529490453606,0.015059386274271391,1
2024-11-06,996.95,1018.0,986.0,1001.62,440970,950.5319999999999,928.7599999999999,889.4385,1.0686877170259663,83.03512803676955,24.86329839008272,11.843623045809395,0.015059386274271391,0.022453337272090264,0.020836083302780323,0.06668569576344585,346739.4,0.03194824384497115,0.014466564166051077,1
2024-11-07,1020.0,1030.0,1005.0,1016.11,121116,977.1139999999999,941.367,896.5545,1.0898545487195703,84.93478005405619,30.005961726614032,15.476090781970322,0.014466564166051077,0.02178923960742905,0.020138414930494602,-0.7253418599904755,318968.7,0.024603635433171605,-0.013955182017694967,0
2024-11-08,1019.99,1019.99,1000.0,1001.93,65897,993.018,950.6220000000001,904.3950000000001,1.0979914749639261,79.9649843952196,32.56199754040222,18.8932721336567,-0.013955182017694967,0.02317806326730391,0.018514778671594945,-0.4559182932065128,270072.4,0.019951493617318586,-0.008184204485343183,0
2024-11-11,1009.97,1016.0,986.0,993.73,170978,1000.03,958.3889999999999,911.8525,1.0967014950334621,75.55448408871747,33.53938175302369,21.8224940575301,-0.008184204485343183,0.023883589384310896,0.018790071834385445,1.5946249449899086,259386.0,0.030189286828414156,-0.00404536443500747,0
2024-11-12,996.0,1004.98,988.0,989.71,150508,1000.6200000000001,965.4870000000001,919.1289999999999,1.0886611128579342,75.2250270032404,33.60223967740774,24.178443181505628,-0.00404536443500747,0.024161813893824807,0.01889483165508539,-0.11972300529892732,245452.0,0.017156540804882256,0.0289377696496953,1
2024-11-13,993.37,1023.0,989.0,1018.35,326372,1003.966,977.249,928.0195,1.0818371812230239,75.44117063885476,35.55322819733931,26.453400184672365,0.0289377696496953,0.022905482835578295,0.01920078121798439,1.1684694501288968,258137.7,0.033387342269357294,0.02254627583836588,1
2024-11-14,1030.0,1047.0,1020.22,1041.31,328131,1009.006,993.0600000000001,938.0539999999999,1.0756374366507686,75.78873294499395,38.508182414410044,28.864356630619902,0.02254627583836588,0.020049719697440124,0.019258873822961386,0.005389555476572827,267118.2,0.025717605708194462,0.0036780593675276307,1
2024-11-15,1044.99,1047.99,1027.0,1045.14,174331,1017.6479999999999,1005.333,948.424,1.0729884524221234,75.51593263224483,40.69000486465734,31.22948627742739,0.0036780593675276307,0.017830813253029498,0.019044349255903467,-0.46871523873087273,255608.7,0.020083433798342813,0.012582046424402415,1
2024-11-18,1045.0,1060.0,1037.5,1058.29,357919,1030.56,1015.2950000000001,959.115,1.074490545972068,76.49001594411966,42.984709008131404,33.580530823568196,0.012582046424402415,0.015211589253445294,0.019030545072021815,1.0531001370955253,254962.4,0.021260713037069234,-0.011584726303754178,0
2024-11-19,1010.16,1059.29,1010.16,1046.03,36753,1041.824,1021.222,968.0899999999999,1.076164406201903,78.19388388699161,43.31469420306826,35.52736349946821,-0.011584726303754178,0.014951396839091902,0.019372395984834968,-0.8973147555731884,217297.5,0.04696806018947831,-0.017293959064271447,0
2024-11-20,1041.0,1055.0,1022.02,1027.94,448085,1043.742,1023.854,976.307,1.069071511317649,78.02431846344487,41.63653794037691,36.749198387649955,-0.017293959064271447,0.016208808534531837,0.020100457875374764,11.191793867167306,218009.0,0.03208358464501821,0.012870400996167097,1
2024-11-21,1010.2,1043.75,1010.2,1041.17,68353,1043.7140000000002,1026.3600000000001,983.8635,1.060832117463449,75.56617583742361,40.90263730219567,37.5798861705591,0.012870400996167097,0.01608762993991326,0.019475125104755693,-0.8474552819219567,212732.7,0.03222336410000284,-0.013715339473861055,0
2024-11-22,1039.87,1050.16,1025.0,1026.89,300360,1040.0639999999999,1028.856,989.7390000000001,1.050846738382543,66.2212288377402,38.722371704735224,37.80838327739433,-0.013715339473861055,0.016060436427284427,0.019775297447322215,3.394247509253434,236179.0,0.024501163707894787,-0.02737391541450407,0
2024-11-25,1027.0,1039.98,990.0,998.78,157170,1028.162,1029.361,993.875,1.0344983021003649,52.85782215882073,34.33051265595873,37.11280915310721,-0.02737391541450407,0.0184570020236683,0.021152670502689108,-0.47672792648821416,234798.2,0.05004105008109896,-0.05077194176895805,0
2024-11-26,998.77,998.77,925.0,948.07,576284,1008.57,1025.197,995.342,1.0132899043745769,39.122486288848265,26.453124368102863,34.98087219610634,-0.05077194176895805,0.024654787340197142,0.024510174099609868,2.666628491442387,277375.8,0.07781071017962807,0.0502494541542291,1
2024-11-27,960.0,1040.0,959.9,995.71,486464,1002.124,1022.9330000000002,1000.091,1.0020328150138338,46.348012889366274,23.780263181114947,32.74075039310806,0.0502494541542291,0.028448684530457062,0.026209573814701254,-0.1558606520396194,293385.0,0.08044510951984013,0.024063231262114293,1
2024-11-28,998.0,1030.0,995.0,1019.67,215710,997.824,1020.7689999999999,1006.9145000000001,0.9909719246271653,53.068354780683556,23.326480049644488,30.857896324415346,0.024063231262114293,0.028597068973893545,0.025845368761329725,-0.5565756150506512,282142.9,0.034324830582443344,-0.00011768513342547138,0
2024-11-29,1019.0,1031.4,1014.0,1019.55,63387,996.356,1018.21,1011.7715000000001,0.9847638523125033,54.59430604982205,22.695550473140315,29.225427154160343,-0.00011768513342547138,0.02854245450683374,0.024378322483077558,-0.7061471419961987,271048.5,0.017066352802707168,0.020155951154921192,1
2024-12-02,1025.0,1054.0,1019.55,1040.1,176187,1004.6200000000001,1016.3910000000002,1015.8429999999998,0.9889520329420985,58.468053641649576,23.581909916356153,28.096723706599505,0.020155951154921192,0.02907120353075037,0.02332545719353286,1.7795447015949644,252875.3,0.033121815210076004,0.017392558407845593,1
2024-12-03,1041.13,1061.9,1040.0,1058.19,405612,1026.644,1017.607,1019.4145000000001,1.0070918159394435,56.94125026134227,25.45068828450144,27.567516622179895,0.017392558407845593,0.0293804296735441,0.022800934364519215,1.3021675833063733,289761.2,0.020695716270235108,0.008344437199368615,1
2024-12-04,1058.19,1072.0,1045.0,1067.02,284601,1040.906,1021.515,1022.6845000000001,1.017817322937817,54.711379879054434,27.329182011287457,27.51984970000141,0.008344437199368615,0.028663633886232644,0.022674695357831592,-0.2983417650365374,273412.8,0.025304118010908885,0.04860265037206446,1
2024-12-05,1067.02,1121.0,1051.46,1118.88,488098,1060.748,1029.286,1027.8229999999999,1.0320337256512067,61.49027673896784,32.62647274297149,28.541174308595423,0.04860265037206446,0.031919390610548666,0.02474119421323161,0.7150255972396442,315387.3,0.06215143715143711,-0.0037716287716288432,0
2024-12-06,1120.01,1141.0,1100.0,1114.66,266819,1079.77,1038.063,1033.4595000000002,1.0448111416073875,59.03510177913128,36.06832191744775,30.04660383036589,-0.0037716287716288432,0.031328121045329844,0.024430826328852413,-0.45334953226606134,312033.2,0.03678251664184594,0.047072649956040324,1
2024-12-09,1120.11,1218.97,1103.0,1167.13,288292,1105.1760000000002,1054.898,1042.1295,1.060497759635439,67.19388914129942,42.539533414061,32.545189747104914,0.047072649956040324,0.030647353538675867,0.02586873113156778,0.08047777706984882,325145.4,0.09936339568000138,0.030339379503568464,1
2024-12-10,1194.99,1283.84,1157.0,1202.54,1022643,1134.0459999999998,1080.345,1052.7710000000002,1.077201024724275,73.62780123416692,49.94951924856923,36.02605564739778,0.030339379503568464,0.01978433034143424,0.0261398901156335,2.547247235441844,369781.3,0.10547674089843159,0.013296854990270557,1
2024-12-11,1210.0,1255.0,1205.0,1218.53,255483,1164.3480000000002,1102.627,1062.78,1.0955682267261335,73.82333978078658,56.461393970778545,40.11312331207394,0.013296854990270557,0.017729381898306504,0.025778439930640776,-0.7501738143223001,346683.2,0.04103304801687279,0.00537532929021034,1
2024-12-12,1229.0,1260.0,1204.0,1225.08,594520,1185.5880000000002,1123.168,1071.9685000000002,1.1059914540399274,77.185811088859,61.44236255403894,44.37897116046694,0.00537532929021034,0.018292464805574855,0.025600368235196173,1.3270432866374673,384564.2,0.045711300486498845,0.026390113298723428,1
2024-12-13,1225.0,1271.0,1215.05,1257.41,332665,1214.1380000000001,1146.9540000000002,1082.5819999999999,1.121520586893187,85.07037669839721,67.22366429244471,48.947909786862496,0.026390113298723428,0.01715269819317066,0.025878855606905855,-0.4404477561730472,411492.0,0.04449622637007821,-0.01476845261291082,0
2024-12-16,1260.0,1270.0,1220.01,1238.84,559581,1228.48,1166.828,1091.6095,1.1253841231685873,93.1934995097893,69.5057250357263,53.05947283663526,-0.01476845261291082,0.020620845967565766,0.026430050789788117,0.6821156418619332,449831.4,0.04035226502211747,-0.045413451293145224,0
2024-12-17,1225.0,1249.98,1175.0,1182.58,433497,1224.488,1179.267,1098.437,1.1147548744261164,77.06613365777349,66.01359912193584,55.650298093695376,-0.045413451293145224,0.028735825364024005,0.028746356324412522,-0.2253185865853201,452619.9,0.06340374435556159,-0.039650594462953825,0
2024-12-18,1191.0,1198.0,1112.67,1135.69,296068,1207.9199999999998,1186.134,1103.8245000000002,1.0943043934973355,65.75759222035096,58.78479848723464,56.27719817240323,-0.039650594462953825,0.03301900726466629,0.030123878104778692,-0.31702410858667995,453766.6,0.07513493999242744,-0.04535568685116531,0
2024-12-19,1125.0,1177.0,1050.0,1084.18,542495,1179.74,1182.664,1105.975,1.0666968059856687,57.70266727051702,48.342236183839304,54.69020577469045,-0.04535568685116531,0.033153388839175166,0.03211463881438378,0.8323324371428185,459206.3,0.11713922042465273,0.021444778542308418,1
2024-12-20,1084.0,1120.99,1073.0,1107.43,281707,1149.7440000000001,1181.941,1110.002,1.0358035390927225,57.973142600004756,41.46453368193306,52.045071356138976,0.021444778542308418,0.03400647832469614,0.03214162491978908,-0.4807196379690135,460695.1,0.043334567421868656,0.022303892796835978,1
2024-12-23,1125.0,1134.98,1051.0,1132.13,179862,1128.402,1178.441,1116.6695,1.0105066897591455,58.62093088331313,37.57386039773951,49.15082916445909,0.022303892796835978,0.030951500653335507,0.03147979290469073,-0.3615281125424643,449852.1,0.0741787603897079,-0.014432971478540613,0
2024-12-24,1132.0,1152.0,1110.0,1115.79,143904,1115.044,1169.766,1125.0555,0.9911013278900465,55.58840380428555,32.793944173396994,45.87945216624667,-0.014432971478540613,0.028821635153790395,0.02892988578111837,-0.19991993861960833,361978.2,0.03764149167854166,-0.046415544143611265,0
2024-12-26,1116.1,1120.0,1060.0,1064.0,292070,1100.7060000000001,1154.313,1128.47,0.9753967761659593,43.71046117172457,24.54387939166554,41.612337611330446,-0.046415544143611265,0.030279384189080452,0.029666587992505575,1.0296169668668003,365636.9,0.05639097744360902,0.006766917293233199,1
2024-12-27,1070.0,1088.0,1066.0,1071.2,171856,1098.1100000000001,1138.925,1131.0465,0.9708796234283915,45.05304375540682,18.37481006818166,36.96483210270069,0.006766917293233199,0.030376526112558148,0.029292795350051224,-0.41159311124045606,323370.5,0.020537714712471993,0.025905526512322696,1
2024-12-30,1080.0,1110.5,1055.0,1098.95,192193,1096.414,1123.0790000000002,1135.0165000000002,0.9659894812101849,41.77642688280986,15.54576931538736,32.68101954523802,0.025905526512322696,0.03030716775207322,0.029727466570968603,0.11833744530304435,309323.3,0.05050275262750807,0.0014013376404748978,1
2024-12-31,1115.0,1140.0,1091.25,1100.49,363139,1090.086,1109.2440000000001,1138.036,0.957866007753709,36.59600178632413,13.274973633677973,28.799810362926014,0.0014013376404748978,0.03062969050547344,0.029491831028939364,0.8894496677818651,289679.1,0.04429844887277486,0.07921017001517505,1
2025-01-01,1114.85,1191.15,1099.0,1187.66,481170,1104.46,1109.752,1144.5095,0.9650072804113903,46.58404337722696,18.298310650758594,26.699510420492533,0.07921017001517505,0.03934176662547602,0.03395470755272014,0.3250298095219737,294446.4,0.07758954582961461,0.004033140797871315,1
2025-01-02,1200.0,1230.0,1155.0,1192.45,362258,1130.15,1115.428,1150.781,0.982072175331362,46.37516941056235,22.407554061283008,25.84111914865063,0.004033140797871315,0.036644816648089995,0.03395494621897894,-0.247130951638714,301065.4,0.062895718898067,-0.03753616503836643,0
2025-01-03,1219.0,1219.0,1101.01,1147.69,487084,1145.4479999999999,1121.779,1152.2215,0.9941213560066356,38.13889129118741,21.801091729798827,25.033113664880272,-0.03753616503836643,0.03550507931374444,0.03374467170155984,0.344577621474198,295524.3,0.10280650698359313,0.0004443708666974633,1
2025-01-06,1158.9,1165.98,1125.0,1148.2,183759,1155.2980000000002,1125.856,1153.8984999999998,1.0012128449772666,39.80335688250913,21.11818145037637,24.250127221979493,0.0004443708666974633,0.03512672107165078,0.03372113033001683,-0.6227365300440992,285729.5,0.03569064622888,0.0023950531266330177,1
2025-01-07,1151.0,1155.9,1098.0,1150.95,274356,1165.3899999999999,1127.738,1153.0895,1.0106674286774788,45.95472566824404,20.56184796706384,23.512471370996366,0.0023950531266330177,0.034543978461155554,0.03201629914201308,0.4930207500040815,295178.9,0.050306268734523735,-0.014257787045484194,0
2025-01-08,1150.01,1172.0,1130.0,1134.54,178703,1154.766,1129.613,1149.6895,1.004415540021893,49.84048603212472,18.582591272536092,22.526495351304312,-0.014257787045484194,0.0345346620895643,0.031321894836813115,-0.3486455554097596,298658.8,0.03701940874715744,-0.028452059865672452,0
2025-01-09,1137.0,1147.0,1091.94,1102.26,174588,1136.728,1133.4389999999999,1143.876,0.9937510709202747,52.6491618802016,14.24508142613945,20.87021256627134,-0.028452059865672452,0.03210708692388692,0.03160756668864279,-0.02302703368158343,286910.6,0.04995191697058765,-0.0068223468147260435,0
2025-01-10,1100.0,1124.7,1078.6,1094.74,215238,1126.1380000000001,1135.7930000000001,1137.359,0.9901341616850969,48.05075112899756,10.08452435074446,18.713074923165966,-0.0068223468147260435,0.032263743996216177,0.03152393624403232,0.23283387174376236,291248.8,0.0421104554506094,0.00845862944626119,1
2025-01-13,1096.03,1120.0,1096.03,1104.0,103194,1117.298,1136.298,1129.6885,0.9890319322538913,45.463927500241866,7.448594740668568,16.460178886666487,0.00845862944626119,0.03132340280587503,0.030827271627349127,-0.5205586374153263,282348.9,0.021711956521739156,0.011340579710144905,1
2025-01-14,1114.5,1124.0,1094.11,1116.52,150508,1110.4119999999998,1137.901,1123.5725,0.988286915174588,50.11918367346938,6.297269892424993,14.427597087818189,0.011340579710144905,0.03149872196494833,0.030990451858406785,0.4584956489718395,261085.8,0.026770680328162596,-0.005266363343244929,0
2025-01-15,1105.1,1129.0,1099.0,1110.64,97947,1105.632,1130.199,1119.9755,0.9871930234188159,58.95751709303221,4.854411166394357,12.512959903533423,-0.005266363343244929,0.015941705403520315,0.029480089961928434,-0.34922396151699575,222763.5,0.027011452856010948,-0.01034538644385219,0
2025-01-16,1111.0,1111.0,1091.02,1099.15,87074,1105.01,1120.8690000000001,1118.1485,0.9882497718326322,55.28095831916261,2.7520641740184146,10.560780757630422,-0.01034538644385219,0.015522388970591217,0.028250780875972294,-0.11100901507958383,195245.1,0.01817768275485604,0.02652049310831095,1
2025-01-17,1098.0,1134.99,1090.4,1128.3,267300,1111.7220000000002,1118.9299999999998,1120.3545,0.9922948495320011,55.516295154681785,3.3989197876951494,9.128408563643367,0.02652049310831095,0.015194978129810466,0.026884644756148886,2.0698026965569514,173266.7,0.039519631303731206,0.004130107240982062,1
2025-01-20,1145.0,1145.0,1130.0,1132.96,84935,1117.514,1117.4060000000002,1121.6309999999999,0.996329452377832,56.03195244287572,4.238719259519485,8.150470702818591,0.004130107240982062,0.015294411698613232,0.02651309583635934,-0.6822484100261879,163384.3,0.013239655415901708,-0.02778562349950575,0
2025-01-21,1132.0,1139.0,1098.0,1101.48,82978,1114.5059999999999,1112.459,1120.0985,0.9950071355331694,29.813548205752795,2.3371522444585935,6.987807011146592,-0.02778562349950575,0.01734054214167327,0.02680557778563532,-0.023041149114028325,144246.5,0.03722264589461452,-0.0036677924247375815,0
2025-01-22,1110.0,1119.0,1087.87,1097.44,150327,1111.866,1108.749,1119.181,0.9934639705284489,27.666776362183242,0.4984071216108532,5.689927033239445,-0.0036677924247375815,0.016980953735260963,0.026629901118761564,0.8116488707850273,141408.9,0.028366015454147932,0.00855627642513479,1
2025-01-23,1109.99,1113.99,1098.75,1106.83,50224,1113.402,1109.2060000000001,1121.3225,0.9929364656465914,38.47975640013527,-0.19882517830251345,4.512176590931053,0.00855627642513479,0.014749542297297656,0.02438318033446864,-0.6659016676977523,128972.5,0.013769052157964647,0.0020960761815276285,1
2025-01-24,1110.0,1130.0,1105.6,1109.15,117687,1109.5720000000001,1110.647,1123.22,0.9878492192090598,39.10131174993023,-0.557752761672873,3.4981907204102676,0.0020960761815276285,0.014524715922600078,0.024360012613264627,1.3432422746097483,119217.4,0.02199882793129882,-0.009457692827841147,0
2025-01-27,1110.0,1119.0,1091.0,1098.66,102444,1102.712,1110.113,1123.2055,0.9817544518790194,36.01048745251217,-1.6694167912460216,2.46466921807901,-0.009457692827841147,0.014662138335333108,0.023812134874982068,-0.12952152744143364,119142.4,0.025485591538783606,-0.012597163817741786,0
2025-01-28,1107.0,1118.99,1077.0,1084.82,355994,1099.3799999999999,1106.943,1122.422,0.979471179289073,36.51258680555555,-3.6253995290455805,1.246655468654092,-0.012597163817741786,0.014487582710284478,0.02398163413655379,2.4750107375736987,139691.0,0.03870688224774618,-0.007992109290020366,0
2025-01-29,1086.0,1095.0,1073.1,1076.15,127451,1095.1219999999998,1103.494,1116.8465,0.9805483564661749,41.87667226681603,-5.808173474284104,-0.16431031993354717,-0.007992109290020366,0.014564959019646169,0.014970418564950513,-0.6419855390821194,142641.4,0.02035032291037503,0.034911490033917136,1
2025-01-30,1070.0,1119.0,1070.0,1113.72,594472,1096.5000000000002,1104.951,1112.91,0.9852548723616467,54.97483749213673,-4.455096953040311,-1.0224676465549,0.034911490033917136,0.018537239979008708,0.017335839077218446,3.6643180516433764,193381.2,0.04399669575835937,0.06026649427145059,1
2025-01-31,1150.0,1210.02,1140.0,1180.84,1070641,1110.8380000000002,1110.2050000000002,1114.5675,0.9966538590080907,65.45330222830023,2.0100780644929728,-0.41595850434532555,0.06026649427145059,0.025403826848998588,0.020639554686460233,0.8009948323890781,273715.3,0.059296771789573516,0.01577690457640335,1
2025-02-03,1184.0,1240.0,1178.21,1199.47,718482,1131.0,1116.856,1117.131,1.01241483765109,66.28194558944767,8.538633100287143,1.374959816581168,0.01577690457640335,0.025633305170467236,0.020876830874103004,-0.32892351404439024,337070.0,0.05151441886833348,-0.0031013697716492095,0
2025-02-04,1210.0,1217.99,1185.0,1195.75,342632,1153.1860000000001,1126.283,1119.371,1.0302089298364885,66.84879439363343,13.259539375051418,3.751875728275218,-0.0031013697716492095,0.023078380440681508,0.020912912327456793,-0.5231167934617709,363035.4,0.02758937905080494,-0.0010119172067740712,0
2025-02-06,1195.0,1200.0,1175.0,1194.54,483790,1176.864,1135.993,1122.3709999999999,1.048551682108679,69.68508811754506,16.71062503903954,6.343625590428083,-0.0010119172067740712,0.022937915672031753,0.02057408934952611,0.4119813677648323,396381.7,0.020928558273477657,0.012389706497898834,1
2025-02-07,1188.1,1215.0,1188.1,1209.34,83026,1195.9879999999998,1146.244,1127.725,1.0605316012325698,67.77660787926646,20.404659390722145,9.155832350486897,0.012389706497898834,0.022966431632732744,0.019298550529243577,-0.8283842162921928,399661.9,0.022243537797476388,-0.00019845535581397566,0
2025-02-10,1211.0,1215.0,1190.2,1209.1,109996,1201.64,1156.239,1133.443,1.0601680013904538,67.03203292770219,23.047168818499813,11.93409964408948,-0.00019845535581397566,0.023055781051389064,0.01914445711127073,0.324838002553417,398892.8,0.02051112397651142,0.007848813166818402,1
2025-02-11,1214.28,1228.0,1210.0,1218.59,249830,1205.464,1168.232,1139.1725000000001,1.058192679335219,79.05522750955191,25.611902201305156,14.669660155532615,0.007848813166818402,0.02215681184645419,0.019139397077062824,1.2712644096148953,413631.4,0.014771169958722788,-0.008616515809254932,0
2025-02-12,1218.59,1220.0,1206.9,1208.09,172098,1207.932,1180.559,1143.751,1.0561144864572796,76.5998365306024,26.49182833083887,17.034093790593868,-0.008616515809254932,0.02172471079666907,0.01931746133882612,-0.31113957491093946,395241.8,0.01084356297957926,0.02819326374690645,1
2025-02-13,1215.0,1250.0,1211.0,1242.15,1673924,1217.4540000000002,1197.1589999999999,1150.3265,1.0583551713361383,79.08106249462735,29.596365004053723,19.54654803328584,0.02819326374690645,0.02121231690077241,0.019901567695547545,8.726574393659426,549889.1,0.03139717425431711,0.10000402527875041,1
2025-02-14,1366.37,1366.37,1345.0,1366.37,536482,1248.86,1222.424,1163.6875,1.0731919007465491,86.27312725631766,41.600701542851084,23.95737873519889,0.10000402527875041,0.03415858557897079,0.028590743940398938,-0.6795063575168288,544090.1,0.015639980385986147,0.02775968441930088,1
2025-02-17,1367.0,1441.0,1360.0,1404.3,1017829,1287.8999999999999,1244.77,1177.4875,1.0937695729254024,90.00523560209422,53.557481434582996,29.877399275075714,0.02775968441930088,0.03146343644192968,0.028626754437926297,0.8972286115843588,538808.9,0.0576799829096347,0.039414654988250364,1
2025-02-18,1410.0,1491.0,1381.02,1459.65,694511,1336.112,1270.788,1193.822,1.119188622759507,94.25279214186207,66.7303718747196,37.24799379500449,0.039414654988250364,0.03216592459135809,0.029237502334676344,-0.3176545372552757,536411.8,0.0753468297194533,-0.03937930325763028,0
2025-02-19,1467.9,1474.0,1392.0,1402.17,535671,1374.928,1291.4299999999998,1208.8565,1.1373790023877937,84.51261856368562,71.70525330930263,44.13944569786412,-0.03937930325763028,0.03680564351754131,0.030191002628517333,-0.22870768065588598,555715.7,0.05848078335722487,-0.004457376780276245,0
2025-02-20,1400.0,1450.0,1380.0,1395.92,645471,1405.682,1311.5679999999998,1223.7805,1.1486389920414648,81.9954648526077,74.28722305651968,50.169001169595234,-0.004457376780276245,0.03700483945197838,0.03021384699859665,0.20497656210621829,571883.8,0.050146140179953,0.019055533268382163,1
2025-02-21,1535.51,1535.51,1405.0,1422.52,2132716,1416.912,1332.886,1239.565,1.1430719647618317,80.17379145025967,77.58549310853823,55.652299557383834,0.019055533268382163,0.036986691089827876,0.030232553968853843,2.3041236554392066,776852.8,0.09174563450777493,0.018874954306441927,1
2025-02-24,1401.0,1471.99,1371.1,1449.37,1462920,1425.926,1356.913,1256.5759999999998,1.1347709967403485,80.57254710056274,81.42732299990848,60.80730424588877,0.018874954306441927,0.03649188652153607,0.030145405523999292,-0.3140577554629871,912145.2,0.06960955449609148,0.004767588676459544,1
2025-02-25,1460.0,1480.0,1440.0,1456.28,421255,1425.252,1380.682,1274.4569999999999,1.1183209790522552,81.62616232489256,84.06058205440218,65.45795980759146,0.004767588676459544,0.03660810579908222,0.02973064630044715,-0.7120450879063791,929287.7,0.027467245309967865,0.0025063861345346883,1
2025-02-26,1458.0,1475.98,1450.0,1459.93,249738,1436.8039999999999,1405.866,1293.2125,1.1110347294044867,82.02640407404726,85.45688949533724,69.45774574514063,0.0025063861345346883,0.03585174345424512,0.02919049661984514,-0.407157185077922,937051.7,0.017795373750796283,-0.015754179994931228,0
2025-02-27,1467.0,1469.89,1433.0,1436.93,159380,1445.0059999999999,1425.344,1311.2515,1.1020052217290122,76.93181549239108,83.74223704028236,72.31464400416898,-0.015754179994931228,0.03735351047204718,0.029566365928879106,-0.3618111781146641,785597.3,0.0256727885144023,-0.008887002150417933,0
2025-02-28,1444.9,1444.9,1406.1,1424.16,187308,1445.334,1431.123,1326.7735,1.0893600151043115,74.71613110835288,80.42583141834143,73.93688148700348,-0.008887002150417933,0.023039930810671683,0.029632976575436353,0.1752290124231397,750679.9,0.027244129873048098,-0.008032805302775059,0
2025-03-03,1415.25,1434.0,1409.0,1412.72,161766,1438.0040000000001,1431.9650000000001,1338.3674999999998,1.0744462937123027,72.2111622159676,75.99838164139828,74.34918151788244,-0.008032805302775059,0.021750162558075443,0.027747078685707714,-0.13636363636363635,665073.6,0.017696358797213884,0.011353983804292422,1
2025-03-04,1413.01,1439.9,1413.01,1428.76,194218,1432.5,1428.876,1349.8319999999999,1.0612431769286845,74.93164614167891,72.94304769488804,74.06795475328357,0.011353983804292422,0.017637679504100282,0.0277108257038257,0.20061075875029366,615044.3,0.018820515691928736,0.0038844872476833103,1
2025-03-05,1433.0,1460.0,1429.0,1434.31,284831,1427.376,1432.0900000000001,1361.7599999999998,1.0481847021501587,73.20548739252244,70.16074277731036,73.28651235808894,0.0038844872476833103,0.011783300557658045,0.027592223986141536,0.4665530486360687,589960.3,0.021613179856516375,0.00043226359713033347,1
2025-03-06,1437.1,1450.0,1432.75,1434.93,178135,1426.976,1435.991,1373.7795,1.0387227353443547,61.802781985952365,67.23078031735827,72.0753659499428,0.00043226359713033347,0.011569818475621866,0.0275651819912103,-0.37459405752885044,543226.7,0.012021492337605319,0.009770511453520259,1
2025-03-07,1439.99,1457.88,1434.0,1448.95,323720,1431.934,1438.634,1385.76,1.0333203440711234,58.37616778599033,65.28746750323808,70.71778626060186,0.009770511453520259,0.010439478744884517,0.027557241305840204,0.8172734162292643,362327.1,0.016480899962041554,-0.0003174712723006401,0
2025-03-10,1450.0,1463.0,1440.0,1448.49,129248,1439.0880000000002,1438.5459999999998,1397.7295,1.029589773987027,47.36344736344735,62.98421709327795,69.17107242713708,-0.0003174712723006401,0.008566445661041932,0.027559442022076025,-0.6007413814407513,228959.9,0.015878604615841323,-0.007041815960068809,0
2025-03-11,1448.0,1450.0,1432.0,1438.29,131405,1440.994,1436.747,1408.7145,1.0229141532936588,60.988074957410525,59.64823210435452,67.26650436258058,-0.007041815960068809,0.008645580418826808,0.027804204784080726,0.01668884624907152,199974.9,0.012514861397910018,-0.005138045873919639,0
2025-03-12,1442.0,1444.0,1428.0,1430.9,83982,1440.3120000000001,1433.844,1419.855,1.0144078092481275,60.56797583081571,55.7653010491656,64.96626369989758,-0.005138045873919639,0.008618525154135718,0.02770102626136444,-0.3608918990905978,183399.3,0.011181773708854566,0.028254944440561758,1
2025-03-13,1434.0,1484.0,1434.0,1471.33,441742,1447.592,1437.284,1431.314,1.0113727665627528,63.60898901466569,55.31280177744566,63.0355713154072,0.028254944440561758,0.011540454629476015,0.02770329643245939,4.2599604677192735,211635.5,0.03398285904589725,-0.004907124846227573,0
2025-03-14,1490.0,1490.0,1455.6,1464.11,420086,1450.624,1441.279,1436.201,1.0100424662007617,54.61490294301816,53.7519798206572,61.17885301645721,-0.004907124846227573,0.011169554025687412,0.01764057787499869,-0.049024090985235746,234913.3,0.023495502387115785,0.019725293864532034,1
2025-03-17,1469.99,1499.0,1465.0,1492.99,415549,1459.524,1449.306,1440.6354999999999,1.0131112276491867,60.103484339736895,54.22037310441942,59.787157034049656,0.019725293864532034,0.011611573072980866,0.01714619090769831,-0.01080016948910456,260291.6,0.022773092920917087,0.01594786301314799,1
2025-03-18,1500.0,1525.0,1492.55,1516.8,524935,1475.226,1458.1100000000001,1443.493,1.0219834803494026,64.0885894069266,55.86882512896909,59.003490653033545,0.01594786301314799,0.011950367666436592,0.015234331212152641,0.26323249484417,293363.3,0.021393723628692015,0.011748417721519022,1
2025-03-19,1515.0,1545.0,1490.0,1534.62,578664,1495.9699999999998,1468.141,1450.1154999999999,1.0316212743053914,74.83854563946095,57.945204064112204,58.79183333524928,0.011748417721519022,0.012049552938593012,0.011828438337220777,0.10235362473449094,322746.6,0.035839491209550246,0.009689695168836554,1
2025-03-20,1547.99,1570.0,1540.2,1549.49,554306,1511.602,1479.597,1457.794,1.0369105648671897,81.52955974842766,60.097863297468166,59.05303932769306,0.009689695168836554,0.011855981373273232,0.011681049049136583,-0.042093511951667995,360363.7,0.01923213444423646,-0.014004607967783023,0
2025-03-21,1551.1,1560.0,1520.05,1527.79,166226,1524.3380000000002,1487.481,1463.0575000000001,1.0418852300746895,77.52739103392182,59.36848961081,59.11612938431645,-0.014004607967783023,0.013657875051761284,0.011967226852500963,-0.7001187069957748,344614.3,0.026148881718037194,-0.02051329043913097,0
2025-03-24,1538.0,1542.0,1489.0,1496.45,242494,1525.0300000000002,1492.277,1465.4115000000002,1.0406837942789449,65.08849360260356,55.620422025983316,58.41698791264982,-0.02051329043913097,0.01590488012366311,0.012555289565138189,0.4588211230493424,355938.9,0.03541715393096996,0.000948912426074866,1
2025-03-25,1496.0,1507.25,1473.0,1497.87,153127,1521.2440000000001,1498.235,1467.491,1.0366291854600813,64.43364519938231,52.163327228458456,57.16625577581155,0.000948912426074866,0.01551937667814244,0.01253479140571009,-0.36853282967826007,358111.1,0.022865802773271382,-0.00439958073798119,0
2025-03-26,1510.0,1515.0,1480.0,1491.28,212439,1512.576,1504.273,1469.0584999999999,1.0296227141397025,62.45854521335397,48.33462529617009,55.39992967988326,-0.00439958073798119,0.015471821148030671,0.012600075531033098,0.38733861435279215,370956.8,0.023469770935035675,0.003567405182125283,1
2025-03-27,1486.01,1518.0,1480.2,1496.6,265302,1501.998,1506.8,1472.042,1.0203499628407342,60.95654173373188,45.208495573765504,53.36164285865971,0.003567405182125283,0.012985588468397494,0.01196126507184442,0.2488384901077485,353312.8,0.02525724976613655,0.0131364426032341,1
2025-04-03,1490.0,1529.89,1486.01,1516.26,292519,1499.692,1512.0149999999999,1476.647,1.0156063026573041,64.31861398690052,43.81237119782145,51.45178852649206,0.0131364426032341,0.013204851473413888,0.011909796846699253,0.10258874791746764,340556.1,0.028939627768324767,-0.009793834830437942,0
2025-04-04,1515.0,1529.95,1497.0,1501.41,311559,1500.684,1512.857,1481.0815,1.0132352608549902,63.07915457936185,41.034639892477344,49.36835879968912,-0.009793834830437942,0.012475036397801903,0.012003397106987994,0.06508978903934448,330157.1,0.02194603739151867,-0.01688412891881641,0
2025-04-07,1490.0,1500.0,1412.0,1476.06,586054,1496.322,1508.783,1483.4465,1.0086794501857665,58.70940368741802,36.36850123566933,46.768387286885165,-0.01688412891881641,0.012315900643318726,0.012628058915246631,0.8810369785498091,336269.0,0.05961817270300666,0.06645393818679457,1
2025-04-08,1500.01,1621.8,1494.0,1574.15,2063508,1512.896,1512.7359999999999,1490.4385,1.0150677132937722,66.22175943455764,40.12308204602573,45.43932623871328,0.06645393818679457,0.02501988791071367,0.019224132238692453,2.5210202472809673,484753.4,0.08118667217228343,-0.008366419972683725,0
2025-04-09,1580.0,1580.0,1541.0,1560.98,605409,1525.772,1513.8849999999998,1496.741,1.0193961413497725,65.00139374980644,41.5568637972051,44.66283375041164,-0.008366419972683725,0.025120371333433186,0.01942973738438731,-0.706611750475404,489863.7,0.024984304731642943,0.026169457648400396,1
2025-04-10,1603.0,1626.0,1580.01,1601.83,796980,1542.886,1521.289,1504.385,1.025592517872752,66.25253852586309,45.4653040433177,44.82332780899286,0.026169457648400396,0.025658227097695413,0.020006053505785534,0.31643236225427773,552939.1,0.02871091189452065,0.0006992002896688554,1
2025-04-11,1590.0,1614.0,1578.0,1602.95,456102,1563.194,1531.9389999999999,1512.108,1.033784623849619,63.799455390036854,48.09869393365284,45.478401033924854,0.0006992002896688554,0.02414382952104121,0.019992546404819306,-0.4277121132274335,574299.9,0.02245859197105337,0.05405034467700176,1
2025-04-14,1615.5,1699.0,1605.1,1689.59,1028009,1605.9,1551.111,1524.6730000000002,1.0532750301212128,70.338871827178,56.52521086843217,47.68776300082632,0.05405034467700176,0.0281369661512369,0.022520540710343664,1.2539015395679036,661788.1,0.05557561301854302,0.01576713877331204,1
2025-04-15,1700.0,1747.0,1675.0,1716.23,1150692,1634.316,1573.606,1538.9395,1.0619754707706184,71.22778428476855,64.6081490837903,51.07184021741912,0.01576713877331204,0.027509774895863356,0.022347543688133582,0.1193403948798113,755613.4,0.04195241896482406,0.005424680841146001,1
2025-04-16,1720.0,1771.0,1710.0,1725.54,756955,1667.2279999999998,1596.5,1551.65,1.0744871588309217,75.9957933482319,70.94733829429788,55.04693983279488,0.005424680841146001,0.02743408005267595,0.021910648525477548,-0.3421741004543353,804778.7,0.035351252361579565,0.0073947865595698214,1
2025-04-17,1732.0,1759.9,1727.0,1738.3,447747,1694.5220000000002,1618.704,1565.3595,1.0825129946188081,83.42593360422367,76.12331458977474,59.262214784190846,0.0073947865595698214,0.02752955870047038,0.021694254645539528,-0.4084892761128469,820301.5,0.018926537421618875,0.007564862221710822,1
2025-04-18,1748.8,1796.0,1738.0,1751.45,1109330,1724.2220000000002,1643.7079999999999,1578.2825,1.0924672864331957,83.94645247657296,80.36006736156128,63.481785299664935,0.007564862221710822,0.026379377883744805,0.021542942426591445,1.4775822060225976,900078.6,0.033115418653115986,-0.7950954923063747,0
2025-04-28,365.0,383.25,355.13,358.88,9953480,1458.08,1531.99,1520.3865,0.9590193019998532,17.820037738422727,-28.324528812811877,45.12052247716957,-0.7950954923063747,0.25867771088692637,0.18081696007737133,7.972514941451147,1836821.2,0.07835488185465896,-0.02708426214890758,0
2025-04-29,358.0,363.98,335.0,349.16,7838604,1184.6660000000002,1409.491,1461.1135,0.8107966971765028,17.473977821620537,-113.92887591452518,13.310642798830624,-0.02708426214890758,0.2551845404536675,0.1805270811088055,-0.2124760385312474,2414330.8,0.08299919807538096,-0.06263604078359497,0
2025-04-30,340.0,343.94,325.0,327.29,5286939,905.0160000000002,1286.122,1400.0035,0.6464383839040404,16.338918175177938,-181.44408944533143,-25.640303650001787,-0.06263604078359497,0.2542717473382637,0.18032456790114829,-0.32552543794787947,2882483.8,0.05786916801613247,0.029056799780011522,1
2025-05-02,336.1,342.0,333.0,336.8,4552166,624.7160000000001,1159.619,1340.454,0.4660480702806662,16.928581570353558,-231.51425287322434,-66.8150934946463,0.029056799780011522,0.254403237566678,0.1808808614397615,-0.13897890631989507,3258002.4,0.02672209026128266,-0.005314726840855211,0
2025-05-05,337.0,340.0,328.0,335.01,3188998,341.428,1032.825,1282.382,0.2662451593986815,17.158169227315383,-268.24746635236306,-107.10156806618966,-0.005314726840855211,0.25420753687449016,0.18098004147813468,-0.29945480898543686,3531292.0,0.03581982627384257,-0.03492433061699651,0
2025-05-06,339.31,339.31,320.0,323.31,2354625,334.314,896.1969999999999,1223.654,0.27320958375488497,12.114126484128903,-294.90343171234485,-144.66194079542072,-0.03492433061699651,0.25063968172475665,0.18078300973618136,-0.2616411173666462,3663953.6,0.05972595960533235,-0.0568803934304537,0
2025-05-07,300.01,318.44,296.0,304.92,7169114,325.466,755.066,1164.336,0.27952927677234063,12.075941111822317,-313.89402073555186,-178.50835678344697,-0.0568803934304537,0.2484056078509289,0.18066941095947767,2.044694590433721,4265795.8,0.07359307359307359,-0.05653942017578384,0
2025-05-08,306.11,317.95,274.43,287.68,7396858,317.544,611.28,1103.89,0.28765909646794513,9.748163757879468,-326.57081816700395,-208.12084906015838,-0.05653942017578384,0.24643574913530758,0.18041706670201277,0.03176738436576687,4929786.1,0.1512791991101223,0.0674012791991101,1
2025-05-09,295.0,309.0,280.15,307.07,3642443,311.598,468.15700000000004,1043.4305,0.2986284184715705,10.7470860493857,-331.23439657435824,-232.74355856299837,0.0674012791991101,0.2500307020403464,0.18169954295830965,-0.5075688893851957,5249255.7,0.09395251896961612,0.10000976975933829,1
2025-05-12,337.78,337.78,337.78,337.78,876832,312.152,326.79,985.249,0.3168254928449559,7.616867847625031,-328.66364579294793,-251.9275760089883,0.10000976975933829,0.2558222797056372,0.18429042655375993,-0.7592736523261998,5226005.9,0.0,0.03970039670791636,1
2025-05-13,351.0,354.99,337.8,351.19,6259987,317.72799999999995,326.021,929.0054999999999,0.34200873945310334,6.844048763215142,-321.83432656770685,-265.908926120732,0.03970039670791636,0.057054532481758444,0.1850030003788773,6.139323154264443,4856656.6,0.04894786298015319,-0.0002562715339274879,0
2025-05-14,364.95,364.95,343.0,351.1,5816281,326.964,326.21500000000003,867.8530000000001,0.37675044045477746,6.292056223367055,-312.8232721710911,-275.2917953308039,-0.0002562715339274879,0.056302952701342966,0.18374378609830436,-0.07087969990991994,4654424.3,0.06251780119624036,-0.010281970948447738,0
2025-05-15,351.1,354.0,343.0,347.49,2643581,338.926,328.235,807.1785,0.4198897765488055,5.512586763906228,-302.4863689011376,-280.73071004487065,-0.010281970948447738,0.05188999710633314,0.18372983970778928,-0.5454860244888443,4390088.5,0.03165558721114277,-0.014734236956459146,0
2025-05-16,349.0,349.0,341.5,342.37,1051595,345.986,328.79200000000003,744.2054999999999,0.46490653455262027,4.6954575852667375,-291.348950454295,-282.8543581267555,-0.014734236956459146,0.0516876505010241,0.1832425849850004,-0.6022081411539877,4040031.4,0.02190612495253673,-0.012325846306627364,0
2025-05-19,345.0,347.0,335.1,338.15,1389149,346.06,329.10600000000005,680.9655,0.5081902093424704,43.78485339089764,-279.6394750278024,-282.2113815069649,-0.012325846306627364,0.051857495244991725,0.18312527818861976,0.32099239726320494,3860046.5,0.035191483069643585,-0.002898122135147063,0
2025-05-20,339.0,346.0,332.82,337.17,1331099,343.25600000000003,330.49199999999996,613.3445,0.559646332526011,46.20641650319559,-267.35678658792574,-279.2404625231571,-0.002898122135147063,0.0502806880884628,0.1820667665875433,-0.04178817391079004,3757693.9,0.03909007325681409,-0.005279235993712494,0
2025-05-21,336.99,338.09,333.6,335.39,1037102,340.114,333.53900000000004,544.3025,0.6248620941480151,52.93605915615484,-254.82879095454177,-274.358128209434,-0.005279235993712494,0.045619884758113224,0.1817860590194248,-0.22086786933203317,3144492.7,0.013387399743581956,-0.031008676466203422,0
2025-05-22,335.51,336.88,323.52,324.99,1883910,335.614,337.27,474.275,0.7076358652680407,45.74659655694014,-242.939007584175,-268.0743040843822,-0.031008676466203422,0.04202526932311867,0.1814745761984716,0.8165137083912672,2593197.9,0.04110895719868308,-0.000523093018246712,0
2025-05-23,326.96,330.49,320.05,324.82,917946,332.104,339.045,403.601,0.8228522724175609,46.286713796370535,-230.8686757973157,-260.6331784269689,-0.000523093018246712,0.03750785932512187,0.18136698211295899,-0.5127442393744924,2320748.2,0.03214087802475216,-0.0059725386367834865,0
2025-05-26,321.01,327.82,321.01,322.88,495875,329.05,337.555,332.1725,0.9905997636770052,49.83130639466457,-218.93563891818314,-252.29367052521178,-0.0059725386367834865,0.01793433862924767,0.1811911487216511,-0.45979937817692984,2282652.5,0.021091427155599612,0.004181119920713572,1
2025-05-27,325.01,329.79,319.5,324.23,2294998,326.462,334.85900000000004,330.44,0.9879615058709599,58.7446789240105,-206.98370815626242,-243.23167805142194,0.004181119920713572,0.01000210944325913,0.04003666125956711,3.628178472397278,1886153.6,0.03173673009900386,0.02822070752243766,1
2025-05-29,325.97,339.9,324.75,333.38,2756891,326.06000000000006,333.087,329.651,0.9891066612872403,72.33189992181391,-194.53095661166628,-233.4915337634708,0.02822070752243766,0.01515156005490332,0.040290397076750833,0.20126074183942655,1580214.6,0.045443637890695235,0.0067190593316937,1
2025-05-30,335.44,338.0,333.5,335.62,827975,328.18600000000004,331.9,330.0675,0.9942996508289972,66.76059645415052,-182.37896088172153,-223.26901918712096,0.0067190593316937,0.015451631142750612,0.037654527796930605,-0.6996707523075812,1398654.0,0.013408020976103927,-0.011471306835111217,0
2025-06-02,336.05,339.85,330.0,331.77,984536,329.576,330.84,329.816,0.9992723215368571,44.846510032584476,-171.08689629693043,-212.83259460908286,-0.011471306835111217,0.015217479424844211,0.03720497921124603,0.18908904254355496,1391948.1,0.02968924254754807,0.022575880881333443,1
2025-06-03,335.0,343.5,334.0,339.26,2955173,332.852,330.951,330.0285,1.008555321737365,38.614239358656235,-159.6926360519011,-202.2046028976465,0.022575880881333443,0.01677294392490147,0.03752094361209994,2.0015895812849913,1548550.5,0.02800212226610859,0.018717208041030498,1
2025-06-04,343.0,348.1,341.5,345.61,3330662,337.128,331.795,331.1435,1.0180722254853258,45.31969309462916,-148.4390972724405,-191.45150177260533,0.018717208041030498,0.01766211961065139,0.03670467487764163,0.1270615967322386,1748506.8,0.019096669656549353,-0.010271693527386438,0
2025-06-05,345.61,347.5,340.62,342.06,816940,338.864,332.462,333.0005,1.017608081669547,45.36610343061955,-138.213799399388,-180.80396129796185,-0.010271693527386438,0.01797782207231066,0.0340194061245706,-0.7547214337570128,1726490.6,0.020113430392328817,-0.019236391276384213,0
2025-06-10,343.0,343.01,334.85,335.48,1141529,338.836,333.511,335.3905,1.0102730995660283,44.263114071607006,-129.15234038888377,-170.47363711614622,-0.019236391276384213,0.015824119539752393,0.03130743699246714,0.39732293681298514,1652252.5,0.024323357577202716,0.04963038035054246,1
2025-06-11,345.0,354.0,340.11,352.13,5565026,342.908,336.242,337.6435,1.0155918890782734,59.64403973509934,-119.25288002009682,-160.22948569693634,0.04963038035054246,0.021433587859512153,0.029751202547713674,3.8750631828013127,2116960.5,0.0394456592735637,0.010990259279243464,1
2025-06-12,355.0,374.0,352.01,356.0,9603356,346.256,339.554,338.5545,1.022748183822693,62.49170757595858,-109.82916742323988,-150.14942204219707,0.010990259279243464,0.020840753668876482,0.020307304494880565,0.7256623778577136,3027708.6,0.06176966292134834,-0.02887640449438189,0
2025-06-13,348.0,351.0,341.5,345.72,3402914,346.278,341.70300000000003,338.281,1.0236401098495038,56.158340288541815,-102.01435934965406,-140.52240950368846,-0.02887640449438189,0.024215774707255344,0.01952761047966887,-0.6456536652395266,3138500.2,0.027478884646534765,-0.014086544024065728,0
2025-06-16,345.72,351.99,339.96,340.85,2370083,346.036,342.45,337.7685,1.0244768236232804,60.122542762318105,-95.11757969827318,-131.4414435426054,-0.014086544024065728,0.023728940233446055,0.019758128005993292,-0.30351369443953036,3099819.4,0.035294117647058906,-0.016488191286489706,0
2025-06-17,341.01,344.0,334.0,335.23,1633824,345.986,342.411,337.15549999999996,1.0261911788477425,56.21195846759758,-89.07847792356421,-122.96885041879717,-0.016488191286489706,0.024392667314735987,0.019954436077404825,-0.31064692671100547,3180404.3,0.029830265787668165,-0.011037198341437349,0
2025-06-18,336.0,336.5,328.7,331.53,2056615,341.86600000000004,342.38700000000006,336.6135,1.0156039493365538,55.05552308591466,-83.62700527473459,-115.10048138998467,-0.011037198341437349,0.024370066376051793,0.019843242104414342,0.2587738948626046,3287612.2,0.023527282598859868,-0.009290260308267628,0
2025-06-19,331.5,337.01,325.0,328.45,2994913,336.35600000000005,341.306,336.12850000000003,1.0006768244882538,52.41750687442711,-78.64859217066873,-107.81010354612148,-0.009290260308267628,0.02317185574105316,0.01976691280409855,0.4562341517493551,3291586.2,0.036565687319226645,0.00450601309179488,1
2025-06-20,327.88,332.9,326.0,329.93,761312,333.198,339.738,335.7665,0.99235033870264,47.83318678557971,-73.73378313277482,-100.99483946345217,0.00450601309179488,0.02210346078758233,0.019804120001118627,-0.7457982919704178,3034651.2,0.020913527111811527,-0.040220652865759376,0
2025-06-23,320.2,326.89,315.0,316.66,1695746,328.36,337.198,334.83000000000004,0.9806767613415762,39.54104148278907,-70.10145373690034,-94.8161623181418,-0.040220652865759376,0.024844084093021558,0.021664606048682457,1.2273995418435542,3122531.8,0.037548158908608555,0.09398092591422968,1
2025-06-24,335.5,347.95,331.11,346.42,4684225,330.598,338.29200000000003,335.9015,0.9842111452315635,56.2848562848563,-64.08271755794567,-88.66947336610258,0.09398092591422968,0.04001902384788644,0.029619719889090488,1.762338817252112,3476801.4,0.04861151203741116,0.003810403556376629,1
2025-06-25,348.0,349.5,345.0,347.74,1642530,333.84000000000003,337.85299999999995,337.0475,0.9904835371868951,53.84127559340461,-58.531596989728314,-82.64189809082772,0.003810403556376629,0.036687094993911554,0.029603798871799217,-0.6493486115632789,3084551.8,0.012940702823948927,-0.018577097831713463,0
2025-06-26,347.75,351.0,340.39,341.28,1506811,336.406,336.381,337.96750000000003,0.9953797332583754,48.04054665580593,-54.03072934238156,-76.91966434113849,-0.018577097831713463,0.03683400784995299,0.029955301303308153,-0.08262801897073413,2274897.3,0.031088842006563568,0.04280942334739812,1
2025-06-27,342.6,365.0,341.28,355.89,6413957,341.598,337.398,339.5505,1.0060300308790593,55.68901686548744,-48.72320364326515,-71.28037220156382,0.04280942334739812,0.038319924513123375,0.031240394239866492,3.2566433348309776,2576001.6,0.06664980752479707,-0.0018264070358817719,0
2025-06-30,357.1,359.0,353.01,355.24,1632314,349.31399999999996,338.83700000000005,340.6435,1.025453296481512,58.54523438851409,-44.061487455714996,-65.83659525239406,-0.0018264070358817719,0.03788697369321288,0.030790261980615505,-0.7455059333887022,2502224.7,0.016861839882896097,-0.01542619074428564,0
2025-07-01,357.0,357.0,347.98,349.76,2143278,349.98199999999997,340.29,341.3505,1.02528632593185,48.865485878410716,-40.344171497312914,-60.73811050137783,-0.01542619074428564,0.03782220781797766,0.031069787919923948,0.31303045860048995,2553170.1,0.02578911253430919,-0.0027447392497712553,0
2025-07-02,350.0,353.9,348.0,348.8,989113,350.19399999999996,342.017,342.202,1.0233546267993756,46.45459917273981,-37.04856302281195,-56.000201005664664,-0.0027447392497712553,0.03752435567160545,0.0309240323791488,-0.538504571035582,2446419.9,0.016915137614678832,0.0024655963302753214,1
2025-07-03,349.97,355.5,348.07,349.66,1500526,351.87,344.13800000000003,342.72200000000004,1.0266921878373725,52.138514980460265,-33.97572375620507,-51.595305555772754,0.0024655963302753214,0.03718509036113101,0.03057719724309863,0.5170420366530417,2296981.2,0.02124921352170682,0.009780930046330516,1
2025-07-04,352.99,354.5,350.0,353.08,962543,351.308,346.453,343.0955,1.0239364841567435,56.74423734421526,-30.908220356371146,-47.457888515892435,0.009780930046330516,0.03718512185733944,0.030383836482540425,-0.3585296089504614,2317104.3,0.012744986971791095,0.00994108983799702,1
2025-07-07,354.99,358.0,352.0,356.59,1531676,351.57800000000003,350.446,343.822,1.0225581841766962,62.05962059620594,-27.87267529546,-43.54084587180595,0.00994108983799702,0.03321844618082063,0.030307930384736153,0.5912805973343529,2300697.3,0.016826046720323062,-0.0043747721472839896,0
2025-07-08,358.0,359.63,352.07,355.03,1740065,352.632,351.30699999999996,344.7995,1.0227161002263634,63.5963897246008,-25.301206369726685,-39.8929179713901,-0.0043747721472839896,0.01697696479354331,0.02992660730933789,0.1360529250311424,2006281.3,0.02129397515702899,-0.007351491423259859,0
2025-07-09,356.49,357.0,350.25,352.42,1014954,353.35600000000005,351.775,344.814,1.0247727760473764,63.94415357766147,-23.206395030536953,-36.55561338321947,-0.007351491423259859,0.01725220709391989,0.027923909205882853,-0.41671489283446306,1943523.7,0.019153283014584868,0.0027240224731852614,1
2025-07-10,354.0,354.25,350.0,353.38,1390682,354.1,352.985,344.683,1.02732075559282,63.72468687814586,-21.224119536521812,-33.48931461387994,0.0027240224731852614,0.01575181154440807,0.02781987901757077,0.370192146639158,1931910.8,0.012026713452940178,-0.003961740902144961,0
2025-07-11,354.44,359.9,351.5,351.98,1637078,353.88,352.594,344.996,1.0257510232002691,74.00761283306147,-19.540865294355854,-30.699624749975126,-0.003961740902144961,0.007703528929825654,0.027005341376273556,0.1771763782086775,1454222.9,0.023864992329109543,0.0034376953235979446,1
2025-07-14,353.0,355.8,350.75,353.19,1083505,353.2,352.389,345.61299999999994,1.021952299248003,57.520550988669186,-17.902864218079344,-28.14027264359597,0.0034376953235979446,0.007825548654869681,0.026765399115231712,-0.3381469911635243,1399342.0,0.014298253064922595,-0.00940003963872138,0
2025-07-15,354.0,356.0,349.0,349.87,1176731,352.168,352.4,346.345,1.016812715644805,52.26547543075941,-16.680352101702283,-25.848288535217236,-0.00940003963872138,0.006704519017783544,0.026552283706194904,0.08604113502014288,1302687.3,0.020007431331637467,-0.0007145511189871057,0
2025-07-16,350.0,351.1,345.0,349.62,867656,351.60800000000006,352.48199999999997,347.2495,1.0125514939546352,60.2205882352942,-15.552397000817678,-23.78911022833733,-0.0007145511189871057,0.006640868933324626,0.02637580650993808,-0.2626556111804652,1290541.6,0.017447514444253825,0.02482695497969223,1
2025-07-17,350.95,359.1,349.0,358.3,2044005,352.592,353.346,348.742,1.0110396797632633,53.45569257241188,-13.799014548548257,-21.791091092379517,0.02482695497969223,0.010251374141427553,0.0266424866346487,1.3557780963884305,1344889.5,0.02818866871336875,0.0011442924923248388,1
2025-07-18,358.51,374.85,354.72,358.71,5228348,353.938,353.909,350.181,1.0107287374243605,55.01010684377706,-12.235321578268326,-19.879937189557282,0.0011442924923248388,0.009927650219540448,0.02665427228024508,1.55789393861561,1771470.0,0.0561177552897884,-0.002732011931643852,0
2025-07-21,358.5,365.0,356.0,357.73,987508,354.846,354.023,352.23449999999997,1.0074140948714565,63.226020577497664,-10.948948777299506,-18.093739507105727,-0.002732011931643852,0.009550125039936918,0.024580090738969936,-0.8111242786440382,1717053.2,0.02515863919715987,-0.001817012830906073,0
2025-07-22,358.0,361.0,355.61,357.08,1121102,356.288,354.228,352.76750000000004,1.0099796608247642,63.88329979879279,-9.868184346029864,-16.448628474890555,-0.001817012830906073,0.009442880555839112,0.013408317558367326,0.13528396731975834,1655156.9,0.015094656659572048,-0.000868152794891941,0
2025-07-23,358.0,360.0,355.5,356.77,771597,357.71799999999996,354.663,353.21899999999994,1.012737140414304,62.14554151007858,-8.93370298995228,-14.9456433779029,-0.000868152794891941,0.009049465270270994,0.013408549472976289,-0.3117512947082425,1630821.2,0.012613168147546039,-0.009193598116433499,0
2025-07-24,357.02,359.45,353.0,353.49,688855,356.756,354.674,353.8295,1.0082709327515087,50.70374184689329,-8.361403317926147,-13.628795365907552,-0.009193598116433499,0.009603592055273598,0.01282545867660578,-0.10723473523095606,1560638.5,0.018246626495799,0.014286118419191585,1
2025-07-25,353.2,360.0,352.01,358.54,931294,356.722,355.33000000000004,353.962,1.007797447183596,53.179002282360706,-7.414884733655754,-12.386013239457194,0.014286118419191585,0.01044842244559758,0.009063688372038935,0.35194489406333695,1490060.1,0.02228482177720759,0.030010598538517286,1
2025-07-28,361.89,373.24,361.74,369.3,3333943,359.03599999999994,356.941,354.665,1.0123243060352725,67.89566089791836,-5.730462654997723,-11.0549031225653,0.030010598538517286,0.013743346546569772,0.01119535952453151,2.5799038756826524,1715103.9,0.031139994584348768,-0.020092066070945047,0
2025-07-29,370.0,374.89,357.81,361.88,4317828,359.996,358.142,355.271,1.0132997064212952,60.586392121754706,-4.937363161405301,-9.8313951303333,-0.020092066070945047,0.015279627438290378,0.011618269548719829,0.29511152410224173,2029213.6,0.0471979661766331,-0.015060240963855387,0
2025-07-30,363.99,364.99,351.0,356.43,1928440,359.928,358.823,355.65250000000003,1.0120215659948966,53.10148464510882,-4.69448050219296,-8.804012204705232,-0.015060240963855387,0.016353438723916553,0.01218270912199499,-0.5533772998831821,2135292.0,0.03925034368599727,0.0014589119883285928,1
2025-07-31,358.0,362.35,352.5,356.95,855949,360.62,358.688,356.01699999999994,1.0129291578772925,55.14599295920478,-4.409207985691069,-7.9250513609024,0.0014589119883285928,0.01427464964229131,0.012179077806828472,-0.5561443446516355,2016486.4,0.027594901246673267,0.008292477938086629,1
2025-08-01,358.0,362.1,355.0,359.91,1168697,360.894,358.808,356.3585,1.0127273518100453,56.71462829736214,-3.899331136742944,-7.11990731607051,0.008292477938086629,0.01453092492569147,0.012127693178358644,0.3653815823138995,1610521.3,0.019727154010724966,0.03389736322969639,1
2025-08-04,364.97,374.0,363.51,372.11,2876974,361.456,360.246,357.1345,1.0121004831513059,68.87304820095045,-2.482198777746646,-6.192365608405738,0.03389736322969639,0.017877157036612898,0.01408022696169846,1.4616936639693607,1799467.9,0.028190588804385824,0.007605278009190863,1
2025-08-05,372.11,377.85,371.99,374.94,3163979,364.06800000000004,362.03200000000004,358.13,1.0165805713009244,70.58536585365854,-1.1178677411797366,-5.177466034960538,0.007605278009190863,0.017779182523662992,0.01403942207173306,0.09975933046318808,2003755.6,0.015629167333440053,0.015709180135488277,1
2025-08-06,377.5,382.51,375.16,380.83,3126789,368.948,364.438,359.55049999999994,1.026136801367263,69.18753193663771,0.43364936999012116,-4.0552429539704065,0.015709180135488277,0.017939863188806533,0.014106493554487986,-0.011754186737649053,2239274.8,0.019299950108972418,0.0038337315862722043,1
2025-08-07,381.01,384.4,376.2,382.29,2162742,374.01599999999996,367.31800000000004,360.996,1.0360668816274972,69.72891566265065,1.7607508175449311,-2.892044199667339,0.0038337315862722043,0.017112081932489462,0.014103485109229232,-0.3083185338057669,2386663.5,0.0214496847942661,-0.019775563054225898,0
2025-08-08,380.0,386.9,370.2,374.73,1639040,376.98,368.937,362.1335,1.04099731176486,62.81278263491106,2.1773602044605695,-1.8781633188417572,-0.019775563054225898,0.019005722564873276,0.014990682260792806,-0.24214723716467335,2457438.1,0.044565420436047255,0.0030688762575721285,1
2025-08-11,374.0,382.4,372.0,375.88,1875675,377.73400000000004,369.595,363.26800000000003,1.0398218395234373,64.06343506882108,2.570688240312279,-0.98839300701095,0.0030688762575721285,0.016780839674105732,0.014990656313486901,0.14437414584146824,2311611.3,0.027668404810045698,0.006704267319357138,1
2025-08-12,378.97,381.25,376.51,378.4,1139433,378.426,371.247,364.69449999999995,1.03765206220549,65.66256335988415,3.0505812799076466,-0.18059814962723064,0.006704267319357138,0.014915791166715438,0.01470669973562825,-0.3925210924067336,1993771.8,0.012526427061310807,0.018551797040169182,1
2025-08-13,380.11,387.0,379.01,385.42,1860408,379.344,374.146,366.48449999999997,1.0350887963883875,71.9329578238769,3.9518013960588974,0.645881759509995,0.018551797040169182,0.013740711419725979,0.015007532707450016,0.632748919857508,1986968.6,0.020730631518862563,0.02314358362306046,1
2025-08-15,387.45,399.75,383.0,394.34,3300897,381.754,377.885,368.2865,1.036567998012417,73.34985650926166,5.324417710467344,1.581588949701465,0.02314358362306046,0.014304696634877066,0.014894734974236538,0.7742866080988686,2231463.4,0.04247603590809961,0.042298524116244796,1
2025-08-18,395.0,413.5,394.6,411.02,3728197,389.012,382.996,370.90200000000004,1.0488269138478628,75.26035359651246,7.669750518502838,2.7992212634617397,0.042298524116244796,0.01750950545111392,0.01703615273847414,0.12944966171316463,2487413.4,0.04598316383630961,0.03639725560799967,1
2025-08-19,412.0,430.0,412.0,425.98,3914791,399.032,388.383,374.3145,1.06603404356497,85.5636928539725,10.613247726866746,4.362026556142741,0.03639725560799967,0.017847606292698985,0.018078722335796233,0.05004939384909113,2591195.1,0.04225550495328419,-0.003192638152025973,0
2025-08-20,430.0,432.45,423.01,424.62,2577062,408.276,393.351,377.6915,1.0809774644120929,89.63152388701614,12.689967787814396,6.027614802477073,-0.003192638152025973,0.01857282688969057,0.018124291386370096,-0.3417114732306271,2532503.4,0.022231642409683946,-0.01109227073618757,0
2025-08-21,425.0,428.95,409.0,419.91,3096060,415.174,397.259,380.84849999999994,1.0901290145556568,84.89248503657727,13.796686151373763,7.5814290722564115,-0.01109227073618757,0.019967571862520517,0.01855207644389674,0.20139135185727008,2529430.5,0.04751018075301847,-0.00673953942511496,0
2025-08-22,419.91,424.5,415.5,417.08,1247451,419.72200000000004,400.738,384.02799999999996,1.09294634766215,81.7293817293817,14.28079100998724,8.921301459802578,-0.00673953942511496,0.020599927754492754,0.018437751509367942,-0.5970843588302552,2437901.4,0.02157859403471756,-0.008391675457945724,0
2025-08-25,418.01,420.0,411.0,413.58,696364,420.23400000000004,404.623,386.78,1.0864936139407417,75.47610271532126,14.218129107077743,9.980666989257612,-0.008391675457945724,0.01909665075988025,0.01875552368788232,-0.4417704583186033,2343633.8,0.021761207021616134,0.004497316117800798,1
2025-08-26,413.7,422.98,411.0,415.44,907341,418.12600000000003,408.579,389.087,1.074633693749727,75.18030340711263,14.155381130643491,10.815609817534789,0.004497316117800798,0.019043692148006948,0.017983564037957377,0.30296942403685434,2246800.4,0.028836895821297944,-0.0019497400346620841,0
2025-08-27,418.0,419.5,413.8,414.63,787919,416.12800000000004,412.20200000000006,391.72450000000003,1.0622976096721037,72.43164321741438,13.880289341350021,11.428545722297835,-0.0019497400346620841,0.019414119837283642,0.01702735585692729,-0.13161755062319458,2211649.0,0.013747196295492339,0.008754793430287178,1
2025-08-28,415.0,423.5,414.63,418.26,1560131,415.79799999999994,415.48600000000005,394.816,1.0531437429080888,73.20345761837179,13.796154300264277,11.902067437891125,0.008754793430287178,0.0191436088057435,0.016219746062483657,0.9800652097487179,2181621.3,0.02120690479605988,0.021900253430880312,1
2025-08-29,420.0,435.0,419.25,427.42,2963919,417.866,418.794,398.3395,1.0490197432089963,83.30173176589557,14.303727652117232,12.382399480736348,0.021900253430880312,0.01904077667917664,0.016418510797436326,0.8997885433979582,2147923.5,0.036849000982640025,0.042417294464461186,1
2025-09-01,429.2,449.2,428.01,445.55,4086384,424.26000000000005,422.247,402.62149999999997,1.0537440250955303,86.2524716411697,15.984661444570406,13.102851873503159,0.042417294464461186,0.01906439851238701,0.01801721880115765,0.37870974206785,2183742.2,0.047559196498709454,-0.010840534171248972,0
2025-09-02,448.0,448.0,438.0,440.72,2089897,429.316,423.721,406.052,1.0572931545713355,81.66666666666666,16.7341718353008,13.829115865862688,-0.010840534171248972,0.01706541630417699,0.01778506515708684,-0.48857057975951357,2001252.8,0.022690143401706296,0.0055590851334179625,1
2025-09-03,441.26,450.0,441.26,443.17,2159612,435.024,425.576,409.4635,1.0624243674955154,80.77373974208675,17.32613385840523,14.528519464371197,0.0055590851334179625,0.016905650710648867,0.017797242324194162,0.03335810329408573,1959507.8,0.01972155154906697,0.0219780219780219,1
2025-09-04,443.17,456.0,443.1,452.91,2993412,441.954,428.87600000000003,413.0675,1.0699316697634165,80.94030639197041,18.36945300632567,15.296706172762091,0.0219780219780219,0.016769882756428496,0.017984319741213128,0.3860878713398519,1949243.0,0.028482479962906485,0.029299419310679697,1
2025-09-05,454.9,482.0,454.1,466.18,6159407,449.706,433.78599999999994,417.262,1.0777545043641645,80.22797018851381,20.036105295934817,16.244585997396637,0.029299419310679697,0.017184874625599807,0.018503992876589943,1.0576542754555671,2440438.6,0.05984812733278986,0.02657771676176579,1
2025-09-08,469.0,481.0,469.0,478.57,3073083,456.31000000000006,440.285,422.454,1.080141269818726,79.65490019172209,22.10193138840998,17.416055075599306,0.02657771676176579,0.01626062621528432,0.01743312611216858,-0.5010748599662272,2678110.5,0.02507470171552751,0.005098522682157158,1
2025-09-09,477.9,485.97,472.5,481.01,3637777,464.36800000000005,446.842,427.71049999999997,1.0857063364121293,81.41504178272979,23.663226117404406,18.665489283960326,0.005098522682157158,0.016219280790885884,0.017381491076589966,0.18375488068496693,2951154.1,0.028003575809234793,0.0045737094862892125,1
2025-09-10,475.6,486.0,474.0,483.21,1838689,472.37600000000003,453.7,432.951,1.0910611131513728,86.27922971114165,24.792294909438112,19.890850409055886,0.0045737094862892125,0.015586020448776702,0.017425667672358945,-0.49455697806654997,3056231.1,0.024833923139007886,-0.005318598538937458,0
2025-09-11,483.5,486.99,478.0,480.64,1919069,477.922,459.93799999999993,437.712,1.0918640567313669,86.53713497355716,25.189345445539345,20.95054941635258,-0.005318598538937458,0.016850065483114948,0.01779864804290478,0.04371593020896958,3092124.9,0.018704227696404813,-0.013461218375499295,0
2025-09-12,481.0,483.0,471.5,474.17,1666181,479.52,464.613,441.70349999999996,1.0856151241726635,83.67982212340193,24.69724150150995,21.699887833384054,-0.013461218375499295,0.018651147521918838,0.01838352951500551,-0.13177639782623762,2962351.1,0.02425290507623848,0.005103654807347535,1
2025-09-15,474.17,479.05,470.0,476.59,2177425,479.12399999999997,467.717,444.98199999999997,1.07672669905749,83.78079770191142,24.223288365857115,22.204567939878665,0.005103654807347535,0.01493897413427275,0.016685105202172815,0.30683581195560383,2771455.2,0.01898906817180388,0.001951362806605239,1
2025-09-16,479.9,481.0,475.0,477.52,1586736,478.42600000000004,471.39700000000005,447.559,1.0689674433985241,84.6960167714885,23.650096725492688,22.49367369700147,0.001951362806605239,0.013756034621512543,0.015269344961836542,-0.27127868927747223,2721139.1,0.01256491874685877,0.006366225498408484,1
2025-09-17,478.8,487.5,477.0,480.56,2244163,477.896,475.13599999999997,450.35599999999994,1.0611516222721582,84.59573522878725,23.174005306683,22.629740018937774,0.006366225498408484,0.013741593753647023,0.01512073608692418,0.41432664286938725,2729594.2,0.021849508906276013,0.008094722823372758,1
2025-09-18,481.0,486.0,480.56,484.45,1319613,478.658,478.28999999999996,453.58299999999997,1.055282054221609,83.6380795092604,22.847221371072123,22.673236289364645,0.008094722823372758,0.01287052588881187,0.014556378460236488,-0.4119798784669384,2562214.3,0.011229229022602948,0.007307255650738087,1
2025-09-19,485.99,494.5,480.55,487.99,1361634,481.4219999999999,480.471,457.1285,1.0531437002943371,80.2365346252494,22.613220038373356,22.661233039166387,0.007307255650738087,0.010207718599698093,0.014178642302059332,0.03184342682286401,2082437.0,0.028586651365806653,-0.011455152769524024,0
2025-09-22,489.47,491.98,481.01,482.4,874264,482.584,480.854,460.56949999999995,1.0477984321584475,79.37693825768254,21.726259221719033,22.474238275676917,-0.011455152769524024,0.007958971645366311,0.014379889040433491,-0.3579302514478927,1862555.1,0.022740464344942014,-0.012769485903814215,0
2025-09-23,485.0,486.0,475.05,476.24,879952,482.328,480.37699999999995,463.6095,1.0403755747024164,72.15003348961824,20.292358191899098,22.037862258921354,-0.012769485903814215,0.008849136872856506,0.015090805806680594,0.006506043940960549,1586772.6,0.02299260876868803,-0.0029606920880228538,0
2025-09-24,476.7,481.0,473.0,474.83,578674,481.18199999999996,479.53899999999993,466.61949999999996,1.0312085114316911,66.52593486127864,18.825200881448666,21.39532998342682,-0.0029606920880228538,0.008643930301093842,0.015123874917299995,-0.3423800389112134,1460771.1,0.01684813512204368,-0.021502432449508224,0
2025-09-25,475.05,477.6,460.0,464.62,1187814,477.216,477.93700000000007,468.9375,1.0176537385045983,48.76699336073348,16.646713519911145,20.445606690723686,-0.021502432449508224,0.01067108671612175,0.016389850498414196,1.0526479503139936,1387645.6,0.03788041840643972,0.012784641212173486,1
2025-09-26,465.0,474.0,460.75,470.56,2136072,473.73,477.576,471.0945,1.005594418954159,42.95018482661503,15.22406144440555,19.40129764146006,0.012784641212173486,0.011121248955992143,0.016029517039091862,0.7983219594987094,1434634.7,0.028157939476368583,-0.007352941176470562,0
2025-09-29,473.98,473.98,466.0,467.1,847609,470.66999999999996,476.62700000000007,472.172,0.9968189558042407,37.973370223067626,13.659943021209983,18.253026717410048,-0.007352941176470562,0.011095560105355083,0.01358151880698395,-0.6031926826436562,1301653.1,0.017084136159280706,0.018818240205523473,1
2025-09-30,467.25,478.0,463.1,475.89,1588041,470.6,476.46399999999994,473.93050000000005,0.9929725983029156,44.3185346165787,12.98002182900592,17.198425739729224,0.018818240205523473,0.012891755404469341,0.013672668743139932,0.8735537258334916,1301783.6,0.031309756456323896,0.006682216478598013,1
2025-10-01,478.89,483.0,469.55,479.07,996089,471.44800000000004,476.31500000000005,475.7255,0.9910084702207471,48.792864831616185,12.553074777233405,16.26935554723006,0.006682216478598013,0.01291019466555624,0.013681995290370948,-0.3727561190170783,1176976.2,0.028075229089694592,-0.014465526958482022,0
2025-10-02,479.0,484.99,470.1,472.14,1566426,472.95200000000006,475.084,476.687,0.9921646698986967,48.45014506031453,11.522696605306521,15.320023758845352,-0.014465526958482022,0.013259247905222224,0.013586814790716713,0.5725763460895563,1201657.5,0.031537255898674094,0.004193671368661889,1
2025-10-03,475.0,479.79,473.01,474.12,837163,473.66400000000004,473.69699999999995,477.084,0.9928314510652213,48.10146041506536,10.742056195901569,14.404430246256597,0.004193671368661889,0.013038302791477352,0.012017384141375856,-0.4655585389925857,1149210.4,0.014300177170336686,-0.007318822239095635,0
2025-10-06,472.5,474.0,467.0,470.65,827392,474.37399999999997,472.52200000000005,476.68799999999993,0.9951456718021012,44.9178872614292,9.731217627895944,13.469787722584467,-0.007318822239095635,0.012796683326931797,0.010502103357617261,-0.011671562168896643,1144523.2,0.01487304791246149,-0.03089344523531279,0
2025-10-07,475.77,475.77,455.0,456.11,1488722,470.418,470.509,475.44300000000004,0.9894309096989544,34.54292578075611,7.668466981989582,12.30952357446549,-0.03089344523531279,0.01544054171574814,0.012360741088165426,0.799294651144802,1205400.2,0.04553726074850361,-0.026660235469514015,0
2025-10-08,457.0,459.99,440.0,443.95,2592217,463.39399999999995,467.421,473.48,0.9786981498690546,26.82005494505495,4.994933376427753,10.846605534857943,-0.026660235469514015,0.016971809582284173,0.013343249945189362,0.7412364430699621,1406754.5,0.045027593197432166,0.015609865975898307,1
2025-10-09,445.11,463.49,445.11,450.88,1481644,459.142,466.047,471.992,0.9727749622874964,29.55371900826445,3.3961827353018066,9.356520974946715,0.015609865975898307,0.017396443292664942,0.01404820744367914,-0.42842593810626195,1436137.5,0.04076472675656493,-0.005633427963094406,0
2025-10-10,450.0,460.0,443.0,448.34,1114027,453.98600000000005,463.825,470.70050000000003,0.9644901588164874,30.581527936145946,1.9022763043876694,7.865672040834907,-0.005633427963094406,0.016508355209755847,0.013851912134855756,-0.24811425686602184,1333933.0,0.037917651782129635,-0.03782843377793632,0
2025-10-13,441.0,450.0,425.0,431.38,2567586,446.13199999999995,460.253,468.43999999999994,0.9523781060541372,27.22842639593908,-0.6427760423899258,6.163982424189941,-0.03782843377793632,0.01957943143477091,0.015771651640182308,1.3047789685528266,1505930.7,0.05795354443877788,0.08294311280077893,1
2025-10-14,440.0,472.0,440.0,467.16,1942602,448.342,459.38,467.922,0.9581554190655707,47.11372017761723,0.22480717358081392,4.976147374068115,0.08294311280077893,0.03425120273335822,0.02519378183449209,-0.24341307360298736,1541386.8,0.06849901532665467,-0.018430516311328082,0
2025-10-15,468.0,470.01,454.05,458.55,1873814,451.262,457.328,466.8215,0.9666692729447979,47.68797135674564,0.21513810149423307,4.023945519553339,-0.018430516311328082,0.03451749054555691,0.02543147845602715,-0.03541023843278246,1629159.3,0.03480536473666989,-0.008635917566241491,0
2025-10-16,458.35,465.95,452.1,454.59,1593384,452.004,455.57300000000004,465.32849999999996,0.9713653902565608,43.82396163663083,-0.11078653448805653,3.1969991087450604,-0.008635917566241491,0.03436715583990062,0.02535555279087712,-0.14965732991641645,1631855.1,0.03046701423260513,0.011658857431971592,1
2025-10-17,457.0,463.0,451.12,459.89,986837,454.314,454.15,463.9235,0.9792864556333103,47.250819797147855,0.057913953383263106,2.5691820776727012,0.011658857431971592,0.034627278328934544,0.025465988206564955,-0.3806659286148223,1646822.5,0.025832264237100167,0.005566548522472736,1
2025-10-20,465.0,467.5,456.0,462.45,666061,460.52799999999996,453.33000000000004,462.92600000000004,0.9948199064213284,44.619695756605296,0.3936432364347411,2.1340743094251096,0.005566548522472736,0.03466853759302442,0.025441032937066385,-0.3250546949496219,1630689.4,0.024867553248999894,-8.649583738773448e-05,0
2025-10-21,463.01,465.0,458.01,462.41,718850,459.578,453.96000000000004,462.2345,0.9942529170799669,43.15867279894877,0.6490021535100254,1.8370598782420928,-8.649583738773448e-05,0.033071757713210845,0.025311207744304648,0.0792555036250433,1553702.2,0.01511645509396425,-0.0055362124521528555,0
2025-10-22,462.3,463.75,457.11,459.85,861474,459.838,455.55,461.48550000000006,0.996430007009971,44.76531220717269,0.6374571209792066,1.5971393267895158,-0.0055362124521528555,0.03169429743856256,0.025327314465566502,0.19840578702093614,1380627.9,0.01443949113841467,-0.01754920082635658,0
2025-10-23,457.99,460.0,450.0,451.78,635349,459.276,455.64,460.84349999999995,0.9965986283846904,40.954000647878196,-0.02261328480398106,1.2731888044708166,-0.01754920082635658,0.03207268129219567,0.025176362812250365,-0.26248615744642323,1295998.4,0.022134667315950242,0.0011952720350614232,1
2025-10-24,451.78,455.0,443.02,452.32,510119,457.762,456.0379999999999,459.93149999999997,0.9952829932283395,42.39734549979263,-0.4964278387959098,0.9192654758174714,0.0011952720350614232,0.03199671507879883,0.024972352775802346,-0.19710426867752995,1235607.6,0.026485673859214756,-0.015741068270251124,0
2025-10-27,452.32,452.32,443.8,445.2,388945,454.312,457.4200000000001,458.8365,0.9901391890139516,45.17811367453372,-1.4299699783759365,0.4494183849787899,-0.015741068270251124,0.029671112845540727,0.025142393956686094,-0.2375406522791741,1017743.5,0.019137466307277588,0.01671159029649605,1
2025-10-28,455.0,464.9,450.51,452.64,1406545,452.358,455.96799999999996,457.674,0.9883847454738526,54.007932847523286,-1.5515774099172859,0.049219225999574734,0.01671159029649605,0.012261695256410653,0.025054380085735146,2.6163082183856328,964137.8,0.03179126899964649,-0.022887946270767068,0
2025-10-29,452.51,458.0,440.0,442.28,736919,448.84399999999994,454.341,455.83450000000005,0.9846643902556736,46.155221745350495,-2.455610840214206,-0.4517467872431814,-0.022887946270767068,0.012943595687968698,0.025372436107847212,-0.47607861817432073,850448.3,0.04069820023514516,0.008252690603237856,1
2025-10-30,442.0,452.85,442.0,445.93,1121777,447.674,453.475,454.524,0.9849292886624248,48.933156263833574,-2.8447468800169986,-0.9303468057979449,0.008252690603237856,0.013300310627865186,0.025373145007206468,0.5222527849058038,803287.6,0.024331173054066832,0.03126051173951061,1
2025-10-31,450.0,462.0,450.0,459.87,754891,449.184,453.47299999999996,453.81149999999997,0.9898030349605509,62.95824615664512,-2.005183983793927,-1.1453142413971413,0.03126051173951061,0.016556801867243127,0.02645091376990105,-0.327057873356291,780093.0,0.026094331006588818,0.00010872637919412398,1
2025-11-03,465.0,465.48,458.0,459.92,709293,452.128,453.21999999999997,453.275,0.9974695273288843,45.121293800539085,-1.3205670823793412,-1.1803648095935813,0.00010872637919412398,0.01644685051202197,0.02641259939788375,-0.0604034224808615,784416.2,0.01626369803444081,-0.011219342494346862,0
2025-11-04,460.0,462.05,449.82,454.76,718536,452.55199999999996,452.45500000000004,453.2075,0.9985536426471318,47.32155477031801,-1.1807610532667354,-1.180444058328212,-0.011219342494346862,0.016794344165209665,0.02558742408392001,0.013031286083466265,784384.8,0.026893306359398406,-0.02801477702524413,0
2025-11-05,455.85,455.85,440.01,442.02,1120641,452.5,450.6719999999999,453.111,0.9986515445442729,42.097321765371575,-2.0740667449504144,-1.3591685956526527,-0.02801477702524413,0.018775998556601232,0.025663815074463994,0.559617054677845,810301.5,0.03583548255735042,-0.005339124926473815,0
2025-11-06,443.95,444.84,427.99,439.66,1702646,451.246,449.46000000000004,452.55,0.9971185504364158,36.79331505418466,-2.9385761416262426,-1.675050104847371,-0.005339124926473815,0.01816889434439062,0.02542330589509501,0.5193500862452829,917031.2,0.03832506937178721,0.0004094072692533146,1
2025-11-07,440.0,445.0,432.55,439.84,682624,447.23999999999995,448.212,452.125,0.9891954658556814,34.76620401563132,-3.568051296952035,-2.0536503432683038,0.0004094072692533146,0.018152503657245946,0.025400742673519862,-0.5990804900137785,934281.7,0.028305747544561635,0.0035922153510368204,1
2025-11-10,441.99,446.5,439.0,441.42,708042,443.53999999999996,447.834,452.62700000000007,0.9799238666716742,36.14521452145217,-3.8945283981679495,-2.421825954248233,0.0035922153510368204,0.017624713877015044,0.023851962423581834,0.03723572567035438,966191.4,0.016990621177110234,-0.024466494495038793,0
2025-11-11,441.0,443.99,430.0,430.62,1365386,438.712,445.63199999999995,450.8,0.9731854480922804,32.599118942731295,-4.967471672360773,-2.9309550978707413,-0.024466494495038793,0.017909513544216916,0.014965110195515757,0.9283969030085786,962075.5,0.032488040499744575,-0.01458362361246579,0
2025-11-12,430.0,434.0,422.0,424.34,1132424,435.17600000000004,443.838,449.08949999999993,0.9690184250578117,33.30900243309004,-6.2524560419151385,-3.5952552866796212,-0.01458362361246579,0.01715585587387417,0.014793033218041925,-0.17061988331504796,1001626.0,0.028279210067398787,0.050808314087759765,1
2025-11-13,425.01,449.0,425.01,445.9,2584227,436.424,443.83500000000004,448.65500000000003,0.9727385184607326,46.89013757023832,-5.4680710774131285,-3.9698184448263234,0.050808314087759765,0.02431650940591288,0.019105949478442342,1.2820312886339393,1147871.0,0.053801300740076274,-0.007826867010540361,0
2025-11-14,448.11,450.89,441.51,442.41,997259,436.938,442.08900000000006,447.78100000000006,0.9757850377751622,48.59925695350941,-5.069614810895473,-4.189777718040153,-0.007826867010540361,0.021789068622406507,0.018933610278799553,-0.6140977553442479,1172107.8,0.021202052394837356,-0.022106191089713234,0
2025-11-17,445.1,447.9,431.0,432.63,1116466,435.17999999999995,439.36,446.28999999999996,0.9751058728629366,40.18444030216817,-5.479831527317344,-4.447788479895591,-0.022106191089713234,0.02248427614352135,0.019375441369336454,0.11953464446046613,1212825.1,0.039063402907796446,-0.005524351062108468,0
2025-11-18,435.99,436.0,425.0,430.24,1244144,435.104,436.908,444.68149999999997,0.978462112770601,43.59301830566201,-5.929433438732474,-4.7441174716629675,-0.005524351062108468,0.022405846766073274,0.01936832830490474,0.11435905795608647,1265385.9,0.025567125325399776,-0.0050204537002603855,0
2025-11-19,430.24,434.5,426.91,428.08,911237,435.85200000000003,435.514,443.09299999999996,0.9836580582405953,40.34822104466313,-6.386421449798718,-5.072578267290117,-0.0050204537002603855,0.0209488204153561,0.019365709513597257,-0.2675791548245219,1244445.5,0.01773033077929353,0.003971220332648073,1
2025-11-20,430.0,432.89,426.1,429.78,644548,432.628,434.526,441.99300000000005,0.9788118816361344,31.247662968964207,-6.536068222573704,-5.365276258346835,0.003971220332648073,0.021040284901827293,0.019134474791090775,-0.29266700101071397,1138635.7,0.01579878077155746,-0.0031644096979849268,0
2025-11-21,431.0,435.0,426.5,428.42,838510,429.83000000000004,433.384,440.79800000000006,0.975117854436726,30.684326710816762,-6.687317765658634,-5.629684559809195,-0.0031644096979849268,0.02102374817551847,0.019117133521498623,0.3009271613595885,1154224.3,0.019840343588067782,-0.003361187619625561,0
2025-11-24,428.01,431.0,421.87,426.98,984016,428.7,431.93999999999994,439.887,0.9745684687203758,32.15111796453354,-6.844481165333093,-5.872643880913975,-0.003361187619625561,0.020917080294968787,0.01886593891037896,0.1735292363835852,1181821.7,0.021382734554311666,0.008314206754414633,1
2025-11-25,428.1,433.45,423.0,430.53,606817,428.758,431.9309999999999,438.78150000000005,0.9771560560324443,41.629025207635124,-6.606424214475965,-6.019399947626373,0.008314206754414633,0.019736639627324245,0.018519728199069798,-0.3833260841287134,1105964.8,0.02427240842682273,0.01433117320511923,1
2025-11-26,427.5,440.0,423.5,436.7,1197282,430.48199999999997,433.16700000000003,438.50249999999994,0.9817093403116288,47.956929872998316,-5.852431740562565,-5.986006306213612,0.01433117320511923,0.01945420678830464,0.018213736435435165,0.9730528314137541,1112450.6,0.037783375314861464,0.034073734829402236,1
2025-11-27,438.07,457.0,438.0,451.58,1937982,434.842,433.735,438.78499999999997,0.991013822259193,56.73628643562084,-4.007993970509972,-5.590403839072884,0.034073734829402236,0.015127397931639407,0.01971824189963348,0.6186512450700838,1047826.1,0.04207449399884849,0.014748217370122774,1
2025-11-28,453.5,460.48,452.0,458.24,1906835,440.8059999999999,435.31800000000004,438.70349999999996,1.0047925307183552,59.11949685534591,-1.9859644473006028,-4.869515960718428,0.014748217370122774,0.015286281675680097,0.018695411961809523,-0.016071872700572087,1138783.7,0.01850558659217881,0.0155158868715084,1
2025-12-01,464.0,469.0,455.0,465.35,2448671,448.48,438.59,438.975,1.02165271370807,69.61481983508418,0.1880582782600868,-3.8580011129227256,0.0155158868715084,0.012652187342681162,0.019015405696637032,0.2841546332010898,1272004.2,0.030084882346620823,0.024411733104115152,1
2025-12-02,468.99,481.4,463.25,476.71,4149100,457.716,443.23699999999997,440.07250000000005,1.0400922575257485,77.9724388420041,2.7954201483915426,-2.527316860659872,0.024411733104115152,0.012798169114833287,0.01949732921161777,0.6944293455511172,1562499.8,0.038073461853118204,-0.011705229594512367,0
2025-12-03,480.0,480.0,466.0,471.13,973670,464.602,447.54200000000003,441.52799999999996,1.0522594263557465,66.25016102022417,4.361240187401734,-1.149605451047551,-0.011705229594512367,0.0138254188801149,0.018465977743423796,-0.7653298305656648,1568743.1,0.0297157896971112,0.0006579924861502828,1
2025-12-04,469.0,472.98,465.0,471.44,568533,468.57399999999996,451.70799999999997,443.117,1.057449838304556,69.49630624580254,5.563050871100302,0.19292581338201953,0.0006579924861502828,0.014016699510684428,0.01836580805494501,-0.4160927213532306,1561141.6,0.01692686237909388,0.008824028508399806,1
2025-12-05,478.0,478.0,468.01,475.6,1475173,472.046,456.42600000000004,444.90500000000003,1.0610040345691776,81.21458666279244,6.77309569882874,1.5089597904713639,0.008824028508399806,0.01331971129051605,0.018383947066418112,1.5947007473620705,1624807.9,0.021005046257359144,0.0009671993271656021,1
2025-12-08,475.0,477.98,471.5,476.06,755301,474.188,461.334,446.637,1.061685440301632,84.24514200298957,7.680645399199193,2.7432969122169295,0.0009671993271656021,0.012879350280891998,0.018396937454371515,-0.4879915779369606,1601936.4,0.01361172961391425,0.02071167499894977,1
2025-12-09,479.45,488.7,473.49,485.92,1639272,476.03000000000003,466.87299999999993,449.40199999999993,1.0592520727544605,88.76675603217166,9.090712595794855,4.012780048932515,0.02071167499894977,0.01318369316414696,0.017475565569276916,1.170355924326858,1705181.9,0.03130144879815603,0.023378333882120517,1
2025-12-10,485.92,504.0,485.27,497.28,2634361,481.26000000000005,472.9309999999999,453.0490000000001,1.0622692026690268,90.05459292665564,10.998079059272413,5.409839851000495,0.023378333882120517,0.01364447558962166,0.017157827099273347,0.6070310479285927,1848889.8,0.03766489703989708,-0.020189832689832654,0
2025-12-11,495.0,496.0,484.52,487.24,1026336,484.41999999999996,476.49699999999996,455.116,1.0643879802072438,81.64407144394237,11.566208578415512,6.641113596483499,-0.020189832689832654,0.015113425585102773,0.01507480115476569,-0.610404192895355,1757725.2,0.02356128396683363,0.0032427551104179386,1
2025-12-12,487.24,492.77,481.0,488.82,761289,487.064,479.555,457.43649999999997,1.064768552575057,83.21873657069192,12.005555539813486,7.714001985149496,0.0032427551104179386,0.014957083618633373,0.014797102450618481,-0.2582458376204284,1643170.6,0.024078392864449044,-0.00045006341802700245,0
2025-12-15,490.0,496.0,487.02,488.6,697626,489.572,481.87999999999994,460.235,1.063743522330983,82.35097493036218,12.195407939315544,8.610283175982707,-0.00045006341802700245,0.014748092718018923,0.013430409098573822,-0.08362527239983764,1468066.1,0.018379042161277153,-0.0006139991813344237,0
2025-12-16,491.98,500.0,487.5,488.3,1138092,490.04799999999994,483.03899999999993,463.13800000000003,1.0581036321787456,80.75822603719605,12.181242064972992,9.324474953780765,-0.0006139991813344237,0.013118567019442163,0.013248709510844742,0.6313784176621857,1166965.3,0.025599016997747286,-0.0238992422690969,0
2025-12-17,488.8,490.5,471.2,476.63,1401564,485.918,483.58900000000006,465.56550000000004,1.0437156533291234,65.52621792487916,11.100385701143693,9.679657103253351,-0.0238992422690969,0.01501370205645071,0.01470060601477165,0.2315032528126022,1209754.7,0.040492625306841806,0.018588842498374003,1
2025-12-18,479.11,495.03,477.0,485.49,1456032,485.56800000000004,484.99399999999997,468.351,1.036760890870309,66.441414263304,10.833841419498015,9.910493966502285,0.018588842498374003,0.015973494109730483,0.014981901552395333,0.03886229954536513,1298504.6,0.03713773713155775,0.027909946651836215,1
2025-12-19,485.67,503.04,485.67,499.04,2918362,487.61199999999997,487.338,471.88199999999995,1.0333346048376502,68.8612697346322,11.582459530237202,10.244887079249269,0.027909946651836215,0.01777762347671516,0.015557791207700282,1.0043254543856177,1442823.5,0.034806829111894845,0.027372555306187873,1
2025-12-22,498.99,529.5,495.0,512.7,3865992,492.43199999999996,491.00200000000007,476.168,1.034156012163774,69.64305206855151,13.126676459958958,10.821244955391208,0.027372555306187873,0.019034501039575526,0.015913927255231632,0.3247129725510407,1753892.6,0.06729081334113517,-0.006826604251999324,0
2025-12-23,510.0,520.0,505.1,509.2,1265993,496.61199999999997,493.33000000000004,480.10149999999993,1.034389603031859,71.26102982240589,13.907738995097532,11.438543763332474,-0.006826604251999324,0.01891931994638778,0.01631874841420156,-0.6725308795258759,1716564.7,0.02926158680282792,-0.036881382560879805,0
2025-12-24,495.01,502.0,487.96,490.42,1659599,499.37,492.64400000000006,482.7875,1.0343474095746057,58.787037037037045,12.86307016655826,11.72344904397763,-0.036881382560879805,0.021747808971197703,0.019138598610059225,0.3109069323448075,1619088.5,0.028628522490926185,-0.008278618327148157,0
2025-12-26,491.89,497.8,485.0,486.36,1277190,499.54400000000004,492.55600000000004,484.52650000000006,1.030994176789092,54.986098239110284,11.574135099565297,11.693586255095164,-0.008278618327148157,0.020900312321289017,0.018187328121150547,-0.23042252977978417,1644173.9,0.026317953779093697,0.0007813142528168004,1
2025-12-29,489.89,495.0,484.8,486.74,941680,497.084,492.34799999999996,485.9515,1.0229086647535814,54.952698942682254,10.46270010292335,11.447409024660802,0.0007813142528168004,0.020872569577398966,0.018015150670004774,-0.2626938826642864,1662213.0,0.020955746394378905,0.001027242470312606,1
2025-12-30,487.0,492.0,486.1,487.24,1120108,491.992,492.2120000000001,487.046,1.0101550982864043,50.670322973796466,9.51257068842699,11.060441357414039,0.001027242470312606,0.020876064502966935,0.017782622807386943,0.189478379067199,1704461.2,0.012109022247762863,-0.025203185288564245,0
2025-12-31,492.0,492.0,470.0,474.96,3110153,485.14399999999995,490.87800000000004,486.9585,0.9962738097805047,38.77037633326626,7.6801607974292665,10.384385245417086,-0.025203185288564245,0.022342334033251057,0.01801702829343372,1.7766545725947855,1901667.3,0.04631969007916456,0.012758969176351664,1
2026-01-01,476.01,492.0,476.01,481.02,1560281,483.26399999999995,491.317,487.4530000000001,0.9914063509712728,46.74004192872117,6.64040762587905,9.63558972150948,0.012758969176351664,0.021437622018871644,0.01801306714757862,-0.4983266096555379,1917539.0,0.033241861045278806,-0.00536360234501676,0
2026-01-02,483.99,486.65,472.0,478.44,1492540,481.68,490.6120000000001,487.803,0.9874478016740365,44.61618257261412,5.544300068386747,8.817331790884934,-0.00536360234501676,0.020590948758574285,0.01807272121323839,-0.04341589752102348,1921189.8,0.030620349469107886,0.020734052336761177,1
2026-01-05,478.5,498.99,478.5,488.36,3367840,482.004,489.54400000000004,488.441,0.9868213356372623,49.886899151743634,5.413682465583577,8.136601925824664,0.020734052336761177,0.019560275487893044,0.01853804036228564,1.2564487383922711,1966137.6,0.041956753214841526,0.04185436972725043,1
2026-01-06,490.5,514.0,489.0,508.8,6692054,486.316,489.154,490.078,0.9923236709258526,58.11945500633713,6.880193660360703,7.885320272731873,0.04185436972725043,0.022317347834876256,0.02061562822979876,0.987046296736187,2248743.8,0.04913522012578616,0.006584119496855223,1
2026-01-07,508.8,515.23,506.01,512.15,2461854,493.754,489.44899999999996,491.38950000000006,1.0048118651293931,65.06105834464041,8.217999369540962,7.95185609209369,0.006584119496855223,0.022300513722269016,0.02023453579383837,-0.6321228131153753,2368329.9,0.018002538318851954,-0.008415503270526203,0
2026-01-08,514.49,516.88,504.55,507.84,2146131,499.11800000000005,491.191,491.9175,1.0146376170801,59.85710505424713,8.828667667393972,8.127218407153748,-0.008415503270526203,0.01843833232882258,0.019778699179648515,-0.12824602921213035,2416983.1,0.02427930056710772,-0.018785444234404425,0
2026-01-09,507.0,508.27,492.0,498.3,1889315,503.09,492.38500000000005,492.4705,1.0215637281827032,49.66166788588149,8.44547425212329,8.190869576147657,-0.018785444234404425,0.019464277762029674,0.019700966429633482,-0.11966464302505297,2478195.6,0.032651013445715395,-0.014288581175998405,0
2026-01-12,498.3,499.97,490.0,491.18,1108288,503.654,492.82900000000006,492.5885,1.0224639836293377,39.53510990079749,7.4810295620721945,8.048901573332564,-0.014288581175998405,0.020190333140285465,0.019998072283585622,-0.4133916260655317,2494856.4,0.020298057738507323,0.01813998941324968,1
2026-01-13,494.2,506.0,488.0,500.09,1677757,501.912,494.1139999999999,493.163,1.0177405847559529,45.79137023006559,7.350925835541261,7.909306425774305,0.01813998941324968,0.020897238573940716,0.02038332016272748,0.5138276332505631,2550621.3,0.03599352116619009,-0.020176368253714272,0
2026-01-14,500.26,502.0,487.11,490.0,1683329,497.48199999999997,495.61799999999994,493.24800000000005,1.0085839172181132,49.78902953586497,6.360321196971029,7.59950938001365,-0.020176368253714272,0.02019748107987494,0.020944651285692045,0.003321100731512372,2407938.9,0.030387755102040788,-0.004938775510204163,0
2026-01-15,490.02,495.0,485.0,487.58,818902,493.43,496.274,493.7955,0.999259815044892,50.62308478038814,5.318675725761068,7.143342649163134,-0.004938775510204163,0.020051813853154715,0.02020377819416256,-0.5135223120376349,2333801.0,0.020509454858689855,0.01287993765125739,1
2026-01-16,488.1,500.12,488.1,493.86,1495746,492.54200000000003,497.816,494.21399999999994,0.9966168501904036,53.429672447013495,4.942928695887019,6.703259858507912,0.01287993765125739,0.020183965934367182,0.01998625902219812,0.8265262510043936,2334121.6,0.02433888146438258,0.01273640302919854,1
2026-01-19,497.99,501.25,494.16,500.15,1057520,494.33599999999996,498.995,494.26950000000005,1.000134541985698,55.89013596131033,5.093976707286174,6.381403228263565,0.01273640302919854,0.01956804596758124,0.01918468213793497,-0.29298156237756945,2103089.6,0.014175747275817205,-0.007557732680195883,0
2026-01-20,501.0,502.96,495.0,496.37,1004690,493.592,497.75199999999995,493.453,1.00028168842828,60.58957364724506,4.852729688213856,6.075668520253624,-0.007557732680195883,0.01398508677942953,0.01815111005634202,-0.04995650200469026,1534353.2,0.01603642444144485,-0.008098797268166869,0
2026-01-21,498.49,499.79,490.0,492.35,1161563,494.062,495.77200000000005,492.61050000000006,1.0029465470183847,55.71933366986373,4.287732967422585,5.718081409687416,-0.008098797268166869,0.01370713437579188,0.01817311913874561,0.15614070011645387,1404324.1,0.019884228699096212,0.0057276327815578565,1
2026-01-22,491.99,497.2,490.1,495.17,788835,495.58000000000004,494.505,492.84800000000007,1.0055432912378663,58.42481619498441,4.021165930136874,5.378698313777308,0.0057276327815578565,0.013911897294240664,0.016200548383470213,-0.32088487667048626,1268594.5,0.014338510006664308,-0.006523012298806474,0
2026-01-23,494.98,497.0,485.01,491.94,945441,495.196,493.86899999999997,493.12700000000007,1.0041956737311077,51.93304535637149,3.5088280413216353,5.004724259286173,-0.006523012298806474,0.012807267269067064,0.016154566421534417,0.19852820932134096,1174207.1,0.02437289100296786,-0.011546123510997264,0
2026-01-26,492.0,499.0,480.06,486.26,1521757,492.418,493.37699999999995,493.10300000000007,0.9986108378979645,35.52158273381292,2.6143316550269446,4.526645738434328,-0.011546123510997264,0.012522284708052603,0.016384582657108834,0.609573733315987,1215554.0,0.038950355776744945,-0.018549747048903886,0
2026-01-27,485.0,485.0,475.1,477.24,1724656,488.592,491.092,492.60300000000007,0.9918575404534684,29.098311579451547,1.1641782850805953,3.8541522477635817,-0.018549747048903886,0.011657275766982498,0.016901474851658757,0.13333206287206179,1220243.9,0.020744279607744484,0.0017391668762047896,1
2026-01-28,478.0,485.0,475.01,478.07,1043937,485.736,489.89900000000006,492.7585,0.9857485969293274,31.40072472822689,0.08096207460891947,3.0995142131326494,0.0017391668762047896,0.01039639683429644,0.015907045207958374,-0.39469842101845243,1156304.7,0.020896521429916142,-0.026439642730144097,0
2026-01-29,480.0,483.5,462.51,465.43,1801771,479.788,487.684,491.979,0.9752204870533092,30.229760615902777,-1.7769533276080551,2.1242207049845088,-0.026439642730144097,0.012898890510285086,0.016704890885778347,0.7259384426454853,1254591.6,0.0450980813441334,0.035880798401478176,1
2026-01-30,467.9,489.5,465.0,482.13,2341538,477.826,486.51099999999997,492.1635,0.9708684207585487,45.119188868514705,-1.8801411404263604,1.323348335902335,0.035880798401478176,0.017562529536616175,0.018638587984950886,0.29957580624840774,1339170.8,0.050816169912679156,-0.012901084769667892,0
2026-02-02,483.5,486.82,473.5,475.91,1361788,475.75600000000003,484.087,491.541,0.9678867073143441,36.56965118862475,-2.435742519239284,0.5715301648740113,-0.012901084769667892,0.01699161644624824,0.01823438967553121,-0.41842156736298963,1369597.6,0.027988485217793263,0.00031518564434440677,1
2026-02-03,479.27,481.5,475.01,476.06,1482328,475.52,482.05600000000004,489.904,0.9706391456285313,41.29620379620379,-2.831319183332141,-0.10903970476721914,0.00031518564434440677,0.017033365484935073,0.015192099837428044,0.08851598046098208,1417361.4,0.01363273536949126,0.0012603453346218263,1
2026-02-04,477.0,481.75,475.0,476.66,2918769,475.238,480.48699999999997,488.1295,0.9735900001946205,43.02325581395351,-3.0611149266147777,-0.6994547491367309,0.0012603453346218263,0.0170426658608495,0.015057487690001885,0.9690439632793821,1593082.0,0.014161037217303737,-0.016804430831200534,0
2026-02-06,477.0,478.0,466.5,468.65,1405871,475.88199999999995,477.83500000000004,486.16999999999996,0.978838677828743,34.24178022252778,-3.8452441850087666,-1.3286126363111381,-0.016804430831200534,0.017233761025419063,0.015316902483928408,-0.5183342703722014,1654785.6,0.024538568227888618,-0.02381308012375971,0
2026-02-09,472.0,473.85,455.76,457.49,2459358,470.954,474.39000000000004,484.1295,0.9727851742147504,24.86448267735092,-5.306026433778868,-2.124095395804684,-0.02381308012375971,0.018203785832399982,0.015612525400515512,0.7493482687956434,1806177.3,0.039541847909243984,0.018492207479944955,1
2026-02-10,459.99,470.0,453.01,465.95,1816434,468.962,472.35900000000004,482.86799999999994,0.9712012392620759,33.013178467723904,-5.715174618042852,-2.842311240252318,0.018492207479944955,0.01979481945942724,0.016201494104502646,-0.26141944361089353,1835645.0,0.03646313982186932,0.024852451979826107,1
2026-02-11,466.0,484.0,466.0,477.53,4625558,469.256,472.38800000000003,481.73999999999995,0.9740856063436709,42.36869207003087,-5.0468414334286535,-3.2832172788875855,0.024852451979826107,0.020992136256208254,0.016713205177147986,1.5465048551172242,2125735.2,0.037693966871191344,-0.009737608108391083,0
2026-02-12,477.0,482.5,467.06,472.88,2375010,468.5,471.86899999999997,480.884,0.9742474276540704,38.73445870817747,-4.836644876441142,-3.5939027983982967,-0.009737608108391083,0.021214720130465187,0.016278742727262607,-0.48654627182277255,2258842.5,0.03265098968025714,-0.025418710878023942,0
2026-02-13,472.0,472.0,454.01,460.86,4047882,466.942,471.412,479.54799999999994,0.9737127461693096,35.573709617526916,-5.575702903001456,-3.9902628193189287,-0.025418710878023942,0.021080130943768444,0.017118876870639954,0.70436419215077,2483453.6,0.0390357158356117,-0.02560430499500932,0
2026-02-16,461.02,462.0,442.0,449.06,5941873,465.256,468.105,477.308,0.9747500565672479,33.6612789880534,-7.0325067368820555,-4.598711602831554,-0.02560430499500932,0.017927720319163253,0.017438290563301508,0.4678967914578538,2843487.1,0.04453747828797933,-0.007593640048100481,0
2026-02-17,449.06,457.0,441.0,445.65,2541525,461.196,465.079,474.58299999999997,0.9717920785194583,35.40607964520001,-8.36575752710894,-5.352120787687031,-0.007593640048100481,0.01780967505266459,0.016960559846226103,-0.5722687105564188,2961460.8,0.03590261415909346,0.019297655110512846,1
2026-02-18,449.0,457.5,445.5,454.25,4594770,456.53999999999996,462.89799999999997,472.47700000000003,0.9662692575511611,39.732758620689644,-8.628951080396575,-6.00748684622894,0.019297655110512846,0.019533728423148582,0.017839062473380487,0.8078791276890842,3272705.0,0.026417171161254815,-0.040792515134837615,0
2026-02-19,453.9,453.9,432.6,435.72,1299232,449.108,458.804,469.64549999999997,0.9562702080611867,37.81278201657232,-10.214997869093224,-6.848989050801798,-0.040792515134837615,0.02246141973027494,0.019617379052153907,-0.7172367713726693,3110751.3,0.048884604792068194,0.001790140457174294,1
2026-02-20,435.8,441.97,424.01,436.5,1735381,444.236,455.58899999999994,466.712,0.951841821080238,28.470321789185604,-11.27899466514782,-7.734990173671003,0.001790140457174294,0.022486730513987713,0.019513947088158106,0.33569755055294204,3143702.3,0.041145475372279576,-0.06536082474226801,0
2026-02-23,434.99,435.0,397.0,407.97,3536711,436.01800000000003,450.637,462.5134999999999,0.9427141045612725,23.518864982850005,-14.259972272710343,-9.039986593478872,-0.06536082474226801,0.028894056948100127,0.02358980148199084,1.03800260576784,3251437.6,0.09314410373311763,0.03492903889991905,1
2026-02-24,415.0,431.02,405.0,422.22,2981168,431.332,446.264,459.31149999999997,0.9390838243762676,31.09285011939879,-15.296237096040443,-10.291236693991188,0.03492903889991905,0.03113896300580038,0.02553915084860732,-0.15707899231800393,3367911.0,0.061626640140211214,-0.018094832078063616,0
2026-02-25,423.24,428.3,410.55,414.58,1153268,423.39799999999997,439.96900000000005,456.1785,0.928141067586482,29.226341855173317,-16.5432680875835,-11.541642972709651,-0.018094832078063616,0.02876677197295071,0.025528263493871974,-0.6131489402811248,3020682.0,0.042814414588258,0.022866515509672558,1
2026-02-26,415.0,430.5,408.0,424.06,2515007,421.066,435.087,453.47799999999995,0.9285257498709971,35.22433560872159,-16.575520082808566,-12.548418394729435,0.022866515509672558,0.031019973721507464,0.026320695625404695,1.1807654422042404,3034681.7,0.05305852945337924,-0.004433334905437847,0
2026-02-27,420.0,435.0,410.2,422.18,1338120,418.20200000000006,431.21899999999994,451.3155,0.926628932531677,37.53266012287268,-16.561865434249228,-13.351107802633393,-0.004433334905437847,0.03059787938174525,0.025861560945443906,-0.46794581486254316,2763705.5,0.05874271637690087,-0.09690179544270228,0
2026-03-02,379.96,410.2,379.96,381.27,7253805,412.86199999999997,424.43999999999994,446.27250000000004,0.9251343069537109,25.675054578880847,-19.625903924018985,-14.606067026910512,-0.09690179544270228,0.04145765384154354,0.031390541620630576,4.420892745045287,2894898.7,0.07931387205917069,0.045322212605240386,1
2026-03-03,387.0,405.0,381.27,398.55,4351762,408.12800000000004,419.73,442.4045,0.9225222618666855,28.03182020471742,-20.424385317154645,-15.769730684959342,0.045322212605240386,0.04572621397251687,0.03382797240270492,-0.40007182437355293,3075922.4,0.05954083552879191,-0.019947308995107216,0
2026-03-04,398.0,398.0,389.0,390.6,1650846,403.332,413.36499999999995,438.1315000000001,0.9205729330121206,27.5264940456681,-21.451407658589574,-16.906066079685388,-0.019947308995107216,0.04458916855230171,0.03386068120430699,-0.6206488314388516,2781530.0,0.023041474654377878,0.021070148489503282,1
2026-03-05,392.95,400.5,390.0,398.83,3782703,398.286,409.67600000000004,434.23999999999995,0.9172024686809139,32.699280415016446,-21.3550700895305,-17.795866881654412,0.021070148489503282,0.044759638969221895,0.034469637295764695,1.291372423593721,3029877.1,0.026327006493994935,-0.03959080309906471,0
2026-03-06,397.99,398.0,381.99,383.04,2031009,390.45799999999997,404.33000000000004,429.95949999999993,0.908127393394029,31.987340390701732,-22.295830454631982,-18.695859596249925,-0.03959080309906471,0.045670295973166956,0.0351358708076285,-0.4630799721786246,3059439.9,0.04179720133667499,-0.09938909774436089,0
2026-03-09,344.74,359.99,344.74,344.97,3897451,383.198,398.03000000000003,424.3335,0.9030585612495831,26.899779735682827,-25.815732957721423,-20.119834268544224,-0.09938909774436089,0.05103888318698754,0.04042909428704693,0.9189727864327535,3095513.9,0.04420674261529988,0.09983476824071658,1
2026-03-10,376.0,379.47,371.0,379.41,1965393,379.37,393.749,420.00649999999996,0.9032479259249561,34.64883491959304,-25.53194451475474,-21.20225631778633,0.09983476824071658,0.06125689966058843,0.04729489896680805,-0.4957234869662248,2993936.4,0.022324134840937315,-0.0010279117577292052,0
2026-03-11,385.0,390.0,375.1,379.02,1669709,377.054,390.19300000000004,415.081,0.9083865558770455,37.43462459001861,-25.04975192251868,-21.9717554387328,-0.0010279117577292052,0.06121080712856128,0.046665612179560875,-0.15044522902035373,3045580.5,0.039311909661759216,-0.033032557648672856,0
2026-03-12,375.1,377.96,365.0,366.5,1772781,370.588,384.437,409.762,0.9043981628359877,35.25446579036064,-25.385244883900555,-22.65445332776635,-0.033032557648672856,0.06070834026065087,0.04693710621658005,0.06173051711406008,2971357.9,0.03536152796725779,-0.02087312414733966,0
2026-03-13,365.0,367.65,350.0,358.85,1885853,365.75,378.104,404.66150000000005,0.9038418530055367,38.654841093865485,-25.96906136493874,-23.31737493520083,-0.02087312414733966,0.06067889637156003,0.04687765873208708,0.06378227203472964,3026131.2,0.04918489619618218,-0.044419673958478456,0
2026-03-16,358.4,359.0,341.5,342.91,2232849,365.338,374.26800000000003,399.354,0.9148224382377541,31.82380712288581,-27.40209067213459,-24.134318082587587,-0.044419673958478456,0.05473387531669844,0.047364488098571744,0.18399949518864944,2524035.6,0.05103379895599428,0.01131492228281461,1
2026-03-17,345.0,354.98,341.0,346.79,2681764,358.81399999999996,369.092,394.411,0.9097464320214191,34.19150226202136,-27.903044224243786,-24.888063310918827,0.01131492228281461,0.05195548512349318,0.04765158305334585,0.201050317330012,2357035.8,0.040312581100954516,0.028086161654026887,1
2026-03-18,349.99,363.5,343.97,356.53,2708443,354.316,365.685,389.52500000000003,0.90961042295103,34.271206968835884,-27.200565734024508,-25.350563795539966,0.028086161654026887,0.053401616511247,0.0479886222485784,0.009948302684352539,2462795.5,0.05477799904636349,-0.004712085939472033,0
2026-03-19,350.03,358.52,344.0,354.85,2716650,351.986,361.287,385.4815,0.9131073735056028,34.303165943954866,-26.47422998545926,-25.575297033523825,-0.004712085939472033,0.05246695373027099,0.04748253537998804,0.0030301542251396363,2356190.2,0.0409186980414259,0.029223615612230525,1
2026-03-24,379.68,379.68,358.0,365.22,4346775,353.26000000000005,359.505,381.9175,0.9249641611080928,45.63692709182842,-24.77622642193427,-25.415482911205917,0.029223615612230525,0.052722326530894245,0.04820530048970927,0.6000496935564021,2587766.8,0.05936148075132798,0.05413175620174138,1
2026-03-25,370.23,389.25,368.11,384.99,4696288,361.67600000000004,363.50699999999995,380.7685,0.9498579845759301,46.36305117476665,-21.586437573908313,-24.6496738437464,0.05413175620174138,0.04318754244269547,0.04809492499520658,0.08040742849583893,2667650.5,0.05491051715628974,-0.04787137328242297,0
2026-03-26,383.97,383.97,363.0,366.56,3312882,365.63,362.22200000000004,377.9855,0.9673122381678662,43.895378364652096,-20.311515398686822,-23.782042154734487,-0.04787137328242297,0.034043846250388525,0.04833165079189686,-0.29457435319128644,2802399.4,0.05720755128764739,-0.011621562636403238,0
2026-03-27,366.15,373.0,360.0,362.3,1987580,366.784,360.55,375.3715,0.9771226638143812,40.53283574353392,-19.421003547459804,-22.90983443327955,-0.011621562636403238,0.034143175108892775,0.048267475901708545,-0.400045036315812,2834186.5,0.03588186585702456,-0.04750207010764573,0
2026-03-30,362.3,364.0,339.0,345.09,2657018,364.832,358.409,371.423,0.9822547338210073,40.23668639053253,-19.874864592253857,-22.30284046507441,-0.04750207010764573,0.035778742800847196,0.048646575491527184,0.33681059378741995,2922610.2,0.07244486945434525,0.034107044539105846,1
2026-03-31,355.0,364.0,350.52,356.86,1986599,363.15999999999997,358.21000000000004,368.15700000000004,0.9864269863129044,53.537637607854805,-19.06504216760817,-21.655280805581164,0.034107044539105846,0.0373316217496723,0.04959594990190361,-0.2523200821371929,2932684.8,0.03777391694221829,0.09168861738496892,1
2026-04-01,368.0,392.55,368.0,389.58,6249051,364.078,362.87700000000007,368.57250000000005,0.9878056556037141,53.05717549449888,-15.603158021032698,-20.44485624867147,0.09168861738496892,0.04359401479963802,0.04956964286233802,2.1456026102902497,3334305.0,0.06301658196005959,-0.027799168335130076,0
2026-04-02,376.0,383.44,370.0,378.75,2852587,366.51599999999996,366.073,367.58250000000004,0.9970986105160065,49.92362957515416,-13.576973484302243,-19.071279695797628,-0.027799168335130076,0.04554147312526162,0.04891707122984753,-0.5435167675859902,3351387.3,0.03548514851485148,-0.020013201320131957,0
2026-04-03,370.0,377.0,369.0,371.17,1461592,368.29,367.537,366.611,1.0045797862039056,51.35890123959728,-12.439455987042777,-17.74491495404666,-0.020013201320131957,0.04593078366495435,0.048918387189522135,-0.4876257937093592,3226702.2,0.02155346606676186,0.021795942560012938,1
2026-04-06,370.5,382.56,361.36,379.26,3261316,375.124,369.978,365.6325,1.0259591256247735,55.92384048296278,-10.761122267115297,-16.348156416660387,0.021795942560012938,0.046075055637209435,0.048936215225107896,1.2313449991516099,3281168.8,0.05589832832357747,0.007541000896482686,1
2026-04-07,372.0,385.0,370.0,382.12,2395447,380.17600000000004,371.668,365.5865,1.0399071081672875,62.315472077391796,-9.095406420823224,-14.897606417492955,0.007541000896482686,0.045451086406378356,0.04812761953160348,-0.2654968117164973,3086036.0,0.03925468439233749,0.09999476604208102,1
2026-04-08,420.33,420.33,420.33,420.33,858501,386.326,375.202,369.35450000000003,1.0459490814380223,69.00062009094668,-4.638615869787316,-12.84580830795183,0.09999476604208102,0.05265301899416405,0.046878404172146296,-0.6416113568782777,2702257.3,0.0,0.022934361097233236,1
2026-04-09,439.8,439.8,402.0,429.97,7125029,396.57000000000005,381.543,371.8825,1.0663852157603546,68.98459311343193,-0.32496383271035256,-10.341639412903534,0.022934361097233236,0.04860657114401902,0.04211535832936148,7.299383460240582,3083472.0,0.0879131102169919,0.013466055771332863,1
2026-04-10,431.11,447.8,431.11,435.76,3957795,409.488,388.889,374.71950000000004,1.0927854034818043,70.48043335189591,3.520261710101636,-7.5692591883024996,0.013466055771332863,0.04759563063768773,0.04209288210246902,-0.44452226089185043,3280493.5,0.038300899577749216,-0.058977418762621636,0
2026-04-13,415.0,425.0,407.0,410.06,3601011,415.64799999999997,395.38599999999997,376.89750000000004,1.1028144256727623,60.532744526919096,4.442643412189568,-5.166878668204086,-0.058977418762621636,0.04949426534226178,0.04378404716578185,-0.09014716527763567,3374892.8,0.04389601521728528,0.05925962054333511,1
2026-04-14,425.0,438.0,420.0,434.36,4056475,426.096,403.136,380.673,1.1193228834196278,61.35516813100879,7.053140262404554,-2.7228748820823583,0.05925962054333511,0.05099342041564223,0.044799598590945205,0.12648225734384044,3581880.4,0.041440279952113454,0.0032461552629154955,1
2026-04-15,455.0,458.44,433.99,435.77,5435632,429.184,407.755,385.31600000000003,1.1138494119112625,67.27054948345561,9.130502293058441,-0.35219944705419826,0.0032461552629154955,0.0446431981231259,0.04295219658006054,0.33998902988432067,3500538.5,0.056107579686531864,-0.0006195929045138548,0
2026-04-16,439.99,444.0,430.15,435.5,2920671,430.28999999999996,413.43,389.7515,1.1040111455632626,68.6373357775741,10.632475367866391,1.8447355159299197,-0.0006195929045138548,0.042727394045642984,0.04305836171989594,-0.46268051258804865,3507346.9,0.03180252583237663,0.03184845005740522,1
2026-04-17,438.01,451.95,437.01,449.37,3389829,433.012,421.25,394.3935,1.0979187030212212,77.00994612515544,12.79450583538977,4.03468957982189,0.03184845005740522,0.04114188024747647,0.0431390189115736,0.16063363521601715,3700170.6,0.033246545163228516,-0.01893762378440922,0
2026-04-20,445.0,445.0,430.1,440.86,3733292,439.172,427.41,398.694,1.1015264839701626,72.13088839709138,13.66373761666432,5.960499187190377,-0.01893762378440922,0.042927414322222815,0.04355314122194417,0.10132163008812545,3747368.2,0.03379757746223286,0.0003629270063056911,1
2026-04-21,448.0,448.0,438.5,441.02,1632822,440.504,433.3,402.48400000000004,1.094463382395325,66.35924182673962,14.201811090692331,7.6087615678907685,0.0003629270063056911,0.043143592804707295,0.043423205917285414,-0.5626321219984936,3671105.7,0.0215409731984944,-0.022447961543694106,0
2026-04-22,441.0,442.97,429.05,431.12,1376109,439.57399999999996,434.379,404.7905,1.0859296352063597,66.75411094759744,13.671791036546892,8.821367461621994,-0.022447961543694106,0.03247985349599015,0.04273038392892074,-0.15722044411454528,3722866.5,0.03228799406197814,-0.012339951753572054,0
2026-04-23,430.0,433.99,420.55,425.8,1051797,437.634,433.962,407.7525,1.0732834256074457,67.73355839771475,12.676341808523546,9.592362331002306,-0.012339951753572054,0.03198771954460866,0.04105566528604422,-0.235673191585841,3115543.3,0.03156411460779708,0.010450915922968429,1
2026-04-24,422.27,435.0,415.0,430.25,1386253,433.81000000000006,433.41100000000006,411.15,1.0551137054602946,66.9525899328413,12.106957463963624,10.09528135759457,0.010450915922968429,0.03185523945725612,0.040787777772057734,0.3179853146567255,2858389.1,0.046484601975595584,-0.017129575828007004,0
2026-04-27,430.0,434.0,420.0,422.88,990168,430.21399999999994,434.6929999999999,415.03950000000003,1.0365615802833221,63.15687540348613,10.934967365360137,10.263218559147685,-0.017129575828007004,0.02547551821632197,0.03908754215871346,-0.28572345740640415,2597304.8,0.0331063185773742,-0.010026485054861922,0
2026-04-28,417.99,421.0,415.0,418.64,881743,425.738,433.121,418.1285,1.0181989508010099,49.30124865624742,9.553892873686607,10.121353422055469,-0.010026485054861922,0.01638660011273034,0.0389552707625478,-0.10950161992712348,2279831.6,0.014332123065163387,-0.0005493980508312069,0
2026-04-29,418.01,425.9,410.5,418.41,1767142,423.196,431.38500000000005,419.57,1.0086421812808353,44.8170731707317,8.344630603871963,9.766008858418768,-0.0005493980508312069,0.016254882447995715,0.033723757526648794,1.0041463328883813,1912982.6,0.03680600368060031,-0.024903802490380267,0
2026-04-30,413.94,413.94,400.51,407.99,2247520,419.634,428.634,421.032,0.9966795872997778,38.045630650021515,6.4708823229188965,9.106983551318795,-0.024903802490380267,0.017472299675138196,0.033585532407194196,0.27183893541096293,1845667.5,0.03291747346748696,0.007818819088703188,1
2026-05-04,411.0,425.0,406.81,411.18,1757797,415.82,424.81500000000005,423.03249999999997,0.9829504825279383,50.59803502776591,5.183576606241559,8.322302162303348,0.007818819088703188,0.012607730370155761,0.033100484135999246,-0.2178948351961273,1682464.3,0.04423853300257794,-0.0050586118001847424,0
2026-05-05,405.0,411.9,405.0,409.1,964827,413.064,421.639,424.5245,0.9730039137906058,32.315877905348614,3.95000572729208,7.447842875301095,-0.0050586118001847424,0.012118538818362588,0.03295495494074459,-0.4511158000610992,1405617.8,0.016866291860180828,0.07457834270349539,1
2026-05-06,420.1,444.0,418.11,439.61,5101180,417.258,421.49800000000005,427.399,0.9762727568384577,51.91006764822923,5.3723646599978565,7.032747232240448,0.07457834270349539,0.02872957886168155,0.03651880889040034,4.287144742010744,1752453.6,0.058893109801869806,0.022724687791451537,1
2026-05-07,445.25,457.0,436.0,449.6,3840933,423.496,423.346,428.8625,0.9874866653064793,56.39513788098696,7.2224479872174925,7.070687383235857,0.022724687791451537,0.0283497947877678,0.029682326767179947,-0.24705009429190894,1998936.0,0.04670818505338078,-0.008607651245551629,0
2026-05-08,442.0,448.97,438.0,445.73,1727932,431.04400000000004,425.33900000000006,429.6505,1.0032433338259819,48.184357541899445,8.28091842321902,7.31273359123249,-0.008607651245551629,0.028126321429532797,0.029448353092840867,-0.5501270134105438,2066549.5,0.02461131178067446,-0.021537702196396946,0
2026-05-11,440.26,441.4,435.0,436.13,1302881,436.034,425.927,429.66900000000004,1.0148137287074468,47.66604164610677,8.250022970818861,7.500191467149765,-0.021537702196396946,0.029226174610636153,0.029782323041884395,-0.24598826805684482,2058212.3,0.014674523651204864,-0.017953362529520955,0
2026-05-12,436.13,440.0,427.0,428.3,708151,439.87399999999997,426.46900000000005,430.58099999999996,1.0215824664813358,44.16513761467891,7.507184391635633,7.501590052046939,-0.017953362529520955,0.029286341639509716,0.02672967322620458,-0.45647300098781085,2030010.6,0.030352556619192155,-0.013868783562923204,0
2026-05-13,428.02,431.4,421.0,422.36,767836,436.424,426.841,429.98100000000005,1.014984383030878,45.83015993907083,6.365790241088803,7.274430089855313,-0.013868783562923204,0.029481091154862252,0.02334549511805529,0.08428287187337169,2018619.9,0.02462354389620224,0.0010417653186853837,1
2026-05-14,422.36,429.9,421.0,422.8,531442,431.064,427.28000000000003,429.3325,1.004033004722447,48.50239616613418,5.434090661702157,6.906362204224683,0.0010417653186853837,0.02947450802383889,0.023328857629870033,-0.3078704306648815,1895049.9,0.02105014191106901,-0.011944181646168395,0
2026-05-15,429.0,429.0,416.0,417.75,1174717,425.468,428.25600000000003,428.445,0.9930516168936504,43.79714172290591,4.239350641821375,6.3729598917440216,-0.011944181646168395,0.028455610372152502,0.02344967409506512,1.2104331234640844,1787769.6,0.031119090365050867,-0.02690604428485943,0
2026-05-18,413.15,414.99,405.0,406.51,949984,419.544,427.78900000000004,426.30199999999996,0.984147388471084,42.1771958329351,2.358350903831422,5.570038094161502,-0.02690604428485943,0.029848827272760028,0.02267682843232239,-0.1913082044441342,1706988.3,0.024575041204398438,0.003394750436643612,1
2026-05-19,408.11,415.49,406.11,407.89,628912,415.462,427.668,424.6535,0.9783552943752966,44.718482853493164,0.9678428367015499,4.649599042669512,0.003394750436643612,0.029833043982809154,0.022491127852719717,-0.3379762185468387,1673396.8,0.022996396087180355,0.007330407707960562,1
2026-05-20,410.01,412.25,405.01,410.88,3983677,413.166,424.79499999999996,423.1465,0.9764136061624047,46.39816320673489,0.10590240989955646,3.740859716115521,0.007330407707960562,0.015136673379628833,0.022610122935634365,5.334235950339634,1561646.5,0.01762071651090345,0.03879478193146424,1
2026-05-21,418.0,434.0,418.0,426.82,4012991,413.96999999999997,422.517,422.93149999999997,0.9788109894864772,58.55520218082688,0.7009530451982187,3.1328783819320605,0.03879478193146424,0.018967932547678347,0.023985217806507964,0.007358528314419077,1578852.3,0.03748652827889977,-0.010988238601752465,0
2026-05-22,430.48,431.5,420.16,422.13,1107759,414.846,420.157,422.74799999999993,0.9813080132845101,54.90811295383236,0.7850416848743862,2.6633110425205255,-0.010988238601752465,0.019032712847436545,0.02395119216079642,-0.723956769402174,1516835.0,0.02686376234809176,0.03468125932769528,1
2026-05-25,435.0,438.5,430.0,436.77,1913466,420.89799999999997,420.221,423.07399999999996,0.994856691737143,61.14736926919666,2.0098400016021856,2.532616834336858,0.03468125932769528,0.02179422062969953,0.025101726235285747,0.7273305836377768,1577893.5,0.01946104356984225,0.03814364539689086,1
2026-05-29,440.0,454.5,437.8,453.43,4073832,430.00600000000003,422.73400000000004,424.60150000000004,1.0127284053400658,56.26700526029385,4.275538511840807,2.881201169837648,0.03814364539689086,0.023693945862192308,0.026021372033193414,1.1290328649685963,1914461.6,0.03683038175683124,-0.0359261628035199,0
2026-06-01,451.9,452.15,434.0,437.14,2214263,435.258,424.212,425.52650000000006,1.0228693160120461,44.655113246396695,4.702447162177634,3.245450368305645,-0.0359261628035199,0.026594892820607494,0.027356329174532058,-0.45646678606285185,2059104.3,0.04151987921489678,-0.003362767076908968,0
2026-06-02,437.14,441.5,432.0,435.67,1596078,437.02799999999996,425.49899999999997,426.38950000000006,1.0249501922537958,45.593903293622986,4.866065652758607,3.5695734251962374,-0.003362767076908968,0.026681286206126698,0.027380129222561483,-0.2791831864597837,2165567.9,0.021805494984736152,-0.013404641127458983,0
2026-06-03,435.0,435.0,427.0,429.83,1560670,438.5679999999999,426.707,427.48150000000004,1.0259344556431094,47.14673913043478,4.472934092356127,3.7502455586282153,-0.013404641127458983,0.026777954209804333,0.026893617608681482,-0.022184379460151726,2204163.2,0.01861200939906475,0.010632110369215741,1
2026-06-04,434.95,436.36,430.0,434.4,937132,438.09399999999994,429.496,428.64250000000004,1.022049843400969,52.84674257980211,4.47850983172907,3.8958984132483865,0.010632110369215741,0.024638057652803413,0.02692777314265286,-0.3995322521737459,2202878.0,0.014640883977900584,-0.006675874769797363,0
2026-06-05,435.6,437.67,430.2,431.5,850824,433.70799999999997,431.85699999999997,429.7625,1.00918065210436,54.39000960614793,4.200502108084265,3.9568191522155622,-0.006675874769797363,0.025001722776748402,0.026955938838488354,-0.09209801820874752,2225069.2,0.017311703360370863,-0.011610660486674362,0
2026-06-08,426.0,429.9,423.5,426.49,1162090,431.578,433.418,429.10650000000004,1.0057596424197721,51.697800680960704,3.5351626994384446,3.8724878616601393,-0.011610660486674362,0.02559367666121211,0.02118300768421509,0.36584064389344917,1942910.5,0.015006213510281547,0.01327112007315523,1
2026-06-09,432.99,438.0,431.0,432.15,3790348,430.87399999999997,433.951,428.23400000000004,1.0061648537948877,56.58857979502196,3.4251086020727257,3.7830120097426567,0.01327112007315523,0.02286896149575201,0.020719047383558693,2.2616647591838843,1920646.2,0.016198079370588918,-0.006479231748235503,0
2026-06-10,431.0,435.0,427.0,429.35,1587252,430.77799999999996,434.67300000000006,427.4150000000001,1.007868231110279,61.324871082903634,3.0764894818907464,3.641707504172275,-0.006479231748235503,0.022639199392305003,0.02068754637777298,-0.5812384509285163,1968595.5,0.018632817049027597,0.008710841970420269,1
2026-06-11,427.0,434.9,422.0,433.09,3275763,430.51599999999996,434.305,427.26300000000003,1.0076135775857022,62.209302325581405,3.0666427127238194,3.526694545882584,0.008710841970420269,0.01977238996525446,0.02025976973750507,1.0637951629608908,2104825.2,0.02978595672954808,0.03699000207809,1
2026-06-12,438.88,454.01,436.52,449.11,5436081,434.038,433.87299999999993,428.3035,1.0133888702754006,66.44584014454102,4.301929230183077,3.681741482742683,0.03699000207809,0.019522550689597285,0.02141180661262619,0.6594854389649067,2241050.1,0.03894368862862107,0.04508917637104504,1
2026-06-15,470.0,472.4,460.9,469.36,6516394,442.61199999999997,437.09499999999997,430.6535,1.027768263813019,67.6455948232952,6.836106083119148,4.312614402817976,0.04508917637104504,0.020120319663993972,0.023024229903036524,0.1987301145807061,2671263.2,0.024501448781319244,0.0009800579512526664,1
2026-06-16,472.5,475.9,463.63,469.82,4277608,450.146,440.50999999999993,433.0045,1.0395873483993816,70.50124666838623,8.780363092307084,5.2061641407157975,0.0009800579512526664,0.019909984617333166,0.023024868415038445,-0.3435620989154431,2939416.2,0.02611638499851003,0.0016814950406538465,1
2026-06-17,470.0,475.0,464.16,470.61,3055536,458.398,444.588,435.64750000000004,1.0522222668556573,66.51376146788994,10.266600201017695,6.218251352776177,0.0016814950406538465,0.01866133077280988,0.022679417716873443,-0.28569050740507307,3088902.8,0.023033934680520972,0.0020399056543634053,1
2026-06-18,472.0,477.0,469.99,471.57,2098556,466.09399999999994,448.305,438.9005,1.0619582342694982,60.45412632549562,11.390613887887753,7.252723859798492,0.0020399056543634053,0.018788451043988144,0.021338333404589963,-0.3131954589963921,3205045.2,0.014865237398477407,-0.018215747396992943,0
2026-06-19,471.0,472.99,459.0,462.98,2737636,468.86800000000005,451.453,441.65500000000003,1.0616159672142282,66.34201871995958,11.45620166092965,8.093419420024725,-0.018215747396992943,0.020124183532750365,0.022099505846207384,0.30453321236126185,3393726.4,0.03021728800380148,-0.00846688841850618,0
2026-06-22,465.11,467.9,457.5,459.06,1538353,466.808,454.71000000000004,444.06399999999996,1.051217842473157,64.34793276898543,11.064326535410544,8.68760084310189,-0.00846688841850618,0.019819125625187835,0.02235228911100726,-0.43807248297436185,3431352.7,0.022654990633032668,-0.0034635995294731714,0
2026-06-23,460.01,462.9,455.0,457.47,1694484,464.338,457.242,445.5965,1.04205935190245,67.88765208387271,10.504375066295438,9.0509556877406,-0.0034635995294731714,0.0199891078216292,0.021026615241914334,0.1014923102824905,3221766.3,0.017268891949198804,0.022471418890856132,1
2026-06-24,458.02,469.0,458.02,467.75,1991650,463.76599999999996,461.082,447.87750000000005,1.0354751020089197,70.09762564782457,10.766015652415547,9.39396768067559,0.022471418890856132,0.02009535109254433,0.02112886383830232,0.17537256179462313,3262206.1,0.023474078033137398,-0.012634954569748835,0
2026-06-29,467.75,467.75,460.5,461.84,902422,461.82,463.957,449.13100000000003,1.028252336178086,67.64363805536172,10.37686208709755,9.590546561959982,-0.012634954569748835,0.021206682774109458,0.02030523374372383,-0.5468972962116838,3024872.0,0.01569807725619262,0.01662913563138746,1
2026-06-30,462.1,471.5,462.1,469.52,1320094,463.128,465.99800000000005,449.93549999999993,1.0293208693246032,74.26959954878738,10.566364426667747,9.785710134901535,0.01662913563138746,0.01881194314416947,0.018863477931693858,0.46283446103929204,2613273.3,0.020020446413358275,0.00609132731300055,1
2026-07-01,470.0,474.92,469.29,472.38,2038908,465.79200000000003,466.3,451.69750000000005,1.0312034049336114,73.43040186371582,10.822568659360456,9.99308183979332,0.00609132731300055,0.012457163152722198,0.01663570987073592,0.5445172843752035,2165524.7,0.011918370803166932,0.016194589101994117,1
2026-07-02,474.9,484.9,474.9,480.03,3253073,470.304,467.321,453.91549999999995,1.0361047375557786,77.93825799338478,11.510220765779366,10.296509624990529,0.016194589101994117,0.013387982271978668,0.016753681084829126,0.5954976879780745,2063071.2,0.020832031331375123,0.0001874882819823398,1
2026-07-03,481.05,484.9,476.0,480.12,1155247,472.77799999999996,468.27200000000005,456.43,1.0358171022938893,77.01321079839174,11.924988418776763,10.622205383747776,0.0001874882819823398,0.01340314385663519,0.016235851422200576,-0.6448751688019297,1873042.3,0.01853703240856448,0.017787219861701287,1
2026-07-06,482.89,490.8,482.0,488.66,2184221,478.142,469.98099999999994,459.14300000000003,1.0413792652833649,74.85233128063342,12.795305088005193,11.05682532459926,0.017787219861701287,0.014293016306958924,0.016428607462375195,0.8906961022188329,1881608.8,0.018008431220071237,-0.01487741988294533,0
2026-07-07,489.0,490.5,480.01,481.39,1452331,480.51599999999996,471.822,461.6375,1.0408946413582085,59.03288782099412,12.751418659759622,11.395743991631333,-0.01487741988294533,0.013754188717877194,0.016859141507724745,-0.33508056190284774,1753078.3,0.0217910633789651,-0.0340680113837013,0
2026-07-08,477.0,479.94,456.0,464.99,5648437,479.038,472.41499999999996,463.5625,1.0333838479169475,47.07379134860052,11.26345728538189,11.369286650381444,-0.0340680113837013,0.018044357575468822,0.01871300255572205,2.8892215342094882,2164086.7,0.051484978171573575,0.003440934213639002,1
2026-07-09,462.0,470.0,461.01,466.59,2018665,476.35,473.32700000000006,465.2844999999999,1.0237822235642926,47.588192944564405,10.096952421862284,11.114819804677612,0.003440934213639002,0.017968166608140344,0.018599136358973582,-0.6426152933988641,2196504.8,0.019267451081249082,0.004264986390621228,1
2026-07-10,470.0,474.9,466.99,468.58,1064007,474.04200000000003,473.41,467.2459999999999,1.014544800811564,48.22804314329737,9.22670556386987,10.737196956516065,0.004264986390621228,0.016543033157755557,0.018434834491882653,-0.47291551594742065,2103740.5,0.01688078876605909,-0.01946305860258657,0
2026-07-13,463.0,465.0,457.0,459.46,1271920,468.20199999999994,473.172,468.56450000000007,0.9992263605117329,47.926972909305036,7.712219215712025,10.132201408355257,-0.01946305860258657,0.01726161939351662,0.019161600629383865,0.19540566932360415,2140690.3,0.01741174422147739,-0.045227005615287474,0
2026-07-14,455.0,456.9,437.0,438.68,2616052,459.66,470.088,468.043,0.9820892524832121,39.98624213836478,4.780103481791116,9.061781823042429,-0.045227005615287474,0.021136692870530327,0.020301111709019905,1.0567740109440846,2270286.1,0.045363362815719836,0.00859396370930976,1
2026-07-15,439.5,448.75,439.0,442.45,1226889,455.15200000000004,467.09499999999997,466.69749999999993,0.9752612773798877,42.77467769867229,2.7291284369038635,7.795251145814716,0.00859396370930976,0.02131726685491835,0.017371201437655748,-0.5310150562756397,2189084.2,0.022036388292462426,0.01977624590349203,1
2026-07-16,444.5,453.48,444.5,451.2,1390663,452.07399999999996,464.212,465.7665,0.9706022223581987,41.9197344009374,1.7891436759591102,6.594029651843595,0.01977624590349203,0.0217629480395822,0.018080593204251056,0.1334872184851279,2002843.2,0.019902482269503585,-0.012344858156028371,0
2026-07-17,453.0,456.49,444.14,445.63,1489663,447.48400000000004,460.76300000000003,464.5174999999999,0.9633307679473865,42.059371019888324,0.5879687928717772,5.392817480049232,-0.012344858156028371,0.02173052245008106,0.018207460844406425,0.07118906593473762,2036284.8,0.02771357404124503,0.0017727711330026708,1
2026-07-20,441.0,448.4,436.72,446.42,1685018,444.87600000000003,456.53900000000004,463.25999999999993,0.9603160212407721,37.86509770960288,-0.2968031957906305,4.25489334488126,0.0017727711330026708,0.02022119051515807,0.018204003218671265,0.1311403988687374,1986364.5,0.026163702343084873,0.008019353971596255,1
2026-07-21,449.0,462.39,449.0,450.0,1550022,447.14,453.4,462.611,0.9665572154574794,38.331595411887385,-0.7010342046196456,3.2637078349810786,0.008019353971596255,0.0207476914100503,0.017961445953835684,-0.08011546464192076,1996133.6,0.029755555555555525,-0.010777777777777775,0
2026-07-22,449.0,455.0,439.5,445.15,955502,447.68,451.416,461.91550000000007,0.9691815927371996,31.26745435016113,-1.3966450040769018,2.3316372671694827,-0.010777777777777775,0.018497309310820404,0.01801755317673524,-0.383555846304117,1526840.1,0.03481972368864428,-0.024396270919914587,0
2026-07-23,444.7,447.4,432.0,434.29,1046583,444.29799999999994,448.186,460.75649999999996,0.9642793970350934,27.93876961586598,-2.7920478241180717,1.306900248911972,-0.024396270919914587,0.01929789237266523,0.018738440207333402,0.09532266808442058,1429631.9,0.0354601763798383,-0.002947339335467203,0
2026-07-24,431.0,443.0,427.96,433.01,2056126,441.774,444.629,459.0195,0.9624297006989899,21.198633681813448,-3.955602195100596,0.25439976010945853,-0.002947339335467203,0.018962873634794885,0.01779922658344669,0.9646086359132529,1528843.8,0.03473360892358149,0.05447911133692074,1
