date,open,high,low,close,volume,ma_5,ma_10,ma_20,ma_ratio_5_20,rsi_14,macd,macd_signal,daily_return,volatility_10,volatility_20,volume_change,volume_ma_10,high_low_range,target_return,target_direction
2016-08-05,45.5,45.8,45.5,45.5,11500,46.516,46.516,45.979499999999994,1.0116682434563231,40.942028985507214,0.8626423541906334,1.0034449563357486,-0.023185916702447407,0.01028920040724813,0.01269818226473506,0.09523809523809534,46450.0,0.006593406593406531,-0.01098901098901095,0
2016-08-08,45.1,45.1,45.0,45.0,29000,46.116,46.416,46.055499999999995,1.001313632465178,34.66257668711653,0.7033424343641386,0.9434244519414267,-0.01098901098901095,0.010742113937331176,0.011181453428330426,1.5217391304347827,45050.0,0.002222222222222254,0.011111111111111072,1
2016-08-09,46.9,46.9,45.5,45.5,3000,45.815999999999995,46.363,46.140499999999996,0.992967132995958,43.35106382978721,0.610405546359182,0.8768206708249777,0.011111111111111072,0.011525157471988047,0.011310722388226986,-0.896551724137931,43500.0,0.03076923076923074,0.0013186813186814028,1
2016-08-10,45.5,45.56,45.5,45.56,3000,45.628,46.239,46.160000000000004,0.9884748700173309,44.2408376963351,0.5354218814395253,0.8085409129478873,0.0013186813186814028,0.009774125925829344,0.008964966559004797,0.0,29300.0,0.0013169446883231403,0.0010974539069359412,1
2016-08-11,45.56,45.61,45.56,45.61,1500,45.434000000000005,46.125,46.1415,0.9846667316840589,44.9612403100775,0.4745609259447505,0.74174491554726,0.0010974539069359412,0.009836577391081956,0.007974544339987339,-0.5,24350.0,0.0010962508221880544,0.019951764963823893,1
2016-08-12,46.7,46.85,46.45,46.52,15500,45.638,46.077,46.167500000000004,0.9885308929441705,55.43933054393309,0.49406233202782346,0.6922083988433727,0.019951764963823893,0.01197083916783196,0.009181483607382083,9.333333333333334,24250.0,0.008598452278589823,0.00881341358555443,1
2016-08-15,46.25,47.0,46.25,46.93,9000,46.024,46.07,46.214,0.9958886917384343,58.720930232558146,0.5364174241780617,0.6610502039103106,0.00881341358555443,0.012367356664233518,0.009360806148050523,-0.4193548387096774,22400.0,0.015981248668229277,0.020669081610909856,1
2016-08-16,48.0,48.25,47.25,47.9,91500,46.504000000000005,46.16,46.309000000000005,1.004210844544257,60.26119402985077,0.6408675114846218,0.6570136654251728,0.020669081610909856,0.014001436528857396,0.010330347205482747,9.166666666666666,27700.0,0.020876826722338204,0.0031315240083507057,1
2016-08-17,48.0,48.1,48.0,48.05,39000,47.001999999999995,46.315,46.411500000000004,1.012723139739073,61.90476190476189,0.727364103972846,0.6710837531347075,0.0031315240083507057,0.013280380529062179,0.010320946561812467,-0.5737704918032787,21350.0,0.0020811654526535156,0.004162330905306932,1
2016-08-18,48.55,48.55,48.0,48.25,31500,47.529999999999994,46.482,46.524,1.0216232482159744,61.55268022181147,0.802797455877041,0.6974264936831742,0.004162330905306932,0.013269250174556093,0.01031551377172258,-0.1923076923076923,23450.0,0.011398963730569889,0.026113989637305712,1
2016-08-19,48.25,49.75,48.0,49.51,91500,48.128,46.882999999999996,46.6995,1.0305891926037751,68.81559220389805,0.9532617919173347,0.7485935533300063,0.026113989637305712,0.011206199901429797,0.011567049184369025,1.9047619047619047,31450.0,0.03534639466774389,0.022621692587356135,1
2016-08-22,49.8,51.45,49.5,50.63,467500,48.868,47.446,46.931,1.041273358760734,73.29910141206678,1.1496283025823288,0.8288005031804708,0.022621692587356135,0.009628004635745088,0.012266281428413326,4.109289617486339,75300.0,0.03851471459608933,0.04345249851866484,1
2016-08-23,50.0,53.16,50.0,52.83,458500,49.854,48.179,47.271,1.0546423811639272,83.35089567966281,1.4658741066351553,0.9562152238714077,0.04345249851866484,0.013843110901142684,0.014933751317629399,-0.019251336898395754,120850.0,0.05981449933749757,-0.0088964603445012,0
2016-08-24,54.1,54.5,50.19,52.36,3411500,50.716,48.858999999999995,47.549,1.0666049759195777,79.251012145749,1.6594470402191703,1.0968615871409604,-0.0088964603445012,0.015278289219893985,0.015154411267454015,6.440567066521265,461700.0,0.08231474407945001,-0.007066462948815855,0
2016-08-25,52.0,52.5,51.95,51.99,465000,51.464,49.497,47.811,1.0764050113990504,85.38713195201748,1.7626799991215236,1.230025269537073,-0.007066462948815855,0.016238892260208495,0.015354204306281184,-0.8636963212663051,508050.0,0.010578957491825296,-0.016926331986920617,0
2016-08-26,51.9,52.0,50.51,51.11,1526500,51.784000000000006,49.956,48.01649999999999,1.0784626118105238,81.98952879581152,1.753273570921131,1.3346749298138847,-0.016926331986920617,0.018578232348669177,0.016148283655853843,2.282795698924731,659150.0,0.02915280766973199,0.021326550577186465,1
2016-08-29,51.97,53.0,51.97,52.2,134500,52.098,50.483,48.2765,1.0791585968328277,83.03747534516766,1.812875103574143,1.4303149645659363,0.021326550577186465,0.01893674698866109,0.016547002225151534,-0.9118899443170652,671700.0,0.019731800766283544,0.018390804597701038,1
2016-08-30,52.2,54.45,52.0,53.16,229500,52.164,51.009,48.5845,1.0736757607879057,84.42028985507247,1.9154931123071464,1.5273505941141783,0.018390804597701038,0.01881894459184983,0.01674159977480964,0.7063197026022305,685500.0,0.04608728367193384,-0.0024454477050412926,0
2016-08-31,53.9,54.5,53.0,53.03,186000,52.298,51.507000000000005,48.911,1.0692482263703462,83.36330935251803,1.9636924853907516,1.614618972369493,-0.0024454477050412926,0.019145685078824505,0.016401887491032177,-0.1895424836601307,700200.0,0.028285875919290968,-0.00999434282481615,0
2016-09-01,53.02,53.02,52.5,52.5,324000,52.4,51.932,49.20700000000001,1.0648891417887696,77.83985102420858,1.9367980627595003,1.6790547904474946,-0.00999434282481615,0.020129429450197984,0.016794258036932956,0.7419354838709677,729450.0,0.009904761904761965,-0.0013333333333332975,0
2016-09-02,52.5,52.79,52.0,52.43,284000,52.664,52.224000000000004,49.5535,1.0627705409305095,76.44230769230771,1.8880711155383167,1.7208580554656592,-0.0013333333333332975,0.01934053232698931,0.015442886569357512,-0.12345679012345678,748700.0,0.015067709326721327,-0.0038146099561320312,0
2016-09-05,52.95,53.4,52.2,52.23,298500,52.67,52.384,49.915,1.0551938295101673,72.48182762201453,1.8124238364842427,1.739171211669376,-0.0038146099561320312,0.018595278644870948,0.015076497107487494,0.051056338028169,731800.0,0.022975301550832775,-0.013593720084242644,0
2016-09-06,51.45,52.0,51.0,51.52,709500,52.342,52.253,50.215999999999994,1.0423371037119644,67.0264965652601,1.6758634459263888,1.7265096585207786,-0.013593720084242644,0.012720512059598277,0.015768494691332333,1.3768844221105527,756900.0,0.019409937888198756,0.007763975155279379,1
2016-09-07,51.85,52.11,51.5,51.92,368000,52.120000000000005,52.209,50.534,1.0313848102267782,67.6612127045236,1.5816823599232137,1.6975441988012658,0.007763975155279379,0.012870403743582996,0.015726083971813565,-0.48132487667371393,452550.0,0.011748844375963009,0.011171032357472965,1
2016-09-08,52.0,53.0,52.0,52.5,71500,52.120000000000005,52.260000000000005,50.878499999999995,1.0244012696915201,65.39649845520086,1.5361366958475315,1.6652626982105192,0.011171032357472965,0.01316764548077323,0.015699467385665928,-0.8057065217391304,413200.0,0.01904761904761905,0.04476190476190478,1
2016-09-09,52.55,55.0,52.55,54.85,708500,52.604,52.634,51.295,1.0255190564382493,69.28702010968924,1.670411327174584,1.6662924240033323,0.04476190476190478,0.01753399956165994,0.01762436989577792,8.909090909090908,331400.0,0.044667274384685554,0.020054694621695512,1
2016-09-15,55.0,56.0,54.0,55.95,581000,53.348,53.009,51.745999999999995,1.0309589146987208,65.85365853658541,1.8443255103832499,1.701899041279316,0.020054694621695512,0.017424604148424727,0.017815939366298904,-0.17995765702187716,376050.0,0.035746201966041107,0.03628239499553154,1
2016-09-16,56.0,58.74,55.2,57.98,1747000,54.64,53.491,52.25,1.0457416267942583,74.64912280701756,2.121502428733251,1.785819718770103,0.03628239499553154,0.01950729260285015,0.01867650174385404,2.0068846815834767,527800.0,0.06105553639185925,-0.007933770265608708,0
2016-09-19,58.0,59.0,57.25,57.52,342500,55.760000000000005,53.94,52.7235,1.0575929139757414,74.06440382941693,2.27779200944925,1.8842141769059324,-0.007933770265608708,0.01993403788797507,0.019043429746912314,-0.8039496279336005,543450.0,0.030424200278164115,-0.01773296244784428,0
2016-09-20,57.05,57.25,56.2,56.5,1028500,56.56,54.339999999999996,53.136,1.0644384221619994,73.17282889079969,2.292915846084874,1.965954510741721,-0.01773296244784428,0.020853723488820055,0.0199560589841509,2.002919708029197,613900.0,0.018584070796460128,-0.0015929203539823966,0
2016-09-21,56.0,56.9,55.0,56.41,583000,56.872,54.738,53.48100000000001,1.063405695480638,69.8024459078081,2.27145542355057,2.0270546933034908,-0.0015929203539823966,0.020866185335787338,0.01959896170450495,-0.4331550802139037,643800.0,0.03368197128168762,0.0024818294628612403,1
2016-09-22,56.55,57.0,56.51,56.55,199000,56.992000000000004,55.17,53.777,1.059783922494747,67.27828746177373,2.239924261467557,2.069628606936304,0.0024818294628612403,0.020578617309483353,0.01925353823828227,-0.6586620926243567,633850.0,0.00866489832007077,-0.003006189213085708,0
2016-09-23,56.5,58.0,56.25,56.38,79500,56.672000000000004,55.656000000000006,53.954499999999996,1.0503665125244421,67.00507614213201,2.1761329035795285,2.0909294662649494,-0.003006189213085708,0.019582966012852893,0.01714881129097913,-0.6005025125628141,570850.0,0.031039375665129477,0.00017736786094357804,1
2016-09-26,57.8,58.0,56.15,56.39,32500,56.446000000000005,56.102999999999994,54.156000000000006,1.0422852500184652,70.84673097534838,2.1021524049085087,2.0931740539936614,0.00017736786094357804,0.019791699710484695,0.0169250862389614,-0.5911949685534591,537300.0,0.03280723532541233,-0.0065614470650824375,0
2016-09-27,55.07,56.9,55.0,56.02,23000,56.35,56.455,54.3575,1.036655475325392,68.63966770508833,1.9907186534721504,2.0726829738893593,-0.0065614470650824375,0.020310033844630152,0.016908313349239083,-0.29230769230769227,532450.0,0.03391645840771151,0.008568368439842766,1
2016-09-28,56.02,56.5,56.02,56.5,6000,56.367999999999995,56.61999999999999,54.626999999999995,1.0318706866567815,71.54389505549956,1.9190173535892825,2.041949849829344,0.008568368439842766,0.01540476872304779,0.016204005301736907,-0.7391304347826086,462200.0,0.008495575221238883,-0.0012389380530973826,0
2016-09-29,56.95,57.0,56.0,56.43,95500,56.34400000000001,56.66799999999999,54.838499999999996,1.027453340262772,76.48327939590078,1.8353879322726243,2.0006374663180004,-0.0012389380530973826,0.014223089377352881,0.01579879468143641,14.916666666666666,413650.0,0.0177210703526493,-0.025163919900762055,0
2016-09-30,57.0,57.0,55.0,55.01,25000,56.07000000000001,56.371,54.931000000000004,1.0207351040396133,65.01457725947523,1.6356738508162962,1.9276447432176596,-0.025163919900762055,0.009865589369257055,0.016690348992483683,-0.7382198952879582,241450.0,0.03635702599527359,0.012543173968369459,1
2016-10-03,56.0,56.8,55.7,55.7,76500,55.931999999999995,56.189,55.064499999999995,1.0157542518319425,65.38461538461542,1.5156052815748282,1.8452368508890933,0.012543173968369459,0.011261514862124794,0.0168236554627905,2.06,214850.0,0.019748653500897564,0.0053859964093356805,1
2016-10-04,57.8,57.8,55.0,56.0,551000,55.928,56.138999999999996,55.2395,1.012463907167878,56.886227544910184,1.428194234088501,1.761828327528975,0.0053859964093356805,0.010264641626774205,0.016567623943413302,6.2026143790849675,167100.0,0.04999999999999995,-0.008928571428571397,0
2016-10-05,55.02,55.51,54.98,55.5,64500,55.727999999999994,56.048,55.39300000000001,1.0060476955572002,47.09677419354836,1.3035480375212813,1.6701722695274364,-0.008928571428571397,0.010581603178335583,0.01676674136363987,-0.882940108892922,115250.0,0.00954954954954957,0.028828828828828756,1
2016-10-06,56.5,57.1,55.5,57.1,28000,55.862,56.102999999999994,55.6365,1.004053094641108,43.989071038251396,1.3186708403529863,1.5998719836925466,0.028828828828828756,0.014322519246846107,0.017636664704115936,-0.5658914728682171,98150.0,0.02802101576182139,-0.027145359019264514,0
2016-10-07,57.9,57.9,55.0,55.55,1019000,55.970000000000006,56.02,55.838,1.0023639815179628,38.287752675386415,1.1918448785789266,1.5182665626698229,-0.027145359019264514,0.016888431261359315,0.01860662434524717,35.392857142857146,192100.0,0.05220522052205218,-0.009360936093609329,0
2016-10-10,55.6,56.0,55.0,55.03,1405000,55.836,55.884,55.9935,0.9971871735112111,40.707964601769916,1.0374160495128777,1.422096460038434,-0.009360936093609329,0.017060840477822265,0.018814058548904885,0.3788027477919529,329350.0,0.018171906232963837,0.03379974559331278,1
2016-10-13,55.99,57.0,55.3,56.89,53500,56.013999999999996,55.971000000000004,56.213,0.9964598936189136,52.47933884297523,1.0529784649225178,1.348272861015251,0.03379974559331278,0.02039163037561085,0.01997111537248444,-0.9619217081850534,332400.0,0.029882228862717575,-0.015644225698716818,0
2016-10-14,56.0,56.8,55.01,56.0,580000,56.114,55.92100000000001,56.270500000000006,0.9972187913738103,47.363374880153415,0.9821743349452063,1.2750531558012421,-0.015644225698716818,0.020919917518625746,0.017984596236043985,9.841121495327103,389800.0,0.0319642857142857,-0.008571428571428563,0
2016-10-17,55.5,55.52,55.5,55.52,6500,55.798,55.83,56.249,0.9919820796814165,45.99627560521415,0.8772175455334121,1.195486033747676,-0.008571428571428563,0.021069172016981837,0.017537841860932175,-0.9887931034482759,380900.0,0.0003602305475504886,-0.008465417867435265,0
2016-10-18,55.5,55.51,55.05,55.05,282000,55.698,55.834,56.1025,0.9927899826210953,44.01785714285713,0.7474967840793454,1.10588818381401,-0.008465417867435265,0.019588430872299927,0.015351217791810421,42.38461538461539,406600.0,0.008356039963669407,-0.0009082652134422275,0
2016-10-19,55.01,55.49,55.0,55.0,573500,55.69199999999999,55.763999999999996,55.9765,0.9949175100265288,45.31249999999999,0.633356623007586,1.0113818716527252,-0.0009082652134422275,0.019105928075240666,0.01530010175913127,1.0336879432624113,456300.0,0.008909090909090945,0.019090909090909047,1
2016-10-20,55.0,56.5,55.0,56.05,94000,55.524,55.769000000000005,55.95399999999999,0.9923151159881333,48.03493449781658,0.620473515352991,0.9332002003927784,0.019090909090909047,0.020089181693231074,0.015537061757569295,-0.8360941586748039,410600.0,0.026761819803746655,-0.00909901873327379,0
2016-10-21,55.01,55.9,55.0,55.54,20000,55.432,55.773,55.91049999999999,0.9914416791121526,46.25735912531539,0.5626252285540545,0.8590852060250337,-0.00909901873327379,0.020097923384953656,0.015660470033909534,-0.7872340425531915,406150.0,0.016204537270435696,-0.018545192653943166,0
2016-10-24,54.5,54.51,54.5,54.51,1500,55.23,55.513999999999996,55.808499999999995,0.9896341955078528,47.82608695652174,0.428725571050002,0.7730132790300274,-0.018545192653943166,0.018097433886072014,0.01613694936523712,-0.925,403500.0,0.0001834525775086775,0.018161805173362744,1
2016-10-25,52.01,55.5,52.01,55.5,198000,55.31999999999999,55.509,55.7645,0.9920289790099435,49.15254237288135,0.39790702946078227,0.6979920291161784,0.018161805173362744,0.017453935159593013,0.01673087303072563,131.0,321400.0,0.06288288288288292,-0.027027027027026973,0
2016-10-26,54.0,54.5,53.5,54.0,122500,55.11999999999999,55.40599999999999,55.644999999999996,0.990565190044029,42.30769230769231,0.24956877574317815,0.6083073784415783,-0.027027027027026973,0.019307456208452214,0.017735440308408897,-0.38131313131313127,193150.0,0.018518518518518517,-0.018703703703703667,0
2016-10-27,52.52,53.0,52.0,52.99,92000,54.508,55.016,55.4935,0.982241163379495,40.710584752035544,0.04993545701009339,0.4966329941552814,-0.018703703703703667,0.015297233628685574,0.01810330751104869,-0.24897959183673468,197000.0,0.018871485185884128,-0.016795621815436923,0
2016-10-28,50.64,52.1,50.64,52.1,21000,53.82000000000001,54.626,55.2735,0.9737034926320933,30.46875,-0.17803862982648866,0.3616986693589274,-0.016795621815436923,0.015373908735527266,0.018166493730326742,-0.7717391304347826,141100.0,0.028023032629558558,0.004798464491362786,1
2016-10-31,52.1,52.35,52.1,52.35,5000,53.388,54.309000000000005,55.06949999999999,0.9694658567809769,36.08695652173915,-0.33467885592550317,0.2224231643020413,0.004798464491362786,0.01580569567149637,0.018262759664860687,-0.7619047619047619,140950.0,0.004775549188156638,0.04985673352435538,1
2016-11-01,52.35,54.96,52.35,54.96,21000,53.28000000000001,54.3,55.06699999999999,0.9675486225870307,49.74245768947756,-0.24538354753098446,0.12886182193543616,0.04985673352435538,0.023553455209805608,0.021084263189957413,3.2,114850.0,0.0474890829694323,0.049854439592430966,1
2016-11-02,55.0,57.7,55.0,57.7,325500,54.02,54.57000000000001,55.166999999999994,0.9792085848423878,52.79889426399448,0.045949056453679304,0.11227926883908479,0.049854439592430966,0.02830670307712721,0.02372285178114947,14.5,90050.0,0.04679376083188913,0.005199306759098743,1
2016-11-03,57.0,58.5,57.0,58.0,337000,55.022000000000006,54.765,55.26700000000001,0.9955669748674615,57.20461095100864,0.29760908457324575,0.14934523198591698,0.005199306759098743,0.027884754479664178,0.023721498081753327,0.03533026113671278,114350.0,0.02586206896551724,0.0012068965517242347,1
2016-11-04,58.5,58.6,58.0,58.07,21000,56.215999999999994,55.017999999999994,55.395500000000006,1.0148116724282656,59.46547884187081,0.4969711113384463,0.21887040785642287,0.0012068965517242347,0.02754465480732645,0.023583154207529076,-0.9376854599406528,114450.0,0.01033235749956951,0.00740485620802489,1
2016-11-07,58.5,58.5,58.5,58.5,1000,57.446000000000005,55.416999999999994,55.4655,1.0357068808538643,62.84437825763219,0.6818049373073265,0.31145731374660357,0.00740485620802489,0.026294881556479553,0.02279909579437193,-0.9523809523809523,114400.0,0.0,-0.008547008547008517,0
2016-11-08,57.5,58.49,57.5,58.0,355500,58.05400000000001,55.666999999999994,55.588,1.044362092537958,60.80691642651297,0.7789618671996692,0.40495822443721674,-0.008547008547008517,0.02643589202620016,0.02193402592604391,354.5,130150.0,0.017068965517241415,-0.00017241379310339866,0
2016-11-09,57.02,57.99,56.62,57.99,549000,58.112,56.065999999999995,55.736000000000004,1.0426295392564948,57.55451713395641,0.8454071898537876,0.49304801752053096,-0.00017241379310339866,0.024114076592742728,0.021770665193732962,0.5443037974683544,172800.0,0.023624762890153552,0.0048284186928782,1
2016-11-10,58.5,60.5,56.75,58.27,43000,58.166,56.593999999999994,55.80499999999999,1.042308036914255,60.82474226804125,0.9101674034448664,0.5764718947053981,0.0048284186928782,0.022367516123154577,0.020531142348876152,-0.9216757741347905,167900.0,0.06435558606487042,0.025913849322121152,1
2016-11-11,59.0,60.99,59.0,59.78,109500,58.508,57.362,55.99399999999999,1.044897667607244,70.12987012987014,1.0709890248800988,0.6753753207403382,0.025913849322121152,0.020751966082373126,0.020816769383853063,1.5465116279069768,176750.0,0.03328872532619608,0.01237872198059553,1
2016-11-14,61.0,61.0,60.0,60.52,364000,58.912,58.17900000000001,56.24399999999999,1.047436170969348,69.54828660436138,1.2438152066327177,0.7890632979188142,0.01237872198059553,0.020514196424036308,0.020705548365867493,2.324200913242009,212650.0,0.016523463317911432,-0.013879709187045619,0
2016-11-15,59.95,60.5,59.31,59.68,21500,59.248000000000005,58.650999999999996,56.4755,1.049092084178095,73.31691297208539,1.2980372555086106,0.8908580894367736,-0.013879709187045619,0.018177631844736496,0.02091858159396395,-0.9409340659340659,212700.0,0.019939678284182267,0.023290884718498717,1
2016-11-16,60.99,62.65,60.5,61.07,159000,59.864,58.988,56.778999999999996,1.054333468359781,82.1656050955414,1.4366096612602846,1.0000084038014758,0.023290884718498717,0.012505721859470936,0.021300830135806477,6.395348837209302,196050.0,0.03520550188308496,-0.0011462256427050566,0
2016-11-17,61.5,61.75,60.55,61.0,90500,60.410000000000004,59.288,57.0265,1.0593320649171878,87.90459965928449,1.5232221197693079,1.1046511469950424,-0.0011462256427050566,0.012696994039612216,0.02109898591913279,-0.4308176100628931,171400.0,0.01967213114754103,-0.014918032786885194,0
2016-11-18,61.0,61.75,60.0,60.09,21500,60.472,59.49000000000001,57.254000000000005,1.0562056799524924,81.20967741935485,1.5011296343302902,1.183946844462092,-0.014918032786885194,0.014186787218142236,0.02133444969519019,-0.7624309392265194,171450.0,0.0291229821933766,0.027625228823431547,1
2016-11-21,61.2,61.9,59.41,61.75,53000,60.718,59.81500000000001,57.61600000000001,1.053839211330186,79.65065502183407,1.599135468993964,1.2669845693684665,0.027625228823431547,0.01611299226908104,0.021246311370387565,1.4651162790697674,176650.0,0.04032388663967615,-0.028340080971659964,0
2016-11-22,61.5,61.5,60.0,60.0,18000,60.782000000000004,60.01500000000001,57.84100000000001,1.0508462855068204,60.994263862332694,1.5180957614627246,1.317206807787318,-0.028340080971659964,0.018993543131558304,0.022411586758533223,-0.6603773584905661,142900.0,0.025,-0.006666666666666599,0
2016-11-23,59.25,60.0,59.2,59.6,45500,60.488,60.176,58.121,1.0407253832521808,57.575757575757585,1.4053940446053375,1.334844255150922,-0.006666666666666599,0.019244633446228822,0.021358988609684337,1.5277777777777777,92550.0,0.01342281879194626,-0.010067114093959773,0
2016-11-24,60.0,60.0,58.9,59.0,55000,60.088,60.249,58.4215,1.0285254572374896,54.19296663660956,1.2532158442799783,1.3185185729767332,-0.010067114093959773,0.01965168968643323,0.02093422114208797,0.20879120879120872,93750.0,0.018644067796610195,-0.016440677966101713,0
2016-11-25,58.5,58.85,58.0,58.03,17000,59.676,60.074,58.717999999999996,1.016315269593651,47.97936371453139,1.042327330130128,1.2632803244074122,-0.016440677966101713,0.01830387715506307,0.020914384630833324,-0.6909090909090909,84500.0,0.014647596070997785,0.0012062726176116367,1
2016-11-28,58.5,58.6,58.1,58.1,9000,58.946000000000005,59.831999999999994,59.005500000000005,0.9989916194253078,50.44642857142858,0.870806957732043,1.1847856510723385,0.0012062726176116367,0.01760080744376221,0.020937123925768013,-0.47058823529411764,49000.0,0.008605851979345954,-0.002065404475043109,0
2016-11-29,58.99,59.0,57.75,57.98,95500,58.541999999999994,59.662,59.15650000000001,0.9896122995782372,49.95579133510166,0.7169285239987104,1.091214225657613,-0.002065404475043109,0.017252063893604615,0.01817529707379509,9.61111111111111,56400.0,0.02155915833045878,-0.01259054846498786,0
2016-11-30,57.5,58.0,57.25,57.25,12500,58.072,59.279999999999994,59.134,0.982040788717151,45.66326530612243,0.5299647537062242,0.9789643312673352,-0.01259054846498786,0.014789289700804419,0.014704855788667462,-0.8691099476439791,41750.0,0.013100436681222707,0.03056768558951961,1
2016-12-01,57.99,60.0,57.99,59.0,1040500,58.072,59.08,59.184000000000005,0.9812111381454447,46.75,0.517044822523161,0.8865804295185004,0.03056768558951961,0.018865468652484566,0.016219314818965637,82.24,136750.0,0.03406779661016946,0.0006779661016949046,1
2016-12-02,59.3,59.75,59.0,59.04,130500,58.274,58.975,59.2325,0.9838180053180264,43.4513274336283,0.5042210038182091,0.8101085443784422,0.0006779661016949046,0.01842578797425244,0.016219355654947896,-0.8745795290725613,147650.0,0.012703252032520325,0.0482723577235773,1
2016-12-05,60.0,61.9,59.1,61.89,376000,59.032,58.989,59.402,0.9937712534931483,58.30202854996244,0.7157781714560016,0.7912424697939542,0.0482723577235773,0.02272169808002081,0.019347609652772903,1.8812260536398466,179950.0,0.0452415576021974,0.0066246566488932235,1
2016-12-06,62.0,62.5,60.81,62.3,32500,59.896,59.218999999999994,59.617000000000004,1.0046798731905329,54.987834549878336,0.906077625628555,0.8142095009608744,0.0066246566488932235,0.020366389144417647,0.019167785110085187,-0.913563829787234,181400.0,0.027126805778491137,0.0032102728731941976,1
2016-12-07,62.01,62.6,62.0,62.5,62500,60.946000000000005,59.509,59.84250000000001,1.0184400718552868,56.01926163723917,1.0608013845885012,0.8635278776863998,0.0032102728731941976,0.02003094787417101,0.01914621858497578,0.9230769230769231,183100.0,0.009600000000000023,-0.011200000000000099,0
2016-12-08,62.48,62.48,61.7,61.8,18000,61.50599999999999,59.78900000000001,60.019000000000005,1.0247754877622084,56.97959183673466,1.1140943423538374,0.9136411706198874,-0.011200000000000099,0.020128218475529286,0.01943958373703995,-0.712,179400.0,0.012621359223300875,0.050000000000000044,1
2016-12-09,62.0,64.89,62.0,64.89,295000,62.676,60.475,60.2745,1.039842719558022,61.4766081871345,1.3896475788668,1.00884245226927,0.050000000000000044,0.023077778235083033,0.02155664495764972,15.38888888888889,207200.0,0.04453690861457853,0.04885190322083521,1
2016-12-13,67.99,68.13,67.75,68.06,369000,63.910000000000004,61.471000000000004,60.65150000000001,1.0537249697039643,76.6887417218543,1.8425779199653718,1.1755895458084904,0.04885190322083521,0.025513124203774246,0.023708996220896995,0.2508474576271187,243200.0,0.005583308845136577,0.0023508668821627943,1
2016-12-14,70.77,71.46,67.5,68.22,294500,65.094,62.495000000000005,61.0785,1.0657432648149512,79.00403768506055,2.1892033676070923,1.3783123101682109,0.0023508668821627943,0.02519742170243201,0.023260838326409294,-0.20189701897018975,263100.0,0.05804749340369384,0.019495749047200306,1
2016-12-15,68.76,70.0,68.05,69.55,913500,66.50399999999999,63.725,61.50250000000001,1.0813218974838417,83.8357921744708,2.541924691342267,1.6110347864030223,0.019495749047200306,0.023003923588367645,0.023135765088907276,2.101867572156197,353200.0,0.028037383177570135,0.036808051761322735,1
2016-12-16,70.0,72.3,70.0,72.11,978500,68.566,65.036,62.05800000000001,1.1048696380805052,90.97788125727588,2.9935220282704833,1.8875322347765147,0.036808051761322735,0.02340702263294245,0.02399278125376867,0.0711548987411057,347000.0,0.031895714880044335,-0.015809180418804636,0
2016-12-19,72.0,72.0,70.25,70.97,167500,69.782,66.229,62.602,1.1146928213156129,85.26027397260272,3.222283223547336,2.154482432530679,-0.015809180418804636,0.025450523058660503,0.024039674434125274,-0.8288196218702095,350700.0,0.02465830632661688,-0.0331125827814569,0
2016-12-20,70.02,71.89,68.0,68.62,576000,69.89399999999999,66.902,62.945499999999996,1.1103891461661277,75.97656250000003,3.177326516444623,2.3590512493134677,-0.0331125827814569,0.02789534006313515,0.025315737657980245,2.4388059701492537,370700.0,0.05668901194986885,-0.022296706499562835,0
2016-12-21,69.0,69.1,67.0,67.09,650500,69.668,67.381,63.3,1.1006003159557662,73.12030075187971,2.9838438938833036,2.484009778227435,-0.022296706499562835,0.029801474025734114,0.02492246162435892,0.12934027777777768,432500.0,0.03130123714413466,0.013563869429124908,1
2016-12-22,69.5,69.5,68.0,68.0,10500,69.358,67.93100000000001,63.720000000000006,1.088480853735091,72.01565557729941,2.870843618157103,2.561376546213369,0.013563869429124908,0.029803000850981004,0.02479619373147328,-0.9838585703305149,427300.0,0.022058823529411766,-0.0405882352941177,0
2016-12-23,67.99,68.0,64.6,65.24,82000,67.984,68.275,64.03200000000001,1.0617191404297848,63.38514680483591,2.5294235318399103,2.5549859433386777,-0.0405882352941177,0.033250952766514026,0.026757183610103572,6.809523809523809,433700.0,0.05211526670754148,0.016247700797056952,1
2016-12-26,66.98,66.98,65.05,66.3,1427500,67.05,68.416,64.44550000000001,1.0404139932190763,60.31820308844173,2.3176622273823995,2.5075212001474223,0.016247700797056952,0.02981564879095819,0.026349642871467,16.408536585365855,546950.0,0.02911010558069392,-0.013574660633484004,0
2016-12-27,66.03,66.5,65.3,65.4,58000,66.406,68.15,64.8105,1.0246179245646925,57.090576395242465,2.053545396512476,2.416726039420433,-0.013574660633484004,0.025226374757101048,0.026725616365621534,-0.9593695271453591,515850.0,0.018348623853211052,-0.006116207951070374,0
2016-12-28,65.49,66.0,64.16,65.0,29500,65.988,67.828,65.1615,1.0126838700766556,55.6663644605621,1.7913051968677962,2.2916418709099053,-0.006116207951070374,0.02514298998769183,0.026807348990089637,-0.4913793103448276,489350.0,0.02830769230769236,-0.0015384615384614886,0
2016-12-29,64.99,65.35,64.9,64.9,304500,65.368,67.363,65.544,0.9973147809105334,57.2227399813607,1.55745540857788,2.1448045784435004,-0.0015384615384614886,0.02375021071288704,0.026514771711435656,9.322033898305085,428450.0,0.006933744221879639,0.04946070878274256,1
2016-12-30,65.0,68.14,64.5,68.11,877500,65.94200000000001,66.963,65.9995,0.9991287812786462,57.46061167747916,1.6125593589652425,2.038355534547849,0.04946070878274256,0.026499982107330795,0.027721880410517825,1.8817733990147785,418350.0,0.05344295991778007,-0.0019086771399206004,0
2017-01-02,68.99,69.0,67.25,67.98,61500,66.278,66.664,66.4465,0.9974641252737165,49.78425026968717,1.626984854465718,1.9560813985314227,-0.0019086771399206004,0.026255371053858573,0.027761713945939574,-0.9299145299145299,407750.0,0.02574286554869079,-0.010885554574875056,0
2017-01-03,67.0,67.9,67.0,67.24,11500,66.646,66.526,66.71400000000001,0.9989807236861826,47.43723849372384,1.5607144038809935,1.8770079996013371,-0.010885554574875056,0.024390246213608975,0.026294643770101343,-0.8130081300813008,351300.0,0.013384889946460525,0.02617489589530053,1
2017-01-04,66.01,69.5,66.0,69.0,185000,67.446,66.717,67.049,1.0059210428194305,48.59335038363172,1.6314060519541584,1.8278876100719015,0.02617489589530053,0.02467108212125669,0.02673825184736687,15.086956521739129,304750.0,0.050724637681159424,-0.04507246376811591,0
2017-01-05,69.0,69.0,65.55,65.89,375500,67.644,66.506,67.21849999999999,1.006330102575928,34.52736318407959,1.4201085562627185,1.7463317993100649,-0.04507246376811591,0.02856435582548435,0.029032953827005877,1.0297297297297296,341250.0,0.05235999392927611,0.011686143572620988,1
2017-01-06,66.5,68.75,65.0,66.66,319500,67.354,66.648,67.4615,0.9984064985213789,39.0775468829194,1.299803013413154,1.6570260421306828,0.011686143572620988,0.025494786803909174,0.028892731208131697,-0.14913448735019974,365000.0,0.056255625562556255,-0.011101110111011003,0
2017-01-09,66.7,67.9,65.81,65.92,213000,66.942,66.61,67.513,0.991542369617703,42.54966887417218,1.1317026249878523,1.5519613587021168,-0.011101110111011003,0.025316161531684655,0.026959247134820688,-0.33333333333333337,243550.0,0.03170509708737869,0.016231796116504826,1
2017-01-10,65.9,67.0,65.5,66.99,89000,66.89200000000001,66.769,67.45949999999999,0.9915875451196646,49.71687429218571,1.0724592708086078,1.456060941123415,0.016231796116504826,0.025332611047094496,0.024822334315112785,-0.5821596244131455,246650.0,0.02239140170174653,0.012837736975668035,1
2017-01-11,67.0,68.0,66.3,67.85,8500,66.662,67.054,67.441,0.9884491629720793,49.57410562180578,1.0824257680093865,1.3813339065006094,0.012837736975668035,0.02530931960429935,0.02499586248065762,-0.9044943820224719,244550.0,0.025055268975681694,-0.025939572586587967,0
2017-01-12,68.0,68.0,65.0,66.09,296500,66.702,67.173,67.268,0.9915858952250698,52.55869957856716,0.9375000804258491,1.2925671412856574,-0.025939572586587967,0.02707999904596094,0.025197026762081277,33.88235294117647,243750.0,0.04539264639128461,-0.001513088213042968,0
2017-01-13,65.26,66.89,65.26,65.99,47000,66.56800000000001,66.961,66.962,0.9941160658283804,49.00958466453673,0.8052933442230739,1.1951123818731406,-0.001513088213042968,0.021382898886961942,0.023468632781445314,-0.8414839797639123,160700.0,0.02470071222912556,-0.0036369146840429245,0
2017-01-16,65.95,66.0,65.0,65.75,1128000,66.53399999999999,66.738,66.701,0.9974962894109534,51.16744496330886,0.6733901367226167,1.090767932843036,-0.0036369146840429245,0.02138054046309133,0.02330798946292512,23.0,267350.0,0.015209125475285171,-0.02098859315589352,0
2017-01-17,65.5,65.51,62.5,64.37,115000,66.00999999999999,66.451,66.4885,0.9928032667303367,48.02755165936131,0.4522877361257116,0.9630718934995711,-0.02098859315589352,0.022017383542964536,0.022647054447398014,-0.8980496453900709,277700.0,0.046760913469007376,-0.005437315519652097,0
2017-01-18,64.8,65.0,64.0,64.02,266000,65.244,65.953,66.33500000000001,0.9835531770558528,47.28729963008628,0.2459848554742905,0.8196544858945151,-0.005437315519652097,0.019281948738678483,0.022198269646276008,1.3130434782608695,285800.0,0.015620118712902219,-0.0003124023742580029,0
2017-01-19,64.0,64.0,63.2,64.0,473500,64.826,65.764,66.135,0.9802071520374989,34.22870299309284,0.079952856610916,0.6717141600377953,-0.0003124023742580029,0.014012957279900009,0.021897579164261324,0.7800751879699248,295600.0,0.012499999999999956,0.0078125,1
2017-01-20,65.73,65.73,64.25,64.5,473000,64.52799999999999,65.548,66.098,0.9762473902387363,37.014925373134304,-0.011154297559642146,0.5351404685183078,0.0078125,0.013615386552558407,0.020102361544525476,-0.001055966209081327,310950.0,0.022945736434108587,0.023255813953488413,1
2017-01-23,64.5,66.25,64.02,66.0,146000,64.578,65.556,66.083,0.9772256102174539,45.62146892655369,0.037250687606558586,0.435562512335958,0.023255813953488413,0.01559264139571516,0.020465234828627332,-0.6913319238900635,304250.0,0.033787878787878846,-0.01909090909090916,0
2017-01-24,66.0,66.5,64.67,64.74,27000,64.652,65.33099999999999,66.05,0.9788342165026496,34.407027818447986,-0.025762508489520997,0.3432975081708622,-0.01909090909090916,0.015566043015820782,0.020693310564707072,-0.815068493150685,298050.0,0.02826691380908246,0.019462465245597915,1
2017-01-25,65.0,66.0,64.35,66.0,1096000,65.048,65.146,66.1,0.9840847201210289,50.46570702794242,0.025674588682946364,0.279772924273279,0.019462465245597915,0.01644535297232143,0.021101597827771414,39.592592592592595,406800.0,0.025000000000000085,0.017575757575757578,1
2017-01-26,66.0,67.3,66.0,67.16,158000,65.67999999999999,65.253,66.213,0.9919502212556447,52.049180327868854,0.1582173333202519,0.25546180608267355,0.017575757575757578,0.015312996627217535,0.021412338941393005,-0.8558394160583942,392950.0,0.019356759976176256,-0.0026801667659319683,0
2017-01-27,68.0,68.25,66.5,66.98,56500,66.176,65.352,66.1565,1.000294755617362,54.553264604811005,0.24589934312645312,0.25354931349142945,-0.0026801667659319683,0.015344728469306458,0.018263404912336138,-0.6424050632911392,393900.0,0.02612720214989549,-0.017617199163929675,0
2017-01-30,67.0,67.0,64.5,65.8,119000,66.136,65.357,66.04749999999999,1.0013399447367426,44.936170212765965,0.2176627486085181,0.2463720005148472,-0.017617199163929675,0.016470059280630948,0.01865280972415926,1.106194690265487,293000.0,0.037993920972644375,0.0018237082066869803,1
2017-01-31,66.0,66.0,65.0,65.92,8000,66.37199999999999,65.512,65.98150000000001,1.0059183255912638,41.2352406902816,0.2026322230049118,0.23762404501286014,0.0018237082066869803,0.014693524603834872,0.01853095961222635,-0.9327731092436975,282300.0,0.01516990291262136,0.003944174757281704,1
2017-02-01,66.49,66.49,66.0,66.18,13000,66.408,65.728,65.8405,1.008619314859395,50.47318611987383,0.20928771179973182,0.23195677837023448,0.003944174757281704,0.014429022495897042,0.01746200225705606,0.625,257000.0,0.00740404956180107,0.029011786038077858,1
2017-02-02,67.5,68.5,67.49,68.1,175000,66.596,66.138,65.951,1.0097799881730378,59.31156222418358,0.36527947411136097,0.2586213175184598,0.029011786038077858,0.01642809954216903,0.015587427030572257,12.461538461538462,227150.0,0.014831130690161603,0.0010279001468429527,1
2017-02-03,68.94,68.94,68.17,68.17,24000,66.83399999999999,66.505,66.0265,1.0122299379794475,60.842293906810035,0.488916558838568,0.3046803657824815,0.0010279001468429527,0.016500915948949323,0.01541163316042427,-0.8628571428571429,182250.0,0.011295291183805135,0.012175443743582148,1
2017-02-06,68.2,69.0,68.2,69.0,24000,67.474,66.80499999999999,66.18050000000001,1.0195450321469315,71.81903864278976,0.6464223481964808,0.37302876226528137,0.012175443743582148,0.01553252527280155,0.015309701741128405,0.0,170050.0,0.011594202898550683,0.01115942028985506,1
2017-02-07,69.94,70.15,68.84,69.77,817000,68.244,67.308,66.3195,1.0290186144346685,76.06527651858568,0.8238821848934776,0.4631994467909206,0.01115942028985506,0.013181692954662049,0.015109156927808006,33.041666666666664,249050.0,0.018775978214132183,0.004729826573025564,1
2017-02-08,70.25,72.0,69.25,70.1,587000,69.02799999999999,67.71799999999999,66.43199999999999,1.0390775529865126,76.8959435626102,0.9798534850419003,0.5665302544411166,0.004729826573025564,0.012513477724689652,0.014914637371594755,-0.2815177478580171,198150.0,0.03922967189728959,-0.004279600570613384,0
2017-02-09,70.01,70.4,69.5,69.8,121500,69.368,67.982,66.61749999999999,1.041287949863024,73.78815080789946,1.0669551762118346,0.6666152387952602,-0.004279600570613384,0.012193896738669215,0.013520319632241802,-0.793015332197615,194500.0,0.012893982808023004,0.002865329512893977,1
2017-02-10,70.0,70.0,69.85,70.0,135000,69.734,68.284,66.818,1.0436409350773743,70.32520325203251,1.1389926245505393,0.761090715946316,0.002865329512893977,0.011984199064612342,0.013481839231331375,0.11111111111111116,202350.0,0.002142857142857224,0.003285714285714336,1
2017-02-13,70.5,70.5,70.01,70.23,71000,69.97999999999999,68.727,67.042,1.043823274961964,81.15777525539164,1.200799826245543,0.8490325380061615,0.003285714285714336,0.009200637957183006,0.013389945420617637,-0.4740740740740741,197550.0,0.006977075323935567,-0.01751388295600176,0
2017-02-14,70.0,70.0,68.01,69.0,170000,69.826,69.035,67.27349999999998,1.0379421317457842,67.08428246013668,1.1374202853940858,0.9067100874837464,-0.01751388295600176,0.011935691390442333,0.013075894846977982,1.3943661971830985,213750.0,0.028840579710144854,0.007681159420289907,1
2017-02-15,69.0,69.99,69.0,69.53,41500,69.712,69.37,67.54899999999999,1.0320211994256023,64.53987730061351,1.1170810977139496,0.948784289529787,0.007681159420289907,0.011969915831733034,0.01292901915609576,-0.7558823529411764,216600.0,0.014238458219473536,-0.02430605494031346,0
2017-02-16,69.25,69.3,67.5,67.84,84000,69.32000000000001,69.34400000000001,67.741,1.023309369510341,54.45134575569358,0.9536007529763708,0.9497475822191038,-0.02430605494031346,0.011967714230135257,0.014400731025687168,1.0240963855421685,207500.0,0.026533018867924484,-0.01385613207547165,0
2017-02-17,67.0,67.0,64.45,66.9,147500,68.7,69.217,67.86099999999999,1.0123635077585065,55.838641188959706,0.7396648617662862,0.9077310381285404,-0.01385613207547165,0.012685807603765373,0.014829616312109375,0.7559523809523809,219850.0,0.03811659192825108,-0.02840059790732441,0
2017-02-20,68.0,68.0,64.25,65.0,153000,67.654,68.81700000000001,67.81099999999999,0.9976847414136351,45.89285714285713,0.412055091026005,0.8085958487080334,-0.02840059790732441,0.014124555888103907,0.0154075345051036,0.03728813559322042,232750.0,0.057692307692307696,0.01538461538461533,1
2017-02-21,64.5,66.2,64.5,66.0,164000,67.054,68.44,67.874,0.9879187907004155,49.246231155778865,0.2304570644799071,0.6929680918624082,0.01538461538461533,0.014740137654579804,0.015162402164330615,0.07189542483660127,167450.0,0.025757575757575802,0.004090909090908923,1
2017-02-22,66.0,66.5,66.0,66.27,35500,66.402,68.057,67.8875,0.978118210274351,41.107871720116634,0.10709157855939111,0.5757927892018048,0.004090909090908923,0.014692461131882932,0.014558796333263518,-0.7835365853658537,112300.0,0.007544892108042855,0.006639505055077599,1
2017-02-23,66.01,67.0,66.0,66.71,18500,66.176,67.748,67.865,0.9751123554114788,43.15196998123823,0.04431700607399591,0.469497632576243,0.006639505055077599,0.015190922921206683,0.014073269879911414,-0.47887323943661975,102000.0,0.014990256333383302,-0.022035676810073457,0
2017-02-24,66.01,66.01,65.0,65.24,48000,65.84400000000001,67.272,67.77799999999999,0.9714656673256812,33.36283185840706,-0.12263534565758505,0.3510710369294774,-0.022035676810073457,0.01589010422948474,0.014891503792986073,1.5945945945945947,93300.0,0.015481299816063844,-0.0036787247087675112,0
2017-02-27,65.0,65.0,64.55,65.0,6000,65.84400000000001,66.749,67.738,0.9720393279990553,27.855153203342624,-0.2711862155822189,0.22661958642713814,-0.0036787247087675112,0.015542750393772495,0.014401298843549853,-0.875,86800.0,0.006923076923076967,-0.01692307692307693,0
2017-02-28,63.01,64.5,63.0,63.9,58500,65.424,66.239,67.637,0.9672812218164615,23.136915077989627,-0.4722310713285083,0.08684945487600887,-0.01692307692307693,0.015501946064811548,0.014844502119614607,8.75,75650.0,0.023474178403755867,0.026291079812206464,1
2017-03-01,64.9,66.0,64.9,65.58,8500,65.286,65.844,67.607,0.9656692354342006,33.6687306501548,-0.490346202510608,-0.028589676601314506,0.026291079812206464,0.018381855499783033,0.016062906348726196,-0.8547008547008547,72350.0,0.016773406526379906,-0.0012198841110093728,0
2017-03-02,63.06,66.0,63.0,65.5,79500,65.044,65.60999999999999,67.477,0.9639432695585162,32.421875,-0.5053327445762363,-0.12393829019629887,-0.0012198841110093728,0.017193901034421935,0.014502852139368147,8.352941176470589,71900.0,0.04580152671755725,0.011450381679389388,1
2017-03-03,66.4,66.4,65.0,66.25,3500,65.24600000000001,65.54499999999999,67.381,0.9683145100250814,35.06006006006004,-0.451486499817662,-0.1894479321205715,0.011450381679389388,0.017340880676616204,0.014795778014437214,-0.9559748427672956,57500.0,0.021132075471698198,-0.01132075471698113,0
2017-03-06,69.0,69.0,65.5,65.5,18500,65.346,65.595,67.20599999999999,0.972323899651817,36.370716510903414,-0.46398318555020523,-0.24435498280649826,-0.01132075471698113,0.015009063415178754,0.014599078673893368,4.285714285714286,44050.0,0.05343511450381679,0.03511450381679393,1
2017-03-07,66.5,68.0,66.5,67.8,84000,66.126,65.775,67.10749999999999,0.9853742130164291,44.079397672826815,-0.2850106950494933,-0.2524861252550973,0.03511450381679393,0.018106531449664186,0.016621171281335907,3.5405405405405403,36050.0,0.022123893805309734,-0.004424778761061954,0
2017-03-08,67.5,67.5,67.5,67.5,20000,66.51,65.898,66.97749999999999,0.9930200440446421,48.714069591527974,-0.16547372163668683,-0.2350836445314152,-0.004424778761061954,0.01824095801824419,0.016572356831955015,-0.7619047619047619,34500.0,0.0,-0.034074074074074034,0
2017-03-09,66.11,67.6,64.5,65.2,255000,66.45,65.74699999999999,66.7475,0.9955429042286228,44.17009602194786,-0.2534094407960339,-0.23874880378433894,-0.034074074074074034,0.021363968807114796,0.018081415099101154,11.75,58150.0,0.04754601226993856,-0.0030674846625767804,0
2017-03-10,65.0,65.5,65.0,65.0,120500,66.2,65.723,66.4975,0.9955261475995338,50.0,-0.3353715063391576,-0.2580733442953027,-0.0030674846625767804,0.020206211946391484,0.01802442701242714,-0.5274509803921569,65400.0,0.007692307692307693,0.0038461538461538325,1
2017-03-13,65.0,65.25,65.0,65.25,4500,66.15,65.748,66.2485,0.9985131738831823,46.90849134377575,-0.3758218824046935,-0.2816230519171809,0.0038461538461538325,0.020201773720903232,0.018036035956987204,-0.9626556016597511,65250.0,0.0038314176245210726,0.0,0
2017-03-14,65.25,65.25,65.25,65.25,2000,65.64,65.883,66.061,0.9936271022237022,45.69983136593593,-0.40323090202977596,-0.30594462193969996,0.0,0.019260718822138066,0.01774343899658911,-0.5555555555555556,59600.0,0.0,0.011494252873563315,1
2017-03-15,65.98,67.25,64.55,66.0,32500,65.34,65.925,65.8845,0.9917355371900827,47.08299096138047,-0.36028092137101453,-0.31681188182596287,0.011494252873563315,0.01771580352934138,0.017880142050559406,15.25,62000.0,0.04090909090909095,0.015151515151515138,1
2017-03-16,66.8,67.0,66.0,67.0,59500,65.7,66.075,65.8425,0.9978357443900217,57.521367521367544,-0.24275280636634022,-0.3020000667340384,0.015151515151515138,0.018258609556317015,0.017514738004100194,0.8307692307692307,60000.0,0.014925373134328358,0.013432835820895717,1
2017-03-17,67.0,67.9,67.0,67.9,2000,66.28,66.24000000000001,65.89250000000001,1.0058807906817921,61.73139158576054,-0.07611108883999407,-0.25682227115522954,0.013432835820895717,0.018377961321874078,0.017480512672209885,-0.9663865546218487,59850.0,0.013254786450662822,0.0014727540500736325,1
2017-03-20,67.9,68.0,67.9,68.0,15500,66.83,66.49000000000001,66.0425,1.0119241397584888,68.04577464788734,0.06329323217171634,-0.19279917048984035,0.0014727540500736325,0.01773405916490369,0.01606520436925573,6.75,59550.0,0.0014705882352940341,0.014705882352941124,1
2017-03-21,68.0,69.0,67.99,69.0,20000,67.58,66.60999999999999,66.19250000000001,1.0209615893039239,66.01123595505621,0.25156393117322295,-0.1039265501572277,0.014705882352941124,0.01464779325394681,0.016036981915362323,0.29032258064516125,53150.0,0.014637681159420364,0.01449275362318847,1
2017-03-22,69.0,70.0,69.0,70.0,65000,68.38,66.85999999999999,66.37899999999999,1.030145076002953,69.39655172413794,0.47597471892457577,0.012053703659132997,0.01449275362318847,0.01496499429610611,0.016263575141497254,2.25,57650.0,0.014285714285714285,0.0,0
2017-03-24,70.0,70.0,70.0,70.0,3000,68.97999999999999,67.34,66.54350000000001,1.0366151464831272,67.28110599078342,0.6463709233574093,0.13891714759878826,0.0,0.007327017160718786,0.01625028283252825,-0.9538461538461538,32450.0,0.0,0.0,0
2017-03-27,70.0,70.0,69.89,70.0,160000,69.4,67.84,66.78150000000001,1.0392099608424488,72.2772277227723,0.7725061727180957,0.2656349526226498,0.0,0.006903570738867437,0.01521040985050224,52.333333333333336,36400.0,0.0015714285714285633,0.013571428571428568,1
2017-03-28,68.55,71.0,68.55,70.95,302500,69.99000000000001,68.41,67.07900000000001,1.0433965920779975,68.00000000000003,0.9383100726705464,0.40016997663222914,0.013571428571428568,0.007021970851313182,0.015262723232827999,0.890625,66200.0,0.0345313601127555,0.000704721634954053,1
2017-03-29,71.5,71.5,70.1,71.0,271000,70.39000000000001,68.985,67.434,1.0438354539253198,70.58823529411765,1.0615090247966066,0.5324377862651046,0.000704721634954053,0.006930889111775078,0.014447717205731103,-0.10413223140495864,93100.0,0.01971830985915501,0.007042253521126751,1
2017-03-30,70.2,71.5,70.2,71.5,141500,70.69000000000001,69.535,67.73,1.0437029381367195,97.01492537313429,1.185821491279441,0.6631145272679719,0.007042253521126751,0.0068599946412684,0.013597598576013914,-0.47785977859778594,104000.0,0.018181818181818143,0.0,0
2017-04-05,74.98,74.98,73.1,73.1,84000,72.51599999999999,71.453,69.03150000000001,1.050476956172182,82.68876611418041,1.692348601599278,1.1689667979624117,-0.025073352894105172,0.018526078611196685,0.01638916081995272,-0.4285714285714286,130700.0,0.0257181942544461,-0.001778385772913782,0
2017-04-06,72.9,73.0,72.9,72.97,11000,72.80999999999999,71.75,69.305,1.050573551691797,79.87987987987985,1.7165079094779259,1.2784750202655146,-0.001778385772913782,0.018405672152082404,0.016329007849045434,-0.8690476190476191,125300.0,0.0013704262025489148,0.027545566671234756,1
2017-04-07,71.1,76.61,71.1,74.98,34000,73.506,72.24799999999999,69.79400000000001,1.0531850875433417,81.89189189189186,1.876216678790513,1.3980233519705143,0.027545566671234756,0.01970377636891056,0.014468389433065939,2.090909090909091,128400.0,0.07348626300346765,-0.01307015204054418,0
2017-04-10,73.25,75.0,73.1,74.0,134500,74.006,72.648,70.244,1.0535561756164227,75.04173622704504,1.9017866071261125,1.498776003001634,-0.01307015204054418,0.020636171565530194,0.015001786672993804,2.9558823529411766,125850.0,0.025675675675675753,0.015675675675675738,1
2017-04-11,74.5,75.25,74.45,75.16,152500,74.042,73.069,70.73949999999999,1.0466853738010589,75.37067545304774,1.9926828574503048,1.5975573738913682,0.015675675675675738,0.020735149896914065,0.015119798645328435,0.13382899628252787,110850.0,0.010643959552953662,0.010377860564129815,1
2017-04-12,74.03,76.5,74.03,75.94,11000,74.61,73.563,71.274,1.0468052866402895,74.9161073825503,2.103411454058133,1.6987281899247213,0.010377860564129815,0.02068771221787888,0.015037481511893738,-0.9278688524590164,84850.0,0.032525678166973916,0.0018435607058204795,1
2017-04-13,75.95,76.3,75.31,76.08,257000,75.232,74.021,71.77799999999999,1.0481205940538885,75.20729684908785,2.177362218305774,1.794454995600932,0.0018435607058204795,0.020750057448017698,0.015064839269409021,22.363636363636363,96400.0,0.013012618296529901,-0.02733964248159826,0
2017-04-14,74.09,75.5,73.05,74.0,156500,75.036,74.271,72.128,1.0403172138420587,64.14427157001413,2.044561680684339,1.8444763326176135,-0.02733964248159826,0.023330457499574617,0.016787808102767806,-0.3910505836575876,109100.0,0.033108108108108145,-0.013513513513513487,0
2017-04-17,73.5,73.55,73.0,73.0,52500,74.836,74.421,72.383,1.0338891728720834,57.223396758280465,1.8374437474403749,1.8430698155821659,-0.013513513513513487,0.023950752731838956,0.017162140441188828,-0.6645367412140575,104000.0,0.007534246575342427,-0.013013698630137016,0
2017-04-18,72.11,72.11,72.05,72.05,352500,74.214,74.128,72.5855,1.0224356104180587,53.479125248508936,1.5784488567513364,1.790145623816,-0.013013698630137016,0.017859431261961246,0.017565009071131458,5.714285714285714,124550.0,0.0008327550312283452,-0.000693962526023606,0
2017-04-19,71.0,72.0,71.0,72.0,9000,73.426,74.018,72.7355,1.0094933010703164,51.70765027322405,1.353556006704352,1.7028277003936705,-0.000693962526023606,0.016227471478321483,0.017363176938365685,-0.9744680851063829,117050.0,0.013888888888888888,0.04999999999999982,1
2017-04-20,74.0,75.6,74.0,75.6,130000,73.33,74.281,73.0155,1.004307304613404,61.23903508771927,1.4491122523176472,1.652084610778466,0.04999999999999982,0.02295732573094816,0.020253247461497478,13.444444444444445,128950.0,0.02116402116402109,0.050000000000000044,1
2017-04-21,77.0,79.38,77.0,79.38,769500,74.40599999999999,74.721,73.4845,1.0125400594683232,67.89282470481379,1.80900261851248,1.6834682123252687,0.050000000000000044,0.0263825759152128,0.022669174736229154,4.9192307692307695,202500.0,0.029982363315696592,-0.004661123708742609,0
2017-04-24,79.38,79.5,78.01,79.01,403500,75.60799999999999,75.22200000000001,73.93499999999999,1.0226279840400352,60.65573770491804,2.040836921160704,1.7549419540923556,-0.004661123708742609,0.025834586886292366,0.0227637930672245,-0.4756335282651072,229400.0,0.01885837235792931,0.0011390963169217727,1
2017-04-25,77.02,80.0,77.02,79.1,104000,77.018,75.616,74.3425,1.0359888354575109,67.52336448598133,2.206395569433127,1.84523267716051,0.0011390963169217727,0.025692482268676015,0.022724907600232314,-0.7422552664188352,224550.0,0.03767383059418463,0.0499367888748421,1
2017-04-26,80.0,83.05,80.0,83.05,828000,79.228,76.327,74.945,1.0571485756221228,74.06876790830947,2.62606236714592,2.001398615157592,0.0499367888748421,0.02932971948070679,0.024733809955894,6.961538461538462,306250.0,0.03672486453943404,-0.029379891631547195,0
2017-04-27,83.11,83.77,80.51,80.61,14000,80.22999999999999,76.78,75.4005,1.0640512993945663,63.172671970051475,2.730290628976192,2.147177017921312,-0.029379891631547195,0.031779610581674236,0.026121904883356976,-0.9830917874396136,281950.0,0.04044163255179247,-0.007567299342513323,0
2017-04-28,80.9,80.9,79.31,80.0,312000,80.354,77.38,75.82549999999999,1.0597226526696166,64.2857142857143,2.732175556290784,2.2641767255952066,-0.007567299342513323,0.030024350432508822,0.026272836952320237,21.285714285714285,297500.0,0.019875000000000042,0.012250000000000094,1
2017-05-02,80.0,80.98,80.0,80.98,7500,80.748,78.178,76.2995,1.0583031343586788,63.9769452449568,2.78069308559661,2.3674799975954874,0.012250000000000094,0.029041034060220867,0.02626949456232601,-0.9759615384615384,293000.0,0.012101753519387552,0.0,0
2017-05-04,80.98,82.0,80.98,80.98,3500,81.124,79.071,76.59949999999999,1.0590669651890678,62.574850299401234,2.7870165847895265,2.451387315034295,0.0,0.02813266441634744,0.024347905701796426,-0.5333333333333333,258100.0,0.01259570264262776,0.007038775006174225,1
2017-05-05,82.0,83.5,80.75,81.55,576000,80.824,80.026,77.022,1.0493625197995378,63.36101612115293,2.805680105982958,2.522245873224028,0.007038775006174225,0.02784667495001252,0.02335921602160083,163.57142857142858,314800.0,0.03372164316370325,0.0009809932556712475,1
2017-05-08,81.45,82.0,81.0,81.63,47500,81.02799999999999,80.62899999999999,77.455,1.0461300109741138,70.65511640498107,2.794710726792843,2.5767388439377914,0.0009809932556712475,0.024724961366847313,0.02332059250000091,-0.9175347222222222,306550.0,0.012250398137939484,-0.013842949895871537,0
2017-05-09,82.0,82.0,80.5,80.5,41000,81.128,80.741,77.731,1.0437019979158895,70.16129032258068,2.664125478404074,2.594216170831048,-0.013842949895871537,0.02055907978053791,0.023132214061844743,-0.13684210526315788,233700.0,0.018633540372670808,0.0,0
2017-05-10,80.0,80.5,80.0,80.5,5000,81.03200000000001,80.89,78.056,1.0381264733012199,73.93767705382442,2.5314546943000096,2.5816638755248404,0.0,0.02045419280187777,0.022812708772678315,-0.8780487804878049,193850.0,0.006211180124223602,0.0,0
2017-05-11,80.5,80.51,80.0,80.5,39000,80.936,81.03,78.32300000000001,1.0333618477331052,74.14772727272732,2.3986618612349986,2.545063472666872,0.0,0.020463033542522612,0.022676020145738204,6.8,187350.0,0.006335403726708138,-0.00248447204968949,0
2017-05-12,79.1,81.94,79.03,80.3,27500,80.68599999999999,80.755,78.541,1.0273105766414994,66.54929577464793,2.251332298449185,2.486317237823335,-0.00248447204968949,0.011594438988262075,0.022658384544708032,-0.2948717948717948,107300.0,0.036239103362390994,0.0018679950186799577,1
2017-05-15,82.0,82.01,80.0,80.45,103000,80.45,80.739,78.7595,1.021464077349399,55.06149479659418,2.1222127572529104,2.41349634170925,0.0018679950186799577,0.007139979762852621,0.02265831760194105,2.7454545454545456,116200.0,0.024984462399005657,-0.005593536357986317,0
2017-05-16,81.45,81.45,79.05,80.0,22000,80.35,80.739,79.0595,1.0163231490206743,54.64788732394364,1.9609685268882657,2.322990778745053,-0.005593536357986317,0.006937349946154125,0.021622038802278313,-0.7864077669902912,87200.0,0.030000000000000072,-0.009375000000000022,0
2017-05-17,78.5,79.8,78.1,79.25,1577000,80.1,80.566,79.372,1.0091720002015823,50.66312997347483,1.7524612976637002,2.208884882528783,-0.009375000000000022,0.006010575517869132,0.021463592654463185,70.68181818181819,244150.0,0.02145110410094641,-0.014258675078864247,0
2017-05-19,77.08,79.1,77.08,78.12,200500,79.624,80.28,79.6755,0.9993536281542004,20.96584216725563,1.4789874138249104,2.0629053887880087,-0.014258675078864247,0.00704802176056505,0.02151827626781781,-0.8728598604946101,263850.0,0.0258576548899129,0.00486431131592413,1
2017-05-22,77.11,78.8,77.11,78.5,13500,79.26400000000001,79.975,80.0005,0.9907938075387029,33.59253499222393,1.2781860813150416,1.9059615272934154,0.00486431131592413,0.006709897959126134,0.021486690697009658,-0.9326683291770573,207600.0,0.021528662420382136,0.02127388535031849,1
2017-05-23,79.9,80.5,78.75,80.17,201000,79.208,79.829,80.229,0.9872739283800122,51.13484646194928,1.2395162500743595,1.7726724718496043,0.02127388535031849,0.0103774450904276,0.019117864179373733,13.88888888888889,222950.0,0.021828614194835973,0.01970812024448043,1
2017-05-24,82.0,82.2,80.9,81.75,54500,79.55799999999999,79.954,80.3475,0.990173931982949,54.75896168108774,1.321133718474698,1.6823647211746233,0.01970812024448043,0.011407557972618335,0.016181981286344925,-0.7288557213930349,224300.0,0.01590214067278284,0.03559633027522935,1
2017-05-25,80.06,85.83,80.06,84.66,8000,80.64,80.37,80.63000000000001,1.0001240233163833,66.72727272727272,1.6021601257003226,1.6663238020797633,0.03559633027522935,0.01562637832775769,0.017787050438543374,-0.8532110091743119,224600.0,0.06815497283250645,0.00425230333097093,1
2017-05-26,85.0,86.0,82.61,85.02,35500,82.02,80.822,80.926,1.0135185230951733,66.07970342910103,1.8327972239460308,1.6996184864530168,0.00425230333097093,0.015527911382877069,0.017777929638578948,3.4375,224250.0,0.039872971065631625,0.002705245824512037,1
2017-05-29,82.0,85.5,82.0,85.25,19500,83.36999999999999,81.31700000000001,81.036,1.0288020139197391,66.54478976234006,2.0109568054895846,1.7618861502603305,0.002705245824512037,0.015313488118082093,0.014072437151383137,-0.45070422535211263,223450.0,0.04105571847507331,-0.023695014662756586,0
2017-05-30,82.25,84.0,82.25,83.23,14500,83.982,81.595,81.167,1.0346815824164992,61.53846153846156,1.9664840354112982,1.802805727290524,-0.023695014662756586,0.01799759880685768,0.013462145481870243,-0.2564102564102564,214600.0,0.021026072329688814,-0.002763426649044831,0
2017-05-31,83.3,83.3,83.0,83.0,72500,84.232,81.89500000000001,81.31700000000001,1.0358473627900684,60.36484245439469,1.8908830442056654,1.8204211906735523,-0.002763426649044831,0.017859602712597965,0.01333056906709973,4.0,219650.0,0.003614457831325267,-0.03590361445783141,0
2017-06-01,81.0,81.0,79.01,80.02,948500,83.304,81.97200000000001,81.269,1.0250402982687126,48.40425531914893,1.5723821759481922,1.7708133877284804,-0.03590361445783141,0.02161466299072783,0.015534269601271624,12.082758620689654,156800.0,0.024868782804298863,0.012496875781054628,1
2017-06-02,80.0,82.0,80.0,81.02,746500,82.50399999999999,82.262,81.271,1.0151714633756197,52.272727272727266,1.3846976532285566,1.6935902408284957,0.012496875781054628,0.02114233727041963,0.015803652678406308,-0.2129678439641539,211400.0,0.024685262898049867,0.009010120957788192,1
2017-06-05,82.75,83.0,81.75,81.75,30000,81.804,82.587,81.28099999999999,1.0064344680798711,53.95858708891595,1.2801049627419019,1.610893185211177,0.009010120957788192,0.02120491567793146,0.01585498680742304,-0.9598124581379772,213050.0,0.01529051987767584,0.03559633027522935,1
2017-06-06,83.0,84.75,82.99,84.66,23500,82.09,83.036,81.4325,1.0080741718601296,62.34110169491525,1.41570778401028,1.5718561049709978,0.03559633027522935,0.022897318068435278,0.017719606691451128,-0.21666666666666667,195300.0,0.020789038506969115,0.004016064257028162,1
2017-06-07,84.65,85.0,84.65,85.0,223500,82.49,83.36099999999999,81.6575,1.010195021890212,65.56578234975636,1.5329383957275553,1.5640725631223094,0.004016064257028162,0.02236211822287846,0.01732627548326547,8.51063829787234,212200.0,0.004117647058823463,-0.006470588235294117,0
2017-06-08,85.0,85.5,84.0,84.45,56000,83.376,83.34,81.85499999999999,1.018581638262782,67.69144773616546,1.563441713788336,1.5639463932555149,-0.006470588235294117,0.019567414252898725,0.017442623436931898,-0.7494407158836689,217000.0,0.017761989342806393,-0.005328596802841923,0
2017-06-09,84.45,84.45,84.0,84.0,242500,83.97200000000001,83.238,82.03,1.0236742655126174,65.31180400890868,1.5336258893198504,1.5578822924683822,-0.005328596802841923,0.019566518274080066,0.017524004142079514,3.3303571428571432,237700.0,0.005357142857142891,-0.003095238095238151,0
2017-06-12,81.2,84.0,81.2,83.74,34500,84.37,83.087,82.202,1.0263740541592663,60.785498489425954,1.472047954031808,1.5407154247810673,-0.003095238095238151,0.019529305210747,0.01753326586924632,-0.8577319587628867,239200.0,0.03343682827800331,0.0031048483401003857,1
2017-06-13,84.0,84.0,83.2,84.0,259000,84.238,83.164,82.3795,1.0225602243276544,57.38673670387392,1.4277683984183085,1.5181260195085156,0.0031048483401003857,0.017936311101413534,0.01753404667538592,6.507246376811594,263650.0,0.00952380952380949,-0.011904761904761862,0
2017-06-14,83.05,83.05,83.0,83.0,1500,83.838,83.164,82.5295,1.0158549367195973,43.76876876876879,1.2970334941807238,1.4739075144429572,-0.011904761904761862,0.018380624256003147,0.017739307613245037,-0.9942084942084942,256550.0,0.0006024096385541827,-0.0046987951807229145,0
2017-06-15,82.71,83.0,81.01,82.61,893500,83.47,83.423,82.6975,1.0093412739200096,40.97378277153561,1.1487137430637375,1.4088687601671133,-0.0046987951807229145,0.0136086816652625,0.017611968515092995,594.6666666666666,251050.0,0.02408909333010525,0.001694710083524953,1
2017-06-16,82.5,82.75,82.5,82.75,355000,83.22,83.596,82.929,1.0035090257931483,40.57315233785824,1.030586146113805,1.3332122373564517,0.001694710083524953,0.01321825465418416,0.017182123926381177,-0.6026860660324567,211900.0,0.0030211480362537764,-0.028640483383685855,0
2017-06-19,82.0,82.0,80.0,80.38,85000,82.548,83.459,83.023,0.9942786938559195,39.52975753122703,0.7372316340178457,1.2140161166887304,-0.028640483383685855,0.016107036379672687,0.018570401573295307,-0.7605633802816901,217400.0,0.024881811395869622,-0.022891266484199924,0
2017-06-20,80.0,80.0,78.5,78.54,89000,81.45599999999999,82.84700000000001,82.94149999999999,0.9820897861745929,35.34822601839687,0.3522133509339227,1.041655563537769,-0.022891266484199924,0.010882196880511933,0.018701652715867875,0.04705882352941182,223950.0,0.019098548510313215,0.018589253883371404,1
2017-06-21,79.0,80.99,75.0,80.0,536500,80.856,82.34700000000001,82.854,0.9758852922007386,49.927007299270095,0.16301425904840983,0.865927302639897,0.018589253883371404,0.013292859130572035,0.0186384528560367,5.02808988764045,255250.0,0.07487499999999994,0.036250000000000115,1
2017-06-22,80.0,84.0,80.0,82.9,25000,80.914,82.192,82.76599999999999,0.9776236618901483,56.02564102564105,0.24426267128569634,0.741594376369057,0.036250000000000115,0.01882542333845421,0.018706299440478732,-0.9534016775396086,252150.0,0.04825090470446321,-0.04861278648974665,0
2017-06-29,82.25,82.25,78.76,78.87,726500,80.138,81.679,82.4585,0.9718585712813113,42.380952380952394,-0.016346266947607546,0.5900062477057241,-0.04861278648974665,0.024015156054412283,0.021472782857302797,28.06,300550.0,0.044250031697730376,0.001648281983009925,1
2017-06-30,79.0,79.0,78.99,79.0,52000,79.862,81.205,82.146,0.9721958464197891,32.44416873449133,-0.20997040639593934,0.43001091688539145,0.001648281983009925,0.02412594727759363,0.021457932341858787,-0.9284239504473503,302300.0,0.00012658227848107742,-0.050000000000000044,0
2017-07-03,78.5,78.5,75.05,75.05,351500,79.164,80.31,81.737,0.968520988047029,24.784591991890522,-0.674377120705671,0.20913330936717897,-0.050000000000000044,0.02760404524233973,0.023467810375417675,5.759615384615385,311550.0,0.04596935376415727,0.025982678214523602,1
2017-07-04,76.95,77.0,76.0,77.0,61500,78.56400000000001,79.71000000000001,81.437,0.9647211955253756,32.37103644107904,-0.8749877701425675,-0.007690906534770309,0.025982678214523602,0.0299450174526602,0.0244643711541556,-0.8250355618776671,317550.0,0.012987012987012988,0.0,0
2017-07-05,78.0,78.0,77.0,77.0,5500,77.384,79.149,81.286,0.9519966537903206,33.075435203094784,-1.0221899852838021,-0.21059072228457668,0.0,0.03002308511866909,0.023245123047819137,-0.9105691056910569,228750.0,0.012987012987012988,0.0,0
2017-07-06,77.5,77.5,76.1,77.0,33000,77.01,78.574,81.08500000000001,0.949744095702041,33.49657198824684,-1.1258704673997642,-0.3936466713076142,0.0,0.029975820350322997,0.023011258529627505,5.0,196550.0,0.018181818181818257,0.006493506493506551,1
2017-07-07,77.0,77.5,77.0,77.5,31000,76.71000000000001,78.286,80.8725,0.9485300936659558,34.269119070667955,-1.1543851417937674,-0.5457943654048448,0.006493506493506551,0.0291755808387345,0.02295303611842364,-0.06060606060606055,191150.0,0.0064516129032258064,0.02954838709677432,1
2017-07-10,76.05,81.37,76.05,79.79,45500,77.65799999999999,78.411,80.62899999999999,0.9631522157040271,42.68792710706151,-0.9808922497458497,-0.6328139422730459,0.02954838709677432,0.029956110078259057,0.022460472333843903,0.467741935483871,186800.0,0.06667502193257309,-0.04988093746083477,0
2017-07-11,76.01,79.0,75.81,75.81,369500,77.42,77.992,80.1695,0.965703914830453,36.68754894283478,-1.151279388457624,-0.7365070315099616,-0.04988093746083477,0.03337089499803619,0.024729034638859983,7.1208791208791204,170100.0,0.042078881414061436,-0.04352987732489111,0
2017-07-12,74.5,74.5,72.05,72.51,1210000,76.522,76.953,79.5725,0.9616638914197744,32.160278745644604,-1.5349014556710188,-0.896185916342173,-0.04352987732489111,0.031958060922650286,0.026159696701143403,2.2746955345060895,288600.0,0.03378844297338302,0.0,0
2017-07-13,72.0,74.95,72.0,72.51,11000,75.624,76.31700000000001,78.998,0.9572900579761512,35.05507026205851,-1.8179683008590644,-1.0805423932455513,0.0,0.029515030270427685,0.026207532421645797,-0.990909090909091,217050.0,0.040684043580195874,0.006343952558267807,1
2017-07-14,73.01,73.01,71.8,72.97,25000,74.718,75.71400000000001,78.4595,0.9523129767587099,38.837675350701396,-1.9823315749994634,-1.2609002295963339,0.006343952558267807,0.02972174982617398,0.026366011864686737,1.272727272727273,214350.0,0.01658215705084292,0.022063861861038703,1
2017-07-18,74.99,76.5,73.1,74.58,40000,73.67600000000002,75.667,77.98850000000002,0.9447033857555922,39.20318725099602,-1.9600824983288305,-1.4007366833428332,0.022063861861038703,0.026873165356103176,0.02706210024312525,0.6000000000000001,183200.0,0.0455886296594262,0.019039957093054394,1
2017-07-19,75.21,76.01,75.21,76.0,32000,73.71400000000001,75.567,77.63850000000001,0.9494516251601977,35.39373412362404,-1.8070374097882649,-1.4819968286319196,0.019039957093054394,0.026200016386297455,0.02756129683188191,-0.19999999999999996,180250.0,0.010526315789473833,-0.013026315789473664,0
2017-07-20,79.0,79.0,75.0,75.01,65000,74.214,75.368,77.2585,0.9605933327724457,40.62196307094266,-1.7455116291962156,-1.5346997887447789,-0.013026315789473664,0.026467667770255048,0.027634737843332327,1.03125,186200.0,0.053326223170243964,-0.013464871350486685,0
2017-07-21,74.0,74.0,73.0,74.0,50500,74.512,75.068,76.821,0.9699431145129588,38.350419384902146,-1.757985600194516,-1.5793569510347263,-0.013464871350486685,0.026679606204666008,0.027665317754720423,-0.22307692307692306,187950.0,0.013513513513513514,0.013513513513513598,1
2017-07-24,74.95,75.01,74.95,75.0,35500,74.918,74.818,76.552,0.978655031873759,49.864937871420864,-1.6679525506895487,-1.5970760709656908,0.013513513513513598,0.027065469653723424,0.027390243153072986,-0.29702970297029707,188400.0,0.0008000000000000303,0.017066666666666785,1
2017-07-25,77.0,78.75,74.98,76.28,51500,75.258,74.46700000000001,76.439,0.9845497717133924,47.98206278026906,-1.4762975683060091,-1.5729203704337547,0.017066666666666785,0.025651658070975462,0.027327624645070412,0.45070422535211274,189000.0,0.04942317776612475,-0.00524383848977461,0
2017-07-26,75.02,77.75,75.0,75.88,39500,75.234,74.474,76.233,0.9868954389831174,46.92982456140349,-1.3412254588225352,-1.5265813881115107,-0.00524383848977461,0.020099856662582564,0.026940818569717213,-0.23300970873786409,156000.0,0.036241433842909856,0.001581444385872599,1
2017-07-27,75.06,76.0,75.05,76.0,10000,75.43199999999999,74.82300000000001,75.888,0.9939911448450346,47.27668845315904,-1.210542461833242,-1.463373602855857,0.001581444385872599,0.012975433182149757,0.025401906608286555,-0.7468354430379747,36000.0,0.012500000000000037,0.02750000000000008,1
2017-07-28,72.8,78.9,72.78,78.09,35000,76.25,75.381,75.849,1.0052868198657858,51.47869674185465,-0.9276364959660128,-1.3562261814778884,0.02750000000000008,0.014653678942361067,0.024034840537973393,2.5,38400.0,0.07837111025739536,0.028428736073760952,1
2017-07-31,78.3,80.5,78.25,80.31,183000,77.312,76.115,75.9145,1.0184088678710916,51.30784708249495,-0.5183211495348132,-1.1886451750892733,0.028428736073760952,0.016051379181014732,0.024875585254007515,4.228571428571429,54200.0,0.028016436309301455,-0.0037355248412401787,0
2017-08-01,80.31,81.0,80.0,80.01,41000,78.05799999999999,76.658,76.1625,1.0248875759067781,62.96296296296297,-0.21565731800571086,-0.9940476036725608,-0.0037355248412401787,0.01592439621345986,0.021837104725391836,-0.7759562841530054,54300.0,0.012498437695288089,-0.021747281589801437,0
2017-08-02,80.01,80.01,78.0,78.27,78000,78.53599999999999,76.885,76.226,1.0303046204707054,69.67213114754094,-0.11487332101846448,-0.8182127471417416,-0.021747281589801437,0.017672649193430635,0.021851263606379893,0.9024390243902438,58900.0,0.025680337293982437,-0.00012776287210924941,0
2017-08-03,78.26,78.26,78.26,78.26,500,78.988,77.21000000000001,76.289,1.0353786260142352,69.62457337883959,-0.03540012313933971,-0.6616502223412613,-0.00012776287210924941,0.016815848115132547,0.021851604651101413,-0.9935897435897436,52450.0,0.0,0.013544594939943533,1
2017-08-04,76.65,82.17,76.55,79.32,47000,79.23400000000001,77.742,76.405,1.037026372619593,70.81967213114753,0.11182702759944618,-0.5069547723531198,0.013544594939943533,0.015768147164876806,0.022026823833671882,93.0,52100.0,0.07085224407463446,0.0021432173474533744,1
2017-08-07,83.28,83.28,79.16,79.49,14500,79.07000000000001,78.191,76.5045,1.0335339751256465,67.7769732078204,0.23946280635377093,-0.35767125661174165,0.0021432173474533744,0.01566212456488399,0.021998649557284075,-0.6914893617021276,50000.0,0.05183041892061901,-0.006038495408227318,0
2017-08-08,79.0,79.01,79.0,79.01,3000,78.87,78.46400000000001,76.46549999999999,1.031445553877239,61.69386169386172,0.29844282895214747,-0.22644843949896384,-0.006038495408227318,0.015542284530089991,0.021028464952197318,-0.7931034482758621,45150.0,0.00012656625743583236,-0.0002531325148716901,0
2017-08-09,76.7,78.99,76.62,78.99,26000,79.01400000000001,78.775,76.6245,1.0311845428028896,66.7226890756302,0.33965574889157324,-0.11322760182085644,-0.0002531325148716901,0.015303962412161698,0.017499140067675837,7.666666666666666,43800.0,0.03000379794910736,0.019242942144575448,1
2017-08-10,79.59,80.51,79.59,80.51,74500,79.464,79.226,77.0245,1.0316717408097422,76.22884770346495,0.48932791409890797,0.00728350136309644,0.019242942144575448,0.015981340770253503,0.014179354210367508,1.8653846153846154,50250.0,0.011427151906595474,-0.0001242081728978217,0
2017-08-11,80.5,80.5,80.0,80.5,53000,79.7,79.46700000000001,77.424,1.029396569539161,74.08056042031521,0.6002183237160779,0.12587046583369274,-0.0001242081728978217,0.014109944183918114,0.01418184388483147,-0.28859060402684567,52050.0,0.006211180124223602,-0.020000000000000018,0
2017-08-15,80.5,80.5,78.89,78.89,8000,79.58,79.325,77.72,1.023932063818837,61.10638297872339,0.5518251309806175,0.21106139886307768,-0.020000000000000018,0.012704206578656056,0.015265256238123628,-0.8490566037735849,34550.0,0.020408163265306114,-0.003929522119406781,0
2017-08-16,78.0,78.9,77.7,78.58,54500,79.494,79.18199999999999,77.91999999999999,1.0202002053388093,61.57804459691253,0.48289228617669266,0.2654275763258007,-0.003929522119406781,0.012707791642838997,0.014745684818855529,5.8125,35900.0,0.01527106133876308,-0.03995927716976333,0
2017-08-17,76.55,76.55,74.0,75.44,168500,78.784,78.899,77.892,1.0114517537102656,48.09264305177111,0.172897695106073,0.24692160008185518,-0.03995927716976333,0.016603372527354606,0.01703282761901675,2.091743119266055,44950.0,0.03380169671261926,-0.012990455991516492,0
2017-08-18,72.55,75.0,72.51,74.46,85000,77.574,78.519,77.86449999999999,0.9962691598867264,36.6249078850405,-0.15012254228662414,0.16751277160815933,-0.012990455991516492,0.01680578339499292,0.017031411686585996,-0.49554896142433236,53400.0,0.033440773569701786,-0.03303787268331981,0
2017-08-21,73.0,75.0,70.74,72.0,1831000,75.874,77.78699999999999,77.7645,0.9756894212654874,19.91310644460536,-0.5977295938930212,0.014464298507923246,-0.03303787268331981,0.017582742543219048,0.018343740462729685,20.541176470588237,231800.0,0.059166666666666735,-0.01388888888888884,0
2017-08-22,68.61,71.0,68.61,71.0,48000,74.296,76.93799999999999,77.5645,0.9578608770764978,18.95244658855961,-1.0213792258479657,-0.19270440636325456,-0.01388888888888884,0.01712873179931332,0.018209141319164686,-0.973784817039869,235150.0,0.033661971830985925,0.02464788732394374,1
2017-08-23,73.0,73.0,72.75,72.75,42000,73.13,76.31199999999998,77.388,0.9449785496459399,30.99173553719008,-1.2020576642645437,-0.39457505794351244,0.02464788732394374,0.020544095821545337,0.018711595835571748,-0.125,239050.0,0.003436426116838488,-0.010996563573883122,0
2017-08-24,73.5,73.5,71.95,71.95,8500,72.432,75.60799999999999,77.1915,0.938341656788636,29.392553886348793,-1.3937338463371987,-0.5944068156222497,-0.010996563573883122,0.020372458569288963,0.018804842136080555,-0.7976190476190477,237300.0,0.021542738012508646,0.01459346768589298,1
2017-08-25,73.49,73.5,73.0,73.0,435000,72.14000000000001,74.857,77.04150000000001,0.9363784453833324,29.3464052287582,-1.4442638027036594,-0.7643782130385317,0.01459346768589298,0.01969544915146557,0.019174468193428728,50.1764705882353,273350.0,0.00684931506849315,0.008767123287671152,1
2017-08-28,72.1,75.0,72.1,73.64,32000,72.468,74.17099999999999,76.81899999999999,0.9433603665759774,31.452124286620204,-1.4163398220482861,-0.8947705348404826,0.008767123287671152,0.02035870570612549,0.01809304667883849,-0.9264367816091954,271250.0,0.03938077131993489,-0.017925040738729026,0
2017-08-29,72.25,73.25,72.25,72.32,133000,72.732,73.514,76.4195,0.9517466091769771,29.86152919927754,-1.4836205799730209,-1.0125405438669903,-0.017925040738729026,0.02024073853328838,0.016809154904299607,3.15625,283750.0,0.013827433628318585,0.018113938053097467,1
2017-08-30,72.0,73.9,72.0,73.63,36000,72.90799999999999,73.019,76.1005,0.9580488958679639,35.02793296089388,-1.414924642962788,-1.09301736368615,0.018113938053097467,0.02192099519171128,0.017593594219803645,-0.7293233082706767,281900.0,0.02580469917153342,0.0009506994431618399,1
2017-08-31,71.52,73.75,71.52,73.7,14000,73.258,72.845,75.872,0.9655472374525516,29.30091185410336,-1.3393944969523375,-1.1422927903393876,0.0009506994431618399,0.018482363344742944,0.017113954610948504,-0.6111111111111112,266450.0,0.030257801899592998,-0.0008141112618724744,0
2017-09-05,73.7,74.0,73.25,73.64,4500,73.386,72.763,75.64099999999999,0.9701881254875002,29.212121212121218,-1.2697410264660647,-1.167782437564723,-0.0008141112618724744,0.018087655810753746,0.017108867769663208,-0.6785714285714286,258400.0,0.010184682237914177,-0.009505703422053258,0
2017-09-06,73.0,73.0,71.54,72.94,2500,73.24600000000001,72.857,75.322,0.9724383314303923,30.91725465041695,-1.256539691737899,-1.1855338883993582,-0.009505703422053258,0.014655610971540483,0.016714798517094866,-0.4444444444444444,75550.0,0.020016451878256014,-0.018234165067178454,0
2017-09-07,73.0,73.0,71.5,71.61,22000,73.104,72.91799999999999,74.928,0.9756566303651506,29.018663455749575,-1.3379740911190936,-1.2160219289433054,-0.018234165067178454,0.015212914343402837,0.016936988279416657,7.800000000000001,72950.0,0.02094679514034353,-0.01564027370478993,0
2017-09-08,71.0,71.1,70.0,70.49,81500,72.476,72.69200000000001,74.502,0.9728060991651232,33.03632625085676,-1.475873132330932,-1.2679921696208307,-0.01564027370478993,0.013478437373409672,0.01710120146976522,2.7045454545454546,76900.0,0.01560505036175336,-0.0049652432969214955,0
2017-09-11,71.0,71.0,70.1,70.14,18000,71.764,72.511,74.0595,0.9690046516652151,34.527220630372526,-1.5950148525700598,-1.3333967062106766,-0.0049652432969214955,0.01321668565511689,0.017056799253576924,-0.7791411042944785,77850.0,0.012831479897348242,-0.0005702879954377904,0
2017-09-12,70.25,70.35,69.5,70.1,42000,71.056,72.221,73.539,0.9662356028773847,41.767764298093574,-1.6733735809332302,-1.4013920811551874,-0.0005702879954377904,0.01184015507857627,0.016073728351021933,1.3333333333333335,38550.0,0.012125534950071246,0.041512125534950206,1
2017-09-13,70.27,73.6,70.27,73.01,57500,71.07000000000001,72.158,73.1645,0.9713727285773839,57.47211895910781,-1.4835592104948745,-1.417825507023125,0.041512125534950206,0.018444135827087343,0.019344113410314917,0.36904761904761907,41100.0,0.045610190384878756,0.0378030406793588,1
2017-09-14,73.25,76.66,73.25,75.77,14000,71.902,72.503,73.0085,0.9848442304663156,60.442600276625136,-1.0977666500603505,-1.35381373563057,0.0378030406793588,0.020917206046437264,0.021168894400715864,-0.7565217391304347,29200.0,0.0450046192424442,0.02850732479873308,1
2017-09-15,77.75,78.0,77.75,77.93,3500,73.39,72.93299999999999,72.976,1.0056730980048236,68.90012642225028,-0.6106896679528262,-1.2051889220950212,0.02850732479873308,0.021884516224021166,0.02221419123120997,-0.75,25950.0,0.003208007185936096,-0.003336327473373646,0
2017-09-18,75.76,77.93,75.76,77.67,11500,74.896,73.33000000000001,73.0875,1.0247443133230716,65.5355954757152,-0.24285796210844524,-1.012722730097706,-0.003336327473373646,0.022033817389382374,0.020178888454175092,2.2857142857142856,25700.0,0.027938715076606176,-0.00862623921720096,0
2017-09-19,77.0,77.0,77.0,77.0,1500,76.276,73.66600000000001,73.2145,1.0418154873693053,61.155378486055746,-0.005350409528290356,-0.8112482659838228,-0.00862623921720096,0.022416762175266825,0.02003532818970396,-0.8695652173913043,25400.0,0.0,-0.03948051948051956,0
2017-09-20,77.0,77.0,73.16,73.96,921000,76.466,73.768,73.3125,1.0430144927536231,54.886769964243136,-0.06171514286829449,-0.6613416413607172,-0.03948051948051956,0.02620969743285205,0.020667893452797213,613.0,117250.0,0.05191995673336944,-0.015278528934559166,0
2017-09-21,73.26,73.5,72.5,72.83,215000,75.878,73.89,73.404,1.0337038853468477,47.590361445783145,-0.19531469015326763,-0.5681362511192273,-0.015278528934559166,0.0259755828786944,0.02072477023127614,-0.7665580890336591,136550.0,0.013730605519703419,-0.011533708636550899,0
2017-09-22,70.29,72.35,70.29,71.99,5500,74.69,74.03999999999999,73.366,1.0180465065561703,45.07772020725387,-0.36476943870812306,-0.5274628886370064,-0.011533708636550899,0.02569681199128924,0.02016729517750345,-0.9744186046511628,128950.0,0.028615085428531577,-0.013613001805806269,0
2017-09-25,72.0,72.0,71.0,71.01,1678500,73.35799999999999,74.127,73.31899999999999,1.00053192214842,42.810278840896686,-0.5715528520920401,-0.5362808813280131,-0.013613001805806269,0.026114451256788244,0.020248431955615948,304.1818181818182,295000.0,0.01408252358822701,0.04041684269821144,1
2017-09-26,72.0,74.55,71.15,73.88,326000,72.734,74.505,73.36299999999999,0.9914261957662583,52.29716520039101,-0.498103357141062,-0.5286453764906229,0.04041684269821144,0.028822780993413788,0.022006150780181487,-0.8057789693178433,323400.0,0.04602057390362739,-0.007850568489442322,0
2017-09-27,72.5,73.3,72.5,73.3,5000,72.602,74.53399999999999,73.346,0.9898562975486053,54.287163876204964,-0.4811488712718841,-0.5191460754468752,-0.007850568489442322,0.026093861786408643,0.022004309654802746,-0.9846625766871165,318150.0,0.01091405184174621,-0.022783083219645284,0
2017-09-28,71.5,71.75,71.5,71.63,3000,72.362,74.11999999999999,73.3115,0.9870484166876956,52.813425468904235,-0.5956016373712743,-0.534437187831755,-0.022783083219645284,0.023418556458926047,0.02223812646754818,-0.4,317050.0,0.003490157755130532,0.03908976685746213,1
2017-09-29,71.75,74.5,71.75,74.43,2000,72.85,73.77000000000001,73.3515,0.9931630573335241,59.44517833553501,-0.45512330155318637,-0.5185744105760413,0.03908976685746213,0.025283722016043127,0.02360238994147613,-0.33333333333333337,316900.0,0.03694746741905145,-0.027273948676608928,0
2017-10-02,72.0,72.4,72.0,72.4,82000,73.12800000000001,73.243,73.2865,0.997837255156134,54.655870445344156,-0.501812658942967,-0.5152220602494264,-0.027273948676608928,0.026295319081270686,0.02442260745112577,40.0,323950.0,0.0055248618784531165,-0.03439226519337024,0
2017-10-03,71.21,71.21,69.26,69.91,5500,72.33399999999999,72.53399999999999,73.1,0.9895212038303692,43.616144975288286,-0.7313064556563944,-0.55843893933082,-0.03439226519337024,0.027729049983235166,0.025564896818593485,-0.9329268292682926,324350.0,0.027893005292518792,-0.006293806322414497,0
2017-10-04,70.5,71.0,66.46,69.47,613500,71.56800000000001,72.08500000000001,72.9265,0.9813716550225228,35.65573770491805,-0.9378750262363695,-0.6343261567119299,-0.006293806322414497,0.025617142321936456,0.025527228789008583,110.54545454545455,293600.0,0.06535195048222263,-0.013962861666906523,0
2017-10-05,67.51,69.5,66.75,68.5,5000,70.94200000000001,71.652,72.771,0.974866361600088,27.29898892633605,-1.1664073818048735,-0.7407424017305188,-0.013962861666906523,0.02556724568151401,0.02540294705354663,-0.9918500407497962,272600.0,0.040145985401459854,0.021897810218978186,1
2017-10-06,68.5,70.0,68.5,70.0,4000,70.05600000000001,71.453,72.7465,0.9630154028028842,32.576101771921856,-1.2125064366599219,-0.8350952087163994,0.021897810218978186,0.026888654886086272,0.025720142957281346,-0.19999999999999996,272450.0,0.02142857142857143,-0.007857142857142785,0
2017-10-09,67.8,69.45,66.6,69.45,4500,69.466,71.297,72.712,0.9553581252062932,32.754682503426224,-1.2786808364846962,-0.9238123342700588,-0.007857142857142785,0.02668460780046991,0.0257574108956545,0.125,105050.0,0.04103671706263511,-0.017278617710583144,0
2017-10-11,69.0,69.0,68.0,68.25,53000,69.134,70.73400000000001,72.6195,0.9520032498158209,35.76059850374065,-1.4116815105755194,-1.021386169531151,-0.017278617710583144,0.022413829856194813,0.026040100340710293,10.777777777777779,77750.0,0.014652014652014652,-0.018168498168498082,0
2017-10-12,66.3,67.02,66.3,67.01,303500,68.642,70.105,72.3195,0.9491492612642509,35.565476190476204,-1.598714158246949,-1.1368517672743106,-0.018168498168498082,0.02265918522824791,0.02426937182129408,4.726415094339623,107600.0,0.010744664975376792,-0.00014923145799139448,0
2017-10-13,67.0,67.0,67.0,67.0,41500,68.342,69.64200000000001,71.881,0.9507658491117263,37.092602172788425,-1.727828464448237,-1.2550471067090958,-0.00014923145799139448,0.02222262080400806,0.02222647405358109,-0.8632619439868204,111450.0,0.0,0.014925373134328401,1
2017-10-16,68.0,68.0,68.0,68.0,1000,67.942,68.999,71.3845,0.9517752453263663,42.22222222222221,-1.72952396401395,-1.3499424781700669,0.014925373134328401,0.017542917968923072,0.021308462466882193,-0.9759036144578314,111350.0,0.0,-0.007352941176470562,0
2017-10-17,68.9,68.9,67.5,67.5,71000,67.55199999999999,68.509,70.876,0.9531011908121224,31.213191990577187,-1.7510287119470433,-1.4301597249254623,-0.007352941176470562,0.016306482346257145,0.02129523162782856,70.0,110250.0,0.020740740740740823,0.008888888888888724,1
2017-10-18,68.1,68.1,68.1,68.1,500,67.522,68.328,70.431,0.9586971646008151,34.70588235294119,-1.7000591701630157,-1.4841396139729732,0.008888888888888724,0.013727777643086367,0.021573566184841925,-0.9929577464788732,109750.0,0.0,0.01923641703377399,1
2017-10-19,66.5,69.99,65.99,69.41,215500,68.002,68.322,70.20349999999999,0.9686411646142999,43.329326923076934,-1.5362504503018783,-1.4945617812387542,0.01923641703377399,0.015241605703902211,0.02074285479137098,430.0,69950.0,0.05762858377755367,0.0012966431349950014,1
2017-10-23,69.49,69.5,69.49,69.5,30000,68.502,68.422,70.037,0.9780830132644173,32.30437903804736,-1.3832236703502616,-1.4722941590610559,0.0012966431349950014,0.014428546317543402,0.02055533115233785,-0.8607888631090488,72450.0,0.00014388489208640455,-0.02676258992805758,0
2017-10-24,69.0,69.0,66.8,67.64,43000,68.42999999999999,68.186,69.81949999999999,0.9800986830326771,32.70348837209302,-1.39594372970042,-1.4570240731889288,-0.02676258992805758,0.014995687849199099,0.021193853914350445,0.43333333333333335,76350.0,0.03252513305736255,-0.0005913660555885158,0
2017-10-25,67.6,67.6,67.6,67.6,34500,68.45,68.001,69.649,0.9827851081853293,39.78779840848806,-1.3931922807046817,-1.4442577146920794,-0.0005913660555885158,0.014927409708513202,0.021046909380341778,-0.19767441860465118,79350.0,0.0,-0.013461538461538414,0
2017-10-26,67.0,68.0,66.2,66.69,173500,68.16799999999999,67.845,69.2895,0.9838142864358956,38.20033955857385,-1.4477523445318923,-1.4449566406600423,-0.013461538461538414,0.014554375387567903,0.01860497703076502,4.028985507246377,91400.0,0.02699055330634274,-0.015444594391962885,0
2017-10-27,66.5,67.5,64.85,65.66,21500,67.418,67.71,68.9075,0.9783840655951821,38.00675675675675,-1.5561654732337615,-1.4671984071747861,-0.015444594391962885,0.014244798688164861,0.018744426244203492,-0.8760806916426513,63200.0,0.04035942735303085,-0.006244288760280159,0
2017-10-30,64.1,65.25,64.0,65.25,13000,66.56800000000001,67.535,68.5885,0.9705417088870586,27.90697674418604,-1.656077007422013,-1.5049741272242316,-0.006244288760280159,0.014289916698509349,0.018292934212672595,-0.39534883720930236,60350.0,0.019157088122605363,0.004137931034482678,1
2017-10-31,65.25,66.1,65.0,65.52,43000,66.144,67.287,68.143,0.9706646317303319,31.23209169054438,-1.6939441409607099,-1.5427681299715275,0.004137931034482678,0.013188786358011996,0.0153414054091917,2.3076923076923075,64550.0,0.0167887667887667,0.012515262515262693,1
2017-11-01,65.5,67.0,64.52,66.34,324000,65.892,67.17099999999999,67.84,0.9712853773584904,40.53518334985135,-1.6388948109302248,-1.561993466163267,0.012515262515262693,0.014034961312960592,0.01504762777201338,6.534883720930233,89850.0,0.03738317757009352,0.009948748869460289,1
2017-11-02,66.0,67.0,66.0,67.0,208000,65.954,67.06099999999999,67.6945,0.9742889008708239,49.94742376445844,-1.5244385573629842,-1.5544824844032106,0.009948748869460289,0.014127029715772635,0.013566998072753219,-0.3580246913580247,110600.0,0.014925373134328358,-0.00014925373134333508,0
2017-11-03,67.0,67.0,65.1,66.99,27000,66.22,66.81899999999999,67.57050000000001,0.980013467415514,49.94742376445844,-1.4181900560511735,-1.5272239987328033,-0.00014925373134333508,0.012151678904720348,0.01353503964371304,-0.8701923076923077,91750.0,0.028362442155545693,-0.0013434841021046084,0
2017-11-06,66.9,66.9,66.9,66.9,500,66.55,66.559,67.4905,0.9860647054029826,43.604651162790724,-1.325964705381793,-1.4869721400626013,-0.0013434841021046084,0.012064846972211288,0.013225299208773626,-0.9814814814814815,88800.0,0.0,-0.005979073243647326,0
2017-11-07,66.0,67.0,66.0,66.5,11000,66.74600000000001,66.44500000000001,67.3155,0.9915398385215888,44.11764705882352,-1.2705064995253679,-1.4436790119551546,-0.005979073243647326,0.009078687333072299,0.0120948741555159,21.0,85600.0,0.015037593984962405,0.007518796992481258,1
2017-11-08,66.89,67.0,66.89,67.0,32000,66.878,66.38499999999999,67.193,0.9953120116678821,43.452380952380985,-1.1726915918085012,-1.389481527925824,0.007518796992481258,0.0095356223442155,0.012223863075982576,1.9090909090909092,85350.0,0.0016417910447761109,0.0026865671641791433,1
2017-11-09,67.0,68.8,67.0,67.18,15000,66.91400000000002,66.434,67.1395,0.9966413214277737,34.662998624484274,-1.0683329992461807,-1.3252518221898955,0.0026865671641791433,0.008470458058973673,0.011690223516698229,-0.53125,69500.0,0.02679368859779692,0.024114319738017143,1
2017-11-10,67.0,68.8,67.0,68.8,1500,67.276,66.748,67.229,1.0006991030656414,46.02272727272726,-0.845165064911086,-1.2292344707341336,0.024114319738017143,0.00925991212521263,0.01218250834722775,-0.9,67500.0,0.02616279069767438,-0.0011627906976744429,0
2017-11-13,68.45,68.8,68.25,68.72,80000,67.64000000000001,67.095,67.315,1.0048280472405855,57.692307692307686,-0.6670686483817434,-1.1168013062636555,-0.0011627906976744429,0.00871472299975302,0.012191351271506695,52.333333333333336,74200.0,0.008003492433061659,-0.006402793946449381,0
2017-11-14,68.3,68.3,68.25,68.28,1000,67.99600000000001,67.371,67.329,1.0099065781461185,54.582210242587664,-0.5550322120880224,-1.004447487428529,-0.006402793946449381,0.009466366254456505,0.011868904163645779,-0.9875,70000.0,0.0007322788517867188,-0.0224077328646749,0
2017-11-15,66.75,66.75,66.75,66.75,1000,67.946,67.412,67.2915,1.0097263398794796,50.37313432835822,-0.5829805060221531,-0.9201540911472539,-0.0224077328646749,0.012117953217206125,0.012817460114532183,0.0,37700.0,0.0,0.01872659176029967,1
2017-11-16,67.0,68.0,67.0,68.0,151500,68.10999999999999,67.512,67.2865,1.012238710588305,64.16464891041166,-0.4985185653036126,-0.8358269859785257,0.01872659176029967,0.013138691442803031,0.013372678932231494,150.5,32050.0,0.014705882352941176,0.0,0
2017-11-17,67.0,68.0,66.98,68.0,9500,67.95,67.613,67.216,1.0109200190430851,67.515923566879,-0.4266635568739474,-0.75399430015761,0.0,0.013136618477607881,0.012585803225426283,-0.9372937293729373,30300.0,0.014999999999999942,0.0,0
2017-11-20,68.0,68.0,67.5,68.0,20500,67.806,67.723,67.14099999999999,1.0099045292742141,66.35883905013196,-0.3655046350914688,-0.6762963671443818,0.0,0.013110297810562508,0.01257695645954282,1.1578947368421053,32300.0,0.007352941176470588,0.0,0
2017-11-21,68.0,68.0,68.0,68.0,328000,67.75,67.873,67.15899999999999,1.0088000119120297,62.27810650887573,-0.31342280594459737,-0.603721654904425,0.0,0.012854544426113924,0.011020794498408492,15.0,64000.0,0.0,0.0,0
2017-11-23,68.0,68.0,68.0,68.0,6500,68.0,67.973,67.179,1.012221080992572,58.196721311475414,-0.26904618418058135,-0.5367865607596563,0.0,0.012735185075888925,0.011019005154224075,-0.9801829268292683,61450.0,0.0,0.0,0
2017-11-24,68.5,68.5,68.0,68.0,36000,68.0,68.05499999999999,67.24449999999999,1.0112351196008598,58.29228243021353,-0.23121212229503385,-0.4756716730667318,0.0,0.012737008642963146,0.010531115231999915,4.538461538461538,63550.0,0.007352941176470588,0.0,0
2017-11-27,68.0,68.15,68.0,68.0,74500,68.0,67.975,67.3615,1.009478708164159,59.16666666666662,-0.19893515503660808,-0.42032436946070706,0.0,0.00990224833960366,0.009800745788543369,1.0694444444444446,70850.0,0.00220588235294126,-0.002941176470588225,0
2017-11-28,68.05,68.05,67.8,67.8,274000,67.96000000000001,67.88300000000001,67.489,1.006978915082458,61.20689655172412,-0.1873342814861445,-0.37372635186579456,-0.002941176470588225,0.009918964257246855,0.00968524106683137,2.6778523489932886,90250.0,0.003687315634218289,0.0008849557522123686,1
2017-11-29,66.12,67.86,66.05,67.86,1500,67.932,67.84100000000001,67.60600000000001,1.0048220572138566,58.02238805970149,-0.17132408959919587,-0.3332458994124748,0.0008849557522123686,0.009769190030894511,0.009674103739844269,-0.9945255474452555,90300.0,0.02667256115531981,-0.019893899204244003,0
2017-11-30,66.51,67.65,66.5,66.51,14000,67.634,67.81700000000001,67.61449999999999,1.000288399677584,44.86983154670748,-0.2645203883817828,-0.3195007972063364,-0.019893899204244003,0.009158159791129415,0.010466731934568622,8.333333333333334,91600.0,0.017290632987520756,-0.007668019846639673,0
2017-12-04,66.0,66.0,66.0,66.0,500,67.23400000000001,67.617,67.5645,0.9951083779203578,24.16974169741701,-0.37520671491080293,-0.3306419807472297,-0.007668019846639673,0.006465944970832101,0.01034189769276191,-0.9642857142857143,76500.0,0.0,0.0,0
2017-12-05,65.61,66.0,65.0,66.0,21000,66.834,67.417,67.515,0.9899133525883137,24.531835205992536,-0.45765091130920155,-0.35604376685962413,0.0,0.006465944970832101,0.010342370511637177,41.0,77650.0,0.015151515151515152,0.014999999999999902,1
2017-12-06,66.75,67.0,66.75,66.99,20500,66.672,67.316,67.51950000000001,0.9874480705573944,39.04923599320878,-0.4380541887004341,-0.3724458512277861,0.014999999999999902,0.008612848403533433,0.010917952917278255,-0.023809523809523836,77650.0,0.003731900283624422,-0.03567696671144949,0
2017-12-07,65.0,65.0,64.6,64.6,1500,66.02,66.976,67.4245,0.9791692930611277,34.07407407407403,-0.6083638312297523,-0.41962944722817935,-0.03567696671144949,0.013779556515081339,0.013504741967861847,-0.926829268292683,45000.0,0.006191950464396374,0.008823529411764897,1
2017-12-08,65.5,65.5,65.15,65.17,2500,65.752,66.69300000000001,67.333,0.9765196857410184,26.688632619439915,-0.6893943052201905,-0.4735824188265816,0.008823529411764897,0.014405673551236734,0.013552960572721939,0.6666666666666667,44600.0,0.005370569280343629,-0.014270369802056315,0
2017-12-11,65.0,65.1,64.24,64.24,1098000,65.4,66.31700000000001,67.186,0.9734170809394814,23.142857142857167,-0.8192114081446533,-0.542708216690196,-0.014270369802056315,0.01465388471374001,0.013818509692333244,438.2,150800.0,0.013387297633872969,-0.0037359900373598043,0
2017-12-12,63.3,64.49,63.01,64.0,599500,65.0,65.917,66.946,0.9709317957756999,22.37569060773484,-0.9307295211692974,-0.6203124775860163,-0.0037359900373598043,0.014543187112875436,0.012359402576072117,-0.45400728597449913,203300.0,0.02312499999999995,0.00765624999999992,1
2017-12-13,64.0,65.25,64.0,64.49,878500,64.5,65.58599999999998,66.7345,0.966516569390645,27.29624838292365,-0.9684063388248632,-0.6899312498337857,0.00765624999999992,0.015159662615177474,0.012603448743677253,0.46538782318598826,263750.0,0.019382850054271983,-0.03969607691114896,0
2017-12-14,62.51,62.55,61.9,61.93,204500,63.965999999999994,64.993,66.417,0.9630967975066623,20.505344995140902,-1.1911057675997228,-0.7901661533869732,-0.03969607691114896,0.01850503646629054,0.01502865326957142,-0.7672168468981218,284050.0,0.010495720975294665,0.016470208299693256,1
2017-12-15,64.25,65.02,62.5,62.95,84500,63.522000000000006,64.637,66.227,0.9591556313890105,27.674624226348385,-1.270644000769778,-0.8862617228635341,0.016470208299693256,0.019652059293166272,0.015139784221397315,-0.58679706601467,291100.0,0.04003177124702138,0.00889594916600478,1
2017-12-18,63.0,63.7,63.0,63.51,188000,63.376,64.388,66.0025,0.9602060528010302,31.086773378264525,-1.273807642133562,-0.9637709067175397,0.00889594916600478,0.020123603173018745,0.014551725758618399,1.224852071005917,309850.0,0.01102188631711546,0.004881121083293971,1
2017-12-19,63.5,64.0,63.5,63.82,99500,63.339999999999996,64.16999999999999,65.79350000000001,0.962709082204169,33.38898163606011,-1.2370406073942632,-1.0184248468528845,0.004881121083293971,0.020280648426822232,0.014650714378938999,-0.4707446808510638,317700.0,0.007834534628643058,0.0028204324663114733,1
2017-12-20,64.0,64.05,64.0,64.0,193500,63.242,63.870999999999995,65.5935,0.9641504112450165,34.0495867768595,-1.1797782228276503,-1.0506955220478376,0.0028204324663114733,0.019415802791515304,0.014695261012657114,0.9447236180904524,335000.0,0.0007812499999999556,-0.0007812499999999556,0
2017-12-21,63.0,64.0,63.0,63.95,10000,63.646,63.806000000000004,65.39099999999999,0.9733143704791181,38.14814814814813,-1.1254583691321045,-1.0656480914646909,-0.0007812499999999556,0.016002302194583155,0.014688120248012337,-0.9483204134366925,335850.0,0.01563721657544957,0.016419077404222104,1
2017-12-22,63.95,65.47,63.75,65.0,465500,64.056,63.789,65.241,0.9818365751597922,45.59082892416225,-0.9863136590386432,-1.0497812049794815,0.016419077404222104,0.01668066191713846,0.015308126125820255,45.55,382150.0,0.026461538461538443,-0.0006153846153846843,0
2017-12-26,64.97,65.0,64.8,64.96,65000,64.346,63.86099999999999,65.089,0.9885848607291555,45.43057996485059,-0.8692479897741094,-1.013674561938407,-0.0006153846153846843,0.015937206734409,0.015304215017995686,-0.8603651987110634,278850.0,0.0030788177339901917,0.03879310344827602,1
2017-12-27,65.0,67.49,65.0,67.48,216000,65.078,64.20899999999999,65.063,1.0002305457787068,51.897753679318384,-0.5665982718058871,-0.9242593039119031,0.03879310344827602,0.01969569153141723,0.01784183398231722,2.3230769230769233,240500.0,0.03689982216953164,0.007113218731475746,1
2017-12-28,67.5,68.9,66.0,67.96,558000,65.87,64.556,65.071,1.0122788953604525,65.27272727272727,-0.2847319882489643,-0.7963538407793154,0.007113218731475746,0.01968978571064424,0.017903016934532133,1.5833333333333335,208450.0,0.04267216009417313,-0.012654502648616783,0
2017-12-29,67.9,67.9,66.1,67.1,289000,66.49999999999999,65.07300000000001,65.03299999999999,1.0225577783586794,58.54738706820192,-0.12925576052488452,-0.6629342247284292,-0.012654502648616783,0.01377093774934112,0.018133086902105456,-0.48207885304659504,216900.0,0.026825633383010604,0.0014903129657228842,1
2018-01-01,67.0,67.69,67.0,67.2,1051500,66.93999999999998,65.49799999999999,65.0675,1.0287778076612746,64.14913957934995,0.0020063069002418388,-0.529946118402695,0.0014903129657228842,0.013576781375688216,0.01754441073439769,2.63840830449827,313600.0,0.010267857142857108,0.050000000000000044,1
2018-01-02,67.0,70.56,67.0,70.56,51500,68.05999999999999,66.203,65.29549999999999,1.0423382928379443,74.15316642120767,0.3728582821546951,-0.34938523829121704,0.050000000000000044,0.019337122261269504,0.020579432108380976,-0.9510223490252021,299950.0,0.05045351473922906,0.014030612244897878,1
2018-01-03,71.5,72.65,70.0,71.55,23000,68.874,66.976,65.57300000000001,1.0503408415048874,75.07102272727275,0.7381370857625456,-0.13188077348046454,0.014030612244897878,0.019244993620335427,0.020691009743848025,-0.5533980582524272,292300.0,0.03703703703703712,-0.0006988120195666747,0
2018-01-05,71.8,72.0,71.0,71.5,14500,69.582,67.726,65.7985,1.0575013108201554,91.35695764909248,1.0119237599765256,0.09688013321093351,-0.0006988120195666747,0.01945565550829077,0.0205590135834499,-0.3695652173913043,274400.0,0.013986013986013986,0.006993006993007089,1
2018-01-08,73.5,73.5,71.51,72.0,22000,70.56199999999998,68.53099999999999,66.16850000000001,1.0663986640168657,90.9502262443439,1.2547831342470062,0.3284607334181481,0.006993006993007089,0.01907034525043736,0.01838228027203275,0.5172413793103448,275600.0,0.027638888888888817,-0.015000000000000013,0
2018-01-09,70.25,71.02,70.25,70.92,65000,71.306,69.123,66.45599999999999,1.0729806187552668,82.02247191011237,1.3446042037267603,0.5316894274798705,-0.015000000000000013,0.020788162812703254,0.018926020748782295,1.9545454545454546,235550.0,0.01085730400451207,0.015228426395939021,1
2018-01-10,71.0,72.5,71.0,72.0,97500,71.594,69.827,66.844,1.0710609777990545,83.14424635332254,1.4858075578350878,0.722513053550914,0.015228426395939021,0.020581281541322032,0.018539469937174737,0.5,238800.0,0.020833333333333332,0.03152777777777782,1
2018-01-11,72.0,75.6,72.0,74.27,217500,72.13799999999999,70.506,67.35749999999999,1.0709720521100101,85.58558558558559,1.7605873075457765,0.9301279043498866,0.03152777777777782,0.019576405228327716,0.019240386969072803,1.2307692307692308,238950.0,0.04847179210986932,0.01225259189443939,1
2018-01-12,74.45,75.5,74.4,75.18,27500,72.874,71.228,67.892,1.0733812525776232,86.7233485938522,2.028399506805769,1.1497822248410632,0.01225259189443939,0.019565403124822554,0.019267975853010877,-0.8735632183908046,185900.0,0.014631550944400029,-0.023410481511040193,0
2018-01-15,72.11,74.01,72.1,73.42,57500,73.158,71.86,68.46650000000001,1.0685225621289243,76.31249999999997,2.0747093551512847,1.3347676509031077,-0.023410481511040193,0.021196246262254265,0.017405995793706906,1.0909090909090908,162750.0,0.026014709888313958,0.0019068373740125377,1
2018-01-16,73.5,74.8,73.0,73.56,61500,73.686,72.49600000000001,68.997,1.0679594764989784,76.70807453416151,2.0985166795798023,1.4875174566384468,0.0019068373740125377,0.021179725255335045,0.017367869951445347,0.06956521739130439,63750.0,0.024469820554649226,0.009516041326808056,1
2018-01-17,74.0,76.0,74.0,74.26,24500,74.138,72.866,69.53450000000001,1.0662045459448186,73.73949579831933,2.149094877584133,1.6198329408275842,0.009516041326808056,0.015689740648446967,0.017370182797845943,-0.6016260162601625,61050.0,0.026932399676811204,0.006059789927282289,1
2018-01-18,74.4,75.0,74.0,74.71,55500,74.226,73.182,70.079,1.0591760727179327,73.6842105263158,2.20012799707375,1.7358919520768175,0.006059789927282289,0.015392889272723068,0.01736107480351376,1.2653061224489797,64300.0,0.013385089010841924,0.026234774461250332,1
2018-01-19,74.74,77.5,74.74,76.67,194500,74.524,73.699,70.7125,1.0539013611454835,81.17263843648209,2.3713918029750403,1.8629919222564622,0.026234774461250332,0.016695528564642854,0.017774433248657143,2.5045045045045047,82300.0,0.035998434850658734,0.002086865788443859,1
2018-01-22,77.0,77.01,76.0,76.83,206000,75.20599999999999,74.182,71.35650000000001,1.0539474329598562,81.24594419208306,2.491311972237014,1.9886559322525725,0.002086865788443859,0.01677194111878168,0.01770091120515447,0.059125964010282805,100700.0,0.013145906546921842,0.0,0
2018-01-23,77.0,77.0,76.83,76.83,1500,75.86,74.773,71.94800000000001,1.054372602435092,76.01659751037343,2.5568755011774584,2.1022998460375497,0.0,0.015220505940350404,0.01773717905079105,-0.9927184466019418,94350.0,0.002212677339580915,-0.010803071716777302,0
2018-01-24,76.0,76.01,75.99,76.0,5000,76.208,75.173,72.5,1.051144827586207,68.71320437342305,2.5128939298210753,2.184418662794255,-0.010803071716777302,0.016075578980440635,0.018155384870137462,2.3333333333333335,85100.0,0.00026315789473697676,-0.023026315789473673,0
2018-01-25,79.0,79.0,73.1,74.25,321500,76.116,75.171,72.8385,1.0449968080067547,60.1177336276674,2.310197326281795,2.2095743954917633,-0.023026315789473673,0.015522592857204663,0.017903538651918925,63.3,95500.0,0.07946127946127954,0.004040404040404066,1
2018-01-26,75.0,75.0,74.55,74.55,172500,75.69199999999998,75.108,73.16799999999999,1.0344959545156351,59.52203136669154,2.1489940348902508,2.197458323371461,0.004040404040404066,0.015016120147246095,0.01789711234734628,-0.46345256609642305,110000.0,0.006036217303822976,0.04976525821596245,1
2018-01-29,78.25,78.27,77.3,78.26,455500,75.978,75.592,73.726,1.0305455334617366,72.90886392009988,2.29415961531123,2.2167985817594147,0.04976525821596245,0.01980641134790434,0.020012678235182164,1.6405797101449275,149800.0,0.012394582162024007,-0.01290569895221061,0
2018-01-30,77.11,77.35,77.11,77.25,5000,76.062,75.961,74.2285,1.0247007551008036,66.45768025078368,2.3011792624751166,2.2336747179025553,-0.01290569895221061,0.02072706428449919,0.020508468834637545,-0.9890230515916575,144150.0,0.0031067961165047882,-0.0045307443365695255,0
2018-01-31,76.9,76.99,76.9,76.9,101000,76.24199999999999,76.225,74.5455,1.022757912952492,59.37277263007842,2.252534493016924,2.237446672925429,-0.0045307443365695255,0.020869780318473124,0.01798733085992335,19.2,151800.0,0.0011703511053314589,0.004551365409622754,1
2018-02-01,78.1,78.1,77.25,77.25,52500,76.842,76.479,74.8305,1.0268807504961213,57.683741648106874,2.2166728133215514,2.2332919010046535,0.004551365409622754,0.020856212772228367,0.017846302934411685,-0.4801980198019802,151500.0,0.011003236245954619,-0.027961165048543624,0
2018-02-06,76.0,76.0,75.05,75.09,2500,76.95,76.321,75.00999999999999,1.0258632182375684,56.02018745493872,1.9910071347759413,2.1848349477589113,-0.027961165048543624,0.021339905941687613,0.01921213646317158,-0.9523809523809523,132300.0,0.012651484884804939,0.014782261286456322,1
2018-02-07,75.55,76.2,75.5,76.2,18000,76.538,76.25800000000001,75.22,1.0175219356554108,58.89487870619947,1.8800610090233647,2.123880160011802,0.014782261286456322,0.021970330969892666,0.019383502841748623,6.2,113500.0,0.009186351706036782,0.010367454068241466,1
2018-02-08,76.95,77.0,76.95,76.99,28000,76.486,76.274,75.5235,1.0127443775778402,59.14266577361016,1.834732152561699,2.0660505585217814,0.010367454068241466,0.02224514300077897,0.018968101472516423,0.5555555555555556,116150.0,0.0006494349915573082,-0.009611637875048595,0
2018-02-09,77.0,77.0,76.25,76.25,1500,76.356,76.299,75.736,1.0081863314672017,55.05913272010515,1.7192781236807662,1.9966960715535784,-0.009611637875048595,0.022181406001085917,0.019026921823876764,-0.9464285714285714,115800.0,0.009836065573770493,0.009836065573770592,1
2018-02-12,72.5,79.75,72.5,77.0,54500,76.306,76.574,75.8725,1.0057135325710895,51.17773019271948,1.6690588346865098,1.9311686241801649,0.009836065573770592,0.020684715501720408,0.017902733697595964,35.333333333333336,89100.0,0.09415584415584416,-0.0051948051948053076,0
2018-02-13,76.6,76.6,76.6,76.6,1000,76.60799999999999,76.779,75.9435,1.008749925931778,49.192982456140335,1.5787837924866182,1.8606916578414556,-0.0051948051948053076,0.020879689811420857,0.017799462749037934,-0.981651376146789,71950.0,0.0,-0.03394255874673624,0
2018-02-14,76.1,76.11,73.75,74.0,12500,76.16799999999999,76.353,75.9725,1.002573299549179,41.602373887240354,1.2826562375723398,1.7450845737876324,-0.03394255874673624,0.016280941312963506,0.01869555956404485,11.5,27650.0,0.031891891891891885,0.027027027027026973,1
2018-02-15,75.0,76.4,75.0,76.0,53000,75.97,76.228,76.09450000000001,0.998363876495673,50.0,1.1955744639207069,1.6351825518142473,0.027027027027026973,0.018933225543333994,0.01961224899305902,3.24,32450.0,0.018421052631579022,-0.020394736842105243,0
2018-02-16,73.0,74.5,72.5,74.45,7000,75.60999999999999,75.983,76.104,0.9935088825817301,50.561167227833906,0.9900764992201943,1.5061613412954369,-0.020394736842105243,0.019860312054887343,0.02012771530845736,-0.8679245283018868,23050.0,0.026863666890530557,0.00738750839489577,1
2018-02-20,74.5,75.0,74.5,75.0,2000,75.21,75.75800000000001,76.1185,0.9880646623357002,51.245157719977875,0.8616655411303782,1.3772621812624253,0.00738750839489577,0.020000743076118085,0.020149823659682556,-0.7142857142857143,18000.0,0.006666666666666667,0.0008000000000001339,1
2018-02-21,75.0,75.4,75.0,75.06,37500,74.902,75.755,76.038,0.9850601015281834,38.904299583911204,0.7560254395941541,1.2530148329287711,0.0008000000000001339,0.017937309168693103,0.019213384120130104,17.75,21500.0,0.005329070077271592,-0.000666133759658849,0
2018-02-22,74.9,75.1,74.9,75.01,11000,75.104,75.636,75.947,0.9889001540548014,41.679049034175335,0.6606546997627021,1.1345428062955574,-0.000666133759658849,0.0171821975774986,0.01920081977580881,-0.7066666666666667,20800.0,0.0026663111585120466,-0.00013331555792572836,0
2018-02-23,75.0,76.1,72.5,75.0,124000,74.904,75.43699999999998,75.8555,0.9874564138394709,42.75914634146338,0.5776074853675368,1.0231557421099533,-0.00013331555792572836,0.016694421035944138,0.01920046871914812,10.272727272727273,30400.0,0.047999999999999925,0.022400000000000198,1
2018-02-26,76.5,77.05,76.5,76.68,1500,75.35,75.47999999999999,75.8895,0.9928909796480409,48.027681660899674,0.639976676535241,0.9465199289950109,0.022400000000000198,0.01817998185117698,0.01973892012244304,-0.9879032258064516,30400.0,0.0071726656233698114,-0.021909233176838905,0
2018-02-28,76.75,77.75,75.0,75.0,2500,75.35,75.28,75.92699999999999,0.9924005953086518,49.67788117394416,0.5475311519340238,0.8667221735828136,-0.021909233176838905,0.01915519904367207,0.019669919376617433,0.6666666666666667,25200.0,0.03666666666666667,0.024399999999999977,1
2018-03-02,77.25,77.25,76.0,76.83,1500,75.704,75.30300000000001,76.04100000000001,0.9955681803237725,52.14431586113,0.6148455568540641,0.8163468502370637,0.024399999999999977,0.02089350086285942,0.020367170147638697,-0.4,25250.0,0.016269686320447743,0.015228426395939021,1
2018-03-05,77.99,78.0,77.99,78.0,1000,76.30199999999999,75.703,76.028,1.0036039353922237,53.35102853351031,0.7539113093486378,0.8038597420593785,0.015228426395939021,0.01737818789674638,0.017312835974361833,-0.33333333333333337,24100.0,0.0001282051282051938,-0.012820512820512775,0
2018-03-07,77.0,77.0,77.0,77.0,500,76.702,75.80300000000001,76.0155,1.0090310528773736,52.44618395303326,0.7745022970939601,0.7979882530662948,-0.012820512820512775,0.01641341240948072,0.017309510047807834,-0.5,18850.0,0.0,-0.011298701298701364,0
2018-03-08,76.99,77.0,76.0,76.13,50000,76.592,75.971,75.977,1.0080945549310976,47.184466019417464,0.712406890944635,0.780871980641963,-0.011298701298701364,0.015282678733500307,0.01746778385214587,99.0,23150.0,0.013135426244581638,-0.004334690660711904,0
2018-03-09,78.8,78.8,75.8,75.8,15000,76.752,76.051,75.9045,1.011165345928107,47.399219765929786,0.6293132605889582,0.7505602366313621,-0.004334690660711904,0.015301951723803709,0.01744935012429619,-0.7,24450.0,0.0395778364116095,-0.0007915567282321678,0
2018-03-12,75.0,75.8,75.0,75.74,16500,76.53399999999999,76.119,75.937,1.0078617801598693,56.77570093457941,0.5522534275685302,0.7108988748187958,-0.0007915567282321678,0.015314459996064553,0.01623930199524629,0.10000000000000009,22350.0,0.010562450488513299,0.003432796408766814,1
2018-03-13,75.8,76.0,75.8,76.0,1149000,76.13399999999999,76.218,75.92699999999999,1.0027263028962028,50.0,0.5063261689050336,0.6699843336360434,0.003432796408766814,0.015319543229627388,0.015911010606553422,68.63636363636364,136150.0,0.0026315789473684583,-0.002105263157894721,0
2018-03-14,76.0,76.0,75.0,75.84,106500,75.902,76.302,75.8695,1.0004283671304015,57.15756951596291,0.4518096423862801,0.6263493953860907,-0.002105263157894721,0.015354372926054193,0.01572617972764173,-0.9073107049608355,134400.0,0.013185654008438817,0.002109704641350074,1
2018-03-15,76.0,76.99,76.0,76.0,2500,75.876,76.23400000000001,75.857,1.0002504712814901,55.364806866952776,0.4167119689896879,0.5844219101068102,0.002109704641350074,0.013469494796413881,0.015591859479339358,-0.9765258215962441,134500.0,0.013026315789473617,0.0052631578947368585,1
2018-03-16,75.5,76.5,75.5,76.4,46500,75.99600000000001,76.374,75.827,1.002228757566566,56.93581780538302,0.41637376938848547,0.5508122819631452,0.0052631578947368585,0.011307115356050466,0.015472350664458985,17.6,138900.0,0.013089005235602092,-0.015052356020942459,0
2018-03-19,76.0,76.0,75.25,75.25,4000,75.898,76.216,75.75949999999999,1.0018281535648996,51.11524163568771,0.31962590623213316,0.5045750068169429,-0.015052356020942459,0.009290371414530643,0.01579097675846126,-0.9139784946236559,139150.0,0.009966777408637873,0.018604651162790864,1
2018-03-20,76.99,79.01,76.0,76.65,666500,76.02799999999999,76.08099999999999,75.892,1.0017920202392874,56.79012345679013,0.3518647495571088,0.47403295536497614,0.018604651162790864,0.010020208777582506,0.014280358768817692,165.625,205700.0,0.03926940639269413,0.023483365949119372,1
2018-03-21,77.49,78.9,77.0,78.45,289000,76.55,76.226,76.0145,1.0070447085753376,57.21271393643028,0.5167029914834416,0.48256696258866927,0.023483365949119372,0.011936534570985416,0.013970247052446805,-0.5663915978994749,234550.0,0.024219247928617026,0.021414913957934933,1
2018-03-22,78.6,80.5,77.02,80.13,1135500,77.376,76.626,76.2985,1.014122164918052,70.90464547677259,0.7739785030612438,0.5408492706831842,0.021414913957934933,0.012382336486787668,0.013616835018408527,2.9290657439446366,343100.0,0.043429427180831204,-0.030325720703856196,0
2018-03-26,84.13,84.13,77.7,77.7,4000,77.636,76.816,76.43350000000001,1.0157326303257077,53.3799533799534,0.7728812143764969,0.5872556594218468,-0.030325720703856196,0.016612050414219683,0.015561949667349813,-0.9964773227653017,342000.0,0.08275418275418266,0.010424710424710382,1
2018-03-27,77.18,78.75,77.18,78.51,165000,78.288,77.093,76.606,1.0219565047124246,52.038369304556376,0.8278291367530954,0.6353703548880965,0.010424710424710382,0.016735555493694394,0.015675037812535913,40.25,356850.0,0.01999745255381471,0.007387593937077996,1
2018-03-28,78.4,80.0,78.4,79.09,437000,78.776,77.402,76.81,1.0255956255695873,58.643507030603814,0.9077133592788869,0.6898389557662545,0.007387593937077996,0.01677456593046932,0.01569647198870113,1.6484848484848484,285650.0,0.020230117587558404,0.01201163231761293,1
2018-03-29,80.0,82.97,79.0,80.04,175000,79.094,77.822,77.062,1.0263683787080533,66.06409202958099,1.035739877106451,0.7590191400342938,0.01201163231761293,0.01678642444552499,0.01581277917282861,-0.5995423340961099,292500.0,0.049600199900049956,-0.004997501249375369,0
2018-03-30,80.0,80.0,79.4,79.64,32500,78.99600000000001,78.186,77.21000000000001,1.023131718689289,65.68627450980392,1.0923334181154587,0.8256819956505268,-0.004997501249375369,0.01709504741441005,0.015254879301673631,-0.8142857142857143,295500.0,0.007533902561526799,-0.007910597689603116,0
2018-04-02,78.9,80.0,78.9,79.01,12500,79.258,78.447,77.4105,1.0238662713714548,62.763466042154604,1.0739684326596546,0.8753392830523523,-0.007910597689603116,0.0175585396314974,0.01439683877267333,-0.6153846153846154,292100.0,0.013922288317934366,-0.00582204784204543,0
2018-04-03,78.55,78.55,78.55,78.55,250000,79.26599999999999,78.777,77.4965,1.0228332892453207,59.8001537279016,1.0106457980984516,0.9024005860615723,-0.00582204784204543,0.016696095714446944,0.013561850459361943,19.0,316700.0,0.0,-0.007001909611712209,0
2018-04-04,80.0,80.0,78.0,78.0,201000,79.048,78.912,77.4965,1.0200202589794378,58.0597014925373,0.9056420724667475,0.9030488833426074,-0.007001909611712209,0.01623742665219561,0.013258759379888714,-0.19599999999999995,270150.0,0.02564102564102564,0.023076923076922995,1
2018-04-05,79.8,79.8,78.51,79.8,147000,79.0,79.047,77.6365,1.017562615522338,62.63297872340424,0.9566432324707677,0.9137677531682395,0.023076923076922995,0.01617770347341899,0.01383710872093214,-0.26865671641791045,255950.0,0.016165413533834487,-0.004135338345864659,0
2018-04-06,79.8,79.8,78.7,79.47,256500,78.96600000000001,78.981,77.80350000000001,1.014941487208159,60.25384101536404,0.959374702759149,0.9228891430864216,-0.004135338345864659,0.014689312196377329,0.013568168141774022,0.7448979591836735,168050.0,0.013841701270919772,-0.030451742796023695,0
2018-04-09,77.05,77.55,77.0,77.05,51000,78.57399999999998,78.91600000000001,77.86600000000001,1.0090925436005442,55.54187192118226,0.7575332654892577,0.8898179675669888,-0.030451742796023695,0.014717551702758163,0.015370940872119574,-0.8011695906432749,172750.0,0.007138221933809179,0.017780661907852213,1
2018-04-10,78.45,78.8,78.0,78.42,1500,78.54799999999999,78.90700000000001,78.0,1.0070256410256408,55.45959284392349,0.7000502788477405,0.8518644298231393,0.017780661907852213,0.015500670235026806,0.01581597576114259,-0.9705882352941176,156400.0,0.010201479214486064,-0.00854373884213211,0
2018-04-11,78.25,78.25,77.75,77.75,3000,78.498,78.773,78.0875,1.0052569233231952,47.67904509283819,0.5935886764494427,0.8002092791483999,-0.00854373884213211,0.015474985565374038,0.0159791543645476,1.0,113000.0,0.006430868167202572,-0.009646302250803873,0
2018-04-12,77.5,77.5,76.5,77.0,16500,77.938,78.469,78.1455,0.9973446967515724,38.93992932862193,0.44358498594989726,0.7288844205086995,-0.009646302250803873,0.01486182246597609,0.01615080501310606,4.5,97150.0,0.012987012987012988,0.009870129870130029,1
2018-04-13,76.2,78.0,76.16,77.76,13500,77.59599999999999,78.28099999999999,78.2335,0.9918513168911014,50.24038461538461,0.38163240808330556,0.6594340180236208,0.009870129870130029,0.015456612046360863,0.016274562377447257,-0.18181818181818177,95250.0,0.02366255144032926,0.015817901234567833,1
2018-04-16,77.7,78.99,77.7,78.99,5000,77.984,78.279,78.36300000000001,0.9951635338105992,51.86046511627904,0.42686463444897527,0.6129201413086917,0.015817901234567833,0.016294552010991347,0.01657909280213016,-0.6296296296296297,94500.0,0.016331181162172328,0.005063932143309247,1
2018-04-17,80.0,80.0,78.11,79.39,21500,78.178,78.363,78.57000000000001,0.9950108183785158,51.17924528301885,0.48934726610929147,0.5882055662688117,0.005063932143309247,0.016218823419210684,0.01610640254615652,3.3,71650.0,0.02380652475122812,-0.013351807532434812,0
2018-04-18,78.01,78.4,77.0,78.33,29000,78.29400000000001,78.396,78.654,0.9954229918376689,43.33593141075602,0.4481658833233979,0.560197629679729,-0.013351807532434812,0.01669227538588662,0.01604150110024399,0.34883720930232553,54450.0,0.017873100983020626,-0.0010213200561726143,0
2018-04-19,78.0,78.99,76.99,78.25,62500,78.54400000000001,78.241,78.64399999999999,0.9987284471796961,44.44444444444444,0.40441219728518263,0.5290405432008197,-0.0010213200561726143,0.014698939330719713,0.015162250104431051,1.1551724137931036,46000.0,0.025559105431309903,-0.0011501597444090184,0
2018-04-20,77.0,78.99,77.0,78.16,5500,78.624,78.11,78.5455,1.0009994207179278,46.44945697577273,0.3583440706479877,0.4949012486902533,-0.0011501597444090184,0.014677933017749034,0.014298392314972092,-0.912,20900.0,0.025460593654042924,-0.0007676560900716778,0
2018-04-23,76.05,78.51,76.05,78.1,17000,78.446,78.215,78.5655,0.998478976140927,48.055315471045795,0.3133807911385418,0.458597157179911,-0.0007676560900716778,0.010629877140259411,0.012543510410834126,2.090909090909091,17500.0,0.03149807938540344,0.010883482714468817,1
2018-04-24,78.89,79.5,78.5,78.95,125000,78.358,78.268,78.5875,0.9970796882455861,54.00168491996631,0.3423881272364042,0.4353553511912097,0.010883482714468817,0.009625620204411139,0.012563343042688002,6.352941176470588,29850.0,0.012666244458518048,-0.012032932235592209,0
2018-04-26,78.0,78.0,78.0,78.0,1000,78.292,78.293,78.53299999999999,0.9969312263634398,41.83303085299459,0.28542933782890145,0.4053701485187481,-0.012032932235592209,0.010052331274821318,0.01274041342705937,-0.992,29650.0,0.0,0.014102564102564052,1
2018-04-27,77.5,79.1,77.5,79.1,202000,78.46199999999999,78.503,78.486,0.9996942129806587,48.4308736217133,0.3253000374346442,0.38935612630192734,0.014102564102564052,0.010227769313365855,0.012857532581427302,201.0,48200.0,0.02022756005056883,-0.0012642225031604948,0
2018-04-30,79.0,79.0,78.95,79.0,69000,78.63,78.627,78.45400000000001,1.002243352792719,60.295670538542765,0.34485343413506087,0.3804555878685541,-0.0012642225031604948,0.00996825253409649,0.01281601596226425,-0.6584158415841583,53750.0,0.0006329113924050273,0.0,0
2018-05-02,79.0,79.0,78.21,79.0,136000,78.80999999999999,78.628,78.4535,1.0045440929977627,53.580246913580226,0.35624309326917114,0.37561308894867756,0.0,0.008631790883462062,0.012691053209319918,0.9710144927536233,66850.0,0.01000000000000008,0.0,0
2018-05-07,78.99,79.0,78.99,79.0,6500,78.82,78.589,78.476,1.0043835057852082,58.41184387617765,0.3611068650321556,0.3727118441653732,0.0,0.008451366501469885,0.012615328862190477,-0.9522058823529411,65350.0,0.00012658227848107742,0.010126582278481067,1
2018-05-08,82.95,82.95,78.0,79.8,9500,79.17999999999999,78.736,78.566,1.0078150854059007,68.71657754010693,0.42461999829338026,0.38309347499097457,0.010126582278481067,0.007699881227139429,0.012670426242050635,0.46153846153846145,63400.0,0.06203007518796996,0.004761904761904967,1
2018-05-09,78.0,82.5,78.0,80.18,6500,79.39599999999999,78.929,78.585,1.0103200356302093,67.04225352112675,0.4998554161100657,0.4064458632147928,0.004761904761904967,0.007674259933663036,0.01162624865201021,-0.3157894736842105,57800.0,0.05612372162634073,-0.023696682464455,0
2018-05-10,78.5,78.5,78.25,78.28,25500,79.252,78.941,78.5255,1.0092517717174676,45.43114543114549,0.40153723444382194,0.4054641374605987,-0.023696682464455,0.011306935896177902,0.01278432792233779,2.923076923076923,59800.0,0.0031936637710781807,-0.016223811957077117,0
2018-05-11,75.51,79.75,75.51,77.01,19500,78.85400000000001,78.832,78.5235,1.0042089310843252,36.2268518518519,0.21862085582276336,0.36809548113303164,-0.016223811957077117,0.012453855245275453,0.01135633099349747,-0.23529411764705888,60050.0,0.05505778470328522,-0.030515517465264375,0
2018-05-14,77.0,77.1,74.5,74.66,155000,77.98599999999999,78.40299999999999,78.3355,0.9955384212777093,31.520644511581096,-0.11464549045666672,0.27154728681509194,-0.030515517465264375,0.014631651977274488,0.012465108243475206,6.948717948717949,63050.0,0.03482453790517003,-0.026252343959282,0
2018-05-15,72.11,73.95,72.0,72.7,285500,76.566,77.87299999999999,78.083,0.9805719554832678,26.502963590177856,-0.5307983772515712,0.11107815400175933,-0.026252343959282,0.01596963075728243,0.013511084737172163,0.8419354838709678,91500.0,0.026822558459422323,0.017469050894085125,1
2018-05-16,72.5,75.0,72.5,73.97,157000,75.324,77.36,77.9315,0.9665411290684768,33.87220939183989,-0.7494845606122595,-0.06103438892104443,0.017469050894085125,0.016488533639908494,0.014180873684282124,-0.4500875656742557,87000.0,0.03379748546708125,0.0008111396512100466,1
2018-05-17,76.95,77.45,73.95,74.03,38500,74.474,76.863,77.74499999999999,0.9579265547623643,34.3341031562741,-0.9074924300759051,-0.23032599715201657,0.0008111396512100466,0.01657542137361782,0.013927242451633343,-0.7547770700636942,83950.0,0.047278130487640145,-0.013913278400648377,0
2018-05-21,76.25,76.25,73.0,73.0,68000,73.672,76.263,77.4455,0.9512754130323905,27.41078208048596,-1.1031112174895696,-0.40488304121952723,-0.013913278400648377,0.016566932708038655,0.013463635123466444,0.7662337662337662,77150.0,0.04452054794520548,0.02041095890410949,1
2018-05-22,73.89,74.49,73.0,74.49,3000,73.638,75.812,77.2005,0.9538539258165426,37.199124726476995,-1.1249423333550936,-0.5488948996466405,0.02041095890410949,0.01874155226722847,0.01440291442225153,-0.9558823529411765,76800.0,0.020002684924150825,0.018928715263794027,1
2018-05-23,75.5,75.9,75.0,75.9,12000,74.27799999999999,75.422,77.07900000000001,0.963660659842499,38.58773181169762,-1.0167479958325742,-0.6424655188838273,0.018928715263794027,0.0197472808601367,0.014988213746626155,3.0,77050.0,0.011857707509881497,-0.0321475625823453,0
2018-05-25,73.02,75.0,73.0,73.46,6500,74.176,74.75,76.8395,0.9653368384750031,33.06845965770172,-1.1150373553709727,-0.7369798861812564,-0.0321475625823453,0.02115603715400915,0.01648113696892269,-0.45833333333333337,77050.0,0.027225701061802342,-0.01756057718486237,0
2018-05-28,76.95,77.0,72.0,72.17,347000,73.804,74.13900000000001,76.53999999999999,0.9642539848445258,30.651558073654428,-1.2822436928398417,-0.8460326475129735,-0.01756057718486237,0.020751839580703566,0.01678859597068827,52.38461538461539,109200.0,0.06928086462519052,0.03228488291533882,1
2018-05-29,73.85,75.0,73.85,74.5,21500,74.104,73.888,76.36,0.970455735987428,38.73873873873875,-1.2127643994853798,-0.9193789979074548,0.03228488291533882,0.02400442904498866,0.018632867856323163,-0.9380403458213257,109400.0,0.015436241610738331,0.006577181208053728,1
2018-05-31,75.0,75.0,74.0,74.99,28500,74.204,73.92099999999999,76.162,0.9742916415010109,37.77325876970006,-1.1054200596836097,-0.9565872102626858,0.006577181208053728,0.022076986289480963,0.018498221714165857,0.3255813953488371,96750.0,0.013335111348179758,-0.006534204560608048,0
2018-06-01,75.0,75.0,74.0,74.5,17000,73.924,74.101,75.987,0.9728506191848607,35.64206268958543,-1.0478093084465172,-0.9748316298994522,-0.006534204560608048,0.020207560537561474,0.018388154143813347,-0.4035087719298246,69900.0,0.013422818791946308,-0.027516778523489882,0
2018-06-04,72.45,72.45,72.45,72.45,3000,73.72200000000001,73.949,75.6545,0.9744562451671746,35.37380832915203,-1.1542645966972742,-1.0107182232590166,-0.027516778523489882,0.021503499832455857,0.018804531030196147,-0.8235294117647058,54500.0,0.0,0.04361628709454801,1
2018-06-05,73.16,76.07,73.0,75.61,230000,74.41,74.107,75.48499999999999,0.9857587600185469,46.79193400549953,-0.9724359524869328,-1.0030617691046,0.04361628709454801,0.025905477246482504,0.02163915234248373,75.66666666666667,73650.0,0.04060309482872627,0.03174183309086098,1
2018-06-06,75.61,78.75,75.61,78.01,69000,75.112,74.608,75.43549999999999,0.9957115681608792,57.65889346136262,-0.6274427303564636,-0.9279379613549728,0.03174183309086098,0.026718481455358763,0.02291741764973147,-0.7,73750.0,0.040251249839764136,-0.01935649275733886,0
2018-06-07,79.0,79.0,76.0,76.5,31500,75.414,74.809,75.31049999999999,1.0013743103551298,58.87021475256769,-0.4704543913043153,-0.8364412473448413,-0.01935649275733886,0.027446870464836397,0.02330588294950443,-0.5434782608695652,76600.0,0.0392156862745098,0.006535947712418277,1
2018-06-11,76.5,79.73,76.5,77.0,54500,75.914,74.91900000000001,75.17049999999999,1.0098908481385651,57.336561743341406,-0.30221048587821997,-0.729595095051517,0.006535947712418277,0.02692268698084893,0.023226521899291887,0.7301587301587302,80850.0,0.041948051948052,0.014025974025974053,1
2018-06-12,77.0,78.25,76.99,78.08,240500,77.03999999999999,75.381,75.06550000000001,1.0263036947732311,59.34471619750806,-0.08079761996458501,-0.5998356000341306,0.014025974025974053,0.024291373140468614,0.023449885032600717,3.4128440366972477,104250.0,0.01613729508196728,0.04994877049180335,1
2018-06-13,81.98,81.98,79.74,81.98,7638000,78.314,76.36200000000001,75.2505,1.040710692952206,68.29665851670742,0.4047058803377155,-0.39892730395976145,0.04994877049180335,0.02620386498896852,0.025409474681235406,30.758835758835758,833350.0,0.027323737496950586,0.04989021712612818,1
2018-06-14,84.5,86.07,84.25,86.07,3320500,79.926,77.519,75.70349999999999,1.055776813489469,71.33382461311717,1.106741889060757,-0.09779346535565778,0.04989021712612818,0.02815257973617049,0.02707541053067195,-0.5652657763812516,1163250.0,0.021145579179737344,0.015336354130359053,1
2018-06-19,89.0,90.0,86.55,87.39,2967000,82.104,78.759,76.34,1.0755043227665706,71.23844731977817,1.7494568031422233,0.2716565883439184,0.015336354130359053,0.028000958987784638,0.025735780600900666,-0.10645987050143046,1457100.0,0.039478201167181634,-0.04062249685318686,0
2018-06-20,88.0,91.75,83.05,83.84,1681500,83.47200000000001,79.69300000000001,76.897,1.0855039858512037,68.43039772727275,1.9498806611474464,0.607301402904624,-0.04062249685318686,0.03269868480357611,0.026921963498071314,-0.4332659251769464,1623550.0,0.10376908396946567,-0.040076335877862634,0
2018-06-21,82.0,83.81,79.65,80.48,8944500,83.952,80.49600000000001,77.2225,1.0871442908478746,63.74462454515383,1.8166528500558314,0.8491716923348656,-0.040076335877862634,0.03458720465401595,0.028808968038464233,4.31935771632471,2517700.0,0.05168986083499001,-0.005839960238568587,0
2018-06-22,81.0,81.49,79.51,80.01,6660000,83.55799999999999,80.936,77.5215,1.0778687202905,59.71096228410293,1.65407661230536,1.0101526763289645,-0.005839960238568587,0.03291728698814484,0.0288935019989315,-0.25540835150092234,3160700.0,0.024746906636670285,0.0016247969003873042,1
2018-06-25,81.0,82.8,80.0,80.14,155000,82.372,81.149,77.8785,1.0576988514159877,59.19314530524814,1.5182225615059366,1.111766653364359,0.0016247969003873042,0.031670643304829174,0.028585639305669618,-0.9767267267267268,3169300.0,0.034938857000249526,0.01073122036436236,1
2018-06-26,80.64,81.25,80.25,81.0,2763500,81.09400000000001,81.599,78.204,1.036954631476651,61.45172656800564,1.4630865096088854,1.1820306246132644,0.01073122036436236,0.03070988331477156,0.028393409166834076,16.829032258064515,3442500.0,0.012345679012345678,0.012345679012345734,1
2018-06-27,81.0,82.5,81.0,82.0,1820000,80.726,82.099,78.50899999999999,1.0282388006470597,67.47164288327843,1.4829874773862883,1.2422219951678692,0.012345679012345734,0.03077277164420454,0.0282561341926732,-0.3414148724443641,3619050.0,0.018292682926829267,-0.002682926829268295,0
2018-06-28,81.95,82.1,80.55,81.78,586000,80.98599999999999,82.469,78.925,1.0261133987963256,62.64862648626487,1.464129403965316,1.2866034769273587,-0.002682926829268295,0.03078661162074197,0.026998668575644525,-0.6780219780219781,3653600.0,0.01895328931279038,-0.0007336757153338924,0
2018-06-29,81.5,82.01,81.5,81.72,1210500,81.328,82.44300000000001,79.4025,1.0242498661880923,58.4126984126984,1.4278829999578306,1.314859381533453,-0.0007336757153338924,0.02644195688476119,0.026492327278014337,1.0656996587030716,3010850.0,0.006240822320117537,0.0,0
2018-07-02,81.5,81.72,81.5,81.72,9000,81.64399999999999,82.00800000000001,79.7635,1.02357594639152,62.70691333982473,1.3832126492402068,1.3285300350748037,0.0,0.019872890326913677,0.02581766410669015,-0.9925650557620818,2679700.0,0.002692119432207524,0.009544787077826689,1
2018-07-03,85.8,85.8,82.0,82.5,63500,81.94399999999999,81.519,80.139,1.0225233656521793,63.208453410182514,1.3946736263219464,1.3417587533242323,0.009544787077826689,0.019290501337626345,0.02583602590215969,6.055555555555555,2389350.0,0.046060606060606024,-0.0060606060606061,0
2018-07-04,82.0,82.0,81.51,82.0,138500,81.94399999999999,81.33500000000001,80.514,1.0177608863054872,59.68379446640317,1.3478732678951388,1.3429816562384136,-0.0060606060606061,0.01491190169732498,0.025825017089504836,1.1811023622047245,2235050.0,0.005975609756097499,0.0,0
2018-07-05,82.5,82.5,81.5,82.0,64500,81.98799999999999,81.487,80.9915,1.0123037602711393,50.0611995104039,1.2958459412884338,1.3335545132484177,0.0,0.006700401059000935,0.024703239033488537,-0.5342960288808665,1347050.0,0.012195121951219513,0.0060975609756097615,1
2018-07-06,81.99,83.0,81.99,82.5,28500,82.14399999999999,81.736,81.336,1.0099341005212943,36.00000000000003,1.2802023555847342,1.322884081715681,0.0060975609756097615,0.006215475519871873,0.023109346361004347,-0.5581395348837209,683900.0,0.012242424242424305,-0.024242424242424288,0
2018-07-09,81.01,81.01,80.0,80.5,169500,81.9,81.772,81.4605,1.0053952529139891,24.34847356664183,1.0938126248415614,1.2770697903408572,-0.024242424242424288,0.010674585247198424,0.02304208196688181,4.947368421052632,685350.0,0.01254658385093174,0.012422360248447228,1
2018-07-10,80.0,81.5,80.0,81.5,80000,81.7,81.822,81.7105,0.9998714975431555,39.24632352941175,1.0150877631499924,1.2246733849026843,0.012422360248447228,0.01086635925176204,0.0225960799243694,-0.528023598820059,417000.0,0.018404907975460124,0.024539877300613577,1
2018-07-11,81.5,84.25,81.5,83.5,86000,82.0,81.97200000000001,82.0355,0.9995672605152648,65.86134453781511,1.1013849482845188,1.2000156975790512,0.024539877300613577,0.012829229359493316,0.023080505979133126,0.07499999999999996,243600.0,0.03293413173652695,0.04718562874251497,1
2018-07-12,84.95,87.67,84.61,87.44,967500,83.088,82.538,82.5035,1.0070845479282695,78.59892224788297,1.4707473018994932,1.2541620184431397,0.04718562874251497,0.019042488313169337,0.02493176326489374,10.25,281750.0,0.03499542543458374,0.04997712717291858,1
2018-07-13,88.0,91.81,88.0,91.81,2192000,84.94999999999999,83.547,82.99499999999999,1.0235556358816795,83.86535113174695,2.0919770968753397,1.42172503412958,0.04997712717291858,0.02310905194491426,0.024934396548211606,1.2656330749354003,379900.0,0.04149874741313585,-0.023091166539592645,0
2018-07-16,93.9,93.9,88.0,89.69,261500,86.788,84.344,83.176,1.0434259882658459,73.49918875067603,2.3857385932595463,1.6145277459555734,-0.023091166539592645,0.025468608940415235,0.023465856127105156,-0.8807025547445255,405150.0,0.06578213847697632,0.0025643884491024505,1
2018-07-17,90.0,90.99,89.0,89.92,29500,88.472,85.086,83.30250000000001,1.0620569610755979,72.34762979683973,2.607053285945071,1.813032853953473,0.0025643884491024505,0.025566895907014244,0.02326600302033035,-0.887189292543021,401750.0,0.02213078291814941,-0.002669039145907437,0
2018-07-18,91.5,91.5,88.06,89.68,43500,89.708,85.854,83.5945,1.0731328017991615,72.26606538895153,2.7315926800896193,1.9967448191807025,-0.002669039145907437,0.025367524629438736,0.021078677814310595,0.47457627118644075,392250.0,0.038358608385370176,0.019959857270294368,1
2018-07-19,92.99,93.0,86.25,91.47,149500,90.51400000000001,86.801,84.14399999999999,1.0757035558090895,75.03852080123266,2.9408290409710673,2.1855616635387753,0.019959857270294368,0.025341590180145878,0.01867151709589205,2.4367816091954024,400750.0,0.07379468678255166,-0.005138296709303547,0
2018-07-20,90.0,91.0,89.1,91.0,31000,90.352,87.651,84.6935,1.0668115026536866,73.26980942828486,3.0337540639868052,2.355200143628381,-0.005138296709303547,0.025840791653381674,0.018647588746734486,-0.7926421404682275,401000.0,0.02087912087912094,0.00010989010989015391,1
2018-07-23,91.0,91.1,90.0,91.01,407500,90.61600000000001,88.702,85.237,1.0631063974565038,72.19613980177361,3.0727835941103763,2.4987168337247803,0.00010989010989015391,0.023257829203695953,0.01867200228898874,12.14516129032258,424800.0,0.01208658389187995,0.010877925502692065,1
2018-07-24,92.9,92.9,91.0,92.0,379000,91.03200000000001,89.752,85.787,1.0611397997365568,75.4323499491353,3.1473191679210544,2.628437300564035,0.010877925502692065,0.02326416409584879,0.018673762947474425,-0.0699386503067485,454700.0,0.02065217391304354,-0.011195652173913051,0
2018-07-26,92.0,92.0,90.75,90.97,8500,91.28999999999999,90.499,86.2355,1.0586127522887905,71.67713871435475,3.087683857739421,2.720286611999112,-0.011195652173913051,0.023932607260261512,0.01902782442577046,-0.9775725593667546,446950.0,0.013740793668242279,0.0037374958777618428,1
2018-07-27,91.0,92.0,90.0,91.31,86000,91.258,90.886,86.712,1.0524264231017622,71.45640526059427,3.0328962630644867,2.782808542212187,0.0037374958777618428,0.01978599780819809,0.01893870468129912,9.117647058823529,358800.0,0.021903405979629833,0.002080823568064716,1
2018-07-30,91.25,91.85,90.51,91.5,1985000,91.35799999999999,90.85499999999999,87.20100000000001,1.047671471657435,79.38034188034189,2.9705652841816885,2.8203598906060874,0.002080823568064716,0.011704313781400922,0.018898842103469437,22.08139534883721,338100.0,0.01464480874316928,-0.01704918032786884,0
2018-07-31,92.0,92.0,89.7,89.94,19500,91.14399999999999,90.88000000000001,87.612,1.04031411222207,71.88796680497924,2.7634334313910642,2.8089745987630828,-0.01704918032786884,0.010488514376442382,0.019549214679657208,-0.990176322418136,313900.0,0.025572603958194322,-0.0030020013342227925,0
2018-08-01,88.09,90.0,88.0,89.67,536500,90.678,90.85499999999999,87.9705,1.0307773628659607,67.57834757834759,2.5481200603284577,2.7568036910761577,-0.0030020013342227925,0.010504324085398238,0.01959636446298653,26.512820512820515,364600.0,0.02230400356864057,0.0036801605888256983,1
2018-08-02,90.0,90.0,89.25,90.0,581000,90.484,90.887,88.3705,1.0239163521763484,59.18220946915353,2.376713629321216,2.6807856787251696,0.0036801605888256983,0.01053228696126725,0.019444326035855733,0.08294501397949672,418350.0,0.008333333333333333,0.00955555555555554,1
2018-08-03,90.0,91.0,88.05,90.86,35000,90.394,90.826,88.8135,1.017795717993323,45.44582933844677,2.283939774494243,2.6014164978789847,0.00955555555555554,0.008748967103633513,0.01943647763796812,-0.9397590361445783,406900.0,0.0324675324675325,0.0015408320493066618,1
2018-08-06,91.0,91.0,90.86,91.0,119000,90.29400000000001,90.826,89.2385,1.0118278545694965,57.75147928994085,2.1963939933677494,2.520411996976738,0.0015408320493066618,0.008620932783729099,0.019453583518901738,2.4,415700.0,0.0015384615384615447,0.0,0
2018-08-07,92.0,92.0,91.0,91.0,205500,90.506,90.825,89.7635,1.0082717362847928,56.569343065693424,2.1027738629311443,2.4368843701676193,0.0,0.008620894748871925,0.018247453311730822,0.7268907563025211,395500.0,0.01098901098901099,0.00692307692307681,1
2018-08-08,91.0,92.5,91.0,91.63,66000,90.898,90.788,90.27000000000001,1.0069569070566078,61.32404181184665,2.0557179332394213,2.3606510827819798,0.00692307692307681,0.00814516087775323,0.0181917591740778,-0.6788321167883211,364200.0,0.01637018443741133,-0.006875477463712754,0
2018-08-09,91.02,91.7,91.0,91.0,94500,91.098,90.791,90.64500000000001,1.0049975177891775,46.845637583892625,1.945167356606433,2.2775543375468708,-0.006875477463712754,0.007603930810586471,0.0178626508491084,0.4318181818181819,372800.0,0.007692307692307724,0.0025274725274726517,1
2018-08-10,90.06,91.25,90.06,91.23,132500,91.172,90.783,90.8345,1.0037155486076326,51.595006934812794,1.8547340859497439,2.1929902872274454,0.0025274725274726517,0.0075483169137727756,0.014762727073710282,0.4021164021164021,377450.0,0.013043954839416833,-0.008659432204318862,0
2018-08-13,90.5,91.25,90.0,90.44,404000,91.05999999999999,90.67699999999999,90.766,1.0032390983407882,46.43304130162699,1.6997252945697028,2.094337288695897,-0.008659432204318862,0.007962309431603897,0.009752726699573855,2.049056603773585,219350.0,0.013821318000884564,0.0006634232640425619,1
2018-08-15,91.0,91.0,90.0,90.5,827000,90.96,90.73299999999999,90.8065,1.0016904076250048,39.376770538243626,1.5636958962569025,1.988209010208098,0.0006634232640425619,0.005668791384103391,0.008207089585155206,1.0470297029702968,300100.0,0.011049723756906077,-0.0022099447513812542,0
2018-08-16,91.0,91.0,90.0,90.3,5500,90.69399999999999,90.796,90.8255,0.9985521687191371,44.622792937399666,1.4233458446300062,1.8752363770924798,-0.0022099447513812542,0.005617624908650635,0.0082127522069386,-0.9933494558645707,247000.0,0.01107419712070875,0.027131782945736482,1
2018-08-17,90.5,93.5,90.5,92.75,127500,91.044,91.071,90.979,1.000714450587498,58.63309352517984,1.4926061079464858,1.798710323263281,0.027131782945736482,0.010100033536079942,0.010135052219888693,22.181818181818183,201650.0,0.03234501347708895,-0.0026954177897574594,0
2018-08-20,92.5,92.8,92.5,92.5,25000,91.29799999999999,91.235,91.0305,1.0029385755323763,55.95238095238095,1.509917070853163,1.7409516727812575,-0.0026954177897574594,0.009966685681043313,0.009214953648917026,-0.803921568627451,200650.0,0.0032432432432432127,0.00540540540540535,1
2018-08-24,92.5,93.05,92.5,93.0,1322500,91.80999999999999,91.435,91.13050000000001,1.0074563400837258,70.84468664850137,1.5461587988187517,1.7019930979887565,0.00540540540540535,0.010028758792367727,0.009170875617724521,51.9,321000.0,0.005913978494623625,0.0010752688172042113,1
2018-08-27,93.1,94.84,93.02,93.1,551000,92.33,91.64500000000001,91.235,1.0120019729270564,73.91910739191069,1.5649104797169429,1.6745765743343939,0.0010752688172042113,0.010008041620660156,0.009167778665709999,-0.5833648393194707,355550.0,0.019548872180451208,-0.0010741138560687036,0
2018-08-28,96.99,96.99,92.8,93.0,268000,92.87,91.782,91.285,1.0173632031549544,71.61383285302594,1.5537910219623399,1.6504194638599832,-0.0010741138560687036,0.009919240916695554,0.008887302644052745,-0.5136116152450091,375750.0,0.04505376344086019,0.012043010752688321,1
2018-08-29,94.5,95.0,93.0,94.12,448500,93.144,92.09400000000001,91.44250000000001,1.0186073215408589,72.63888888888891,1.6167169052376522,1.643678952135517,0.012043010752688321,0.009942301506747084,0.008785527723979997,0.6735074626865671,411150.0,0.021249468763280918,-0.011899702507437326,0
2018-08-30,93.3,97.0,92.05,93.0,638500,93.244,92.271,91.527,1.0187594917346794,62.22493887530562,1.5582489573167493,1.6265929531717636,-0.011899702507437326,0.011069217006215873,0.009280278685130436,0.423634336677815,461750.0,0.053225806451612935,0.00698924731182804,1
2018-08-31,93.5,93.65,91.15,93.65,181000,93.374,92.59200000000001,91.63449999999999,1.0189830249523926,65.0056625141563,1.5465347649876406,1.610581315534939,0.00698924731182804,0.01048923643164711,0.009375942619924723,-0.716523101018011,439450.0,0.026695141484249865,-0.007047517351842059,0
2018-09-03,92.1,93.0,91.7,92.99,133000,93.352,92.84100000000001,91.787,1.0170503448200725,57.6749435665914,1.46708307851911,1.5818816681317733,-0.007047517351842059,0.010995637310869695,0.008584487292431128,-0.26519337016574585,370050.0,0.01397999784923107,-0.0019356920098934083,0
2018-09-04,92.2,93.02,91.51,92.81,87500,93.314,93.092,91.944,1.0149003741407812,60.76099881093934,1.3737567363740197,1.5402566817802228,-0.0019356920098934083,0.01098216501933687,0.008556991510838902,-0.3421052631578947,378250.0,0.016269798513091162,-0.002262687210429992,0
2018-09-05,92.99,93.0,92.0,92.6,128500,93.00999999999999,93.077,92.074,1.0101657362556205,58.16448152562565,1.2682303231677707,1.4858514100577325,-0.002262687210429992,0.006933155091874242,0.00858981101422977,0.46857142857142864,378350.0,0.010799136069114472,0.004319654427645814,1
2018-09-06,92.5,93.0,92.5,93.0,285000,93.00999999999999,93.127,92.18100000000001,1.0089931764680355,65.99999999999996,1.2030089985968573,1.4292829277655574,0.004319654427645814,0.007000460888833609,0.008407948970721195,1.217898832684825,404350.0,0.005376344086021506,-0.00967741935483879,0
2018-09-07,95.67,97.65,92.0,92.1,127000,92.7,93.037,92.236,1.0050305737456091,59.04977375565605,1.0664052941769455,1.356707401047835,-0.00967741935483879,0.007451133767010142,0.008751067172833549,-0.5543859649122806,284800.0,0.061346362649294314,0.0013029315960912946,1
2018-09-10,92.5,92.5,91.2,92.22,106000,92.546,92.94899999999998,92.297,1.0026978124966144,60.958904109589014,0.9567994825183206,1.2767258173419322,0.0013029315960912946,0.007458343467232738,0.008750924909793883,-0.16535433070866146,240300.0,0.014096725222294482,0.008458035133376729,1
2018-09-11,92.3,93.9,92.0,93.0,850000,92.58399999999999,92.949,92.3655,1.002365601875159,51.76304654442876,0.9222445077713104,1.205829555427808,0.008458035133376729,0.008024685597249405,0.008814852695680683,7.018867924528301,298500.0,0.02043010752688178,0.010752688172043001,1
2018-09-12,93.5,94.0,93.3,94.0,106000,92.86399999999999,92.93699999999998,92.5155,1.0037669363512058,59.5663265306122,0.9644336927100312,1.1575503828842528,0.010752688172043001,0.00781774843186766,0.008890204008058043,-0.8752941176470588,264250.0,0.007446808510638328,0.005319148936170137,1
2018-09-13,95.9,95.9,94.0,94.5,30000,93.16399999999999,93.08699999999999,92.679,1.0052331164557233,59.5663265306122,1.0263832399673163,1.1313169543008657,0.005319148936170137,0.006753942195578802,0.008926377399175107,-0.7169811320754718,203400.0,0.020105820105820165,0.006878306878306928,1
2018-09-14,94.25,95.5,94.25,95.15,30000,93.774,93.237,92.9145,1.0092504399205722,62.21692491060787,1.1150743867931965,1.1280684407993318,0.006878306878306928,0.006744230195878784,0.008639701916293572,0.0,188300.0,0.013137151865475564,-0.022595901208617986,0
2018-09-17,95.85,95.9,93.0,93.0,15500,93.92999999999999,93.238,93.0395,1.0095712036285662,50.0,1.0003443806106986,1.1025236287616051,-0.022595901208617986,0.009978770552411692,0.010314015891943557,-0.4833333333333333,176550.0,0.031182795698924792,-0.09677419354838712,0
2018-09-18,86.95,86.95,83.99,84.0,39500,92.13,92.357,92.7245,0.9935885337747843,22.37991266375552,0.1811075452185804,0.9182404120530003,-0.09677419354838712,0.032264274077640716,0.024281073959619752,1.5483870967741935,171750.0,0.03523809523809533,0.03523809523809507,1
2018-09-19,87.9,87.95,86.96,86.96,3000,90.722,91.79299999999999,92.435,0.981468058635798,35.019841269841294,-0.22668322376632943,0.6892556848891344,0.03523809523809507,0.03523245614658084,0.024876409286577222,-0.9240506329113924,159200.0,0.011384544618215376,0.0004599816007360147,1
2018-09-24,90.0,90.0,87.0,87.0,3000,89.222,91.193,92.16,0.9681206597222222,32.99232736572891,-0.5404032481987713,0.4433238982715533,0.0004599816007360147,0.03513176269569906,0.02488783882072978,0.0,131000.0,0.034482758620689655,0.03390804597701158,1
2018-09-25,87.0,89.95,87.0,89.95,1000,88.18199999999999,90.978,92.0075,0.9584218677825177,43.040293040293065,-0.5447092132304618,0.24571727597115028,0.03390804597701158,0.0372721083456056,0.026162890674883695,-0.6666666666666667,118400.0,0.03279599777654255,-0.04357976653696505,0
2018-09-26,88.0,88.0,86.0,86.03,33000,86.788,90.35900000000001,91.654,0.9469090274292448,36.7474589523065,-0.8545818728623686,0.025657446204446488,-0.04357976653696505,0.0395050877478756,0.027801305013329024,32.0,111100.0,0.02324770428920144,0.03243054748343588,1
2018-09-27,86.79,90.0,86.79,88.82,232000,87.752,89.941,91.44500000000001,0.9596150691672589,43.28835227272728,-0.8650566703191203,-0.15248537710026688,0.03243054748343588,0.0411846138084376,0.02894484427238855,6.03030303030303,49300.0,0.03614050889439309,0.004053141184418019,1
2018-09-28,89.0,91.0,87.25,89.18,203500,88.196,89.459,91.19800000000001,0.9670826114607776,43.20768136557613,-0.8346872760722022,-0.28892575689465394,0.004053141184418019,0.04097560784588545,0.028797274861362673,-0.12284482758620685,59050.0,0.04204978694774613,0.02601480152500546,1
2018-10-01,88.15,91.5,88.1,91.5,16000,89.096,89.159,91.123,0.9777553416810245,48.98442789438051,-0.6163102603394464,-0.35440265758361245,0.02601480152500546,0.04203373486490905,0.029373097661564835,-0.9213759213759214,57650.0,0.03715846994535525,-0.005464480874316946,0
2018-10-02,91.45,91.5,90.8,91.0,263500,89.306,88.744,90.9905,0.9814870783213632,47.961229946524064,-0.4780797179808758,-0.3791380696630651,-0.005464480874316946,0.04191216348352969,0.029340473957256315,15.46875,81000.0,0.007692307692307724,-0.011538461538461497,0
2018-10-03,90.01,90.01,89.95,89.95,9000,90.09,88.439,90.8385,0.9917601017189849,44.948658496190795,-0.4480919173525848,-0.3929288392009691,-0.011538461538461497,0.04150006453113384,0.029406222276023696,-0.9658444022770398,80350.0,0.0006670372429127546,0.006559199555308481,1
2018-10-04,90.0,91.0,90.0,90.54,590000,90.434,89.09299999999999,90.725,0.9967925048222651,44.19073203492278,-0.3724252140984703,-0.38882811418046936,0.006559199555308481,0.02501594759113946,0.029456870277749337,64.55555555555556,135400.0,0.01104484205875856,-0.004307488402915838,0
2018-10-05,89.02,90.78,89.0,90.15,328500,90.628,89.412,90.60249999999999,1.0002814491873846,42.66936299292216,-0.3400091336105078,-0.3790643180664771,-0.004307488402915838,0.02326221793542575,0.02946572525387641,-0.4432203389830508,167950.0,0.019744869661674998,-0.022407099278979548,0
2018-10-08,88.2,90.0,85.7,88.13,697500,89.954,89.525,90.35900000000001,0.9955178786839162,38.692010309278345,-0.471876772731207,-0.3976268089994231,-0.022407099278979548,0.024711653112786783,0.02981989363465891,1.1232876712328768,237400.0,0.048791557925791415,0.03574265289912626,1
2018-10-09,89.95,92.0,89.0,91.28,564500,90.01,89.658,90.31800000000001,0.9965898270555149,47.31585518102372,-0.3185323102448052,-0.3818079092484995,0.03574265289912626,0.02498374624246024,0.03093310632194447,-0.19068100358422935,293750.0,0.03286590709903593,-0.007120946538124562,0
2018-10-10,94.0,94.0,90.01,90.63,109500,90.146,90.11800000000001,90.2385,0.9989749386348399,63.993246095398874,-0.2466124913708967,-0.35476882567297896,-0.007120946538124562,0.019744612144293495,0.03097208051800738,-0.8060230292294066,301400.0,0.04402515723270435,0.004744565817058399,1
2018-10-11,89.11,92.0,89.11,91.06,8507500,90.25,90.342,90.1415,1.001203663129635,59.688090737240074,-0.1531526618671677,-0.31444559291181673,0.004744565817058399,0.01732552375935355,0.030927289693446217,76.69406392694064,1128950.0,0.03173731605534813,0.010322864045684055,1
2018-10-12,90.95,92.0,90.95,92.0,313000,90.61999999999999,90.624,90.0415,1.006424815224091,61.33272892112419,-0.0031980642574893636,-0.25219608718095127,0.010322864045684055,0.01749545364891814,0.030919145275820063,-0.9632089332941522,1139900.0,0.011413043478260838,-0.0008695652173912327,0
2018-10-15,92.0,92.0,90.0,91.92,271500,91.378,90.66600000000001,89.9125,1.0162991797580982,55.13288170922354,0.10794241038550467,-0.1801683876676601,-0.0008695652173912327,0.015568918542386173,0.030887679607788186,-0.13258785942492013,1165450.0,0.02175805047867711,-0.018167972149695455,0
2018-10-16,92.0,92.0,90.1,90.25,133000,91.172,90.59100000000001,89.66749999999999,1.0167786544734716,62.45572609208971,0.060568794674054516,-0.1320209511993172,-0.018167972149695455,0.016599803602382755,0.031062310562397718,-0.5101289134438305,1152400.0,0.02105263157894743,0.018836565096952862,1
2018-10-17,90.5,92.9,90.5,91.95,252000,91.436,90.791,89.615,1.0203202588852314,59.87381703470032,0.15837500692661877,-0.07394175957413002,0.018836565096952862,0.01716643654726577,0.031009762916799667,0.894736842105263,1176700.0,0.026101141924959277,0.02294725394236008,1
2018-10-18,91.99,94.9,91.5,94.06,312500,92.036,91.143,90.118,1.021283206462638,63.86363636363633,0.40151805063531754,0.02115020246775949,0.02294725394236008,0.01835574286689589,0.02144534534145491,0.24007936507936511,1148950.0,0.036147140123325594,0.015309376993408508,1
2018-10-19,95.5,96.0,94.75,95.5,1018500,92.736,91.67800000000001,90.54499999999999,1.024197912640124,61.96172248803826,0.702310827892731,0.1573823275527538,0.015309376993408508,0.018420702292679475,0.020449828247430652,2.2592,1217950.0,0.013089005235602094,-0.005235602094240788,0
2018-10-22,95.55,95.55,92.5,95.0,37000,93.352,92.36500000000001,90.945,1.0264665457144428,61.96172248803826,0.8900851026340888,0.30392288256902084,-0.005235602094240788,0.01614505236084484,0.020554211379536953,-0.9636720667648503,1151900.0,0.032105263157894706,-0.010421052631578887,0
2018-10-23,93.11,95.0,93.05,94.01,185000,94.104,92.638,91.148,1.0324307719313643,62.184873949579824,0.9480839207062672,0.4327550901964702,-0.010421052631578887,0.013623127156817181,0.019596241507798727,4.0,1113950.0,0.020742474204871852,0.015636634400595595,1
2018-10-24,96.45,96.5,93.15,95.48,1449500,94.81,93.123,91.62049999999999,1.034812078082962,64.08209806157353,1.099985172236245,0.5662011066044252,0.015636634400595595,0.013638972232495552,0.016516145732474414,6.835135135135135,1247950.0,0.03508588186007535,0.0050272308336822835,1
2018-10-25,97.9,97.9,95.01,95.96,257500,95.19,93.613,91.97749999999999,1.0349270201951566,66.47759500850819,1.2447512790219974,0.7019111410879397,0.0050272308336822835,0.013637962340505197,0.015238899857247004,-0.8223525353570197,422950.0,0.030116715298040858,0.004168403501459084,1
2018-10-26,94.01,97.0,91.3,96.36,237500,95.362,94.049,92.3365,1.0327660242699257,75.70268582136165,1.37589565010461,0.8367080428912739,0.004168403501459084,0.013526453736375364,0.015238949542611466,-0.07766990291262132,415400.0,0.059153175591531784,0.011830635118306398,1
2018-10-29,97.4,98.0,93.34,97.5,1173000,95.862,94.607,92.6365,1.0348188888828918,72.21428571428571,1.5539045374188447,0.9801473417967881,0.011830635118306398,0.013539216725667517,0.014470618933652854,3.9389473684210525,505550.0,0.04779487179487176,0.014974358974358948,1
2018-10-30,96.0,100.0,96.0,98.96,335500,96.85199999999999,95.478,93.0345,1.0410331651161666,78.12288993923026,1.7921291125235115,1.142543695942133,0.014974358974358948,0.010733408719560985,0.014542129548467602,-0.7139812446717817,525800.0,0.04042037186742118,0.0030315278900567844,1
2018-10-31,98.0,99.9,97.4,99.26,182000,97.60799999999999,96.209,93.5,1.0439358288770053,77.92915531335152,1.9822807982890254,1.3104911164115114,0.0030315278900567844,0.010330406083901653,0.01406393120737723,-0.45752608047690013,518800.0,0.025186379206125327,-0.010578279266572732,0
2018-11-01,99.89,100.0,97.15,98.21,170000,98.05799999999999,96.624,93.8835,1.0444646822924155,70.9939148073022,2.024909260945307,1.4533747453182708,-0.010578279266572732,0.010282014081293464,0.014481725279540643,-0.06593406593406592,504550.0,0.029019448121372513,0.007942164749007219,1
2018-11-02,97.25,100.0,97.25,98.99,307000,98.58399999999999,96.97299999999998,94.3255,1.045146858484715,72.82117495158164,2.0974539623319117,1.582190588720999,0.007942164749007219,0.009656344114239554,0.014362720779170763,0.8058823529411765,433400.0,0.027780583897363372,-0.01586018789776733,0
2018-11-05,96.56,98.7,96.5,97.42,31000,98.568,97.215,94.78999999999999,1.0398565249498892,73.29434697855751,2.0051462045883,1.6667817118944592,-0.01586018789776733,0.011201918068188472,0.013772834919504094,-0.8990228013029316,432800.0,0.022582631903100007,-0.009854239375898244,0
2018-11-06,98.0,99.0,95.1,96.46,164000,98.06800000000001,97.46,95.049,1.0317625645719577,65.39249146757675,1.8333934461898735,1.7001040587535423,-0.009854239375898244,0.011130054570296803,0.012109196824268401,4.290322580645161,430700.0,0.040431266846361245,-0.0026954177897573484,0
2018-11-07,97.45,97.96,92.6,96.2,304500,97.45599999999999,97.532,95.3275,1.0223282893184023,58.35937500000001,1.6571952058926342,1.6915222881813607,-0.0026954177897573484,0.010222801655292503,0.011957208219588582,0.8567073170731707,316200.0,0.055717255717255706,-0.015488565488565587,0
2018-11-08,96.75,96.75,92.6,94.71,25000,96.756,97.40700000000001,95.50999999999999,1.01304575437127,46.92607003891048,1.3814023372165423,1.629498297988397,-0.015488565488565587,0.011283481148438726,0.012642951495002136,-0.9178981937602627,292950.0,0.043817970647239,0.013726111287087006,1
2018-11-09,94.5,96.95,94.05,96.01,242500,96.16,97.372,95.7105,1.004696454412003,53.699633699633715,1.2532865302798086,1.5542559444466795,0.013726111287087006,0.012164150138140942,0.012782392041102777,8.7,293450.0,0.030205186959691755,-0.006353504843245483,0
2018-11-12,97.8,97.8,94.99,95.4,61500,95.756,97.162,95.8845,0.9986598459605045,55.237377543330815,1.089967461821928,1.4613982479217293,-0.006353504843245483,0.011490225217008427,0.012910175825887792,-0.7463917525773196,182300.0,0.02945492662473797,-0.014779874213836641,0
2018-11-13,95.95,95.95,93.75,93.99,133000,95.26199999999999,96.66499999999999,96.0715,0.9915739839598631,44.360333080999226,0.8371110126105066,1.3365408008594848,-0.014779874213836641,0.010370969070694968,0.012652102316192959,1.1626016260162602,162050.0,0.023406745398446675,0.004149377593360981,1
2018-11-14,93.99,96.0,92.7,94.38,3383500,94.898,96.17699999999999,96.193,0.9865374819373551,43.97865853658539,0.6605754924293592,1.2013477391734597,0.004149377593360981,0.01047376200252467,0.012041550922742153,24.43984962406015,482200.0,0.03496503496503494,-0.012396694214876103,0
2018-11-15,95.95,95.95,89.67,93.21,23500,94.598,95.67699999999999,96.1505,0.9838534380996459,38.66090712742982,0.42140292827116355,1.0453587769930006,-0.012396694214876103,0.010596833551447369,0.011278144045734524,-0.9930545293335303,467550.0,0.067374745199013,0.010728462611307776,1
2018-11-16,94.85,94.95,93.0,94.21,1371000,94.238,95.199,96.086,0.9807672293570343,38.03636363636365,0.3089867833805897,0.8980843782705185,0.010728462611307776,0.011008290535098886,0.010985166308956016,57.340425531914896,573950.0,0.020698439656087496,0.003078229487315731,1
2018-11-19,94.5,94.99,94.5,94.5,147000,94.05799999999999,94.907,96.061,0.9791486659518429,32.27344992050885,0.24052414241639042,0.7665723310996929,0.003078229487315731,0.010528467178997065,0.010958681148686082,-0.8927789934354485,585550.0,0.005185185185185131,0.005714285714285783,1
2018-11-20,94.5,95.35,94.5,95.04,316500,94.268,94.76500000000001,96.1125,0.9808089478475744,33.54134165366622,0.22722122835708092,0.6587021105511706,0.005714285714285783,0.01055147839316062,0.010759255180777454,1.1530612244897958,600800.0,0.008943602693602634,-0.010942760942761032,0
2018-11-22,94.98,95.0,93.97,94.0,182000,94.192,94.545,96.0385,0.9807733356934979,33.567525370804134,0.13124633867121815,0.5532109561751801,-0.010942760942761032,0.010975040998546312,0.010441020730170855,-0.42496050552922593,588550.0,0.01095744680851065,-0.00925531914893618,0
2018-11-23,94.0,94.0,93.01,93.13,12000,94.176,94.38699999999999,95.897,0.9820536617412432,27.286821705426448,-0.014845057392321337,0.43959975346167984,-0.00925531914893618,0.010296030611398011,0.010514775398437651,-0.9340659340659341,587250.0,0.010630301728766186,-0.012133576720712913,0
2018-11-26,93.9,93.9,92.0,92.0,61000,93.73400000000001,93.98599999999999,95.679,0.9796716102802079,28.25040128410923,-0.21927740408149532,0.3078243219530448,-0.012133576720712913,0.009198749669604541,0.010687327193968444,4.083333333333333,569100.0,0.02065217391304354,0.008043478260869596,1
2018-11-27,93.0,93.85,92.6,92.74,139000,93.38199999999999,93.72,95.441,0.9784264624218102,34.8039215686275,-0.3179149702444448,0.18267646351354688,0.008043478260869596,0.009925510720262211,0.010455602221349454,1.278688524590164,576850.0,0.01347854216087988,0.0029113651067502744,1
2018-11-28,93.05,94.0,93.0,93.01,132500,92.976,93.622,95.1435,0.9772186223966954,36.97959183673476,-0.37003369051178936,0.07213443270847965,0.0029113651067502744,0.009090402046368528,0.009719737655651144,-0.046762589928057596,576800.0,0.010751532093323298,0.007526072465326106,1
2018-11-29,93.0,94.0,93.0,93.71,64500,92.91799999999999,93.55499999999999,94.86600000000001,0.9794657727742286,45.636998254799316,-0.35081008171255235,-0.012454470175726748,0.007526072465326106,0.0093620152286766,0.009917706157192735,-0.5132075471698113,244900.0,0.010671219720414044,0.02753174687866844,1
2018-11-30,93.11,98.39,93.0,96.29,1753500,93.55,93.86299999999999,94.77000000000001,0.9871267278674685,51.0989010989011,-0.1259390482463374,-0.035151385789848874,0.02753174687866844,0.011960269281900504,0.01182710752033045,26.186046511627907,417900.0,0.05597673694049227,0.020355177069269814,1
2018-12-03,99.95,99.99,93.6,98.25,732000,94.8,94.26700000000001,94.733,1.0007072509051755,60.113555713271786,0.2080304400619042,0.013484979380501739,0.020355177069269814,0.012967793990099112,0.012616052861644269,-0.5825491873396065,354000.0,0.0650381679389313,0.009872773536895751,1
2018-12-04,100.95,100.95,98.35,99.22,201500,96.09599999999999,94.739,94.82300000000001,1.0134250129188065,69.15750915750914,0.5446956466844597,0.11972711284129334,0.009872773536895751,0.013075220036883965,0.012252554825365013,-0.7247267759562841,359450.0,0.0262043942753478,0.0038298730094739053,1
2018-12-05,101.2,101.2,95.46,99.6,53500,97.414,95.195,94.97999999999999,1.0256264476731944,69.13489736070379,0.8325707157285223,0.26229583341873913,0.0038298730094739053,0.013076757624184143,0.01199466446174947,-0.7344913151364765,333150.0,0.05763052208835351,-0.03765060240963858,0
2018-12-06,97.25,98.76,94.65,95.85,539500,97.842,95.38000000000001,94.9625,1.0303224957219954,58.13810110974105,0.7494805764812327,0.3597327820312379,-0.03765060240963858,0.018319714617290032,0.014867133362329968,9.08411214953271,368900.0,0.042879499217527386,-0.004486176317162194,0
2018-12-07,95.85,98.0,93.0,95.42,885000,97.66799999999999,95.60900000000001,94.998,1.028105854860102,53.86581469648564,0.6415383810426931,0.4160939018335289,-0.004486176317162194,0.018051278529101326,0.014464960619004777,0.6404077849860983,456200.0,0.05239991616013414,-0.003458394466568815,0
2018-12-10,96.0,97.5,91.2,95.09,843500,97.03599999999999,95.91799999999999,94.952,1.0219479315864857,51.88017845761633,0.5233325198752681,0.43754162544187675,-0.003458394466568815,0.017464518541059033,0.014143115642003096,-0.04689265536723164,534450.0,0.066253023451467,-0.011883478809548986,0
2018-12-11,94.0,95.09,91.51,93.96,163500,95.984,96.04,94.88,1.0116357504215852,46.68304668304665,0.3346147366828376,0.41695624769006895,-0.011883478809548986,0.018010162106975636,0.014318888396786007,-0.8061647895672792,536900.0,0.0381013197105151,-0.04033631332481902,0
2018-12-12,92.0,93.0,89.27,90.17,679000,94.098,95.756,94.689,0.9937585147165986,39.93694167104571,-0.11939053204835659,0.3096868917423839,-0.04033631332481902,0.022302555742697454,0.016603178984338277,3.1529051987767582,591550.0,0.04136630808472889,-0.004990573361428496,0
2018-12-13,90.0,91.9,86.62,89.72,291500,92.87199999999999,95.357,94.456,0.9832302871178112,40.83825900053734,-0.5096295257033034,0.14582360825324645,-0.004990573361428496,0.022003508550134256,0.016552455338182007,-0.5706921944035346,614250.0,0.05884975479268838,0.0050156041016495845,1
2018-12-14,89.0,92.0,86.5,90.17,196500,91.822,94.74499999999999,94.304,0.9736808618934509,44.89682097044061,-0.7736671472198111,-0.03807454284136508,0.0050156041016495845,0.01940288094727369,0.016456464749144806,-0.3259005145797599,458550.0,0.0609958966396806,-0.011090163025396449,0
2018-12-17,91.0,91.0,87.06,89.17,33000,90.63799999999999,93.837,94.05199999999999,0.9637009313996512,40.18691588785048,-1.0514895897501901,-0.2407575522231301,-0.011090163025396449,0.016987603524779706,0.016323966964524414,-0.83206106870229,388650.0,0.04418526410227652,-0.009083772569249748,0
2018-12-18,89.0,89.75,87.51,88.36,144500,89.518,92.751,93.745,0.9549095951784095,37.586759209823796,-1.3217893428466425,-0.4569639103478326,-0.009083772569249748,0.015583000411794496,0.016327154005218513,3.378787878787879,382950.0,0.025350837483023934,-0.0362154821186057,0
2018-12-19,88.22,88.99,84.0,85.16,162000,88.51599999999999,91.30699999999999,93.251,0.9492230646320146,29.863400847856823,-1.7737701825336387,-0.7203251647849939,-0.0362154821186057,0.01635675870429009,0.01774891236821119,0.12110726643598624,393800.0,0.058595584781587544,-0.004579614842649127,0
2018-12-20,86.49,86.49,83.32,84.77,1198500,87.526,90.199,92.7895,0.9432748317428157,19.74789915966383,-2.138783430920512,-1.0040168180120974,-0.004579614842649127,0.014612402170877158,0.01769981853642083,6.398148148148148,459700.0,0.03739530494278639,0.009083402146986108,1
2018-12-21,84.0,88.5,83.25,85.54,325500,86.6,89.211,92.41,0.9371280164484362,14.39775910364149,-2.338964369902598,-1.2710063283901976,0.009083402146986108,0.015966449675146172,0.01794135019152808,-0.7284105131414268,403750.0,0.0613747954173486,0.006079027355623046,1
2018-12-24,89.0,89.0,85.0,86.06,4874000,85.978,88.30799999999999,92.113,0.9333970232214779,12.183908045977034,-2.4276649418127505,-1.5023380510747082,0.006079027355623046,0.016717834888536637,0.01797360961057186,13.973886328725039,806800.0,0.04647920055775041,-0.028119916337439044,0
2018-12-26,87.95,87.95,81.8,83.64,2266000,85.03399999999999,87.276,91.65799999999999,0.9277313491457374,8.950617283950649,-2.662542427590637,-1.734378926377894,-0.028119916337439044,0.017702121215616613,0.018593820474593698,-0.5350841198194501,1017050.0,0.07352941176470595,0.047226207556193334,1
2018-12-27,84.0,87.82,84.0,87.59,2936500,85.52000000000001,87.018,91.387,0.9358004967883836,28.971486761710835,-2.501121170834381,-1.8877273752691917,0.047226207556193334,0.02274851117268385,0.021926064297786305,0.29589585172109434,1242800.0,0.04361228450736378,0.03299463409064973,1
2018-12-28,86.8,91.96,85.5,90.48,4116500,86.662,87.094,91.22550000000001,0.9499756098897786,38.823529411764724,-2.115607409320674,-1.9333033820794883,0.03299463409064973,0.025341135904093967,0.023254763515141486,0.40183892388898346,1625300.0,0.07139699381078685,0.021109637488947897,1
2018-12-31,88.01,94.0,87.01,92.39,3077500,88.032,87.316,91.03049999999999,0.9670604907146506,44.298986486486484,-1.6370925544672446,-1.8740612165570396,0.021109637488947897,0.02611451868012008,0.022874080992550987,-0.2523988825458521,1913400.0,0.07565753869466386,-0.03874878233575063,0
2019-01-01,92.5,92.5,88.6,88.81,461500,88.582,87.28,90.5585,0.978174329300949,40.14542671259091,-1.529115473833187,-1.8050720680122692,-0.03874878233575063,0.029042651404527338,0.023663212937962187,-0.8500406173842404,1956250.0,0.043913973651615874,0.00011259993243983857,1
2019-01-02,88.0,90.99,87.51,88.82,275000,89.61800000000001,87.326,90.0385,0.9953297755959951,46.979865771812065,-1.4262945078226466,-1.7293165559743446,0.00011259993243983857,0.028869032278405763,0.023444940941966162,-0.40411700975081255,1969300.0,0.039180364782706485,0.010020265705922071,1
2019-01-03,89.0,90.0,87.75,89.71,89500,90.042,87.78099999999999,89.544,1.0055615116590726,49.978060552874055,-1.25848555145744,-1.6351503550709638,0.010020265705922071,0.025805197597427068,0.023611526805824283,-0.6745454545454546,1962050.0,0.025080815962545983,-0.013264964886857578,0
2019-01-04,88.51,89.0,87.9,88.52,199000,89.65,88.15599999999999,89.17750000000001,1.0052984216870846,46.49383765405863,-1.2075983571375843,-1.5496399554842881,-0.013264964886857578,0.02632376199565634,0.022434302510861762,1.2234636871508382,1862100.0,0.012426570266606353,0.00451875282422054,1
2019-01-07,90.0,92.49,88.15,88.92,242500,88.95599999999999,88.494,88.85249999999999,1.0011648518612306,49.4548626253816,-1.122058836150373,-1.464123731617505,0.00451875282422054,0.026277864315709602,0.022508584296413017,0.2185929648241205,1853800.0,0.04880791722896974,0.006185335132703473,1
2019-01-08,88.25,90.0,88.2,89.47,72500,89.088,88.83500000000001,88.5715,1.0058314469101235,52.448169386854865,-0.9983790537683745,-1.370974796047679,0.006185335132703473,0.026278733693677118,0.022607651899196078,-0.7010309278350515,1373650.0,0.02011847546663683,0.00592377333184313,1
2019-01-09,89.5,90.0,89.0,90.0,70000,89.32399999999998,89.47099999999999,88.3735,1.0107554866560675,62.10000000000001,-0.8478221980130627,-1.2663442764407558,0.00592377333184313,0.02370516539412103,0.022581658348991996,-0.03448275862068961,1154050.0,0.011111111111111112,-0.0012222222222222356,0
2019-01-10,88.98,90.0,88.98,89.89,35500,89.35999999999999,89.701,88.3595,1.0113230609045998,62.981744421906704,-0.7289776848370764,-1.15887095812002,-0.0012222222222222356,0.01923837193952973,0.020693166103296478,-0.4928571428571429,863950.0,0.011347202135943887,-0.013238402491934531,0
2019-01-11,89.5,90.99,88.5,88.7,269000,89.396,89.523,88.3085,1.0123147828351744,57.84508440913605,-0.7224872236896545,-1.071594211233947,-0.013238402491934531,0.016530676637435446,0.020880197270462447,6.577464788732394,479200.0,0.028072153325817303,0.003494926719278535,1
2019-01-14,89.3,89.85,88.95,89.01,105500,89.414,89.185,88.25050000000002,1.013184061280106,57.40090316106374,-0.6844392871930864,-0.9941632264257749,0.003494926719278535,0.014641639642565742,0.02086233515449835,-0.6078066914498141,182000.0,0.010111223458038327,0.00022469385462309255,1
2019-01-15,89.79,90.0,89.0,89.03,239500,89.326,89.207,88.24350000000001,1.012267192484432,65.37364517969198,-0.6452343308246355,-0.924377447305547,0.00022469385462309255,0.00787684048320388,0.020711215851750984,1.2701421800947865,159800.0,0.011232168931820734,-0.005953049533864996,0
2019-01-16,89.0,89.0,88.5,88.5,4000,89.026,89.175,88.2505,1.0087874856233108,53.22466335931963,-0.6494443014097584,-0.8693908181263894,-0.005953049533864996,0.008120552340278466,0.020649692072230014,-0.9832985386221295,132700.0,0.005649717514124294,0.003728813559322086,1
2019-01-17,88.5,89.0,88.0,88.83,755500,88.814,89.087,88.434,1.0042969898455345,42.85714285714282,-0.619016850427613,-0.8193160245866342,0.003728813559322086,0.007445090540170693,0.01878109284293732,187.875,199300.0,0.011257458065968704,-0.00900596645277496,0
2019-01-18,88.85,89.05,88.0,88.03,120500,88.67999999999999,89.038,88.59700000000001,1.0009368263033736,29.118773946360122,-0.6519410201660634,-0.7858410237025202,-0.00900596645277496,0.006752595083556041,0.018891919183958262,-0.8405029781601588,191450.0,0.01192775190276039,0.002271952743382988,1
2019-01-21,88.1,88.95,88.1,88.23,192000,88.524,88.96900000000001,88.73150000000001,0.997661484365755,45.89235127478754,-0.6543523665974362,-0.7595432922815035,0.002271952743382988,0.006601469606271633,0.018819851857108227,0.5933609958506223,186400.0,0.00963391136801551,0.0029468434772752516,1
2019-01-22,88.0,88.5,88.0,88.49,143500,88.416,88.87100000000001,88.853,0.995081764262321,47.74281805745555,-0.6280438503645058,-0.733243403898104,0.0029468434772752516,0.006295282335351439,0.01879465701989474,-0.25260416666666663,193500.0,0.005650355972426263,0.005763363091874751,1
2019-01-23,89.49,90.0,88.75,89.0,244500,88.51599999999999,88.771,89.12100000000001,0.9932114765319059,44.877344877344925,-0.5595908094370969,-0.6985128850059027,0.005763363091874751,0.006275618630691026,0.017458059704432642,0.7038327526132404,210950.0,0.014044943820224719,0.008988764044943753,1
2019-01-24,93.0,93.0,89.5,89.8,532500,88.71,88.762,89.2315,0.9941556513114763,59.78593272171256,-0.43576474250609465,-0.6459632565059411,0.008988764044943753,0.007037754793045637,0.014174017491154019,1.1779141104294477,260650.0,0.03897550111358575,-0.006124721603563477,0
2019-01-25,89.99,90.0,89.25,89.25,34500,88.954,88.817,89.16999999999999,0.9975776606482001,52.46636771300448,-0.3776586816056664,-0.5923023415258862,-0.006124721603563477,0.005812566624361374,0.012127702213228495,-0.9352112676056338,237200.0,0.008403361344537815,0.0026890756302520025,1
2019-01-28,89.3,89.5,89.3,89.49,68500,89.20599999999999,88.865,89.025,1.0020331367593371,50.156739811912196,-0.3086848882323352,-0.535578850867176,0.0026890756302520025,0.005773946902320731,0.011042004673653431,0.9855072463768115,233500.0,0.002234886579506122,0.007598614370320833,1
2019-01-29,89.25,91.0,88.9,90.17,83000,89.542,88.97900000000001,89.093,1.0050396776402186,51.30168453292498,-0.19688280068076836,-0.4678396408298945,0.007598614370320833,0.0061836876177347715,0.006911826315966762,0.2116788321167884,217850.0,0.02328934235333253,-0.0018853277143173752,0
2019-01-30,91.9,92.9,90.0,90.0,25000,89.74199999999999,89.129,89.152,1.0066179109834887,50.834597875569045,-0.12060614746309284,-0.3983929421565342,-0.0018853277143173752,0.005774515227516509,0.0069364186041322,-0.6987951807228916,219950.0,0.032222222222222284,-0.01344444444444437,0
2019-01-31,86.5,91.0,86.5,88.79,544500,89.53999999999999,89.125,89.10600000000001,1.004870603550827,50.68078668683816,-0.1559950243157715,-0.3499133585883817,-0.01344444444444437,0.007421837720093799,0.007251264505731418,20.78,198850.0,0.05068138303863047,0.02962045275368852,1
2019-02-01,90.49,92.0,89.5,91.42,725000,89.974,89.464,89.251,1.0081007495714334,63.49384098544234,0.02785693854114868,-0.27435929916247564,0.02962045275368852,0.011276209785145467,0.009320423409190632,0.33149678604224064,259300.0,0.027346313716910958,0.046379348063881,1
2019-02-04,91.99,95.99,91.99,95.66,1963500,91.208,90.20700000000001,89.588,1.0180827789436087,75.20912547528519,0.50981665942858,-0.11752410744426452,0.046379348063881,0.01750158890852407,0.013678767450659232,1.7082758620689655,436450.0,0.04181476061049551,-0.006899435500731688,0
2019-02-06,95.66,97.1,95.0,95.0,277500,92.174,90.858,89.86449999999999,1.0256998035931877,74.4728915662651,0.8289609802443181,0.07177291009345202,-0.006899435500731688,0.018100032189477318,0.013867621953752268,-0.8586707410236822,449850.0,0.022105263157894676,0.007473684210526299,1
2019-02-07,94.0,96.5,94.0,95.71,310000,93.316,91.529,90.15,1.0351192457016083,75.18301610541732,1.126194154897746,0.2826571590543108,0.007473684210526299,0.018092307743529913,0.01388858921383978,0.11711711711711703,456400.0,0.02612057256295058,-0.013164768571726992,0
2019-02-08,95.5,96.0,93.51,94.45,797000,94.44800000000001,91.994,90.378,1.045033083272478,72.73371104815871,1.2457222073481802,0.4752701687130847,-0.013164768571726992,0.019203722535859957,0.014336878173192187,1.5709677419354837,482850.0,0.026363155108522975,-0.02519851773425108,0
2019-02-11,93.99,93.99,91.77,92.07,255500,94.578,92.276,90.54650000000001,1.0445240843102714,61.77914110429446,1.135315727560382,0.6072792804825442,-0.02519851773425108,0.021290089547275317,0.0152513765587704,-0.679422835633626,504950.0,0.02411208862821765,0.02009340719018149,1
2019-02-12,90.8,94.0,90.8,93.92,65000,94.22999999999999,92.71900000000001,90.792,1.0378667724028547,65.176076020123,1.1834552009168107,0.7225144645693975,0.02009340719018149,0.02193469671779179,0.015780849715373243,-0.7455968688845401,504600.0,0.03407155025553665,0.0008517887563883608,1
2019-02-13,94.45,94.5,93.25,94.0,142500,94.03,93.102,91.0405,1.032837034067256,64.31844215349372,1.2140664099463123,0.8208248536447804,0.0008517887563883608,0.021951599229141534,0.015776075081524194,1.1923076923076925,510550.0,0.013297872340425532,-0.0006382978723404875,0
2019-02-14,93.21,94.0,93.2,93.94,21000,93.67599999999999,93.496,91.3125,1.0258836413415469,62.38038277511963,1.219427711494248,0.900545425214674,-0.0006382978723404875,0.021915548313875502,0.015664596573312782,-0.8526315789473684,510150.0,0.008516074089844552,0.0004258037044921892,1
2019-02-15,94.3,94.3,93.8,93.98,36500,93.582,94.015,91.57000000000001,1.021972261657748,64.589759407773,1.2129224325190364,0.9630208266755464,0.0004258037044921892,0.02107598903587969,0.015675051072844445,0.7380952380952381,459350.0,0.005320280910832091,-0.0005320280910832142,0
2019-02-18,93.5,94.0,93.4,93.93,110000,93.954,94.266,91.865,1.0227398900560605,63.85767790262177,1.1900146221251333,1.0084195857654639,-0.0005320280910832142,0.01939423965706057,0.015448122440882804,2.0136986301369864,397850.0,0.006387735547748262,-0.010007452358139157,0
2019-02-19,94.0,94.0,92.99,92.99,340000,93.768,93.999,92.103,1.0180775870492818,58.66093366093364,1.0835197322481633,1.0234396150620038,-0.010007452358139157,0.012206888456341776,0.01573502646748419,2.090909090909091,235500.0,0.01086138294440268,-0.010861382944402531,0
2019-02-20,96.0,96.0,91.42,91.98,419500,93.364,93.69699999999999,92.2775,1.0117742678334372,55.78271028037385,0.9071659611793166,1.0001848842854664,-0.010861382944402531,0.012418642902279045,0.01602603076508743,0.23382352941176476,249700.0,0.04979343335507717,0.010980647966949197,1
2019-02-21,95.0,95.0,91.0,92.99,4461000,93.17399999999999,93.425,92.477,1.007537009202288,62.41134751773047,0.8392287791603792,0.967993663260449,0.010980647966949197,0.012795951639043391,0.016131660993971488,9.634088200238379,664800.0,0.043015377997634156,0.015700612969136607,1
2019-02-22,92.11,94.99,92.1,94.45,371000,93.268,93.425,92.7095,1.0060241938528414,59.61904761904762,0.8929050179870188,0.9529759342057631,0.015700612969136607,0.01343893144184504,0.016346143855781436,-0.9168347904057386,622200.0,0.03059820010587613,-0.00921122286924303,0
2019-02-25,94.89,95.0,93.55,93.58,9500,93.19800000000001,93.576,92.926,1.0029270602414826,41.599353796445904,0.8553817860935027,0.933457104583311,-0.00921122286924303,0.010786623838586964,0.016447629993333865,-0.9743935309973046,597600.0,0.015494763838427045,-0.012502671511006591,0
2019-02-26,92.01,94.0,90.51,92.41,243500,93.082,93.425,93.072,1.0001074436995014,39.95345228859581,0.722901968671593,0.8913460774009675,-0.012502671511006591,0.009445855585504497,0.01678568677724095,24.63157894736842,615450.0,0.037766475489665566,0.016989503300508746,1
2019-02-27,89.25,94.0,89.25,93.98,345500,93.482,93.423,93.2625,1.002353571907251,43.70909090909096,0.7361112060912092,0.8602991031390159,0.016989503300508746,0.01113487639202804,0.017086869040996103,0.4188911704312115,635750.0,0.05054266865290487,0.022345179825494776,1
2019-02-28,95.49,97.0,93.25,96.08,185000,94.1,93.637,93.56649999999999,1.0057018270427984,55.58601782042492,0.9055929595556904,0.8693578744223509,0.022345179825494776,0.013167155440333946,0.017631658252190204,-0.4645441389290883,652150.0,0.03902997502081599,0.030495420482930857,1
2019-03-01,98.4,100.88,98.0,99.01,2152000,95.01199999999999,94.14,94.0775,1.0099332996731416,72.91941875825627,1.2617898551810924,0.9478442705740993,0.030495420482930857,0.015844558434610186,0.0181496186624653,10.632432432432433,863700.0,0.02908797091202904,0.020502979497020624,1
2019-03-04,99.95,102.79,99.0,101.04,1432000,96.50399999999999,94.851,94.5585,1.0205745649518552,73.23759791122714,1.6884194474211256,1.0959593059435044,0.020502979497020624,0.01636613251711652,0.017621808834301072,-0.33457249070631967,995900.0,0.0375098970704672,-0.006136183689627872,0
2019-03-05,101.0,102.0,100.1,100.42,174000,98.10600000000001,95.594,94.79650000000001,1.0349116264841,70.23959646910464,1.9539734647325986,1.2675621377013233,-0.006136183689627872,0.015947931465481603,0.01485159661792942,-0.8784916201117319,979300.0,0.018920533758215553,-0.006970722963553055,0
2019-03-06,101.75,101.75,98.76,99.72,110000,99.25399999999999,96.36800000000001,95.0325,1.0444216452266328,67.51515151515149,2.0839206467887976,1.4308338395188183,-0.006970722963553055,0.015481911665029628,0.01485398849867487,-0.367816091954023,948350.0,0.02998395507420773,0.012234255916566461,1
2019-03-07,100.17,102.0,99.0,100.94,38000,100.226,97.163,95.29400000000001,1.051755619451382,69.68325791855199,2.259304670943493,1.5965280058037532,0.012234255916566461,0.015511801379087347,0.014974998280005944,-0.6545454545454545,506050.0,0.02972062611452348,0.006340400237764943,1
2019-03-08,100.01,105.98,98.1,101.58,274000,100.74,97.876,95.6505,1.0532093402543636,70.93596059113295,2.422020875954246,1.761626579833852,0.006340400237764943,0.015299566168534395,0.014510570269859639,6.2105263157894735,496350.0,0.07757432565465652,0.019787359716479713,1
2019-03-11,101.49,104.99,100.0,103.59,271000,101.24999999999999,98.87700000000001,96.2265,1.0522049539368052,77.40434332988625,2.682245584997375,1.9457503808665568,0.019787359716479713,0.014528166068302926,0.013216841593603796,-0.010948905109489093,522500.0,0.048170672844869145,-0.04990829230620719,0
2019-03-12,101.99,103.0,98.42,98.42,999500,100.85,99.478,96.4515,1.045603230639233,63.702127659574444,2.4431367891195066,2.0452276625171466,-0.04990829230620719,0.023250822836751776,0.0177709491201106,2.688191881918819,598100.0,0.046535257061572834,-0.023470839260313014,0
2019-03-13,94.1,98.45,94.1,96.11,2327000,100.128,99.691,96.55699999999999,1.036983336267697,56.29032258064516,2.0436853189688264,2.0449191938074827,-0.023470839260313014,0.024710380758922706,0.018697363150419193,1.3281640820410203,796250.0,0.04526063885131629,0.003745708042867557,1
2019-03-14,96.01,96.9,95.5,96.47,89000,99.234,99.73,96.6835,1.0263798890193259,54.26160337552741,1.736152852965077,1.9831659256390017,0.003745708042867557,0.023733168484831473,0.01869941098294084,-0.9617533304684143,786650.0,0.014512283611485495,-0.007774437649010091,0
2019-03-15,95.02,98.74,94.0,95.72,243000,98.062,99.401,96.7705,1.0133460093726911,54.53774385072094,1.4155943356918783,1.8696516076495773,-0.007774437649010091,0.02135429316986475,0.01881369482997096,1.7303370786516852,595750.0,0.0495194316757208,0.004492269118261616,1
2019-03-18,95.72,97.4,94.99,96.15,714000,96.574,98.912,96.8815,0.9968260194154714,58.18739054290719,1.182614365341749,1.7322441591880116,0.004492269118261616,0.01993567291698591,0.01882447475170483,1.9382716049382718,523950.0,0.025065002600104115,-0.011024440977639105,0
2019-03-19,94.17,95.83,94.17,95.09,196000,95.908,98.37899999999999,96.9865,0.9888798956555809,52.48544558889386,0.9020447091945982,1.566204269189329,-0.011024440977639105,0.020032696035418438,0.018858079687300928,-0.7254901960784313,526150.0,0.017457145861815085,0.0030497423493531794,1
2019-03-20,94.12,95.5,94.12,95.38,211500,95.762,97.94500000000001,97.15650000000001,0.9856468687118205,48.2943469785575,0.6950793693733885,1.391979289226141,0.0030497423493531794,0.020187349550351806,0.01864169721783758,0.07908163265306123,536300.0,0.014468442021388086,0.0010484378276369721,1
2019-03-21,95.28,95.99,94.5,95.48,1485000,95.56400000000001,97.399,97.281,0.9823500991971711,40.022611644997184,0.5329831131673188,1.2201800540143766,0.0010484378276369721,0.01946943182156466,0.018521300906562364,6.0212765957446805,681000.0,0.015605362379555874,0.00691244239631339,1
2019-03-22,95.5,98.85,94.0,96.14,166000,95.648,96.85499999999999,97.3655,0.9823602816192594,34.98774509803923,0.4525603128558231,1.0666561057826658,0.00691244239631339,0.019508467636458294,0.01826886061022105,-0.8882154882154882,670200.0,0.050447264406074416,-0.0036405242354898837,0
2019-03-25,95.6,95.96,95.5,95.79,28500,95.576,96.075,97.476,0.9805080224875866,35.57632398753897,0.3564733859695508,0.9246195618200428,-0.0036405242354898837,0.01745804132982831,0.018146279134486784,-0.8283132530120482,645950.0,0.0048021714166405025,-0.004071406201064831,0
2019-03-26,95.89,95.89,94.5,95.4,345000,95.638,95.773,97.6255,0.9796415895437156,36.277001270648064,0.24601811976553734,0.7888992734091418,-0.004071406201064831,0.009193180041918155,0.017904440392747998,11.105263157894736,580500.0,0.014570230607966462,0.019287211740041776,1
2019-03-27,96.9,97.9,94.65,97.24,637000,96.01,95.886,97.7885,0.981812789847477,38.69193154034228,0.30345609502147397,0.6918106377316082,0.019287211740041776,0.00857476422694104,0.018014424488417783,0.846376811594203,411500.0,0.03342245989304813,0.017791032496914827,1
2019-03-28,96.11,99.83,96.0,98.97,310500,96.708,96.136,97.933,0.9874914482350178,42.52148997134671,0.4830048665750297,0.6500494835002926,0.017791032496914827,0.010059399233802193,0.01776899841324757,-0.5125588697017269,433650.0,0.03869859553400019,0.0008083257552793377,1
2019-03-29,97.73,100.74,96.01,99.05,691000,97.28999999999999,96.46900000000001,97.935,0.993413999081023,35.37371134020617,0.6245544184580183,0.6449504704918377,0.0008083257552793377,0.009421120799309155,0.01641993920334796,1.2254428341384864,478450.0,0.04775365976779394,-0.005552751135790013,0
2019-04-01,99.2,99.2,98.49,98.5,56500,97.832,96.704,97.808,1.0002453787011285,50.366972477064216,0.6844629913753693,0.6528529746685441,-0.005552751135790013,0.009826258318720511,0.01573968308943634,-0.9182344428364689,412700.0,0.0072081218274112485,-0.007106598984771617,0
2019-04-02,98.0,98.0,97.55,97.8,61500,98.312,96.975,97.67699999999999,1.0065010186635543,59.095801937567266,0.6677593035883831,0.6558342404525119,-0.007106598984771617,0.009292449554908927,0.015757340350532646,0.08849557522123885,399250.0,0.00460122699386506,-0.0033742331288343363,0
2019-04-03,98.52,98.52,96.51,97.47,26500,98.35799999999999,97.184,97.5645,1.0081330811924418,55.39956803455724,0.6207377897542585,0.6488149503128613,-0.0033742331288343363,0.009497100698737266,0.015708477836500437,-0.5691056910569106,380750.0,0.02062172976300391,0.012003693444136765,1
2019-04-04,97.25,101.0,95.0,98.64,161500,98.29199999999999,97.5,97.4495,1.008645503568515,65.08264462809919,0.6701569707702077,0.6530833544043306,0.012003693444136765,0.00996836938708317,0.015698319166926388,5.09433962264151,248400.0,0.06082725060827251,-0.006589618815896259,0
2019-04-05,96.05,98.0,96.04,97.99,43000,98.08,97.68499999999999,97.27000000000001,1.0083273362804563,59.292929292929244,0.6493867340075639,0.6523440303249772,-0.006589618815896259,0.010333302102471457,0.015644842748634404,-0.7337461300309598,236100.0,0.020002041024594283,-0.024696397591591035,0
2019-04-08,95.66,97.5,94.5,95.57,366000,97.494,97.663,96.869,1.0064520125117427,52.131438721136725,0.43266490481735786,0.6084082052234534,-0.024696397591591035,0.013315270766080228,0.015594341020240593,7.511627906976743,269850.0,0.031390603745945385,0.00994035785288272,1
2019-04-09,95.0,96.95,94.9,96.52,400500,97.23799999999999,97.775,96.774,1.004794676256019,54.78187919463088,0.33372142149377737,0.5534708484775183,0.00994035785288272,0.013591152933305949,0.011508826033053228,0.09426229508196715,275400.0,0.021239121425611244,-0.009428097803564017,0
2019-04-10,96.99,97.0,95.0,95.61,232000,96.86599999999999,97.612,96.749,1.0012093148249592,50.510604870384896,0.17980591266199042,0.47873786131441276,-0.009428097803564017,0.012332261690174517,0.01043865786162377,-0.4207240948813983,234900.0,0.0209183139838929,-0.00669386047484577,0
2019-04-11,95.6,95.6,93.51,94.97,293500,96.13199999999999,97.21199999999999,96.674,0.994393528766783,45.39732494099134,0.006113637507041858,0.3842130165529386,-0.00669386047484577,0.010315823804465806,0.01049137790641253,0.2650862068965518,233200.0,0.02200694956301979,0.012319679898915359,1
2019-04-12,94.25,96.9,94.0,96.14,164500,95.76199999999999,96.921,96.69500000000001,0.9903511039867623,51.293422025129324,-0.03670639160304745,0.30002913492174144,0.012319679898915359,0.011495378278720169,0.01074055386272704,-0.4395229982964225,180550.0,0.03016434366548789,-0.0022883295194507935,0
2019-04-15,96.89,97.39,95.55,95.92,241000,95.83200000000001,96.663,96.6835,0.9911929129582608,51.94610778443112,-0.08738639855138786,0.22254602822711558,-0.0022883295194507935,0.011458529106534311,0.010707351505520137,0.4650455927051671,199000.0,0.01918265221017518,0.00031276063386154185,1
2019-04-16,96.0,97.0,95.16,95.95,47500,95.71799999999999,96.478,96.7265,0.9895736949026377,44.415584415584455,-0.12370393791488254,0.15329603499871597,0.00031276063386154185,0.011373568570479168,0.010392084404276587,-0.8029045643153527,197600.0,0.019176654507556054,-0.004689942678478443,0
2019-04-17,96.0,96.95,94.55,95.5,429500,95.696,96.281,96.73249999999999,0.9892848835706718,33.10613437195718,-0.18664555493282364,0.08530771701240805,-0.004689942678478443,0.011400745607917137,0.010436214259814332,8.042105263157895,237900.0,0.02513089005235608,-0.0006282722513089034,0
2019-04-18,95.45,95.5,94.25,95.44,494500,95.78999999999999,95.961,96.73049999999999,0.990277110115217,32.39024390243905,-0.23861809755449315,0.02052255409902782,-0.0006282722513089034,0.010328467609693021,0.0104350524224986,0.15133876600698493,271200.0,0.01309723386420788,-0.010477787091366264,0
2019-04-19,95.5,96.0,94.1,94.44,503000,95.45,95.60600000000001,96.6455,0.9876300500281959,31.02803738317759,-0.35639011131729603,-0.05485997898423695,-0.010477787091366264,0.010539431649949934,0.010555286875349724,0.01718907987866536,317200.0,0.020118593816179645,-0.006670902160101577,0
2019-04-22,94.9,94.9,93.62,93.81,167000,95.02799999999999,95.42999999999999,96.54650000000001,0.9842718275649556,31.23236124176863,-0.4948566165580246,-0.14285930649899448,-0.006670902160101577,0.0076940558466149864,0.010619179552853367,-0.6679920477137177,297300.0,0.013644600788828495,0.003411150197206947,1
2019-04-23,93.59,94.9,91.65,94.13,1120500,94.664,95.191,96.48299999999999,0.9811469378025145,34.274952919020706,-0.5721753130679019,-0.22872250781277598,0.003411150197206947,0.0068104984084568325,0.010636708984903482,5.709580838323354,369300.0,0.03452671836821417,0.01582917242111992,1
2019-04-24,95.25,97.48,93.2,95.62,194000,94.688,95.192,96.402,0.9822202858861849,36.197440585009176,-0.50737172414469,-0.2844523510791588,0.01582917242111992,0.008437828143731433,0.010319524282982516,-0.8268630075858991,365500.0,0.044760510353482545,0.014432127170048048,1
2019-04-25,95.0,98.7,95.0,97.0,775000,95.0,95.39500000000001,96.3035,0.9864646663932256,45.75835475578409,-0.3407321975052042,-0.2957083203643679,0.014432127170048048,0.009176238639601405,0.010024338360395495,2.9948453608247423,413650.0,0.03814432989690725,0.004123711340206171,1
2019-04-26,97.0,98.0,96.4,97.4,184000,95.59200000000001,95.52099999999999,96.221,0.9934629654649194,59.481865284974155,-0.17438234389869933,-0.2714431250712342,0.004123711340206171,0.00850925870974752,0.010082312124148635,-0.7625806451612903,415600.0,0.01642710472279255,-0.003798767967145844,0
2019-04-29,97.0,97.9,95.75,97.03,302500,96.236,95.632,96.14750000000001,1.0009204607504094,52.81146637265714,-0.07157966835059426,-0.2314704337271062,-0.003798767967145844,0.008593714644541848,0.010046278795078993,0.6440217391304348,421750.0,0.022158095434401788,-0.0003091827269916525,0
2019-04-30,96.49,99.0,94.7,97.0,760500,96.81,95.737,96.1075,1.0073095231901776,58.48595848595848,0.007386298740939878,-0.183699087233497,-0.0003091827269916525,0.008602968751219667,0.009932594686078761,1.5140495867768595,493050.0,0.04432989690721646,-0.019175257731958717,0
2019-05-02,95.19,96.5,94.86,95.14,253000,96.714,95.701,95.991,1.0075319561208864,50.903294367693945,-0.07920602104478291,-0.16280047399575417,-0.019175257731958717,0.01066312954284651,0.010777173915589387,-0.6673241288625904,475400.0,0.017237754887534165,-0.01713264662602476,0
2019-05-03,95.5,95.5,93.2,93.51,459000,96.016,95.50800000000001,95.7345,1.0029404237761728,36.676798378926065,-0.27617486394191815,-0.18547535198498696,-0.01713264662602476,0.011918427922188638,0.010873836731424252,0.8142292490118577,471850.0,0.024596299860977403,-0.0093038177735002,0
2019-05-06,93.0,93.0,92.4,92.64,115500,95.064,95.328,95.467,0.9957786460242806,34.41064638783271,-0.4967495999560043,-0.24773020157919046,-0.0093038177735002,0.011830849479806201,0.010942829722150296,-0.7483660130718954,433100.0,0.006476683937823773,0.003346286701209067,1
2019-05-07,92.95,93.0,92.5,92.95,471500,94.248,95.242,95.336,0.9885877318116977,36.11111111111112,-0.6391742552382027,-0.32601901231099295,0.003346286701209067,0.011802241018776766,0.009709337302908759,3.0822510822510827,463550.0,0.0053792361484669175,-0.0002151694459385789,0
2019-05-08,93.65,93.75,92.2,92.93,137500,93.434,95.122,95.15650000000001,0.9818982413182493,37.6084860173578,-0.7450719281203959,-0.40982959547287356,-0.0002151694459385789,0.011711867763074028,0.009346917679784511,-0.7083775185577943,365250.0,0.016679220918971237,-0.00021521575379324087,0
2019-05-09,93.75,93.75,92.5,92.91,856000,92.98799999999999,94.851,95.0215,0.9785995800950309,37.75411423039691,-0.8211447837617669,-0.49209263313065227,-0.00021521575379324087,0.010105511786096833,0.009179404428672143,5.225454545454546,431450.0,0.013453880099020559,0.012054676568722389,1
2019-05-10,92.91,94.95,92.5,94.03,729500,93.092,94.554,94.9745,0.9801788901231382,48.038277511961745,-0.7820435192783748,-0.5500828103601968,0.012054676568722389,0.009673126626251442,0.009558865680397655,-0.14778037383177567,426900.0,0.02605551419759654,-0.0026587259385302264,0
2019-05-13,93.1,95.49,92.98,93.78,1343500,93.32000000000001,94.19200000000001,94.8565,0.9838018480546933,49.85104270109235,-0.762439468537508,-0.592554141995659,-0.0026587259385302264,0.009345498874812707,0.00908019544084391,0.8416723783413296,542850.0,0.026764768607378874,-0.0907442951588825,0
2019-05-14,85.0,87.0,83.0,85.27,907500,91.784,93.01599999999999,94.324,0.9730715406471312,25.739320920043866,-1.4172517995122007,-0.7574936734989675,-0.0907442951588825,0.0290587538936309,0.021995027717653957,-0.3245254931149981,603350.0,0.04690981587897268,-0.003635510730620406,0
2019-05-15,85.1,85.11,84.01,84.96,3086500,90.19,91.812,93.7745,0.9617753227156636,18.79391100702577,-1.9388597306232782,-0.9937668849238297,-0.003635510730620406,0.028923246118894023,0.021956609457488552,2.4011019283746555,835950.0,0.01294726930320144,-0.00965160075329563,0
2019-05-16,84.85,85.0,83.05,84.14,1381000,88.43599999999999,90.712,93.2065,0.9488179472461683,11.07748184019377,-2.3908447509453623,-1.2731824581281361,-0.00965160075329563,0.028845519323804216,0.021971159983903487,-0.5525676332415357,948750.0,0.023175659614927534,0.00047539814594732555,1
2019-05-17,83.0,84.5,82.0,84.18,413000,86.466,89.779,92.6435,0.9333196608504644,9.096534653465412,-2.714527091642779,-1.5614513848310647,0.00047539814594732555,0.029021772016246266,0.02198692995934694,-0.7009413468501087,944150.0,0.029698265621287714,0.0035637918745545782,1
2019-05-20,83.5,84.89,81.8,84.48,480500,84.606,88.963,92.1455,0.9181783158157478,11.000621504039827,-2.9132579615151855,-1.831812700167889,0.0035637918745545782,0.029342259484019514,0.022061013657246213,0.16343825665859568,980650.0,0.036576704545454586,-0.02189867424242431,0
2019-05-21,84.01,84.01,81.31,82.63,630000,84.078,87.931,91.5865,0.9180173933931312,9.882747068676764,-3.1833376121387005,-2.1021176825620516,-0.02189867424242431,0.0292700828355782,0.022370918720585213,0.31113423517169614,996500.0,0.03267578361369966,0.03908991891564817,1
2019-05-22,82.6,85.99,82.6,85.86,1073000,84.25800000000001,87.224,91.17299999999999,0.9241551775196607,25.933609958506253,-3.100997308642718,-2.301893607778185,0.03908991891564817,0.03328635721121871,0.024489466383806315,0.7031746031746031,1090050.0,0.03948287910552062,0.010132774283717838,1
2019-05-23,85.89,87.49,85.65,86.73,919500,84.776,86.60600000000001,90.7285,0.934392170045796,31.695464362851013,-2.9317449647795826,-2.4278638791784646,0.010132774283717838,0.03369160329052587,0.0242753336320935,-0.14305684995340173,1096400.0,0.021215265767323754,0.0028825089357777944,1
2019-05-24,85.0,87.01,84.81,86.98,1179500,85.336,85.901,90.22749999999999,0.9457870383198028,34.189944134078246,-2.74578663309444,-2.4914484299616597,0.0028825089357777944,0.033257629407052,0.02393433473098872,0.2827623708537248,1141400.0,0.025293170843872188,0.011381926879742377,1
2019-05-27,86.0,88.6,86.0,87.97,410000,86.034,85.32000000000001,89.756,0.9585320201435003,36.59849300322929,-2.489827408747459,-2.4911242257188198,0.011381926879742377,0.0337652484758288,0.024136579208562815,-0.652395082662145,1048050.0,0.029555530294418486,-0.0102307604865296,0
2019-05-28,87.4,88.0,86.82,87.07,497500,86.922,85.5,89.258,0.9738286764211611,34.943473792394656,-2.332710325185033,-2.459441445612063,-0.0102307604865296,0.016408619456978368,0.024165501747423854,0.21341463414634143,1007050.0,0.01355231422993002,0.035718387504307,1
2019-05-29,88.5,91.42,88.35,90.18,1161000,87.786,86.022,88.917,0.9872802726137859,43.94678492239471,-1.9349381335029676,-2.354540783190244,0.035718387504307,0.019312855014878012,0.02582799898379308,1.3336683417085426,814500.0,0.03404302506098921,0.01696606786427135,1
2019-05-30,91.99,93.75,90.0,91.71,1819500,88.782,86.779,88.7455,1.0004112884596965,44.94773519163761,-1.4791913949087103,-2.1794709055339374,0.01696606786427135,0.01871872926360306,0.025923760384062945,0.5671834625322998,858350.0,0.040889761203794575,0.003598298985934001,1
2019-06-03,91.75,93.8,91.2,92.04,186000,89.794,87.56500000000001,88.672,1.0126533742331287,46.22395833333336,-1.0789431935040028,-1.9593653631279506,0.003598298985934001,0.018589872005101,0.025679261467071942,-0.8977741137675186,835650.0,0.028248587570621406,-0.029769665362885833,0
2019-06-10,92.1,92.1,89.0,89.3,459000,90.05999999999999,88.047,88.505,1.017569628834529,61.667631731325976,-0.9716382699703559,-1.7618199444964318,-0.029769665362885833,0.02231267957129949,0.026446242974981063,1.467741935483871,833500.0,0.03471444568868975,0.00123180291153413,1
2019-06-11,88.0,89.5,88.0,89.41,74500,90.52799999999999,88.725,88.328,1.0249071642061407,63.03456356180432,-0.8677197313617171,-1.582999901869489,0.00123180291153413,0.020224981165399235,0.026430110964539053,-0.8376906318082789,777950.0,0.016776646907504755,-0.028632144055474762,0
2019-06-12,90.4,90.4,86.25,86.85,497000,89.862,88.824,88.024,1.0208806689084795,57.203615098351904,-0.9806300531770376,-1.4625259321309987,-0.028632144055474762,0.02003251077423488,0.02710712002497783,5.671140939597316,720350.0,0.04778353483016702,0.011053540587219413,1
2019-06-13,86.84,87.99,86.25,87.81,1221500,89.082,88.93199999999999,87.769,1.0149597238204833,59.19918905220472,-0.9813360881813082,-1.3662879633410607,0.011053540587219413,0.020079538638836304,0.027284953642714896,1.4577464788732395,750550.0,0.019815510761872164,0.013096458262156885,1
2019-06-14,87.5,89.5,87.5,88.96,714000,88.466,89.13,87.5155,1.0108609332061176,60.88435374149655,-0.8789680405273259,-1.2688239787783138,0.013096458262156885,0.020419106495404155,0.027315086632843044,-0.41547277936962745,704000.0,0.02248201438848921,-0.01697392086330929,0
2019-06-17,88.0,88.0,86.71,87.45,157500,88.09599999999999,89.078,87.199,1.0102868152157707,61.90711462450594,-0.9092042648379817,-1.1969000359902473,-0.01697392086330929,0.02100019828205667,0.027509048773241954,-0.7794117647058824,678750.0,0.014751286449399728,-0.0032018296169239457,0
2019-06-18,86.6,87.48,86.6,87.17,265000,87.648,89.088,87.29400000000001,1.0040552615300018,53.78831694621169,-0.9448684945419217,-1.1464937277005822,-0.0032018296169239457,0.020750526456643468,0.018233193512896068,0.6825396825396826,655500.0,0.010095216244120794,0.004588734656418403,1
2019-06-19,86.89,87.8,86.35,87.57,708000,87.792,88.827,87.4245,1.0042036271296948,52.49702734839474,-0.9301339908109156,-1.103221780322649,0.004588734656418403,0.01680881484804078,0.01820970354914455,1.671698113207547,610200.0,0.016558182025807958,0.0011419435879869155,1
2019-06-20,87.97,88.0,87.11,87.67,98000,87.76399999999998,88.423,87.601,1.0018607093526328,52.06958608278343,-0.9000128384198263,-1.0625799919420844,0.0011419435879869155,0.01542902206924768,0.018015381222981023,-0.8615819209039548,438050.0,0.010151705258355202,-0.006501653929508522,0
2019-06-21,87.89,87.89,86.5,87.1,82000,87.392,87.929,87.74699999999999,0.9959542776391217,47.32307692307691,-0.9116271738579229,-1.0323894283252522,-0.006501653929508522,0.015176754363588233,0.01811801301571927,-0.16326530612244894,427650.0,0.015958668197474175,-0.008725602755453421,0
2019-06-24,87.35,87.64,85.5,86.34,52000,87.17,87.633,87.84,0.9923724954462659,47.734326505276265,-0.9709645913794276,-1.0201044609360872,-0.008725602755453421,0.012674377620908785,0.01826505468243969,-0.36585365853658536,386950.0,0.02478573083159602,-0.01795228167709051,0
2019-06-25,86.0,86.0,83.0,84.79,566000,86.69399999999999,87.171,87.94800000000001,0.9857415745667892,31.477663230240537,-1.1300356211597489,-1.0420906929808196,-0.01795228167709051,0.0133475113770785,0.018021537563974867,9.884615384615385,436100.0,0.035381530840901045,-0.0022408302865905005,0
2019-06-26,83.5,84.99,82.02,84.6,527000,86.1,86.946,87.885,0.9796893667861408,23.088569265707847,-1.2569427171852396,-1.0850610978217037,-0.0022408302865905005,0.010509303766697599,0.015697387777478665,-0.06890459363957602,439100.0,0.03510638297872339,0.015957446808510634,1
2019-06-27,84.5,88.0,83.0,85.95,1857000,85.756,86.76,87.846,0.9762083646381167,28.601546029515134,-1.2343549124509678,-1.1149198607475566,0.015957446808510634,0.011300368399563929,0.01595926729020411,2.523719165085389,502650.0,0.058173356602675974,0.014077952297847585,1
2019-06-28,84.0,90.0,83.01,87.16,2010500,85.768,86.58,87.855,0.9762449490637982,41.574803149606296,-1.1060669752665575,-1.1131492836513568,0.014077952297847585,0.01145011112115693,0.016271190183778754,0.08266020463112556,632300.0,0.08019733822854515,-0.011473152822395583,0
2019-07-01,84.5,86.48,84.0,86.16,450500,85.732,86.451,87.7645,0.9768414336092611,38.042678440029434,-1.0727238110877124,-1.105064189138628,-0.011473152822395583,0.010761324244732168,0.016249250488198773,-0.7759263864710271,661600.0,0.028783658310120752,-0.010909935004642546,0
2019-07-02,85.0,85.5,84.55,85.22,129500,85.81800000000001,86.256,87.672,0.9788529975362718,43.19131161236426,-1.1093612316189336,-1.105923597634689,-0.010909935004642546,0.011170387763716469,0.01627044286750875,-0.7125416204217536,648050.0,0.011147617930063398,0.0023468669326449643,1
2019-07-03,85.5,85.9,85.0,85.42,140000,85.982,86.04100000000001,87.434,0.9833931880046664,39.33987511150758,-1.109469054181929,-1.1066326889441371,0.0023468669326449643,0.011040661156199815,0.013842345901188992,0.08108108108108114,591250.0,0.010536174198080141,-0.009950831187075737,0
2019-07-04,86.75,89.39,84.31,84.57,1002500,85.70599999999999,85.731,87.077,0.9842553142620898,29.880843263061422,-1.1647162763702568,-1.118249406429361,-0.009950831187075737,0.011198268648067122,0.013128337232496314,6.160714285714286,681700.0,0.06006858223956484,0.007804185881518322,1
2019-07-05,84.0,85.43,84.0,85.23,30000,85.32,85.544,86.7365,0.9836689283058457,38.96620278330024,-1.1420784444509025,-1.1230152140336696,0.007804185881518322,0.011680869400867893,0.013288522081072264,-0.970074812967581,676500.0,0.016778129766514216,-0.026751143963393176,0
2019-07-08,84.03,84.06,82.5,82.95,559000,84.678,85.20500000000001,86.41900000000001,0.9798539672988578,32.504145936981814,-1.2932074542639356,-1.157053662079723,-0.026751143963393176,0.013980280041264602,0.01299128364265622,17.633333333333333,727200.0,0.01880650994575048,0.000964436407474345,1
2019-07-09,83.49,83.5,82.4,83.03,223500,84.24,85.029,86.1,0.978397212543554,30.66439522998307,-1.3904942003651541,-1.2037417697368091,0.000964436407474345,0.013122470079622854,0.012986185705224427,-0.6001788908765653,692950.0,0.013248223533662463,-0.0031313982897748227,0
2019-07-10,84.5,86.99,82.5,82.77,848000,83.71,84.846,85.896,0.9745506193536368,29.41176470588239,-1.4716106629759054,-1.2573155483846283,-0.0031313982897748227,0.013127175247818344,0.011575825138167828,2.7941834451901566,725050.0,0.05424670774435176,-0.009061254077564307,0
2019-07-11,82.99,83.0,81.7,82.02,281500,83.2,84.453,85.6065,0.9718888168538604,28.973509933774878,-1.578222015015939,-1.3214968417108905,-0.009061254077564307,0.011596793587592765,0.011219323301767054,-0.6680424528301887,567500.0,0.015849792733479605,0.006096074128261408,1
2019-07-12,82.02,83.0,81.16,82.52,376000,82.65799999999999,83.989,85.28450000000001,0.9692030791058162,33.840947546531325,-1.6038779516283341,-1.3779730636943792,0.006096074128261408,0.010378423787105915,0.010779991424328726,0.3357015985790408,404050.0,0.022297624818225927,-0.00581677169171102,0
2019-07-15,81.01,82.89,81.01,82.04,181500,82.47599999999998,83.577,85.014,0.9701460935845859,37.209302325581426,-1.6439915435425547,-1.4311767596640144,-0.00581677169171102,0.010162955648450633,0.010336190679088624,-0.5172872340425532,377150.0,0.022915650901998968,0.0069478303266699015,1
2019-07-16,82.3,83.69,81.02,82.61,452000,82.392,83.316,84.786,0.9717642063548226,41.06019766397129,-1.6112145395603221,-1.467184315643276,0.0069478303266699015,0.010540001894151947,0.010579144746120536,1.490358126721763,409400.0,0.03232054230722675,0.004236775208812382,1
2019-07-17,84.19,84.19,81.56,82.96,646500,82.42999999999999,83.07,84.55550000000001,0.9748626641673218,35.24185587364259,-1.539252903510885,-1.4815980332167977,0.004236775208812382,0.010663844217322064,0.010566791125729122,0.43030973451327426,460050.0,0.03170202507232396,-0.004942140790742511,0
2019-07-18,82.2,82.96,82.2,82.55,254500,82.536,82.86800000000001,84.2995,0.9790805402167273,25.294748124330113,-1.4980379134036639,-1.484886009254171,-0.004942140790742511,0.010408688101820367,0.010539510562479853,-0.6063418406805878,385250.0,0.009206541490005948,-0.00702604482132041,0
2019-07-19,83.95,83.95,81.1,81.97,407000,82.426,82.542,84.043,0.9807598491248527,26.48709315375983,-1.4949431158734399,-1.4868974305780247,-0.00702604482132041,0.009839695174631787,0.010549455431316575,0.5992141453831041,422950.0,0.034768817860192855,0.0017079419299743659,1
2019-07-22,82.0,83.0,81.0,82.11,92500,82.44,82.458,83.83149999999999,0.9834012274622309,30.826140567200994,-1.4643139370007958,-1.482380731862579,0.0017079419299743659,0.005741850697050633,0.010508139045148437,-0.7727272727272727,376300.0,0.02435756911460236,-0.0052368773596394025,0
2019-07-23,82.0,82.94,81.49,81.68,102000,82.25399999999999,82.32300000000001,83.676,0.9830058798221711,27.5779376498801,-1.4579313730749135,-1.4774908601050458,-0.0052368773596394025,0.00583986001012815,0.009887547879970732,0.10270270270270276,364150.0,0.017752203721841366,-0.010651322233104832,0
2019-07-24,81.0,81.9,79.16,80.81,395000,81.82399999999998,82.127,83.4865,0.9800866008276784,27.511961722488053,-1.5057178956620447,-1.4831362672164459,-0.010651322233104832,0.006502327054333757,0.010083300582188866,2.872549019607843,318850.0,0.03390669471600061,0.010642247246627878,1
2019-07-25,81.49,82.9,80.0,81.67,198000,81.648,82.09200000000001,83.27250000000001,0.9804917589840583,29.205607476635436,-1.4573943119834638,-1.4779878761698495,0.010642247246627878,0.007198963329309023,0.009638663040999158,-0.49873417721518987,310500.0,0.035508754744704364,-0.0013468838006611694,0
2019-07-26,80.5,82.4,80.5,81.56,130000,81.566,81.99600000000001,82.99249999999999,0.9828116998523965,39.123630672926396,-1.4117004009875984,-1.4647303811333994,-0.0013468838006611694,0.00682740031120471,0.008824554128169333,-0.3434343434343434,285900.0,0.02329573320255034,-0.0018391368317803858,0
2019-07-29,81.49,81.9,80.2,81.41,163000,81.426,81.93299999999999,82.75500000000001,0.9839405473989487,37.46130030959745,-1.3717783863784376,-1.446139982182407,-0.0018391368317803858,0.0066384637740185435,0.00861407401837892,0.25384615384615383,284050.0,0.02088195553371825,0.003316545878884858,1
2019-07-30,82.95,82.95,80.61,81.68,93500,81.426,81.84,82.578,0.9860495531497493,41.576506955177805,-1.303329191042181,-1.4175778239543617,0.003316545878884858,0.006259027834090931,0.00849534567967353,-0.4263803680981595,248200.0,0.028648383937316398,0.0035504407443682773,1
2019-07-31,81.0,82.35,80.8,81.97,403500,81.658,81.74100000000001,82.40549999999999,0.9909290035252503,49.5840266222962,-1.2117142466500184,-1.3764051084934932,0.0035504407443682773,0.006197294419299873,0.008532570074304267,3.3155080213903743,223900.0,0.01890935708185918,-0.0009759668171281932,0
2019-08-01,81.84,82.0,81.5,81.89,56000,81.702,81.675,82.2715,0.9930777972931087,44.36493738819322,-1.1325092133325256,-1.3276259294612998,-0.0009759668171281932,0.006055236567819692,0.008327295564314354,-0.8612143742255266,204050.0,0.006105751618024179,-0.00781536207107092,0
2019-08-02,83.39,83.39,81.0,81.25,59500,81.64,81.60300000000001,82.0725,0.9947302689695086,43.130434782608624,-1.1086020309517863,-1.2838211497593972,-0.00781536207107092,0.0061500192197118195,0.008131447037129194,0.0625,169300.0,0.02941538461538462,-0.019692307692307676,0
2019-08-05,81.0,81.0,79.25,79.65,181500,81.288,81.357,81.9075,0.9924365900558557,28.171091445427734,-1.2048730187622994,-1.2680315235599777,-0.019692307692307676,0.00844894474871098,0.007105334625436043,2.0504201680672267,178200.0,0.021971123666038917,-0.006654111738857549,0
2019-08-06,79.99,80.0,79.0,79.12,116500,80.776,81.101,81.712,0.988545134129626,22.413793103448327,-1.3088474619897568,-1.2761947112459338,-0.006654111738857549,0.008502262974781826,0.0071419621117000225,-0.35812672176308535,179650.0,0.012639029322548028,-0.01301820020222444,0
2019-08-07,79.0,79.47,76.19,78.09,240000,80.0,80.82900000000001,81.478,0.9818601340239084,20.58047493403697,-1.4575585219316167,-1.3124674733830703,-0.01301820020222444,0.00876333125649224,0.007528099677650162,1.0600858369098711,164150.0,0.04200281726213345,-0.019336662824945616,0
2019-08-08,80.39,80.39,76.0,76.58,289500,78.93800000000002,80.32,81.206,0.9720710292342932,18.331374853114,-1.6779155230606335,-1.385557083318583,-0.019336662824945616,0.008557554586619023,0.008284831177892324,0.20625000000000004,173300.0,0.0573256724993471,-0.0194567772264298,0
2019-08-09,76.74,77.5,73.99,75.09,193000,77.706,79.673,80.8345,0.9612974658097718,14.401622718052764,-1.9502987516026167,-1.49850541697539,-0.0194567772264298,0.009261128472520842,0.00870420535836359,-0.33333333333333337,179600.0,0.046743907311226594,-0.007590890930883054,0
2019-08-16,75.0,78.83,73.0,74.52,135500,76.67999999999999,78.98400000000001,80.4585,0.953037901526874,14.200000000000003,-2.1869488736614073,-1.6361941083125935,-0.007590890930883054,0.008997585659371041,0.008725517832184775,-0.2979274611398963,176850.0,0.07823403113258184,0.006709608158883551,1
2019-08-19,75.0,76.0,74.25,75.02,503500,75.85999999999999,78.318,80.079,0.9473145269046815,19.937694704049846,-2.307549979278278,-1.7704652825057305,0.006709608158883551,0.009550876607831302,0.008708842466847024,2.715867158671587,217850.0,0.02332711276992802,0.0189282857904558,1
2019-08-20,74.79,76.98,74.05,76.44,1201000,75.53,77.765,79.753,0.9470490138302008,24.337585868498536,-2.2624648058524315,-1.868865187175071,0.0189282857904558,0.01248202896072243,0.010028269594024846,1.3853028798411122,297600.0,0.03833071690214557,0.019623233908948157,1
2019-08-21,77.49,78.48,76.0,77.94,631500,75.80199999999999,77.36999999999999,79.52250000000001,0.9532144990411516,34.369602763385146,-2.0817004699107713,-1.911432243722211,0.019623233908948157,0.015010227356547499,0.011331237016746758,-0.474188176519567,355150.0,0.031819348216576906,0.02001539645881456,1
2019-08-22,78.69,79.85,77.6,79.5,385000,76.684,77.195,79.399,0.9658056146802856,42.64819091608932,-1.7919084634617803,-1.8875274876701251,0.02001539645881456,0.016861218755741883,0.012367404783363897,-0.3903404592240697,387700.0,0.02830188679245283,-0.022138364779874298,0
2019-08-23,79.5,79.5,77.0,77.74,343500,77.328,77.00399999999999,79.18050000000001,0.9766040881277587,36.39502762430935,-1.684841695292775,-1.8469903291946552,-0.022138364779874298,0.017160720102807402,0.013169775566210842,-0.10779220779220777,403900.0,0.03215847697453049,-0.03112940571134548,0
2019-08-26,77.0,77.0,74.5,75.32,139500,77.38799999999999,76.624,78.8625,0.9813029006181645,29.98193859121011,-1.7748054331057546,-1.8325533499768754,-0.03112940571134548,0.019445319921858155,0.014629396172104882,-0.5938864628820961,406200.0,0.03319171534784918,-0.01725969198088151,0
2019-08-27,75.32,75.5,73.01,74.02,691000,76.904,76.217,78.523,0.9793818371687276,27.930454290521595,-1.9287678438355158,-1.8517962487486035,-0.01725969198088151,0.01969067614629486,0.014861668863685697,3.9534050179211473,451300.0,0.033639556876519795,0.033774655498513884,1
2019-08-28,74.24,77.5,73.55,76.52,825500,76.61999999999999,76.211,78.2655,0.978975410621538,37.988826815642454,-1.827983204449012,-1.8470336398886853,0.033774655498513884,0.0224170758289542,0.016850640181414304,0.19464544138929085,504900.0,0.05162049137480401,-0.01607422895974897,0
2019-08-29,77.4,78.0,75.0,75.29,184000,75.77799999999999,76.231,77.952,0.9721110426929391,38.71635610766047,-1.826308820833404,-1.8428886760776293,-0.01607422895974897,0.022111835770566034,0.017089325134967474,-0.7771047849788008,504000.0,0.03984592907424624,-0.002257935980873982,0
2019-08-30,75.29,77.0,74.01,75.12,319500,75.25399999999999,76.291,77.6375,0.9692996296892609,39.45147679324895,-1.8177455992447165,-1.837860060711047,-0.002257935980873982,0.021959179308061433,0.017086983857141136,0.736413043478261,522400.0,0.03980298189563358,-0.0034611288604899926,0
2019-09-02,75.2,75.2,74.55,74.86,194000,75.162,76.275,77.29650000000001,0.9723855543265219,41.12149532710279,-1.8110622136781558,-1.832500491304469,-0.0034611288604899926,0.021901794206070503,0.017003875438308193,-0.39280125195618154,491450.0,0.00868287469943903,-0.027117285599786323,0
2019-09-03,74.01,75.0,72.6,72.83,368500,74.924,75.914,76.8395,0.9750714150924981,39.97862105825762,-1.9471243792464747,-1.85542526889287,-0.027117285599786323,0.022317000762052213,0.017637900917289093,0.8994845360824741,408200.0,0.03295345324728829,-0.0498420980365234,0
2019-09-04,72.0,72.0,69.19,69.2,719000,73.46000000000001,75.04,76.205,0.9639787415523917,35.87529976019185,-2.321108988973833,-1.9485620129090628,-0.0498420980365234,0.02462977400939614,0.02014826391242607,0.9511533242876526,416950.0,0.040606936416185,0.02023121387283222,1
2019-09-05,69.2,71.0,69.0,70.6,331500,72.52199999999999,74.15,75.6725,0.9583666457431694,40.95940959409594,-2.4759845779172167,-2.0540465259106937,0.02023121387283222,0.0246605806137374,0.0211278986062235,-0.53894297635605,411600.0,0.028328611898017,-0.001133144475920611,0
2019-09-06,71.89,71.89,69.5,70.52,335000,71.602,73.428,75.21600000000001,0.9519517124016166,39.41674506114769,-2.575491269221388,-2.1583354745728327,-0.001133144475920611,0.02455068523311842,0.020937982746347217,0.010558069381598756,410750.0,0.03389109472490075,-0.00014180374361871806,0
2019-09-11,71.49,72.98,70.3,70.51,379500,70.732,72.947,74.7855,0.9457983165185765,35.062972292191446,-2.624899745095348,-2.251648328677336,-0.00014180374361871806,0.023437426695202258,0.020975577072484996,0.13283582089552248,434750.0,0.03800879307899598,0.022975464473124152,1
2019-09-12,71.9,73.65,70.56,72.13,1314500,70.592,72.758,74.4875,0.9477026346702467,35.453179769654454,-2.5044659328017786,-2.3022118495022244,0.022975464473124152,0.024768108401637925,0.021826473265841955,2.463768115942029,497100.0,0.04283931789823934,-0.004159157077498921,0
2019-09-13,71.6,72.44,71.5,71.83,126000,71.118,72.289,74.25,0.9578181818181818,29.502939604489526,-2.4054996589785986,-2.3228694113974995,-0.004159157077498921,0.02128891161879808,0.021517099657413302,-0.9041460631418791,427150.0,0.013086454127801723,0.00626479186969231,1
2019-09-16,72.0,74.4,71.79,72.28,261000,71.454,71.988,74.1095,0.9641678867081818,34.31034482758619,-2.2646514426330384,-2.3112258176446074,0.00626479186969231,0.02129781047953191,0.0212471437383276,1.0714285714285716,434850.0,0.036109573879358044,-0.0037354731599335,0
2019-09-17,71.41,72.5,71.4,72.01,515500,71.752,71.67699999999999,73.98400000000001,0.9698313148788925,39.14754098360656,-2.150030743870758,-2.278986802889838,-0.0037354731599335,0.021290553530464863,0.02120823413295756,0.975095785440613,454450.0,0.015275656158866745,-0.0019441744202194355,0
2019-09-18,71.6,72.25,71.28,71.87,477500,72.024,71.378,73.8265,0.9755846477890731,42.37047551454933,-2.0468945184145895,-2.2325683459947885,-0.0019441744202194355,0.021300315430073085,0.021120098990936812,-0.07371483996120276,482800.0,0.013496591067204659,0.037011270349241565,1
2019-09-19,72.9,75.3,72.0,74.53,611000,72.50399999999999,71.548,73.731,0.9833584245432722,43.017543859649116,-1.7305696179185617,-2.1321686003795435,0.037011270349241565,0.02309801469564117,0.02240780309678225,0.2795811518324607,507050.0,0.044277472158862165,-0.0018784382128002042,0
2019-09-20,74.3,75.0,73.5,74.39,761000,73.016,72.067,73.5535,0.9926923939717349,46.58054711246198,-1.474183218750241,-2.000571524053683,-0.0018784382128002042,0.01432183439007832,0.021874462927030172,0.24549918166939433,511250.0,0.02016400053770668,0.003495093426535867,1
2019-09-23,74.5,76.97,73.25,74.65,272500,73.49,72.47200000000001,73.31099999999999,1.0024416526851359,48.22641509433962,-1.2357701342878897,-1.8476112461005245,0.003495093426535867,0.01360934193339019,0.02129976462722809,-0.6419185282522997,505350.0,0.04983255190890822,-0.01942397856664435,0
2019-09-24,74.0,74.01,72.25,73.2,583500,73.728,72.74000000000001,73.08399999999999,1.0088117782277928,44.25207756232687,-1.1505659212841834,-1.7082021811372563,-0.01942397856664435,0.015695350782159417,0.0211792095039543,1.141284403669725,530200.0,0.024043715846994603,-0.010245901639344246,0
2019-09-25,73.73,74.0,71.6,72.45,330500,73.84400000000001,72.934,72.9405,1.012386808426046,48.55623100303953,-1.13052768122391,-1.5926672811545872,-0.010245901639344246,0.016294421076562215,0.02020069474791815,-0.4335904027420737,525300.0,0.03312629399585929,-0.010213940648723385,0
2019-09-26,72.0,72.39,71.25,71.71,309500,73.28,72.89200000000001,72.825,1.0062478544455886,62.22005842259005,-1.1609760380858205,-1.5063290325408338,-0.010213940648723385,0.015070646029967768,0.019976096138579764,-0.0635400907715582,424800.0,0.015897364384325766,0.005996374285315964,1
2019-09-27,71.71,72.5,71.7,72.14,31500,72.83,72.923,72.606,1.003085144478418,58.279569892473155,-1.1372990978712494,-1.4325230456069171,0.005996374285315964,0.01513742175937206,0.018297333908480436,-0.8982229402261712,415350.0,0.011089548100914849,-0.0013861935126142644,0
2019-09-30,72.5,73.1,71.25,72.04,43000,72.308,72.899,72.4435,0.998129576842643,58.154506437768305,-1.1137653230835127,-1.3687715011022363,-0.0013861935126142644,0.015008306027811495,0.018028567112803113,0.3650793650793651,393550.0,0.025680177679067103,0.007079400333148023,1
2019-10-01,72.75,72.95,72.15,72.55,62500,72.178,72.953,72.315,0.9981055106132891,60.386965376782044,-1.0419509374454492,-1.303407388370879,0.007079400333148023,0.015117101972001053,0.01814338722576556,0.4534883720930232,348250.0,0.011026878015161919,0.006202618883528688,1
2019-10-02,72.5,73.5,72.5,73.0,106500,72.28799999999998,73.066,72.22200000000001,1.0009138489656888,55.02890173410407,-0.9379145847381807,-1.2303088276443395,0.006202618883528688,0.015169282309604787,0.01821921591251049,0.704,311150.0,0.0136986301369863,0.0073972602739726945,1
2019-10-03,73.0,73.95,73.0,73.54,190000,72.654,72.967,72.25750000000001,1.0054873196553988,59.617547806524215,-0.8026392134178195,-1.1447749047990357,0.0073972602739726945,0.009229686635496026,0.01723289201428198,0.784037558685446,269050.0,0.012918139787870583,-0.0010878433505576712,0
2019-10-04,73.06,73.5,72.81,73.46,168500,72.918,72.874,72.4705,1.0061749263493422,56.92488262910792,-0.6938891166463748,-1.0545977471685035,-0.0010878433505576712,0.009227545893540464,0.012522392496094286,-0.11315789473684212,209800.0,0.009392866866321778,0.04015790906615857,1
2019-10-07,73.0,76.8,73.0,76.41,998500,73.792,73.05,72.761,1.0141696788114514,69.64285714285705,-0.3654508457667873,-0.9167683668881603,0.04015790906615857,0.016061399425678757,0.01458322838993087,4.925816023738872,282400.0,0.04973171050909563,-0.0006543646119617774,0
2019-10-08,76.0,78.95,75.2,76.36,223500,74.554,73.366,73.053,1.0205467263493628,70.20702070207014,-0.10795133615154384,-0.7550049607408371,-0.0006543646119617774,0.014211671514786578,0.01457464278710242,-0.7761642463695544,246400.0,0.04910948140387637,-0.0034049240440021666,0
2019-10-09,76.1,76.5,76.0,76.1,61500,75.17399999999999,73.73100000000001,73.3325,1.0251116489960113,59.01262916188281,0.07428276780514409,-0.5891474150316409,-0.0034049240440021666,0.013583124838111974,0.014642561679830421,-0.7248322147651007,219500.0,0.00657030223390276,0.03337713534822617,1
2019-10-10,76.99,78.85,76.5,78.64,1200500,76.19399999999999,74.424,73.658,1.0344293898829724,69.12691269126906,0.41883333053127103,-0.38755126591905853,0.03337713534822617,0.015068505788136262,0.015513733074239021,18.520325203252032,308600.0,0.029883011190233906,0.04628687690742628,1
2019-10-11,79.0,82.57,79.0,82.28,1669500,77.958,75.438,74.1805,1.050923086255822,76.32850241545884,0.9743776935727482,-0.11516547402069721,0.04628687690742628,0.01895275741725221,0.017951071528283853,0.39067055393586014,472400.0,0.043388429752066034,-0.0035245503159941904,0
2019-10-14,83.0,83.78,81.5,81.99,681000,79.074,76.43299999999999,74.666,1.0590362413950125,82.97074268567128,1.3753953262283432,0.1829466860291109,-0.0035245503159941904,0.019149125342549807,0.018103969992323894,-0.5920934411500449,536200.0,0.0278082693011343,-0.013050371996584875,0
2019-10-15,81.5,81.7,80.0,80.92,58500,79.98599999999999,77.27,75.1115,1.064896853344694,81.02564102564094,1.588552783992938,0.4640679056218764,-0.013050371996584875,0.02084496789245658,0.018496049015156987,-0.9140969162995595,535800.0,0.021008403361344574,0.006549678695007444,1
2019-10-16,81.5,82.5,80.9,81.45,258500,81.056,78.115,75.59049999999999,1.0723040593725404,86.23511904761901,1.779732526868429,0.727200829871187,0.006549678695007444,0.020836065539004578,0.018401082582677572,3.418803418803419,551000.0,0.019643953345610733,-0.018047882136279947,0
2019-10-17,81.7,81.7,79.51,79.98,169000,81.324,78.759,75.863,1.0719850256383217,77.07182320441987,1.791970416279483,0.9401547471528462,-0.018047882136279947,0.022812630746146662,0.017690663116399028,-0.3462282398452611,548900.0,0.027381845461365312,-0.0006251562890722262,0
2019-10-18,80.0,81.11,79.55,79.93,117000,80.854,79.40599999999999,76.14,1.061912266876806,77.3388773388773,1.7771485870000703,1.107553515122291,-0.0006251562890722262,0.022791122076351603,0.01767214320745838,-0.3076923076923077,543750.0,0.019517077442762445,-0.0236456899787314,0
2019-10-21,78.0,79.48,77.55,78.04,1325000,80.064,79.569,76.3095,1.0492009513887524,67.36242884250474,1.5945144063737473,1.2049456933725824,-0.0236456899787314,0.021922317552967967,0.018704183082999894,10.324786324786325,576400.0,0.02473090722706313,0.00012813941568423637,1
2019-10-22,80.0,80.0,77.91,78.05,490500,79.49,79.738,76.55199999999999,1.0383791409760685,66.42810670136627,1.434051565069666,1.2507668677119992,0.00012813941568423637,0.021911891066745938,0.018001986963969662,-0.6298113207547169,603100.0,0.026777706598334446,0.005765534913517056,1
2019-10-23,79.85,79.85,78.06,78.5,281000,78.9,79.978,76.8545,1.0266152274752942,66.23036649214656,1.327887782679639,1.2661910507055272,0.005765534913517056,0.02183350978729069,0.017718656642898654,-0.4271151885830785,625050.0,0.022802547770700534,0.006751592356687874,1
2019-10-24,77.05,79.25,77.05,79.03,775000,78.71,80.017,77.2205,1.0192889193931662,67.70502225047682,1.2718576080700075,1.2673243621784231,0.006751592356687874,0.019229158602455058,0.017397232255095728,1.7580071174377223,582500.0,0.02783753005187907,0.0001265342275085235,1
2019-10-25,80.0,80.99,78.5,79.04,261000,78.532,79.69300000000001,77.5655,1.0124604366632073,60.281469898358125,1.2142629401215004,1.2567120777670389,0.0001265342275085235,0.010714116492514206,0.017429257221611007,-0.6632258064516129,441650.0,0.0315030364372469,0.009868421052631415,1
2019-10-28,80.0,80.3,79.02,79.82,83500,78.888,79.476,77.9545,1.0119749340961717,62.795857988165665,1.2175233804453711,1.2488743383027054,0.009868421052631415,0.011576578518715637,0.017403407555161076,-0.6800766283524904,381900.0,0.016036081182661,-0.0008769731896767219,0
2019-10-29,79.17,80.3,79.0,79.75,122500,79.228,79.35900000000001,78.3145,1.011664506572857,63.69092273068271,1.2006189005800678,1.239223250758178,-0.0008769731896767219,0.010982461818989733,0.017451042217232086,0.46706586826347296,388300.0,0.01630094043887144,-0.01830721003134783,0
2019-10-30,79.5,79.75,78.0,78.29,88500,79.186,79.043,78.579,1.0077247101642934,48.57142857142859,1.0572251468328346,1.2028236299731092,-0.01830721003134783,0.011767994437820057,0.018198220959442235,-0.27755102040816326,371300.0,0.022352790905607354,-0.002171413973687586,0
2019-10-31,79.0,79.0,78.0,78.12,1835500,79.00399999999999,78.857,78.808,1.002487057151558,26.30979498861042,0.9192702098874719,1.1461129459559818,-0.002171413973687586,0.010664345860662065,0.018220541870930262,19.740112994350284,537950.0,0.012800819252432155,-0.0020481310803892594,0
2019-11-01,80.5,80.5,77.02,77.96,136500,78.788,78.66,79.033,0.9969000291017676,26.705202312138653,0.7879463110284348,1.0744796189704724,-0.0020481310803892594,0.010649017825268479,0.01823364302070173,-0.9256333424135113,539900.0,0.04463827603899441,0.013211903540277126,1
2019-11-04,78.0,79.5,78.0,78.99,716500,78.622,78.755,79.16199999999999,0.9931785452616155,38.79210220673629,0.7582430135060747,1.011232297877593,0.013211903540277126,0.008693130067615632,0.016240417426766678,4.249084249084249,479050.0,0.0189897455374098,-0.0050639321433091355,0
2019-11-05,79.9,80.25,78.05,78.59,246500,78.39000000000001,78.809,79.2735,0.9888550398304605,33.13679245283015,0.6944214212762176,0.947870122557318,-0.0050639321433091355,0.008919344865895587,0.016305086706218903,-0.655966503838102,454650.0,0.02799338338210972,-0.005471434024685196,0
2019-11-06,79.5,79.5,78.0,78.16,127500,78.364,78.775,79.37650000000001,0.9872443355401157,37.768817204300994,0.6022031205687881,0.8787367221596121,-0.005471434024685196,0.008921686980009955,0.016344738162680745,-0.48275862068965514,439300.0,0.0191914022517912,-0.0031985670419651946,0
2019-11-07,78.99,79.0,77.0,77.91,164500,78.322,78.663,79.34,0.9871691454499621,36.780104712041805,0.5031465816034739,0.8036186940483845,-0.0031985670419651946,0.00858417888836819,0.014531434936386757,0.29019607843137263,378250.0,0.02567064561673726,-0.010011551790527595,0
2019-11-08,78.5,78.5,77.0,77.13,202500,78.15599999999999,78.472,79.08250000000001,0.9882843865583407,43.032159264930996,0.3575820957291853,0.7144113743845447,-0.010011551790527595,0.008974555941211684,0.009651921290364048,0.23100303951367773,372400.0,0.019447685725398678,0.029949436017113973,1
2019-11-11,78.0,79.75,77.5,79.44,763000,78.24600000000001,78.434,78.955,0.9910202013805334,57.8708946772367,0.42373434074815464,0.6562759676572667,0.029949436017113973,0.013253124157098962,0.012164627276269595,2.7679012345679013,440350.0,0.028323262839879154,-0.011832829808660628,0
2019-11-12,79.99,79.99,78.36,78.5,233500,78.228,78.309,78.83399999999999,0.9923129614125885,50.0,0.3957483863812854,0.6041704514020705,-0.011832829808660628,0.013740909256089708,0.012106734704038221,-0.6939711664482306,451450.0,0.020764331210191025,0.02254777070063696,1
2019-11-13,78.0,81.0,77.5,80.27,2032000,78.65,78.50699999999999,78.775,0.9984132021580451,55.871212121212096,0.5105086969328028,0.585438100508217,0.02254777070063696,0.014250744725297164,0.013146758516500767,7.702355460385439,645800.0,0.043602840413604085,0.04572069266226486,1
2019-11-14,80.99,84.28,80.89,83.94,2920000,79.856,79.08899999999998,78.973,1.011181036556798,67.2292545710267,0.8873663909895981,0.6458237586044933,0.04572069266226486,0.01953875341384602,0.01610464389383932,0.4370078740157479,754250.0,0.04038598999285205,0.007505360972122954,1
2019-11-15,83.5,85.49,82.35,84.57,983500,81.344,79.75,79.205,1.0270058708414873,66.87988628287137,1.2227692408518749,0.7612128550539696,0.007505360972122954,0.01925806811903051,0.016123126478882713,-0.6631849315068493,838950.0,0.037129005557526316,0.04339600331086668,1
2019-11-18,85.01,88.79,85.0,88.24,1539500,83.104,80.675,79.715,1.0425139559681365,74.02376910016976,1.7643780919878225,0.9618459024407403,0.04339600331086668,0.022241600460847586,0.017234174911267452,0.56532791052364,921250.0,0.042951042611060815,0.0010199456029011955,1
2019-11-19,89.0,92.6,87.7,88.33,563500,85.07,81.649,80.22900000000001,1.0603397773872287,80.79754601226989,2.175788125305303,1.204634347013653,0.0010199456029011955,0.02182185650665766,0.017218513916167907,-0.6339720688535239,952950.0,0.05547379146382873,-0.01709498471640447,0
2019-11-20,88.33,88.5,86.0,86.82,166000,86.38,82.515,80.645,1.0711141422282844,74.65986394557818,2.3528667767614024,1.4342808329632029,-0.01709498471640447,0.023124361994486687,0.017999986925566095,-0.7054125998225378,956800.0,0.02879520847730938,-0.049988481916608984,0
2019-11-21,86.0,86.5,82.48,82.48,306000,86.088,82.97200000000001,80.8175,1.065214835895691,60.35747021081579,2.118579489135712,1.5711405641977048,-0.049988481916608984,0.02998701022460857,0.021810786108625517,0.8433734939759037,970950.0,0.048739088263821485,0.009699321047526688,1
2019-11-22,82.25,84.0,81.0,83.28,1880000,85.83,83.587,81.0295,1.059243855632825,59.935155164428,1.974695380720874,1.6518515275023389,0.009699321047526688,0.029451796734298413,0.021864072497984558,5.143790849673203,1138700.0,0.03602305475504323,0.009606147934678066,1
2019-11-25,84.49,84.8,82.75,84.08,848500,84.99799999999999,84.051,81.24249999999999,1.0462258054589655,62.482946793997264,1.903279678906145,1.7021371577831004,0.009606147934678066,0.028460194940557054,0.021859715018207555,-0.5486702127659575,1147250.0,0.024381541389153154,-0.016769743101807788,0
2019-11-26,83.99,83.99,82.0,82.67,4658000,83.866,84.46799999999999,81.3885,1.0304404184866414,59.81715280801047,1.7131587765851464,1.7043414815435096,-0.016769743101807788,0.02884523834414445,0.0222862487180934,4.489687684148497,1589700.0,0.02407161001572511,0.01487843232127739,1
2019-11-27,83.8,84.9,83.02,83.9,1751000,83.282,84.83099999999999,81.66900000000001,1.019750456109417,62.50521920668061,1.6428001348625827,1.6920332122073245,0.01487843232127739,0.028442654589528087,0.021924451974040377,-0.6240875912408759,1561600.0,0.022407628128724787,0.01883194278903444,1
2019-11-28,84.49,85.5,84.0,85.48,1506000,83.88199999999999,84.98499999999999,82.037,1.022489852139888,66.8686868686869,1.6949943598963273,1.692625441745125,0.01883194278903444,0.025234029933539518,0.022130758767780076,-0.13992004568817817,1420200.0,0.01754796443612541,0.0219934487599438,1
2019-11-29,85.54,88.0,85.2,87.36,709500,84.69800000000001,85.264,82.50699999999999,1.0265553225786905,66.28289473684212,1.8665426061775037,1.7274088746316008,0.0219934487599438,0.02598312287581572,0.02239376345929539,-0.5288844621513944,1392800.0,0.03205128205128202,0.037316849816849906,1
2019-12-02,89.02,91.72,87.05,90.62,1469500,86.006,85.502,83.0885,1.0351131624713408,72.74774774774777,2.239732342082391,1.8298735681217588,0.037316849816849906,0.0249999826758972,0.023430069782105465,1.0711768851303733,1385800.0,0.05153387773118519,-0.01820790112557935,0
2019-12-03,91.0,91.5,88.5,88.97,459500,87.266,85.566,83.60749999999999,1.0437580360613583,66.4027149321267,2.3749695158872868,1.9388927576748647,-0.01820790112557935,0.025888490533999362,0.023968888285895888,-0.6873086083701939,1375400.0,0.03371923120152861,0.016185230976733633,1
2019-12-04,87.61,91.0,87.61,90.41,741000,88.568,85.925,84.22,1.0516266919971504,63.31823795800741,2.5687311817926854,2.064860442498429,0.016185230976733633,0.025435248744560983,0.023888910603968354,0.6126224156692057,1432900.0,0.03749585222873577,0.0035394314788188552,1
2019-12-05,91.99,91.99,90.0,90.73,612000,89.61800000000001,86.75,84.861,1.056056374541898,62.844036697247724,2.71679253050155,2.1952468600990533,0.0035394314788188552,0.016942862018771175,0.023776188480842633,-0.1740890688259109,1463500.0,0.0219332084205885,-0.011683015540615016,0
2019-12-06,90.89,91.8,89.05,89.67,2270500,90.08,87.389,85.488,1.053715141306382,53.34581188582126,2.717276008487133,2.2996526897766696,-0.011683015540615016,0.01824332740125186,0.023845350768551304,2.709967320261438,1502550.0,0.030668004906880784,0.0007806401249024209,1
2019-12-09,90.44,90.5,88.75,89.74,349000,89.904,87.955,86.00300000000001,1.0453588828296685,53.30210772833722,2.6922727390058867,2.378176699622513,0.0007806401249024209,0.018347010977538082,0.023307256034859076,-0.8462893635763048,1452600.0,0.01950078003120125,-0.0026743926899932546,0
2019-12-10,90.0,90.0,88.5,89.5,205000,90.00999999999999,88.638,86.55300000000001,1.0399408454935124,56.67330677290839,2.6228568128994283,2.4271127222778963,-0.0026743926899932546,0.01682285976228632,0.023018938580222414,-0.4126074498567335,1007300.0,0.01675977653631285,0.0,0
2019-12-11,89.0,89.89,88.5,89.5,1185500,89.828,89.19800000000001,87.01450000000001,1.0323336915111847,72.29987293519694,2.5385810096775714,2.4494063797578316,0.0,0.01681430123015829,0.022759319324789504,4.782926829268293,950750.0,0.015530726256983247,0.005810055865921759,1
2019-12-12,91.7,93.97,89.5,90.02,606000,89.68599999999999,89.652,87.3185,1.0271133837617457,71.79818887451486,2.485104742085767,2.456546052223419,0.005810055865921759,0.01625746780908229,0.02072460812282144,-0.48882328131590047,860750.0,0.0496556320817596,0.006554099089091325,1
2019-12-13,91.5,92.0,89.98,90.61,406000,89.874,89.977,87.6205,1.0257188671600823,71.40983606557377,2.461952626541347,2.457627367087005,0.006554099089091325,0.015195020613547132,0.020716522576396987,-0.33003300330033003,830400.0,0.02229334510539671,0.03586800573888094,1
2019-12-16,93.0,94.94,90.5,93.86,739000,90.69800000000001,90.301,87.90150000000001,1.0318140191009253,82.73844353423053,2.675016323746817,2.5011051584189676,0.03586800573888094,0.0148423414428704,0.020012994115268638,0.8201970443349753,757350.0,0.04730449605795864,0.005753249520562553,1
2019-12-17,98.55,98.55,94.0,94.4,1534500,91.678,90.844,88.205,1.039374185136897,82.01219512195121,2.854538977412119,2.571791922217598,0.005753249520562553,0.01270813017251075,0.02001280756083644,1.0764546684709067,864850.0,0.04819915254237285,0.02203389830508473,1
2019-12-18,94.0,99.0,93.0,96.48,1123000,93.074,91.451,88.688,1.0494542666426123,82.54437869822485,3.1285861963531687,2.6831507770447125,0.02203389830508473,0.013346824405411213,0.019802945997911957,-0.2681655262300423,903050.0,0.062189054726368154,-0.015443615257048182,0
2019-12-19,97.5,97.5,94.55,94.99,753500,94.068,91.877,89.3135,1.053233833630974,73.107207752877,3.1887817531149096,2.784276972258752,-0.015443615257048182,0.015069060787990496,0.015815724939745597,-0.32902938557435446,917200.0,0.031055900621118043,-0.006842825560585242,0
2019-12-20,95.59,95.94,93.51,94.34,931500,94.81400000000001,92.34400000000001,89.8665,1.0550538854856928,63.38129496402876,3.1477522690608453,2.8569720316191707,-0.006842825560585242,0.014553278582857133,0.016108182639721916,0.23623092236230914,783300.0,0.025757896968412047,-0.010281958872164543,0
2019-12-23,94.0,94.5,92.75,93.37,420500,94.71600000000001,92.70700000000001,90.331,1.0485436893203883,66.64145234493193,3.0023559237870217,2.886048810052741,-0.010281958872164543,0.015325169913155563,0.016507245741290318,-0.5485775630703167,790450.0,0.018742636821248795,-0.0018207132912070323,0
2019-12-24,94.0,94.7,92.11,93.2,478000,94.476,93.077,90.8575,1.0398261013124948,61.67364016736404,2.840665272375489,2.8769721025172905,-0.0018207132912070323,0.015285705832662162,0.015773557185463343,0.1367419738406659,817750.0,0.027789699570815486,0.04989270386266087,1
2019-12-26,94.0,97.86,94.0,97.85,375000,94.74999999999999,93.912,91.55499999999999,1.0348970564141773,71.86732186732185,3.0525524797040475,2.912088177954642,0.04989270386266087,0.020890775025591304,0.018502728439706382,-0.2154811715481172,736700.0,0.03944813490035769,-0.015840572304547718,0
2019-12-27,100.0,100.0,96.0,96.3,235000,95.012,94.54,92.09599999999999,1.031662612925643,69.76744186046513,3.060127328981949,2.9416960081601036,-0.015840572304547718,0.022346806868805972,0.019039152692683713,-0.3733333333333333,699600.0,0.04153686396677051,-0.0031152647975077885,0
2019-12-30,98.0,98.0,95.02,96.0,147000,95.344,95.07900000000001,92.52799999999999,1.030434030779872,68.41176470588238,3.0072571701087014,2.954808240549823,-0.0031152647975077885,0.02257565325349869,0.018765079652466723,-0.37446808510638296,673700.0,0.031041666666666707,-0.009062500000000084,0
2019-12-31,96.02,97.0,95.0,95.13,440000,95.696,95.206,92.7535,1.0317238702582652,65.96710153148042,2.8621622345799835,2.9362790393558553,-0.009062500000000084,0.020335165297677583,0.017360218296973057,1.9931972789115648,643800.0,0.021023862083464732,0.012614317250078777,1
2020-01-01,95.0,96.5,94.5,96.33,115500,96.32199999999999,95.399,93.1215,1.034369076958597,68.13595326606479,2.811593128572241,2.9113418571991323,0.012614317250078777,0.020607515423571192,0.016776700248922,-0.7375,501900.0,0.02076196408180214,0.012872417730717345,1
2020-01-02,96.55,100.0,96.0,97.57,733000,96.26599999999999,95.50800000000001,93.4795,1.0298086746291966,69.30946291560102,2.838849890206376,2.896843463800581,0.012872417730717345,0.019816927355585847,0.01666723526991791,5.346320346320346,462900.0,0.040996207850773805,-0.010249051962693434,0
2020-01-03,96.12,98.0,96.12,96.57,242000,96.32,95.666,93.7715,1.027177767232048,64.92985971943887,2.748081257410263,2.8670910225225175,-0.010249051962693434,0.019392891567557958,0.016967480994047112,-0.669849931787176,411750.0,0.019467743605674593,-0.013668841255048081,0
2020-01-06,100.57,100.57,94.99,95.25,311500,96.16999999999999,95.75699999999999,94.0505,1.022535765360099,53.85468663338881,2.5403499210895433,2.801742802235923,-0.013668841255048081,0.019846389916961242,0.017065046974140314,0.2871900826446281,349750.0,0.05858267716535431,0.008293963254593306,1
2020-01-07,96.0,98.44,95.0,96.04,514000,96.352,96.024,94.3655,1.0210511256762271,54.485776805251646,2.4116675359825592,2.7237277489852505,0.008293963254593306,0.01952589508688795,0.017092611128961654,0.6500802568218298,359100.0,0.035818408996251536,-0.010828821324448179,0
2020-01-08,95.5,96.0,94.25,95.0,441500,96.08599999999998,96.204,94.6405,1.0152735879459638,45.70765661252899,2.2004016498049026,2.619062529149181,-0.010828821324448179,0.01997519884995236,0.017343923689908686,-0.1410505836575876,355450.0,0.018421052631578946,0.04042105263157891,1
2020-01-09,96.1,99.7,96.1,98.84,677000,96.34,96.303,95.10749999999999,1.0129590200562524,59.8264420622767,2.3161289281579798,2.5584758089509405,0.04042105263157891,0.0175318529854559,0.019214582079645003,0.5334088335220839,385650.0,0.036422501011736226,0.02964386887899617,1
2020-01-10,98.9,102.0,98.9,101.77,885000,97.38,96.85,95.695,1.017608025497675,66.98673982624598,2.6141360103074476,2.5696078492222423,0.02964386887899617,0.018508875467096474,0.019981584711501618,0.30723781388478577,450650.0,0.030460843077527704,0.011987815662769075,1
2020-01-13,100.1,103.3,100.1,102.99,1109500,98.928,97.54899999999999,96.314,1.0271403949581577,71.74502712477394,2.9151485560335857,2.6387159905845112,0.011987815662769075,0.01832564042381311,0.02002155433731046,0.25367231638418075,546900.0,0.031070977764831566,-0.010680648606660736,0
2020-01-14,105.0,105.0,101.7,101.89,263000,100.098,98.225,96.7155,1.0349737115560587,68.85032537960956,3.03001424221749,2.716975640911107,-0.010680648606660736,0.018491609385315758,0.019127155083365783,-0.7629562866155926,529200.0,0.03238786927078219,0.0012758857591519401,1
2020-01-15,101.05,102.5,101.0,102.02,1105500,101.502,98.79400000000001,97.0965,1.0453723872642164,61.25202374527794,3.095849019230897,2.7927503165750656,0.0012758857591519401,0.0184594640773958,0.019135252951160465,3.2034220532319395,628200.0,0.014702999411880024,0.02283865908645355,1
2020-01-16,102.85,104.9,102.0,104.35,211500,102.604,99.472,97.49,1.0524566622217664,70.84412221646815,3.2980175878968936,2.893803770839431,0.02283865908645355,0.019134037348649446,0.019175841091913667,-0.8086838534599728,576050.0,0.02779108768567327,0.017824628653569707,1
2020-01-17,106.0,106.8,105.0,106.21,303000,103.49199999999999,100.436,98.051,1.0554915299181038,74.46094873023478,3.5672035879868105,3.028483734268907,0.017824628653569707,0.018382529755211135,0.018831103819812386,0.4326241134751774,582150.0,0.016947556727238463,-0.012334055173712333,0
2020-01-20,106.5,107.0,104.51,104.9,64000,103.874,101.401,98.57900000000001,1.0537132655027945,72.92351008916008,3.632950983065953,3.1493771840283165,-0.012334055173712333,0.01819782211501443,0.019063185226890787,-0.7887788778877888,557400.0,0.023736892278360292,0.012011439466158125,1
2020-01-21,105.0,107.0,104.0,106.16,123500,104.728,102.41299999999998,99.21849999999999,1.0555289588131247,72.99953205428173,3.74357414464572,3.2682165761517976,0.012011439466158125,0.018200604502226384,0.018741536264076757,0.9296875,518350.0,0.028259231348907312,-0.0020723436322531708,0
2020-01-22,106.0,106.49,105.3,105.94,496000,105.51199999999999,103.50699999999999,99.85549999999999,1.0566468547050487,70.56511056511061,3.770033041670942,3.3685798692556266,-0.0020723436322531708,0.017262063862459247,0.018747572944100427,3.0161943319838054,523800.0,0.011232773267887462,0.002359826316782998,1
2020-01-23,106.0,106.85,105.0,106.19,448000,105.88,104.242,100.27250000000001,1.0559226108853372,74.54081632653066,3.767742627184475,3.4484124208413967,0.002359826316782998,0.01395617477310799,0.01574112448908104,-0.09677419354838712,500900.0,0.017421602787456393,-0.0008475374329033336,0
2020-01-24,107.97,107.97,106.0,106.1,1710500,105.85799999999999,104.675,100.7625,1.050569408262002,79.53184540010889,3.7158314178040968,3.5018962202339368,-0.0008475374329033336,0.011672621564646992,0.015078833342275619,2.818080357142857,583450.0,0.018567389255419404,-0.020546654099905637,0
2020-01-27,107.39,111.93,103.4,103.92,480500,105.66199999999999,104.768,101.1585,1.0445192445518665,69.93927125506076,3.458911451277558,3.493299266442661,-0.020546654099905637,0.013640278811758784,0.016043342209849046,-0.7190879859690149,520550.0,0.08208237105465743,-0.006639722863741371,0
2020-01-28,102.06,104.48,102.05,103.23,395500,105.076,104.902,101.5635,1.0345842748625242,71.20041215868115,3.163160349853314,3.427271483124792,-0.006639722863741371,0.01331226584683141,0.015947644632634747,-0.1768990634755463,533800.0,0.02353966870095909,-0.006490361329070993,0
2020-01-29,106.0,106.0,102.25,102.56,141500,104.4,104.95599999999999,101.875,1.0247852760736196,61.45320197044338,2.8419518191094824,3.31020755032173,-0.006490361329070993,0.013543990095545794,0.01599009782182276,-0.6422250316055627,437400.0,0.03656396255850234,-0.004095163806552282,0
2020-01-30,102.0,102.8,101.51,102.14,468000,103.59,104.73500000000001,102.10350000000001,1.0145587565558476,51.34741442097598,2.5244015250040945,3.153046345258203,-0.004095163806552282,0.011087831692090168,0.01590305818558692,2.3074204946996466,463050.0,0.012629723908360995,0.005776385353436497,1
2020-01-31,104.0,105.0,101.6,102.73,147000,102.91599999999998,104.38699999999999,102.4115,1.0049262045766343,49.007633587786295,2.293905978055392,2.9812182718176414,0.005776385353436497,0.009173636639425563,0.01563308206799625,-0.6858974358974359,447450.0,0.03309646646549212,-0.027839968850384533,0
2020-02-03,101.01,101.98,98.5,99.87,600000,102.10600000000001,103.88400000000001,102.6425,0.9947731202961737,43.20323014804845,1.8590287720066385,2.756780371855441,-0.027839968850384533,0.0118055110900614,0.016721681030187622,3.0816326530612246,501050.0,0.03484529888855516,0.011715229798738402,1
2020-02-04,100.9,101.6,99.9,101.04,569000,101.668,103.372,102.8925,0.9880992297786526,46.918238993710716,1.5904608325438545,2.523516463993124,0.011715229798738402,0.011758815219813713,0.016801351733944862,-0.05166666666666664,545600.0,0.01682501979414082,-0.005344418052256605,0
2020-02-06,102.0,102.0,100.3,100.5,179500,101.256,102.828,103.16749999999999,0.9814718782562339,36.35719347980156,1.3188425229072749,2.2825816757759543,-0.005344418052256605,0.011717830893655018,0.016613070564942545,-0.6845342706502636,513950.0,0.016915422885572167,-0.016815920398009943,0
2020-02-07,100.0,100.0,98.6,98.81,303000,100.59,102.09,103.16600000000001,0.9750305333152395,23.457675753228116,0.9561917957229724,2.0173036997653577,-0.016815920398009943,0.011911518071847576,0.014629620105660915,0.6880222841225627,499450.0,0.014168606416354677,-0.015889080052626348,0
2020-02-10,99.0,101.0,96.75,97.24,770000,99.49199999999999,101.20400000000001,102.9395,0.966509454582546,23.02816901408447,0.5359247952711854,1.7210279188665234,-0.015889080052626348,0.011981943567704567,0.013267281924836966,1.5412541254125411,405400.0,0.04370629370629371,0.011826408885232453,1
2020-02-11,96.5,99.89,96.5,98.39,915500,99.196,100.651,102.7095,0.9657918693012817,22.427253371185287,0.2922862644867905,1.4352795879905769,0.011826408885232453,0.012749359179361987,0.013258249637073645,0.188961038961039,448900.0,0.03445472100823255,0.005285089948165345,1
2020-02-12,99.0,103.4,97.5,98.91,643000,98.77,100.219,102.5605,0.9630413268266047,25.573314801945813,0.13955195957608169,1.176134062307678,0.005285089948165345,0.01316917477935272,0.013201176950965003,-0.2976515565264882,473650.0,0.05965018703872213,-0.0006066120715801926,0
2020-02-13,99.1,101.0,98.66,98.85,292000,98.43999999999998,99.848,102.402,0.9613093494267688,24.1549295774648,0.013511669864541886,0.9436095838190508,-0.0006066120715801926,0.013186265790519375,0.013187797350091434,-0.5458786936236392,488700.0,0.02367223065250383,0.018917551846231673,1
2020-02-14,104.0,104.0,99.02,100.72,577500,98.82199999999999,99.706,102.2205,0.9667532442122665,33.16645807259077,0.06378196516331514,0.7676440600879038,0.018917551846231673,0.014976573897640347,0.012831344724309761,0.9777397260273972,499650.0,0.04944400317712474,-0.008339952343129453,0
2020-02-17,101.99,101.99,99.5,99.88,189000,99.35,99.421,101.904,0.974937195792118,36.20218579234974,0.035432117147678355,0.6212016714998587,-0.008339952343129453,0.01490081329471739,0.01204680084775991,-0.6727272727272727,503850.0,0.024929915899078843,-0.00830997196635963,0
2020-02-18,99.99,99.99,99.0,99.05,228000,99.482,99.339,101.61149999999999,0.979042726463048,35.85926928281462,-0.053393913259426995,0.4862825545480016,-0.00830997196635963,0.01229262594418294,0.011915563081570773,0.20634920634920628,466650.0,0.009994952044421957,0.001009591115598285,1
2020-02-19,100.49,100.49,98.5,99.15,282500,99.53,99.15,101.261,0.9829055608773368,38.001407459535585,-0.11440127140447487,0.36614578935750636,0.001009591115598285,0.01152822120638103,0.011440404153537068,0.23903508771929816,438000.0,0.020070600100857233,-0.0010085728693899343,0
2020-02-20,100.98,100.98,98.4,99.05,70000,99.57,99.00500000000001,100.9165,0.9866572859740478,38.87688984881211,-0.16887254890951908,0.2591421217041013,-0.0010085728693899343,0.011462568383471409,0.011449113548509457,-0.752212389380531,427050.0,0.026047450782433097,0.001009591115598285,1
2020-02-21,99.0,99.25,98.56,99.15,63000,99.256,99.039,100.5645,0.9869884501986288,36.64179104477618,-0.2016477942606656,0.1669841385111479,0.001009591115598285,0.010103083045066748,0.011417957434104158,-0.09999999999999998,403050.0,0.0069591527987896895,-0.03903177004538583,0
2020-02-24,98.9,98.9,95.0,95.28,323000,98.336,98.84299999999999,100.0235,0.983128964693297,34.07356002775856,-0.5337463734473289,0.026838036119452555,-0.03903177004538583,0.01547087625864624,0.013898421064605563,4.126984126984127,358350.0,0.04093198992443331,0.029596977329974683,1
2020-02-25,95.28,100.0,92.55,98.1,608000,98.146,98.814,99.73249999999999,0.9840924472965183,40.84682440846824,-0.5628977232551335,-0.09110911575546467,0.029596977329974683,0.018034170643436317,0.015435534327023957,0.8823529411764706,327600.0,0.0759429153924567,-0.008460754332313969,0
2020-02-26,97.03,98.0,95.5,97.27,890000,97.77000000000001,98.65,99.43449999999999,0.9832603372069053,40.12232415902141,-0.6455331372270194,-0.20199392004977562,-0.008460754332313969,0.018097807343991773,0.015464944434332734,0.4638157894736843,352300.0,0.02570165518659402,-0.02107535725300702,0
2020-02-27,93.15,95.99,91.75,95.22,596500,97.00399999999999,98.287,99.0675,0.9791707674060615,39.257929383602644,-0.866452243475905,-0.3348855847350015,-0.02107535725300702,0.019111830283967953,0.015980681302969334,-0.3297752808988764,382750.0,0.04452846040747737,0.04316320100819149,1
2020-02-28,96.5,100.0,94.99,99.33,680000,97.03999999999999,98.148,98.927,0.9809253287777855,55.42857142857143,-0.7017996658250212,-0.40826840095300543,0.04316320100819149,0.02334961311270373,0.019092071337835113,0.13998323554065384,393000.0,0.050437934158864446,0.01308768750629219,1
2020-03-02,99.2,101.0,99.16,100.63,379500,98.10999999999999,98.22299999999998,98.822,0.9927951265912447,55.773195876288646,-0.46109693785552963,-0.4188341083335103,0.01308768750629219,0.023597821918515654,0.019301950638153813,-0.44191176470588234,412050.0,0.01828480572393922,-0.010633012024247157,0
2020-03-03,100.99,102.0,99.1,99.56,411500,98.402,98.274,98.8065,0.9959061397782535,51.629072681704265,-0.3526136388725263,-0.40559001444131354,-0.010633012024247157,0.023710798125085454,0.018398193118638273,0.08432147562582348,430400.0,0.029128163921253572,-0.029228605865809554,0
2020-03-04,100.48,100.48,96.53,96.65,293500,98.27799999999999,98.024,98.587,0.9968657125178775,45.17543859649125,-0.4957379642975468,-0.4236196044125602,-0.029228605865809554,0.025534258234763855,0.019283227343580643,-0.28675577156743626,431500.0,0.04086911536471808,0.0067252974650799935,1
2020-03-05,97.0,98.37,96.15,97.3,241500,98.69399999999999,97.849,98.42699999999999,1.00271267030388,42.07599629286376,-0.550371119951933,-0.44896990752043475,0.0067252974650799935,0.025692937495835382,0.019363149328737336,-0.1771720613287905,448650.0,0.02281603288797532,-0.029804727646454143,0
2020-03-06,95.5,97.99,93.0,94.4,194000,97.708,97.374,98.2065,0.9949239612449277,38.409475465313044,-0.8182418701660339,-0.5228243000495546,-0.029804727646454143,0.027166145514581387,0.020109478226120886,-0.19668737060041408,461750.0,0.05286016949152537,-0.06790254237288151,0
2020-03-09,88.1,92.99,87.8,87.99,1445500,95.17999999999999,96.64500000000001,97.744,0.9737682108364707,31.07460643394934,-1.5301264537222181,-0.7242847307840874,-0.06790254237288151,0.03228736450764863,0.024803659349362343,6.451030927835052,574000.0,0.058983975451755856,0.030458006591658204,1
2020-03-10,91.0,91.9,87.52,90.67,652000,93.402,95.902,97.35799999999999,0.9593664619240331,36.66666666666666,-1.85664427327508,-0.9507566392822859,0.030458006591658204,0.03239810512523484,0.025786987992134518,-0.5489450017295054,578400.0,0.0483070475350172,-0.006948273960516116,0
2020-03-11,90.5,93.0,89.8,90.04,219500,92.08,95.179,96.9145,0.9501158237415454,36.06557377049181,-2.1415611487279023,-1.1889175411714092,-0.006948273960516116,0.03239596246913131,0.025706171135475145,-0.6633435582822086,511350.0,0.03553976010661931,-0.06497112394491344,0
2020-03-12,88.99,89.0,83.74,84.19,410500,89.458,94.076,96.1815,0.9300957044753929,30.357142857142833,-2.807048032359276,-1.5125436394089826,-0.06497112394491344,0.0371130238823851,0.029025075660305197,0.8701594533029613,492750.0,0.062477728946430756,-0.014728590093835314,0
2020-03-13,80.01,86.0,78.3,82.95,960000,87.168,92.43800000000002,95.29299999999999,0.9147366543187854,32.60930888575457,-3.3953691174566814,-1.8891087350185225,-0.014728590093835314,0.03174795970331577,0.0283757962789304,1.338611449451888,520750.0,0.09282700421940931,-0.07498493068113321,0
2020-03-16,79.01,80.5,76.73,76.73,503000,84.91600000000001,90.048,94.13550000000001,0.9020613902300408,22.4967824967825,-4.313793111564834,-2.374045610327785,-0.07498493068113321,0.03445318284605642,0.0319490443349402,-0.4760416666666667,533100.0,0.04913332464485854,-0.09852730353186501,0
2020-03-17,69.52,72.0,69.13,69.17,3065000,80.616,87.009,92.64150000000001,0.8701931639707906,19.175076788064928,-5.587272957529166,-3.0166910797680613,-0.09852730353186501,0.040687478409890995,0.03724166052802229,5.093439363817097,798450.0,0.041491976290299326,-0.07488795720688157,0
2020-03-18,66.1,67.0,63.99,63.99,1403500,75.40599999999999,83.74300000000001,90.8835,0.8296995604262599,17.942927530281253,-6.934560324509434,-3.800264928716336,-0.07488795720688157,0.04249091007511349,0.03911751264444792,-0.5420880913539967,909450.0,0.04703859978121578,0.053133302078449685,1
2020-03-19,59.2,68.49,59.2,67.39,2924500,72.046,80.75200000000001,89.3005,0.8067815969675423,16.729166666666657,-7.639875950211817,-4.568187133015432,0.053133302078449685,0.049981538386364044,0.04231021837643,1.0837192732454577,1177750.0,0.13785428105060085,-0.037691052084879106,0
2020-03-20,69.0,71.0,64.0,64.85,1229500,68.426,77.797,87.5855,0.7812480376317998,13.667749796913071,-8.308030631885075,-5.316155832789361,-0.037691052084879106,0.0499541317185704,0.04227037073817304,-0.5795862540605232,1281300.0,0.10794140323824211,-0.0749421742482651,0
2020-03-24,59.99,59.99,59.99,59.99,192500,65.078,74.99699999999999,85.821,0.7582992507661296,12.690929662455218,-9.12452754052498,-6.077830174336485,-0.0749421742482651,0.05050484607470933,0.0438484950096433,-0.8434322895485971,1156000.0,0.0,-0.07217869644940833,0
2020-03-25,55.51,59.8,55.5,55.66,833500,62.376,71.49600000000001,83.699,0.7452418786365428,12.359963269054177,-10.005662981305235,-6.863396735730236,-0.07217869644940833,0.04559666000544788,0.04345771342335099,3.3298701298701303,1174150.0,0.0772547610492274,0.0731225296442688,1
2020-03-26,58.0,59.83,56.0,59.73,653500,61.524,68.465,81.822,0.7519249101708587,17.53931225159843,-10.257314247086867,-7.542180238001563,0.0731225296442688,0.058540801625284605,0.048792877917417904,-0.21595680863827238,1217550.0,0.06412188180143978,0.04269211451531896,1
2020-03-27,59.5,64.2,59.1,62.28,828500,60.501999999999995,66.274,80.175,0.7546242594324913,22.079276773296257,-10.13416564623671,-8.060577319648592,0.04269211451531896,0.0629030902340849,0.050956652449749104,0.26778882938026016,1259350.0,0.08188824662813105,0.010597302504816941,1
2020-03-30,60.25,63.5,59.01,62.94,590000,60.120000000000005,64.273,78.35549999999999,0.7672722399831539,25.80645161290323,-9.869543059858557,-8.422370467690586,0.010597302504816941,0.06399268043637514,0.049334911624147826,-0.28786964393482195,1222350.0,0.07133778201461713,0.03415951700031794,1
2020-03-31,63.5,66.98,63.5,65.09,1348500,61.14,63.109,76.5785,0.7983964167488263,25.039032006245137,-9.37823427497699,-8.613543229147867,0.03415951700031794,0.06389724046944799,0.05032482845796324,1.285593220338983,1306900.0,0.05346443386080817,-0.05284990013827018,0
2020-04-01,65.2,66.89,61.26,61.65,2931000,62.338,62.35699999999999,74.683,0.8347013376538167,23.737280296022192,-9.16084722955722,-8.723004029229738,-0.05284990013827018,0.058635254561128176,0.05078013872532716,1.1735261401557286,1293500.0,0.09132197891321983,0.041362530413625365,1
2020-04-02,61.5,64.7,60.26,64.2,2197000,63.23199999999999,62.378,73.0605,0.865474504006953,30.30541871921183,-8.68271382098554,-8.714945987580899,0.041362530413625365,0.05576959458506648,0.05270027052097976,-0.2504264756055954,1372850.0,0.06915887850467296,0.02616822429906529,1
2020-04-03,64.25,67.2,64.25,65.88,1464500,63.952,62.227,71.48949999999999,0.8945649361094987,33.3268216448525,-8.075142474429526,-8.586985284950625,0.02616822429906529,0.05361904071088997,0.05337304829772849,-0.33340919435593996,1226850.0,0.044778384942319414,-0.02018822100789308,0
2020-04-06,66.9,67.7,64.25,64.55,1236000,64.274,62.197,69.997,0.9182393531151335,36.84665226781856,-7.613197488102969,-8.392227725581094,-0.02018822100789308,0.05256191240403963,0.05330377144376286,-0.15602594742232845,1227500.0,0.053446940356312984,0.000929512006196731,1
2020-04-07,64.55,66.0,63.0,64.61,5828000,64.178,62.659000000000006,68.828,0.9324402859301446,44.123711340206185,-7.15972836789723,-8.14572785404432,0.000929512006196731,0.04540330599300681,0.052083304700746,3.715210355987055,1791050.0,0.04643244079863798,-0.017953877108806582,0
2020-04-08,63.6,64.5,62.9,63.45,3786000,64.538,63.438,67.46700000000001,0.9565861828745903,49.223691776883264,-6.815389560124672,-7.879660195260391,-0.017953877108806582,0.03721217906054376,0.05102184413169266,-0.3503774879890186,2086300.0,0.02521670606776992,0.02742316784869958,1
2020-04-09,64.0,66.5,63.61,65.19,3116500,64.736,63.984,66.2245,0.9775234241104123,46.67874396135265,-6.329136767025091,-7.569555509613331,0.02742316784869958,0.03148308998048975,0.05192898473659827,-0.1768357105124142,2332600.0,0.044331952753489806,0.015799969320448026,1
2020-04-10,65.0,66.8,64.55,66.22,482500,64.804,64.378,65.326,0.9920093071671311,52.167035748180965,-5.793877322094943,-7.214419872109654,0.015799969320448026,0.02938634294128508,0.05094640256780098,-0.8451788865714744,2298000.0,0.033977650256720025,-0.0552703110842645,0
2020-04-13,66.1,66.1,62.37,62.56,2104000,64.40599999999999,64.34,64.3065,1.0015472774913887,54.22558368957579,-5.600453229091613,-6.891626543506046,-0.0552703110842645,0.035186563500614346,0.051913455731781265,3.360621761658031,2449400.0,0.059622762148337546,0.02381713554987197,1
2020-04-14,63.84,64.5,63.05,64.05,524500,64.294,64.236,63.6725,1.0097608857827163,65.2158142908959,-5.266226908600771,-6.566546616524992,0.02381713554987197,0.03420797116735159,0.050352431198812816,-0.750712927756654,2367000.0,0.022638563622170225,0.008743169398907069,1
2020-04-15,64.1,66.0,64.1,64.61,1665000,64.526,64.53200000000001,63.44449999999999,1.017046394880565,60.141313383208654,-4.899682333759216,-6.233173759971837,0.008743169398907069,0.028998463859437693,0.045671127469191206,2.1744518589132507,2240400.0,0.029407212505804144,-0.00913171335706553,0
2020-04-16,63.19,65.0,63.16,64.02,1163500,64.292,64.514,63.44599999999999,1.013334173943196,53.93665158371041,-4.603732227159611,-5.907285453409392,-0.00913171335706553,0.026244783956018734,0.042430062473938504,-0.3012012012012012,2137050.0,0.028741018431740137,-0.012027491408934665,0
2020-04-17,61.5,68.0,61.0,63.25,6361500,63.698,64.251,63.239,1.0072581792880977,50.69788383610987,-4.380822802021356,-5.601992923131785,-0.012027491408934665,0.024755843976422397,0.040672454060141035,4.467554791577138,2626750.0,0.11067193675889328,0.025454545454545396,1
2020-04-20,64.5,66.2,63.81,64.86,5934000,64.158,64.28200000000001,63.2395,1.0145241502541924,49.46931241347484,-4.027821710508221,-5.287158680607073,0.025454545454545396,0.02558928703062577,0.04023490071979831,-0.06720113180853571,3096550.0,0.0368485969781067,0.0027752081406107187,1
2020-04-21,64.03,66.3,64.01,65.04,2849000,64.356,64.325,63.492,1.0136080136080137,59.20695274307444,-3.690993827294136,-4.967925709944486,0.0027752081406107187,0.025597153065991595,0.03607393102267364,-0.5198854061341422,2798650.0,0.03520910209102079,0.006611316113161125,1
2020-04-22,65.5,65.75,64.76,65.47,671500,64.52799999999999,64.527,63.9825,1.0085257687648965,53.89809699201964,-3.3507327355760452,-4.644487115070797,0.006611316113161125,0.024744560655700194,0.031214489241569526,-0.7643032643032643,2487200.0,0.015121429662440735,-0.012372078814724352,0
2020-04-23,65.0,65.24,63.5,64.66,1389000,64.65599999999999,64.474,64.229,1.0066480873125845,46.04409857328146,-3.1105768063316646,-4.337705053322971,-0.012372078814724352,0.023630186043222902,0.027554495369899693,1.0685033507073713,2314450.0,0.026909990720692778,-0.007268790596968722,0
2020-04-24,64.7,64.99,63.5,64.19,352500,64.84400000000001,64.271,64.3245,1.0080762384472481,48.76373626373627,-2.92446516027033,-4.055057074712443,-0.007268790596968722,0.022972477692572033,0.026121708705678957,-0.7462203023758099,2301450.0,0.02321233837046261,-0.02570493846393518,0
2020-04-27,64.0,66.85,62.2,62.54,1866500,64.38,64.269,64.30449999999999,1.00117410134594,43.591331269349844,-2.876947885888711,-3.819435236947697,-0.02570493846393518,0.016457554923447727,0.026735148208948133,4.295035460992908,2277700.0,0.07435241445474883,-0.0001598976654940687,0
2020-04-28,62.25,63.5,62.0,62.53,1426000,63.87800000000001,64.11699999999999,64.1765,0.995348764734755,46.93333333333333,-2.8077312420183347,-3.6170944379618244,-0.0001598976654940687,0.014209692529982013,0.02550179936387051,-0.23600321457272966,2367850.0,0.023988485526947066,0.015352630737246242,1
2020-04-29,62.6,63.75,62.25,63.49,1157000,63.48199999999999,64.005,64.26849999999999,0.9877622785657049,44.02250351617441,-2.6449235439202496,-3.42266025915351,0.015352630737246242,0.014916955969110086,0.0227078930441143,-0.18863955119214582,2317050.0,0.023625767837454716,0.03354859032918567,1
2020-04-30,64.01,67.0,64.01,65.62,2147000,63.674,64.16499999999999,64.3395,0.9896564318964244,48.04177545691907,-2.3173115463343237,-3.2015905165896728,0.03354859032918567,0.018267148163418158,0.022047514002013054,0.8556611927398445,2415400.0,0.04556537640963113,-0.006248095092959649,0
2020-05-04,65.0,66.0,64.0,65.21,553500,63.878,64.361,64.30600000000001,0.9933443224582463,60.9776304888152,-2.066933923766058,-2.97465919802495,-0.006248095092959649,0.017838602868437088,0.02130423640547373,-0.7421984163949698,1834600.0,0.030670142616163167,-0.0007667535654040103,0
2020-05-05,66.4,66.4,64.5,65.16,389500,64.402,64.39099999999999,64.33649999999999,1.0010180846020535,55.221072436500464,-1.8512029211981371,-2.7499679426595875,-0.0007667535654040103,0.01604021369426271,0.02078600742940047,-0.2962962962962963,1280150.0,0.029158993247391126,0.009668508287292932,1
2020-05-06,66.0,66.78,64.75,65.79,1368500,65.054,64.466,64.3955,1.010225869820096,55.51401869158881,-1.6108301650984913,-2.522140387147368,0.009668508287292932,0.01629134608695793,0.02088320790456799,2.5134788189987165,1132100.0,0.030855753153974784,-0.011247910016719986,0
2020-05-07,66.0,66.08,65.0,65.05,416000,65.366,64.424,64.4755,1.0138114477592264,54.74654377880184,-1.4631782317999438,-2.3103479560778837,-0.011247910016719986,0.016615935170851952,0.020613021630792476,-0.6960175374497626,1106550.0,0.016602613374327415,-0.00768639508070712,0
2020-05-08,65.4,65.5,64.31,64.55,248500,65.152,64.413,64.4435,1.0109941266380629,56.14366729678637,-1.3707081617591967,-2.1224199972141466,-0.00768639508070712,0.01630777732599305,0.019762081745940033,-0.4026442307692307,992500.0,0.018435321456235443,0.0015491866769947737,1
2020-05-11,64.55,65.2,64.25,64.65,142500,65.04,64.459,64.36500000000001,1.0104870659519924,48.84233737596476,-1.2746622873767421,-1.9528684552466657,0.0015491866769947737,0.01611137009403599,0.01940449269563679,-0.42655935613682094,971500.0,0.014694508894044899,-0.0001546790409899801,0
2020-05-12,64.6,65.1,64.43,64.64,365000,64.936,64.669,64.469,1.0072437915897565,47.75280898876402,-1.1856843255400378,-1.79943162930534,-0.0001546790409899801,0.013198257889142626,0.014617437911436482,1.5614035087719298,821350.0,0.010365099009900796,-0.011138613861386149,0
2020-05-13,64.64,65.0,63.8,63.92,343500,64.56199999999998,64.808,64.4625,1.0015435330618574,41.56692056583248,-1.1598960725279284,-1.671524517949858,-0.011138613861386149,0.013960552866943511,0.013911211914752588,-0.05890410958904113,713100.0,0.01877346683354197,-0.0048498122653316544,0
2020-05-14,63.5,64.0,63.5,63.61,198500,64.274,64.82000000000001,64.4125,0.9978497962352029,43.958573072497174,-1.151202756663423,-1.567460165692571,-0.0048498122653316544,0.013306259926164445,0.013792591758624021,-0.4221251819505094,617250.0,0.007860399308284862,-0.008332023266781952,0
2020-05-15,63.9,64.0,63.0,63.08,369000,63.98,64.566,64.36550000000001,0.9940107666374065,43.657142857142894,-1.1735518367506188,-1.4886784999041809,-0.008332023266781952,0.006535569950137896,0.013767968079535323,0.8589420654911839,439450.0,0.015852885225110972,-0.020133164235890844,0
2020-05-18,63.5,63.5,61.65,61.81,416000,63.412,64.226,64.29350000000001,0.9862894382791416,45.63918757467149,-1.2789985309870175,-1.4467425061207484,-0.020133164235890844,0.00831713045873358,0.014231997434974502,0.12737127371273704,425700.0,0.029930431968937087,-0.020223264843876376,0
2020-05-19,62.0,62.0,60.0,60.56,1798500,62.596000000000004,63.766,64.07849999999999,0.9768643148638001,39.75026014568163,-1.4467530802492945,-1.4467446209464576,-0.020223264843876376,0.009348280865271251,0.013394370509150039,3.3233173076923075,566600.0,0.03302509907529722,-0.01882430647291944,0
2020-05-20,60.0,60.56,59.05,59.42,1419000,61.696000000000005,63.129000000000005,63.7975,0.9670598377679377,29.213483146067503,-1.652637663514625,-1.4879232294600913,-0.01882430647291944,0.007837114748418564,0.013741707891895879,-0.21100917431192656,571650.0,0.025412319084483423,-0.010097610232245091,0
2020-05-21,59.94,60.02,58.5,58.82,635000,60.738,62.50599999999999,63.464999999999996,0.9570314346490192,8.83777239709461,-1.842973018910378,-1.5589331873501486,-0.010097610232245091,0.00782689612081978,0.013542282107547855,-0.5525017618040874,593550.0,0.025841550493029636,0.011560693641618602,1
2020-05-28,59.49,59.7,58.5,59.5,174000,60.022000000000006,62.001,63.206999999999994,0.9496100115493539,16.529894490035318,-1.916848604831138,-1.6305162708463468,0.011560693641618602,0.01039972017722536,0.0139320252503631,-0.7259842519685039,586100.0,0.020168067226890803,0.028403361344537803,1
2020-05-29,59.9,62.1,59.55,61.19,691500,59.898,61.65500000000001,63.057,0.9499024691945382,30.48180924287125,-1.8180690940302497,-1.6680268354831276,0.028403361344537803,0.015415530897868158,0.015673845024068735,2.9741379310344827,641000.0,0.04167347605817951,0.05262297761072077,1
2020-06-01,61.4,64.45,61.39,64.41,3813500,60.668000000000006,61.632000000000005,63.15050000000001,0.9606891473543361,44.592476489028186,-1.463092906433765,-1.627040049673255,0.05262297761072077,0.024030371936303852,0.01895376685796179,4.514822848879248,985850.0,0.0475081509082441,0.014749262536873253,1
2020-06-02,65.4,66.8,64.0,65.36,4178000,61.855999999999995,61.775999999999996,63.291999999999994,0.9773115085634836,51.195065535851974,-1.0925207605227385,-1.5201361918431517,0.014749262536873253,0.024103529634779918,0.019171105620787027,0.09558148682312839,1369300.0,0.042839657282741694,-0.0007649938800489142,0
2020-06-03,65.99,66.75,65.04,65.31,1188500,63.153999999999996,61.94599999999999,63.382999999999996,0.996387043844564,53.035143769968066,-0.7937246831221003,-1.3748538900989415,-0.0007649938800489142,0.02399975543574774,0.0189347263801005,-0.7155337482048827,1468300.0,0.02618282039503895,-0.01577093860052059,0
2020-06-04,65.0,66.4,64.1,64.28,927500,64.11,62.06600000000001,63.315999999999995,1.012540274180302,48.62453531598511,-0.6327451389122345,-1.2264321398616,-0.01577093860052059,0.02449659404851036,0.017725345099034784,-0.2196045435422802,1524150.0,0.035780958307405276,-0.0034225264467953043,0
2020-06-05,64.4,64.4,63.51,64.06,137000,64.684,62.291,63.258500000000005,1.0225345210525068,47.8770131771596,-0.516960651124883,-1.0845378421142566,-0.0034225264467953043,0.02335062120924842,0.01769157102087953,-0.8522911051212938,1496250.0,0.013893225101467494,-0.014673743365594794,0
2020-06-08,64.1,64.49,62.7,63.12,770000,64.426,62.547000000000004,63.15650000000001,1.0201008605606705,47.11815561959652,-0.49534077435559,-0.9666984285625233,-0.014673743365594794,0.022774468147544493,0.017963762111963974,4.62043795620438,1393400.0,0.028358681875792015,0.021070975918884738,1
2020-06-09,63.2,64.55,62.85,64.45,482000,64.244,63.05,63.0895,1.0182994000586467,52.81879194630873,-0.36666034925877966,-0.8466908127017746,0.021070975918884738,0.021728668453286436,0.018507528658797588,-0.37402597402597404,1299700.0,0.026377036462373864,0.06625290923196259,1
2020-06-10,64.85,69.0,64.5,68.72,2620000,64.926,64.04,63.273,1.0261248873927267,65.12875536480686,0.07896289375733545,-0.6615600714099527,0.06625290923196259,0.027235593289794104,0.023625617351318427,4.435684647302905,1498200.0,0.06548311990686845,0.04059953434225849,1
2020-06-11,69.65,71.89,69.65,71.51,1890000,66.372,65.24100000000001,63.621,1.043240439477531,74.05753968253968,0.649762153741392,-0.39929562637968374,0.04059953434225849,0.028238940035434743,0.0249077377111504,-0.27862595419847325,1669800.0,0.03132429030904761,-0.02069640609704937,0
2020-06-12,70.0,70.75,68.65,70.03,625500,67.566,66.125,63.89,1.0575363906714665,73.22216772927904,0.9715021761933826,-0.12513606586507045,-0.02069640609704937,0.030576095506947967,0.02557744110543524,-0.6690476190476191,1663200.0,0.029987148364986352,-0.014565186348707626,0
2020-06-15,68.02,71.0,68.0,69.01,802500,68.744,66.58500000000001,64.1085,1.072307104362136,73.65564874198323,1.1311389211207938,0.1261189315321024,-0.014565186348707626,0.028453561247232535,0.025910603710142154,0.2829736211031175,1362100.0,0.0434719605854224,-0.0059411679466745415,0
2020-06-16,70.0,70.0,68.0,68.6,265500,69.574,66.909,64.3425,1.0813070676458016,74.35258964143422,1.210613420182213,0.34301782926212454,-0.0059411679466745415,0.02860178504591319,0.025780863791170686,-0.6691588785046729,970850.0,0.02915451895043732,0.008163265306122547,1
2020-06-17,68.6,71.75,68.5,69.16,1063000,69.66199999999999,67.29400000000001,64.62,1.078025379139585,74.19839679358714,1.3037559659405105,0.5351654565978017,0.008163265306122547,0.028533857910536743,0.025713914355169905,3.003766478342749,958300.0,0.04699248120300752,-0.03311162521688826,0
2020-06-18,69.5,69.97,66.5,66.87,995500,68.734,67.553,64.8095,1.060554394031739,63.81322957198444,1.1791952144298676,0.663971408164215,-0.03311162521688826,0.030471901545777204,0.026932780992344703,-0.06349952963311378,965100.0,0.05189173022282038,-0.02661881262150445,0
2020-06-19,67.0,67.0,64.0,65.09,569500,67.74600000000001,67.656,64.9735,1.0426712428913327,51.77824267782428,0.9261724579536832,0.7164116181221086,-0.02661881262150445,0.031976547166969606,0.027266248665480667,-0.4279256654947262,1008350.0,0.046090029190351815,0.01843601167614084,1
2020-06-22,65.2,66.61,65.01,66.29,482000,67.20200000000001,67.973,65.26,1.0297578915108796,52.4006195147135,0.813107079427283,0.7357507103831435,0.01843601167614084,0.03176619876642369,0.02690599544768931,-0.15364354697102722,979550.0,0.024136370493286985,0.040579272891838825,1
2020-06-23,66.84,69.18,66.0,68.98,1007000,67.27799999999999,68.426,65.738,1.0234263287596215,58.337119491140385,0.9298438104458882,0.7745693303956925,0.040579272891838825,0.03339555606582644,0.027426629628764434,1.0892116182572615,1032050.0,0.04610031893302416,-0.008263264714410079,0
2020-06-24,69.0,69.0,68.0,68.41,371500,67.12800000000001,68.395,66.2175,1.0137501415788879,59.58236658932712,0.965237616110656,0.8127029875386853,-0.008263264714410079,0.026353008753582676,0.027366492972667036,-0.6310824230387289,807200.0,0.014617745943575502,0.001461774594357701,1
2020-06-25,68.5,68.75,67.5,68.51,509500,67.45599999999999,68.095,66.668,1.0118197636047277,60.382641157256174,0.9899451548382103,0.8481514209985904,0.001461774594357701,0.022210771592133336,0.027389145087960975,0.3714670255720054,669150.0,0.01824551160414538,-0.021602685739308236,0
2020-06-26,67.56,67.56,66.51,67.03,265500,67.84400000000001,67.795,66.96000000000001,1.0132019115890083,58.898497951752375,0.8799588087718888,0.8545128985532502,-0.021602685739308236,0.022287931471402882,0.027654521063047808,-0.47890088321884206,633150.0,0.01566462777860655,0.009846337460838406,1
2020-06-29,66.07,68.0,66.07,67.69,163500,68.124,67.663,67.124,1.01489780108456,57.605633802816875,0.8364087221527257,0.8508920632731453,0.009846337460838406,0.022356735558360413,0.025327672026555125,-0.384180790960452,569250.0,0.028512335647806277,0.0171369478504948,1
2020-06-30,67.6,69.75,67.6,68.85,750000,68.09799999999998,67.688,67.2985,1.0118799081703156,50.35733919736117,0.8852921731245829,0.8577720852434328,0.0171369478504948,0.023051224812691673,0.025392571985317632,3.5871559633027523,617700.0,0.031227305737109745,0.0010167029774874603,1
2020-07-01,69.25,69.25,68.3,68.92,75500,68.2,67.664,67.47900000000001,1.010684805643237,41.6289592760181,0.9190864190640724,0.8700349520075608,0.0010167029774874603,0.022901074502369955,0.025382139206790853,-0.8993333333333333,518950.0,0.013784097504352914,-0.016976204294834596,0
2020-07-02,69.3,69.38,67.56,67.75,755000,68.048,67.752,67.6525,1.005846051513248,42.48021108179421,0.8417561397395872,0.8643791895539661,-0.016976204294834596,0.020788676763821325,0.0254304235775507,9.0,494900.0,0.026863468634686246,-0.0026568265682658243,0
2020-07-03,67.75,68.5,67.5,67.57,200500,68.15599999999999,68.0,67.828,1.004835761042637,44.972067039106115,0.7572181016393102,0.842946971971035,-0.0026568265682658243,0.018434986600042717,0.025420923928870093,-0.7344370860927152,458000.0,0.014799467219180112,0.0007399733609592118,1
2020-07-06,67.7,68.0,67.2,67.62,1090500,68.142,68.13300000000001,68.053,1.0013078042114234,46.48997134670492,0.6863439338782484,0.8116263643524777,0.0007399733609592118,0.017719844825297718,0.025089258757032645,4.438902743142145,518850.0,0.01183081928423539,0.01715468796214137,1
2020-07-07,67.9,69.75,67.51,68.78,830000,68.128,68.113,68.2695,0.9979273321175636,48.69505494505496,0.7155297690070199,0.7924070452833862,0.01715468796214137,0.012988779140533969,0.02496186509087758,-0.238881247134342,501150.0,0.03256760686245994,0.01599302122710089,1
2020-07-08,69.4,70.25,69.0,69.88,592500,68.32000000000001,68.26,68.3275,0.9998902345322163,61.25654450261774,0.8179912663984226,0.7975238895063936,0.01599302122710089,0.013570507200463303,0.020436610117382938,-0.286144578313253,523250.0,0.01788780767029193,0.04307384087006305,1
2020-07-09,69.75,74.7,69.75,72.89,1973500,69.348,68.69800000000001,68.3965,1.0139115305607742,76.71232876712321,1.1290594906634936,0.8638310097378137,0.04307384087006305,0.018718532045715792,0.020694586672764633,2.330801687763713,669650.0,0.06791055014405271,0.009191933049801149,1
2020-07-10,72.89,74.1,71.5,73.56,638500,70.546,69.351,68.57300000000001,1.0287722573024367,75.8351101634683,1.4133544300089085,0.9737356937920327,0.009191933049801149,0.01593024172047151,0.020104054245557314,-0.6764631365594123,706950.0,0.03534529635671553,0.040239260467645366,1
2020-07-13,73.25,77.7,73.25,76.52,1635000,72.326,70.23400000000001,68.9485,1.0489858372553427,76.29009762900968,1.856111383285139,1.150210831690654,0.040239260467645366,0.018676419546622473,0.021331201010372086,1.5606891151135476,854100.0,0.05815473078933616,0.0,0
2020-07-14,76.98,77.8,76.0,76.52,552500,73.874,71.001,69.34450000000001,1.065318806826785,79.44807552650684,2.1818484676663985,1.3565383588858029,0.0,0.018986433788382596,0.021206053449670723,-0.6620795107033639,834350.0,0.023523261892315697,-0.023784631468896977,0
2020-07-15,76.7,77.5,74.29,74.7,433500,74.83800000000001,71.579,69.6215,1.0749265672242054,69.98063266623626,2.267006029872036,1.5386318930830496,-0.023784631468896977,0.021812651925485163,0.022190387136095686,-0.2153846153846154,870150.0,0.04297188755020072,0.019812583668005423,1
2020-07-16,74.81,76.5,74.75,76.18,693000,75.49600000000001,72.422,70.08699999999999,1.0771755104370286,79.53518398967076,2.425952769151408,1.7160960682967215,0.019812583668005423,0.02011252010715571,0.020620311406052305,0.5986159169550174,863950.0,0.022971908637437647,-0.009320031504331916,0
2020-07-17,76.58,76.6,75.25,75.47,370000,75.878,73.212,70.606,1.0746678752513952,75.03217503217499,2.466199328197632,1.8661167202769038,-0.009320031504331916,0.020751406433636103,0.019478644418863936,-0.4660894660894661,880900.0,0.017887902477805674,-0.004902610308731958,0
2020-07-20,76.0,76.2,74.65,75.1,1047500,75.59400000000001,73.96,71.04650000000001,1.0640073754512889,71.18644067796606,2.440111027413934,1.98091558170431,-0.004902610308731958,0.021143761715063172,0.019494640849217256,1.8310810810810811,876600.0,0.02063914780292939,-0.0042609853528627895,0
2020-07-21,75.02,75.6,74.5,74.78,486000,75.24600000000001,74.56,71.3365,1.054803641894402,69.5333333333333,2.366336876914872,2.0579998407464224,-0.0042609853528627895,0.02150399141674345,0.01787235359296664,-0.5360381861575179,842200.0,0.014709815458678714,-0.011099224391548534,0
2020-07-22,74.6,75.0,73.55,73.95,480000,75.09599999999999,74.967,71.6135,1.0486290992620104,71.14597544338335,2.2153589883253915,2.0894716702622165,-0.011099224391548534,0.02216611067108318,0.017987279412677065,-0.012345679012345734,830950.0,0.01960784313725494,-0.00013522650439490302,0
2020-07-23,74.5,75.73,73.81,73.94,761500,74.648,75.072,71.88499999999999,1.0384363914585797,71.98067632850241,2.071027491700306,2.0857828345498346,-0.00013522650439490302,0.01791778880317555,0.01800292678150927,0.5864583333333333,709750.0,0.02596700027048961,0.019475250202867223,1
2020-07-24,73.94,77.0,72.61,75.38,932500,74.63,75.25399999999999,72.3025,1.0321911413851528,74.43324937027705,2.049217601276652,2.078469787895198,0.019475250202867223,0.018682342817210016,0.017259334788902677,0.22455679579776766,739150.0,0.05823825948527462,0.06686123640222874,1
2020-07-27,75.5,81.03,75.5,80.42,2289500,75.69399999999999,75.64399999999999,72.939,1.0377712883368293,79.45344129554655,2.410828455203685,2.1449415213568956,0.06686123640222874,0.025348809262042114,0.02198499822837456,1.4552278820375335,804600.0,0.0687639890574484,0.06329271325540908,1
2020-07-28,81.89,86.44,80.5,85.51,2155000,77.84,76.54299999999999,73.772,1.055142872634604,82.90526315789474,3.072707859788082,2.330494789043133,0.06329271325540908,0.03113055621492909,0.025099483382751676,-0.058746451190216153,964850.0,0.0694655595836744,-0.018477371067711412,0
2020-07-29,87.0,88.5,83.47,83.93,1984000,79.836,77.46600000000001,74.5225,1.0713006139085512,74.73118279569893,3.430217845034676,2.5504394002414417,-0.018477371067711412,0.030499231041578242,0.02588149963746708,-0.07935034802784224,1119900.0,0.05993089479328012,0.00917431192660545,1
2020-07-30,84.4,85.3,84.25,84.7,507500,81.98800000000001,78.31800000000001,75.36999999999999,1.0878068196895319,74.84388938447815,3.732651960597849,2.7868819123127233,0.00917431192660545,0.030386602279633357,0.025083988375624856,-0.744203629032258,1101350.0,0.012396694214875999,-0.008028335301062617,0
2020-08-03,84.71,85.4,83.85,84.02,2404000,83.71600000000001,79.173,76.1925,1.0987433146307053,68.6196623634558,3.8728194077131803,3.0040694113928152,-0.008028335301062617,0.030292940711483016,0.025271806882271406,3.736945812807882,1304750.0,0.018447988574149147,-0.03356343727683875,0
2020-08-04,83.85,85.55,80.01,81.2,1568500,83.872,79.783,76.8715,1.0910675607995162,60.19163763066203,3.7135452490974075,3.145964578933734,-0.03356343727683875,0.03320092480570835,0.027119199744103744,-0.34754575707154745,1356850.0,0.06822660098522157,0.0009852216748769127,1
2020-08-05,82.35,83.5,79.51,81.28,1440000,83.026,80.43299999999999,77.4965,1.0713516094275226,65.5042412818096,3.5528199652919312,3.2273356562053737,0.0009852216748769127,0.03302093163509548,0.02712110317340599,-0.08192540643927315,1452250.0,0.04908956692913379,0.011687992125984259,1
2020-08-06,81.7,82.75,81.0,82.23,745500,82.686,81.261,78.114,1.058529841001613,64.62058965683903,3.4621910966090894,3.2743067442861173,0.011687992125984259,0.03226911489471613,0.02707744340217839,-0.4822916666666667,1478800.0,0.021281770643317523,0.03514532409096427,1
2020-08-07,82.25,87.2,81.25,85.12,2744000,82.77000000000001,82.37899999999999,78.7255,1.0513747134029001,71.09750765194579,3.582271714061463,3.3358997382411864,0.03514532409096427,0.03282481409922308,0.0265986020993919,2.68075117370892,1677050.0,0.06990131578947371,-0.007871240601503793,0
2020-08-10,86.0,86.0,84.11,84.45,875500,82.856,83.286,79.27000000000001,1.0452377948782638,70.17695295640917,3.5820810671758636,3.385136004028122,-0.007871240601503793,0.03351060417156028,0.026834835240602754,-0.6809402332361516,1671350.0,0.02238010657193606,0.01740674955595023,1
2020-08-11,85.15,86.2,84.44,85.92,415000,83.8,83.836,79.74,1.0509154752947079,72.90296052631578,3.6583752205597904,3.4397838473344557,0.01740674955595023,0.027635924921134748,0.025824700861837857,-0.5259851513420902,1483900.0,0.020484171322160207,-0.009776536312849249,0
2020-08-12,86.2,87.8,85.0,85.08,527500,84.56000000000002,83.793,80.168,1.0547849516016368,72.87299630086311,3.6094504094439515,3.4737171597563554,-0.009776536312849249,0.019575338556997692,0.026038284645633403,0.27108433734939763,1321150.0,0.0329102021626704,0.008697696285848489,1
2020-08-13,86.0,86.46,83.51,85.82,576500,85.27799999999999,83.982,80.724,1.0564144492344283,73.70311252992816,3.5890170057555366,3.4967771289561917,0.008697696285848489,0.01864034707730032,0.02510317400301674,0.09289099526066358,1180400.0,0.03437427173153098,0.017012351433232542,1
2020-08-17,86.99,87.85,86.06,87.28,1151000,85.71000000000001,84.24,81.27900000000001,1.054515926623113,73.72408293460924,3.648574686560849,3.5271366404771234,0.017012351433232542,0.019116228930442097,0.025037171978066916,0.9965307892454467,1244750.0,0.020508707607699267,-0.01294683776351968,0
2020-08-18,89.35,90.1,85.3,86.15,3478500,86.05,84.453,81.81300000000002,1.051788835515138,63.533301842229584,3.5635150383421035,3.53441232005012,-0.01294683776351968,0.01949586369346911,0.025175228442972843,2.022154648132059,1352200.0,0.055716773070226315,0.013929193267556483,1
2020-08-19,86.19,88.8,86.19,87.35,2756500,86.336,85.06800000000001,82.4255,1.0474428423242808,55.32407407407405,3.551989501551418,3.5379277563503795,0.013929193267556483,0.014938454086014024,0.025061137381490146,-0.20756073019979882,1471000.0,0.029879793932455635,-0.004235832856325006,0
2020-08-20,87.5,88.2,86.61,86.98,1305500,86.71600000000001,85.638,83.0355,1.0443244154608573,59.48973242065962,3.472965340230516,3.524935273126407,-0.004235832856325006,0.015276037245983044,0.02506049691649563,-0.5263921639760566,1457550.0,0.018280064382616732,-0.011841802713267402,0
2020-08-21,86.1,86.95,84.9,85.95,869500,86.74199999999999,86.01,83.63550000000001,1.0371433183277434,53.82731169626455,3.289308628765653,3.4778099442542563,-0.011841802713267402,0.01623922183002354,0.025090622781603338,-0.3339716583684412,1469950.0,0.023851076207097116,-0.00034904013961611913,0
2020-08-24,86.0,88.0,83.0,85.92,1510500,86.47,86.09,84.2345,1.0265390071763945,56.058673469387784,3.105539881848543,3.4033559317731137,-0.00034904013961611913,0.012181443151596796,0.025094244833121216,0.7372052903967798,1346600.0,0.05819366852886406,0.0050046554934821685,1
2020-08-25,86.99,86.99,85.5,86.35,643000,86.51,86.28,84.783,1.0203696495759764,69.37547027840482,2.9604727452969684,3.314779294477885,0.0050046554934821685,0.011814228209897842,0.0249489687158475,-0.5743131413439259,1323350.0,0.017255356108859237,0.013781123335263601,1
2020-08-26,86.02,88.0,86.02,87.54,1066000,86.548,86.44200000000001,85.139,1.0165494074395989,71.73611111111114,2.9080073506164297,3.2334249057055944,0.013781123335263601,0.011345090019406354,0.020723105450048913,0.6578538102643856,1388450.0,0.022618231665524374,0.014621887137308498,1
2020-08-27,88.5,89.49,87.61,88.82,1507000,86.916,86.816,85.30449999999999,1.018891148767064,72.36931432450781,2.935870561614692,3.1739140368874144,0.014621887137308498,0.011170568702696929,0.015698115418408275,0.41369606003752346,1486400.0,0.02116640396307133,0.021954514748930398,1
2020-08-28,88.95,93.01,88.95,90.77,1330500,87.88,87.31099999999999,85.6465,1.0260781234492944,70.48585931834663,3.0797990538598725,3.1550910402819063,0.021954514748930398,0.012454436380809822,0.015522257571417012,-0.11712010617120105,1561800.0,0.04472843450479236,-0.0066101134736146205,0
2020-08-31,91.0,92.4,90.0,90.17,768500,88.72999999999999,87.6,85.92,1.0327048417132214,70.84548104956272,3.109602869107718,3.1459934060470687,-0.0066101134736146205,0.012308329026603969,0.01564819893538356,-0.4223975948891394,1523550.0,0.026616391260951597,0.006986802705999828,1
2020-09-01,90.98,91.0,90.01,90.8,321000,89.62,88.065,86.259,1.0389640501281026,68.94409937888202,3.1477727771325874,3.1463492802641726,0.006986802705999828,0.01091444273393582,0.015437379946983845,-0.5823031880286271,1207800.0,0.010903083700440472,-0.004845814977973539,0
2020-09-02,91.2,91.43,90.25,90.36,727000,90.184,88.366,86.71700000000001,1.039980626636069,71.15384615384622,3.106706206187596,3.138420665448858,-0.004845814977973539,0.010884527468280539,0.012883872428062928,1.264797507788162,1004850.0,0.013058875608676482,0.004980079681274896,1
2020-09-03,90.37,91.6,90.12,90.81,516500,90.582,88.749,87.1935,1.0388618417657278,70.46759639048409,3.075024918909463,3.125741516140979,0.004980079681274896,0.010546691033341583,0.01284212473892821,-0.2895460797799174,925950.0,0.016297764563373965,0.0006607201850017397,1
2020-09-04,90.81,92.1,90.3,90.87,2499500,90.602,89.24100000000001,87.6255,1.0339684224341088,66.6357738646896,3.0199467033051235,3.104582553573808,0.0006607201850017397,0.009045830266331515,0.01280530779989632,3.839303000968054,1088950.0,0.019808517662594883,0.02090899086607223,1
2020-09-07,91.1,93.0,91.1,92.77,898500,91.122,89.926,88.008,1.0353831469866377,78.63321799307964,3.0939458597027993,3.1024552147996065,0.02090899086607223,0.009941167951104106,0.011360572897974005,-0.6405281056211243,1027750.0,0.02048075886601278,0.009701412094427209,1
2020-09-08,93.49,94.5,92.4,93.67,2174000,91.696,90.658,88.46900000000001,1.0364760537589437,78.0639431616342,3.188458636257053,3.1196558990910956,0.009701412094427209,0.009908246904585269,0.011038704863396991,1.4195882025598219,1180850.0,0.02241913099177959,-0.09597523219814241,0
2020-09-09,85.98,86.15,83.0,84.68,1368500,90.55999999999999,90.372,88.40700000000001,1.0243532751931406,44.21529175050302,2.5090203998108933,2.9975287992350554,-0.09597523219814241,0.03416188416341199,0.024890973062329177,-0.3705151793928243,1211100.0,0.03719886632026459,0.001180916391119391,1
2020-09-10,85.0,86.5,84.5,84.78,1201500,89.35400000000001,89.968,88.392,1.01088333785863,46.91292875989445,1.9560813780959734,2.789239315007239,0.001180916391119391,0.033662704028346147,0.02479452543782257,-0.12203142126415789,1180550.0,0.02359046945034206,0.003656522764803105,1
2020-09-11,85.04,85.7,84.5,85.09,642000,88.19800000000001,89.4,88.35549999999999,0.9982174284566327,47.84191367654706,1.5253048638965652,2.5364524247851046,0.003656522764803105,0.032568273231373346,0.024728387174682287,-0.4656679151061174,1111700.0,0.014102714772593757,-0.0016453167234692367,0
2020-09-14,85.0,85.65,84.3,84.95,325000,86.634,88.878,88.239,0.9818107639479141,46.30411826821543,1.1592514141517825,2.26101222265844,-0.0016453167234692367,0.03259467944126792,0.02439771950606001,-0.4937694704049844,1067350.0,0.015891701000588683,-0.015185403178340273,0
2020-09-15,84.85,85.2,82.9,83.66,728500,84.63199999999999,88.164,88.1145,0.9604775604469183,39.81092436974785,0.7563405755864636,1.960077893244045,-0.015185403178340273,0.032409095440380266,0.024460205406120768,1.2415384615384615,1108100.0,0.027492230456610055,-0.011953143676787015,0
2020-09-16,83.5,84.15,82.51,82.66,798000,84.22800000000001,87.394,87.88,0.9584433318161131,33.58208955223881,0.3522783450798954,1.6385179836112151,-0.011953143676787015,0.032418543484580835,0.02430370305879202,0.09540150995195606,1115200.0,0.01984030970239536,-0.0037503024437455235,0
2020-09-17,83.0,83.0,82.25,82.35,426000,83.74199999999999,86.548,87.6485,0.9554299274944807,25.408878504672884,0.006961459696341876,1.3122066788282405,-0.0037503024437455235,0.032135484481417086,0.024302078505360574,-0.46616541353383456,1106150.0,0.009107468123861567,0.029751062537947792,1
2020-09-18,82.85,85.0,82.5,84.8,714500,83.684,85.941,87.591,0.9553949606694752,35.846072746441735,-0.06822369505938752,1.036120604050715,0.029751062537947792,0.03437030860910849,0.02521722768128677,0.6772300469483568,927650.0,0.0294811320754717,-0.01580188679245287,0
2020-09-21,84.5,84.8,83.06,83.46,662500,83.386,85.00999999999999,87.468,0.9533315040929253,31.35162601626017,-0.23324655197559707,0.7822471728454525,-0.01580188679245287,0.033073606700350124,0.02545262879410365,-0.072778166550035,904050.0,0.020848310567936675,-0.024442846872753332,0
2020-09-22,82.76,83.0,81.08,81.42,408500,82.938,83.785,87.22149999999999,0.9508894022689361,28.99436090225565,-0.5226149264600934,0.5212747529843433,-0.024442846872753332,0.03257212909807139,0.025926465077171473,-0.3833962264150943,727500.0,0.023581429624170987,-0.0077376565954310195,0
2020-09-23,82.0,82.5,80.6,80.79,539500,82.564,83.396,86.884,0.9502785322959347,26.654240447343895,-0.7936287249711853,0.25829405739323763,-0.0077376565954310195,0.014855681638787737,0.02565591718636463,0.32068543451652376,644600.0,0.02351776209926978,-0.007302884020299549,0
2020-09-24,80.8,81.0,79.97,80.2,589000,82.134,82.938,86.453,0.9500422194718517,25.738972260118217,-1.0439827981639525,-0.002161313718200386,-0.007302884020299549,0.014731043062723919,0.025298791411441077,0.09175162187210373,583350.0,0.012842892768079815,0.0023690773067330806,1
2020-09-25,80.2,81.0,80.0,80.39,747000,81.252,82.46799999999999,85.934,0.9455163264831149,19.477317554240642,-1.21307521678321,-0.2443440943312023,0.0023690773067330806,0.014648089846272801,0.02457855193100503,0.26825127334465204,593850.0,0.012439358129120536,-0.01791267570593358,0
2020-09-28,80.37,81.39,78.01,78.95,944500,80.35,81.86800000000001,85.373,0.9411640682651422,14.649375600384232,-1.4466026078178658,-0.48479579702853504,-0.01791267570593358,0.015061270822775407,0.024728781858942263,0.26439089692101736,655800.0,0.04281190626979095,0.01925269157694731,1
2020-09-29,79.01,81.0,79.0,80.47,1499500,80.16,81.549,84.85650000000001,0.9446536211132911,34.23220973782769,-1.4918266024140507,-0.6862019581056382,0.01925269157694731,0.016861287886801295,0.02522327383223816,0.5876124933827422,732900.0,0.024853982850751834,0.021622965080154044,1
2020-09-30,80.12,83.48,80.12,82.21,1738000,80.44399999999999,81.50399999999999,84.44899999999998,0.9525749268789447,41.427618412274825,-1.3714542152467857,-0.8232524095338677,0.021622965080154044,0.018326299753403805,0.02595449963828523,0.15905301767255753,826900.0,0.040870940274905725,-0.02797713173579852,0
2020-10-01,82.01,82.5,79.5,79.91,1627500,80.386,81.26,83.904,0.9580711289092296,34.746760895170766,-1.4449920405117922,-0.9476003357294527,-0.02797713173579852,0.020312802407562433,0.02637174935741946,-0.06357882623705413,947050.0,0.03754223501439119,-0.011262670504317285,0
2020-10-02,80.0,81.35,79.0,79.01,1342500,80.11,80.681,83.311,0.9615777028243568,33.25817361894023,-1.5579348718104455,-1.0696672429456513,-0.011262670504317285,0.016851809442936943,0.026347320410360982,-0.1751152073732719,1009850.0,0.029743070497405318,-0.00582204784204543,0
2020-10-05,78.9,79.8,76.25,78.55,1027500,80.03,80.19000000000001,82.6,0.9688861985472156,34.89059727971613,-1.6653637581919014,-1.1888065459949013,-0.00582204784204543,0.016560311542920463,0.025542773036478623,-0.23463687150837986,1046350.0,0.045194143857415624,-0.011330362826225349,0
2020-10-06,78.55,78.75,77.12,77.66,809010,79.46799999999999,79.814,81.7995,0.971497380790836,35.119047619047606,-1.8015503357478195,-1.311355303945485,-0.011330362826225349,0.015409997743693579,0.025208056625810323,-0.21264233576642333,1086401.0,0.020988926088076173,0.010687612670615465,1
2020-10-07,78.5,78.99,78.01,78.49,688656,78.724,79.584,81.49,0.9660571849306665,38.85681293302539,-1.8215079069298383,-1.4133858245423556,0.010687612670615465,0.01608139193508316,0.015096845111732527,-0.14876701153261396,1101316.6,0.012485666963944321,0.02127659574468077,1
2020-10-08,78.2,80.98,78.2,80.16,654794,78.774,79.58,81.25899999999999,0.9694187720744781,35.97339782345827,-1.6831668825632846,-1.4673420361465415,0.02127659574468077,0.0176489631414192,0.01607449476209164,-0.04917113914639526,1107896.0,0.034680638722554905,0.021706586826347518,1
2020-10-09,80.5,82.3,79.6,81.9,575074,79.352,79.731,81.0995,0.9784523948976257,45.39551357733179,-1.4167952323323618,-1.4572326753837055,0.021706586826347518,0.018938632260160345,0.016932521949090777,-0.12174821394209479,1090703.4,0.032967032967033,-0.015506715506715674,0
2020-10-12,81.6,82.5,80.1,80.63,942428,79.768,79.89899999999999,80.8835,0.9862085592240692,47.557204700061824,-1.2932642216690056,-1.4244389846407657,-0.015506715506715674,0.018670599163914465,0.01720845959030858,0.6387943116885826,1090496.2,0.029765595932035295,-0.01426268138410014,0
2020-10-13,80.99,81.8,79.05,79.48,722646,80.132,79.8,80.6745,0.9932754463926025,46.07549430796884,-1.2734805042356783,-1.394247288559748,-0.01426268138410014,0.018286483843815825,0.017173765751892462,-0.23320826630787705,1012810.8,0.03459989934574736,-0.00012581781580278673,0
2020-10-14,79.5,79.99,78.01,79.47,807184,80.328,79.526,80.515,0.9976774514065703,47.734326505276215,-1.2442655631783879,-1.3642509434834762,-0.00012581781580278673,0.01649056692673083,0.01703125654806091,0.11698397278888972,919729.2,0.024915062287655592,0.01321253303133263,1
2020-10-15,80.39,81.5,79.32,80.52,1212256,80.4,79.587,80.42349999999999,0.9997077968504232,50.38302887448437,-1.123436016046,-1.316087957995981,0.01321253303133263,0.014675509036494807,0.017349899448612958,0.5018335348569842,878204.8,0.027074018877297653,0.040859413810233614,1
2020-10-16,80.84,84.25,79.35,83.81,1644209,80.782,80.06700000000001,80.374,1.0050762684450196,62.911795961742826,-0.7535161598477487,-1.2035735983663347,0.040859413810233614,0.018618804737170827,0.018523579173293118,0.35632160203785346,908375.7,0.058465576900131315,0.023982818279441487,1
2020-10-19,83.81,87.2,83.1,85.82,984865,81.82000000000001,80.794,80.49199999999999,1.016498534015803,63.85292594510614,-0.29476395160297386,-1.0218116690136627,0.023982818279441487,0.018887336645728826,0.018917382958044786,-0.4010098472882705,904112.2,0.04777441155907724,0.06059193661151241,1
2020-10-20,86.5,92.18,86.25,91.02,3101159,84.128,82.13,80.97200000000001,1.0389764362989675,69.34563021519543,0.4828312423392589,-0.7208830867430784,0.06059193661151241,0.023415365188509056,0.022059510211106338,2.148816335233763,1133327.1,0.06515051637002864,0.02395078004834117,1
2020-10-21,92.25,94.5,90.39,93.2,4107942,86.874,83.601,81.5925,1.0647302141740969,79.33774834437085,1.2604590297032416,-0.32461466345381446,0.02395078004834117,0.023441394532184596,0.0221724978827062,0.324647333464682,1475255.7,0.044098712446351926,-0.02714592274678118,0
2020-10-22,92.51,94.5,90.0,90.67,6066650,88.90400000000001,84.652,82.11600000000001,1.0826635491256271,74.01153212520589,1.6535240023707019,0.07101306971108884,-0.02714592274678118,0.027277688788812246,0.0232812915012853,0.47681004259553816,2016441.3,0.04963052828940112,0.0041910223888828035,1
2020-10-23,91.49,91.49,90.0,91.05,554999,90.352,85.56700000000001,82.649,1.0932013696475458,75.82644628099172,1.9729507017270436,0.4514005961142798,0.0041910223888828035,0.027199216537770455,0.023268215266173314,-0.9085163970230687,2014433.8,0.01636463481603509,0.0024162548050521426,1
2020-10-26,91.05,93.8,90.5,91.27,1816322,91.442,86.631,83.265,1.0982045277127244,78.92052698682531,2.2182798741375223,0.8047764517189283,0.0024162548050521426,0.025815657260928247,0.02257950219116923,2.2726581489336017,2101823.2,0.036156458858332394,-0.022132135422373134,0
2020-10-27,91.31,92.0,89.0,89.25,1243259,91.088,87.608,83.704,1.0882156169358692,71.76375404530745,2.2240701958364752,1.0886352005424378,-0.022132135422373134,0.0268311326542425,0.023331097860498532,-0.31550738250156085,2153884.5,0.03361344537815126,-0.0015686274509804088,0
2020-10-28,89.99,90.02,88.9,89.11,626424,90.27000000000001,88.572,84.049,1.0740163476067532,69.29711082363087,2.192093152200755,1.3093267908741013,-0.0015686274509804088,0.02690723504775247,0.023059546427961587,-0.4961436032234635,2135808.5,0.012568735271013246,-0.021770845023005303,0
2020-10-29,89.4,89.4,85.0,87.17,1777691,89.57,89.237,84.412,1.0611050561531534,61.26549807610088,1.9873009595836066,1.4449216246160024,-0.021770845023005303,0.028908133642679593,0.022640463595226354,1.837839865650103,2192352.0,0.050476081220603486,0.001376620396925654,1
2020-11-02,86.5,87.6,85.15,87.29,2938485,88.818,89.585,84.826,1.0470610426048619,64.97302158273385,1.8137765812130908,1.5186926159354202,0.001376620396925654,0.02657486109432659,0.022348985129000395,0.6529784985129587,2321779.6,0.028067361668003075,0.04215832283193932,1
2020-11-03,88.5,91.5,87.51,90.97,1121745,88.758,90.1,85.447,1.038749166149777,73.19337908760596,1.9507158678890306,1.6050972663261422,0.04215832283193932,0.028607635736587,0.023638255503878852,-0.6182573673168317,2335467.6,0.043860613389029295,-0.0027481587336484203,0
2020-11-04,91.35,92.3,90.0,90.72,588927,89.05199999999999,90.07000000000001,86.1,1.0342857142857143,72.49100359856058,2.0158310826022188,1.6872440295813576,-0.0027481587336484203,0.021309401463346735,0.023352145667340958,-0.47499030528328634,2084244.4,0.025352733686066987,0.020502645502645578,1
2020-11-05,90.72,93.6,90.4,92.58,1439508,89.746,90.008,86.80449999999999,1.0338864920597435,73.35398915569327,2.192250910852124,1.7882454058355108,0.020502645502645578,0.020900471234764788,0.023512907147116294,1.4442893601414095,1817401.0,0.03456470079930858,0.023655217109526783,1
2020-11-06,93.0,95.5,92.9,94.77,4200497,91.266,90.418,87.535,1.0426229508196723,72.16828478964402,2.4801895123487583,1.9266342271381605,0.023655217109526783,0.019843903392476363,0.023586577488116964,1.9180087918927855,1630785.7,0.027434842249657004,-0.050121346417642765,0
2020-11-09,91.0,91.25,89.52,90.02,874942,91.812,90.31500000000001,87.941,1.0440181485314017,57.647487254187915,2.2986007868848617,2.001027539087501,-0.050121346417642765,0.0263400246815598,0.026752575568298798,-0.7917051244174201,1662780.0,0.019217951566318642,0.0067762719395689786,1
2020-11-10,92.3,92.8,90.01,90.63,748325,91.744,90.251,88.441,1.0373469318528736,49.14735461303017,2.1787965058304053,2.0365813324360817,0.0067762719395689786,0.026435517100013486,0.026310626533260214,-0.14471473537674495,1555980.3,0.03078450844091352,-0.005185920776784703,0
2020-11-11,91.25,91.42,89.7,90.16,535196,91.63199999999999,90.342,88.975,1.0298623208766506,42.8166351606805,2.0226102855646104,2.0337871230617877,-0.005185920776784703,0.025409965857958298,0.026015899857886597,-0.28480807135936925,1485174.0,0.019077196095829623,-0.004103815439219005,0
2020-11-12,90.2,90.2,88.75,89.79,948587,91.074,90.41,89.49100000000001,1.0176889296130336,47.684210526315795,1.8476768048941068,1.9965650594282516,-0.004103815439219005,0.025454456880852044,0.02608549282133772,0.7724104813937325,1517390.3,0.01614879162490258,-0.004343468092215197,0
2020-11-13,89.0,89.9,88.75,89.4,293536,90.0,90.633,89.935,1.0007227442041473,45.66017885323516,1.6584534020337998,1.9289427279493614,-0.004343468092215197,0.02428798435484361,0.02614109640861862,-0.69055447734367,1368974.8,0.012863534675615275,0.0030201342281879207,1
2020-11-16,89.87,90.44,89.02,89.67,262341,89.92999999999999,90.87100000000001,90.228,0.996697255840759,45.80272822665269,1.512840155895006,1.8457222135384903,0.0030201342281879207,0.02428286786748738,0.024786591272042365,-0.10627316581271118,1101360.4,0.015835842533734823,0.010148321623731471,1
2020-11-17,90.95,91.2,89.81,90.58,1227323,89.92,90.832,90.466,0.9939645833793912,53.70473537604457,1.4541079527276253,1.7673993613763175,0.010148321623731471,0.020329731237128133,0.024379733001943207,3.6783499338647028,1111918.2,0.015345550894237146,0.00794877456392129,1
2020-11-18,90.59,91.57,89.53,91.3,554882,90.148,90.89,90.47999999999999,0.9963306808134395,55.909336211548855,1.448957560471385,1.7037110011953311,0.00794877456392129,0.02046407349125548,0.0203397443713671,-0.5478924455909324,1108513.7,0.022343921139101774,0.0017524644030668668,1
2020-11-19,91.1,91.6,91.0,91.46,124518,90.482,90.77799999999999,90.393,1.0009845895146747,62.805970149253724,1.4411735487552733,1.6512035107073197,0.0017524644030668668,0.019286361958550675,0.01957547364699334,-0.7755955320230248,977014.7,0.006560244915810129,-0.0026240979663240127,0
2020-11-20,92.0,92.0,90.5,91.22,1132477,90.846,90.423,90.42049999999999,1.0047057912752089,61.64789567279195,1.399506034746878,1.6008640155152314,-0.0026240979663240127,0.017227202996250777,0.01857830208519679,8.094885879953098,670212.7,0.01644376233282175,-0.02269239201929396,0
2020-11-23,90.19,90.19,88.9,89.15,276713,90.742,90.33599999999998,90.3255,1.0046111009626295,44.036697247706435,1.1857835547147033,1.5178479233551259,-0.02269239201929396,0.009428426604366491,0.01925491950879256,-0.7556568477770409,610389.8,0.014469994391474951,-0.0016825574873808868,0
2020-11-24,89.99,90.0,88.9,89.0,259683,90.426,90.173,90.212,1.0023721899525562,44.327176781002635,0.992858152356547,1.4128499691554102,-0.0016825574873808868,0.009031274574905282,0.019239832164685697,-0.061543910116257594,561525.6,0.012359550561797689,0.026741573033707722,1
2020-11-25,89.0,92.0,89.0,91.38,247082,90.44200000000001,90.295,90.3185,1.0013673832049914,46.17346938775509,1.020248698630283,1.3343297150503848,0.026741573033707722,0.01262176047516811,0.019527088215239196,-0.04852454723643829,532714.2,0.03282994090610637,0.03217334208798417,1
2020-11-26,91.9,94.69,90.1,94.32,814515,91.01399999999998,90.748,90.579,1.004802437651111,48.6305538648813,1.2646116770654885,1.3203861074534058,0.03217334208798417,0.01569743868872914,0.020683916316742275,2.2965371819881657,519307.0,0.04866412213740462,-0.0050890585241729624,0
2020-11-27,94.0,94.3,93.48,93.84,139453,91.538,91.192,90.9125,1.0068802419909253,65.70723684210535,1.4033620256735162,1.3369812910974281,-0.0050890585241729624,0.015748669334086883,0.01995382942807303,-0.8287901389170242,503898.7,0.008738277919863525,0.007352941176470562,1
2020-11-30,93.84,94.8,92.0,94.53,196043,92.61399999999999,91.678,91.2745,1.0146755117803985,65.9313725490197,1.551119569162168,1.3798089467103762,0.007352941176470562,0.01574867688345294,0.019959065852047594,0.40579980351803124,497268.9,0.029620226383158754,0.03004337247434674,1
2020-12-01,93.83,99.5,93.83,97.37,1057095,94.28799999999998,92.357,91.5945,1.0294067875254518,74.67488021902815,1.8757601565773427,1.4789991886837697,0.03004337247434674,0.017566504514465314,0.018901673270027886,4.392158863106563,480246.1,0.05823148813803021,0.00441614460306039,1
2020-12-02,98.0,99.8,97.15,97.8,529279,95.57199999999999,93.00699999999999,91.9485,1.039407929438762,77.30061349693256,2.143034005331941,1.6118061520134042,0.00441614460306039,0.01758957892042054,0.018843305740392415,-0.4993080092139306,477685.8,0.027096114519427318,-0.005419222903885523,0
2020-12-03,98.0,99.03,96.0,97.27,373004,96.16199999999999,93.588,92.183,1.043164140893657,76.56988521269416,2.2857353511615344,1.7465919918430302,-0.005419222903885523,0.017971145430509615,0.018532646881132434,-0.29526015579684817,502534.4,0.031150406086151963,0.007504883314485511,1
2020-12-04,98.0,98.5,97.51,98.0,347438,96.994,94.266,92.34450000000001,1.0503495064676291,77.27570399476102,2.4297237520119523,1.8832183438768149,0.007504883314485511,0.017694209475288054,0.01791008722928487,-0.06854081993758776,424030.5,0.010102040816326478,-0.003673469387755146,0
2020-12-07,97.61,98.9,96.5,97.64,172516,97.61600000000001,95.115,92.7255,1.0527416945716122,73.98097826086962,2.4861280688946152,2.0038002888803748,-0.003673469387755146,0.01491136528285847,0.013214929495274566,-0.5034624882712887,413610.8,0.02458009012699719,0.0029700942236787764,1
2020-12-08,98.0,102.0,97.2,97.93,248415,97.72800000000001,96.00800000000001,93.09049999999999,1.049817113454112,73.19804058782373,2.5251214445845136,2.1080645200212027,0.0029700942236787764,0.01460218361133566,0.013202567208958077,0.43995339562707225,412484.0,0.04901460226692532,-0.0019401613397326267,0
2020-12-09,98.75,98.75,96.5,97.74,1092284,97.71600000000001,96.644,93.46950000000001,1.045431932341566,71.927374301676,2.511738802238014,2.1887993764645652,-0.0019401613397326267,0.013670511740257707,0.013103768616402372,3.397013062818268,497004.2,0.02302025782688766,0.002046245140167713,1
2020-12-10,97.75,99.0,97.52,97.94,1810221,97.85,97.006,93.877,1.0423213353643597,73.52941176470588,2.488584437980947,2.2487563887678417,0.002046245140167713,0.01039238679020289,0.01297199535125134,0.6572805241127766,596574.8,0.01511129262813972,0.0003063099857054663,1
2020-12-11,98.99,98.99,97.5,97.97,269272,97.84400000000001,97.419,94.30550000000001,1.0375216715886135,86.02941176470583,2.444476780081729,2.287900467030619,0.0003063099857054663,0.010011472990696029,0.01284749743080168,-0.8512491016290276,609556.7,0.015208737368582166,0.010411350413391807,1
2020-12-14,98.25,99.01,97.81,98.99,479946,98.114,97.865,94.7715,1.0352690418532997,88.10068649885582,2.463429734376291,2.3230063204997533,0.010411350413391807,0.010158672898213643,0.012903868002258,0.7823836121096883,637947.0,0.012122436609758591,0.0355591473886252,1
2020-12-15,99.6,105.0,99.16,102.51,1175032,99.03,98.37899999999999,95.36800000000001,1.0383986242764869,89.05263157894737,2.7310033625629018,2.404605728912383,0.0355591473886252,0.011719474492314998,0.014576461665769064,1.4482587624441083,649740.7,0.05697005170227298,0.012291483757682187,1
2020-12-16,102.6,107.0,102.6,103.77,1232585,100.23599999999999,98.976,95.9915,1.0442174567539833,87.58949880668257,3.01003109561438,2.5256908022527824,0.012291483757682187,0.011922442720174979,0.014634461901794021,0.04897994267390171,720071.3,0.0424014647778742,0.01898429218463904,1
2020-12-17,104.75,106.6,104.01,105.74,608406,101.796,99.82300000000001,96.7055,1.0526391983909913,92.3186344238975,3.3514912158613868,2.690850884974503,0.01898429218463904,0.011821192161906217,0.01484460034491067,-0.5063983416965159,743611.5,0.024494041989786167,0.00586343862303762,1
2020-12-18,104.75,106.95,104.75,106.36,439199,103.474,100.659,97.4625,1.061680133384635,92.28020014295917,3.63028200846675,2.8787371096729526,0.00586343862303762,0.011847080293918765,0.01466364823183759,-0.2781152717100094,752787.6,0.02068446784505456,-0.0062053403535162754,0
2020-12-21,106.5,108.5,105.5,105.7,1018503,104.81599999999999,101.465,98.28999999999999,1.0663953606674128,85.26672311600333,3.7546875353402527,3.0539271948064126,-0.0062053403535162754,0.012154047821378373,0.013254442894029338,1.3190011816966796,837386.3,0.028382213812677387,-0.017218543046357726,0
2020-12-22,105.0,106.95,103.5,103.88,619336,105.09,102.06,99.03399999999999,1.0611507159157463,73.03030303030297,3.664182605849817,3.1759782770150937,-0.017218543046357726,0.014531815755523978,0.014304471173989645,-0.39191538954720806,874478.4,0.03321139776665386,-0.010781671159029504,0
2020-12-23,102.72,105.48,102.5,102.76,681236,104.888,102.56199999999998,99.603,1.053060650783611,69.90572878897753,3.4621723892308154,3.2332170994582383,-0.010781671159029504,0.015317012346701159,0.014157077128126838,0.0999457483498456,833373.6,0.02899961074347999,-0.021311794472557488,0
2020-12-24,103.5,104.0,100.0,100.57,1517739,103.854,102.825,99.9155,1.0394183084706579,58.426229508196684,3.0897464657916487,3.204522972724921,-0.021311794472557488,0.017468685425006705,0.013999488825194986,1.2279195462365466,804125.4,0.03977329223426469,0.04414835438003384,1
2020-12-28,101.0,105.23,101.0,105.01,1034288,103.58399999999999,103.529,100.474,1.0309532814459461,69.06363166063112,3.1169370218915304,3.187005782558243,0.04414835438003384,0.02175249319664042,0.016543689976621503,-0.31853368728088294,880627.0,0.04028187791638895,0.018379201980763593,1
2020-12-29,106.0,107.45,105.5,106.94,1400984,103.832,104.324,101.0945,1.0270786244553363,71.48307105388646,3.2566796282730195,3.2009405517011986,0.018379201980763593,0.022028428467093793,0.016781325350238043,0.3545395479788995,972730.8,0.018234524032167597,-0.0024312698709555436,0
2020-12-30,106.9,107.49,106.02,106.68,575074,104.39200000000001,104.74100000000001,101.56,1.0278849940921624,71.245247148289,3.3083106773950135,3.222414576839962,-0.0024312698709555436,0.019916571095001,0.015913610319692625,-0.5895213649834687,912735.0,0.013779527559055106,-0.0209973753280841,0
2020-12-31,106.2,107.0,103.95,104.44,1363490,104.728,104.80799999999999,101.892,1.0278333922192124,64.08145580589255,3.13237134918694,3.204405931309358,-0.0209973753280841,0.02115228529347047,0.016919847542731115,1.3709818214699325,925825.5,0.029203370356185344,-0.0044044427422442745,0
2021-01-01,105.0,107.5,103.0,103.98,1871274,105.41000000000001,104.63199999999999,102.22749999999999,1.0311315448387177,62.78179498085922,2.9221354498878895,3.1479518350250646,-0.0044044427422442745,0.020194870448338904,0.016893432868963797,0.3724149058665631,1052112.3,0.04327755337564916,0.015579919215233495,1
2021-01-04,105.88,106.95,104.3,105.6,1110411,105.52799999999999,104.556,102.6075,1.0284628316643518,63.70800497718789,2.8533507943129877,3.089031626882649,0.015579919215233495,0.02081259962441291,0.01709016586234329,-0.4066015986969306,1119233.5,0.025094696969697024,0.01410984848484853,1
2021-01-05,105.5,108.01,104.55,107.09,944162,105.55799999999999,104.69500000000001,103.08,1.0240395809080325,60.371376811594196,2.885803263086899,3.0483859541234994,0.01410984848484853,0.02118461696586274,0.01713910162396048,-0.1497184375875239,1111799.4,0.032309272574470145,0.07208889718928013,1
2021-01-06,108.0,115.12,107.9,114.81,3479768,107.18400000000001,105.78799999999998,103.924,1.0313690774027173,69.34127540294324,3.494182795452957,3.1375453223893914,0.07208889718928013,0.02957594469009375,0.022793389946027948,2.6855624352600507,1397842.6,0.0628865081438899,0.0028743140841389625,1
2021-01-07,117.0,120.0,114.2,115.14,4099501,109.324,107.026,104.79400000000001,1.0432276657060517,67.47211895910782,3.95733846559213,3.3015039510299395,0.0028743140841389625,0.028792197542008673,0.022705650699454124,0.17809606847353043,1739669.1,0.050373458398471405,-0.00017370158068430452,0
2021-01-08,115.6,116.47,114.8,115.12,1326954,111.55199999999999,108.481,105.65299999999999,1.0558337198186516,66.65399239543729,4.273516401278471,3.4959064410796463,-0.00017370158068430452,0.02679772321583683,0.022744072157915154,-0.6763132878855256,1720590.6,0.014506601806810298,-0.021369006254343348,0
2021-01-11,116.18,117.83,112.01,112.66,1940177,112.96399999999998,109.24600000000001,106.3875,1.0618164727999058,62.384341637010664,4.27629379930876,3.6519839127254694,-0.021369006254343348,0.026593703942436635,0.02364623919794472,0.4621283028650578,1811179.5,0.051659861530268004,0.01020770459790521,1
2021-01-12,113.0,114.75,112.99,113.81,850942,114.30799999999999,109.93299999999999,107.12849999999999,1.0670176470313688,68.10061975938754,4.321475022274839,3.7858821346353433,0.01020770459790521,0.026342039124024642,0.02364485904870288,-0.5614101187675145,1756175.3,0.015464370441964723,-0.0061506018803269,0
2021-01-13,115.25,115.25,112.8,113.11,981758,113.968,110.576,107.6585,1.0586066125758764,69.15957052943352,4.251785381894706,3.879062784087216,-0.0061506018803269,0.02650864580558022,0.02284328518120942,0.15373080656495985,1796843.7,0.021660330651578134,-0.0031827424630890278,0
2021-01-14,114.0,114.0,112.4,112.75,1512988,113.49000000000001,111.407,108.1075,1.0497884050597786,74.18586179507547,4.120013892914329,3.9272530058526387,-0.0031827424630890278,0.025037333338909017,0.022851589375538623,0.5411007600651077,1811793.5,0.014190687361419018,-0.0044345898004434225,0
2021-01-15,113.0,113.1,111.9,112.25,502140,112.91600000000001,112.234,108.43300000000002,1.0413435024392943,67.04331450094162,3.929936357184232,3.9277896761189575,-0.0044345898004434225,0.02503898903748253,0.02266420317354247,-0.6681136929043721,1674880.1,0.010690423162583418,-0.006057906458797335,0
2021-01-18,112.39,112.89,111.0,111.57,285366,112.69800000000001,112.83099999999999,108.6935,1.0368421294741637,61.58079039519758,3.6819845971998717,3.8786286603351408,-0.006057906458797335,0.025240975356575053,0.02274789646929992,-0.4317003226191899,1592375.6,0.016940037644528106,0.012189656717755737,1
2021-01-19,112.77,113.28,111.0,112.93,724439,112.522,113.415,109.05500000000002,1.0317912979689146,64.81744902797531,3.5542504878423244,3.813753025836578,0.012189656717755737,0.025177885441161615,0.02274358983103579,1.538631091300295,1570403.3,0.020189497919064915,-0.010891702824758709,0
2021-01-20,113.0,113.0,110.75,111.7,912714,112.24000000000001,113.104,109.446,1.0255285711675166,68.07768924302788,3.315549969253439,3.7141124145199504,-0.010891702824758709,0.009819627081617162,0.022481963523467482,0.25989075684771246,1313697.9,0.020143240823634737,0.014592658907788714,1
2021-01-21,111.5,114.0,111.5,113.33,607659,112.356,112.923,109.97449999999999,1.02165502002737,71.99999999999996,3.2207783382307724,3.615445599262115,0.014592658907788714,0.01116557220434507,0.0223270766847494,-0.3342284658721133,964513.7,0.022059472337421688,-0.006794317479925871,0
2021-01-22,114.0,114.0,112.0,112.56,389700,112.418,112.667,110.574,1.0166766147557293,67.05882352941175,3.0483985322930067,3.502036185868293,-0.006794317479925871,0.01127218641546027,0.021647549462787283,-0.35868636850602065,870788.3,0.0177683013503909,-0.013237384506041283,0
2021-01-25,112.07,113.5,110.2,111.07,1283346,112.31800000000001,112.508,110.877,1.0129963833797813,59.75490196078428,2.759743145506505,3.353577577795936,-0.013237384506041283,0.009950672169988177,0.020050256778658113,2.293163972286374,805105.2,0.029710993067434927,-0.005221932114882533,0
2021-01-26,111.0,111.65,110.15,110.49,759293,111.83,112.176,111.05449999999999,1.006983057867984,33.71040723981902,2.4558707695853883,3.174036216153827,-0.005221932114882533,0.009116205920292966,0.01978998958063029,-0.40834895655575343,795940.3,0.013575889220743959,0.0073309801792018625,1
2021-01-27,110.3,111.7,110.3,111.3,631166,111.75,111.995,111.2855,1.004173948987065,36.02620087336247,2.2544223751220045,2.9901134479474627,0.0073309801792018625,0.009570715532513204,0.019800138353143905,-0.16874513527715918,760881.1,0.012578616352201309,-0.0060197663971248705,0
2021-01-28,111.3,112.0,110.4,110.63,602035,111.21,111.78299999999999,111.595,0.996550024642681,34.398888116747756,2.0174537199142435,2.795581502340819,-0.0060197663971248705,0.009665389823013022,0.019144892394444203,-0.046154260527341506,669785.8,0.014462623158275281,0.008858356684443569,1
2021-01-29,111.0,112.5,110.25,111.61,4247868,111.02000000000001,111.71900000000001,111.97649999999999,0.991458029140043,45.93338497288926,1.886980229709721,2.6138612478145995,0.008858356684443569,0.010171934073959967,0.019102682087876174,6.055848912438646,1044358.6,0.02015948391721172,-0.00017919541259736604,0
2021-02-01,112.89,112.99,111.5,111.59,239635,111.124,111.721,112.276,0.9897395703445082,40.57724957555181,1.7616579199516593,2.4434205822420116,-0.00017919541259736604,0.009984801693046517,0.018911574968322596,-0.9435869946994586,1039785.5,0.013352450936463794,-0.008871762702751251,0
2021-02-02,111.51,111.55,110.2,110.6,255585,111.146,111.48799999999999,112.45149999999998,0.9883905505929225,39.60231980115991,1.564420692420967,2.267620604277803,-0.008871762702751251,0.009343274940409417,0.01889451560269165,0.06655955932981406,992900.1,0.012206148282097599,0.0026220614828209587,1
2021-02-03,111.0,112.25,110.5,110.89,1148065,111.064,111.407,112.25550000000001,0.9893858207392955,42.25000000000003,1.4151958481456717,2.0971356530513767,0.0026220614828209587,0.008887463970125029,0.009173318313279406,3.491910714635053,1016435.2,0.015781404995941925,0.002975922084949012,1
2021-02-04,110.37,111.97,110.35,111.22,700044,111.18199999999999,111.196,112.0595,0.9921693386102918,45.64666103127642,1.308478994674772,1.939404321376056,0.002975922084949012,0.007281791898467928,0.00917601009662162,-0.390240099645926,1025673.7,0.014565725588922896,-0.002517532817838508,0
2021-02-08,111.75,114.0,109.75,110.94,1411464,111.048,111.03399999999999,111.85049999999998,0.9928252444110667,47.244094488189,1.1876213004206448,1.7890477171849737,-0.002517532817838508,0.007082234080625827,0.009170586083591854,1.0162504071172669,1127850.1,0.038308995853614566,0.01604470885163156,1
2021-02-09,110.94,113.0,110.87,112.72,1182576,111.274,111.199,111.85349999999998,0.9948191160759388,49.113924050632875,1.2213923798463782,1.6755166497172547,0.01604470885163156,0.00768401374833484,0.008777833866828615,-0.1621635408341977,1117773.1,0.01889638041163942,-0.011178140525195168,0
2021-02-10,112.7,112.7,110.5,111.46,732717,111.446,111.296,111.73599999999999,0.9974045965490085,48.989898989898954,1.1334193807657158,1.5670971959269469,-0.011178140525195168,0.008455280112603984,0.008779590754374707,-0.38040599504809836,1115115.5,0.01973802260900774,-0.010945630719540578,0
2021-02-11,111.05,111.95,109.4,110.24,1625296,111.31599999999999,111.19000000000001,111.5925,0.997522234917221,36.530078465562354,0.9542562688847056,1.4445290105184987,-0.010945630719540578,0.008877085173137107,0.008990407837786416,1.2181770042185454,1214528.5,0.023131349782293153,-0.004082002902757509,0
2021-02-12,110.01,111.44,109.15,109.79,352444,111.03,111.106,111.44449999999999,0.9962806598800301,37.57847533632292,0.7671141582214034,1.3090460400590798,-0.004082002902757509,0.008773971468558234,0.00900284426654934,-0.7831508845158051,1189569.4,0.020858001639493504,9.108297659166098e-05,1
2021-02-15,110.0,110.9,109.0,109.8,705116,110.80199999999999,110.925,111.32199999999997,0.9953288658126876,43.43329886246124,0.6125485255567469,1.169746537158613,9.108297659166098e-05,0.00812363648094988,0.008976506415742347,1.00064691128236,835294.2,0.017304189435337028,0.002185792349726823,1
2021-02-16,110.9,110.9,109.06,110.04,468328,110.26599999999999,110.77000000000001,111.24550000000002,0.9911951494667197,47.588424437299096,0.503614784573827,1.0365201866416558,0.002185792349726823,0.008203756591555457,0.008924270772482994,-0.33581424900300094,858163.5,0.01672119229371141,-0.00881497637222839,0
2021-02-17,109.53,110.93,108.7,109.07,1078653,109.78800000000001,110.617,111.05249999999998,0.9886134936178838,38.250790305584836,0.33514971930715376,0.8962460931747555,-0.00881497637222839,0.008198002661598166,0.008562029881360672,1.3031998940913208,940470.3,0.020445585403869114,-0.03428990556523326,0
2021-02-18,108.9,110.14,103.0,105.33,1957150,108.806,110.06099999999999,110.734,0.9825889067495078,28.901273885350363,-0.09900552805913776,0.6971957689279769,-0.03428990556523326,0.01306819548301579,0.01110470741526971,0.814438934485882,1021378.8,0.06778695528339505,-0.00132915598594896,0
2021-02-19,103.0,106.0,102.0,105.19,2180815,107.88600000000001,109.458,110.327,0.9778748629075386,22.6109215017065,-0.4491954736815984,0.4679175204060618,-0.00132915598594896,0.01284328214174576,0.01033045922372312,0.11428096977748248,1169455.9,0.03802642836771556,-0.009221408879171,0
2021-02-22,105.0,105.5,102.45,104.22,1395519,106.77000000000001,108.78599999999999,109.91000000000001,0.9714311709580566,20.915548539857966,-0.7958206963353263,0.2151698770577842,-0.009221408879171,0.012846222322573849,0.0103832309438669,-0.36009290104846126,1167861.4,0.02926501631164841,-0.02024563423527148,0
2021-02-23,103.5,103.96,101.9,102.11,1028075,105.184,107.725,109.46199999999999,0.9609179441267289,19.216823785351735,-1.2266430708208844,-0.07319271251794951,-0.02024563423527148,0.010849086334221119,0.010827589843573973,-0.26330275689546323,1152411.3,0.02017432180981283,0.03231808833610805,1
2021-02-24,102.4,107.0,102.0,105.41,1807361,104.452,107.12,109.20800000000001,0.9564500769174418,33.690476190476176,-1.286955266548091,-0.3159452233239778,0.03231808833610805,0.01712920482963211,0.013543471652225351,0.7580050093621575,1259875.7,0.04743382980741865,0.019732473199886247,1
2021-02-25,106.0,108.9,105.41,107.49,2645551,104.88399999999999,106.845,109.0175,0.9620840690714793,39.94609164420484,-1.153616328538945,-0.48347944436697127,0.019732473199886247,0.018706823696994997,0.014270255165218005,0.46376457166000584,1361901.2,0.03246813657084389,0.010047446274072058,1
2021-02-26,107.5,108.9,106.55,108.57,1602674,105.55999999999999,106.723,108.9145,0.9692006114888283,43.87596899224805,-0.9498480286338946,-0.5767531612203559,0.010047446274072058,0.01909240635444664,0.01446188602024226,-0.3942003008069018,1486924.2,0.021645021645021724,0.004789536704430386,1
2021-03-01,104.07,109.85,104.07,109.09,401644,106.53399999999999,106.652,108.7885,0.9792763021826755,39.96683250414595,-0.737894539777983,-0.6089814369318813,0.004789536704430386,0.019178562460986034,0.01434643332311262,-0.7493913297401718,1456577.0,0.05298377486479055,0.008525071042258636,1
2021-03-02,108.5,111.25,107.53,110.02,778707,108.11599999999999,106.65,108.71,0.9945359212583939,45.94594594594595,-0.4892370252637619,-0.5850325545982574,0.008525071042258636,0.01938027837327115,0.014505178044851715,0.9387990359621954,1487614.9,0.033812034175604425,0.017360479912743143,1
2021-03-03,111.68,112.2,110.0,111.93,3530584,109.42,106.93599999999999,108.77650000000001,1.0059157998280879,54.579945799458024,-0.1364798611826643,-0.4953220159151388,0.017360479912743143,0.01979789744860676,0.01489928290091505,3.5339055639669352,1732808.0,0.019655141606361143,-0.012597158938622455,0
2021-03-04,109.4,112.0,106.0,110.52,1048890,110.026,107.455,108.758,1.01165891244782,51.88047398248323,0.028973527897178997,-0.3904629071526753,-0.012597158938622455,0.01613595908119251,0.015182099535484887,-0.7029131724383275,1641982.0,0.05428881650380022,0.0009048136083966707,1
2021-03-05,109.3,112.0,109.3,110.62,988405,110.43599999999999,107.998,108.728,1.0157089250239129,52.102564102564116,0.1662492768583661,-0.279120470350467,0.0009048136083966707,0.016054812303294284,0.015167375839815712,-0.05766572281173432,1522741.0,0.024407882842162384,0.0037967817754474,1
2021-03-08,110.25,111.95,110.25,111.04,1403390,110.826,108.67999999999999,108.73299999999999,1.0192489860483938,52.540650406504064,0.30541119667857686,-0.16221413694465822,0.0037967817754474,0.015267479630826905,0.015181455213241636,0.41985319782882513,1523528.1,0.015309798270893396,-0.011707492795389185,0
2021-03-09,109.3,111.65,109.3,109.74,1384645,110.77000000000001,109.44300000000001,108.58400000000002,1.0201318794665881,51.67416291854073,0.3072570176581735,-0.06831990602409188,-0.011707492795389185,0.01377350858132037,0.014918657059770418,-0.013356942831287077,1559185.1,0.021414251868051837,0.012666302168762522,1
2021-03-10,110.0,112.44,109.05,111.13,1001855,110.60999999999999,110.01499999999999,108.5675,1.0188131807400924,66.42129105322759,0.4160848601047604,0.028561047201678583,0.012666302168762522,0.010915469894992768,0.015034376412101353,-0.27645353141057816,1478634.5,0.030504814181589138,-0.01646720057590212,0
2021-03-11,111.15,111.15,107.5,109.3,613880,110.36599999999999,110.196,108.5205,1.0170060034739978,60.62015503875968,0.35062422543923333,0.09297368284918953,-0.01646720057590212,0.011597665305828932,0.015293624748904914,-0.387256638934776,1275467.4,0.033394327538883856,0.017291857273558975,1
2021-03-12,111.09,111.3,110.0,111.19,345676,110.47999999999999,110.458,108.59049999999999,1.01740023298539,67.1928959052787,0.446110916508232,0.16360112958099804,0.017291857273558975,0.012375015089033083,0.01575645639913989,-0.4368997198149476,1149767.6,0.011691698893785386,0.012860868783163948,1
2021-03-15,112.0,114.75,111.88,112.62,2303061,110.796,110.81099999999999,108.73150000000001,1.0189871380418738,76.82491066870847,0.6299126155906976,0.25686342678293794,0.012860868783163948,0.012800023523569536,0.015985340428223627,5.662484523079415,1339909.3,0.025483928254306558,0.020245071923281843,1
2021-03-16,113.92,115.0,112.5,114.9,1287156,111.828,111.299,108.97449999999999,1.0261850249370266,75.55196553581041,0.9486186463180957,0.3952144706899695,0.020245071923281843,0.01383040459582882,0.016533304119119,-0.4411107651946692,1390754.2,0.02175805047867711,0.0032201914708440693,1
2021-03-17,114.9,115.5,113.67,115.27,1451711,112.65599999999999,111.633,109.28450000000001,1.030850669582603,73.07236061684455,1.2170223040524633,0.5595760373624683,0.0032201914708440693,0.013063715656143423,0.01632543380371806,0.12784386663310432,1182866.9,0.01587576993146524,-0.019953153465775975,0
2021-03-18,113.27,115.0,112.25,112.97,186957,113.39000000000001,111.878,109.6665,1.0339529391382056,62.16814159292034,1.2299650865616911,0.6936538472023129,-0.019953153465775975,0.014198692075236389,0.014855299090585175,-0.8712161029295775,1096673.6,0.024342745861733205,-0.00778967867575453,0
2021-03-19,113.0,113.75,111.5,112.09,242008,113.57000000000001,112.025,110.0115,1.032346618308086,58.134490238611704,1.155889316885876,0.7861009411390255,-0.00778967867575453,0.014554397988220186,0.015037520111605564,0.2944580839444364,1022033.9,0.020073155500044605,0.015344812204478586,1
2021-03-22,112.0,114.38,111.5,113.81,631525,113.80799999999999,112.30199999999999,110.49099999999999,1.0300205446597461,59.85439417576703,1.2218881945827604,0.8732583918277725,0.015344812204478586,0.015207725740818237,0.014965007027548525,1.60952117285379,944847.4,0.025305333450487615,-0.0014937175995080043,0
2021-03-24,114.4,114.4,112.8,113.64,375741,113.556,112.69200000000001,111.06750000000002,1.0224052940779254,54.888507718696374,1.24611081164349,0.947828875790916,-0.0014937175995080043,0.014467148717194426,0.013879992617402116,-0.40502592929812753,843957.0,0.014079549454417533,-0.024903203097500826,0
2021-03-25,113.98,114.25,105.12,110.81,733955,112.66399999999999,112.66,111.3375,1.011914224767037,50.766790058170294,1.025132966757809,0.9632896939842946,-0.024903203097500826,0.016573783249774075,0.013948560598869541,0.9533535068038888,817167.0,0.08239328580453023,0.020034292933850617,1
2021-03-26,111.99,113.9,108.01,113.03,302390,112.676,113.03299999999999,111.61449999999999,1.0095104130735704,55.729909652876835,1.0174137667276284,0.9741145085329614,0.020034292933850617,0.016603827254767323,0.013968228403852664,-0.5879992642600704,786018.0,0.05211005927629833,-0.01884455454304168,0
2021-03-29,113.0,113.48,109.11,110.9,216539,112.43800000000002,113.00399999999999,111.731,1.0063276977741185,49.692172383465255,0.8298569716415471,0.9452630011546787,-0.01884455454304168,0.017187309429668823,0.014636457794873974,-0.2839081980224214,773104.3,0.03940486925157804,0.00982867448151481,1
2021-03-30,109.0,112.98,109.0,111.99,268384,112.074,112.941,111.87600000000002,1.001769816582645,54.99334221038616,0.7604052721109582,0.9082914553459346,0.00982867448151481,0.016957916037667043,0.014745119594815335,0.23942569236950395,569636.6,0.03553888740066081,0.010625948745423885,1
2021-03-31,112.49,114.4,112.49,113.18,179711,111.982,112.769,112.03399999999999,0.9995358551868183,54.59023734885807,0.7922547351897151,0.8850841113146908,0.010625948745423885,0.0158942310532073,0.014805787317040638,-0.33039599976153566,458892.1,0.016875773104788928,-0.01934970842905115,0
2021-04-01,113.18,113.9,110.5,110.99,141940,112.018,112.34100000000001,111.987,1.0002768178449284,53.724107536359625,0.6334786195370299,0.8347630129591587,-0.01934970842905115,0.016746008749988838,0.01501288099760383,-0.21017633867709828,327915.0,0.03063339039553118,-0.0027029462113703495,0
2021-04-02,112.5,112.5,110.0,110.69,56818,111.55,112.11300000000001,111.99549999999999,0.9960221616047074,48.81516587677725,0.4779306244297743,0.7633965352532819,-0.0027029462113703495,0.01573816100406435,0.014747502564549505,-0.5997041003240806,314901.1,0.022585599421808655,-0.01183485409702778,0
2021-04-05,111.0,111.3,108.3,109.38,184018,111.24600000000001,111.84200000000001,111.93350000000001,0.9938579603067893,42.278360343183955,0.24611460975110333,0.6599401501528462,-0.01183485409702778,0.01595612647601405,0.014987739470409241,2.2387271639269244,309102.1,0.027427317608337904,0.007131102578167958,1
2021-04-06,109.94,110.5,109.0,110.16,197734,110.88,111.477,111.8895,0.9909777056828388,37.83367556468169,0.12390987335328418,0.5527340947929338,0.007131102578167958,0.015135523027413215,0.015055931417111364,0.07453618667739015,265723.0,0.013616557734204794,-0.009622367465504711,0
2021-04-07,110.95,110.95,108.85,109.1,446535,110.064,111.023,111.85749999999999,0.9839662070044477,34.70500743678731,-0.0578050611276808,0.43062626360881084,-0.009622367465504711,0.015254444580431608,0.014979734300286514,1.2582610982430942,272802.4,0.01924839596700283,-0.0003666361136571705,0
2021-04-08,109.5,110.0,108.0,109.06,208365,109.678,110.848,111.75400000000002,0.9814234837231774,39.084310441094374,-0.20270644784491765,0.30395972131806515,-0.0003666361136571705,0.013368942035449173,0.014671534423041784,-0.5333736437233363,220243.4,0.018338529249954154,-0.0013753896937466203,0
2021-04-09,109.0,109.5,108.5,108.91,400526,109.322,110.43599999999999,111.7345,0.9784086383346237,40.745052386495914,-0.3258889423060509,0.17798998859324194,-0.0013753896937466203,0.01104826342931599,0.014206060469869214,0.9222326206416624,230057.0,0.00918189330639978,-0.002479111192727923,0
2021-04-12,109.0,110.0,108.11,108.64,297476,109.174,110.21,111.607,0.9782002920963739,33.56643356643356,-0.4402240711025911,0.05434717665407533,-0.002479111192727923,0.009674284154711981,0.013608733886458725,-0.25728666803153855,238150.7,0.01739690721649485,0.0017488954344624386,1
2021-04-13,108.51,110.0,108.36,108.83,1157897,108.90799999999999,109.894,111.41749999999999,0.9774766082527431,34.73015873015872,-0.509629382027498,-0.05844813508223934,0.0017488954344624386,0.008880062444626406,0.01323160356423236,2.8924047654264546,327102.0,0.015069374253422776,0.006156390701093528,1
2021-04-14,110.2,110.39,109.01,109.5,3317985,108.98799999999999,109.526,111.1475,0.9805708630423535,45.180279617365706,-0.5047517266891504,-0.14770885340362155,0.006156390701093528,0.008215578233798145,0.012351657864006202,1.865526899197424,640929.4,0.012602739726027356,-0.004383561643835687,0
2021-04-15,110.0,110.0,109.0,109.02,352573,108.97999999999999,109.329,110.835,0.9832634095727883,33.080168776371295,-0.5334686437124958,-0.2248608114653964,-0.004383561643835687,0.00603443712478021,0.012288651603167595,-0.893738820398525,661992.7,0.0091726288754357,0.0014676206200698871,1
2021-04-16,109.05,109.5,108.62,109.18,328210,109.03399999999999,109.178,110.64550000000001,0.9854354673258287,41.29554655870448,-0.5371247052696901,-0.2873135902262552,0.0014676206200698871,0.006106700074750691,0.011622241648785784,-0.06910058342527647,689131.9,0.00806008426451727,-0.005037552665323464,0
2021-04-19,108.12,109.18,107.5,108.63,412625,109.032,109.103,110.47250000000001,0.9869605557944283,32.01284796573886,-0.5777427055749484,-0.3453994132959939,-0.005037552665323464,0.00510718827086404,0.011561737766793343,0.25719813534017844,711992.6,0.01546534106600393,0.006167725306084781,1
2021-04-20,109.9,109.9,108.51,109.3,538885,109.126,109.01700000000001,110.247,0.9898319228641143,28.004535147392332,-0.5495346692833323,-0.38622646449346154,0.006167725306084781,0.004950231719653926,0.011027682685184859,0.30599212359890937,746107.7,0.012717291857273565,-0.0010978956999083689,0
2021-04-21,110.0,110.0,108.0,109.18,2464774,109.06199999999998,109.025,110.02399999999997,0.9912564531374973,36.592592592592716,-0.5307445021684458,-0.4151300720284584,-0.0010978956999083689,0.0038738508758303807,0.011028921782024368,3.573840429776298,947931.6,0.018318373328448434,-0.006228246931672565,0
2021-04-22,109.08,109.08,108.11,108.5,206578,108.958,108.96900000000001,109.9085,0.9913518972599935,34.64235624123428,-0.5642195051164123,-0.4449479586460492,-0.006228246931672565,0.004361698210382715,0.00969214875930044,-0.9161878533285405,947752.9,0.008940092165898608,-0.00838709677419347,0
2021-04-23,108.12,108.5,107.3,107.59,327740,108.64000000000001,108.83699999999999,109.6365,0.9909108736597758,36.701337295691026,-0.6566090999603631,-0.48728018690891195,-0.00838709677419347,0.005029441841186777,0.008448279902881488,0.5865193776684836,940474.3,0.011153452923134147,0.023143414815503194,1
2021-04-26,107.5,110.49,105.31,110.08,1219578,108.92999999999999,108.981,109.59549999999999,0.9939276703879265,49.52606635071091,-0.5228789067473798,-0.49439993087660555,0.023143414815503194,0.009149044485232675,0.009325795255598904,2.7211753219015073,1032684.5,0.04705668604651156,0.009811046511627897,1
2021-04-27,110.97,112.49,110.0,111.16,1349448,109.30199999999999,109.21400000000001,109.554,0.9976997644996987,62.17494089834515,-0.32599195871159736,-0.46071833644360394,0.009811046511627897,0.009534704858706245,0.009324785407990819,0.10648765392619408,1051839.6,0.02240014393666782,-0.0074667146455559275,0
2021-04-28,112.0,112.0,110.0,110.33,92427,109.532,109.297,109.4115,1.00110134675057,56.864864864864835,-0.23423162097745376,-0.41542099335037397,-0.0074667146455559275,0.009867855998423792,0.0090803129215027,-0.9315075497536771,729283.8,0.018127435874195595,-0.005800779479742557,0
2021-04-29,111.48,111.48,108.06,109.69,50576,109.76999999999998,109.36399999999999,109.34650000000002,1.0038730091955386,54.0041067761807,-0.21072444331136353,-0.3744816833425719,-0.005800779479742557,0.009960299939412602,0.00811146866334837,-0.4528005885726032,699084.1,0.031178776552101394,-0.013127905916674232,0
2021-04-30,109.6,110.48,108.0,108.25,31211,109.902,109.271,109.2245,1.0062028207957006,48.21264894592117,-0.30477751558650823,-0.3605408497913592,-0.013127905916674232,0.010857338531693671,0.008578103942129729,-0.3828891173679215,669384.2,0.022909930715935372,-0.008868360277136222,0
2021-05-03,108.95,108.95,107.0,107.29,93935,109.34400000000001,109.13700000000001,109.12,1.0020527859237538,43.40753424657538,-0.45157376861590137,-0.3787474335562676,-0.008868360277136222,0.011088491952999527,0.008406262634030838,2.0096760757425267,637515.2,0.018175039612265846,-0.0026097492776586684,0
2021-05-04,107.3,107.99,106.9,107.01,728637,108.51399999999998,108.90800000000002,108.9625,0.9958839050131923,38.972542072630674,-0.5837751204923194,-0.419752970943478,-0.0026097492776586684,0.010785001776326462,0.008194095204633486,6.756821206153191,656490.4,0.010185963928604701,0.006261097093729573,1
2021-05-05,107.95,108.0,105.51,107.68,267300,107.98400000000001,108.758,108.8915,0.9916660161720613,44.16376306620214,-0.6272516768571137,-0.46125271212620517,0.006261097093729573,0.011104520728352822,0.008126491684974372,-0.6331506634991086,436743.0,0.023124071322436802,0.002971768202080227,1
2021-05-06,108.85,109.48,107.15,108.0,275761,107.646,108.708,108.8385,0.9890433991648176,44.931271477663195,-0.6286392731331603,-0.4947300243275962,0.002971768202080227,0.011034252966578664,0.00816623710377972,0.031653572764683835,443661.3,0.021574074074074058,0.001574074074074172,1
2021-05-17,110.99,110.99,107.9,108.17,3369863,107.63,108.766,108.8015,0.9892326852111413,47.95737122557729,-0.6090011873308327,-0.5175842569282435,0.001574074074074172,0.010677699493673521,0.008175400668221644,11.220230561972143,747873.6,0.028566145881482752,0.0070259776278081,1
2021-05-18,109.39,110.0,107.8,108.93,709944,107.958,108.651,108.816,0.9921151301279223,48.37004405286348,-0.5260482575731089,-0.5192770570572166,0.0070259776278081,0.007694648035009538,0.008317661049470614,-0.7893255601192096,696910.2,0.020196456439915567,-0.003947489213256272,0
2021-05-19,108.02,109.85,107.99,108.5,295736,108.256,108.38499999999999,108.79950000000001,0.9950045726313079,47.084048027444226,-0.4893637883033932,-0.5132944033064519,-0.003947489213256272,0.006709165101987507,0.008358037734866545,-0.5834375669066856,591539.0,0.017142857142857137,-0.004516129032258065,0
2021-05-20,108.5,109.5,108.0,108.01,1181039,108.322,108.15299999999999,108.725,0.996293400781789,47.86399302528337,-0.4941339187809035,-0.5094623064013423,-0.004516129032258065,0.006523843817536336,0.008276606848701209,2.9935584440176375,700400.2,0.013887602999722247,0.015091195259698154,1
2021-05-21,108.01,110.0,107.71,109.64,357882,108.65,108.148,108.75600000000001,0.9990253411306043,58.408531583264974,-0.362211554695989,-0.48001215606027164,0.015091195259698154,0.008309268467447884,0.00893402599507561,-0.696976983825259,731130.8,0.020886537759941683,-0.0062021160160525834,0
2021-05-24,110.89,110.99,108.5,108.96,735889,108.80799999999999,108.21900000000001,108.745,1.0005793369810105,44.605009633911344,-0.3089708243765159,-0.44580388972352053,-0.0062021160160525834,0.007325182782193664,0.009046136864852733,1.0562336189023198,801598.6,0.022852422907488942,0.018171806167400995,1
2021-05-25,110.33,111.0,109.0,110.94,689020,109.21,108.58400000000002,108.8605,1.0032105309088235,49.02482269503547,-0.10578824849230273,-0.37780076147727704,0.018171806167400995,0.008331376256469578,0.009829091543812948,-0.06369031198998765,861107.1,0.01802776275464215,0.008743464936001422,1
2021-05-26,110.23,112.24,110.23,111.91,1056798,109.89200000000001,109.074,108.99100000000001,1.0082667376205374,56.91768826619965,0.13198486080150929,-0.2758436370215198,0.008743464936001422,0.00819661302020883,0.009915505190848505,0.5337697018954457,893923.2,0.017960861406487276,-8.935751943517367e-05,0
2021-05-27,112.97,116.8,111.5,111.9,1213879,110.67,109.49600000000001,109.12700000000002,1.0141394888524378,60.240963855421725,0.3159725121194441,-0.15748040719332704,-8.935751943517367e-05,0.00829195491800757,0.009905618509185336,0.1486386234644652,988581.1,0.04736371760500444,0.0002680965147452419,1
2021-05-28,112.98,112.98,111.5,111.93,846292,111.128,109.88899999999998,109.29849999999999,1.0167385645731644,69.61620469083161,0.4589147174298489,-0.03420138226869186,0.0002680965147452419,0.008368666208902479,0.009751860504394807,-0.30282013281389664,1045634.2,0.013222549807915696,0.02179933887250951,1
2021-05-31,110.02,114.88,110.02,114.37,1348227,112.21,110.50900000000001,109.6375,1.0234636871508378,82.59668508287292,0.7603205510214224,0.12470300438933099,0.02179933887250951,0.010088679667582942,0.01043639238791393,0.59309907218785,843470.6,0.042493660925067754,-0.013290198478622117,0
2021-06-01,115.49,116.0,112.0,112.85,792553,112.59200000000001,110.901,109.776,1.025652237283195,74.13223140495862,0.8665465397211278,0.27307171145569037,-0.013290198478622117,0.01169503957160443,0.009922926371746568,-0.4121516628876295,851731.5,0.035445281346920696,-0.0070004430660167705,0
2021-06-02,113.9,113.9,112.0,112.06,533198,112.622,111.25699999999999,109.821,1.025505140182661,67.92144026186577,0.8768769121813449,0.3938327516008213,-0.0070004430660167705,0.01195108443333188,0.009875048887535877,-0.32723994483649677,875477.7,0.016955202570051807,0.025343565946814195,1
2021-06-03,113.0,117.0,111.1,114.9,502397,113.22200000000001,111.946,110.0495,1.0288279365194755,73.40569877883311,1.101530316106789,0.5353722645020149,0.025343565946814195,0.013421657173195108,0.011135636283429179,-0.05776653325781422,807613.5,0.051348999129678025,-0.009312445604873876,0
2021-06-04,114.03,115.5,113.0,113.83,509829,113.602,112.36500000000001,110.2565,1.0303428822790492,68.0946291560102,1.1796316403662672,0.6642241396748654,-0.009312445604873876,0.013853895991456007,0.011293173381739819,0.014793081965059462,822808.2,0.02196257577088641,-0.007555126065184936,0
2021-06-07,114.0,114.0,112.0,112.97,592738,113.322,112.76599999999999,110.49249999999999,1.0256080729461277,62.83354510800505,1.1587750523602551,0.7631343222119433,-0.007555126065184936,0.0139690301456272,0.010966524918384426,0.16262119259594887,808493.1,0.017703815172169603,0.00026555722758248024,1
2021-06-08,112.5,113.88,112.5,113.0,316908,113.352,112.97200000000001,110.77799999999999,1.0232356605102098,64.66753585397653,1.1316221694226556,0.8368318916540859,0.00026555722758248024,0.013024698450951975,0.010667756557911003,-0.4653489400038465,771281.9,0.012212389380530934,-0.009026548672566359,0
2021-06-09,113.0,113.49,111.9,111.98,118293,113.33600000000001,112.979,111.02650000000001,1.020801340220578,62.50787649653433,1.016085042683244,0.8726825218599176,-0.009026548672566359,0.013200913017388047,0.010927591987982488,-0.6267276307319474,677431.4,0.014198964100732177,0.006608322914806175,1
2021-06-10,112.0,112.75,111.5,112.72,379963,112.9,113.06099999999999,111.27849999999998,1.014571547962994,60.28037383177569,0.9730165240961384,0.8927493223071619,0.006608322914806175,0.013356955646305246,0.01093444194194272,2.212049740897602,594039.8,0.011089425124201562,0.0017743080198722172,1
2021-06-11,112.72,113.82,112.26,112.92,123445,112.718,113.16,111.52449999999999,1.0107016843832521,63.65517241379313,0.9441392913102788,0.9030273161077853,0.0017743080198722172,0.013358658051661589,0.010934114500360618,-0.6751131031179352,521755.1,0.013815090329436664,0.009298618490967137,1
2021-06-14,113.2,114.4,113.0,113.97,904492,112.918,113.12,111.8145,1.0098690241426649,61.16433308769344,0.9945159403662558,0.9213250409594794,0.009298618490967137,0.011670129228113552,0.011043512900819258,6.327084936611446,477381.6,0.012283934368693565,-0.0032464683688689933,0
2021-06-15,113.5,114.4,112.8,113.6,823907,113.03800000000001,113.19500000000001,112.048,1.0088354990718265,56.51503469545103,0.9931356404486706,0.9356871608573177,-0.0032464683688689933,0.010828788116208552,0.01106923198386675,-0.08909420978847793,480517.0,0.014084507042253596,-0.004313380281690149,0
2021-06-16,114.0,114.0,112.06,113.11,323061,113.26399999999998,113.3,112.27850000000001,1.008777281492004,54.4981412639405,0.9416481047246634,0.9368793496307869,-0.004313380281690149,0.010647893577571304,0.011080152394930941,-0.607891424638946,459503.3,0.017151445495535298,-0.0009725046414994498,0
2021-06-17,113.6,113.6,112.51,113.0,66035,113.31999999999998,113.10999999999999,112.52800000000002,1.007038248258211,53.95417590539539,0.8818029060266639,0.9258640609099624,-0.0009725046414994498,0.00633829376217386,0.010996117158029242,-0.7955958781778054,415867.1,0.009646017699114948,-0.0001769911504424515,0
2021-06-18,113.7,113.7,112.95,112.98,95572,113.332,113.025,112.69500000000001,1.0056524246860996,43.74437443744374,0.8232711645279238,0.9053454816335548,-0.0001769911504424515,0.005741076067175587,0.010584957696115792,0.44729310214280305,374441.4,0.006638343069569835,0.006726854310497243,1
2021-06-21,113.01,114.0,112.98,113.74,236423,113.28599999999999,113.102,112.934,1.0031168647174455,54.299516908212574,0.8286577355528095,0.8900079324174058,0.006726854310497243,0.005631170316764713,0.010480605486210815,1.4737684677520613,338809.9,0.008967821346931564,0.0019342359767891004,1
2021-06-22,113.25,114.0,113.0,113.96,253190,113.35799999999999,113.19800000000001,113.085,1.002414113277623,59.713701431492815,0.8409844480588902,0.8802032355457028,0.0019342359767891004,0.005641784886683466,0.009784075628895956,0.07091949598812297,332438.1,0.008775008775008775,-0.006669006669006605,0
2021-06-23,114.78,114.78,113.0,113.2,634747,113.376,113.32000000000001,113.14949999999999,1.0020017764108549,38.9610389610389,0.7804314798165422,0.8602488843998708,-0.006669006669006605,0.00521590396001081,0.009781289843114117,1.5069986966309887,384083.5,0.015724381625441704,0.008127208480565473,1
2021-06-24,114.0,114.45,113.5,114.12,322212,113.6,113.46,113.26050000000001,1.002997514579222,51.92052980132455,0.7974862029335839,0.8476963481066134,0.008127208480565473,0.0054126514644300735,0.009921550088462057,-0.4923772778760671,378308.4,0.008324570627409768,-0.006834910620399537,0
2021-06-25,113.66,114.5,113.0,113.34,157763,113.672,113.502,113.33099999999999,1.003008885477054,52.47657295850072,0.739537781410661,0.826064634767423,-0.006834910620399537,0.005975140083446647,0.010076151035412182,-0.51037515672911,381740.2,0.013234515616728428,-0.014910887594847377,0
2021-06-28,114.0,114.0,111.39,111.65,629813,113.25399999999999,113.27000000000001,113.19500000000001,1.0005212244357082,42.606790799561885,0.5508940006572516,0.7710305079453887,-0.014910887594847377,0.00680960753556351,0.009342247750120495,2.99214644751938,354272.3,0.02337662337662337,0.019525302283922796,1
2021-06-29,113.0,114.0,112.88,113.83,458723,113.228,113.293,113.244,0.9998587121613507,58.989310009718174,0.5707213063273002,0.7309686676217712,0.019525302283922796,0.009596272289159095,0.009961163169157504,-0.2716520618024715,317753.9,0.009839233945357151,0.013880347887200273,1
2021-06-30,113.83,115.5,113.83,115.41,351809,113.67,113.523,113.4115,1.00227931029922,62.08445642407909,0.7057914597003929,0.7259332260374955,0.013880347887200273,0.010332741469986223,0.010226676575541367,-0.23306875827024154,320628.7,0.014470149900355271,0.0025127805216187404,1
2021-07-01,115.41,116.0,114.74,115.7,145485,113.98600000000002,113.793,113.45150000000001,1.0047112642847384,62.388591800356544,0.826706349554513,0.746087850740899,0.0025127805216187404,0.010277610263595641,0.008567457536102285,-0.5864659516953802,328573.7,0.01089023336214352,0.0051858254105443535,1
2021-07-02,115.7,117.0,115.25,116.3,382919,114.578,114.125,113.575,1.0088311688311689,60.81708449396474,0.9598823304994255,0.7888467466926044,0.0051858254105443535,0.010267446620153055,0.00831364312038649,1.6320170464309034,357308.4,0.015047291487532245,0.005760963026655297,1
2021-07-05,116.0,117.5,114.03,116.97,534405,115.64200000000001,114.44800000000001,113.775,1.0164095803120194,65.22131887985553,1.1067309499804878,0.8524235873501811,0.005760963026655297,0.010232429019314397,0.008114270128850309,0.39560847072096195,387106.6,0.029665726254595185,0.011370436864153177,1
2021-07-06,117.75,118.5,116.91,118.3,363620,116.53600000000002,114.88199999999999,114.04,1.021887057172922,71.78841309823683,1.3152678347593394,0.9449924368320128,0.011370436864153177,0.010568065545616796,0.00838127683843336,-0.3195797195011274,398149.6,0.013440405748098084,0.0027895181741335318,1
2021-07-07,118.49,119.9,118.0,118.63,483023,117.17999999999999,115.425,114.37249999999999,1.024546984633544,73.20692497938998,1.48998741303609,1.0539914320728283,0.0027895181741335318,0.00993159349406869,0.007943825707701635,0.3283730267862053,382977.2,0.01601618477619494,0.02554159993256344,1
2021-07-08,119.49,122.0,118.4,121.66,1465549,118.372,116.179,114.81950000000002,1.0309398664860931,78.66578599735803,1.8516054596855724,1.2135142375953771,0.02554159993256344,0.011919234160248251,0.0094011429712564,2.034118458127253,497310.9,0.02959066250205486,-0.00994575045207946,0
2021-07-09,122.0,122.45,119.95,120.45,1142028,119.202,116.88999999999999,115.196,1.0347755130386471,71.52020525978197,2.017299308659531,1.374271251808208,-0.00994575045207946,0.01233863416655378,0.00989085343825273,-0.22075072208435198,595737.4,0.020755500207555,0.004566210045662045,1
2021-07-12,120.45,121.6,119.49,121.0,284656,120.008,117.825,115.54749999999999,1.0386031718557305,72.11055276381916,2.168001904765518,1.5330173823996702,0.004566210045662045,0.009946356903484943,0.009795417203908783,-0.7507451656176556,561221.7,0.017438016528925616,0.00719008264462806,1
2021-07-13,120.25,122.0,120.0,121.87,862143,120.72200000000001,118.62900000000002,115.96099999999998,1.041056907063582,77.04304429195261,2.330768874309925,1.6925676807817214,0.00719008264462806,0.00910376422495388,0.009720454724727696,2.028718874711933,601563.7,0.016410929679166325,0.000984655780749799,1
2021-07-14,122.2,122.49,121.0,121.99,549834,121.394,119.28699999999999,116.405,1.0428589837206306,75.83716349310572,2.4413040342172394,1.842314951468825,0.000984655780749799,0.008914165907581746,0.009565425114239842,-0.36224733019928246,621366.2,0.012214115911140216,0.0054102795311092855,1
2021-07-15,122.69,123.0,120.16,122.65,157151,121.59200000000001,119.982,116.8875,1.0402481018072933,80.80741230972869,2.55273409928175,1.9843987810314103,0.0054102795311092855,0.008849683080143295,0.00950306040868953,-0.714184644820073,622532.8,0.02315532001630659,0.0027721157766000815,1
2021-07-16,122.9,123.5,122.0,122.99,217307,122.1,120.651,117.38799999999999,1.0401403891368795,91.20639534883725,2.638068377047034,2.1151327002345353,0.0027721157766000815,0.008903635111380741,0.009455171381153864,0.3827910735534614,605971.6,0.012196113505163022,0.01211480608179527,1
2021-07-19,123.09,125.48,122.5,124.48,487031,122.796,121.402,117.925,1.041305914776341,90.7421576128539,2.7937226587486492,2.2508506919373583,0.01211480608179527,0.009136573884631051,0.009603670838907273,1.241211741913514,601234.2,0.023939588688946047,0.003052699228791811,1
2021-07-23,124.0,125.0,123.8,124.86,362481,123.394,122.05799999999999,118.47,1.0415632649615938,89.80623420387536,2.914150114113184,2.3835105763725233,0.003052699228791811,0.00899918039989939,0.009590791400752058,-0.2557332079477487,601120.3,0.009610764055742455,-0.024187089540285034,0
2021-07-26,124.86,125.5,121.15,121.84,497442,123.36399999999999,122.37899999999999,118.902,1.0375267026626969,71.027397260274,2.7343807402351104,2.453684609145041,-0.024187089540285034,0.013026656810858772,0.011320190198515222,0.37232572189990654,602562.2,0.03570256073539063,-0.002790544977019027,0
2021-07-27,122.0,122.85,121.4,121.5,161628,123.13399999999999,122.36300000000001,119.27099999999999,1.0323884263567842,68.1311018131102,2.535252247991764,2.469998136914386,-0.002790544977019027,0.01031833019029325,0.011360930068260972,-0.6750817180696442,472170.1,0.01193415637860073,0.014320987654320882,1
2021-07-28,120.52,124.4,120.5,123.24,443049,123.184,122.64200000000001,119.766,1.0285389843528212,70.34393251135627,2.489151551812597,2.4738288198940284,0.014320987654320882,0.010591072261233469,0.01136237257045519,1.741164897171282,402272.2,0.031645569620253215,0.0030022719896138916,1
2021-07-29,123.0,124.0,122.1,123.61,320393,123.00999999999999,122.90299999999999,120.364,1.0219833172709447,68.37370242214536,2.4541820428196672,2.4698994644791563,0.0030022719896138916,0.010566119889182516,0.010440511406491883,-0.27684522479454865,405845.9,0.015370924682469101,0.010840546881320412,1
2021-07-30,124.83,127.0,122.15,124.95,621489,123.02799999999999,123.21099999999998,120.92,1.017433013562686,70.43984476067274,2.505710979730395,2.477061767529404,0.010840546881320412,0.01081822670572549,0.009981807095321349,0.9397708439322956,381780.5,0.03881552621048415,0.01656662665066011,1
2021-08-02,125.0,127.76,123.0,127.02,923829,124.064,123.71399999999998,121.50049999999999,1.021098678606261,68.48275862068967,2.6826557481962823,2.5181805636627796,0.01656662665066011,0.011657031269398592,0.010128568485948198,0.48647683225286364,419180.0,0.03747441347819245,0.020233034167847608,1
2021-08-03,128.0,130.0,127.9,129.59,970111,125.68199999999999,124.40799999999999,122.19500000000001,1.0285363558247063,78.81462799495587,2.9957303588382587,2.6136905226978753,0.020233034167847608,0.012733418404664484,0.010673479876143394,0.05009801597481789,500476.0,0.01620495408596338,0.01736245080638943,1
2021-08-04,130.11,132.45,130.11,131.84,464202,127.402,125.293,122.97199999999998,1.0360244608528772,80.86560364464692,3.3863645368758313,2.7682253255334666,0.01736245080638943,0.01320163104844277,0.010983064139234906,-0.5214959937574154,525165.5,0.0177487864077668,0.005612864077670032,1
2021-08-05,132.87,132.9,131.8,132.58,827635,129.196,126.103,123.75250000000001,1.0439869901618148,80.72289156626508,3.7128572457443028,2.957151709575634,0.005612864077670032,0.013084145056952363,0.01098353052931403,0.7829199357176402,559225.9,0.008296877357067387,0.018931965605671897,1
2021-08-06,133.0,138.99,133.0,135.09,361432,131.224,127.12600000000002,124.59199999999998,1.053229741877488,83.04742684157418,4.126572533367806,3.1910358743340685,0.018931965605671897,0.013586514230486041,0.011291609560373263,-0.5632954140412139,559121.0,0.04434080983048345,-0.003109038418832033,0
2021-08-09,135.09,136.5,133.0,134.67,220343,132.754,128.409,125.394,1.0586949933808634,80.69458631256377,4.3701777013535406,3.4268642397379634,-0.003109038418832033,0.008849133608707484,0.011475172404021097,-0.3903611191040085,531411.1,0.02598945570654192,0.002153412044256564,1
2021-08-10,135.5,135.99,134.01,134.96,260089,133.828,129.755,126.059,1.0616298717267312,80.64516129032255,4.53436775944661,3.6483649436796926,0.002153412044256564,0.008160411497045397,0.010581253036984236,0.1803824037977153,541257.2,0.014671013633669369,0.0011855364552459946,1
2021-08-11,136.48,136.48,134.0,135.12,266305,134.48399999999998,130.943,126.79249999999999,1.0606621054084429,79.23076923076918,4.62409651995317,3.843511258934388,0.0011855364552459946,0.008541664068388017,0.01001739862002709,0.023899511321124667,523582.8,0.018354055654233196,0.03707815275310833,1
2021-08-12,135.85,142.0,134.0,140.13,1546267,135.99399999999997,132.595,127.749,1.0645406226271827,83.442838370565,5.041358693911832,4.083080745929877,0.03707815275310833,0.011897663817400778,0.012204121752400396,4.8063761476502505,646170.2,0.05708984514379505,0.003782202240776522,1
2021-08-13,143.99,143.99,139.5,140.66,523091,137.108,134.166,128.6885,1.0654254265144127,96.26352015732537,5.353101323720921,4.337084861488085,0.003782202240776522,0.012224171195455854,0.012231499949389883,-0.6617071954584817,636330.4,0.0319209441205745,0.0027726432532348966,1
2021-08-16,139.6,142.0,139.0,141.05,292145,138.384,135.56900000000002,129.6415,1.067435967649248,97.94016674840601,5.567451232275374,4.583158135645543,0.0027726432532348966,0.012425674236807049,0.012189636934225536,-0.4415025301524974,573162.0,0.021269053527118043,0.004466501240694809,1
2021-08-17,141.9,142.0,140.57,141.68,534365,139.728,136.778,130.593,1.069950150467483,97.8215767634854,5.722198867384691,4.810966281993373,0.004466501240694809,0.012062580748889993,0.012199385734350553,0.8291088329425456,529587.4,0.0100931677018634,0.054559570863918605,1
2021-08-20,144.0,151.0,141.9,149.41,1407021,142.586,138.535,131.91400000000002,1.0809011932016312,98.42342342342337,6.39486782517821,5.127746590630341,0.054559570863918605,0.018782891716094423,0.01606844539155803,1.633071028229768,623869.3,0.06090623117595873,0.07389063650358074,1
2021-08-23,150.89,160.61,150.5,160.45,2443696,146.65,141.322,133.7125,1.096756099841077,98.84424876169506,7.7296954379773695,5.6481363600997465,0.07389063650358074,0.026660687564448584,0.02152733720750122,0.7367871552734466,785475.4,0.06301028357743854,-0.02480523527578682,0
2021-08-24,161.4,161.4,155.8,156.47,693350,149.81199999999998,143.45999999999998,135.29299999999998,1.1073152343432402,88.49673202614377,8.369919972928528,6.192493082665504,-0.02480523527578682,0.030138000770660693,0.023051221678769742,-0.716269945197766,818667.2,0.03578960823160986,0.00019173004409789307,1
2021-08-25,158.0,158.0,156.0,156.5,1085200,152.902,145.643,137.026,1.1158612234174534,87.6785214225707,8.778529851047779,6.70970043634196,0.00019173004409789307,0.029932602994273465,0.021662309168600135,0.5651546837816399,905152.9,0.012779552715654952,-0.010734824281150246,0
2021-08-26,157.5,164.9,154.0,154.82,257249,155.52999999999997,147.629,138.692,1.1214057047270207,82.69778030734203,8.86460847520334,7.140682044114236,-0.010734824281150246,0.030836269535009776,0.022033133056653966,-0.7629478437154442,904868.9,0.07040434052448008,0.04753907763854803,1
2021-08-27,155.5,165.0,154.75,162.18,6232369,158.084,150.33499999999998,140.63899999999998,1.1240409843642234,85.4406130268199,9.418150320622061,7.596175699415801,0.04753907763854803,0.032113592592889414,0.023394341757118867,23.2269901923817,1501475.3,0.06320138118140338,-0.03594771241830075,0
2021-08-30,159.0,160.0,155.7,156.35,724813,157.264,151.957,142.276,1.1053445415952092,73.58030168589171,9.279436378193736,7.932827835171389,-0.03594771241830075,0.03562505888445564,0.02585638379316923,-0.8837018475639039,1419329.9,0.027502398464982484,-0.010681164055004744,0
2021-08-31,156.35,157.99,154.0,154.68,177061,156.906,153.35899999999998,143.7625,1.091425093470133,71.59507878264625,8.931789427536842,8.13262015364448,-0.010681164055004744,0.0362642940394912,0.02635582640709256,-0.755714922331691,1384726.9,0.025795190069821623,-0.010925782260149952,0
2021-09-01,155.74,158.0,152.0,152.99,819045,156.204,154.553,145.061,1.0768159601822682,68.8874921433061,8.422814871580186,8.19065909723162,-0.010925782260149952,0.03682723652341607,0.026766834821457003,3.6257786864413957,1437416.9,0.03921824955879469,-0.010066017386757387,0
2021-09-02,153.99,154.24,149.0,151.45,464742,155.53000000000003,155.53,146.154,1.064151511419462,66.62594176338828,7.805210135470759,8.113569304879448,-0.010066017386757387,0.03729899662943248,0.026994452914409568,-0.4325806274380528,1430454.6,0.03459887751733252,0.007395179927368822,1
2021-09-03,152.9,154.0,150.55,152.57,459830,153.608,155.846,147.19050000000001,1.0435999605952828,63.754975674480306,7.321728246661706,7.9552010932359005,0.007395179927368822,0.033441859468922044,0.026907540111564106,-0.010569305119829897,1335735.5,0.022612571278757217,0.02176050337549973,1
2021-09-06,154.13,156.5,153.45,155.89,303737,153.516,155.39000000000001,148.356,1.0347812019736309,65.86127890022911,7.124336701336574,7.789028214856035,0.02176050337549973,0.023750401470700837,0.027084419542840986,-0.3394580605876084,1121739.6,0.01956507793957285,0.010905125408942284,1
2021-09-07,155.99,160.0,155.89,157.59,689343,154.098,155.502,149.481,1.030886868565236,66.76804541768044,7.024108719086513,7.636044315702131,0.010905125408942284,0.022707036986070385,0.026980534339078096,1.2695391078465912,1121338.9,0.0260803350466401,-0.018782917697823476,0
2021-09-08,159.48,161.0,152.01,154.63,1534496,154.426,155.315,150.47899999999998,1.0262295735617595,62.536302032913824,6.629410343032106,7.4347175211681265,-0.018782917697823476,0.023553845321177245,0.027544104966255627,1.2260268110360153,1166268.5,0.05813878290111886,-0.11750630537411877,0
2021-09-09,134.9,140.0,133.16,136.46,792922,151.428,153.47899999999998,150.554,1.0058052260318557,39.57158962795943,4.795166198339501,6.906807256602402,-0.11750630537411877,0.04389614569908847,0.03923339684186831,-0.48326877359080767,1219835.8,0.05012457863110071,0.074967023303532,1
2021-09-10,138.0,146.69,137.88,146.69,2377598,150.252,151.93,151.1325,0.99417398640266,38.77284595300263,4.119502937416939,6.349346392765311,0.074967023303532,0.04860810959723626,0.042550275879503295,1.9985269673435724,834358.7,0.06005862703660783,-0.025018747017519827,0
2021-09-13,148.0,154.24,142.0,143.02,3048913,147.67800000000003,150.597,151.277,0.9762092056294086,38.969985238641975,3.2504276995155976,5.729562654115369,-0.025018747017519827,0.048051787018084394,0.042350933776803094,0.28235008609529455,1066768.7,0.08558243602293392,-0.0034960145434205225,0
2021-09-14,146.0,146.0,140.1,142.52,2833664,144.66400000000002,149.381,151.37,0.9556979586443813,38.62304687500002,2.4926003456097874,5.082170192414252,-0.0034960145434205225,0.04805755955527601,0.04236506897451701,-0.07059860350229741,1332429.0,0.041397698568621986,-0.011296660117878332,0
2021-09-15,142.5,143.7,139.76,140.91,1939467,141.92000000000002,148.173,151.363,0.9376135515284449,38.66710118950628,1.7420222153917564,4.414140597009753,-0.011296660117878332,0.048061002991751006,0.042459950088309516,-0.3155621132216099,1444471.2,0.027961109928323027,-0.006812859271875693,0
2021-09-16,140.99,141.5,139.1,139.95,1323503,142.618,147.023,151.2765,0.9427637471781803,29.779879934509722,1.0575291251594763,3.742818302639698,-0.006812859271875693,0.04804980898483568,0.042483878053044814,-0.3175944731207079,1530347.3,0.0171489817792069,-0.027295462665237524,0
2021-09-17,140.0,140.5,134.5,136.13,1576174,140.506,145.379,150.6125,0.9328973358784961,30.910120845921455,0.2044644063147132,3.035147523374701,-0.027295462665237524,0.048164149071416175,0.04089011624460764,0.19091078750860402,1641981.7,0.04407551605083376,-0.009770072724601397,0
2021-09-20,135.55,137.99,134.0,134.8,300759,138.86200000000002,143.26999999999998,149.32999999999998,0.9299002209870758,31.109844165716467,-0.5723180874390437,2.3136544012119526,-0.009770072724601397,0.04684931676748199,0.036571382572236126,-0.8091841382994517,1641683.9,0.029599406528189976,-0.02796735905044523,0
2021-09-21,135.6,141.0,125.0,131.03,2476828,136.564,140.614,148.05800000000002,0.9223682610868712,29.926873857404033,-1.4751269576171921,1.5558981294461238,-0.02796735905044523,0.04621598705662063,0.03665451323209913,7.235258130263766,1820432.4,0.12210944058612531,0.02045333129817606,1
2021-09-22,132.0,136.44,128.0,133.71,620445,135.124,138.52200000000002,146.9185,0.9197207975850556,34.11532951289399,-1.9518561071001272,0.8543472821368736,0.02045333129817606,0.04771706187281548,0.03717430753425545,-0.7495001671492731,1729027.3,0.06312168125046741,0.004562112033505317,1
2021-09-23,136.5,138.0,131.1,134.32,349113,133.998,138.30800000000002,145.8935,0.9184644963620724,33.508042653171884,-2.2544575078962055,0.23258632413025776,0.004562112033505317,0.030696426691500422,0.03725425253918857,-0.4373183763266688,1684646.4,0.051369863013698676,-0.00871054198927923,0
2021-09-24,134.1,135.76,131.51,133.15,317815,133.402,136.954,144.44199999999998,0.9235679373035545,28.619781872884545,-2.559179887347284,-0.3257669181652506,-0.00871054198927923,0.015057957398828247,0.03502443265675582,-0.08965005599906051,1478668.1,0.03191888847164852,-0.02223056702966586,0
2021-09-27,134.0,136.0,126.7,130.19,4129204,132.48,135.671,143.134,0.9255662526024565,24.834680382071994,-3.004883405295004,-0.8615902155912014,-0.02223056702966586,0.014762315397484987,0.03460512266498355,11.992476755345091,1586697.2,0.07143405791535447,0.028420001536216155,1
2021-09-28,131.06,135.0,130.0,133.89,1006958,133.052,134.80800000000002,142.09449999999998,0.9363627726618554,31.206959043131548,-3.024680937529922,-1.2942083599789456,0.028420001536216155,0.018990641517841134,0.035568083011974866,-0.7561375025307542,1404026.6,0.037344088430801406,-0.013892000896257972,0
2021-09-29,134.88,139.0,128.21,132.03,1446808,132.71599999999998,133.92000000000002,141.04649999999998,0.9409379176370913,44.30151788011319,-3.154098594551243,-1.6661864068934051,-0.013892000896257972,0.01908757385507536,0.03559337329974409,0.4368106713487554,1354760.7,0.081723850640006,0.05983488601075515,1
2021-09-30,130.01,141.93,128.0,139.93,8787365,133.83800000000002,133.91799999999998,140.4705,0.9527836805592635,40.749863163656265,-2.5893506210545354,-1.8508192497256313,0.05983488601075515,0.028307109180182918,0.0385560442098222,5.073622070101907,2101146.9,0.09954977488744376,-0.008218394911741589,0
2021-10-01,139.99,140.0,138.5,138.78,753076,134.964,134.18300000000002,139.781,0.965538950214979,43.768371546149304,-2.2091138826049246,-1.9224781763014902,-0.008218394911741589,0.026842646911854635,0.03848772057665418,-0.914300134340613,2018837.1,0.010808473843493299,0.008718835567084637,1
2021-10-04,138.1,140.0,135.0,139.99,642179,136.924,134.70200000000003,138.986,0.985163973349834,46.35761589403974,-1.7895083025363476,-1.8958842015484618,0.008718835567084637,0.026558107678824702,0.0381370970562476,-0.14725870961231002,2052979.1,0.03571683691692264,-0.0014286734766770781,0
2021-10-05,140.0,141.97,136.75,139.79,1658117,138.10399999999998,135.578,138.096,1.000057930714865,48.31932773109243,-1.4563186508867716,-1.807971091416124,-0.0014286734766770781,0.024221147574023983,0.03797157225370964,1.5820168519992088,1971108.0,0.037341726876028325,-0.0020745403820014996,0
2021-10-06,139.99,140.0,138.06,139.5,408306,139.598,136.157,137.3395,1.0164446499368356,49.31087289433386,-1.2018103067067898,-1.6867389344742572,-0.0020745403820014996,0.023849894313784998,0.037842288248713114,-0.7537532031816814,1949894.1,0.013906810035842277,-0.003799283154121924,0
2021-10-07,139.79,140.24,138.0,138.97,400194,139.406,136.622,137.465,1.014119957807442,54.836512261580395,-1.0309925406773743,-1.5555896557148807,-0.003799283154121924,0.023993537325433623,0.026929011555451507,-0.019867452351912562,1955002.2,0.016118586745340786,0.004533352522126943,1
2021-10-08,139.0,140.0,138.7,139.6,385389,139.57,137.267,137.1105,1.0179380864339347,58.37404047452893,-0.8351553446067044,-1.4115027934932454,0.004533352522126943,0.02359695984308131,0.02065558429242307,-0.036994557639544845,1961759.6,0.009312320916905526,0.002507163323782091,1
2021-10-11,139.85,140.85,138.7,139.95,1805535,139.56199999999998,138.243,136.957,1.019020568499602,67.67036450079237,-0.6442839762367498,-1.2580590300419463,0.002507163323782091,0.02164239233885557,0.01996587369838193,3.6849676560566076,1729392.7,0.01536262951053952,0.003715612718828254,1
2021-10-12,140.85,141.0,139.0,140.47,4110742,139.698,138.901,136.8545,1.0207775411111801,64.64471403812823,-0.4459171323430553,-1.0956306505021682,0.003715612718828254,0.020355761006759527,0.019981601385059312,1.2767445660150591,2039771.1,0.014237915569160675,-0.008685128497188055,0
2021-10-13,140.47,147.8,137.25,139.25,3051857,139.648,139.623,136.7715,1.0210314283311948,60.40523427606587,-0.3827417745078776,-0.9530528753033102,-0.008685128497188055,0.01988015273135092,0.01991601721941433,-0.25758974900395115,2200276.0,0.0757630161579893,-0.0010053859964092027,0
2021-10-14,137.52,140.0,137.52,139.11,764864,139.676,139.541,136.7295,1.0215498484233467,63.15092674315977,-0.340051773075686,-0.8304526548577853,-0.0010053859964092027,0.005559116623052148,0.019859961775323356,-0.7493775101520157,1398025.9,0.017827618431457044,-0.0007188555819137576,0
2021-10-15,139.0,139.5,138.06,139.01,718116,139.558,139.564,136.87349999999998,1.0196130003251178,72.27272727272724,-0.31070716485302796,-0.7265035568568339,-0.0007188555819137576,0.004877255181765234,0.018806913893978636,-0.061119362396452215,1394529.9,0.010358966980792732,-0.0062585425508956405,0
2021-10-18,138.1,139.8,137.0,138.14,558606,139.19599999999997,139.379,137.0405,1.0157289268500915,62.52209781968177,-0.3535772619452189,-0.6519182978745108,-0.0062585425508956405,0.004217542107739321,0.018715157323779655,-0.22212288822418658,1386172.6,0.02026929202258587,0.0124511365281601,1
2021-10-20,139.0,140.0,138.0,139.86,1189624,139.074,139.386,137.482,1.0115796977058815,73.26203208556144,-0.2459275971377508,-0.5707201577271588,0.0124511365281601,0.0060598503407510345,0.01752272867714525,1.1296298285374666,1339323.3,0.014300014300014298,-0.00672100672100695,0
2021-10-21,138.5,141.85,138.36,138.92,3503951,139.00799999999998,139.328,137.7425,1.009187433072581,44.883485309017175,-0.23376985294797237,-0.5033300967713216,-0.00672100672100695,0.006410267766365455,0.017181760617612986,1.9454272946746198,1648887.8,0.02512237258854003,-0.013748920241865803,0
2021-10-22,138.1,139.0,136.0,137.01,1221545,138.58800000000002,139.132,137.877,1.0051567701647122,41.67450611476953,-0.3739451832499867,-0.47745311406705465,-0.013748920241865803,0.007649261014022153,0.0175252837910106,-0.6513806842618519,1731022.9,0.02189621195533173,0.0,0
2021-10-25,137.01,137.98,132.05,137.01,655842,138.18800000000002,138.873,138.07,1.0008546389512567,34.18259023354567,-0.47950767641253833,-0.4778640265361514,0.0,0.007388909797357123,0.01737533819700901,-0.46310451109046336,1758068.2,0.043281512298372224,-0.007298737318443882,0
2021-10-26,133.9,137.0,132.6,136.01,198572,137.762,138.47899999999998,138.361,0.9956707453689986,31.506849315068592,-0.636520938275936,-0.5095954088841084,-0.007298737318443882,0.007397619248789627,0.016602449359942373,-0.697225856227567,1597371.9,0.03235056245864279,0.005734872435850358,1
2021-10-27,138.5,140.0,136.0,136.79,197856,137.148,138.111,138.506,0.9901953705976636,37.34827264239033,-0.6900610045418603,-0.5456885280156588,0.005734872435850358,0.007620258108706322,0.015460902027323491,-0.0036057450194387775,1206083.3,0.029241903647927482,-0.00519043789750695,0
2021-10-28,138.45,138.45,135.1,136.08,122416,136.57999999999998,137.79399999999998,138.70850000000002,0.9846548697448243,36.73094582185503,-0.7807825834733819,-0.5927073391072035,-0.00519043789750695,0.007388056636010094,0.015133339598244278,-0.3812874009380559,913139.2,0.024617871840094018,-0.020649617871840054,0
2021-10-29,137.85,137.85,131.55,133.27,290560,135.832,137.20999999999998,138.37550000000002,0.9816188559390931,25.784238714613778,-1.067122480545379,-0.6875903673948386,-0.020649617871840054,0.009360985312281217,0.007725547626503611,1.3735459417069662,865708.8,0.0472724544158474,0.027613116230209123,1
2021-11-01,134.02,138.5,134.02,136.95,471959,135.82,137.004,138.284,0.9821815972925284,40.853658536585385,-0.9857406622337521,-0.7472204263626213,0.027613116230209123,0.013786489062029566,0.010097486628655073,0.6243082323788547,841093.1,0.0327126688572471,0.014457831325301429,1
2021-11-02,135.5,139.9,135.5,138.93,304132,136.404,137.083,138.231,0.9867829936844846,45.68868980963049,-0.7527977486023474,-0.7483358908105665,0.014457831325301429,0.014513734498678746,0.010452024067177075,-0.35559656665091666,815645.7,0.03167062549485356,0.0071258907363418444,1
2021-11-03,139.5,140.45,137.36,139.92,4251524,137.03,137.089,138.2375,0.9912650330047924,51.90017016449231,-0.4827393661434769,-0.6952165858771486,0.0071258907363418444,0.014125740075825602,0.010578892794458174,12.979206397222258,1121835.7,0.022084048027444077,0.005360205831903997,1
2021-11-04,139.9,140.99,138.55,140.67,841868,137.94799999999998,137.26399999999998,138.296,0.9974836582402961,54.27631578947361,-0.20582480021542437,-0.5973382287448038,0.005360205831903997,0.01399045878619822,0.010628988130070623,-0.8019844178228795,855627.4,0.01734556053174094,0.009739105708395535,1
2021-11-05,140.3,143.2,140.0,142.04,2483755,139.702,137.767,138.4495,1.0090466198866734,57.76524859046642,0.12276438733749728,-0.4533177055283436,0.009739105708395535,0.013120287152393554,0.010772836282629794,1.950290306793939,981848.4,0.022528865108420084,-0.0002112081103914365,0
2021-11-08,141.4,143.3,140.5,142.01,1706673,140.714,138.267,138.57,1.0154723244569532,60.36422067487949,0.37641387174693364,-0.28737139007328816,-0.0002112081103914365,0.01312705412596161,0.010746573767724714,-0.31286580198127434,1086931.5,0.019716921343567437,-0.0063375818604322065,0
2021-11-09,141.01,143.0,140.5,141.11,1196114,141.15,138.777,138.628,1.01819257292899,53.50140056022409,0.499057611705922,-0.13008558971744613,-0.0063375818604322065,0.013041070648466197,0.010858826782326315,-0.29915455391864754,1186685.7,0.0177166749344483,0.004393735383743103,1
2021-11-10,141.2,142.0,140.05,141.73,336922,141.512,139.27100000000002,138.69099999999997,1.0203401806894465,58.01483171705652,0.6389174351870963,0.023715015263462355,0.004393735383743103,0.013025439469510309,0.010870551341008073,-0.7183194912859476,1200592.3,0.013758554998941571,-0.004162844845833624,0
2021-11-11,141.11,142.98,140.85,141.14,468665,141.606,139.777,138.7855,1.020322728238901,62.73904996915489,0.6941475825277621,0.1578015287163223,-0.004162844845833624,0.01295196749563882,0.010715308778391596,0.39101928636301575,1235217.2,0.01509139861130789,-0.007510273487317365,0
2021-11-12,141.5,141.95,139.25,140.08,442945,141.214,140.458,138.834,1.0171427748246107,58.88824551244946,0.6449501471675774,0.2552312524065733,-0.007510273487317365,0.010668852166482803,0.010868341625755189,-0.0548792847769729,1250455.7,0.019274700171330584,-0.008280982295831185,0
2021-11-15,139.03,140.0,138.02,138.92,126199,140.59599999999998,140.655,138.8295,1.0127242408854025,58.34767641996561,0.506519676191175,0.3054889371634937,-0.008280982295831185,0.007916031658959105,0.0110396314640596,-0.7150910383907709,1215879.7,0.01425280737114879,0.01000575871004905,1
2021-11-16,139.99,141.0,138.76,140.31,837349,140.43599999999998,140.79299999999998,138.93800000000002,1.0107817875599185,59.756097560975675,0.5031736413669989,0.34502587800419476,0.01000575871004905,0.0071960871596109,0.011150861943899823,5.635147663610646,1269201.4,0.01596464970422642,0.02138122728244607,1
2021-11-17,141.65,144.9,141.65,143.31,930359,140.752,141.132,139.1105,1.011799971964733,67.78160354156421,0.734134170876672,0.42284753657869023,0.02138122728244607,0.009564123840040017,0.011800213363476718,0.11107674338895723,937084.9,0.022678110390063497,0.027213732468076346,1
2021-11-18,144.0,149.0,142.35,147.21,2369252,141.966,141.786,139.525,1.0174950725676402,82.5396825396826,1.2178310624198332,0.5818442417469188,0.027213732468076346,0.012386393266187828,0.012970168037157087,1.5465997534285152,1089823.3,0.04517356157869713,0.01806942463147876,1
2021-11-19,146.15,152.4,146.15,149.87,2173110,143.924,142.56900000000002,140.168,1.0267964157296958,81.66666666666674,1.7951111790144125,0.8244976292004176,0.01806942463147876,0.013031994412037092,0.012759686870316662,-0.08278646593946104,1058758.8,0.04170280910122106,0.02482151197704674,1
2021-11-22,154.88,157.0,152.5,153.59,1078935,146.858,143.727,140.997,1.0415682603175953,83.10749774164414,2.5236911999472795,1.16433634334979,0.02482151197704674,0.014176400805653229,0.013478411477691684,-0.5035064952993635,995985.0,0.02929878247281724,-0.02441565206068108,0
2021-11-23,155.0,155.0,148.5,149.84,689028,148.76399999999998,144.6,141.6885,1.0499370097079155,69.91967871485949,2.7666106898525413,1.4847912126503404,-0.02441565206068108,0.017061296830119338,0.014830469109628524,-0.3613813621765908,945276.4,0.04337960491190603,-0.015616657768286246,0
2021-11-24,149.0,149.0,145.01,147.5,567823,149.602,145.177,142.224,1.0518759140510745,62.89165722914311,2.738737233911081,1.7355804169024887,-0.015616657768286246,0.01841048786509201,0.015523882142644682,-0.17590722002589154,968366.5,0.02705084745762718,0.0016949152542373724,1
2021-11-25,147.0,148.95,146.5,147.75,290583,149.70999999999998,145.83800000000002,142.80749999999998,1.0483342961679183,61.25344895545923,2.7056313953938513,1.9295906126007614,0.0016949152542373724,0.0182086705319822,0.015387651803021145,-0.48825074010739267,950558.3,0.01658206429780026,0.005482233502538181,1
2021-11-26,147.75,149.0,147.0,148.56,925024,149.448,146.686,143.57199999999997,1.0409272002897503,62.5239005736138,2.7134757510240206,2.086367640285413,0.005482233502538181,0.017693999175678442,0.01422933642648332,2.183338323301776,998766.2,0.013462574044157242,0.01810716208939156,1
2021-11-29,148.01,158.9,147.1,151.25,922336,148.98,147.919,144.28699999999998,1.0325254527434904,68.14602720114529,2.9032857077026506,2.249751253768861,0.01810716208939156,0.017284629346316433,0.013598029192444737,-0.002905870550385714,1078379.9,0.07801652892561992,-0.016925619834710748,0
2021-11-30,151.0,151.0,148.0,148.69,1484434,148.75,148.757,144.775,1.0274563978587463,61.64658634538153,2.8146948109955474,2.3627399652141983,-0.016925619834710748,0.01906096195786476,0.014252225347480024,0.6094286680775769,1143088.4,0.020176205528280314,0.0020848745712556127,1
2021-12-01,148.5,150.0,147.5,149.0,461829,149.05,149.326,145.22899999999998,1.0263101722107846,63.27702702702704,2.737939039376073,2.4377797800465735,0.0020848745712556127,0.01828985479770902,0.014229221776979996,-0.6888854607210559,1096235.4,0.016778523489932886,-0.04785234899328861,0
2021-12-02,149.0,149.0,139.5,141.87,1541660,147.87399999999997,148.792,145.28900000000002,1.0177921246618804,52.509111298009515,2.0778262378009913,2.365789071597457,-0.04785234899328861,0.022619342387007368,0.018226345279334612,2.3381619603792747,1013476.2,0.0669627123422852,0.029393106364981936,1
2021-12-03,141.0,148.88,139.0,146.04,1240441,147.37,148.409,145.489,1.012928812487542,59.203722854188214,1.8696144845692402,2.2665541541918137,0.029393106364981936,0.02405453725775558,0.019247183303972945,-0.19538614221034467,920209.3,0.06765269789098874,-0.005546425636811847,0
2021-12-06,147.5,149.0,145.0,145.23,187855,146.166,147.573,145.65,1.0035427394438723,56.456692913385815,1.6205640854894057,2.1373561404513324,-0.005546425636811847,0.022083057993386224,0.019309991800069808,-0.8485578919110219,831101.3,0.02754251876334091,-0.0018591200165254396,0
2021-12-07,146.0,147.5,144.51,144.96,227014,145.42,147.08499999999998,145.84250000000003,0.9971030392375334,52.33248515691265,1.3854327006206972,1.9869714524852053,-0.0018591200165254396,0.021048057227832838,0.01924261273178722,0.20845332836496233,784899.9,0.020626379690949288,-0.012555187637969256,0
2021-12-08,145.01,146.0,143.0,143.14,132656,144.248,146.649,145.913,0.988589090759562,43.887053169119824,1.0402393626111177,1.797625034510388,-0.012555187637969256,0.02086732214951257,0.0194813079005655,-0.41564837410908584,741383.2,0.020958502165711893,-0.01704624842811231,0
2021-12-09,143.4,144.0,139.45,140.7,921128,144.01399999999998,145.944,145.891,0.9871342303500558,36.13547021469606,0.5632902873886394,1.5507580850860383,-0.01704624842811231,0.021256953979259394,0.01985908480941155,5.943734169581474,804437.7,0.032338308457711525,0.009026297085998669,1
2021-12-10,140.01,143.5,139.0,141.97,298050,143.2,145.285,145.9855,0.9809193378794469,31.02547354670149,0.28450351577686206,1.297507171224203,0.009026297085998669,0.02147349777202124,0.019872768119339794,-0.6764293344681738,741740.3,0.031696837360005635,-0.014157920687469128,0
2021-12-13,142.5,142.9,139.5,139.96,266169,142.146,144.156,146.0375,0.9733527347427886,32.89473684210526,-0.09750325418423245,1.018505086142516,-0.014157920687469128,0.020110457268934387,0.020057619930471716,-0.10696527428283842,676123.6,0.02429265504429841,-0.0025007144898542277,0
2021-12-14,140.0,140.3,138.75,139.61,828563,141.076,143.248,146.0025,0.966257427098851,35.329118631461526,-0.4236053872969592,0.730082991454621,-0.0025007144898542277,0.019878750559129587,0.01994243115466982,2.1129207383279045,610536.5,0.011102356564716075,0.010887472244108354,1
2021-12-15,140.0,142.45,137.51,141.13,716238,140.674,142.46099999999998,145.8935,0.9642239030525693,38.24573863636362,-0.5530175384559755,0.4734628854725017,0.010887472244108354,0.020467698347519974,0.019481332688759036,-0.13556603420621005,635977.4,0.03500318854956422,-0.009140508750797083,0
2021-12-16,141.01,145.25,138.75,139.84,1532916,140.502,142.25799999999998,145.525,0.9654835938842123,34.776536312849146,-0.7510126137121063,0.22856778563558014,-0.009140508750797083,0.014214306157530627,0.01841807947534957,1.1402327159407908,635103.0,0.04648169336384439,-0.005720823798627039,0
2021-12-17,140.75,140.75,137.51,139.04,898673,139.916,141.55800000000002,144.9835,0.9650477468125683,27.177570093457916,-0.9613960759360225,-0.009424986678740394,-0.005720823798627039,0.009244160113523591,0.017783643534817276,-0.4137493509102912,600926.2,0.023302646720368306,0.0012226697353281413,1
2021-12-20,139.0,142.0,138.4,139.21,798407,139.76600000000002,140.956,144.2645,0.9688176925023136,30.541871921182278,-1.1017090896335446,-0.22788180726970125,0.0012226697353281413,0.00943429874371617,0.01653848859997184,-0.11157117216162049,661981.4,0.02586021119172469,-0.020903670713310785,0
2021-12-21,139.5,139.5,136.0,136.3,752498,139.10399999999998,140.09,143.5875,0.9687751371115172,26.446587537092,-1.4312226007682227,-0.46854996596940557,-0.020903670713310785,0.010744048519727708,0.016336351141207513,-0.05750074836518215,714529.8,0.025678650036683785,0.003374908290535439,1
2021-12-22,136.3,137.7,133.5,136.76,1041298,138.23000000000002,139.452,143.0505,0.9663021100939879,37.40758994578604,-1.6363830713065965,-0.7021165870368438,0.003374908290535439,0.010859118246224517,0.016213558135026007,0.38378839545088494,805394.0,0.030710734132787285,-0.005264697279906416,0
2021-12-23,137.79,137.79,136.0,136.04,281239,137.47,138.98600000000002,142.465,0.9649387568876566,20.30878859857478,-1.8359089890069527,-0.9288750674308657,-0.005264697279906416,0.009946983158291726,0.016167499026789475,-0.7299149715067157,741405.1,0.013157894736842047,-0.009703028521023227,0
2021-12-24,136.99,136.99,134.0,134.72,327384,136.606,138.26100000000002,141.77299999999997,0.9635544144512709,19.711815561959625,-2.0766098192393656,-1.1584220177925657,-0.009703028521023227,0.00909090938882126,0.016055192230497024,0.16407752836555378,744338.5,0.022194180522565388,0.002894893111639041,1
2021-12-27,134.92,136.45,134.0,135.11,1260626,135.786,137.776,140.966,0.9632535505015394,21.80881511161992,-2.2104169105127482,-1.3688209963366023,0.002894893111639041,0.00881718829685283,0.015255572231511425,2.8506035725631063,843784.2,0.01813337280734208,-0.0038487158611502092,0
2021-12-28,135.0,136.0,134.1,134.59,105871,135.44400000000002,137.274,140.26100000000002,0.9656568825261477,23.562152133580724,-2.3315430713620913,-1.5613654113417001,-0.0038487158611502092,0.008810764262502923,0.015019164679350779,-0.9160171216522585,771515.0,0.014116947767293303,0.004383683780370129,1
2021-12-29,135.9,135.9,134.5,135.18,140046,135.12800000000001,136.679,139.57,0.9681736762914668,30.726256983240276,-2.35280666665588,-1.7196536624045362,0.004383683780370129,0.007803321412244882,0.015083773990671494,0.32279850006139554,713895.8,0.01035656162154169,0.010208610741233803,1
2021-12-30,135.0,137.5,135.0,136.56,1534817,135.232,136.351,139.3045,0.9707654813735379,31.254331254331248,-2.232568096966901,-1.8222365493170094,0.010208610741233803,0.008797198846813386,0.011516104988374855,9.959377633063422,714085.9,0.01830697129466901,-0.017940831868775597,0
2021-12-31,136.7,139.9,133.51,134.11,1292347,135.11,135.858,138.708,0.9740606165469909,30.329522528581023,-2.308363313342028,-1.9194619021220132,-0.017940831868775597,0.010075529283051552,0.009434637329622781,-0.15797974611957,753453.3,0.047647453582879834,0.001043919170829799,1
2022-01-03,134.97,135.0,133.34,134.25,431863,134.93800000000002,135.362,138.159,0.9766862817478414,31.718963165074953,-2.3302728040821705,-2.001624082514045,0.001043919170829799,0.010066260540255901,0.009500344141252942,-0.6658304619424968,716798.9,0.01236499068901301,0.004394785847299909,1
2022-01-04,134.95,135.19,133.75,134.84,507666,134.988,135.21599999999998,137.653,0.9806397245247107,27.09395484340861,-2.273817017008696,-2.0560626694129756,0.004394785847299909,0.008240987121837125,0.009671733580317534,0.17552557176697237,692315.7,0.010679323642835937,0.0020765351527736176,1
2022-01-05,134.1,135.7,134.0,135.12,727711,134.976,135.052,137.252,0.9834173636814034,31.446540880503136,-2.181336648025109,-2.0811174651354025,0.0020765351527736176,0.00817355459900482,0.009508088686303316,0.4334444299992515,660957.0,0.012581409117821112,0.003034339846062828,1
2022-01-06,135.55,137.24,134.6,135.53,949285,134.77,135.001,136.9935,0.9837693029231314,35.76642335766425,-2.051315428473572,-2.0751570578030365,0.003034339846062828,0.008133446122141069,0.008973722469650605,0.3044807622806307,727761.6,0.01947908212203951,0.005164908138419522,1
2022-01-07,136.97,136.97,134.73,136.23,1175099,135.19400000000002,135.152,136.7065,0.9889361515363206,38.41368584758931,-1.8702296817768058,-2.03417158259779,0.005164908138419522,0.007572425272879796,0.008766976245564214,0.23787798184949716,812533.1,0.01644278059164655,0.014314027747192481,1
2022-01-10,136.0,139.0,135.55,138.18,553428,135.98000000000002,135.459,136.6175,0.9953336871191466,57.89915966386554,-1.551484670185033,-1.9376342001152387,0.014314027747192481,0.008650514537690345,0.009001591948114345,-0.5290371279356036,741813.3,0.024967433782023363,-0.0039079461571864815,0
2022-01-11,137.51,139.0,137.0,137.64,380377,136.54000000000002,135.76399999999998,136.519,1.0001538247423436,53.672787979966586,-1.3271518585939361,-1.8155377318109784,-0.0039079461571864815,0.008655198533929275,0.009022696942585619,-0.31268927484695386,769263.9,0.014530659691950016,0.006102877070619073,1
2022-01-12,138.0,139.49,137.5,138.48,483583,137.212,136.094,136.3865,1.0060526518387083,60.082644628099146,-1.0692597485599435,-1.6662821351607717,0.006102877070619073,0.008718531428263702,0.008759686740481325,0.27132555333261466,803617.6,0.014370306181398102,0.0007221259387639734,1
2022-01-13,138.99,139.5,137.51,138.58,259767,137.822,136.296,136.3235,1.0109922353812806,67.73897058823528,-0.8470450213417564,-1.5024347123969688,0.0007221259387639734,0.00828578859428569,0.008547030810359632,-0.4628285113413829,676112.6,0.014359936498773335,0.003535863761004343,1
2022-01-14,138.7,139.95,138.11,139.07,539930,138.39000000000001,136.792,136.325,1.0151476251604623,68.03278688524577,-0.6242039100301611,-1.3267885519236073,0.003535863761004343,0.0046897313585177024,0.008495211746189186,1.0785165167246031,600870.9,0.01323074710577389,-0.0009347810455165861,0
2022-01-17,140.0,140.0,138.05,138.94,538877,138.54199999999997,137.26100000000002,136.3115,1.016363256218294,70.5382436260623,-0.45287023125291626,-1.1520048877894693,-0.0009347810455165861,0.0048507950106036184,0.008493171558158553,-0.001950252810549502,611572.3,0.014034835180653437,0.0039585432560818035,1
2022-01-18,139.65,139.9,138.3,139.49,793324,138.91199999999998,137.72599999999997,136.471,1.017886583962893,70.42654028436019,-0.26959888484623207,-0.9755236872008219,0.0039585432560818035,0.00484331284737985,0.0069640379209107706,0.47218010789104015,640138.1,0.011470356297942463,-0.010753459029321122,0
2022-01-19,139.98,140.0,137.0,137.99,791940,138.81400000000002,138.013,136.5325,1.0167103070697454,56.70103092783507,-0.24259599082563454,-0.8289381479257846,-0.010753459029321122,0.006611418615948803,0.007430669379649533,-0.0017445583393418396,646561.0,0.021740705848249872,0.002898760779766585,1
2022-01-20,137.99,139.0,136.02,138.39,738642,138.776,138.299,136.65,1.015557994877424,74.82598607888613,-0.18676641869183186,-0.700503802078994,0.002898760779766585,0.006609482309378167,0.007322264055552319,-0.0673005530722024,625496.7,0.021533347785244527,-0.009899559216706266,0
2022-01-21,138.71,138.99,136.6,137.02,491914,138.36599999999999,138.378,136.76500000000001,1.0117062113844915,64.06091370558381,-0.2501846579751259,-0.6104399732582204,-0.009899559216706266,0.007493503200960647,0.007337333613951074,-0.33402920494637456,557178.2,0.01744270909356309,0.001678587067581283,1
2022-01-24,137.02,138.0,136.32,137.25,379500,138.028,138.285,136.872,1.008445847214916,62.69757639620655,-0.2786726271232851,-0.5440865040312334,0.001678587067581283,0.005798359817017776,0.007324718017043506,-0.22852368503437592,539785.4,0.012240437158469996,-0.0008014571948998794,0
2022-01-25,137.0,139.49,136.7,137.14,720358,137.558,138.235,136.99949999999998,1.0040766572140776,60.83690987124455,-0.30659143341173944,-0.49658748990733464,-0.0008014571948998794,0.005687158914038147,0.007254027640008837,0.8981765480895916,573783.5,0.02034417383695509,0.00823975499489582,1
2022-01-26,138.0,138.9,137.1,138.27,235864,137.61399999999998,138.214,137.154,1.0033538941627658,63.64541832669324,-0.23482877243077382,-0.4442357464120225,0.00823975499489582,0.005988678451595016,0.007399489712638003,-0.6725739146368889,549011.6,0.013018008244738637,0.0018080567006582005,1
2022-01-27,139.33,139.5,137.8,138.52,902000,137.64000000000001,138.208,137.252,1.0028269169119577,61.93952033368098,-0.15598533408464732,-0.3865856639465475,0.0018080567006582005,0.006015743484208477,0.007090603762077994,2.8242376962995626,613234.9,0.0122725960150158,-0.0051978053710655114,0
2022-01-28,137.11,142.37,137.11,137.8,418816,137.796,138.081,137.4365,1.002615753457051,47.72727272727276,-0.14987169624555463,-0.33924287040634893,-0.0051978053710655114,0.006074707134973065,0.005774281246402592,-0.5356807095343681,601123.5,0.038171262699564515,-0.005805515239477588,0
2022-01-31,139.0,139.0,136.4,137.0,806112,137.746,137.887,137.574,1.0012502362364981,46.28770301624138,-0.2071915333089862,-0.31283260298687643,-0.005805515239477588,0.006269908679556377,0.005993828341844997,0.9247402200488997,627847.0,0.01897810218978098,0.002116788321167906,1
2022-02-01,137.84,137.84,137.0,137.29,696601,137.776,137.667,137.6965,1.000577356722938,42.627013630731106,-0.22660517735232588,-0.29558711785996633,0.002116788321167906,0.006120700574181549,0.005948020333814636,-0.13585084950974557,618174.7,0.006118435428654698,0.0033505717823585357,1
2022-02-02,138.39,138.78,137.25,137.75,731814,137.67200000000003,137.64299999999997,137.828,0.9988681545114202,45.07710557532613,-0.20253774545062697,-0.2769772433780985,0.0033505717823585357,0.0053457690720190715,0.005967875435425412,0.0505497408128901,612162.1,0.011107078039927413,-0.00014519056261352858,0
2022-02-03,138.25,139.06,137.4,137.73,445357,137.51399999999998,137.577,137.938,0.9969261552291608,41.58291457286431,-0.18296881452536695,-0.2581755576075522,-0.00014519056261352858,0.005237744067747135,0.005952634647674439,-0.39143416223247984,582833.6,0.012052566615842567,-0.005155013432077138,0
2022-02-04,138.7,138.7,136.9,137.02,217171,137.358,137.577,137.9775,0.9955101375224222,38.75878220140522,-0.22219009297964476,-0.2509784646819707,-0.005155013432077138,0.004442789253657049,0.006003452698194258,-0.5123664835177173,555359.3,0.013136768354984549,-0.00532768938841055,0
2022-02-07,137.02,137.49,135.99,136.29,115650,137.216,137.481,137.88299999999998,0.995162565363388,31.65137614678889,-0.30862055224747564,-0.2625068821950717,-0.00532768938841055,0.0046954779096968205,0.005135129152279703,-0.4674703344369183,528974.3,0.011005943209333041,-0.0046224961479198745,0
2022-02-08,137.0,137.39,135.0,135.66,240885,136.89,137.333,137.78400000000002,0.9935115833478486,35.15923566878972,-0.4230760909644573,-0.29462072394894884,-0.0046224961479198745,0.004858055296942486,0.0051612195347068525,1.0828793774319068,481027.0,0.017617573345127424,0.02115583075335392,1
2022-02-09,136.48,139.1,135.85,138.53,357729,137.046,137.35899999999998,137.7865,0.9946257434509187,50.67829457364348,-0.2789819849340063,-0.29149297614596037,0.02115583075335392,0.008186298699354685,0.006983220355870918,0.4850613363223115,493213.5,0.023460622247888543,-0.005486176279506205,0
2022-02-10,139.77,139.77,137.01,137.77,1094182,137.054,137.284,137.746,0.9949762606536668,53.86199794026775,-0.2235352410647522,-0.27790142912971877,-0.005486176279506205,0.008352142428161532,0.007088544310718583,2.0586896784996465,512431.7,0.0200333889816362,0.03796182042534646,1
2022-02-11,138.9,148.07,137.11,143.0,449884,138.25,137.804,137.9425,1.0022291896986064,69.54452753229091,0.239661327391957,-0.17438887782538362,0.03796182042534646,0.01452889374422081,0.011103780884432651,-0.5888398822133796,515538.5,0.0766433566433565,-0.021608391608391675,0
2022-02-14,140.68,145.0,139.6,139.91,403471,138.974,138.095,137.99099999999999,1.007123652991862,57.829282080271355,0.353337712053019,-0.06884355984970311,-0.021608391608391675,0.01642586651211578,0.012241644176656342,-0.10316659405535644,475274.4,0.03859624044028308,-0.00693302837538412,0
2022-02-15,139.91,139.91,138.75,138.94,1220044,139.63,138.26000000000002,137.9635,1.012079281839037,51.911009697661115,0.3609948486158885,0.017124121843415205,-0.00693302837538412,0.016679767083554405,0.01231788716043876,2.0238703649085066,527618.7,0.008348927594645146,0.006477616237224648,1
2022-02-16,140.0,145.0,139.4,139.84,384206,139.892,138.469,138.05599999999998,1.013298951150258,53.63036303630361,0.43467500006983073,0.10063429748869832,0.006477616237224648,0.016751244458587545,0.012136733217119737,-0.685088406647629,492857.9,0.04004576659038898,-0.0021453089244851675,0
2022-02-17,141.0,141.0,139.0,139.54,303948,140.246,138.65,138.1135,1.0154401995460256,54.89864864864859,0.4635164292708396,0.1732107238451266,-0.0021453089244851675,0.016786721736259752,0.012141816636645007,-0.20889314586445817,478717.0,0.014332807797047443,-0.0012899527017341539,0
2022-02-18,139.5,139.6,139.0,139.36,183266,139.518,138.88400000000001,138.2305,1.0093141528099805,56.884480746791176,0.4664717777414751,0.2318629346243963,-0.0012899527017341539,0.016662248893836492,0.011904640563666614,-0.39704817929382663,475326.5,0.004305396096440831,-0.020665901262916342,0
2022-02-21,139.0,140.8,136.01,136.48,820944,138.832,138.90300000000002,138.192,1.0046312376982747,47.94728839330968,0.2337277142612777,0.2322358905517726,-0.020665901262916342,0.01804198970002371,0.012840750309216076,3.479521569740159,545855.9,0.035096717467760996,0.01084407971864021,1
2022-02-22,135.25,139.75,135.25,137.96,728001,138.63600000000002,139.13299999999998,138.233,1.0029153675316316,50.506024096385566,0.16677749114421658,0.2191442106702614,0.01084407971864021,0.01823649638193425,0.01307413497394003,-0.11321478687949482,594567.5,0.03261815018846042,-0.015874166425050684,0
2022-02-23,137.0,138.5,134.1,135.77,463744,137.822,138.85700000000003,138.108,0.9979291568917079,45.724258289703364,-0.06227784025685423,0.16285980048483828,-0.015874166425050684,0.01762584693813752,0.013418384519247116,-0.3629898860029038,605169.0,0.03240774839802611,-0.03167120866170736,0
2022-02-24,135.77,135.77,130.0,131.47,678041,136.20800000000003,138.227,137.7555,0.9887663287491245,39.532251980384764,-0.5840473695282355,0.01347836648222353,-0.03167120866170736,0.020006672195994547,0.01506019531593699,0.4621019355506486,563554.9,0.04388833954514346,0.021145508481022368,1
2022-02-25,132.12,134.98,132.0,134.25,463262,135.186,137.352,137.578,0.9826134992513338,46.428571428571445,-0.7644189680225963,-0.14210110041874047,0.021145508481022368,0.016428737883294225,0.01593831739557219,-0.31676403049373125,564892.7,0.02219739292364983,0.03918063314711362,1
2022-02-28,135.5,141.0,133.0,139.51,1069302,135.792,137.31199999999998,137.70350000000002,0.9861187261035484,55.7999397408858,-0.4774232805977192,-0.20916553645453623,0.03918063314711362,0.020758368089202523,0.01825739504552653,1.3082014065474827,631475.8,0.057343559601462264,-0.008673213389721046,0
2022-03-01,138.51,143.99,137.3,138.3,388629,135.85999999999999,137.248,137.754,0.9862508529697867,49.635267998731386,-0.34365260491614436,-0.23606295014685788,-0.008673213389721046,0.02082925095766125,0.018383675997449913,-0.6365582407963326,548334.3,0.04837310195227763,-0.0036876355748374223,0
2022-03-02,137.01,138.45,136.85,137.79,510283,136.26399999999998,137.043,137.756,0.9891692557855918,50.03196930946288,-0.2756140116622987,-0.24397316244994607,-0.0036876355748374223,0.02071122356332117,0.01839412068717453,0.3130337674234296,560942.0,0.011611873140285901,-0.012918208868568093,0
2022-03-03,138.4,138.4,135.75,136.01,91056,137.17199999999997,136.69,137.67000000000002,0.9963826541730221,37.44160977362559,-0.36116082308262776,-0.2674106945764824,-0.012918208868568093,0.02103860622225913,0.018626066257074907,-0.8215578414330871,539652.8,0.019483861480773516,-0.0015440041173441221,0
2022-03-04,135.51,137.0,135.5,135.8,356890,137.482,136.334,137.609,0.9990770952481305,41.76352705410825,-0.4408210220805131,-0.3020927600772886,-0.0015440041173441221,0.021037322517618036,0.018595684320393085,2.9194561588473027,557015.2,0.011045655375552282,-0.02216494845360839,0
2022-03-07,135.11,135.8,132.5,132.79,459172,136.13799999999998,135.965,137.43400000000003,0.9905700190636957,38.60689144127455,-0.7383232176249521,-0.3893388515868213,-0.02216494845360839,0.02118685785416036,0.019207111186170654,0.2865925074953066,520838.0,0.02485126892085256,-0.016266285111830703,0
2022-03-08,133.8,133.8,128.01,130.63,231137,134.60399999999998,135.23200000000003,137.1825,0.9812038707561094,33.69911504424779,-1.1353027358706242,-0.5385316284435819,-0.016266285111830703,0.021018315724948257,0.019493013764023747,-0.4966221807949962,471151.6,0.044323662252162756,0.00015310418739966636,1
2022-03-09,131.0,133.88,128.9,130.65,491774,133.17600000000002,134.72,136.7885,0.9735906161702191,34.107972828030086,-1.4317932104406168,-0.717183944842989,0.00015310418739966636,0.020726994727405346,0.018747941887769147,1.1276299337622278,473954.6,0.038117106773823115,0.03980099502487544,1
2022-03-10,130.7,139.99,129.95,135.85,1778979,133.144,135.15800000000002,136.6925,0.9740402728752493,44.68020612306758,-1.232954770739724,-0.8203381100223359,0.03980099502487544,0.022255286091218407,0.0210006585858665,2.617472660205704,584048.4,0.07390504232609511,-0.034965034965035,0
2022-03-11,134.1,136.25,128.75,131.1,821004,132.204,134.84300000000002,136.0975,0.9713918330608572,42.28341939185313,-1.4420362807092317,-0.9446777441597152,-0.034965034965035,0.02429294966079137,0.020291328639577146,-0.538497081753073,619822.6,0.057208237986270026,-0.008695652173912993,0
2022-03-14,130.03,131.0,129.4,129.96,49038,131.638,133.888,135.6,0.9707817109144543,38.41251448435689,-1.680353289594649,-1.091812853246702,-0.008695652173912993,0.01949562533605161,0.01990808031008945,-0.940270692956429,517796.2,0.012311480455524732,-0.0027700831024931594,0
2022-03-15,131.0,131.0,128.5,129.6,1034201,131.43200000000002,133.01799999999997,135.133,0.972612167272243,40.56286326093604,-1.8766375183271293,-1.2487777862627873,-0.0027700831024931594,0.019525185206981432,0.019891994495618924,20.0897875117256,582353.4,0.019290123456790126,0.013040123456790065,1
2022-03-16,131.0,133.0,130.0,131.29,752345,131.56,132.368,134.7055,0.9766490603575949,49.70079787234041,-1.8742204608574013,-1.3738663211817101,0.013040123456790065,0.020468195023519795,0.020114415594220655,-0.2725350294575233,606559.6,0.02285017899306878,0.0024373524259275747,1
2022-03-17,132.0,133.49,131.3,131.61,319338,130.71200000000002,131.928,134.309,0.9732184738178381,45.22085445329474,-1.8254410516049688,-1.4641812672663619,0.0024373524259275747,0.02035323867432129,0.02015023466242182,-0.5755431351308242,629387.8,0.016640072942785484,-0.022414710128409787,0
2022-03-18,130.1,130.1,128.25,128.66,1561921,130.224,131.214,133.774,0.9734627057574715,28.565784274990165,-2.001748454024238,-1.5716947046179373,-0.022414710128409787,0.021227534291846154,0.020619027028818532,3.8911216328780167,749890.9,0.01437898336701379,-0.004585729830561158,0
2022-03-21,129.5,129.5,128.0,128.07,1149361,129.846,130.74200000000002,133.3535,0.973697728218607,29.28311057108141,-2.164134613138799,-1.6901826863221099,-0.004585729830561158,0.020375896436816376,0.02023611137144274,-0.2641362783393014,818909.8,0.01171234481143125,-0.012337003201374208,0
2022-03-22,126.75,128.0,126.0,126.49,2449813,129.224,130.328,132.78,0.9732188582617863,28.066770186335432,-2.392737619702757,-1.8306936729982395,-0.012337003201374208,0.02013727385153082,0.02006570344903555,1.1314565223632957,1040777.4,0.01581152660289351,0.0026089018894774885,1
2022-03-24,127.0,127.87,123.15,126.82,2036931,128.32999999999998,129.945,132.33249999999998,0.9697542175958287,31.098313451254654,-2.518250087868779,-1.9682049559723476,0.0026089018894774885,0.020195346402392934,0.019921967853221024,-0.1685361290841383,1195293.1,0.03721810439993691,0.016795458129632568,1
2022-03-25,127.5,129.3,126.3,128.95,399377,127.798,129.255,132.2065,0.9666544383218677,36.9424323293938,-2.417973530587261,-2.0581586708953306,0.016795458129632568,0.015589983042552304,0.01921369349006902,-0.8039319937690574,1057332.9,0.02326483132997297,0.008142690965490695,1
2022-03-28,127.1,130.5,127.1,130.0,133189,128.06599999999997,129.145,131.994,0.9702410715638587,44.25216316440052,-2.228093338636313,-2.092145604443527,0.008142690965490695,0.011944638438972172,0.018643820094517538,-0.6665080863444816,988551.4,0.026153846153846198,0.010461538461538522,1
2022-03-29,131.85,134.4,130.0,131.36,554147,128.72400000000002,129.285,131.5865,0.9782462486653267,51.555176821474255,-1.9454454009125186,-2.0628055637373253,0.010461538461538522,0.012069256324731716,0.01631021368689714,3.1606063563807822,1039062.3,0.03349573690621198,-0.010124847746650567,0
2022-03-30,131.5,131.5,128.2,130.03,291300,129.43200000000002,129.328,131.173,0.9867274515334712,48.74899112187247,-1.8079241345943444,-2.0118292779087295,-0.010124847746650567,0.012548438391797844,0.01634055664525932,-0.4743272092062214,964772.2,0.025378758747981324,0.007152195647158299,1
2022-03-31,130.0,131.1,129.75,130.96,976345,130.26,129.29500000000002,130.8315,0.9956317859231147,38.0789858605559,-1.6053883944921097,-1.9305411012254057,0.007152195647158299,0.01201642582623241,0.016493912791089728,2.351682114658428,987172.2,0.010308491142333493,0.012064752596212536,1
2022-04-01,131.33,135.05,125.05,132.54,4106588,130.978,129.38799999999998,130.658,1.002449142034931,54.15224913494808,-1.3023716363551046,-1.8049072082513455,0.012064752596212536,0.012620480189052683,0.016601851503768604,3.2060828907814347,1365897.2,0.07544892108042867,-0.05319148936170215,0
2022-04-04,129.06,130.49,124.5,125.49,890648,130.07600000000002,129.07099999999997,130.14249999999998,0.9994890216493462,40.38709677419355,-1.6125166647508422,-1.766429099551245,-0.05319148936170215,0.02031274510873024,0.020275089084136427,-0.7831172739997292,1298769.9,0.04773288708263614,0.020479719499561844,1
2022-04-05,125.6,129.29,125.6,128.06,158549,129.416,129.07,129.906,0.9962280418148507,46.97564807541244,-1.6321172805623405,-1.7395667357534643,0.020479719499561844,0.02151072019216455,0.020477128979571133,-0.8219846673433275,1199688.7,0.028814618147743228,0.00835545837888474,1
2022-04-06,129.45,129.45,128.6,129.13,92789,129.236,129.334,129.831,0.9954171191780083,45.6521739130435,-1.5435181359068224,-1.7003570157841361,0.00835545837888474,0.021162603669202067,0.020288926260309332,-0.41476136714832634,963986.3,0.0065825137458374846,-0.017037094400991215,0
2022-04-07,129.0,130.0,126.25,126.93,1232191,128.43,129.345,129.645,0.990628254078445,41.24251497005988,-1.6320114768643634,-1.6866879080001818,-0.017037094400991215,0.022022536540355547,0.020626481190882815,12.279494336613176,883512.3,0.029543843063105646,0.06129362640825642,1
2022-04-08,130.0,135.9,130.0,134.71,816708,128.86399999999998,129.921,129.58800000000002,0.994413062937926,59.58795562599051,-1.0621186644879401,-1.5617740592977334,0.06129362640825642,0.02908639831277828,0.023267935467582004,-0.33719041934245586,925245.4,0.0437977878405464,0.047583698314898726,1
2022-04-11,137.0,143.0,137.0,141.12,3981840,131.98999999999998,131.033,130.089,1.014613072588766,67.46052983676748,-0.09217849907062714,-1.2678549472523124,0.047583698314898726,0.03211275541859966,0.024077327957673176,3.8754756902099645,1310110.5,0.04251700680272109,0.024518140589569137,1
2022-04-12,142.5,145.95,140.5,144.58,6394008,135.294,132.35500000000002,130.82,1.034199663659991,73.04458598726116,0.94480799519161,-0.8253223587635279,0.024518140589569137,0.03250351725547426,0.02430264753953694,0.6057922970285095,1894096.6,0.03769539355374179,0.0051874394798727685,1
2022-04-13,144.5,145.99,143.1,145.33,1830128,138.53400000000002,133.88500000000002,131.60649999999998,1.0526379776074892,73.32997227123772,1.8063238183863177,-0.29899312333355876,0.0051874394798727685,0.03179738199479498,0.02422300399322079,-0.7137745213956567,2047979.4,0.019885777196724796,-0.009839675221908761,0
2022-04-14,144.1,145.0,143.0,143.9,271852,141.928,135.179,132.237,1.0732850866247723,69.18142160636388,2.346641642047274,0.2301338297426078,-0.009839675221908761,0.032509908092262695,0.024413614168312243,-0.8514573844015282,1977530.1,0.01389854065323141,0.02056984016678265,1
2022-04-15,144.99,147.4,143.25,146.86,534219,144.358,136.61100000000002,132.9995,1.0854025767014162,70.62133072407046,2.979350573496248,0.7799771784933359,0.02056984016678265,0.03268242409055184,0.024653730021785468,0.9651096920383149,1620293.2,0.028258205093286158,-0.007626310772164024,0
2022-04-18,146.8,147.15,143.65,145.74,1741096,145.282,138.63600000000002,133.8535,1.0853806587052264,67.69192913385825,3.3517652568423273,1.2943347941631342,-0.007626310772164024,0.02505770977838742,0.023975921820502615,2.2591427860109805,1705338.0,0.024015369836695482,-0.011595992864004367,0
2022-04-19,146.5,146.5,141.0,144.05,2603302,145.17600000000002,140.235,134.6525,1.0781530235235144,67.09756097560977,3.470531572776224,1.7295741498857522,-0.011595992864004367,0.026347653306997405,0.024197103435702496,0.49520876505373623,1949813.3,0.038181187087816724,-0.018743491843110194,0
2022-04-20,145.5,145.5,140.55,141.35,2538219,144.38,141.45700000000002,135.3955,1.0663574491028136,62.14636427402383,3.3086472724648957,2.045388774401581,-0.018743491843110194,0.02811458893530782,0.024495602550612054,-0.0250001728573942,2194356.3,0.03501945525291821,-0.0014149274849662996,0
2022-04-21,141.7,143.0,141.0,141.15,235873,143.83,142.879,136.11200000000002,1.0567033031621018,60.40106305870985,3.128155045469242,2.2619420286151133,-0.0014149274849662996,0.026887707536126168,0.024540131674707127,-0.9070714544332069,2094724.5,0.014169323414806942,-0.0008501594048884176,0
2022-04-22,142.0,142.0,138.0,141.03,369021,142.66400000000002,143.511,136.716,1.0435062465256444,72.54788160185723,2.941522616393229,2.3978581461707367,-0.0008501594048884176,0.020359248273932082,0.024435371102266967,0.5644902129535809,2049955.8,0.028362759696518473,0.0031908104658582293,1
2022-04-25,144.0,146.15,140.0,141.48,1427088,141.81199999999998,143.547,137.29000000000002,1.032937577390924,70.74829931972786,2.7976764384403054,2.4778218046246505,0.0031908104658582293,0.013758574840997762,0.0244244756704628,2.8672270683782224,1794480.6,0.043469041560644656,-0.007421543681085496,0
2022-04-26,143.5,144.5,140.05,140.43,2372257,141.08800000000002,143.132,137.74349999999998,1.0242806375618454,67.48143564356437,2.569333405133108,2.496124124726342,-0.007421543681085496,0.01094076236333191,0.024522720942146064,0.6623060385904724,1392305.5,0.031688385672577,-7.120985544417646e-05,0
2022-04-27,141.65,141.65,140.1,140.42,596405,140.902,142.64100000000002,138.263,1.0190868128132615,72.3863259210089,2.360354294648772,2.468970158710828,-7.120985544417646e-05,0.010633344534783706,0.024328251349176072,-0.748591741957132,1268933.2,0.011038313630537042,-0.0019228030195127532,0
2022-04-28,139.0,142.75,137.32,140.15,585929,140.702,142.26600000000002,138.72250000000003,1.0142694948548359,62.02475685234305,2.1481871363531013,2.404813554239283,-0.0019228030195127532,0.010390939905294072,0.02435353737915372,-0.017565245093518644,1300340.9,0.03874420264002859,-0.020763467713164396,0
2022-05-06,140.15,140.15,136.39,137.24,5304480,139.94400000000002,141.304,138.9575,1.007099292949283,39.85355648535566,1.7253417885561362,2.2689192011026535,-0.020763467713164396,0.008130290896501302,0.024859459211667642,8.053110530456761,1777367.0,0.027397260273972743,-0.046997959778490306,0
2022-05-09,137.24,137.24,129.9,130.79,3312192,137.80599999999998,139.809,139.2225,0.989825638815565,18.815015829941174,0.8598607691875202,1.987107514719627,-0.046997959778490306,0.015133642695625497,0.02416414177750727,-0.3755859198262601,1934476.6,0.056120498509060354,0.001299793562199003,1
2022-05-10,131.9,133.0,129.2,130.96,277938,135.91199999999998,138.5,139.3675,0.9752058406730405,16.627960984672583,0.18553961989087497,1.6267939357538768,0.001299793562199003,0.015587569300083513,0.023784148651928537,-0.9160863862964466,1701940.2,0.029016493585827818,-0.006185094685400183,0
2022-05-11,132.35,132.35,128.3,130.15,639627,133.858,137.38,139.41850000000002,0.9601164838238826,17.120994739359205,-0.4095044671067001,1.2195342551817614,-0.006185094685400183,0.015250676220999357,0.02378212185666464,1.301329792975412,1512081.0,0.031117940837495067,0.006761429120245799,1
2022-05-12,131.0,131.49,127.8,131.03,534016,132.03400000000002,136.368,139.6235,0.9456431044917225,7.966011683483785,-0.8008409515964274,0.8154592138261236,0.006761429120245799,0.015856852855296616,0.023443079627183012,-0.1651134176637321,1541895.3,0.02816148973517524,0.02098756010074032,1
2022-05-13,131.1,134.0,130.0,133.78,252136,131.342,135.643,139.577,0.9410003080736798,20.772238514173992,-0.8789439984006719,0.47657857138076454,0.02098756010074032,0.018177156754949766,0.019457567756796548,-0.5278493528283796,1530206.8,0.02989983555090447,-0.035356555538944456,0
2022-05-16,134.0,134.0,128.0,129.05,515648,130.994,134.4,138.9735,0.9425825786930602,18.085106382978722,-1.3074413256871935,0.11977459196717294,-0.035356555538944456,0.02019589788655923,0.017483245590759817,1.045118507472158,1439062.8,0.04649360712901975,-0.004881828748547257,0
2022-05-17,130.5,130.5,128.3,128.42,291169,130.486,133.199,138.1655,0.9444181072699045,19.832011199253373,-1.678515398909525,-0.23988340620816664,-0.004881828748547257,0.020233425923154216,0.016113810610708552,-0.4353337935956312,1230954.0,0.017131287961376647,0.01113533717489501,1
2022-05-18,128.0,130.5,127.12,129.85,383890,130.426,132.142,137.3915,0.9493018127031146,25.06619593998235,-1.8360404944665447,-0.5591148238598422,0.01113533717489501,0.021058757242604004,0.016379644116863542,0.318443927753298,1209702.5,0.02603003465537155,-0.00015402387370033743,0
2022-05-19,130.0,130.8,129.5,129.83,245302,130.186,131.11,136.68800000000002,0.9524318155214795,25.177304964539033,-1.940129495322111,-0.8353177581522961,-0.00015402387370033743,0.021119010434854004,0.01638733951213061,-0.36100966422673164,1175639.8,0.010013094046060319,0.00030809520141716895,1
2022-05-20,130.24,130.95,129.0,129.87,373205,129.404,130.373,135.8385,0.9526312496089104,23.792325056433455,-1.9963800857893261,-1.0675302236797022,0.00030809520141716895,0.020686004987289137,0.015314429044971907,0.5214103431688286,682512.3,0.015015015015014926,-0.006853006853006938,0
2022-05-23,129.9,129.9,128.35,128.98,338254,129.39,130.192,135.0005,0.958440894663353,23.965438835834476,-2.0886974420153592,-1.2717636673468338,-0.006853006853006938,0.014736183246925612,0.01531112292087405,-0.09365094251148831,385118.5,0.012017367033648717,-0.006745231818886421,0
2022-05-24,129.5,130.0,127.75,128.11,745418,129.328,129.907,134.20350000000002,0.9636708431598281,23.0634573304158,-2.206624744562646,-1.4587358827899963,-0.006745231818886421,0.014798327736748863,0.015255740085343718,1.2037226462953874,431866.5,0.01756303176957302,0.008039965654515369,1
2022-05-25,127.0,129.5,126.75,129.14,440778,129.18599999999998,129.80599999999998,133.59300000000002,0.967011744627338,26.683608640406547,-2.191705967418045,-1.605329899715606,0.008039965654515369,0.015043502657778143,0.01522915740011562,-0.40868345009108986,411981.6,0.021294718909710394,0.006814310051107553,1
2022-05-26,128.5,130.5,128.5,130.02,373607,129.224,129.70499999999998,133.0365,0.9713424511318323,33.271547729379066,-2.0848413304253484,-1.7012321858575548,0.006814310051107553,0.015046416497063593,0.015423828092582196,-0.1523919070371026,395940.7,0.015382248884786955,-0.002999538532533541,0
2022-05-27,130.52,133.92,129.5,129.63,4744950,129.17600000000002,129.29000000000002,132.4665,0.9751597573726188,46.262886597938156,-2.008467710782355,-1.762679290842515,-0.002999538532533541,0.012980176300623989,0.015408328749425328,11.700377669583279,845222.1,0.03409704543701294,0.00917997377150348,1
2022-05-30,130.02,131.25,129.63,130.82,1389175,129.544,129.467,131.9335,0.9818886029704359,49.57678355501809,-1.8308135334463032,-1.7763061393632729,0.00917997377150348,0.006876592571531047,0.015614117705334015,-0.7072308454251361,932574.8,0.012383427610457153,0.001987463690567237,1
2022-05-31,130.8,131.35,130.0,131.08,536275,130.138,129.733,131.466,0.9898985288972053,52.9080675422139,-1.6500210750383246,-1.7510491264982833,0.001987463690567237,0.006514658704290273,0.01564070523302238,-0.6139615239260712,957085.4,0.010299054012816557,0.00022886786695153205,1
2022-06-01,131.47,131.75,130.15,131.11,229949,130.532,129.859,131.0005,0.9964236777722224,50.26420079260242,-1.4871777406726778,-1.6982748493331623,0.00022886786695153205,0.005689272875452844,0.015644130176883982,-0.5712106661694094,941691.3,0.012203493249942752,-0.008694988940584403,0
2022-06-02,131.5,132.5,129.5,129.97,2096177,130.52200000000002,129.873,130.4915,1.0002337316989998,35.92017738359205,-1.4335862081563278,-1.6453371210977954,-0.008694988940584403,0.006466552998880356,0.015685854235304244,8.115834380667017,1126778.8,0.023082249749942295,-0.01131030237747177,0
2022-06-03,129.88,129.9,128.1,128.5,456020,130.296,129.73600000000002,130.05450000000002,1.0018569138322777,47.32229795520931,-1.4925263327300229,-1.614774963424241,-0.01131030237747177,0.007405835833388742,0.01528003643034552,-0.7824515773238615,1135060.3,0.014007782101167404,-0.0040466926070038545,0
2022-06-06,129.78,129.78,127.5,127.98,340197,129.728,129.63600000000002,129.91400000000002,0.9985682836337885,47.834645669291426,-1.5631771273934305,-1.604455396218079,-0.0040466926070038545,0.007211507657958661,0.011294857244023689,-0.25398666725143637,1135254.6,0.017815283638068457,-0.0014846069698389863,0
2022-06-07,128.4,128.4,127.55,127.79,241941,129.07,129.60399999999998,129.7555,0.99471698694853,38.45291479820635,-1.6158730248944266,-1.6067389219533486,-0.0014846069698389863,0.006911589218966017,0.011281856549881503,-0.2888208890730959,1084906.9,0.006651537679004683,-0.008451365521558896,0
2022-06-08,127.09,128.99,125.35,126.71,241503,128.19,129.36100000000002,129.58350000000002,0.9892463160819085,34.36873747494985,-1.7248983232226465,-1.6303708022072083,-0.008451365521558896,0.006683149405199595,0.01134614584457608,-0.0018103587238210705,1064979.4,0.028727014442427708,-0.00899692210559544,0
2022-06-09,126.71,127.0,124.62,125.57,262910,127.30999999999999,128.916,129.3105,0.9845294852312844,30.595667870036124,-1.8816002142407626,-1.6806166846139192,-0.00899692210559544,0.006254896153430909,0.011305652330691125,0.08864072081920304,1053909.7,0.018953571712988736,-0.005176395635900222,0
2022-06-10,125.99,126.11,124.5,124.92,225144,126.59400000000001,128.445,128.8675,0.9823578481773915,31.273062730627387,-2.034781465445974,-1.7514496407803302,-0.005176395635900222,0.006274984084599928,0.009927599424129808,-0.14364611463999089,601929.1,0.012888248479026572,-0.05819724623759204,0
2022-06-13,123.1,123.1,116.15,117.65,1253354,124.52799999999999,127.128,128.29749999999999,0.9706190689608137,19.663573085846906,-2.7115498934221876,-1.9434696913087017,-0.05819724623759204,0.01734497404710584,0.014196475660634313,4.566899406601997,588347.0,0.059073523161920855,-0.006289842753931185,0
2022-06-14,118.0,118.71,116.4,116.91,368975,122.352,125.71100000000001,127.72199999999998,0.9579555597312915,13.92330383480845,-3.2699120533075643,-2.2087581637084743,-0.006289842753931185,0.016878620565807786,0.01420188116359887,-0.7056099074962061,571617.0,0.019758788811906493,0.00735608587802572,1
2022-06-15,116.94,118.98,116.91,117.77,293243,120.564,124.377,127.11799999999998,0.9484416054374676,13.821618428824635,-3.6015073403595608,-2.4873079990386917,0.00735608587802572,0.017553784129677664,0.014005486166804101,-0.20524967816247708,577946.4,0.017576632419122083,-0.006283433811666739,0
2022-06-16,117.71,118.0,116.5,117.03,583244,118.856,123.083,126.478,0.9397365549739876,13.541666666666742,-3.879292738017284,-2.7657049468344104,-0.006283433811666739,0.01759829161429067,0.01396607097131491,0.988944322626627,426653.1,0.01281722635221738,0.007433991284286012,1
2022-06-17,118.87,119.8,117.15,117.9,1596022,117.452,122.023,125.87950000000001,0.9330510527925515,11.910377358490678,-3.9833206964326706,-3.0092280967540623,0.007433991284286012,0.018454720971810272,0.014199725112737252,1.7364567830959254,540653.3,0.0224766751484308,-0.010262934690415726,0
2022-06-20,118.49,119.8,116.5,116.69,1534543,117.25999999999999,120.89399999999998,125.26500000000001,0.9360954775875143,9.826912339475157,-4.115954331129274,-3.230573343629105,-0.010262934690415726,0.018395881165426776,0.014247020702255583,-0.03852014571227713,660087.9,0.02828005827405945,0.013368754820464401,1
2022-06-21,118.0,118.5,115.1,118.25,2112797,117.52799999999999,119.93999999999998,124.772,0.9419421023947679,16.923868312757207,-4.04851966508096,-3.394162607919476,0.013368754820464401,0.01963144158272064,0.014808398777622038,0.37682489184076307,847173.5,0.028752642706131128,-0.01386892177589849,0
2022-06-22,118.25,120.8,116.26,116.61,706788,117.296,118.92999999999999,124.1455,0.944826836252623,16.499498495486478,-4.080375471851312,-3.5314051807058435,-0.01386892177589849,0.019733568572704866,0.014689367477545782,-0.6654728305653596,893702.0,0.038933196123831504,0.009347397307263527,1
2022-06-23,117.79,119.4,116.6,117.7,961660,117.42999999999999,118.143,123.52950000000001,0.9506231305072875,22.392638036809856,-3.9718821526901564,-3.6195005751027063,0.009347397307263527,0.020478645638511078,0.014806905047641929,0.3606060091569183,963577.0,0.023789294817332298,-0.03067119796091755,0
2022-06-24,117.6,117.7,111.0,114.09,1920522,116.668,117.05999999999999,122.75250000000001,0.9504327814097472,19.33774834437088,-4.129593858160021,-3.7215192317141694,-0.03067119796091755,0.021868923223050923,0.015878193850129972,0.9970904477674023,1133114.8,0.05872556753440269,0.0008765010079760938,1
2022-06-27,115.01,115.8,113.0,114.19,1260991,116.168,116.71400000000001,121.921,0.9528137072366533,19.858156028368796,-4.198119053520628,-3.8168391960754615,0.0008765010079760938,0.013373356181434145,0.015559086932431677,-0.3434123639302231,1133878.5,0.024520535948857145,-0.01085909449163669,0
2022-06-28,116.92,116.92,112.01,112.95,796877,115.10799999999999,116.31800000000001,121.0145,0.9511917993298323,19.718309859154957,-4.302882450985251,-3.91404784705742,-0.01085909449163669,0.013578553732072268,0.015448220965555873,-0.3680549662923843,1176668.7,0.04347056219566177,-0.016733067729083673,0
2022-06-29,113.95,113.95,109.01,111.06,1900815,113.998,115.647,120.01200000000001,0.9498883444988834,19.088197699190474,-4.486695569215556,-4.028577391489048,-0.016733067729083673,0.013603711812000036,0.015478757231443761,1.3853304838764324,1337425.9,0.04448046101206553,0.017287952458130862,1
2022-06-30,111.99,115.1,111.8,112.98,823058,113.054,115.242,119.1625,0.9487380677646072,25.869037995149583,-4.426415869034557,-4.1081450869981495,0.017287952458130862,0.015424248769584634,0.01648785608123282,-0.5669973143099145,1361407.3,0.02920870950610725,0.017348203221809078,1
2022-07-01,113.89,115.35,113.2,114.94,589600,113.224,114.946,118.4845,0.9556017875755901,43.026248069994836,-4.172391421667285,-4.120994353931977,0.017348203221809078,0.016481000229902718,0.017304731664090987,-0.2836470819796417,1260765.1,0.018705411519053347,0.009396206716547839,1
2022-07-04,114.01,116.65,114.0,116.02,648677,113.59,114.87900000000002,117.8865,0.9635539268703371,47.749114820435004,-3.839666952400421,-4.064728873625666,0.009396206716547839,0.016613050997773746,0.017618902582994898,0.10019843962008146,1172178.5,0.022840889501810083,-0.007153938976038554,0
2022-07-05,115.03,116.0,114.05,115.19,78186,114.03799999999998,114.57300000000001,117.2565,0.9725516282679423,43.465045592705174,-3.6014393260243907,-3.972070964105411,-0.007153938976038554,0.015971426091989867,0.017609323647928377,-0.8794685182301824,968717.4,0.01692855282576615,-0.0002604392742425743,0
2022-07-06,115.95,115.95,114.9,115.16,660926,114.85799999999999,114.428,116.679,0.9843930784459928,45.08670520231213,-3.3761448685956026,-3.8528857450034497,-0.0002604392742425743,0.015467183093519405,0.017620723110816947,7.45325250044765,964131.2,0.009117749218478613,-0.0013893713094824678,0
2022-07-07,115.2,115.4,114.5,115.0,511443,115.26199999999999,114.15799999999999,116.15050000000001,0.9923504418835905,42.08515283842792,-3.1739210644152536,-3.717092808885811,-0.0013893713094824678,0.015024448664723815,0.01760329909735512,-0.2261720676747473,919109.5,0.007826086956521788,0.03730434782608705,1
2022-07-13,116.0,121.49,113.79,119.29,743019,116.13199999999999,114.678,115.869,1.002269804693231,56.07476635514021,-2.6370913481552662,-3.5010925167397025,0.03730434782608705,0.016061253571752917,0.01989733910196056,0.45278946040907786,801359.2,0.06454857909296662,0.029927068488557307,1
2022-07-14,120.25,123.49,119.29,122.86,630961,117.5,115.545,116.12950000000001,1.0118014802440378,59.846219564288766,-1.9016596177731486,-3.181205936946392,0.029927068488557307,0.01784482095418511,0.01624632563616112,-0.1508144475444101,738356.2,0.03418525150577884,0.0025231971349504168,1
2022-07-15,122.86,125.99,120.0,123.17,1593369,119.096,116.56699999999998,116.44250000000002,1.0227880713656954,64.85507246376812,-1.2790659872142527,-2.800777946999964,0.0025231971349504168,0.016786555486534953,0.01612028891822689,1.5253050505498753,818005.4,0.048631972071121174,-0.0018673378257693107,0
2022-07-18,120.01,125.0,120.0,122.94,1367055,120.652,117.755,116.70100000000002,1.033855751021842,62.3468426013195,-0.7950502825061392,-2.399632414101199,-0.0018673378257693107,0.01481406165359627,0.016113042077387396,-0.1420348958715778,764629.4,0.04067024564828372,-0.048153570847567884,0
2022-07-19,123.0,123.0,116.11,117.02,1036901,121.056,118.15899999999999,116.7005,1.0373220337530686,56.22609434764129,-0.8790260092162328,-2.095511133124206,-0.048153570847567884,0.023372238412234236,0.019621362820333523,-0.24150747409577522,786013.7,0.058878824132626906,-0.0006836438215689356,0
2022-07-20,117.99,118.9,116.5,116.94,274373,120.58599999999998,118.359,116.65249999999999,1.0337198088339299,55.84857507443641,-0.9411833334567206,-1.864645573190709,-0.0006836438215689356,0.022898844940885822,0.019547223942706977,-0.7353913247262758,754491.0,0.02052334530528481,-0.0027364460407045543,0
2022-07-21,116.94,117.01,115.5,116.62,270731,119.338,118.41899999999998,116.649,1.0230520621694141,58.123063302346175,-1.0046834212980542,-1.692653142812178,-0.0027364460407045543,0.02278244055048215,0.019415834721647443,-0.013273900857591725,716696.4,0.012948036357400146,-0.0004287429257417985,0
2022-07-22,116.75,119.0,115.5,116.57,801472,118.018,118.55700000000002,116.56499999999998,1.0124651482005749,63.27710843373492,-1.04697342264042,-1.5635171987778267,-0.0004287429257417985,0.022621861267844885,0.019164938688667806,1.9603998064499448,789025.0,0.030024877755854853,-0.0055760487260873015,0
2022-07-25,116.87,116.87,115.75,115.92,60633,116.614,118.633,116.5305,1.0007165506026319,57.54620123203286,-1.1200271453714379,-1.474819188096549,-0.0055760487260873015,0.022728029661827392,0.01894988048485293,-0.9243479497724187,728995.7,0.00966183574879231,0.013543823326432003,1
2022-07-26,117.69,118.47,115.5,117.49,1858729,116.708,118.88199999999999,116.52000000000001,1.0016134569172672,56.67888947092718,-1.0392569606692916,-1.3877067426110976,0.013543823326432003,0.023049790492727654,0.019083048703148732,29.655402173733776,863724.3,0.02527874712741509,0.012001021363520437,1
2022-07-27,115.65,119.0,115.65,118.9,751345,117.1,118.843,116.76049999999998,1.0029076614094665,57.41503604531413,-0.8516534602824919,-1.2804960861453765,0.012001021363520437,0.0199742338208894,0.017806146249212052,-0.5957748547528984,864556.9,0.02817493692178296,0.0018502943650127168,1
2022-07-28,119.5,121.99,118.02,119.12,532344,117.6,118.46899999999998,117.00700000000002,1.005068072850342,60.446570972886775,-0.6774153507454628,-1.1598799390653938,0.0018502943650127168,0.0170344347483252,0.017803615201061076,-0.2914786150170694,854695.2,0.03332773673606446,-0.005288784419073322,0
2022-07-29,119.0,119.9,118.1,118.49,49988,117.98400000000001,118.001,117.28399999999999,1.0059684185396134,58.57805255023183,-0.5834405885640734,-1.0445920689651298,-0.005288784419073322,0.016934239250146838,0.01763019157458377,-0.9060983123694453,700357.1,0.015191155371761427,0.003291416997214913,1
2022-08-01,116.1,119.99,116.1,118.88,402539,118.576,117.595,117.675,1.0076566815381347,59.87780040733196,-0.4720536314297732,-0.9300843814580586,0.003291416997214913,0.01707540899019007,0.017036326845653132,7.052712651036249,603905.5,0.0327220726783311,0.001430013458950219,1
2022-08-02,116.0,120.4,116.0,119.05,327774,118.888,117.798,117.97849999999998,1.0077090317303579,49.22680412371131,-0.3658438657954406,-0.817236278325535,0.001430013458950219,0.0065036604964899105,0.01672939229083197,-0.1857335562516924,532992.8,0.036959260814783755,0.03133137337253267,1
2022-08-03,120.0,123.0,118.7,122.78,396451,119.66400000000002,118.38199999999999,118.37049999999999,1.0109275537401634,49.74489795918368,0.01908793196132308,-0.6499714362681634,0.03133137337253267,0.011293749515982268,0.017638894866307417,0.20952546571723207,545200.6,0.03502199055220718,0.01799967421404136,1
2022-08-04,123.5,126.75,122.81,124.99,690084,120.83800000000001,119.21900000000001,118.819,1.0169922318821065,55.17633674630259,0.49675144379968117,-0.4206268602545945,0.01799967421404136,0.011626087906801022,0.017894521793820874,0.7406539521908131,587135.9,0.03152252180174412,-0.001680134410752765,0
2022-08-05,124.0,126.5,124.0,124.78,784207,122.096,120.03999999999999,119.29849999999999,1.0234495823501555,55.23917995444192,0.8485761161083758,-0.16678626498200047,-0.001680134410752765,0.011721460598894572,0.017758168575223127,0.1363935404965193,585409.4,0.02003526206122776,0.021237377784901534,1
2022-08-10,126.0,128.5,125.85,127.43,546127,123.806,121.191,119.91199999999999,1.0324738141303622,86.42407277816658,1.3259478551979953,0.13176055905399867,0.021237377784901534,0.01161927724286768,0.01812358324242705,-0.3035933114598569,633958.8,0.02079573098956294,0.004943890763556391,1
2022-08-11,128.49,130.97,126.26,128.06,3129847,125.60799999999999,122.248,120.56500000000001,1.0418280595529381,87.46630727762803,1.735102945878495,0.4524290364188979,0.004943890763556391,0.011610865668955543,0.01805701335110779,4.730987480933922,761070.6,0.03677963454630637,0.024910198344525902,1
2022-08-12,128.79,132.0,128.15,131.25,2562412,127.30199999999999,123.48299999999999,121.16300000000001,1.0506672829164017,91.30434782608693,2.290365732640936,0.8200163756633055,0.024910198344525902,0.012685157793278029,0.017096965161668875,-0.18129799955077675,942177.3,0.02933333333333329,0.02293333333333325,1
2022-08-15,133.5,135.99,132.51,134.26,1978885,129.156,124.997,121.73299999999999,1.0609777135205738,92.79148524431545,2.939413605658359,1.2438958216623162,0.02293333333333325,0.012929364698788384,0.016623732817350717,-0.22772567409144195,1086831.4,0.025919856993892584,-0.0037985997318634723,0
2022-08-16,135.0,135.5,132.6,133.75,1218557,130.95,126.523,122.26199999999999,1.0710605093978505,93.42425718460791,3.3737455448525253,1.669865766300358,-0.0037985997318634723,0.012713324302277288,0.01672467690088128,-0.38422040694633597,1203688.3,0.021682242990654247,0.01338317757009344,1
2022-08-17,133.75,136.0,133.0,135.54,1265145,132.572,128.189,122.89199999999998,1.0787683494450413,93.49397590361448,3.8183788813168746,2.0995683893036614,0.01338317757009344,0.012316665112446595,0.016778041063855182,0.038232105679094186,1289948.9,0.02213368747233289,0.010697948944961011,1
2022-08-18,136.0,138.0,134.61,136.99,1721660,134.358,129.983,123.8905,1.0844899326421316,93.50649350649353,4.238893559386469,2.527433423320223,0.010697948944961011,0.011657905419994714,0.011191022768708018,0.36084006181109674,1429337.5,0.024746331849039974,0.004014891597926784,1
2022-08-19,137.0,138.9,136.1,137.54,2370505,135.61599999999999,131.459,124.92050000000002,1.0856184533363216,93.60795454545456,4.563924790815506,2.93473169681928,0.004014891597926784,0.010320239794098407,0.01104824967717009,0.37687174006482116,1626742.9,0.020357714119528948,-0.0953177257525083,0
2022-08-22,125.97,126.25,123.45,124.43,1656534,133.65,131.403,125.31099999999999,1.066546432476,58.83928571428575,3.7207563847748304,3.09193663441039,-0.0953177257525083,0.03501451222962875,0.02563664538002357,-0.30118940900778524,1723387.9,0.022502611910310995,0.006670417101985127,1
2022-08-23,124.51,128.1,124.51,125.26,3166829,131.952,131.451,125.74550000000002,1.0493576310881898,59.37132784958875,3.08396340129822,3.0903419877879563,0.006670417101985127,0.035066019032433796,0.025627453639661187,0.9117198922569654,1961650.1,0.028660386396295617,0.0035925275427111103,1
2022-08-24,125.5,128.0,125.1,125.71,4243321,129.986,131.279,126.23500000000001,1.0297144215154275,59.702797202797214,2.5858040734883616,2.989434404928038,0.0035925275427111103,0.03436975357857212,0.02553029942048044,0.33992741635244594,2331369.5,0.023068968260281646,-0.012648158459947378,0
2022-08-25,126.0,126.7,123.75,124.12,831301,127.41199999999999,130.88500000000002,126.56649999999999,1.0066802826972383,52.08203853325048,2.039202844309841,2.799388092804399,-0.012648158459947378,0.03449325855239651,0.025707045795501777,-0.8040918893479895,2101514.9,0.023767321946503404,-0.01861102159200778,0
2022-08-26,125.4,128.0,121.35,121.81,2843216,124.266,129.941,126.71200000000002,0.9806963823473703,45.07434944237919,1.403441734904348,2.5201988212243887,-0.01861102159200778,0.03336999427502199,0.026056732092958005,2.420200384698202,2129595.3,0.0545932189475413,-0.003612182907807182,0
2022-08-29,121.0,125.7,120.0,121.37,2143114,123.654,128.652,126.82449999999999,0.9750008870525806,44.75545985850507,0.8542449485051122,2.1870080466805333,-0.003612182907807182,0.03174880997577646,0.026082003132800673,-0.2462359525269976,2146018.2,0.046963829611930484,-0.0005767487847079256,0
2022-08-30,122.88,123.47,120.8,121.3,506890,122.86200000000001,127.40700000000001,126.965,0.9676840074036153,39.75943869027728,0.40864353524638375,1.8313351443937034,-0.0005767487847079256,0.031830048627868895,0.02604085050079257,-0.763479684235183,2074851.5,0.022011541632316584,0.0008244023083265883,1
2022-08-31,122.47,122.89,121.0,121.4,311334,122.0,125.99300000000001,127.09100000000001,0.9599420887395645,38.67346938775509,0.06284592046823434,1.4776372996086096,0.0008244023083265883,0.031077077011234196,0.026037808780508934,-0.3857957347748032,1979470.4,0.015568369028006594,-0.0018945634266887001,0
2022-09-01,122.0,123.5,120.4,121.17,475347,121.41,124.41100000000002,127.197,0.9545036439538668,30.937972768532504,-0.22714190786757626,1.1366814581133724,-0.0018945634266887001,0.03036992721788745,0.026048124795468152,0.5268072231108714,1854839.1,0.025583890401914618,-0.004539077329371977,0
2022-09-02,122.48,122.48,120.3,120.62,348894,121.172,122.71900000000001,127.08900000000001,0.9534420760254624,21.55963302752292,-0.49562648097548845,0.8102198702956003,-0.004539077329371977,0.02999452055399954,0.02508273602614738,-0.2660225056642831,1652678.0,0.018073288011938374,-0.004393964516663962,0
2022-09-05,122.84,122.84,119.8,120.09,287637,120.91600000000001,122.28500000000001,126.84399999999998,0.9532654284002399,21.541666666666643,-0.7426086794962146,0.4996541603372374,-0.004393964516663962,0.007434785196388751,0.024707007151726176,-0.17557481641988681,1515788.3,0.025314347572653894,-0.004829711050045815,0
2022-09-06,120.05,121.0,118.9,119.51,219156,120.55800000000002,121.71000000000001,126.5805,0.9524215815232205,14.831066257130317,-0.9739182802802873,0.2049396722137325,-0.004829711050045815,0.0065162742846006025,0.024716954953252136,-0.2380813316784698,1221021.0,0.0175717513178813,0.009287925696594312,1
2022-09-07,119.0,121.0,119.0,120.62,414373,120.402,121.201,126.24000000000001,0.953754752851711,13.541202672605706,-1.055497958612193,-0.04714785395145263,0.009287925696594312,0.007494100982818609,0.024269864408155737,0.890767307306211,838126.2,0.0165809981760902,-0.005223014425468464,0
2022-09-08,121.5,121.99,119.6,119.99,320035,120.16600000000001,120.78799999999998,125.8365,0.9549375578627823,11.051930758987993,-1.157641604500597,-0.26924660406128154,-0.005223014425468464,0.006897024891696172,0.024213294865106788,-0.22766444724921753,786999.6,0.019918326527210605,0.01266772231019253,1
2022-09-09,120.95,122.5,120.4,121.51,520264,120.34400000000001,120.758,125.34949999999999,0.9600676508482284,36.65447897623401,-1.1032226193191264,-0.4360418071128505,0.01266772231019253,0.00627497988498898,0.023619192595212567,0.6256471948380646,554704.4,0.017282528186980447,0.00469097193646606,1
2022-09-12,121.39,122.5,121.39,122.08,683410,120.742,120.82900000000002,124.7405,0.9679454547640903,35.11235955056176,-1.0025442392559398,-0.5493422935414684,0.00469097193646606,0.006326689531708971,0.022882637660580223,0.3135831039626036,408734.0,0.009092398427260808,0.015235910878112602,1
2022-09-13,122.08,125.0,120.8,123.94,1920074,121.628,121.09299999999999,124.25,0.9788973843058351,42.6799007444169,-0.7638640926052318,-0.5922466533542211,0.015235910878112602,0.00780327593992381,0.023304452210929763,1.8095491725318622,550052.4,0.03388736485396162,-0.010246893658221734,0
2022-09-14,123.5,124.5,122.31,122.67,1539329,122.03800000000001,121.22,123.60650000000001,0.9873105378762443,43.840271877655056,-0.6694695151141445,-0.6076912257062058,-0.010246893658221734,0.008745866481259917,0.022998902779690186,-0.19829704480139831,672851.9,0.01785277573978966,-0.01369528001956477,0
2022-09-15,122.15,123.44,120.9,120.99,528677,122.23800000000001,121.202,122.8065,0.995370766205372,46.31956912028723,-0.7219014613520329,-0.6305332728353713,-0.01369528001956477,0.009909822972813972,0.02278456853864301,-0.6565536022513705,678184.9,0.020993470534754873,-0.02132407636994793,0
2022-09-16,121.99,121.99,118.0,118.41,683089,121.61800000000001,120.98100000000002,121.85,0.9980960196963481,38.85542168674698,-0.9605657900415139,-0.6965397762765998,-0.02132407636994793,0.011954874743318415,0.022906628789364347,0.2920724752542667,711604.4,0.03369647833797817,-0.012076682712608644,0
2022-09-19,118.7,119.0,116.5,116.98,160901,120.598,120.67,121.4775,0.9927599761272663,35.2459016393443,-1.2506809673333663,-0.8073680144879531,-0.012076682712608644,0.012380589622319136,0.00995166156142813,-0.764450898784785,698930.8,0.021371174559753802,-0.003504872627799749,0
2022-09-20,118.97,118.97,115.55,116.57,278177,119.124,120.376,121.04299999999998,0.984146129887726,33.846153846153825,-1.4964329613103757,-0.9451810038524378,-0.003504872627799749,0.012360571959465943,0.00968591787953165,0.7288705477281061,704832.9,0.029338594835721044,0.003345629235652403,1
2022-09-21,116.57,117.98,116.4,116.96,404942,117.982,120.01000000000002,120.60549999999998,0.9782472606970662,36.06882859033751,-1.640809219140678,-1.0843066469100857,0.003345629235652403,0.011868274414426951,0.00967649647132856,0.4556990692976055,703889.8,0.013508891928864555,-0.003761969904240714,0
2022-09-22,117.8,118.0,114.75,116.52,1734734,117.088,119.66300000000001,120.22549999999998,0.9739032068903852,36.33333333333332,-1.7703255553992818,-1.221510428607925,-0.003761969904240714,0.011847019954905141,0.009438128803840809,3.28390732499963,845359.7,0.027892207346378307,-0.03261242705114997,0
2022-09-23,115.02,116.75,112.0,112.72,1307884,115.95,118.78400000000002,119.771,0.9680974526387857,29.8303229337712,-2.1547577213523255,-1.4081598871568053,-0.03261242705114997,0.013750170642266841,0.011032832088093164,-0.24606077934715065,924121.7,0.042139815471965936,0.008073101490418733,1
2022-09-26,113.0,114.5,112.75,113.63,1028947,115.28,117.939,119.38400000000001,0.9656235341419285,34.193548387096754,-2.3588027776249163,-1.5982884652504277,0.008073101490418733,0.014117176656535016,0.011348849763733942,-0.21327350131968892,958675.4,0.015400862448297106,-0.009504532253806208,0
2022-09-27,115.0,115.49,112.0,112.55,769135,114.476,116.8,118.94649999999999,0.9624158760451128,28.271405492730196,-2.577940040771523,-1.794218780354647,-0.009504532253806208,0.011744841640869003,0.011414481992931325,-0.2525028014076527,843581.5,0.031008440693025278,-0.00666370501999114,0
2022-09-28,112.99,114.0,111.51,111.8,1547754,113.44399999999999,115.713,118.4665,0.9576040484018689,28.089887640449433,-2.780079605450254,-1.9913909453737686,-0.00666370501999114,0.011775187041267204,0.01138192394228785,1.0123307351765294,844424.0,0.022271914132379205,-0.020214669051878298,0
2022-09-29,111.8,111.8,108.9,109.54,1453959,112.048,114.56800000000001,117.88500000000002,0.9504856427874622,19.19711785898093,-3.0870541406777363,-2.2105235844345623,-0.020214669051878298,0.012225289019780107,0.011923750790420476,-0.060600715617598166,936952.2,0.026474347270403428,0.001917107905787807,1
2022-09-30,109.6,112.9,109.0,109.75,1207019,111.454,113.702,117.3415,0.9498259354107456,17.67173571054009,-3.2756290142528144,-2.423544670398213,0.001917107905787807,0.012003357681463815,0.01202285543397122,-0.1698397272550326,989345.2,0.035535307517084336,-0.0031890660592254205,0
2022-10-03,110.5,111.88,108.9,109.4,531672,110.60799999999999,112.944,116.80700000000002,0.9469295504550239,8.599088838268756,-3.4139639834155844,-2.6216285330016875,-0.0031890660592254205,0.011955797675774479,0.012027180002950737,-0.55951646162985,1026422.3,0.027239488117001734,0.005301645338208427,1
2022-10-04,109.48,111.5,109.0,109.98,697031,110.09400000000001,112.285,116.3305,0.946389811786247,12.388855957320644,-3.4371727030341077,-2.7847373670081716,0.005301645338208427,0.012521035701415334,0.01222785724447272,0.3110169427767495,1068307.7,0.022731405710129115,-0.0027277686852155147,0
2022-10-05,110.01,110.89,109.26,109.68,545537,109.67,111.55699999999999,115.7835,0.9471988668506307,13.492575855390541,-3.440117737458479,-2.915813441098233,-0.0027277686852155147,0.012174353521787652,0.011825309969680682,-0.2173418398894741,1082367.2,0.01486141502552877,0.020878920495988273,1
2022-10-06,110.75,112.25,109.5,111.97,1166714,110.15600000000002,111.102,115.38249999999998,0.9547028362186644,28.815789473684163,-3.2205434169937206,-2.976759436277331,0.020878920495988273,0.014934496561039706,0.01313010148312627,1.1386523737161731,1025565.2,0.024560150040189337,-0.00982406001607572,0
2022-10-07,111.02,117.97,110.1,110.87,917917,110.38000000000002,110.917,114.85050000000001,0.9610754850871351,29.455279085406815,-3.0995601925043275,-3.0013195875227305,-0.00982406001607572,0.01137704361976889,0.01263812003477044,-0.2132459197369707,986568.5,0.07098403535672412,-0.02390186705150177,0
2022-10-10,111.0,111.94,108.01,108.22,1099099,110.144,110.376,114.1575,0.9648424326040778,25.599064874342446,-3.180846154029652,-3.037224900824115,-0.02390186705150177,0.012766270721906397,0.013151102820032403,0.1973838593249717,993583.7,0.03631491406394375,0.010164479763444811,1
2022-10-11,108.51,110.4,108.41,109.32,1279628,110.01199999999999,110.053,113.4265,0.9698968054202499,28.563411896745166,-3.1205334896517343,-3.0538866185896394,0.010164479763444811,0.013456232694610984,0.012764840889290552,0.16425180989155663,1044633.0,0.0182034394438347,0.007409440175631277,1
2022-10-12,109.1,111.99,109.0,110.13,1030331,110.102,109.886,112.7995,0.9760858869055271,32.43540406816928,-2.9731029578496333,-3.0377298864416384,0.007409440175631277,0.013743118823456909,0.013075428461351044,-0.1948199007836653,992890.7,0.027149732134749797,-0.010623808226641218,0
2022-10-13,110.13,110.5,108.51,108.96,519385,109.5,109.828,112.19800000000001,0.9759532255476924,37.91773778920304,-2.9170465245818917,-3.0135932140696893,-0.010623808226641218,0.012570267866894504,0.012989333330672063,-0.49590471411614323,899433.3,0.018263582966226093,-0.0016519823788545551,0
2022-10-14,109.01,109.55,108.0,108.78,630758,109.082,109.731,111.7165,0.9764179866000098,33.648010788941306,-2.8542439455307402,-2.9817233603619,-0.0016519823788545551,0.01254593618854905,0.012432348041134075,0.21443245376743647,841807.2,0.014248942820371365,0.0010112152969294907,1
2022-10-17,109.55,109.55,107.9,108.89,227810,109.21599999999998,109.67999999999999,111.31199999999998,0.9811700445594365,36.79653679653678,-2.763737720399135,-2.9381262323693473,0.0010112152969294907,0.012527973529076171,0.012337708886054786,-0.6388313743147134,811421.0,0.015152906602993768,-0.0017448801542840897,0
2022-10-18,109.49,109.49,108.2,108.7,585212,109.09200000000001,109.55199999999999,110.91850000000002,0.9835329543764114,38.345864661654126,-2.6764893933541742,-2.885798864566313,-0.0017448801542840897,0.012369032636208317,0.012343977075943452,1.5688600149247178,800239.1,0.011867525298987967,0.008095676172953148,1
2022-10-19,109.0,111.3,108.61,109.58,1638100,108.982,109.542,110.54950000000001,0.9858208313922722,50.16778523489929,-2.507431708138256,-2.8101254332807017,0.008095676172953148,0.01268049757330241,0.012525284239321194,1.799156544978572,909495.4,0.024548275232706678,-0.0007300602299689096,0
2022-10-20,110.5,110.5,109.3,109.5,491350,109.09,109.295,110.19850000000001,0.9899408794130591,48.93977947413062,-2.3527861518222295,-2.7186575769890076,-0.0007300602299689096,0.010350826236455814,0.012536193283226513,-0.7000488370673341,841959.0,0.010958904109589067,-0.0019178082191779744,0
2022-10-21,110.01,110.01,108.45,109.29,912964,109.19200000000001,109.13699999999999,110.027,0.9924109536750071,49.52789699570816,-2.2215648623800632,-2.6192390340672187,-0.0019178082191779744,0.009997977994240886,0.01042462433216981,0.8580726569655033,841463.7,0.014273950041174877,-0.0020129929545247283,0
2022-10-24,111.0,111.0,108.52,109.07,194258,109.228,109.22200000000001,109.79899999999998,0.9947995883386918,45.96988485385291,-2.1109890388868564,-2.5175890350311465,-0.0020129929545247283,0.0061939235950895415,0.010178600399288218,-0.787222716339308,750979.6,0.02273769139084995,-0.0009168423947922832,0
2022-10-25,109.08,109.85,108.5,108.97,304001,109.282,109.18699999999998,109.62,0.996916621054552,46.79891794409374,-2.008275911775229,-2.415726410379963,-0.0009168423947922832,0.005252037748709664,0.010025180937221436,0.5649342626815883,653416.9,0.012388730843351329,0.014958245388638991,1
2022-10-26,108.97,111.0,108.25,110.6,3638000,109.48600000000002,109.234,109.55999999999999,0.9993245710113183,43.432406519654805,-1.7748878388327824,-2.287558696070527,0.014958245388638991,0.006799175671622052,0.010596213118648739,10.967065897809547,914183.8,0.024864376130198915,-0.028842676311030768,0
2022-10-27,109.0,109.0,107.01,107.41,500093,109.06800000000001,109.079,109.45349999999999,0.9964779563924409,36.18210862619803,-1.8262802279652703,-2.195303002449476,-0.028842676311030768,0.011146384262090551,0.011572367947280728,-0.8625362836723475,912254.6,0.018527139000093056,-0.0028861372311702604,0
2022-10-28,107.07,107.99,106.6,107.1,170362,108.63,108.91099999999999,109.321,0.9936791650277622,44.499017681728844,-1.870461954744684,-2.130334792908518,-0.0028861372311702604,0.011156616980091367,0.0115602828961282,-0.6593393628785046,866215.0,0.012978524743230632,-0.01661998132586373,0
2022-10-31,107.89,107.89,104.8,105.32,738398,107.88,108.554,109.11699999999999,0.9886635446355747,31.583793738489845,-2.025755763990702,-2.109418987124955,-0.01661998132586373,0.01207155100888065,0.012063655347274315,3.334288162853219,917273.8,0.029339156855298174,0.0035131029244208634,1
2022-11-01,105.33,106.5,105.11,105.69,480746,107.22399999999998,108.253,108.90249999999999,0.9845871306902962,28.694817658349322,-2.094823497571028,-2.1064998892141693,0.0035131029244208634,0.01225803205298063,0.012014542987346678,-0.3489337728433717,906827.2,0.01315166997823825,0.005109281862049508,1
2022-11-02,106.45,107.0,105.12,106.23,552107,106.35,107.918,108.72999999999999,0.9781109169502438,36.057201225740585,-2.081986838722898,-2.101597279115915,0.005109281862049508,0.011998452891237596,0.012114148505397812,0.14843805252669817,798227.9,0.017697448931563546,0.0015061658665160849,1
2022-11-03,106.22,106.5,106.0,106.39,152402,106.146,107.607,108.451,0.9787461618611171,37.768679631525075,-2.0354397488706724,-2.088365773066867,0.0015061658665160849,0.012066820291932054,0.010946576014665583,-0.7239629274760147,764333.1,0.004699689820471849,-0.018328790299840247,0
2022-11-04,105.12,107.0,102.4,104.44,698612,105.61399999999999,107.122,108.12949999999998,0.9767362283188216,30.835486649440128,-2.1313308921617278,-2.096958796885839,-0.018328790299840247,0.01301087806541306,0.011401974913997186,3.584008083883414,742897.9,0.04404442742244345,0.00536193029490617,1
2022-11-07,106.9,106.9,104.01,105.0,528322,105.55,106.715,107.96849999999999,0.9775999481330203,34.557595993322195,-2.1374982449719653,-2.1050666865030645,0.00536193029490617,0.01336859078653825,0.01040156527989604,-0.2437547594372842,776304.3,0.02752380952380953,0.02695238095238084,1
2022-11-08,105.79,108.0,104.56,107.83,2429031,105.978,106.601,107.89399999999998,0.9822418299442046,43.718592964824126,-1.8922162764332882,-2.0624966044891093,0.02695238095238084,0.016544345201645938,0.011950802393702931,3.5976336400907023,988807.3,0.03190206807011034,0.05341741630344066,1
2022-11-10,109.0,114.25,109.0,113.59,4282796,107.45,106.9,108.06700000000001,0.9942905789926619,60.42835288118307,-1.2189928962228436,-1.8937958628358562,0.05341741630344066,0.023609206842743667,0.016956841189852072,0.7631705811906064,1053286.9,0.04621885729377586,-0.002200897966370241,0
2022-11-11,114.25,115.7,112.0,113.34,1156474,108.84,107.49300000000001,108.28599999999999,1.0051160814879119,60.30534351145037,-0.6975900439642544,-1.654554699061536,-0.002200897966370241,0.020984178170860873,0.016738300776989568,-0.729972195733815,1118925.0,0.03264513852126348,-0.00308805364390341,0
2022-11-14,113.1,113.9,112.8,112.99,1136967,110.55,108.08200000000002,108.49650000000001,1.0189268778255518,59.90899898887765,-0.3090540196139102,-1.385454563172011,-0.00308805364390341,0.02099332747730781,0.016758327625299486,-0.016867651153419816,1215585.5,0.009735374811930335,-0.0031861226657226016,0
2022-11-15,112.5,113.0,112.02,112.63,220752,112.076,108.81300000000002,108.68350000000001,1.0312144897799573,59.1317365269461,-0.029841419115882672,-1.1143319343607854,-0.0031861226657226016,0.019812773156318995,0.016798016355623543,-0.8058413304871646,1163820.9,0.008701056556867655,-0.004172955695640579,0
2022-11-16,111.91,112.75,111.91,112.16,83637,112.94200000000001,109.46,108.85650000000001,1.0375310615351403,54.1313559322034,0.15176208747503495,-0.8611131299936214,-0.004172955695640579,0.020105920264964272,0.016833887415765185,-0.6211268754076973,1124110.0,0.007489300998573497,-0.00686519258202567,0
2022-11-17,112.21,112.5,111.0,111.39,852354,112.502,109.976,108.947,1.0326305451274471,62.08991494532199,0.23089005318045963,-0.6427124933588052,-0.00686519258202567,0.020526121896701242,0.016867125132124437,9.191111589368342,1154134.7,0.013466199838405602,-0.0018852679773767589,0
2022-11-18,110.85,112.0,110.48,111.18,1090116,112.07000000000001,110.455,109.03099999999999,1.0278728068164102,62.46943765281176,0.27350153567695656,-0.45946968755165285,-0.0018852679773767589,0.02061697038488226,0.016875166258121656,0.2789474795683484,1247906.1,0.013671523655333657,0.0007195538765965015,1
2022-11-21,111.18,111.5,110.56,111.26,125802,111.724,111.13699999999999,109.12950000000001,1.0237745064350152,70.2592087312415,0.3101515400753243,-0.30554544202625744,0.0007195538765965015,0.01908624509386035,0.016862331059052257,-0.8845976024569863,1190625.1,0.00844867877044758,0.0035053028941218756,1
2022-11-22,111.6,111.95,110.3,111.65,397877,111.52799999999999,111.80199999999999,109.2585,1.0207718392619338,70.29972752043598,0.36644255161164097,-0.17114784329867777,0.0035053028941218756,0.01910762113870581,0.016855122815794956,2.1627239630530517,1177580.6,0.014778325123152759,0.003313927451858323,1
2022-11-23,112.0,112.5,111.13,112.02,686276,111.5,112.221,109.41100000000002,1.019093144199395,69.95175740868365,0.4358848819992289,-0.049741298239096426,0.003313927451858323,0.01768036014096212,0.016852351594539506,0.7248446127823422,1003305.1,0.012229958935904344,-0.00633815390108905,0
2022-11-24,112.79,112.8,111.11,111.31,865558,111.484,111.99300000000001,109.44649999999999,1.0186164016208834,66.3346613545817,0.42868574048523556,0.04594410950576998,-0.00633815390108905,0.003586919586282624,0.016629504076376228,0.26123891845263425,661581.3,0.015182822747282344,0.004491959392687095,1
2022-11-25,113.0,113.0,110.71,111.81,648554,111.60999999999999,111.84,109.6665,1.0177219114314762,77.0756796473182,0.45804611974936904,0.1283645115544898,0.004491959392687095,0.00413231871819323,0.015143237023266094,-0.250709946647134,610789.3,0.02048117341919333,-0.01126911725248192,0
2022-11-28,112.79,112.79,110.0,110.55,663283,111.468,111.596,109.83900000000001,1.0148307978040585,69.39203354297695,0.3753165465831074,0.17775491856021333,-0.01126911725248192,0.005189213305754604,0.015402769311947919,0.022710522177027626,563420.9,0.02523744911804619,0.002532790592492118,1
2022-11-29,110.58,111.45,110.21,110.83,495841,111.304,111.41600000000001,110.11449999999999,1.0108023920555422,62.75510204081633,0.3285590001242582,0.20791573487302234,0.002532790592492118,0.005376374375716364,0.014787108147512714,-0.25244428094795135,590929.8,0.011188306415230616,-0.011819904358025823,0
2022-11-30,110.5,111.05,109.09,109.52,434524,110.804,111.152,110.306,1.0045147136148533,22.161422708618232,0.18367990816791746,0.20306856953200136,-0.011819904358025823,0.006255465255803108,0.015133663717707283,-0.12366262572074516,626018.5,0.017896274653031355,0.0009130752373995854,1
2022-12-01,109.55,111.05,109.5,109.62,271576,110.46599999999998,110.975,110.47549999999998,0.9999140080832402,24.022346368715077,0.07605463773866461,0.17766578317333404,0.0009130752373995854,0.006115242013874648,0.015115728327579354,-0.37500345205328134,567940.7,0.014139755519065838,-0.006841817186644783,0
2022-12-02,109.8,110.74,107.0,108.87,358287,109.878,110.744,110.59949999999999,0.9934764623709873,22.751322751322775,-0.06896293468015813,0.1283400396026356,-0.006841817186644783,0.006339180940041579,0.015235507298649585,0.3192881550652489,494757.8,0.034352897951685446,-0.01102232019840177,0
2022-12-05,109.47,109.47,107.5,107.67,204498,109.30199999999999,110.38499999999999,110.761,0.9868274934318035,20.47619047619048,-0.27752128418572397,0.04716777484496368,-0.01102232019840177,0.006831505851855058,0.014823078760640292,-0.42923410561923825,502627.4,0.018296647162626533,-0.0069657286152131626,0
2022-12-06,108.9,108.9,106.21,106.92,258717,108.52000000000001,109.912,110.857,0.9789187872664785,19.815668202764982,-0.49758812457685053,-0.061783405039399164,-0.0069657286152131626,0.006473551144521698,0.01491556917750626,0.2651321773318076,488711.4,0.025158997381219714,-0.0016835016835017313,0
2022-12-07,106.82,108.5,106.47,106.74,1845638,107.96400000000001,109.38400000000001,110.80250000000001,0.9743823469687056,21.260815822002442,-0.6786936191901134,-0.18516544786954203,-0.0016835016835017313,0.005995676554080757,0.013611587315674276,6.1338103023767285,604647.6,0.01901817500468429,-0.015832864905377497,0
2022-12-08,107.0,107.0,105.0,105.05,341014,107.05,108.758,110.37549999999999,0.9698710311618068,17.972831765935197,-0.947665803070123,-0.33766551890965824,-0.015832864905377497,0.006943192602898909,0.00570884877447539,-0.8152324562021371,552193.2,0.01903855306996668,0.002284626368395992,1
2022-12-09,105.9,105.9,104.5,105.29,238276,106.33399999999999,108.106,109.973,0.9669100597419366,19.32168550873594,-1.1284540861320096,-0.49582323235412856,0.002284626368395992,0.006608434875046487,0.005864469790984342,-0.30127208853595455,511165.4,0.013296609364612078,0.001519612498812828,1
2022-12-12,106.0,106.0,105.0,105.45,688410,105.89000000000001,107.596,109.596,0.9661848972590241,17.368421052631618,-1.244473919458187,-0.6455533697749403,0.001519612498812828,0.006705829755029274,0.005977556029432921,1.889128573586933,513678.1,0.009483167377904219,0.0123281175912755,1
2022-12-13,105.16,107.1,105.16,106.75,247835,105.856,107.18800000000002,109.30199999999999,0.9684726720462572,24.73633748801541,-1.2174869066002572,-0.7599400771400038,0.0123281175912755,0.008383830746432772,0.006940043276566359,-0.6399892505919438,488877.5,0.018173302107728315,-0.004215456674473095,0
2022-12-14,107.0,107.0,106.1,106.3,292245,105.768,106.86600000000001,109.00899999999999,0.9702685099395464,25.368731563421875,-1.2183661767930545,-0.851625297070614,-0.004215456674473095,0.007897476584044393,0.006940539224299474,0.1791918009966309,474649.6,0.008466603951081897,-0.014016933207902094,0
2022-12-15,106.1,106.35,103.5,104.81,1424184,105.72,106.38499999999999,108.67999999999999,0.972764078027236,18.637992831541297,-1.3240309477213827,-0.9461064272007678,-0.014016933207902094,0.008475755145352653,0.007341444474328281,3.87325360570754,589910.4,0.02719206182616157,-0.000381642972998808,0
2022-12-16,105.0,106.4,103.9,104.77,842800,105.61599999999999,105.975,108.3595,0.9746815000069213,20.925553319919587,-1.3949189483322328,-1.0358689314270608,-0.000381642972998808,0.008518827225818367,0.007361285182858522,-0.4082225330434831,638361.7,0.02386179249785244,0.01383983964875446,1
2022-12-19,106.8,106.8,104.9,106.22,1219732,105.77000000000001,105.83,108.1075,0.9783780033762691,29.252925292529312,-1.3188919522486202,-1.0924735355913726,0.01383983964875446,0.0097197046863443,0.008237006415538543,0.4472377788324633,739885.1,0.017887403502165236,0.00065900960271148,1
2022-12-20,106.25,110.0,102.85,106.29,3337471,105.678,105.76700000000001,107.8395,0.9799563239814725,33.637284701114595,-1.2387124886247278,-1.1217213261980437,0.00065900960271148,0.009524042658447135,0.008155926599783547,1.736233041356626,1047760.5,0.06726879292501652,-0.02257973468811747,0
2022-12-21,104.0,106.0,103.8,103.89,360535,105.196,105.482,107.43299999999999,0.9791777200673909,26.458504519309827,-1.3532304303595737,-1.1680231470303497,-0.02257973468811747,0.01181679123397665,0.00918696440157426,-0.8919735931787872,899250.2,0.021176244104341158,0.011358167292328414,1
2022-12-22,104.0,105.77,103.3,105.07,317546,105.248,105.48400000000001,107.12100000000001,0.982515099747015,34.92063492063491,-1.3333999809454582,-1.2010985138133714,0.011358167292328414,0.01156943245128409,0.00975608072213351,-0.11923668991914793,896903.4,0.023508137432188055,-0.014656895403064585,0
2022-12-23,105.12,105.12,102.93,103.53,340433,105.0,105.30799999999999,106.707,0.9840029238944025,34.003091190108194,-1.42551686552477,-1.2459821841556513,-0.014656895403064585,0.012419810375469836,0.009937108981329885,0.07207459706625174,907119.1,0.02115328890176758,-0.01613059016710139,0
2022-12-26,105.45,105.45,101.7,101.86,778816,104.128,104.949,106.27250000000001,0.9798207438424803,31.746031746031747,-1.6146623806165366,-1.3197182234478284,-0.01613059016710139,0.013157183168698695,0.010185963512691115,1.287721813102725,916159.7,0.03681523659925388,-0.006381307677204018,0
2022-12-27,104.3,104.5,101.02,101.21,275909,103.112,104.39499999999998,105.7915,0.9746718781754677,30.70481507327287,-1.796304452205618,-1.4150354691993865,-0.006381307677204018,0.011950250452384454,0.010077877278271655,-0.6457327533075848,918967.1,0.034383954154727836,-0.021736982511609382,0
2022-12-28,101.49,101.49,98.2,99.01,5088729,102.136,103.66600000000001,105.266,0.9702658028233236,29.64959568733157,-2.0936444860465855,-1.5507572725688263,-0.021736982511609382,0.01301839241576814,0.01068371705943535,17.443504923724852,1398615.5,0.033228966771033146,0.0017169982830016473,1
2022-12-29,101.0,101.0,98.4,99.18,661835,100.958,103.103,104.744,0.9638547315359353,29.316181448882872,-2.2891827520354013,-1.6984423684621415,0.0017169982830016473,0.013027258179141474,0.010708528262755358,-0.8699410009847253,1322380.6,0.02621496269409149,0.003629764065335772,1
2022-12-30,99.98,100.6,99.0,99.54,553631,100.16,102.58000000000001,104.2775,0.9605140130900721,30.26052104208418,-2.3875767467327904,-1.8362692441162713,0.003629764065335772,0.013259645855082281,0.010865340277084369,-0.16349090029992375,1293463.7,0.01607394012457298,0.011653606590315446,1
2023-01-02,99.9,101.4,99.0,100.7,1045918,99.928,102.028,103.929,0.9615025642505941,29.602157788267036,-2.344921594467408,-1.9379997141864989,0.011653606590315446,0.012927858723734868,0.011313283665528239,0.8891969560953052,1276082.3,0.023833167825223493,-0.009334657398212487,0
2023-01-03,100.25,101.2,99.5,99.76,218223,99.638,101.375,103.571,0.9620260497629646,28.655352480417775,-2.35976531739945,-2.022352834829089,-0.009334657398212487,0.012806294044501478,0.01136618476907229,-0.7913574486718844,964157.5,0.017040898155573404,-0.009021651964715383,0
2023-01-04,100.6,100.6,98.7,98.86,374911,99.608,100.872,103.17699999999999,0.9654089574226815,29.8031228784793,-2.4162979741992103,-2.1011418627031135,-0.009021651964715383,0.011540008294597769,0.011426206942356097,0.718017807472173,965595.1,0.01921909771393882,-0.008901476835929567,0
2023-01-05,98.5,99.55,97.75,97.98,567575,99.36800000000001,100.16300000000001,102.82350000000001,0.9663938691057978,28.19524727039179,-2.503253212726662,-2.1815641327078232,-0.008901476835929567,0.01005305609214525,0.01114250517648951,0.5138926305176428,990598.0,0.01837109614206978,-0.015819555011226782,0
2023-01-06,98.0,98.7,96.06,96.43,2489023,98.74600000000001,99.453,102.38050000000001,0.9645000756980089,18.761965539246972,-2.666500157866693,-2.2785513377395974,-0.015819555011226782,0.01015869272597935,0.011387504287189659,3.3853640488041226,1205457.0,0.027377372187078714,-0.014310899097791263,0
2023-01-09,96.25,99.99,94.85,95.05,2795241,97.61600000000001,98.772,101.8605,0.9583302654120097,16.90223792697286,-2.8740981900092493,-2.397660708193528,-0.014310899097791263,0.009992554853994015,0.011509499385053091,0.12302738865812013,1407099.5,0.05407680168332457,0.0010520778537612685,1
2023-01-10,95.49,96.4,94.63,95.15,373743,96.694,98.16600000000001,101.2805,0.9547148760126579,20.2316076294278,-2.996015757186356,-2.5173317179920938,0.0010520778537612685,0.010303004808232966,0.010868383452636323,-0.8662931031707105,1416882.9,0.018602207041513507,-0.0066211245401998076,0
2023-01-11,95.3,96.45,94.01,94.52,1589929,95.826,97.71700000000001,100.6915,0.9516791387555056,12.668082094833721,-3.1076489991947795,-2.635395174232631,-0.0066211245401998076,0.008746393667111971,0.010864645949067135,3.2540703103469495,1067002.9,0.025814642403724056,-0.004337706305543754,0
2023-01-12,95.39,95.7,93.31,94.11,343849,95.05199999999999,97.21000000000001,100.1565,0.9490347605996615,13.769230769230802,-3.192402690236193,-2.7467966774333434,-0.004337706305543754,0.00846591318969675,0.010693555713027046,-0.7837331100948532,1035204.3,0.025395813409839554,-0.008288173414089939,0
2023-01-13,94.8,94.95,92.9,93.33,373564,94.43199999999999,96.589,99.5845,0.9482600203846983,14.781172584640828,-3.2846467195109597,-2.8543666858488668,-0.008288173414089939,0.007904891803599842,0.010647616152506725,0.08641874776428016,1017197.6,0.021965070181077864,-0.004821600771456103,0
2023-01-16,94.39,94.39,92.5,92.88,386617,93.998,95.80699999999999,98.91749999999999,0.950266636338363,15.029387069689378,-3.3553832470679907,-2.954569998092692,-0.004821600771456103,0.004853787977777638,0.009611457931913713,0.03494180381407208,951267.5,0.020348837209302334,-0.04134366925064592,0
2023-01-17,93.5,93.5,88.13,89.04,1826716,92.776,94.735,98.05499999999999,0.9461628677782877,13.210332103321065,-3.678890404019313,-3.099434079278016,-0.04134366925064592,0.011628525094689252,0.012178010209082808,3.724872418957262,1112116.8,0.06030997304582215,0.0121293800539084,1
2023-01-18,91.95,91.95,87.01,90.12,612875,91.896,93.861,97.3665,0.943815377979079,18.6721991701245,-3.804271904149047,-3.2404016442522225,0.0121293800539084,0.013798276433818316,0.012569371923397889,-0.6644935501741924,1135913.2,0.05481580115401684,-0.005548158011540183,0
2023-01-19,90.12,91.88,89.0,89.62,399814,90.998,93.025,96.594,0.9420667950390295,16.027397260273986,-3.8990377871093926,-3.372128872823657,-0.005548158011540183,0.013845014358780008,0.011815035696551962,-0.3476418519273914,1119137.1,0.03213568399910729,-0.01472885516625766,0
2023-01-20,89.1,90.49,88.02,88.3,841155,89.99199999999999,92.212,95.83250000000001,0.9390551222184539,7.994579945799487,-4.034150227752292,-3.5045331438093843,-0.01472885516625766,0.013787668622922643,0.011817227263133043,1.103865797595882,954350.3,0.02797281993204982,-0.0003397508493770962,0
2023-01-23,90.43,90.43,85.7,88.27,272559,89.07000000000001,91.534,95.153,0.9360713797778315,8.519855595667906,-4.096427493466791,-3.622912013740866,-0.0003397508493770962,0.013861553622862757,0.011762757437251853,-0.6759705405068032,702082.1,0.05358558966806394,0.0045315509233034845,1
2023-01-24,88.5,89.65,88.0,88.67,483602,88.99600000000001,90.886,94.526,0.9414975773861162,11.835205992509444,-4.066628456707875,-3.711655302334268,0.0045315509233034845,0.014135045773101504,0.012045972180836187,0.7743020777152836,713068.0,0.018608322995376177,0.012067215518213548,1
2023-01-25,89.4,91.7,89.02,89.74,7909588,88.92,90.40799999999999,94.0625,0.9453289036544851,19.571639586410654,-3.911582163444251,-3.751640674556265,0.012067215518213548,0.015363461783099275,0.012169706795984291,15.355573384725457,1345033.9,0.02986405170492542,0.06541118787608657,1
2023-01-26,90.24,96.25,89.98,95.61,5190106,90.11800000000001,90.55799999999999,93.884,0.959886668654936,47.704367301231784,-3.277268604181373,-3.656766260481287,0.06541118787608657,0.02708958829513631,0.019871006343633014,-0.34382094238031113,1829659.6,0.06557891433950419,-0.027298399748980184,0
2023-01-27,95.61,98.25,92.3,93.0,1255846,91.05799999999999,90.525,93.557,0.9732890109772651,44.630696699842865,-2.9511566292126474,-3.5156443342275594,-0.027298399748980184,0.028514097428560786,0.020627773503403373,-0.7580307608360985,1917887.8,0.06397849462365594,-0.014516129032257963,0
2023-01-30,94.0,94.0,91.41,91.65,197699,91.73400000000001,90.402,93.1045,0.9852799810965099,41.396263520157326,-2.769716687237576,-3.3664588048295627,-0.014516129032257963,0.028859178690872567,0.02046578226338162,-0.8425770357193477,1898996.0,0.028259683578832552,0.009056192034915478,1
2023-01-31,93.4,93.45,91.52,92.48,1248242,92.49600000000001,90.746,92.7405,0.9973636113672022,45.034079844206445,-2.5297883374025503,-3.1991247113441603,0.009056192034915478,0.02519148365239913,0.020649552286125184,5.313850854076146,1841148.6,0.02086937716262983,0.0058391003460207536,1
2023-02-01,92.5,93.5,92.2,93.02,242154,93.152,91.03599999999999,92.4485,1.007609642125075,47.363328495403955,-2.2699038657380584,-3.0132805422229403,0.0058391003460207536,0.02504617467851921,0.02071081028261755,-0.8060039639749343,1804076.5,0.013975489142119945,-0.005267684368952863,0
2023-02-02,93.0,93.05,92.06,92.53,175101,92.53599999999999,91.327,92.176,1.0039055719493142,48.037291462217866,-2.079511144454031,-2.8265266626691585,-0.005267684368952863,0.025035136557116314,0.020670731207029194,-0.2769023018409772,1781605.2,0.010699232681292498,-0.010591159623905777,0
2023-02-03,92.55,93.0,90.3,91.55,261622,92.246,91.652,91.932,1.0034155680285428,46.819703491152566,-1.984821563454247,-2.6581856428261763,-0.010591159623905777,0.024733206084927992,0.020528084120778757,0.494120536147709,1723651.9,0.029492080830147493,0.010376843255051948,1
2023-02-06,91.55,92.8,90.4,92.5,580385,92.416,92.075,91.8045,1.0066608935291843,59.60044395116536,-1.8122320448538005,-2.4889949232317012,0.010376843255051948,0.024761762718094722,0.02051618782761556,1.2184105312244382,1754434.5,0.025945945945945854,0.01654054054054055,1
2023-02-07,92.3,94.89,86.11,94.03,1018761,92.726,92.61099999999999,91.7485,1.0106541251355607,60.58473199783432,-1.5343088374619498,-2.298057706077751,0.01654054054054055,0.025028399129119333,0.02089301912237995,0.7553193139037018,1807950.4,0.09337445496118262,0.0007444432627883302,1
2023-02-08,94.0,96.55,93.8,94.1,1210116,92.942,93.047,91.72749999999999,1.0132403041617835,62.41685144124166,-1.2934936882237622,-2.0971449025069533,0.0007444432627883302,0.024987640293963064,0.020842211279188623,0.18783110071940334,1138003.2,0.029224229543039323,0.026992561105207313,1
2023-02-09,94.9,97.35,94.1,96.64,1543510,93.76399999999998,93.15,91.85400000000001,1.0207938685304936,71.65109034267914,-0.8874590990687921,-1.8552077418193211,0.026992561105207313,0.01601481167970478,0.021661834879496567,0.2755058192768296,773343.6,0.03362996688741722,-0.01738410596026496,0
2023-02-10,96.21,97.0,93.0,94.96,1073537,94.446,93.346,91.93549999999999,1.0273071881917215,65.99713055954089,-0.6932444312229364,-1.6228150797000445,-0.01738410596026496,0.014266876503149744,0.021972460031978794,-0.30448328809013225,755112.7,0.04212299915754002,-0.005581297388373874,0
2023-02-13,95.7,96.75,93.99,94.43,755610,94.83200000000001,93.624,92.013,1.0306369752100246,63.68821292775668,-0.5754609230106809,-1.4133442483621719,-0.005581297388373874,0.01335583339860239,0.02198387577312663,-0.2961490847544146,810903.8,0.029227999576405855,0.00021179709837970684,1
2023-02-14,95.3,95.3,93.7,94.45,376879,94.916,93.821,92.2835,1.0285262262484625,61.780890445222646,-0.47502699580151386,-1.2256807978500404,0.00021179709837970684,0.013207582236343659,0.019600333573351354,-0.5012254999272111,723767.5,0.016940179989412326,-0.021704605611434613,0
2023-02-15,94.9,94.9,91.6,92.4,1918798,94.576,93.759,92.39750000000001,1.02357747774561,40.07421150278294,-0.554458796468964,-1.0914363975738253,-0.021704605611434613,0.015098301124774052,0.020232820504174055,4.0912839399382825,891431.9,0.03571428571428584,0.0457792207792207,1
2023-02-16,92.97,98.04,92.4,96.63,7235853,94.574,94.169,92.748,1.0196877560702118,60.202360876897146,-0.2729371725307175,-0.9277365525652037,0.0457792207792207,0.020861582202197776,0.022435079102841267,2.7710342620744863,1597507.1,0.05836696678050296,0.004760426368622728,1
2023-02-17,96.56,98.2,96.56,97.09,979631,95.0,94.723,93.1875,1.0194500335345407,66.09467455621304,-0.012566245826604927,-0.744702491217484,0.004760426368622728,0.020178174074394192,0.021997450919604224,-0.8646143032480068,1669308.0,0.01689154392831394,-0.018127510557214954,0
2023-02-20,97.1,97.1,94.5,95.33,858896,95.17999999999999,95.006,93.5405,1.0175271673766977,57.992148065058885,0.05117241464900246,-0.5855275100441868,-0.018127510557214954,0.02147441217760663,0.02257590224126449,-0.12324538525220208,1697159.1,0.027273680897933434,0.006608622679114662,1
2023-02-21,96.3,96.4,95.2,95.96,300027,95.482,95.199,93.905,1.0167935679676268,58.20312500000001,0.15078336043872298,-0.43826533594760486,0.006608622679114662,0.021014803195903944,0.022582807052074372,-0.650682969765839,1625285.7,0.012505210504376854,-0.0018757815756564877,0
2023-02-22,95.99,96.3,95.5,95.78,426596,96.158,95.367,94.20700000000001,1.0207097137155412,59.227711527541175,0.2127488209812327,-0.30806250456183737,-0.0018757815756564877,0.021051686000257103,0.022542202093981684,0.4218586993837221,1546933.7,0.008352474420547058,-0.007830444769262868,0
2023-02-23,96.45,96.45,94.5,95.03,493635,95.838,95.206,94.178,1.0176261972010447,60.01150747986193,0.19904371091077167,-0.20664126146731557,-0.007830444769262868,0.01925580244741341,0.017292902519386495,0.15714868400078763,1441946.2,0.0205198358413133,-0.004840576660002149,0
2023-02-24,95.45,95.45,94.21,94.57,246669,95.33399999999999,95.167,94.25649999999999,1.011431572358405,56.12788632326819,0.14934262796768394,-0.1354444835803157,-0.004840576660002149,0.01850091414188611,0.01612809536242287,-0.5003008295603026,1359259.4,0.01311198054351284,-0.005604314264565757,0
2023-02-27,95.0,95.3,93.55,94.04,258796,95.076,95.12800000000001,94.376,1.007417139950835,50.031466331025825,0.06642192049982043,-0.09507120276428847,-0.005604314264565757,0.018501651134021666,0.015797752803645492,0.04916304845764974,1309578.0,0.018609102509570395,0.009464057847724305,1
2023-02-28,94.5,96.27,93.5,94.93,647523,94.86999999999999,95.176,94.4985,1.003931279332476,52.4835427887493,0.07169576028425695,-0.06171781015457939,0.009464057847724305,0.018757567350909884,0.015808409059601118,1.5020595372416885,1336642.4,0.029179395343937594,0.0007373854419043813,1
2023-03-01,94.51,95.5,93.51,95.0,3842315,94.714,95.436,94.5975,1.0012315336028965,44.24157303370785,0.08059468592409758,-0.033255310938844,0.0007373854419043813,0.01704879441128324,0.015774567254719478,4.933866441809789,1528994.1,0.02094736842105258,0.022105263157894628,1
2023-03-02,94.2,98.4,94.2,97.1,1200964,95.128,95.483,94.826,1.0031847805454202,57.29877216916783,0.2541696882239961,0.024229688893724025,0.022105263157894628,0.01100736129100818,0.01636307939521969,-0.6874373912602167,925505.2,0.043254376930999004,0.03130792996910414,1
2023-03-03,97.12,101.8,97.12,100.14,4330624,96.242,95.788,95.2555,1.0103563573756897,66.6278392545137,0.6297721009863153,0.1453381713122423,0.03130792996910414,0.014715259634783878,0.01725158240372861,2.605956548239581,1260604.5,0.046734571599760265,-0.005991611743559,0
2023-03-06,100.2,102.5,99.06,99.54,796641,97.34200000000001,96.20899999999999,95.60749999999999,1.0181418821745158,64.33802816901411,0.8690073576976829,0.29007200858933047,-0.005991611743559,0.013181970855890249,0.01735276804529923,-0.8160447547512784,1254379.0,0.034558971267832,-0.013562386980108587,0
2023-03-07,99.54,100.0,97.51,98.19,865895,97.994,96.432,95.8155,1.0227364048614265,66.97947214076245,0.9388468624407977,0.41982697935962393,-0.013562386980108587,0.014303404583999764,0.01749588466567538,0.08693250786740836,1310965.8,0.025358997861289284,-0.004277421326000619,0
2023-03-08,98.94,99.0,97.51,97.77,552305,98.548,96.631,95.999,1.0265523599204158,54.30513595166164,0.9493610400892152,0.5257337915055422,-0.004277421326000619,0.014402823197422534,0.017555476542460664,-0.362157074472078,1323536.7,0.015239848624322337,0.003988953666768991,1
2023-03-09,98.8,98.8,97.4,98.16,614815,98.75999999999999,96.94399999999999,96.075,1.0279469164715065,54.062262718299145,0.977890825539248,0.6161651983122834,0.003988953666768991,0.013971223880215893,0.016561370573430496,0.11318021745231355,1335654.7,0.014262428687856474,0.013141809290953654,1
2023-03-10,99.4,100.0,98.25,99.45,1143888,98.622,97.432,96.2995,1.0241174668611988,66.22047244094492,1.0920051494611869,0.7113331885420642,0.013141809290953654,0.013959602110941926,0.016189181317136016,0.8605401624879028,1425376.6,0.017596782302664656,-0.0032176973353444938,0
2023-03-13,100.99,100.99,98.75,99.13,600702,98.53999999999999,97.941,96.53450000000001,1.0207749561037762,62.792574656981444,1.1434393901469235,0.797754428863036,-0.0032176973353444938,0.01377485132220019,0.016136119383940925,-0.4748594267970291,1459567.2,0.022596590335922477,-0.00514475940683945,0
2023-03-14,99.9,99.9,98.2,98.62,469676,98.626,98.31,96.743,1.019463940543502,61.163522012578625,1.1300224631611258,0.864208035722654,-0.00514475940683945,0.014064000533103818,0.01622126493549286,-0.21812146455313952,1441782.5,0.01723788278239711,0.01875887243966745,1
2023-03-15,98.25,101.15,97.4,100.47,922075,99.166,98.857,97.14649999999999,1.0207881910310717,69.68162083936325,1.2542112244894952,0.9422086734760222,0.01875887243966745,0.014750353329155579,0.015582403918406373,0.9632150674081708,1149758.5,0.0373245744998507,-0.006668657310640036,0
2023-03-16,100.99,100.99,99.0,99.8,884687,99.494,99.127,97.30499999999999,1.022496274600483,68.63863150392021,1.2837698127155477,1.0105209013239274,-0.006668657310640036,0.013983484219237915,0.012304483291984521,-0.04054767779193669,1118130.8,0.019939879759518987,-0.0004008016032063244,0
2023-03-17,100.8,101.2,99.0,99.76,1432843,99.556,99.089,97.4385,1.0217316563781256,71.12259970457903,1.2891075121779636,1.0662382234947347,-0.0004008016032063244,0.009769361718363609,0.012290738656660583,0.6196044476747142,828352.7,0.02205292702485969,-0.045709703287890924,0
2023-03-20,96.85,96.85,95.0,95.2,222235,98.77000000000001,98.655,97.43199999999999,1.0137326545693408,50.78442765833817,0.9148381027860921,1.0359581993530063,-0.045709703287890924,0.017409733394185077,0.01568055993579166,-0.8448992667026325,770912.1,0.01943277310924364,-0.012079831932773177,0
2023-03-21,95.0,95.0,93.8,94.05,667758,97.856,98.241,97.3365,1.0053371551268022,47.4029524330235,0.51944368684903,0.932655296852211,-0.012079831932773177,0.017328302937969525,0.015825283843921192,2.0047382275519157,751098.4,0.012759170653907527,-0.012014885699096145,0
2023-03-22,94.89,94.9,92.9,92.92,3700308,96.346,97.756,97.1935,0.991280281088756,37.93302540415707,0.11359970072341241,0.7688441776264514,-0.012014885699096145,0.017505919813294805,0.016019897971879565,4.541390743353131,1065898.7,0.02152389151958674,-0.0032285837279379948,0
2023-03-24,93.65,93.65,92.0,92.62,125466,94.91,97.202,97.07300000000001,0.9777178000061808,24.21124828532237,-0.2295954416909325,0.5691562537629747,-0.0032285837279379948,0.017243953662731043,0.015955473502783993,-0.9660930927911947,1016963.8,0.017814726840855166,0.0014035845389763768,1
2023-03-27,93.65,93.65,91.5,92.75,4762770,93.50800000000001,96.532,96.982,0.9641789197995505,25.939050318922725,-0.48549368213873834,0.3582262665826321,0.0014035845389763768,0.016189423839614425,0.01594078595604478,36.960642723925204,1378852.0,0.023180592991913808,-0.00010781671159032502,0
2023-03-28,92.99,93.1,92.0,92.74,518723,93.016,95.893,96.917,0.9597490636317674,28.660924040720417,-0.6812487858270515,0.1503312561006954,-0.00010781671159032502,0.016296047279188666,0.01590183253299378,-0.8910879593177919,1370654.1,0.011861117101574233,0.002372223420314956,1
2023-03-29,92.97,93.95,92.25,92.96,396911,92.798,95.327,96.8185,0.9584738453911185,30.867143993635622,-0.8093047925819832,-0.04159595363584033,0.002372223420314956,0.016538067564037334,0.01574448715775916,-0.23483053575800572,1363377.6,0.018287435456110186,0.01043459552495718,1
2023-03-30,93.2,94.0,93.2,93.93,171446,93.0,94.673,96.765,0.961091303673849,33.91634980988597,-0.8230318087850463,-0.19788312466568153,0.01043459552495718,0.015331897417568175,0.015946537652279352,-0.5680492604135436,1288314.7,0.008516980730331067,0.013520706909400548,1
2023-03-31,94.45,95.99,93.53,95.2,267783,93.51599999999999,94.213,96.67,0.9673735388434881,33.815689261233814,-0.7230967723767918,-0.30292585420790363,0.013520706909400548,0.01659879613520023,0.015414277148051514,0.5619087059482286,1226624.3,0.025840336134453714,0.0015756302521008347,1
2023-04-03,95.97,96.0,94.5,95.35,297354,94.036,93.772,96.4305,0.9751686447752527,35.41666666666664,-0.6245938604059091,-0.36725945544750477,0.0015756302521008347,0.016665733007147,0.013456627959122265,0.11042896673799318,1113075.4,0.015731515469323547,-0.0038804404824330785,0
2023-04-04,95.35,95.5,94.4,94.98,392125,94.484,93.75,96.2025,0.9821366388607364,35.80343213728547,-0.5698170050394822,-0.40777096536590024,-0.0038804404824330785,0.00828077752237679,0.01343490702861165,0.3187143942909798,1130064.4,0.011581385554853593,0.0031585596967782514,1
2023-04-05,94.98,95.4,94.61,95.28,474436,94.94800000000001,93.873,96.05699999999999,0.988454771646002,26.974267968056765,-0.49647540035023496,-0.42551185236276723,0.0031585596967782514,0.007180876063470157,0.013212638023108991,0.20991010519604725,1110732.2,0.008291351805205774,0.01332913518052048,1
2023-04-06,94.75,97.0,94.75,96.55,332462,95.47200000000001,94.23599999999999,95.99600000000001,0.9945414392266344,36.310025273799475,-0.3320456485241863,-0.40681861159505106,0.01332913518052048,0.006377763997515881,0.013593210395893576,-0.29924794914382546,773947.6,0.02330398757120663,0.001864319005696613,1
2023-04-07,97.0,98.0,96.3,96.73,212849,95.77799999999999,94.647,95.9245,0.9984727572205223,37.38551207327225,-0.1850759495319778,-0.36247007918243646,0.001864319005696613,0.005937139619127979,0.01356423741651569,-0.3597794635176351,782685.9,0.01757469244288228,-0.0027912746821049383,0
2023-04-10,96.02,97.0,96.0,96.46,513230,96.0,95.018,95.775,1.0023492560689113,58.16062176165797,-0.08935808337533047,-0.30784768002101526,-0.0027912746821049383,0.0063064908344442365,0.01317419606179805,1.4112398930697347,357731.9,0.01036699149906697,-0.00342110719469213,0
2023-04-11,96.12,96.55,96.0,96.13,204649,96.22999999999999,95.357,95.625,1.0063267973856207,65.07246376811594,-0.0396719137839483,-0.2542125267736019,-0.00342110719469213,0.006622351475884584,0.013175718015169913,-0.6012528495995948,326324.5,0.00572141891189012,0.013939456985332388,1
2023-04-12,96.0,97.65,96.0,97.47,635408,96.66799999999999,95.808,95.56750000000001,1.0115154210374864,81.99718706047818,0.10660268534076067,-0.18204948435072937,0.013939456985332388,0.007351047659470586,0.013579052819106026,2.1048673582573088,350174.2,0.016928285626346625,0.015799733251256942,1
2023-04-13,98.5,100.0,98.0,99.01,1138825,97.16,96.316,95.4945,1.0174407950196085,88.26347305389218,0.34283944892459317,-0.07707169769566487,0.015799733251256942,0.007979127469974536,0.013372749429578673,0.7922736257648628,446912.1,0.0201999798000202,-0.007473992526007556,0
2023-04-17,97.15,99.9,97.15,98.27,1121955,97.46799999999999,96.623,95.418,1.0214844159382923,80.80357142857133,0.4649868910609314,0.031340020055654394,-0.007473992526007556,0.008332754101361957,0.013393038189027491,-0.014813513928830124,532329.3,0.027984125368881653,0.006614429632644914,1
2023-04-18,98.4,99.4,98.4,98.92,1690580,97.96,96.97999999999999,95.376,1.0270927696695185,82.18749999999996,0.6072393099305913,0.1465198780306418,0.006614429632644914,0.008375182421345063,0.01349238295567801,0.5068162270322785,671651.9,0.010109179134654266,-0.00828952689041662,0
2023-04-19,98.8,99.0,97.36,98.1,1145741,98.354,97.292,95.521,1.029658399723621,75.19607843137248,0.6463574237466503,0.2464873871738435,-0.00828952689041662,0.008917879737086225,0.008563149776750725,-0.32227933608584036,747013.5,0.016717635066258927,0.01141692150866458,1
2023-04-20,98.1,99.5,97.26,99.22,3552523,98.704,97.686,95.7795,1.0305336736984427,75.55555555555546,0.758984351394588,0.34898678001799244,0.01141692150866458,0.009281091649818315,0.00820092568525873,2.100633563780994,1054822.2,0.022576093529530286,-0.0044345898004434225,0
2023-04-26,99.53,100.25,98.45,98.78,1822724,98.658,97.909,96.0725,1.0269119675245257,68.8025210084033,0.8034757123564162,0.4398845664856772,-0.0044345898004434225,0.009014266200818815,0.007640549357136093,-0.4869212669418326,1203848.4,0.01822231220894915,-0.011743267867989404,0
2023-04-27,95.96,98.0,95.78,97.62,827836,98.52799999999999,97.998,96.32249999999999,1.0228970385943057,60.778727445394125,0.7366415853338566,0.4992359702553131,-0.011743267867989404,0.010057780258777776,0.008225953505138524,-0.5458248204335928,1265347.1,0.022741241548862926,0.017312026224134414,1
2023-04-28,98.0,99.6,97.17,99.31,2062197,98.60600000000001,98.28299999999999,96.6505,1.0202326940884943,68.27004219409275,0.8106987042155254,0.5615285170473556,0.017312026224134414,0.011171717496395861,0.008843583545629297,1.4910694871931156,1420243.8,0.02446883496123243,-0.008156278320410881,0
2023-05-02,98.98,99.6,98.12,98.5,900249,98.686,98.52000000000001,96.9385,1.0180268933395915,63.02588996763749,0.7948665471659524,0.6081961230710751,-0.008156278320410881,0.011566186827210596,0.009190775421935393,-0.5634515034208663,1489803.8,0.015025380710659795,-0.004974619289340065,0
2023-05-03,98.5,99.0,97.99,98.01,548179,98.444,98.574,97.191,1.0128921402187445,56.30397236614854,0.7343158081992698,0.633420060096714,-0.004974619289340065,0.011021028155274159,0.009364775048604397,-0.39108068989801714,1481080.9,0.010305070911131569,0.004387307417610398,1
2023-05-04,98.01,99.2,98.01,98.44,2849011,98.376,98.517,97.41650000000001,1.0098494608202921,57.227387996618724,0.7128094935308127,0.6492979467835338,0.004387307417610398,0.009795785355395523,0.00919769731681563,4.197227547935984,1652099.5,0.012088581877285634,-0.001117431938236435,0
2023-05-05,98.8,98.8,97.95,98.33,303945,98.518,98.523,97.57300000000001,1.009685056316809,58.01199657240789,0.6790617029098769,0.6552506980088024,-0.001117431938236435,0.009497104986664619,0.008840642270518013,-0.8933156102240392,1570298.5,0.008644360825790648,-0.003864537780941646,0
2023-05-08,98.33,98.8,97.3,97.95,360532,98.24600000000001,98.426,97.703,1.0055576594372742,57.76450511945395,0.614569140994206,0.6471143866058832,-0.003864537780941646,0.00927412945400956,0.008926511491051092,0.18617513036898115,1437293.7,0.015313935681470138,-0.020010209290454384,0
2023-05-09,98.47,98.47,95.1,95.99,869007,97.744,98.215,97.7535,0.9999028167789389,44.00324149108589,0.4006838672312796,0.5978282827309624,-0.020010209290454384,0.010902880222712817,0.010081119858148956,1.410346377020625,1409620.3,0.03510782373163876,-0.012501302218981047,0
2023-05-10,95.55,96.0,94.16,94.79,357456,97.1,97.772,97.729,0.9935638346857125,32.41666666666667,0.13281724115228144,0.5048260744152263,-0.012501302218981047,0.01020481102837037,0.010470697112535513,-0.5886615412764225,1090113.6,0.01941133030910437,-0.007173752505538644,0
2023-05-11,96.75,96.89,93.85,94.11,506590,96.23400000000001,97.30499999999999,97.607,0.9859333859251899,32.579564489112244,-0.13280837462075112,0.37729918460803086,-0.007173752505538644,0.010239257309866415,0.010071889951632038,0.41720939080614117,958500.2,0.03230262458824786,-0.00021251726702786744,0
2023-05-12,94.8,95.0,93.9,94.09,301935,95.38600000000001,96.952,97.475,0.9785688638112338,28.647214854111397,-0.34100156789455127,0.23363903410751446,-0.00021251726702786744,0.010015307728178428,0.01004897873860029,-0.403985471485817,905910.1,0.011690934211924691,-0.003826123923902691,0
2023-05-15,94.5,94.5,93.5,93.73,276205,94.542,96.394,97.33850000000001,0.9712703606486641,29.861751152073737,-0.5289477840732246,0.08112167047136666,-0.003826123923902691,0.006827212930297375,0.010059531962255489,-0.08521701690761252,727310.9,0.010668942707777658,-0.001386962552011206,0
2023-05-16,94.0,94.51,93.1,93.6,1028458,94.06400000000001,95.90400000000001,97.212,0.9676171666049459,21.501014198782897,-0.6805415684402902,-0.07121097731096473,-0.001386962552011206,0.006896800120062546,0.010048154697039645,2.7235314349848845,740131.8,0.01506410256410268,-0.005662393162393142,0
2023-05-17,94.34,94.34,92.99,93.07,707288,93.72,95.41,96.99199999999999,0.9662652589904323,21.306532663316503,-0.833835370227149,-0.2237358558942016,-0.005662393162393142,0.006899194208227346,0.009421470534173124,-0.3122830489917916,756042.7,0.014505211131406561,-0.005909530460943335,0
2023-05-18,93.5,93.5,92.4,92.52,319829,93.402,94.81800000000001,96.66749999999999,0.9662192567305455,22.698072805139105,-0.9883095981772243,-0.3766506043508062,-0.005909530460943335,0.006033941846415198,0.00842898434617328,-0.5478093789234371,503124.5,0.011889321227842567,0.004863813229571967,1
2023-05-19,92.5,93.18,92.0,92.97,145597,93.178,94.282,96.4025,0.9665516973107543,10.864197530864146,-1.06217619160617,-0.513755721801879,0.004863813229571967,0.006833520276664885,0.008561738453819058,-0.5447661093897052,487289.7,0.012692266322469687,-0.015488867376573068,0
2023-05-22,93.55,94.34,91.41,91.53,350264,92.738,93.64000000000001,96.03299999999999,0.9656888777815961,10.080183276059529,-1.2228161016532795,-0.6555677977721591,-0.015488867376573068,0.007470491151408019,0.008716756333890642,1.4057089088374073,486262.9,0.03201136239484329,-0.005353436031902081,0
2023-05-23,92.6,92.6,90.99,91.04,839154,92.226,93.14500000000001,95.67999999999999,0.9639005016722408,10.080183276059529,-1.373826673893575,-0.7992195729964423,-0.005353436031902081,0.00583424764015477,0.008662404792322626,1.3957757577141812,483277.6,0.017684534270650257,0.0036247803163445003,1
2023-05-24,91.0,92.21,91.0,91.37,238972,91.886,92.803,95.2875,0.9643027679391316,9.038238702201639,-1.4501588695360255,-0.9294074323043591,0.0036247803163445003,0.005840553041894296,0.008104355818171911,-0.7152227123984394,471429.2,0.013242858706358692,-0.00350224362482221,0
2023-05-25,91.25,93.0,91.0,91.05,204868,91.59200000000001,92.497,94.901,0.9651320850149104,8.823529411764724,-1.5189643348452364,-1.0473188128125346,-0.00350224362482221,0.005708511101883667,0.008104898736053535,-0.14271127998259214,441257.0,0.021965952773201538,-0.011422295442064745,0
2023-05-26,91.25,91.5,89.9,90.01,668107,91.0,92.089,94.5205,0.9627541115419407,8.210526315789494,-1.6385245787787284,-1.1655599660057734,-0.011422295442064745,0.0061235937286056715,0.008089134145399874,2.261158404436027,477874.2,0.01777580268859009,-0.00044439506721483113,0
2023-05-29,90.5,91.49,89.7,89.97,1031742,90.688,91.713,94.0535,0.9642171742678369,10.290237467018486,-1.716715372985547,-1.2757910474017282,-0.00044439506721483113,0.006251242134179483,0.006428791994482609,0.5442765904263838,553427.9,0.019895520729131845,0.0021118150494610077,1
2023-05-30,90.0,90.5,89.75,90.16,608374,90.512,91.369,93.6365,0.9666316019928126,14.764079147640757,-1.7432555636263913,-1.369283950646661,0.0021118150494610077,0.006510515703290652,0.0065641890730951105,-0.41034289580146976,511419.5,0.00831854480922804,-0.013864241348713446,0
2023-05-31,90.5,90.89,88.61,88.91,394717,90.02,90.953,93.1815,0.9660715914639708,13.585434173669455,-1.8438980997281789,-1.4642067804629648,-0.013864241348713446,0.007256532188627267,0.006898112894243233,-0.3511935092558196,480162.4,0.02564390957147679,-0.010235069171071864,0
2023-06-01,89.5,89.98,87.95,88.0,502721,89.41,90.501,92.6595,0.9649307410465198,12.079701120796997,-1.9743285983865206,-1.5662311440476762,-0.010235069171071864,0.007473031716425234,0.006638950313690848,0.27362388749407796,498451.6,0.02306818181818183,-0.006363636363636349,0
2023-06-02,88.0,88.29,87.0,87.44,719054,88.89599999999999,89.94800000000001,92.115,0.9650545513759973,11.786148238153075,-2.098690628977664,-1.6727230410336738,-0.006363636363636349,0.006626762545286634,0.006556953300245012,0.4303241758351053,555797.3,0.014752973467520657,0.015896614821591992,1
2023-06-05,87.44,90.3,87.15,88.83,1475068,88.668,89.67800000000001,91.65899999999999,0.9673681798841359,24.86828240252899,-2.0613253751219816,-1.7504435078513354,0.015896614821591992,0.008768817611348984,0.008161457536271514,1.0514008683631548,668277.7,0.035460992907801324,-0.0036023865811098954,0
2023-06-06,89.01,90.0,88.4,88.51,743526,88.338,89.425,91.285,0.9677164923043216,25.431034482758662,-2.0340867816439356,-1.8071721626098556,-0.0036023865811098954,0.008733016502664021,0.007339913834233009,-0.4959378143922857,658714.9,0.01807705344028917,-0.011524121568184498,0
2023-06-07,88.99,89.25,87.3,87.49,739831,88.054,89.037,90.91999999999999,0.9684777826660802,24.205128205128204,-2.0709330485013737,-1.8599243397881593,-0.011524121568184498,0.008812090934028297,0.007283539733269068,-0.004969563942619382,708800.8,0.02228826151560182,-0.013715853240370168,0
2023-06-08,88.0,88.0,86.15,86.29,830018,87.712,88.561,90.52900000000001,0.9688828994024014,18.190476190476176,-2.1719273254010574,-1.922324936910739,-0.013715853240370168,0.009288994885119665,0.007575853985665714,0.12190216414289212,771315.8,0.02143933248348585,-0.002317765673890415,0
2023-06-09,86.29,86.99,86.0,86.09,597755,87.44200000000001,88.16900000000001,90.12899999999999,0.9701871761586173,20.62634989200862,-2.2422570030244486,-1.986311350133481,-0.002317765673890415,0.009067577474180527,0.007530549198955482,-0.2798288711811069,764280.6,0.0114995934487164,-0.012545011034963416,0
2023-06-12,86.09,86.78,84.5,85.01,2312352,86.678,87.673,89.693,0.9663853366483449,19.390862944162407,-2.3579596620966186,-2.0606410125261085,-0.012545011034963416,0.009284979943425156,0.007744534726640487,2.8683942417880237,892341.6,0.02682037407363841,0.012469121279849338,1
2023-06-13,85.85,87.6,85.5,86.07,706924,86.19,87.26400000000001,89.31649999999999,0.9649952696310313,24.952741020793866,-2.33718015382442,-2.115948840785771,0.012469121279849338,0.01071096045883745,0.008638098810348244,-0.6942835692835693,902196.6,0.024398745207389272,0.017311490647147876,1
2023-06-14,86.76,87.9,86.3,87.56,794049,86.20400000000001,87.12899999999999,89.04100000000001,0.968138273379679,35.148936170212764,-2.175404981772701,-2.1278400689831574,0.017311490647147876,0.012149002290796572,0.009866483197891997,0.12324521447850123,942129.8,0.018273184102329927,-0.00605299223389677,0
2023-06-15,88.0,88.5,86.92,87.03,670411,86.352,87.032,88.76650000000001,0.9727994232058265,36.743772241992865,-2.066146314418546,-2.115501318070235,-0.00605299223389677,0.011882533094516853,0.009868761259849462,-0.15570575619388727,958898.8,0.018154659312880597,-0.015052280822704822,0
2023-06-16,87.45,87.45,85.01,85.72,1079559,86.27799999999999,86.86,88.404,0.9759513144201619,33.013589128697035,-2.0615003919682096,-2.10470113284983,-0.015052280822704822,0.01261008234969828,0.01003607660996957,0.6102942821642245,994949.3,0.028464769015398947,-0.032197853476435,0
2023-06-19,86.5,86.5,82.5,82.96,1698074,85.868,86.273,87.9755,0.9760444669254508,26.127320954907148,-2.254538482447643,-2.1346686027693926,-0.032197853476435,0.014141267989809261,0.011613923000281665,0.5729330217246116,1017249.9,0.048216007714561235,0.009161041465766795,1
2023-06-20,82.8,84.4,82.8,83.72,831538,85.398,85.794,87.6095,0.9747573037170626,32.21384509938315,-2.319459624761194,-2.171626807167753,0.009161041465766795,0.015003877968913393,0.012026251125322678,-0.5103052046023907,1026051.1,0.01911132345914965,-0.005375059722885878,0
2023-06-21,83.75,84.24,82.8,83.27,577146,84.53999999999999,85.372,87.2045,0.9694453841258192,33.26256192498231,-2.379788615180516,-2.2132591687703056,-0.005375059722885878,0.01485235767688166,0.011889067395506851,-0.30592949450295714,1009782.6,0.017293142788519247,0.0007205476161882274,1
2023-06-22,82.42,83.94,82.42,83.33,93816,83.79999999999998,85.076,86.8185,0.9652320645945275,34.922964049889956,-2.395148495250581,-2.2496370340663607,0.0007205476161882274,0.014592181165141584,0.011946260774058371,-0.8374484099344013,936162.4,0.01824072962918512,-0.0040801632065282645,0
2023-06-23,82.7,83.7,82.7,82.99,225761,83.25399999999999,84.76599999999999,86.4675,0.962835747535201,26.78855325914151,-2.407009956898065,-2.2811116186327016,-0.0040801632065282645,0.014588463024205115,0.011829803946464115,1.406423211392513,898963.0,0.012049644535486204,0.046752620797686495,1
2023-06-26,84.0,87.1,83.5,86.87,1585797,84.036,84.952,86.3125,0.9736249094858798,44.91945477075589,-2.079357142440699,-2.240760723394301,0.046752620797686495,0.021121095002267748,0.016398546581774347,6.024229162698606,826307.5,0.041441234027857654,-0.005755726948313611,0
2023-06-27,87.0,88.49,85.0,86.37,1988931,84.566,84.982,86.123,0.9819212057174042,46.41485275288096,-1.8388387591200797,-2.160376330539457,-0.005755726948313611,0.020937918575288456,0.01639854931548597,0.25421538822434386,954508.2,0.040407548917448126,0.0750260507120526,1
2023-07-03,92.85,92.85,92.85,92.85,1280696,86.482,85.511,86.32000000000001,1.0018767377201112,65.69377990430618,-1.1125199259301866,-1.950805049617603,0.0750260507120526,0.031409472530507715,0.02351909573655289,-0.3560882705332664,1003172.9,0.0,0.03855681206246642,1
2023-07-04,99.0,99.0,94.01,96.43,7229734,89.102,86.451,86.7415,1.0272130410472495,71.29324546952222,-0.2452043737052918,-1.609684914435141,0.03855681206246642,0.032602986358833505,0.024640480233170094,4.6451601316783995,1659105.2,0.051747381520273715,0.007881364720522477,1
2023-07-05,96.97,98.9,95.51,97.19,1813009,91.94200000000001,87.598,87.229,1.0540301963796446,75.41736227045071,0.49773749055873395,-1.188200433436366,0.007881364720522477,0.031367524764654604,0.024504313182760876,-0.7492288098013011,1732450.2,0.034880131700792266,0.018520423911924988,1
2023-07-06,96.57,99.61,96.0,98.99,2716543,94.366,89.201,87.737,1.0755553529297788,76.15384615384612,1.217731971215045,-0.7070139525060839,0.018520423911924988,0.02703638255307701,0.024569402413682318,0.4983615635664247,1834297.1,0.036468330134357005,-0.005657137084553843,0
2023-07-07,97.31,99.89,97.31,98.43,563674,96.77799999999999,90.672,88.233,1.0968458513254677,72.86495582667229,1.7232805589518847,-0.2209550502144902,-0.005657137084553843,0.02797308523096098,0.024614641844664886,-0.7925031924766146,1807510.7,0.026211520877781145,0.0007111652951334868,1
2023-07-10,97.25,98.95,97.25,98.5,552268,97.90799999999999,92.19500000000001,88.7835,1.1027724746152154,74.6031746031746,2.1053111555097956,0.244298190930367,0.0007111652951334868,0.02750266902528451,0.024316723463336742,-0.020235100430390562,1805022.9,0.017258883248730993,0.05177664974619289,1
2023-07-11,98.02,104.9,98.02,103.6,2768436,99.34200000000001,94.22200000000001,89.64899999999999,1.10812167453067,82.98892988929889,2.787468333376978,0.7529322194196892,0.05177664974619289,0.02879808766236299,0.025852334941982393,4.012848834261627,2072484.9,0.0664092664092665,0.06631274131274134,1
2023-07-12,105.0,111.07,105.0,110.47,5297599,101.99799999999999,96.97,90.868,1.1224853633842495,94.07241268824096,3.8381901299010934,1.36998380151597,0.06631274131274134,0.030183429223934643,0.028609943712572753,0.9135710560041843,2579668.7,0.05494704444645599,-0.009504842943785619,0
2023-07-13,110.95,113.53,108.62,109.42,3276575,104.08400000000002,99.225,92.0885,1.1302605645656083,90.79365079365081,4.533904470426805,2.002767935298137,-0.009504842943785619,0.03179228377412932,0.028475259705203097,-0.38149810886025914,2748746.5,0.04487296655090474,0.019831840614147334,1
2023-07-14,109.0,112.5,109.0,111.59,1920209,106.71600000000001,101.747,93.36449999999999,1.1430040325819772,92.62492474413007,5.200416794537546,2.642297707146019,0.019831840614147334,0.030137010776325312,0.028514564666072016,-0.4139584779838703,2741874.3,0.03136481763598889,-0.008423693879379801,0
2023-07-17,112.9,113.49,109.9,110.65,1298464,109.146,103.527,94.519,1.15475195463346,90.058651026393,5.588363295826156,3.2315108248820463,-0.008423693879379801,0.026492914662125718,0.028908811580152932,-0.3237902749127829,2743651.1,0.0324446452779032,0.018707636692272933,1
2023-07-18,111.47,114.75,110.15,112.72,2743513,110.97,105.15599999999999,95.8035,1.1583084125319012,91.48758024002237,5.993753138193853,3.783959287544408,0.018707636692272933,0.025506886066559556,0.028616605820341593,1.112891077457673,2295029.0,0.040809084457061696,0.00434705464868701,1
2023-07-19,112.5,113.99,111.9,113.21,1254336,111.518,106.758,97.178,1.1475642635164338,90.59802712700375,6.282149702576589,4.2835973705508446,0.00434705464868701,0.02565616943016779,0.0279219492214605,-0.542799323349297,2239161.7,0.018461266672555335,0.0052998851691548055,1
2023-07-20,113.5,114.48,113.06,113.81,897458,112.396,108.23999999999998,98.7205,1.138527458835804,92.16349108789187,6.484373225069319,4.723752541454539,0.0052998851691548055,0.0258325391301711,0.025809830504128026,-0.28451547272820044,2057253.2,0.01247693524294879,0.03980318073982958,1
2023-07-21,114.0,119.5,114.0,118.34,4292178,113.74600000000001,110.231,100.4515,1.1323474512575722,91.66394246485785,6.930281987990199,5.165058430761672,0.03980318073982958,0.025922304676280414,0.026272795851920196,3.782594840092796,2430103.6,0.04647625485888119,0.01968903160385338,1
2023-07-24,118.25,121.6,117.11,120.67,1814363,115.75,112.44800000000001,102.3215,1.1312383028004867,91.30879345603276,7.386532078734575,5.609353160356253,0.01968903160385338,0.025126327672764976,0.025702125644155572,-0.5772861703312397,2556313.1,0.03720891688074911,0.004143531946631418,1
2023-07-25,120.67,123.6,119.06,121.17,2269346,117.43999999999998,114.205,104.2135,1.126917337964851,91.2310866574966,7.699702012181191,6.027422930721241,0.004143531946631418,0.02302524124599478,0.02558494620872982,0.25076734920189625,2506404.1,0.03746802013699754,0.01716596517289748,1
2023-07-26,122.0,123.89,120.2,123.25,2359953,119.44800000000001,115.48299999999999,106.22650000000002,1.124465175827124,91.31471389645782,8.02324310519856,6.426586965616705,0.01716596517289748,0.014914314636142817,0.02500203381081798,0.03992648102140439,2212639.5,0.029939148073022295,0.013955375253549729,1
2023-07-27,123.2,126.5,123.0,124.97,6026969,121.67999999999999,117.03799999999998,108.1315,1.1252965139667903,93.47968545216253,8.322504723885132,6.805770517270391,0.013955375253549729,0.013039286207168222,0.024236757547483022,1.553851284326425,2487678.9,0.028006721613187166,0.05521325118028342,1
2023-07-31,125.55,132.5,125.55,131.87,5554674,124.38600000000001,119.06599999999999,110.40650000000001,1.126618450906423,94.67202141900938,9.012552946800412,7.247127003176395,0.05521325118028342,0.01858411368934189,0.024836406259821312,-0.07836360200293047,2851125.4,0.05270342003488286,-0.004322438765450798,0
2023-08-01,132.1,132.99,129.25,131.3,1767806,126.51199999999999,121.131,112.32900000000002,1.1262630309181063,92.19987812309571,9.405011777326052,7.678703958006327,-0.004322438765450798,0.01799692787132822,0.02204502231842651,-0.6817444192044393,2898059.6,0.028484386900228552,0.007692307692307665,1
2023-08-02,131.05,134.9,130.0,132.31,2698878,128.74,123.09,114.123,1.1280811054739186,90.50445103857571,9.685883946229893,8.080139955651042,0.007692307692307665,0.01824343350289714,0.021583641042128843,0.5266822264433992,2893596.1,0.037034237774922575,-0.03181921245559671,0
2023-08-03,131.0,132.7,127.0,128.1,2406114,129.70999999999998,124.579,115.6685,1.121394329484691,81.00929614873837,9.45971958914626,8.356055882350086,-0.03181921245559671,0.02365750673642776,0.024067508952594126,-0.10847618899409306,3008773.9,0.04449648711943785,0.010928961748633892,1
2023-08-04,127.99,130.44,124.05,129.5,2278521,130.61599999999999,126.148,117.194,1.1145280475109647,80.51107325383305,9.286403131725763,8.542125332225222,0.010928961748633892,0.023528957360696382,0.024055181967063112,-0.05302865948994939,3146880.2,0.04934362934362935,0.0365250965250965,1
2023-08-07,129.0,137.14,128.5,134.23,4242459,131.08800000000002,127.737,118.984,1.1017279634236539,85.57634278817139,9.422107865863836,8.718121838952944,0.0365250965250965,0.02313741036755068,0.024109284127865456,0.8619354396996999,3141908.3,0.06436713104373082,-0.012664829024808033,0
2023-08-08,133.81,137.05,132.01,132.53,1837016,131.334,128.92299999999997,120.68549999999998,1.0882334663236266,80.22581629539215,9.285442254537656,8.831585922069888,-0.012664829024808033,0.02431726012712435,0.024730379496648584,-0.5669926332817831,3144173.6,0.038029125481023315,0.010412736738851569,1
2023-08-09,132.1,134.99,131.15,133.91,1899207,131.654,130.197,122.201,1.0773561591149008,80.7486631016043,9.182636521965435,8.901796042048996,0.010412736738851569,0.02423930190550759,0.023195370791627035,0.03385435946121329,3107159.7,0.028675976402061112,-0.023896647001717453,0
2023-08-10,134.25,136.5,128.01,130.71,3988784,132.176,130.943,123.21300000000001,1.0727439474730749,73.30391616105905,8.742174634372219,8.869871760513641,-0.023896647001717453,0.02633600289382742,0.020981718818749096,1.1002365724220686,3270042.8,0.06495294927702554,0.012699869941090958,1
2023-08-11,130.0,137.48,129.11,132.37,5907832,132.75,131.683,124.3605,1.0674611311469477,71.00928421683142,8.429879142561319,8.781873236923177,0.012699869941090958,0.026297901158210214,0.020553372988072215,0.48111103534310207,3258129.1,0.06323185011709584,0.0008310040039283262,1
2023-08-15,133.99,133.99,130.55,132.48,765778,132.4,131.744,125.405,1.0557792751485189,68.94449791466155,8.097911117438116,8.645080813026166,0.0008310040039283262,0.019837150991316603,0.02050261089299381,-0.8703791847838598,2779239.5,0.02596618357487921,-0.00233997584541068,0
2023-08-16,132.35,133.4,131.44,132.17,1072360,132.328,131.831,126.481,1.046228287252631,67.75338928340867,7.7208089767582635,8.460226445772586,-0.00233997584541068,0.019791916674352292,0.020277290398873136,0.4003536272914605,2709694.9,0.014829386396307848,-0.009457516834380009,0
2023-08-17,131.5,132.5,128.5,130.92,2000034,131.73000000000002,131.692,127.39099999999999,1.0340604909295008,62.719734660033176,7.237657054838039,8.215712567585676,-0.009457516834380009,0.019874739739058848,0.020552448577325747,0.8650770263717409,2639810.5,0.03055300947143294,-0.0067980446073937495,0
2023-08-18,131.0,131.5,129.85,130.03,530774,131.594,131.88500000000002,128.232,1.0262181046852579,58.62892223738066,6.7056416509992545,7.913698384268392,-0.0067980446073937495,0.016898824733395906,0.020798064680826393,-0.7346175115023045,2452276.5,0.012689379373990662,-0.009843882181035157,0
2023-08-21,129.05,130.0,127.91,128.75,1184294,130.87,131.81,128.97899999999998,1.0146613014521746,43.417721518987314,6.110294634874876,7.55301763438969,-0.009843882181035157,0.016904680891299078,0.02114190899303406,1.2312585017352018,2342853.8,0.01623300970873789,-0.0366601941747573,0
2023-08-22,125.98,125.98,122.5,124.03,674116,129.18,130.79000000000002,129.2635,0.9993540326542296,36.94793536804304,5.197697461160601,7.081953599743873,-0.0366601941747573,0.014831852750717623,0.021689280234812494,-0.43078661210814206,1986019.5,0.02805772796903978,0.0004031282754171084,1
2023-08-23,124.39,125.0,122.11,124.08,2035400,127.56200000000001,129.945,129.43400000000003,0.9855370304556762,34.696913350687936,4.427455259975247,6.551053931790148,0.0004031282754171084,0.014928213076522718,0.02131371482036564,2.0193616528906,2005857.9,0.023291424887169572,0.01603803997421016,1
2023-08-24,125.0,129.0,123.1,126.07,2260232,126.59200000000001,129.161,129.679,0.976195066279043,45.88569112282122,3.932280256083871,6.027299196648893,0.01603803997421016,0.015719866340241768,0.02155278394425757,0.11046084307752779,2041960.4,0.046799397160307815,0.006980249067978228,1
2023-08-25,125.65,127.4,124.5,126.95,1914720,125.976,128.785,129.864,0.9700609868785807,44.72049689440993,3.5697097515412253,5.53578130762736,0.006980249067978228,0.014798125179928342,0.02129946232546218,-0.1528657235186477,1834554.0,0.02284363922804258,-0.009925167388735723,0
2023-08-28,126.02,126.8,125.0,125.69,1491287,125.364,128.11700000000002,129.9,0.965080831408776,29.352030947775603,3.144451267907627,5.057515299683414,-0.009925167388735723,0.013862526446846345,0.02124520754243379,-0.22114617280855686,1392899.5,0.01432094836502504,-0.009149494788765922,0
2023-08-29,126.0,126.0,124.25,124.54,292897,125.46600000000001,127.32300000000001,129.5335,0.9685988566664222,30.153999006457994,2.683699450041914,4.5827521297551135,-0.009149494788765922,0.013748703826048906,0.016964733956401475,-0.8035944791311129,1345611.4,0.014051710293881484,-0.01694234784005133,0
2023-08-30,123.81,124.97,121.0,122.43,652749,125.13600000000001,126.349,129.08999999999997,0.9693702068324428,22.483221476510025,2.1238090007164203,4.090963503947375,-0.01694234784005133,0.014079375304708668,0.01725967146887741,1.2285957179486302,1303650.3,0.032426692804051284,-0.044515233194478476,0
2023-08-31,122.4,122.4,115.0,116.98,7393117,123.31800000000001,124.95500000000001,128.3235,0.9609931150568681,20.294244915620894,1.2261876059375822,3.5180083243454168,-0.044515233194478476,0.018333211621956395,0.019326100351753223,10.326125355994417,1842958.6,0.06325867669687131,-0.010172679090442838,0
2023-09-01,117.3,117.3,115.0,115.79,1117695,121.08599999999998,123.53099999999999,127.708,0.948147336110502,13.38339222614836,0.41402055753891887,2.8972107709841173,-0.010172679090442838,0.01827740056102794,0.01838487644836344,-0.8488195168560162,1901650.7,0.019863546074790545,0.0029363502893167137,1
2023-09-04,116.99,118.0,115.56,116.13,792829,119.174,122.26899999999998,127.0395,0.9380861857926078,14.254481853957117,-0.1998883328878236,2.277790950209729,0.0029363502893167137,0.01883496568795143,0.018107995249288956,-0.2906571112870685,1862504.2,0.021010936019977593,-0.00421940928270037,0
2023-09-05,117.58,117.7,115.3,115.64,477143,117.394,121.42999999999999,126.10999999999999,0.9308857346760766,14.143167028199542,-0.7176814711664719,1.6786964659344892,-0.00421940928270037,0.016386810593900267,0.015219083794623323,-0.398176656000222,1842806.9,0.020754064337599496,0.001988931165686658,1
2023-09-06,115.51,116.75,115.25,115.87,1516556,116.08200000000002,120.60900000000001,125.277,0.9266026485308558,15.842033590558316,-1.0968335712860267,1.1235904584903862,0.001988931165686658,0.016472321976658946,0.015300450916135962,2.178409826823405,1790922.5,0.012945542418227323,0.009752308621731265,1
2023-09-07,117.1,118.94,116.01,117.0,1268122,116.08600000000001,119.702,124.4315,0.9329309700517957,20.74539739559944,-1.2912480819633316,0.6406227503996427,0.009752308621731265,0.015605446567369934,0.015262509211721512,-0.16381459042725754,1691711.5,0.02504273504273498,0.024529914529914487,1
2023-09-08,118.97,120.4,117.0,119.87,2190543,116.902,118.994,123.8895,0.9435989329200618,31.391450125733442,-1.199906196232277,0.27251696107325873,0.024529914529914487,0.0181693389578725,0.01618964640271096,0.7273913708617941,1719293.8,0.028364061066155046,0.0017518978893800163,1
2023-09-11,120.2,122.0,118.55,120.08,2166855,117.69200000000001,118.43299999999999,123.275,0.9547110119651186,39.79328165374675,-1.09791575930646,-0.0015695830026849766,0.0017518978893800163,0.018233578675398644,0.015767995018242713,-0.010813757136929114,1786850.6,0.028730846102598292,-0.008827448367754842,0
2023-09-12,120.7,120.7,118.82,119.02,526122,118.36800000000001,117.881,122.602,0.9654654899593808,37.57367387033398,-1.090055265882441,-0.21926671957863617,-0.008827448367754842,0.018224547882644205,0.015736245166796503,-0.7571955668468817,1810173.1,0.015795664594185934,0.003948916148546422,1
2023-09-13,119.06,119.81,119.0,119.49,101505,119.09200000000001,117.58699999999999,121.96799999999999,0.9764200446018629,32.53715498938428,-1.0339815999134032,-0.3822096956455896,0.003948916148546422,0.017816276182899,0.015859249644115052,-0.8070694629762678,1755048.7,0.006778809942254601,-0.0035149384885764245,0
2023-09-14,119.85,120.94,118.95,119.07,186316,119.506,117.796,121.37549999999999,0.9845973857986168,28.56365614798689,-1.011770247944341,-0.5081218061053399,-0.0035149384885764245,0.010036610255864687,0.01582517959632683,0.8355351953105759,1034368.6,0.01671285798269921,-0.01578903166204748,0
2023-09-15,119.2,120.0,116.3,117.19,2273577,118.97,117.93599999999999,120.7335,0.9853934492083803,27.631578947368382,-1.1328095562541307,-0.6330593561350981,-0.01578903166204748,0.010901945955859698,0.016017089615545193,11.202800618304385,1149956.8,0.03157265978325798,-0.006911852547145658,0
2023-09-18,117.22,117.5,116.1,116.38,181429,118.22999999999999,117.96100000000001,120.11500000000001,0.9843067060733462,28.135048231511206,-1.2793467971662977,-0.7623168443413382,-0.006911852547145658,0.011174665874747558,0.015984398392057654,-0.920201075221996,1088816.8,0.012029558343358015,0.004811823337343313,1
2023-09-19,116.79,117.5,116.11,116.94,578530,117.81400000000001,118.09100000000001,119.76050000000001,0.9837467278443226,33.95675043834012,-1.3349033614460097,-0.8768341477622725,0.004811823337343313,0.011136320395375534,0.014244792460090023,2.1887404990381913,1098955.5,0.011886437489310763,-0.004874294510005095,0
2023-09-20,116.5,117.49,115.96,116.37,424669,117.19000000000001,118.14099999999999,119.375,0.9816963350785342,47.50613246116107,-1.408688095722752,-0.9832049373543685,-0.004874294510005095,0.011290934264954646,0.014230401669428223,-0.2659516360430747,989766.8,0.013147718484145407,0.005241900833548252,1
2023-09-21,116.35,117.67,115.0,116.98,1028936,116.772,118.13899999999998,118.92050000000002,0.9819333083866952,55.10729613733905,-1.4017822539655214,-1.066920400676599,0.005241900833548252,0.01096510682959679,0.013659323984883773,1.422912903932239,965848.2,0.022824414429817075,0.0005129081894341692,1
2023-09-22,117.0,117.48,115.81,117.04,1227791,116.742,117.856,118.425,0.9857884737175429,54.00175901495168,-1.3756106428569836,-1.128658449112676,0.0005129081894341692,0.006869652465212655,0.01346978434534179,0.19326274909226626,869573.0,0.014268626110731387,-0.00025632262474373224,0
2023-09-25,117.05,118.22,116.49,117.01,546928,116.86800000000001,117.549,117.99099999999999,0.9904823249230875,56.2786434463795,-1.3418225071695957,-1.17129126072406,-0.00025632262474373224,0.006764477923078695,0.013418149158014071,-0.5545430777713797,707580.3,0.014785061105888418,-0.009315443124519263,0
2023-09-26,117.01,117.59,115.8,115.92,503450,116.66400000000002,117.239,117.55999999999999,0.9923783599863901,50.21240441801188,-1.3870104634581537,-1.2144351012708787,-0.009315443124519263,0.006816231030346669,0.013421887133156089,-0.07949492437761463,705313.1,0.015441683919944844,-0.0007763975155279379,0
2023-09-27,116.0,116.95,114.5,115.83,1556672,116.556,116.873,117.22999999999999,0.9942506184423783,44.5479962721342,-1.4137872330465342,-1.2543055276260098,-0.0007763975155279379,0.006465421858508804,0.013050970222250066,2.0920091369550105,850829.8,0.02115168781835451,-0.01053267719934381,0
2023-09-28,116.0,116.25,114.3,114.61,918373,116.082,116.42699999999999,117.1115,0.9912092322274071,21.03524229074887,-1.5159765854813543,-1.3066397391970788,-0.01053267719934381,0.0068843051534930675,0.008856455020603154,-0.4100407793035399,924035.5,0.01701422214466454,0.01762498909344723,1
2023-10-02,114.99,117.9,114.55,116.63,942555,116.0,116.37100000000001,117.15350000000001,0.9901539433307583,34.15977961432506,-1.417623780859273,-1.3288365475295176,0.01762498909344723,0.008362929510479363,0.009496883287421177,0.026331349027029383,790933.3,0.028723313041241608,0.005658921375289561,1
2023-10-03,117.0,117.93,116.49,117.29,446477,116.056,116.46199999999999,117.2115,0.9901417523024617,41.75405147759777,-1.2717619107894365,-1.3174216201815014,0.005658921375289561,0.008226963276551305,0.009554429267276737,-0.5263119924036264,817438.1,0.012277261488618057,0.017904339670901104,1
2023-10-04,117.89,120.1,117.5,119.39,2209795,116.75,116.707,117.399,0.994471843882827,49.58745874587461,-0.9754682871074891,-1.249030953566699,0.017904339670901104,0.009821850966633246,0.010231119110818776,3.9494038886661578,980564.6,0.02177736828880136,0.006365692269034273,1
2023-10-05,119.39,121.0,119.39,120.15,1175497,117.614,117.08500000000001,117.61299999999999,1.0000085024614627,54.333868378812255,-0.6715861798112996,-1.1335419988156192,0.006365692269034273,0.009572634439208623,0.010285494544013325,-0.46805156134392556,1055647.4,0.013399916770703282,0.0064086558468581245,1
2023-10-06,120.95,122.0,120.52,120.92,758946,118.876,117.479,117.80900000000001,1.0090570329940836,66.43171806167402,-0.3644240025301144,-0.9797183995585182,0.0064086558468581245,0.009606757454524795,0.010177153136801996,-0.3543616019436885,1028648.4,0.012239497188223652,0.0026463777704266445,1
2023-10-09,120.0,121.8,119.0,121.24,461753,119.798,117.899,117.87749999999998,1.016292337384149,72.37569060773481,-0.09408982941771171,-0.802592685530357,0.0026463777704266445,0.009560093739472935,0.008655927426049963,-0.39158648968437804,952044.6,0.023094688221708983,0.02919828439458927,1
2023-10-10,121.5,126.0,121.15,124.78,1695875,121.296,118.676,118.1125,1.0269531167319295,78.32369942196533,0.40117585982324044,-0.5618389764596375,0.02919828439458927,0.012372925707631991,0.010766009329239146,2.6726886452280767,1066939.3,0.03886840839878181,0.005690014425388634,1
2023-10-11,125.1,126.45,124.25,125.49,712220,122.51599999999999,119.633,118.43599999999999,1.03444898510588,82.61802575107292,0.8412709056978116,-0.28121700002814776,0.005690014425388634,0.01108185026502732,0.010484995191146498,-0.5800280091398246,1087816.3,0.01753127739262095,-0.0067734480835125455,0
2023-10-12,126.0,126.24,123.5,124.64,496916,123.41400000000002,120.51400000000001,118.69350000000001,1.0397705013332659,76.93389592123768,1.1086813159334525,-0.003237336835827692,-0.0067734480835125455,0.011752661779751717,0.010690010637648403,-0.30229985116958247,981840.7,0.021983311938382502,0.030086649550705946,1
2023-10-13,124.31,128.85,123.75,128.39,1951060,124.90799999999999,121.89199999999998,119.15950000000001,1.0482420621100288,81.68620882188719,1.6047016508367875,0.3183504606986954,0.030086649550705946,0.011877536419686991,0.012273394781345247,2.92633765062908,1085109.4,0.039722719837993574,-0.007555105537814355,0
2023-10-16,127.99,128.85,126.5,127.42,671870,126.14399999999998,122.971,119.671,1.0540899633160914,77.61273209549076,1.8976554556660545,0.6342114596921673,-0.007555105537814355,0.013042265638357496,0.01170503295883755,-0.6556384734452041,1058040.9,0.018442944592685563,0.007063255375922006,1
2023-10-17,129.0,131.49,128.0,128.32,1551332,126.852,124.074,120.26799999999999,1.0547444041640337,83.22615219721335,2.1773468360232755,0.942838534958389,0.007063255375922006,0.013010256673151177,0.011416732342535485,1.3089764388944292,1168526.4,0.02719763092269334,0.010598503740648413,1
2023-10-18,128.5,129.91,127.7,129.68,1077660,127.69000000000001,125.103,120.905,1.0561184400975974,84.74661314601113,2.4801552185137155,1.2503018716694543,0.010598503740648413,0.01266159252000465,0.011485988466782006,-0.30533244979153396,1055312.9,0.01704194941394196,0.022902529302899488,1
2023-10-19,129.75,134.0,129.7,132.65,4569550,129.292,126.353,121.71900000000001,1.0622170737518382,91.6051660516606,2.9260574530174353,1.5854529879390507,0.022902529302899488,0.013427079896335552,0.011870783765100546,3.240252027541154,1394718.2,0.032416132679985006,0.0022615906520917495,1
2023-10-20,133.0,133.99,132.26,132.95,1309901,130.204,127.556,122.5175,1.0627379762074807,90.88176352705419,3.265997295400524,1.9215618494313456,0.0022615906520917495,0.013613980033965078,0.011907836007455376,-0.7133413574640829,1449813.7,0.013012410680707171,0.004738623542685394,1
2023-10-23,133.5,135.0,132.9,133.58,1675210,131.436,128.79000000000002,123.3445,1.0656008172233056,90.86803813346722,3.5453689976048963,2.246323279066056,0.004738623542685394,0.013510723277537275,0.011833538640184703,0.2788829079449515,1571159.4,0.01572091630483601,-0.0017966761491241545,0
2023-10-24,134.8,134.8,132.5,133.34,700292,132.44,129.64600000000002,124.16100000000002,1.0666795531608153,88.59988931931383,3.7047015962253624,2.537998942497917,-0.0017966761491241545,0.012047520928833306,0.011886071357101123,-0.5819676339085846,1471601.1,0.01724913754312293,0.0020248987550623987,1
2023-10-25,133.05,135.6,133.0,133.61,1510789,133.226,130.45800000000003,125.04550000000002,1.0654201870519129,88.28213879408425,3.808854468691834,2.7921700477367004,0.0020248987550623987,0.012137802862509855,0.011344006281082179,1.1573700684857173,1551458.0,0.019459621285831855,0.017887882643514708,1
2023-10-26,133.6,137.85,133.5,136.0,1277251,133.89600000000002,131.594,126.05400000000002,1.0622114331952972,89.27083333333339,4.037705243773075,3.0412770869439756,0.017887882643514708,0.01167031078563126,0.01142186347589076,-0.15458015646129275,1629491.5,0.031985294117647015,0.01154411764705876,1
2023-10-27,134.61,138.8,134.61,137.57,1387699,134.82,132.512,127.202,1.0598889954560462,89.9266503667482,4.296232714349259,3.2922682124250326,0.01154411764705876,0.00910786189517098,0.010558473830303072,0.08647321474009417,1573155.4,0.03045722177800391,-0.012648106418550409,0
2023-10-30,133.9,136.65,133.49,135.83,937360,135.27,133.353,128.16199999999998,1.0554610570996086,79.62466487935669,4.311019391132916,3.49601844816661,-0.012648106418550409,0.010098651903323331,0.01142512402376239,-0.3245221045774336,1599704.4,0.02326437458587938,0.011779430170065552,1
2023-10-31,137.0,140.0,135.9,137.43,1512563,136.08800000000002,134.264,129.169,1.053565483978354,80.5527123848517,4.401111295836557,3.6770370177005995,0.011779430170065552,0.010239222929970999,0.011449228294765953,0.6136415037979004,1595827.5,0.02983336971549148,-0.0030561012879285476,0
2023-11-01,138.0,139.0,136.5,137.01,1135954,136.76799999999997,134.997,130.05,1.051657054978854,82.36525379382525,4.388036733472319,3.8192369608549432,-0.0030561012879285476,0.010599659176641466,0.0114558021244552,-0.2489873149085361,1601656.9,0.018246843296109774,-0.013575651412305545,0
2023-11-02,137.11,138.49,134.65,135.15,797885,136.598,135.247,130.8,1.0443272171253823,69.62833914053435,4.179410945483539,3.891271757780663,-0.013575651412305545,0.010240429946930451,0.012344363126744444,-0.2976080017324645,1224490.4,0.028412874583795808,0.04772475027746936,1
2023-11-03,136.9,143.4,135.1,141.6,5199507,137.404,136.11200000000002,131.834,1.042250102401505,81.23348017621147,4.482858992552366,4.009589204735004,0.04772475027746936,0.017749584834634544,0.015480194821579793,5.516612043088917,1613451.0,0.05861581920903963,0.0016949152542373724,1
2023-11-06,142.02,143.78,139.38,141.84,1179922,138.606,136.938,132.864,1.0432171242774566,80.67150635208715,4.68866177595325,4.1454037189786535,0.0016949152542373724,0.01780842634233846,0.015499083746309086,-0.7730704084060277,1563922.2,0.0310208685843204,0.006063169768753429,1
2023-11-07,141.0,144.55,141.0,142.7,2203138,139.66,137.874,133.76,1.0441088516746413,80.22284122562675,4.865075218492933,4.28933801888151,0.006063169768753429,0.01759045098008846,0.014674266240624076,0.8671895260873177,1714206.8,0.024877365101611856,0.021023125437981793,1
2023-11-08,142.7,146.47,142.5,145.7,9764905,141.39799999999997,139.083,134.77050000000003,1.0491761921191949,80.25034770514605,5.187164665286218,4.468903348162452,0.021023125437981793,0.018020819085838198,0.015008160988241336,3.4322711514212907,2539618.4,0.027247769389155792,0.026904598490048226,1
2023-11-10,145.8,153.2,145.7,149.62,3590067,144.29199999999997,140.445,136.0195,1.0608184855847873,83.08852719333072,5.693107512029826,4.713744180935927,0.026904598490048226,0.01873504447496451,0.015198776309432432,-0.6323500331032406,2770900.0,0.050126988370538694,-0.0122309851624115,0
2023-11-13,150.0,150.97,146.3,147.79,1336903,145.52999999999997,141.467,136.9895,1.0623441942630638,76.9230769230769,5.878639856207542,4.94672331599025,-0.0122309851624115,0.019950546554696445,0.015095487160751235,-0.6276105710561948,2765820.4,0.031598890317342095,-0.014953650449962663,0
2023-11-14,147.98,147.98,144.2,145.58,1613067,146.278,142.442,137.89749999999998,1.0607734005330047,71.57968970380823,5.78071061183158,5.113520775158516,-0.014953650449962663,0.020219073463796457,0.015558807399502,0.20656996057305577,2833391.1,0.025965105096853968,0.00027476301689777216,1
2023-11-15,145.58,146.0,142.97,145.62,3545898,146.862,143.261,138.7625,1.0583695162597964,71.34731603270532,5.641299259550351,5.219076472036884,0.00027476301689777216,0.020252871053991414,0.0156266046857248,1.1982335513651945,3036724.6,0.020807581376184596,-6.867188572989846e-05,0
2023-11-16,145.0,146.45,144.0,145.61,2234847,146.844,144.121,139.559,1.0522001447416505,68.66019417475735,5.466987809648515,5.268658739559211,-6.867188572989846e-05,0.02012629766131619,0.015659856139782307,-0.36973736977205773,3146613.9,0.01682576746102595,-0.009065311448389735,0
2023-11-17,145.85,146.46,143.75,144.29,873703,145.77800000000002,145.035,140.141,1.0402237746269831,63.17647058823531,5.162818009188129,5.2474905934849945,-0.009065311448389735,0.01967727749966314,0.015466005456050936,-0.609054669066831,3154195.7,0.018781620347910515,0.01178182826252705,1
2023-11-20,145.94,147.47,143.01,145.99,1308109,145.41800000000003,145.474,140.793,1.0328496445135769,69.95286724273369,5.001285339207044,5.198249542629405,0.01178182826252705,0.013747722254442221,0.015545415001875553,0.4972009939304318,2765055.9,0.030550037673813327,0.004931844646893557,1
2023-11-21,146.0,148.99,146.0,146.71,1297930,145.644,145.961,141.4495,1.0296536926606317,68.87713588283157,4.875169596752272,5.133633553453978,0.004931844646893557,0.013747961768636551,0.0155454333556719,-0.007781461636606757,2776856.7,0.02038034217163117,0.044850385113489155,1
2023-11-22,147.5,154.3,147.0,153.29,2730894,147.17800000000003,147.02,142.447,1.0332123526644998,76.48015614834094,5.245703763242119,5.156047595411607,0.044850385113489155,0.01902200420299159,0.01783277428928489,1.1040379681492838,2829632.3,0.04762215408702467,0.057016113249396705,1
2023-11-23,153.0,163.0,152.5,162.03,3188282,150.46200000000002,148.653,143.868,1.0458336808741349,85.72567783094098,6.173436186979245,5.359525313725134,0.057016113249396705,0.024511048718674985,0.020966050214793815,0.1674865446992817,2171970.0,0.06480281429364933,-0.008948960069122935,0
2023-11-24,162.5,166.0,160.01,160.58,1908471,153.71999999999997,149.74900000000002,145.09699999999998,1.0594292094254187,79.09258123850401,6.714270009713687,5.630474252922845,-0.008948960069122935,0.024539246403466046,0.02128388317607864,-0.4014108538705171,2003810.4,0.037302279237763164,-0.015755386723128706,0
2023-11-27,158.49,161.5,149.5,158.05,8995965,156.132,150.77500000000003,146.121,1.068511712895477,73.21684331137212,6.8596609533408355,5.876311593006443,-0.015755386723128706,0.024874875491640018,0.02194695457714612,3.713702749478509,2769716.6,0.07592534008225245,0.006706738373932319,1
2023-11-28,158.17,160.98,156.03,159.11,4241449,158.61200000000002,152.128,147.28500000000003,1.0769053196184268,73.36941042438055,6.979956866970696,6.097040647799294,0.006706738373932319,0.02366377481403344,0.02144733099639409,-0.5285165071229156,3032554.8,0.031110552447991883,-0.01621519703349894,0
2023-11-29,159.51,161.8,156.5,156.53,5217781,159.26,153.219,148.23999999999998,1.074338909875877,65.60968578841164,6.788850168339167,6.235402551907269,-0.01621519703349894,0.02489519417866505,0.022101855871200553,0.23018831536109485,3199743.1,0.03385932409122859,-0.010796652398901152,0
2023-11-30,159.8,161.0,152.5,154.84,2247161,157.822,154.142,149.13150000000002,1.0582740735525358,58.04066543438077,6.426942069202369,6.27371045536629,-0.010796652398901152,0.02548291523877081,0.02234909324192157,-0.5693263094024068,3200974.5,0.054895375871867734,0.0018729010591578277,1
2023-12-01,155.25,156.0,153.5,155.13,1175094,156.732,155.226,150.1305,1.0439717445822134,61.869340232859,6.093288235756717,6.237626011444376,0.0018729010591578277,0.02497256138711476,0.02188568202104507,-0.47707618635246873,3231113.6,0.016115516018822922,0.0014181654096563356,1
2023-12-04,153.0,156.3,153.0,155.35,978128,156.192,156.162,150.818,1.0356323515760717,66.88558589699271,5.779989212564175,6.146098651668336,0.0014181654096563356,0.02499220545651002,0.019707237111758244,-0.16761722891955877,3198115.5,0.021242355970389516,0.030704859993563094,1
2023-12-05,155.9,161.51,155.9,160.12,3005900,156.394,157.503,151.732,1.030725226056468,71.53891859774211,5.849171012483794,6.086713123831427,0.030704859993563094,0.026115283280544518,0.02051573048063546,2.073115175110006,3368912.5,0.03503622283287525,0.040594554084436574,1
2023-12-06,160.12,167.3,159.81,166.62,5155029,158.412,158.836,152.92800000000003,1.0358600125549278,76.1643835616438,6.355234576381122,6.140417414341367,0.040594554084436574,0.025494994561689764,0.021903049067333553,0.7149702252237267,3611326.0,0.04495258672428285,0.044112351458408305,1
2023-12-07,166.9,174.75,164.99,173.97,3257556,162.238,160.03000000000003,154.3415,1.051162519477911,82.1351234300563,7.265623584262158,6.365458648325525,0.044112351458408305,0.02297788832381653,0.023195811872032512,-0.3680819254363069,3618253.4,0.056101626717250046,0.006150485715928022,1
2023-12-08,174.0,178.98,173.0,175.04,3868344,166.22,161.47600000000003,155.6125,1.0681661177604627,81.8880351262349,7.9814483216702286,6.688656582994467,0.006150485715928022,0.022271680091205233,0.022821252146329275,0.18749884883022738,3814240.7,0.034163619744058446,-0.030335923217550298,0
2023-12-11,173.1,175.89,166.0,169.73,1494980,169.096,162.644,156.7095,1.0790411557691142,72.95572397287594,8.027733249022162,6.956471916200007,-0.030335923217550298,0.024435756631302943,0.02399961791656499,-0.6135348872799317,3064142.2,0.05826901549519818,0.0001767513109056651,1
2023-12-12,170.2,170.95,169.1,169.76,624253,171.02399999999997,163.709,157.9185,1.0829890101539716,68.89194769442533,7.974905391545576,7.160158611269122,0.0001767513109056651,0.024543982511597576,0.02349729036878004,-0.5824338787140966,2702422.6,0.01089773798303484,-0.029747879359095064,0
2023-12-13,171.0,173.0,157.27,164.71,1253621,170.642,164.527,158.873,1.0740780371743468,53.35839598997495,7.439784928946551,7.216083874804608,-0.029747879359095064,0.02626476021720015,0.024930114073571295,1.0081937932216585,2306006.6,0.09550118389897388,-0.02392083055066474,0
2023-12-14,164.71,166.5,160.02,160.77,1208938,168.002,165.11999999999998,159.631,1.052439689032832,50.22410945977825,6.621445137121697,7.097156127268026,-0.02392083055066474,0.027465304427674534,0.025814176733021478,-0.03564314892619058,2202184.3,0.040306027243888716,-0.011569322634820023,0
2023-12-15,162.0,162.45,157.0,158.91,2595594,164.776,165.498,160.36200000000002,1.027525224180292,51.03068072866729,5.756461594955539,6.82901722080553,-0.011569322634820023,0.02791187177354572,0.02589334763022797,1.1470034029867535,2344234.3,0.034296142470580764,-0.026933484362217652,0
2023-12-18,160.0,162.4,153.0,154.63,1279721,161.75600000000003,165.426,160.794,1.0059828103038673,45.01557632398752,4.671742733201938,6.397562323284812,-0.026933484362217652,0.029460102907424353,0.02680276153290641,-0.5069641091788624,2374393.6,0.06079027355623104,0.00413891224212648,1
2023-12-19,154.0,158.5,151.66,155.27,2375339,158.858,164.941,161.222,0.9853369887484338,48.534883720930246,3.819706670765896,5.8819911927810296,0.00413891224212648,0.02750911631674749,0.026800675584762908,0.8561381738675853,2311337.5,0.04405229600051525,-0.01674502479551765,0
2023-12-20,157.84,157.88,150.1,152.67,1278692,156.45,163.546,161.19099999999997,0.9705876878982078,47.529036665907526,2.9012202210423084,5.285836998433285,-0.01674502479551765,0.02309639269495845,0.025254111094305205,-0.46168020648842123,1923703.8,0.05095958603523942,-0.0022925263640531934,0
2023-12-21,153.2,153.49,149.0,152.32,727262,154.76000000000002,161.381,160.7055,0.9630037553164018,46.80463952695019,2.1206257636116845,4.652794751468965,-0.0022925263640531934,0.01437261309430116,0.0214077964850609,-0.4312453663587479,1670674.4,0.029477415966386616,-0.00965073529411764,0
2023-12-22,153.5,153.5,150.5,150.85,342332,153.148,158.962,160.219,0.9558666575125297,45.02432551968156,1.3676172768656158,3.9957592565482956,-0.00965073529411764,0.012802982606395164,0.0214188582274483,-0.5292865569767153,1318073.2,0.019887305270135897,-0.015180643022870366,0
2023-12-26,150.85,150.85,146.0,148.56,992469,151.934,156.84499999999997,159.7445,0.9511062978694103,36.47636874122602,0.5793899179977586,3.3124853888381884,-0.015180643022870366,0.011583822090201396,0.021401087024239495,1.8991417688092262,1267822.1,0.03264674205708128,0.06334141087775991,1
2023-12-27,149.98,159.0,146.15,157.97,1173850,152.474,155.666,159.6875,0.9548273972602739,40.52573932092004,0.7058854069987035,2.7911653924702917,0.06334141087775991,0.026842876749905636,0.025990508220063012,0.18275734556948375,1322781.8,0.08134455909349873,0.025764385642843557,1
2023-12-28,158.99,166.0,158.99,162.04,2399892,154.348,155.399,159.96300000000002,0.9648981326931853,35.92164267170166,1.1216196458798322,2.4572562431522,0.025764385642843557,0.02731859749278345,0.02630895944896084,1.0444622396387953,1437408.9,0.043260923228832335,-0.004196494692668362,0
2023-12-29,162.0,163.66,160.0,161.36,694657,156.156,155.458,160.28900000000002,0.9742153235717984,33.70652691757982,1.3803103498934775,2.2418670645004553,-0.004196494692668362,0.0261931362498696,0.026180348749260084,-0.7105465579284401,1385980.8,0.02268220128904311,0.018468021814576074,1
2024-01-01,162.0,166.3,161.36,164.34,603653,158.854,156.001,160.74949999999998,0.988208361456801,43.20302648171502,1.804979017141818,2.154489455028728,0.018468021814576074,0.026355705992654688,0.026425098536155482,-0.1310056617870402,1186786.7,0.03005963246927101,0.010770354143848193,1
2024-01-02,165.98,168.99,164.0,166.11,1194684,162.364,157.149,161.2875,1.006674416802294,45.590722396714206,2.2583236536795255,2.1752562947588876,0.010770354143848193,0.02409054389532841,0.026474332339746987,0.97909063650806,1178283.0,0.03004033471795803,-0.013424838962133645,0
2024-01-03,167.0,167.93,162.97,163.88,936862,163.546,158.01,161.4755,1.012822378627098,48.92403422348974,2.409880577990492,2.2221811514052088,-0.013424838962133645,0.02498187470181979,0.02593716429860277,-0.21580769475442874,1034435.3,0.03026604832804496,-0.004149377593361092,0
2024-01-04,164.0,165.0,161.77,163.2,249269,163.778,159.06300000000002,161.3045,1.0153343521104494,53.44095157179265,2.446913717231382,2.2671276645704435,-0.004149377593361092,0.024024479788288994,0.024260943102095412,-0.733931998522728,931493.0,0.019791666666666607,-0.0022671568627449235,0
2024-01-05,163.99,164.49,162.0,162.83,520864,164.072,160.11399999999998,160.7475,1.0206815036003671,55.79538734476644,2.418527558890446,2.297407643434444,-0.0022671568627449235,0.02402339725375905,0.021841957810850954,1.0895658906643022,910853.2,0.015292022354603014,-0.0006141374439601055,0
2024-01-08,164.5,164.5,162.0,162.73,174594,163.75,161.302,160.132,1.022593860065446,63.66396761133601,2.360748915644507,2.310075897876457,-0.0006141374439601055,0.023493790219831275,0.021743649109658942,-0.6647992566197702,894079.4,0.015362871013334972,-0.008541756283414137,0
2024-01-09,162.4,163.5,159.76,161.34,214549,162.796,162.58,159.7125,1.0193065664866556,59.986837775584064,2.1776944354301975,2.283599605387205,-0.008541756283414137,0.022855779680324706,0.020851463243205793,0.22884520659358287,816287.4,0.023180860295029186,-0.02243708937647204,0
2024-01-10,161.2,162.4,156.01,157.72,779204,161.564,162.555,159.11049999999997,1.0154201011246902,58.03884113339703,1.7206837237474417,2.1710164290592524,-0.02243708937647204,0.01459752043036758,0.021316396918460497,2.631823033432922,776822.8,0.04051483641897042,0.009573928480852034,1
2024-01-11,158.71,162.5,157.0,159.23,1362772,160.77,162.274,158.8365,1.0121728947691495,60.607921400061414,1.4634738074860536,2.0295079047446127,0.009573928480852034,0.012098659528736871,0.020564226586450282,0.7489283935914086,673110.8,0.034541229667776174,0.010487973371852144,1
2024-01-12,161.0,163.9,158.56,160.9,1352892,160.384,162.228,158.84300000000002,1.0097014032724134,65.33414708574918,1.37849767585692,1.8993058589670744,0.010487973371852144,0.012638635657921586,0.020021331750494135,-0.007249928821549068,738934.3,0.033188315724052224,0.0022374145431944825,1
2024-01-15,162.0,164.0,160.5,161.26,597573,160.08999999999997,161.92000000000002,158.9605,1.007105538797374,70.59014267185474,1.324929508046523,1.7844305887829641,0.0022374145431944825,0.010894868597489614,0.019830299389253275,-0.5582995538446528,738326.3,0.021704080367109017,-0.007255364008433518,0
2024-01-16,161.0,162.0,160.0,160.09,397173,159.83999999999997,161.31799999999998,159.2335,1.0038088718768348,54.69026548672568,1.1745279006959777,1.6624500511655669,-0.007255364008433518,0.010034514061948293,0.01883911574451372,-0.3353565171117169,658575.2,0.012492972702854644,0.026859891311137307,1
2024-01-17,161.5,164.61,160.0,164.39,2778728,161.174,161.369,159.6895,1.009296165370923,55.14673674989049,1.3863268932196888,1.6072254195763915,0.026859891311137307,0.013242860910788938,0.019648815058906255,5.996266110737638,842761.8,0.02804306831315782,-0.0010341261633918242,0
2024-01-18,164.44,164.9,162.01,164.22,5414426,162.172,161.471,160.267,1.011886414545727,56.40681003584227,1.522906424191575,1.5903616204994284,-0.0010341261633918242,0.01316061265152115,0.019123330665240166,0.9485268079495366,1359277.5,0.017598343685300298,0.003897211058336403,1
2024-01-19,164.99,167.0,164.49,164.86,909282,162.964,161.674,160.894,1.01286561338521,51.30130130130133,1.6636122513155271,1.6050117466626483,0.003897211058336403,0.013150504493304615,0.019069160107593918,-0.8320630848034491,1398119.3,0.015225039427392882,0.0003639451655947923,1
2024-01-22,165.5,165.83,164.11,164.92,1837901,163.696,161.893,161.59750000000003,1.012985968223518,46.74329501915701,1.759679640072875,1.6359453253446938,0.0003639451655947923,0.01313817381688295,0.01881801397068801,1.021266229838488,1564450.0,0.010429299054086823,0.02037351443123958,1
2024-01-23,166.98,169.5,164.9,168.28,2064458,165.334,162.58700000000002,162.58350000000002,1.0169174608739509,61.340206185567055,2.082926971548602,1.7253416545854756,0.02037351443123958,0.013865111123799975,0.018524807203328372,0.1232694252846045,1749440.9,0.027335393391965737,0.008616591395293582,1
2024-01-24,168.71,170.6,167.75,169.73,1107720,166.402,163.788,163.17149999999998,1.0197981877962758,66.18740704015872,2.428115883997691,1.8658965004679189,0.008616591395293582,0.010203930000534104,0.01284367810666358,-0.4634330172858929,1782292.5,0.016791374536027776,0.0187945560596241,1
2024-01-25,170.0,174.47,170.0,172.92,8505529,168.142,165.15699999999998,163.7155,1.0270377575733514,71.94432361896476,2.9253651358139336,2.077790227537122,0.0187945560596241,0.01081904971706432,0.012295629121587276,6.678410609179215,2496568.2,0.0258501040943789,-0.01486236409900532,0
2024-01-26,172.06,173.99,170.0,170.35,861328,169.23999999999998,166.102,164.165,1.0309140194316693,64.96465043205032,3.0765961435239433,2.2775514107344863,-0.01486236409900532,0.013007017014730277,0.012857541924110441,-0.8987331652152383,2447411.8,0.023422365717640208,-0.02324625770472566,0
2024-01-29,168.53,169.97,165.8,166.39,435690,169.534,166.61499999999998,164.26749999999998,1.0320605110566607,59.00820549411344,2.8441236151654437,2.3908658516206778,-0.02324625770472566,0.015946609688193426,0.013545891126475616,-0.4941648245499972,2431223.5,0.025061602259751115,-0.03479776428871928,0
2024-01-30,166.7,168.0,160.0,160.6,461285,167.998,166.666,163.99200000000002,1.024428020879067,54.76821192052981,2.167695011862719,2.346231683669086,-0.03479776428871928,0.01986091194170799,0.015461054550548435,0.05874589731230917,2437634.7,0.04981320049813201,0.0032378580323786377,1
2024-01-31,161.4,165.99,160.01,161.12,977142,166.276,166.339,163.85399999999998,1.0147814517802436,53.23519342690862,1.6545079863479089,2.207886944204851,0.0032378580323786377,0.01765971541456626,0.015235999558834937,1.118304302112577,2257476.1,0.03711519364448869,0.02749503475670312,1
2024-02-01,162.8,167.5,162.01,165.55,1005572,164.802,166.47199999999998,163.9715,1.0050649045718312,57.27244291523305,1.5869739009861519,2.0837043355611113,0.02749503475670312,0.01996318536631566,0.016457255997034678,0.0290950547617439,1816590.7,0.0331621866505588,0.01383267894895801,1
2024-02-02,166.99,168.5,165.0,167.84,897500,164.3,166.77,164.222,1.0004749668132162,59.70501474926257,1.6986554705633239,2.006694562561554,0.01383267894895801,0.02036725339350044,0.01668918245522182,-0.10747315955495973,1815412.5,0.020853193517635843,0.004170638703527185,1
2024-02-06,169.0,170.01,167.95,168.54,1884705,164.73,167.132,164.5125,1.001322087987235,62.63834878851331,1.8226378345275975,1.9698832169547629,0.004170638703527185,0.020369250620061237,0.016689326472941662,1.0999498607242342,1820092.9,0.012222617776195576,0.012103951584193862,1
2024-02-07,169.99,172.44,169.75,170.58,846847,166.726,167.362,164.97449999999998,1.0106167922921423,59.92941931344246,2.06173925547364,1.9882544246585385,0.012103951584193862,0.01971406891794933,0.01664869029613358,-0.5506739781557326,1698331.8,0.015769726814397922,-0.015593856255129657,0
2024-02-09,165.06,170.0,161.0,167.92,1148046,168.08599999999998,167.18099999999998,165.4845,1.0157205055458365,55.496137849079005,2.0133800923348133,1.9932795581937937,-0.015593856255129657,0.020227622040395393,0.016163359992716127,0.35567109525097207,1702364.4,0.05359695092901382,-0.006074321105288161,0
2024-02-12,167.5,169.99,163.5,166.9,2231336,168.356,166.579,165.868,1.014999879422191,52.99647473560516,1.8711798352621258,1.96885961360746,-0.006074321105288161,0.01903251909575771,0.016220417881213568,0.9435945946416782,1074945.1,0.03888556021569808,0.016177351707609366,1
2024-02-13,165.5,170.5,162.02,169.6,2491967,168.708,166.504,166.303,1.0144615551132572,56.379498364231196,1.953830006099622,1.9658536921058927,0.016177351707609366,0.01947654641054471,0.016416943147651745,0.11680490970432067,1238009.0,0.04999999999999994,-0.004009433962264164,0
2024-02-14,170.1,171.5,168.5,168.92,603754,168.78400000000002,166.757,166.68599999999998,1.0125865399613647,50.94117647058821,1.9420735301905268,1.9610976597228196,-0.004009433962264164,0.017835892974738254,0.016486782175197695,-0.757719905600676,1254815.4,0.017759886336727447,0.001835188254795117,1
2024-02-15,169.98,175.01,166.51,169.23,5071966,168.51399999999998,167.61999999999998,167.143,1.0082025570918314,49.23919659160073,1.935460068664156,1.955970141511087,0.001835188254795117,0.012472905867120852,0.01632961875808163,7.400716185731275,1715883.5,0.050227501034095616,-0.008863676653075747,0
2024-02-16,170.0,171.0,166.5,167.73,1081197,168.476,168.281,167.31,1.0069690992767915,41.67468719923003,1.788563937056125,1.922488900620095,-0.008863676653075747,0.013259364794349615,0.015504621919454769,-0.7868288154928483,1726289.0,0.026828832051511358,-0.00011923925356216447,0
2024-02-19,166.99,168.75,165.0,167.71,713794,168.638,168.497,167.4845,1.0068872044875794,45.38784067085957,1.6514964386503266,1.8682904082261413,-0.00011923925356216447,0.010418586742741801,0.015499278065118943,-0.33981133872920477,1697111.2,0.022360026235764115,-0.012521614692027838,0
2024-02-20,166.12,168.9,165.1,165.61,425981,167.84,168.274,167.522,1.0018982581392295,48.54260089686103,1.357765533191099,1.766185433219133,-0.012521614692027838,0.010240754472797205,0.01577932731102866,-0.4032157737386417,1649959.3,0.022945474307107125,0.020107481432280583,1
2024-02-21,168.5,169.4,166.9,168.94,935668,167.844,168.314,167.72299999999998,1.0007214275919225,67.16049382716051,1.3778023960570351,1.6885088257867134,0.020107481432280583,0.01223145721710592,0.016386444904159258,1.1965017219077847,1555055.6,0.014798153190481828,0.03823842784420517,1
2024-02-22,168.01,176.45,168.01,175.4,1880159,169.07800000000003,168.796,168.079,1.005943633648463,73.61111111111113,1.8931269764100591,1.7294324559113825,0.03823842784420517,0.016924499709259404,0.017896359806960097,1.009429626747949,1658386.8,0.048118586088939555,0.03740022805017107,1
2024-02-23,175.75,182.9,175.75,181.96,2582739,171.924,170.2,168.6905,1.01916824006094,75.34754402224283,2.798602052454072,1.9432663752199206,0.03740022805017107,0.018688931019608834,0.019520936700501076,0.37368116207193114,1801856.1,0.03929435040668282,0.013629369092108101,1
2024-02-26,183.0,187.98,182.01,184.44,1982115,175.27,171.954,169.2665,1.0354677387433426,75.4914004914005,3.673961704027505,2.2894054409814375,0.013629369092108101,0.0180422715991994,0.019343605178509575,-0.23255311512313093,1776934.0,0.03236824983734547,-0.00113858165256997,0
2024-02-27,184.0,185.4,182.05,184.23,1767204,178.994,173.417,169.9605,1.0531505849888652,74.4621141253508,4.3011641466673325,2.6917571821186166,-0.00113858165256997,0.01823344469074374,0.018899738429138172,-0.10842509137966261,1704457.7,0.01818379199913149,-0.0005970797372848446,0
2024-02-28,184.96,186.2,183.5,184.12,3097288,182.03000000000003,174.93699999999998,170.847,1.065456226916481,72.46184472461846,4.734771027406083,3.10035995117611,-0.0005970797372848446,0.01800473580898501,0.01782326520830611,0.7526488170013197,1953811.1,0.014664349337388598,0.020475776667390644,1
2024-02-29,184.81,189.9,184.25,187.89,1627314,184.52799999999996,176.80300000000003,172.21149999999997,1.0715196139630627,81.95200000000008,5.321274754168229,3.544542911774534,0.020475776667390644,0.018168081222993113,0.015412987196324508,-0.4746003600569272,1609345.9,0.03007078609824901,0.03895896535206789,1
2024-03-01,189.99,197.0,187.0,195.21,2838550,187.178,179.551,173.916,1.0762552036615378,87.69640479360856,6.304076537196494,4.096449636858926,0.03895896535206789,0.018742594027501502,0.016837281250920495,0.7443160938823117,1785081.2,0.05122688386865427,-0.009220839096357847,0
2024-03-04,196.0,198.2,191.55,193.41,643877,188.97199999999998,182.121,175.30900000000003,1.0779366718194727,82.48294679399729,6.858646862507044,4.64888908198855,-0.009220839096357847,0.01977486628631638,0.01680515745175949,-0.7731669338218456,1778089.5,0.034382917119073354,-0.003515847164055619,0
2024-03-05,193.0,195.89,192.0,192.73,316293,190.67199999999997,184.833,176.5535,1.0799672620480476,82.48294679399729,7.160733050570741,5.151257875704988,-0.003515847164055619,0.018574482228127128,0.016932221432919645,-0.5087679789773513,1767120.7,0.020183676646085127,-0.001452809630052454,0
2024-03-06,193.96,194.5,191.5,192.45,472381,192.33800000000002,187.18400000000003,177.749,1.08207641111905,81.70398689240854,7.293470285656866,5.579700357695364,-0.001452809630052454,0.01921206725581337,0.017029351253818794,0.49349179400113186,1720792.0,0.015588464536243182,-0.00992465575474144,0
2024-03-07,194.5,194.5,189.0,190.54,806139,192.868,188.698,178.747,1.0789999272715065,80.79935187685663,7.16198555205591,5.896157396567474,-0.00992465575474144,0.01827348030863756,0.017376479508726134,0.7065440820016047,1613390.0,0.028865330114411673,-0.010916343025086483,0
2024-03-08,191.0,191.2,188.05,188.46,326384,191.518,189.348,179.774,1.0653264654510664,76.54131491430034,6.811426452487581,6.079211207751495,-0.010916343025086483,0.016020396302563616,0.01710428875884327,-0.5951268949895738,1387754.5,0.016714422158548112,-0.007906186989281583,0
2024-03-11,188.0,188.0,185.46,186.97,331290,190.23000000000002,189.60099999999997,180.7775,1.0522880336325042,77.75467775467774,6.34028839496267,6.131426645193731,-0.007906186989281583,0.015974240659531853,0.017176669652116734,0.015031374086964977,1222672.0,0.01358506712306783,0.0003743916136278447,1
2024-03-12,186.97,187.95,186.21,187.04,679259,189.092,189.882,181.64950000000002,1.0409717615517797,75.69562748438386,5.9044931829991185,6.086039952754809,0.0003743916136278447,0.015953875011457282,0.017038638095727233,1.050345618642277,1113877.5,0.009302822925577313,-0.0029405474764755413,0
2024-03-13,186.5,187.5,185.99,186.49,1482780,187.9,190.119,182.528,1.0294311009817672,68.91845786421018,5.451895872395198,5.959211136682887,-0.0029405474764755413,0.01600730542953873,0.017010406643048002,1.1829375834549118,952426.7,0.00809694889806419,0.021502493431283076,1
2024-03-14,186.5,191.8,186.5,190.5,1429431,187.892,190.38000000000002,183.5915,1.023424287072114,65.95665171898357,5.355053012265131,5.838379511799336,0.021502493431283076,0.01614599365150183,0.017376571247750588,-0.03597903937199043,932638.4,0.027821522309711345,0.012545931758530138,1
2024-03-15,191.5,194.5,189.75,192.89,987738,188.778,190.148,184.84949999999998,1.0212524242694734,65.84176977877766,5.4088080020519556,5.75246520984986,0.012545931758530138,0.010515032097744376,0.0170642754219799,-0.3089991751962844,747557.2,0.024625434185286954,0.017989527710093878,1
2024-03-18,193.0,198.0,193.0,196.36,1546946,190.656,190.443,186.28199999999998,1.0234805295197604,70.26394921483467,5.666094013969797,5.735190970673848,0.017989527710093878,0.011652313455519038,0.017138591440935925,0.5661501329299876,837864.1,0.025463434508046445,0.025157873293949917,1
2024-03-19,197.99,204.7,197.0,201.3,4094341,193.50799999999998,191.3,188.0665,1.0289339143334937,74.71231300345227,6.19717457585449,5.827587691709977,0.025157873293949917,0.013621757497424171,0.0168258321320719,1.6467252250563367,1215668.9,0.03825136612021852,0.009438648782911008,1
2024-03-20,202.0,203.98,201.0,203.2,1795871,196.85,192.375,189.7795,1.0372563949214746,73.27455153542111,6.694207214643342,6.00091159629665,0.009438648782911008,0.013533106537070027,0.016654716091588268,-0.5613772765873678,1348017.9,0.014665354330708612,-0.03321850393700787,0
2024-03-21,195.0,199.7,195.0,196.45,2375031,198.04,192.96599999999998,190.832,1.0377714429445795,51.91831683168314,6.468871450564592,6.094503567150238,-0.03321850393700787,0.017816169449947593,0.017770902716379756,0.3224953239959887,1504907.1,0.023924662764062046,0.00412318656146593,1
2024-03-22,196.25,198.5,195.5,197.26,1295025,198.914,193.84599999999998,191.597,1.038189533239038,56.14427066709224,6.283222388103297,6.132247331340851,0.00412318656146593,0.0171127741813218,0.01614294641111151,-0.45473343295308566,1601771.2,0.015208354456047856,0.012673628713373297,1
2024-03-25,198.4,200.5,197.3,199.76,1380684,199.594,195.12499999999997,192.363,1.0375903890041225,60.60331825037709,6.265597368931566,6.158917338858995,0.012673628713373297,0.016658859096582726,0.01611485528521746,0.06614466902183347,1706710.6,0.016019223067681162,0.036193432118542423,1
2024-03-26,200.9,209.2,200.0,206.99,3646215,200.732,197.11999999999998,193.501,1.037369315920848,68.12967581047386,6.7571379109602105,6.278561453279239,0.036193432118542423,0.01884018987735653,0.017570036323858413,1.6408758267641255,2003406.2,0.04444659162278365,0.015846176143775148,1
2024-03-27,208.11,211.89,208.11,210.27,2375850,202.14600000000002,199.498,194.8085,1.037665194280537,73.78828068483244,7.326896023250924,6.488228367273576,0.015846176143775148,0.018296869735692386,0.01763034144773715,-0.3484064982454408,2092713.2,0.017976886859751618,0.004422884862319787,1
2024-03-28,211.0,212.9,210.5,211.2,4787576,205.096,201.56799999999998,195.974,1.046546990927368,78.19940476190476,7.763978350279217,6.7433783638747045,0.004422884862319787,0.018131056757148822,0.017338403901497393,1.0151002798998254,2428527.7,0.011363636363636392,0.011458333333333348,1
2024-03-29,211.49,214.89,211.01,213.62,1764939,208.36800000000002,203.64100000000002,196.89450000000002,1.0582723235031959,82.30303030303034,8.210991816181377,7.036901054336039,0.011458333333333348,0.018120794793460553,0.015589861572424533,-0.6313501863991298,2506247.8,0.01816309334331989,0.006179196704428458,1
2024-04-01,214.75,217.8,214.02,214.94,1033148,211.404,205.49899999999997,197.971,1.0678533724636436,82.82352941176474,8.572942630592706,7.344109369587374,0.006179196704428458,0.017955921066079926,0.0152461914324908,-0.4146267944671176,2454868.0,0.017586303154368668,0.0038615427561179416,1
2024-04-02,214.98,217.0,214.98,215.77,1763596,213.16,206.946,199.123,1.0704941167017372,84.22159887798037,8.825035802788562,7.640294656227612,0.0038615427561179416,0.017099053370569384,0.01510770316959294,0.7070119673076849,2221793.5,0.009361820456968114,-0.014969643601983718,0
2024-04-03,216.77,216.95,210.02,212.54,1020085,213.61400000000003,207.87999999999997,200.1275,1.06738953916878,76.23809523809521,8.664310672141,7.84509785941029,-0.014969643601983718,0.018418943219347297,0.015737068022616332,-0.4215880507780694,2144214.9,0.03260562717606088,0.023430883598381635,1
2024-04-04,212.54,218.3,211.0,217.52,1468620,214.87800000000001,209.987,201.47650000000002,1.066516442364246,77.61830006727965,8.83691279858931,8.043460847246095,0.023430883598381635,0.01354131198572368,0.01582879563348504,0.4397035541155885,2053573.8,0.033560132401618294,0.03075579257079797,1
2024-04-08,218.0,225.59,216.0,224.21,1856452,216.996,212.68200000000002,203.264,1.0675574622166246,79.12570591926372,9.405112039554922,8.315791085707861,0.03075579257079797,0.01475161464190335,0.016119268950125117,0.26407920360610637,2109716.5,0.042772400874180466,0.025021185495740506,1
2024-04-09,226.0,238.0,225.6,229.82,2593637,219.97199999999998,215.68800000000002,205.4065,1.0709106089632021,79.41419141914189,10.190622988578639,8.690757466282017,0.025021185495740506,0.015231591089851086,0.015999307907424883,0.39709348800830835,2231011.8,0.05395526934122359,-0.0037420590026977507,0
2024-04-15,229.01,233.0,228.13,228.96,4388357,222.60999999999999,217.885,207.5025,1.072806351730702,77.15008431703204,10.621315350479506,9.076869043121516,-0.0037420590026977507,0.014017172318399194,0.016161971341512232,0.6919703875291723,2305226.0,0.021270090845562563,-0.003537735849056589,0
2024-04-16,227.05,231.0,227.05,228.15,931991,225.73200000000003,219.673,209.5855,1.0770401578353466,88.19277108433735,10.773096370766723,9.416114508650558,-0.003537735849056589,0.01448611274036523,0.016188224949408466,-0.7876218821759488,2160840.1,0.017313171159324955,0.0063116370808677935,1
2024-04-17,227.01,230.0,225.0,229.59,1623482,228.14600000000002,221.512,211.54000000000002,1.078500519996218,88.3693330168526,10.884114590413219,9.709714525003092,0.0063116370808677935,0.014442365049213191,0.015987938873017048,0.741950297803305,1844430.7,0.021777952001393788,-0.04612570233895208,0
2024-04-18,230.0,232.0,216.5,219.0,5230338,227.10399999999998,222.05,212.8455,1.0669899058237078,69.15571485463958,10.002272858336681,9.768226191669811,-0.04612570233895208,0.02240585694185914,0.02022134340975907,2.2216790823674053,2190970.6,0.07077625570776255,0.016803652968036653,1
2024-04-19,221.0,229.2,217.3,222.68,2123553,225.67600000000002,222.82399999999998,214.16150000000002,1.053765499401153,66.80951360617098,9.490946454478035,9.712770244231455,0.016803652968036653,0.022835958063402585,0.020187787083233596,-0.5939931606714518,2300011.1,0.053439913777618,0.003637506736123619,1
2024-04-22,224.7,226.9,221.57,223.49,1604012,224.58200000000002,223.596,215.27100000000002,1.043252458529017,64.95475113122171,9.046791050264233,9.579574405438011,0.003637506736123619,0.022835980114309495,0.01970905639546991,-0.24465647902359866,2284052.7,0.023848941787104623,-0.023625218130565173,0
2024-04-23,223.0,223.5,217.0,218.21,1254857,222.594,224.163,216.0215,1.0304252123052566,57.219361483007226,8.17451213186007,9.298561950722423,-0.023625218130565173,0.02376966214173526,0.020715933051054323,-0.21767605229886056,2307529.9,0.02978781907336969,-0.011365198661839604,0
2024-04-24,218.95,220.8,215.1,215.73,1091952,219.82200000000003,223.984,216.9855,1.0130723020662673,52.1703353219502,7.2001111316076845,8.878871786899476,-0.011365198661839604,0.022962254006482843,0.019181508789539205,-0.1298195730668913,2269863.1,0.026421916284244274,0.008251054558939375,1
2024-04-25,216.5,219.7,212.95,217.51,3631747,219.52400000000003,223.314,217.998,1.0070000642207728,52.618707968208675,6.496633298001342,8.40242408911985,0.008251054558939375,0.020522339042676925,0.019195279499645723,2.3259218353920317,2447392.6,0.03103305595145051,0.015033791549813769,1
2024-04-26,218.76,222.5,217.41,220.78,1745546,219.144,222.41,219.04899999999998,1.000433692918023,54.86313337216073,6.132294444913725,7.948398160278625,0.015033791549813769,0.019217491262119017,0.019251630963566413,-0.5193646473721876,2362583.5,0.02305462451308997,-0.03772986683576418,0
2024-04-29,216.1,219.9,209.9,212.45,1517912,216.93599999999998,220.75900000000001,219.32199999999997,0.9891210184112857,49.92050874403816,5.112458654660884,7.381210259155077,-0.03772986683576418,0.02200274670253468,0.0200654939963576,-0.13040847963903557,2075539.0,0.04706989879971758,0.001082607672393543,1
2024-04-30,216.7,216.7,212.0,212.68,821836,215.82999999999998,219.212,219.44250000000002,0.9835378288162046,45.33359043578866,4.273527951133303,6.759673797550723,0.001082607672393543,0.02213710363600842,0.01977930802143992,-0.4585746736306189,2064523.5,0.022098927966898572,-0.007193906338160638,0
2024-05-02,212.3,213.3,210.0,211.15,1008057,214.914,217.368,219.44,0.979374772147284,36.01713062098502,3.4454936056215786,6.0968377591648935,-0.007193906338160638,0.021656929093815804,0.019836499069763924,0.22659143673433624,2002981.0,0.015628699976320205,0.01553398058252431,1
2024-05-03,211.9,216.0,211.1,214.43,917389,214.298,216.911,219.48049999999998,0.9763874239397123,32.65720081135906,3.019136285284816,5.481297464388878,0.01553398058252431,0.018124491305410648,0.019978917719864132,-0.08994332661744331,1571686.1,0.02285128013804041,-0.0017721400923378372,0
2024-05-06,216.98,216.98,213.46,214.05,338513,212.952,216.048,219.436,0.9704515211724603,33.014354066985675,2.620376147866722,4.9091132010844465,-0.0017721400923378372,0.01689850355412599,0.019936526229791272,-0.6310038598675153,1393182.1,0.016444755898154553,-0.013688390562952568,0
2024-05-07,214.0,214.0,210.4,211.12,1070008,212.686,214.811,219.2035,0.9702673543077552,31.493153662247366,2.044363206609063,4.33616320218937,-0.013688390562952568,0.016937693539296642,0.02014200128719879,2.160906671235669,1339781.7,0.017051913603637715,-0.00037893141341427405,0
2024-05-08,212.98,212.98,209.0,211.04,909953,212.358,214.094,219.12849999999997,0.9691026041797394,29.227323628219523,1.563391663383129,3.781608894428122,-0.00037893141341427405,0.015733306560940647,0.019867737064063983,-0.14958299377200923,1305291.3,0.018858984078847563,-4.738438210760698e-05,0
2024-05-09,212.74,212.75,210.12,211.03,881765,212.334,213.62400000000002,218.804,0.9704301566698964,38.303492808922826,1.1679479567145847,3.258876706885415,-4.738438210760698e-05,0.015487649092936859,0.019078102787172372,-0.030977424108717733,1284272.6,0.012462683030848673,0.0013742121973179255,1
2024-05-10,212.0,212.95,210.5,211.32,3379285,211.712,213.00500000000002,218.15950000000004,0.9704459351987879,31.486310299869643,0.8679513437211028,2.7806916342525527,0.0013742121973179255,0.015125868560499177,0.01754639233856285,2.832409995860575,1259026.4,0.011593791406397826,-0.0012776831345825412,0
2024-05-13,211.0,213.23,210.8,211.05,807659,211.112,212.03199999999998,217.221,0.9718765681034522,29.36297279362975,0.6014816173732527,2.3448496308766926,-0.0012776831345825412,0.013814211866155052,0.01629166192579288,-0.7609970748249999,1165237.7,0.011513859275053202,0.02833451788675667,1
2024-05-14,211.05,219.0,211.03,217.03,1304562,212.294,212.49,216.62449999999998,0.9800091864032001,48.086900129701675,0.8628915854212664,2.0484580217856077,0.02833451788675667,0.0117520621190239,0.017836734968455017,0.6152386093636051,1143902.7,0.03672303368197945,0.022853983320278326,1
2024-05-15,217.7,223.75,217.7,221.99,2617264,214.484,213.421,216.3165,0.9915286166334978,59.39375750300122,1.4535359582745855,1.9294736090834033,0.022853983320278326,0.013420887787904814,0.01871216234039447,1.006239642117431,1323445.5,0.027253479886481424,0.009865309248164422,1
2024-05-16,222.7,226.5,222.0,224.18,3134728,217.11400000000003,214.724,216.046,1.0049433916851043,59.88734064630894,2.0744278634072373,1.9584644599481702,0.009865309248164422,0.012859602296092064,0.018803885191067078,0.19771180897303453,1536112.6,0.020073155500044605,-0.003077883843340179,0
2024-05-17,225.0,225.5,223.0,223.49,918987,219.548,215.63000000000002,216.2705,1.0151546327400178,54.349919743178184,2.482198696620486,2.0632113072826335,-0.003077883843340179,0.012684916128998526,0.01555184226647057,-0.7068367654227097,1536272.4,0.011186182826972124,0.007740838516264725,1
2024-05-20,223.6,225.85,222.52,225.22,841740,222.382,216.74699999999999,216.39749999999998,1.0276551254057926,76.00814663951124,2.911395803022657,2.2328482064306385,0.007740838516264725,0.01254162907811618,0.015199172273161251,-0.08405668415331224,1586595.1,0.0147855430245981,0.04187017138797633,1
2024-05-21,225.9,237.0,224.0,234.65,2757096,225.90600000000003,219.1,216.95549999999997,1.0412550039063313,82.54814814814817,3.9667337547278123,2.5796253160900733,0.04187017138797633,0.015268835856353094,0.017776781187332096,2.275472236082401,1755303.9,0.055401662049861494,0.0065203494566374864,1
2024-05-22,235.0,238.95,232.0,236.18,1927786,228.744,221.61400000000003,217.85399999999998,1.0499876063785838,87.08148148148152,4.870411822249196,3.037782617321898,0.0065203494566374864,0.014861763226134828,0.01668135723612081,-0.3007911222532694,1857087.2,0.029426708442713136,-0.002667457024303488,0
2024-05-23,235.0,237.49,234.5,235.55,403204,231.01800000000003,224.06600000000003,218.84500000000003,1.0556238433594554,83.95498392282963,5.472662025324354,3.524758498922389,-0.002667457024303488,0.015107372326546634,0.01636747553756589,-0.7908460793884798,1809231.1,0.012693695606028482,0.023434514964975506,1
2024-05-24,235.5,243.88,235.5,241.07,8615485,234.53400000000002,227.041,220.023,1.0659521959067917,87.27924944812365,6.322485836561896,4.084303966450291,0.023434514964975506,0.015131319464793853,0.016892784448243145,20.367558357555975,2332851.1,0.03476168747666651,0.0012029700916746933,1
2024-05-27,241.07,244.0,239.0,241.36,865800,237.762,230.07200000000003,221.052,1.075593073123066,95.00000000000006,6.93938499537694,4.655320172235621,0.0012029700916746933,0.014882985662237782,0.016755469848451048,-0.8995065280712577,2338665.2,0.02071594298972489,-0.0018230029830959005,0
2024-05-29,242.0,242.0,239.8,240.92,962411,239.016,232.461,222.4755,1.0743475124227162,93.99293286219083,7.308529521566783,5.1859620421018535,-0.0018230029830959005,0.014620423602715734,0.013609621817450464,0.11158581658581657,2304450.1,0.009131661962477123,8.301510874986207e-05,1
2024-05-30,241.92,242.44,240.15,240.94,1315420,239.968,234.356,223.88850000000002,1.0718192314477963,94.02413894612893,7.516052674318701,5.651980168545223,8.301510874986207e-05,0.01426744921518953,0.013631972217286783,0.3667965141711804,2174265.7,0.009504440939652992,0.021250103760272365,1
2024-05-31,240.94,246.7,240.94,246.06,1048137,242.07,236.544,225.63399999999996,1.0728436317221697,94.76804123711341,8.001422065513879,6.121868547938954,0.021250103760272365,0.014847355677352564,0.013628967704346845,-0.2031921363518876,1965606.6,0.023408924652523738,-0.012151507762334424,0
2024-06-03,246.1,247.0,241.5,243.07,1703377,242.47000000000003,238.502,227.06600000000003,1.0678393066333136,88.55973025048164,8.051994413994294,6.5078937211500225,-0.012151507762334424,0.0159356377148946,0.014192841866445777,0.6251472851354356,2044045.6,0.022627226724811784,-0.008433784506520658,0
2024-06-04,242.5,243.0,240.8,241.02,1636665,242.402,240.08199999999997,228.4145,1.0612373557720722,81.91008246874168,7.836323240706946,6.773579625061408,-0.008433784506520658,0.016822616667254993,0.014469752067375096,-0.039164553707135896,2123538.1,0.009127873205543062,-0.00024894199651481763,0
2024-06-05,240.21,241.45,237.5,240.96,1482973,242.41,240.71299999999997,229.9065,1.0543851522249261,79.01498929336186,7.573260945502199,6.933515889149566,-0.00024894199651481763,0.01154796915586253,0.01380153309322237,-0.09390559460854853,1996125.8,0.016392762284196498,-0.007968127490039945,0
2024-06-06,240.0,241.25,237.51,239.04,933385,242.03000000000003,240.99899999999997,231.3065,1.0463605648782028,72.91795188155454,7.127690646461446,6.972350840611942,-0.007968127490039945,0.011920590825343616,0.01410794518834119,-0.3705987904027922,1896685.7,0.015645917001338727,-0.03727409638554213,0
2024-06-07,240.97,240.97,220.66,230.13,2707686,238.844,240.45699999999997,232.2615,1.028340900235295,58.169291338582646,5.986600632723423,6.775200799034239,-0.03727409638554213,0.017091688829056994,0.017127808896532225,1.9009315555746022,2127133.9,0.0882544648676835,-0.014513535827575752,0
2024-06-10,230.98,230.98,223.61,226.79,521770,235.58800000000002,239.029,233.035,1.0109554358787307,51.85798816568046,4.757922124720977,6.371745064171587,-0.014513535827575752,0.014833002770046084,0.017640226591696895,-0.8073004033702579,1317762.4,0.03249702367829259,-0.020106706644913763,0
2024-06-11,229.0,229.0,219.5,222.23,1039627,231.83,237.11599999999999,233.59399999999997,0.9924484361755869,33.386837881219904,3.3773002495085507,5.772856101238981,-0.020106706644913763,0.015211079707212326,0.0184049506460087,0.9925005270521494,1335145.1,0.042748503802366916,0.004094856680016079,1
2024-06-12,222.0,224.4,220.2,223.14,757265,228.266,235.33800000000002,233.8995,0.9759148694204135,32.2633297062024,2.329721284604119,5.084229137912009,0.004094856680016079,0.015593535272939671,0.017401905694265793,-0.27159933322239616,1314630.5,0.018822264049475745,0.04418750560186435,1
2024-06-13,223.14,235.0,223.0,233.0,1584794,227.058,234.54399999999995,234.45,0.9684708893154191,47.22765818656229,2.2689717105666887,4.521177652442945,0.04418750560186435,0.022633237570300297,0.01932517546560258,1.0927865410391342,1341567.9,0.05150214592274678,0.04072961373390571,1
2024-06-14,234.5,243.95,232.01,242.49,3177696,229.52999999999997,234.18699999999998,235.36549999999997,0.9752066466835624,51.42113690952764,2.9525557000181095,4.207453261957978,0.04072961373390571,0.025606364625622147,0.021087893446255262,1.0051161223477627,1554523.8,0.049239143882221934,0.053899129861025186,1
2024-06-20,243.0,257.5,243.0,255.56,2276547,235.28400000000002,235.436,236.969,0.9928893652756269,61.3165444692381,4.497100925941368,4.2653827947546565,0.053899129861025186,0.030508137843170198,0.023742656831160034,-0.2835856545119483,1611840.8,0.05673814368445766,-0.03212552825168258,0
2024-06-21,255.5,263.89,245.0,247.35,2221530,240.308,236.06900000000002,238.0755,1.0093772773762943,54.559636930931795,5.001036918605564,4.412513619524838,-0.03212552825168258,0.03255612913804028,0.025298906814904366,-0.02416686323629602,1670327.3,0.07636951687891647,-0.029391550434606728,0
2024-06-24,247.35,249.0,238.6,240.08,1004030,243.696,235.98100000000005,238.34700000000004,1.0224420697554404,49.44701646090536,4.758923671620465,4.481795629943964,-0.029391550434606728,0.03415125028319839,0.024846717749492424,-0.5480457162406089,1622433.0,0.04331889370209932,0.0006247917360879818,1
2024-06-25,240.02,242.2,239.0,240.23,1540226,245.142,236.1,238.5495,1.0276357737073438,45.995329028712725,4.526966869320262,4.490829877819223,0.0006247917360879818,0.034032099929270025,0.024818164791315527,0.5340438034720079,1683117.1,0.013320567789201968,-0.00470382550056192,0
2024-06-26,240.5,242.7,238.0,239.1,940542,244.46400000000003,236.997,238.727,1.0240316344611209,47.20146623431552,4.203502515730975,4.433364405401574,-0.00470382550056192,0.031419011366281446,0.02483877640950176,-0.38934805671375494,1506402.7,0.019657047260560386,-0.009535759096612306,0
2024-06-27,240.05,242.48,235.0,236.82,572608,240.71599999999998,238.0,238.5145,1.0092300468105713,47.04890387858347,3.7202925234233533,4.29075002900593,-0.009535759096612306,0.031126433287403256,0.0243636911029589,-0.3911935883777652,1511486.5,0.03158517017143818,0.010852123976015537,1
2024-06-28,237.0,240.75,235.0,239.39,1001578,239.12399999999997,239.71599999999998,238.41600000000003,1.0029695993557477,48.93443735577574,3.5043269451376204,4.133465412232268,0.010852123976015537,0.02989269796405099,0.02449666119314898,0.7491512518162513,1507681.6,0.02401938259743515,-0.00413551109068877,0
2024-07-01,240.0,242.5,237.99,238.4,751953,238.788,241.24199999999996,238.29000000000002,1.0020898904695958,49.56007698652737,3.216213435709932,3.950015016927801,-0.00413551109068877,0.030120414319398107,0.024510537596224076,-0.2492317123578992,1507150.4,0.01891778523489929,0.008263422818791888,1
2024-07-02,238.5,241.5,238.5,240.37,933377,238.81599999999997,241.97900000000004,238.26149999999998,1.0023272748639624,57.78115501519758,3.1109824703667073,3.7822085076155827,0.008263422818791888,0.027198175928079285,0.024584415183981016,0.24127039854884558,1442008.7,0.012480758830136872,-0.0017057037067853553,0
2024-07-03,241.0,242.0,239.4,239.96,1195930,238.988,241.72600000000003,237.9565,1.0043348259030538,60.47399395578179,2.960377212956928,3.617842248683852,-0.0017057037067853553,0.02383789476836517,0.02407889936513706,0.2812936251911071,1243832.1,0.010835139189864954,0.008501416902817027,1
2024-07-04,240.5,242.8,239.0,242.0,963460,240.02400000000003,240.36999999999998,237.90299999999996,1.0089153982925818,66.37945318972663,2.971380191191855,3.488549837185453,0.008501416902817027,0.014918336884340102,0.024017461957751514,-0.1943842867057436,1112523.4,0.01570247933884302,-0.007851239669421473,0
2024-07-05,242.7,244.25,239.5,240.1,3371691,240.166,239.64500000000004,237.85700000000003,1.0097075133378457,63.82458428431695,2.794571924097397,3.349754254567842,-0.007851239669421473,0.011703350197392987,0.024006982043006546,2.4995651090860025,1227539.5,0.01978342357351104,-0.003998334027488615,0
2024-07-08,240.9,242.0,238.6,239.14,588101,240.314,239.551,237.766,1.0107164186637283,55.854309687261626,2.5476187584354193,3.1893271553413576,-0.003998334027488615,0.007211517083930101,0.02402431595411087,-0.8255768396332879,1185946.6,0.014217613113657296,-0.0029271556410470634,0
2024-07-09,240.0,241.79,237.99,238.44,1659890,239.92799999999997,239.372,237.73600000000002,1.009220311606151,45.36082474226802,2.2692637852422592,3.005314481321538,-0.0029271556410470634,0.007244535834527438,0.023963877821964227,1.8224573670168898,1197913.0,0.015936923335010834,-0.0018872672370406907,0
2024-07-10,239.0,239.8,237.05,237.99,569043,239.53399999999996,239.26099999999997,238.129,1.0059001633568359,21.688688366097267,1.9894214126807697,2.8021358675933845,-0.0018872672370406907,0.007126405459940492,0.02230467054771895,-0.6571802950797945,1160763.1,0.011555107357451994,-0.004916172948443265,0
2024-07-11,237.5,237.99,236.0,236.82,591806,238.498,239.26100000000002,238.63049999999998,0.9994447482614335,28.053355564818602,1.654166888164724,2.5725420717076526,-0.004916172948443265,0.006601871000689801,0.02203425440938833,0.04000224939064356,1162682.9,0.00840300650282919,0.0015623680432395037,1
2024-07-12,236.0,238.7,230.0,237.19,995728,237.916,239.04100000000003,239.37849999999997,0.9938904287561332,41.54476301930947,1.4021678517129317,2.3384672277087084,0.0015623680432395037,0.00546369966135517,0.021393084376144813,0.6825243407467987,1162097.9,0.03667945528900876,-8.432058687135591e-05,0
2024-07-15,240.5,242.5,236.0,237.17,1598960,237.52200000000002,238.91800000000003,240.08,0.9893452182605799,40.97877358490564,1.1871581467810586,2.1082054115231785,-8.432058687135591e-05,0.005346858036647599,0.021407135955944217,0.6058200633104622,1246798.6,0.027406501665472024,0.016443900999283168,1
2024-07-18,238.49,242.25,236.75,241.07,1400102,238.048,238.98799999999997,240.4835,0.9898724860541368,54.99239736441966,1.316285493096217,1.9498214278377861,0.016443900999283168,0.00715678796912804,0.019422926549541964,-0.12436708860759493,1293471.1,0.022814950014518606,-0.006222259094868732,0
2024-07-19,241.99,241.99,237.5,239.57,1327195,238.36399999999998,238.949,240.3375,0.991788630571592,57.25593667546175,1.2827951177807506,1.816416165826379,-0.006222259094868732,0.007435484095140991,0.01718927028612913,-0.05207263470804269,1306597.6,0.01874191259339654,-0.014985181784029744,0
2024-07-22,238.9,242.48,235.0,235.98,3418732,238.196,238.34699999999998,239.3585,0.9951432683610567,41.46219328993491,0.9555557055788597,1.6442440737768753,-0.014985181784029744,0.008084412054823175,0.011769308347401097,1.5759078356985974,1552124.8,0.031697601491651795,0.007966776845495405,1
2024-07-23,236.0,239.9,236.0,237.86,783996,238.32999999999998,238.123,238.88399999999996,0.9976808827715545,48.70565675934806,0.838253536981,1.4830459664177003,0.007966776845495405,0.00845702311052476,0.009990720029166,-0.7706763794295663,1293355.3,0.016396199445051735,0.02160935003783737,1
2024-07-24,239.9,244.0,236.0,243.0,1501062,239.496,238.50900000000001,239.02999999999997,1.001949546082082,55.472326258843104,1.1468258717036974,1.4158019474748997,0.02160935003783737,0.010931254852848833,0.009072762029016327,0.9146296664778901,1384651.4,0.03292181069958848,-0.013580246913580285,0
2024-07-25,244.8,244.8,239.0,239.7,381002,239.22200000000004,238.635,239.00349999999997,1.000914212553373,49.51708766716193,1.1122677194584867,1.3550951018716173,-0.013580246913580285,0.011903408219918305,0.009614169078911473,-0.7461783723790223,1256762.6,0.024196912807676312,-0.012974551522736744,0
2024-07-26,239.01,240.4,235.6,236.59,599189,238.62600000000003,238.49500000000003,238.878,0.9989450681938062,40.33583422650948,0.8244256603551321,1.2489612135683203,-0.012974551522736744,0.012652636828782565,0.009994478642229911,0.5726662852163507,1259777.2,0.020288262394860354,0.004607126252166305,1
2024-07-29,238.0,239.2,237.0,237.68,436320,238.96599999999998,238.581,238.921,1.0001883467757124,45.54819720382637,0.676464780312898,1.1344619269172358,0.004607126252166305,0.012643211974398992,0.009818831602963169,-0.27181573760532984,1244228.6,0.009256142712891234,0.0017670817906427772,1
2024-07-30,239.6,239.6,236.0,238.1,348340,239.01399999999998,238.67199999999997,238.85649999999995,1.0006593917268318,48.04804804804807,0.586336287056838,1.0248367989451563,0.0017670817906427772,0.012645406991518279,0.009506590497415772,-0.20164099743307662,1179489.8,0.015119697606047856,0.000881982360352751,1
2024-07-31,238.1,241.9,238.0,238.31,308107,238.07599999999996,238.78599999999997,238.852,0.9967511262204208,49.75143403441684,0.5257930369324981,0.9250280465426247,0.000881982360352751,0.012644521800480334,0.009464136953914569,-0.11549922489521736,1050404.5,0.016365238554823573,0.005119382317150034,1
2024-08-01,238.0,240.76,238.0,239.53,244448,238.042,238.632,238.81,0.9967840542690842,52.86032689450221,0.5696888604882702,0.8539602093317538,0.005119382317150034,0.011520154988035007,0.009345434090734281,-0.20661328694252323,934839.1,0.011522565023170337,0.002129169623846572,1
2024-08-02,239.0,240.5,238.99,240.04,218841,238.73200000000003,238.679,238.814,0.9996566365455963,56.13099771515612,0.6382717551774135,0.8108225185008858,0.002129169623846572,0.01136746438578042,0.009350821337154978,-0.10475438539075799,824003.7,0.006290618230294913,-0.006248958506915536,0
2024-08-05,240.5,240.9,236.7,238.54,899172,238.904,238.935,238.641,1.0011020738263752,52.4644030668127,0.5650729204731135,0.7616725988953315,-0.006248958506915536,0.010356937095096622,0.009230754615987885,3.108791314241847,572047.7,0.017607109918671992,0.011193091305441438,1
2024-08-06,238.5,241.9,237.9,241.21,1145706,239.526,239.26999999999998,238.69649999999996,1.0034751242686846,56.72436750998671,0.7142752816538405,0.7521931354470334,0.011193091305441438,0.010640036868184086,0.009432076486415536,0.2741789112650306,608218.7,0.01658306040379752,0.002819120268645392,1
2024-08-07,241.21,242.28,240.01,241.89,587585,240.24200000000002,239.15899999999996,238.834,1.0058953080382191,51.52870991797165,0.8772768434717477,0.7772098770519763,0.002819120268645392,0.008021319936776147,0.009392703484007546,-0.4871415528940234,516871.0,0.00938443093968337,0.0002893877382281751,1
2024-08-08,242.0,242.95,240.0,241.96,1082045,240.72799999999998,239.385,239.01,1.0071879837663695,54.70657739267431,1.0005712085031746,0.8218821433422161,0.0002893877382281751,0.00656073676927147,0.009356352061589933,0.8415122918386275,586975.3,0.012192097867416055,0.01454785915027279,1
2024-08-09,241.96,248.44,240.36,245.48,845899,241.81599999999997,240.27399999999997,239.38449999999997,1.0101572992403434,68.75987361769353,1.366564557647422,0.9308186262032574,0.01454785915027279,0.005794573964081938,0.009820494857919627,-0.21824046134865005,611646.3,0.03291510510021177,-0.01812774971484432,0
2024-08-12,247.89,248.0,240.85,241.03,308309,242.31400000000002,240.609,239.59500000000003,1.0113483169515223,55.68304051631409,1.282752343357032,1.0012053696340124,-0.01812774971484432,0.008985251137321001,0.010687664716807127,-0.6355250449521752,598845.2,0.02966435713396675,-0.004729701696884248,0
2024-08-13,242.0,242.0,238.15,239.89,303842,242.05,240.788,239.72999999999996,1.009677553914821,43.491000418585145,1.1115290718377082,1.0232701100747517,-0.004729701696884248,0.009191249185230599,0.010760604314140916,-0.014488711000976262,594395.4,0.016049022468631432,0.007003209804493649,1
2024-08-15,239.5,242.3,238.5,241.57,609828,241.98600000000002,241.11400000000003,239.95,1.0084851010627216,54.19847328244276,1.0987298810822779,1.038362064276257,0.007003209804493649,0.009399719074556586,0.010852465344901734,1.0070562989975054,624567.5,0.01573043010307576,0.02781802376122866,1
2024-08-16,241.6,249.49,241.6,248.29,3126150,243.252,241.99,240.311,1.0122383078593988,72.60432766615145,1.6122492628997236,1.1531395040009502,0.02781802376122866,0.012595287347470448,0.0119484122998599,4.126281508884472,912737.7,0.03177735712271946,-0.025615208022876423,0
2024-08-19,242.0,245.9,237.55,241.93,2111123,242.542,242.179,240.429,1.0087884572992443,56.82182985553773,1.488855624575507,1.2202827281158615,-0.025615208022876423,0.015656057529727173,0.01332001994866874,-0.32468915439118406,1101965.9,0.034514115653288116,0.0005786797834084201,1
2024-08-20,242.0,244.0,241.2,242.07,439069,242.75,242.532,240.7335,1.0083764827080568,56.43019112406868,1.386380772616917,1.2535023370160727,0.0005786797834084201,0.015457514359602234,0.012807934188930711,-0.7920211186179109,1055955.6,0.011566902135745906,-0.0006196554715578451,0
2024-08-21,243.0,243.0,241.0,241.92,706608,243.156,242.60299999999998,240.93650000000002,1.0092119707889837,55.85848750405711,1.2783291846423879,1.2584677065413359,-0.0006196554715578451,0.015088003308524419,0.012718155418244045,0.6093324739391759,1012045.8,0.008267195767195768,-0.007729828042327913,0
2024-08-22,241.92,242.47,240.0,240.05,103794,242.852,242.419,240.789,1.0085676671276513,50.82644628099175,1.0299317389684006,1.212760513026749,-0.007729828042327913,0.015267498156450314,0.011870367224535968,-0.8531095034304734,963666.7,0.01028952301603832,0.0038741928764840505,1
2024-08-23,240.0,241.37,240.0,240.98,592637,241.39000000000001,242.321,240.853,1.0022295757163082,51.47427854454203,0.897769275959206,1.1497622656132402,0.0038741928764840505,0.0153341674337612,0.011497222151015531,4.7097423743183615,914725.9,0.005685119097020519,-0.0031952859158436153,0
2024-08-26,240.98,241.45,239.0,240.21,255553,241.046,241.794,241.03400000000002,1.0000497855074386,52.68057784911721,0.7225676963826686,1.064323351767126,-0.0031952859158436153,0.014424791264982079,0.011102839934103447,-0.5687866265521728,855691.3,0.01019940885058902,-0.0013321676866075993,0
2024-08-27,240.25,240.74,239.5,239.89,162383,240.60999999999999,241.67999999999998,241.14449999999997,0.9977834866646348,47.708333333333286,0.5515400463283129,0.9617666906793634,-0.0013321676866075993,0.013280314864835633,0.011075556681478934,-0.3645819066886321,841098.7,0.005169035808078741,-0.0032931760390177978,0
2024-08-28,240.0,240.49,237.65,239.1,273235,240.046,241.60099999999997,241.1945,0.995238282796664,45.17468004150813,0.3482387245327061,0.839061097450032,-0.0032931760390177978,0.013235909245533367,0.01110335984602033,0.6826576673666578,838038.0,0.011877875365955682,-0.010204935173567575,0
2024-08-29,239.99,239.99,236.3,236.66,1001804,239.36800000000002,241.10999999999999,241.112,0.9927668469424998,41.52813299232733,-0.009655344960009415,0.6693178089680237,-0.010204935173567575,0.013306409068904372,0.011345227219519336,2.6664556151298333,877235.6,0.01559198850671849,-0.0051973295022395005,0
2024-08-30,235.9,237.7,234.5,235.43,315746,238.25799999999998,239.82399999999998,240.907,0.9890040555068967,32.66643670231112,-0.38806630715555457,0.4578409857433081,-0.0051973295022395005,0.008215870866103753,0.011321023784839103,-0.6848225800655617,596195.2,0.013592150533067105,-0.018944059805462432,0
2024-09-02,236.89,236.89,230.1,230.97,457054,236.41,238.72799999999998,240.45350000000002,0.9831838588334126,32.65517241379307,-1.035903199962263,0.1590921486021939,-0.018944059805462432,0.006464889123260427,0.01199447653930808,0.4475369442526589,430788.3,0.029397757284495788,-0.009395159544529519,0
2024-09-03,231.0,236.0,227.5,228.8,1016702,234.192,237.40099999999998,239.9665,0.9759362244313269,31.535131535131526,-1.704767965552037,-0.21367987422865228,-0.009395159544529519,0.006344318619187782,0.01207548523163865,1.2244680059686601,488551.6,0.03715034965034965,-0.014685314685314754,0
2024-09-04,230.5,230.5,224.98,225.44,377519,231.45999999999998,235.75300000000001,239.17800000000003,0.9677311458411725,24.566382844528476,-2.4774139446830077,-0.6664266883195235,-0.014685314685314754,0.006667525110004713,0.011971962540820962,-0.6286827408621208,455642.7,0.024485450674237092,-0.007185947480482624,0
2024-09-05,226.0,227.0,223.01,223.82,433157,228.892,234.13000000000002,238.2745,0.9606231468327496,4.021044720029934,-3.1837614902165683,-1.1698936486989324,-0.007185947480482624,0.0066632205890855825,0.011911389003836509,0.14737801276227147,488579.0,0.017826825127334505,-0.009963363417031523,0
2024-09-06,224.46,225.5,220.5,221.59,637181,226.12399999999997,232.19099999999997,237.256,0.953080217149408,4.759786476868186,-3.8787772425267235,-1.7116703674644906,-0.009963363417031523,0.005499416123642569,0.011946377503720391,0.4710162827796849,493033.4,0.022564195135159528,-0.008800036102712294,0
2024-09-09,221.99,223.47,218.22,219.64,478443,223.858,230.13400000000001,235.96400000000003,0.9486955637300605,3.8287361053930766,-4.534658219493082,-2.276267937870209,-0.008800036102712294,0.005193993135118316,0.011117620855547655,-0.24912544473234455,515322.4,0.023902749954470955,0.005463485703879112,1
2024-09-10,221.0,221.8,217.78,220.84,914732,222.266,228.22899999999998,234.95449999999997,0.9459959268709475,8.405682715074974,-4.901121569315791,-2.8012386641593254,0.005463485703879112,0.006559299180636845,0.010956221479179696,0.9118933707881607,590557.3,0.01820322405361352,-0.01915413874298133,0
2024-09-11,221.5,224.0,215.63,216.61,465653,220.5,225.97999999999996,233.7905,0.9431520955727456,7.689530685920573,-5.469819389612013,-3.3349548092498633,-0.01915413874298133,0.007128393309118945,0.011449139343145578,-0.4909405159106711,609799.1,0.03864087530584924,0.0006001569641289617,1
2024-09-12,216.9,218.0,215.91,216.74,384279,219.084,223.988,232.54899999999998,0.9420982244602214,4.944237918215663,-5.842675865461075,-3.836499020492106,0.0006001569641289617,0.007844280043653782,0.011181370067582967,-0.1747524444167653,548046.6,0.009642890098735828,-0.008120328504198637,0
2024-09-13,220.0,220.0,213.33,214.98,585444,217.762,221.94299999999998,230.8835,0.9431683078262414,4.768734313373997,-6.2086155446538385,-4.310922325324453,-0.008120328504198637,0.00775209288662982,0.008008168200156046,0.523486841591656,575016.4,0.03102614196669452,-0.010884733463577989,0
2024-09-16,214.98,218.0,212.0,212.64,456975,216.362,220.10999999999999,229.419,0.9430866667538433,4.44667335339355,-6.611233634680559,-4.770984587195675,-0.010884733463577989,0.006986692417074564,0.0068075062412866,-0.21943857994957672,575008.5,0.028216704288939055,0.023937170805116592,1
2024-09-18,212.64,218.99,212.64,217.73,1364327,215.74,219.00300000000001,228.202,0.9453904873752202,18.76644256065481,-6.445293578323373,-5.105846385421215,0.023937170805116592,0.012294649203851784,0.009529187943345837,1.9855615733902292,609771.0,0.02916456161300704,0.03614568502273463,1
2024-09-19,218.0,227.45,217.81,225.6,1577593,217.538,219.019,227.38599999999997,0.956690385511861,36.04944500504542,-5.6140266557834195,-5.207482439493655,0.03614568502273463,0.017284991909327817,0.013276924629672464,0.15631589787492284,729778.4,0.04273049645390065,0.04614361702127656,1
2024-09-20,226.9,237.0,226.89,236.01,2089920,221.392,220.238,227.18400000000003,0.9745052468483695,50.59401884473575,-4.068344290194773,-4.979654809633879,0.04614361702127656,0.02226205842484855,0.017229585604677345,0.32475232838888113,895454.7,0.04283716791661376,-0.00843184610821568,0
2024-09-23,236.03,237.25,231.95,234.02,328336,225.2,221.481,226.836,0.9927877409229574,53.29018338727078,-2.9697231286629915,-4.577668473439702,-0.00843184610821568,0.022148556034917395,0.01727694568079023,-0.8428954218343285,864570.2,0.022647636954106536,-0.0047004529527391314,0
2024-09-24,235.0,235.97,227.86,232.92,623784,229.256,222.80900000000003,226.47149999999996,1.0122951453052593,54.54946996466428,-2.1628863425208635,-4.094712047255935,-0.0047004529527391314,0.021886950224538376,0.0172887961455846,0.8998343160664686,879104.3,0.03481882191310315,0.007255710115060987,1
2024-09-25,233.0,236.01,232.0,234.61,2475481,232.63199999999998,224.186,226.20750000000004,1.0284009150890219,60.51364365971108,-1.3712861671386065,-3.550026871232469,0.007255710115060987,0.02188849803473311,0.017396882015125324,2.9684906954971595,1035179.2,0.01709219555858655,-0.005327991134222776,0
2024-09-26,236.0,237.01,232.0,233.36,301120,234.18400000000003,225.86100000000002,225.9205,1.0365770259892308,61.03145235892693,-0.8351745064585998,-3.0070563982776957,-0.005327991134222776,0.020495843084833515,0.01741711716723014,-0.8783589936662815,1018725.9,0.021468974974288613,-0.007584847446006182,0
2024-09-27,234.0,234.0,230.15,231.59,138139,233.3,227.346,225.667,1.0338241745580878,61.687704534829344,-0.5468229260801536,-2.5150097038381873,-0.007584847446006182,0.020967192953255477,0.017354552629562665,-0.5412493358129649,994111.9,0.01662420657195904,-0.01485383652143879,0
2024-09-30,232.0,232.8,208.43,228.15,285910,232.12600000000003,228.663,225.30299999999997,1.0302836624456846,59.61147503953016,-0.5890907998454225,-2.1298259230396344,-0.01485383652143879,0.021599713979924044,0.017611611489750847,1.0697268693127935,964158.5,0.10681569143107607,-0.005391190006574731,0
2024-10-01,228.15,229.0,225.0,226.92,234917,230.92600000000002,230.09099999999998,225.10049999999995,1.0258795515780732,56.862302483069946,-0.7136130280108546,-1.8465833440338784,-0.005391190006574731,0.02118361460650707,0.01715689037098426,-0.17835332797034031,941952.7,0.017627357659086903,0.008813678829543425,1
2024-10-02,227.39,229.99,226.0,228.92,245754,229.788,231.20999999999998,225.1065,1.0207968228371904,64.63037794152598,-0.6434966765392289,-1.6059660105349487,0.008813678829543425,0.020340889658764773,0.017156929846606644,0.046131186759578835,830095.4,0.01742966975362576,0.005940940066398781,1
2024-10-03,228.75,232.0,227.0,230.28,494213,229.17199999999997,231.67800000000003,225.3485,1.0169670532530724,65.63510392609696,-0.47273888918635976,-1.379320586265231,0.005940940066398781,0.01724290838086776,0.016834258134007872,1.0110069419012508,721757.4,0.02171269758554803,0.027010595796421732,1
2024-10-04,230.0,237.25,230.0,236.5,1542157,230.154,231.727,225.98250000000002,1.0184593939796223,72.5293132328308,0.16261537599538656,-1.0709333938131076,0.027010595796421732,0.01212553178086885,0.017654850673127036,2.12042985514343,666981.1,0.0306553911205074,0.013699788583509509,1
2024-10-07,237.0,241.5,237.0,239.74,776316,232.47199999999998,232.29899999999998,226.89000000000001,1.024602230155582,77.84628031237153,0.9170084284768336,-0.6733450293551194,0.013699788583509509,0.012377294186318272,0.01753961053792981,-0.4966037828833251,711779.1,0.018770334529073163,0.0076749812296654785,1
2024-10-08,239.74,242.24,239.74,241.58,1240040,235.404,233.16499999999996,227.987,1.0325325566808634,76.26073552081037,1.6443875045979155,-0.20979852256451248,0.0076749812296654785,0.012196247404481804,0.017287525341253846,0.5973392278402094,773404.7,0.01034853878632337,-0.0022352843778459253,0
2024-10-09,241.0,243.95,239.0,241.04,838236,237.82799999999997,233.80800000000005,228.997,1.0385638239802266,70.27310924369742,2.152455014326989,0.2626521848137879,-0.0022352843778459253,0.012259980664555558,0.017360156080745013,-0.32402503145059836,609680.2,0.02053601062064383,-0.00037338201128445103,0
2024-10-10,241.04,244.0,240.75,240.95,566684,239.962,234.567,230.214,1.042343211099238,58.89769452449564,2.518804715518428,0.7138826909547159,-0.00037338201128445103,0.011993360654579602,0.0164983432988468,-0.32395649912435165,636236.6,0.013488275575845612,-0.0013695787507781443,0
2024-10-11,241.25,243.0,239.01,240.62,431871,240.786,235.46999999999997,231.408,1.040525824517735,62.64367816091948,2.7508017211183358,1.12126649698744,-0.0013695787507781443,0.011520028570489182,0.016534757183329644,-0.23789801723711979,665609.8,0.01658216274623892,0.0033663037154019193,1
2024-10-14,241.0,243.99,241.0,241.43,244769,241.12399999999997,236.798,232.73049999999998,1.0360653201879426,66.48585819449823,2.965832973698099,1.4901797923295717,0.0033663037154019193,0.009487325589472987,0.0162384425905748,-0.43323585052017843,661495.7,0.012384542103301201,0.003769208466221974,1
2024-10-15,242.0,242.9,240.5,242.34,290008,241.276,238.34,234.21550000000002,1.0301453148916275,65.44147023571708,3.173098679010451,1.8267635696657476,0.003769208466221974,0.008706036003155084,0.015762890041233952,0.18482324150525598,667004.8,0.009903441445902474,-0.009490798052323224,0
2024-10-16,242.34,243.99,239.91,240.04,637454,241.07599999999996,239.452,235.331,1.0244124233526393,62.806748466257595,3.1158498876853002,2.0845808332696585,-0.009490798052323224,0.010020821619771157,0.015607603596002195,1.1980566053350254,706174.8,0.016997167138810252,0.0,0
2024-10-17,240.5,242.49,236.01,240.04,1343617,240.894,240.42799999999997,236.05300000000003,1.0205081062303805,67.37967914438497,3.0354885852204347,2.274762383659814,0.0,0.010121220761016654,0.01379967746721003,1.107786601072391,791115.2,0.026995500749875098,0.0037910348275287387,1
2024-10-18,240.0,242.1,240.0,240.95,615843,240.95999999999998,240.873,236.3,1.0197206940330088,79.38475665748382,3.01052758089358,2.4219154231065674,0.0037910348275287387,0.00621934145612757,0.009415389133256477,-0.5416528668511935,698483.8,0.008715501141315602,-0.00037352147748481723,0
2024-10-21,242.0,243.0,240.5,240.86,721430,240.846,240.98500000000004,236.64199999999997,1.0177652318692372,83.76937984496128,2.949483744672932,2.5274290874198404,-0.00037352147748481723,0.0046401372582084155,0.009155849337633018,0.17145116531323734,692995.2,0.010379473553101386,0.0013700905090092697,1
2024-10-22,241.35,242.5,240.75,241.19,282690,240.61599999999999,240.946,237.05550000000002,1.0150196894819987,82.34053769109123,2.8943698132217435,2.6008172325802215,0.0013700905090092697,0.003926766544452704,0.009040029416760192,-0.6081532511816808,597260.2,0.0072556905344334345,-0.000953605041668304,0
2024-10-23,242.0,242.0,240.5,240.96,618763,240.8,240.93799999999996,237.373,1.0144371937836234,79.93273542600903,2.7998575328742277,2.640625292639023,-0.000953605041668304,0.0038718403916017437,0.0089645955769254,1.1888393646750859,575312.9,0.006225099601593625,0.0044405710491368655,1
2024-10-24,241.6,243.39,241.0,242.03,1050602,241.198,241.046,237.8065,1.0142615950363005,71.78881008668249,2.779258366985175,2.6683519075082534,0.0044405710491368655,0.004115507126676764,0.008845542762354166,0.6979069530660367,623704.7,0.009874808907986556,0.013675990579680164,1
2024-10-25,242.3,247.0,242.3,245.34,1397199,242.07599999999996,241.51800000000003,238.494,1.015019245767189,71.94357366771165,2.9954925433742687,2.7337800346814567,0.013675990579680164,0.005785672589165671,0.008927578468729094,0.32990323643016106,720237.5,0.019157088122605317,0.006806880247819391,1
2024-10-28,246.9,249.0,245.0,247.01,971936,243.30599999999998,242.07599999999996,239.43700000000004,1.0161587390420024,71.5647339158062,3.2639894901933815,2.8398219257838417,0.006806880247819391,0.005977737575810763,0.007913440123078474,-0.30436823959936987,792954.2,0.016193676369377758,-0.02299502044451629,0
2024-10-29,239.5,242.51,239.5,241.33,6944069,243.334,241.975,240.15750000000003,1.0132267366207592,50.81782289904124,2.9840484714312367,2.868667234913321,-0.02299502044451629,0.009932209752068683,0.00977422528716145,6.1445743341125345,1458360.3,0.01247254796336962,-0.00973770355944148,0
2024-10-30,241.0,241.95,238.0,238.98,680133,242.93800000000002,241.869,240.6605,1.0094635388856916,45.07253626813405,2.543250824578479,2.8035839528463526,-0.00973770355944148,0.009957668905800974,0.010081724675559069,-0.9020555527314029,1462628.2,0.016528579797472544,-0.029709599129634223,0
2024-10-31,238.98,241.2,231.0,231.88,738399,240.908,241.05300000000003,240.74049999999997,1.0006957699265393,33.66965620328844,1.6025318610946613,2.563373534496015,-0.029709599129634223,0.013593993641082894,0.012294467028220967,0.08566853835940913,1402106.4,0.04398826979472136,-0.0015094014145247137,0
2024-11-01,232.0,234.5,230.0,231.53,1216336,238.14600000000002,240.11099999999996,240.49199999999996,0.9902449977546033,31.17870722433453,0.8193186348768791,2.214562554572188,-0.0015094014145247137,0.013385555808892755,0.010582566376591128,0.6472611690969245,1462155.7,0.019435926229862222,0.005096531766941581,1
2024-11-04,233.0,233.5,229.0,232.71,712700,235.286,239.296,240.14049999999997,0.9797847510103461,31.87805796010535,0.2904841284683357,1.8297468693514176,0.005096531766941581,0.013654674666014738,0.01011792301441973,-0.4140599308085924,1461282.7,0.019337372695629754,-0.0067036225344849765,0
2024-11-05,230.0,233.0,228.0,231.15,998518,233.25,238.292,239.619,0.9734203047337648,32.791327913279105,-0.2515997056519268,1.4134775543507487,-0.0067036225344849765,0.013582978145949831,0.009945703688314272,0.40103549880735234,1532865.5,0.02163097555699762,0.005364481938135324,1
2024-11-06,231.15,233.0,231.0,232.39,527183,231.93200000000002,237.43500000000003,239.18649999999997,0.969670110980344,35.869966752862894,-0.5745246502686427,1.0158771134268705,0.005364481938135324,0.013892062866132681,0.01008672468711063,-0.4720345552108225,1523707.5,0.008606222298721976,-0.008261973406773038,0
2024-11-07,232.45,233.9,230.0,230.47,461780,231.65,236.279,238.6625,0.9706175037972032,31.33903133903128,-0.9741436279567495,0.6178729651501466,-0.008261973406773038,0.013661400417875162,0.010182739163771265,-0.12406128422198748,1464825.3,0.01692194211828006,-0.007810127131513966,0
2024-11-08,230.49,232.0,228.0,228.67,569711,231.07800000000003,234.612,238.065,0.9706508726608281,29.54011413225905,-1.4197238112969046,0.21035360986073637,-0.007810127131513966,0.012024753247858807,0.010257619513271995,0.23372818225128844,1382076.5,0.01749245637818691,-0.0025364061748370803,0
2024-11-11,228.72,229.9,227.27,228.09,382241,230.154,232.71999999999997,237.398,0.9694858423407106,28.19573901464709,-1.798913712075688,-0.19149985452654852,-0.0025364061748370803,0.011170030103227367,0.0101646503617147,-0.3290615768345705,1323107.0,0.011530536191854072,-0.003025121662501684,0
2024-11-12,227.0,228.9,226.0,227.4,317038,229.404,231.327,236.65099999999998,0.9693768460729091,27.770491803278645,-2.1305421105539324,-0.5793083057320253,-0.003025121662501684,0.009877942941079392,0.010046807745733983,-0.17058086390523253,660403.9,0.01275285839929642,-0.012664907651715018,0
2024-11-13,227.49,227.9,223.55,224.52,1746993,227.83,229.881,235.875,0.9658929517753048,22.90312596719278,-2.5958288374465326,-0.9826124120749268,-0.012664907651715018,0.010046783721106888,0.010176835959874963,4.510358379752585,767089.9,0.01937466595403525,0.008284339925173745,1
2024-11-14,225.8,228.0,224.41,226.38,2737833,227.012,229.331,235.192,0.9652199054389605,19.2806221646143,-2.7824115569498815,-1.342572241049918,0.008284339925173745,0.006826086200794855,0.010481683397800187,0.5671688438362374,967033.3,0.015858291368495467,0.01833200812792657,1
2024-11-15,228.1,232.87,228.0,230.53,3688228,227.38400000000001,229.231,234.671,0.9689480165849211,25.2849430113977,-2.5658320744303182,-1.5872242077259981,0.01833200812792657,0.009475618761220118,0.01142966156589371,0.34713402899300294,1214222.5,0.0211252331583742,-0.004424586821671794,0
2024-11-18,233.0,233.0,227.0,229.51,1630609,227.66800000000003,228.911,234.10350000000003,0.9725100222764718,29.39330543933049,-2.448274564485587,-1.759434279077916,-0.004424586821671794,0.009340173859816255,0.011432501757473295,-0.5578882325062333,1306013.4,0.02614265173630779,0.006143523158032238,1
2024-11-19,231.0,232.0,229.21,230.92,5125765,228.37199999999999,228.888,233.59,0.977661714970675,35.47224224945923,-2.2157919049620887,-1.8507058042547506,0.006143523158032238,0.009404475074553192,0.011563287825715429,2.1434666434442593,1718738.1,0.012082106357179942,0.006322535943183771,1
2024-11-20,232.0,233.8,231.0,232.38,1336674,229.94400000000002,228.887,233.16099999999997,0.9862026668267851,51.13122171945702,-1.891928944879993,-1.8589504323797992,0.006322535943183771,0.00947052210888215,0.011715031434289985,-0.7392244864912847,1799687.2,0.012049229709957877,0.011446768224459891,1
2024-11-21,232.3,237.0,230.0,235.04,1434626,231.676,229.344,232.81149999999997,0.9951226636141257,57.18967636214664,-1.4044359824808907,-1.7680475424000175,0.011446768224459891,0.009601653453476779,0.012010768240017202,0.07328039596790248,1896971.8,0.02978216473791695,0.09530292716133437,1
2024-11-22,237.0,258.54,237.0,257.44,5502694,237.058,232.221,233.41649999999998,1.0156008679763429,77.09840017532326,0.7804025035296434,-1.2583575332140853,0.09530292716133437,0.030503716157808433,0.02463540798204192,2.8356296344831335,2390270.1,0.08366998135487888,0.022917961466749404,1
2024-11-25,257.44,281.0,252.05,263.34,2081690,243.82399999999998,235.746,234.233,1.0409464080637654,82.20932559535723,2.9539323429563353,-0.4158995579800012,0.022917961466749404,0.030186822203479482,0.025037375226910373,-0.6216962091659104,2560215.0,0.10993392572339937,-0.09998481051112629,0
2024-11-26,260.0,280.0,237.01,237.01,9780616,245.042,236.70700000000002,234.017,1.0471119619514822,53.0775379696243,2.5227784297669302,0.1718360395693851,-0.09998481051112629,0.04729484387435918,0.03373268972616073,3.6984017793235306,3506572.8,0.18138475169824061,-0.0150204632715919,0
2024-11-27,221.0,238.0,221.0,233.45,10801776,245.256,237.6,233.74050000000003,1.0492661733845867,51.94263363754889,1.87224156410835,0.5119171444771781,-0.0150204632715919,0.04739927906818641,0.03383054355586211,0.10440651181888749,4412051.1,0.0728207324908974,-0.02574427072178198,0
2024-11-28,232.0,232.0,225.6,227.44,3149852,243.73600000000002,237.706,233.5185,1.0437545633429473,49.23989618094179,0.861795397975726,0.5818927951768876,-0.02574427072178198,0.0483439379839005,0.03366230260523371,-0.7083949898609265,4453253.0,0.02813928948294058,-0.0002638058389026199,0
2024-11-29,226.5,231.07,225.2,227.38,2225444,237.724,237.391,233.311,1.0189146675467509,49.55840278641622,0.05552794134220562,0.4766198244099512,-0.0002638058389026199,0.04798208649851404,0.033661340496678384,-0.2934766458868544,4306974.6,0.025815814935350536,0.046705954789339366,1
2024-12-02,228.36,240.99,228.0,238.0,2528738,232.656,238.24,233.5755,0.9960633713724256,55.868024800708596,0.2703836041924035,0.43537258036644166,0.046705954789339366,0.05017165087364593,0.03526412739375356,0.1362847144210324,4396787.5,0.054579831932773146,-0.008109243697479007,0
2024-12-03,238.0,242.0,234.9,236.07,974532,232.46800000000002,238.75499999999997,233.82149999999996,0.9942113963001694,56.46189996643168,0.2816764043833473,0.4046333451698228,-0.008109243697479007,0.05033088875032021,0.0352831926651079,-0.6146172517674824,3981664.2,0.03007582496717073,-0.00800609988562706,0
2024-12-04,237.07,241.5,233.5,234.18,1588932,232.61399999999998,238.935,233.911,0.9944551560208796,54.36241610738256,0.13654482157704706,0.35101564045126765,-0.00800609988562706,0.05044093366411742,0.03533571367593789,0.6304564652571696,4006890.0,0.034161755914253994,0.04236057733367482,1
2024-12-05,235.0,245.5,233.03,244.1,2804890,235.946,239.84099999999998,234.59250000000003,1.0057695791638692,57.129347483450665,0.8126207060270474,0.4433366535664236,0.04236057733367482,0.05201220690862393,0.0364348194241314,0.7652674878471828,4143916.4,0.051085620647275704,0.04408029496108168,1
2024-12-06,246.1,260.0,241.5,254.86,2929183,241.442,239.583,235.902,1.0234843282379973,62.081784386617116,2.1913967328066803,0.792948669414475,0.04408029496108168,0.04404458357932898,0.037420413231152215,0.044312967709963624,3886565.3,0.07258887232205917,-0.029192497841952547,0
2024-12-09,257.0,257.0,239.0,247.42,2625079,243.32600000000002,237.99099999999999,236.86849999999998,1.0272619618058123,57.43645213628989,2.6531569049809605,1.164990316527772,-0.029192497841952547,0.04410046477464293,0.038210784558493846,-0.10381870985868757,3940904.2,0.07275078813353812,-0.0156818365532293,0
2024-12-10,245.0,254.0,240.95,243.54,3208349,244.82,238.644,237.6755,1.0300598925846374,54.922371206774876,2.675183741812873,1.4670290015847922,-0.0156818365532293,0.029699361907137633,0.038450787728061396,0.2221914083347587,3283677.5,0.05358462675535851,0.006405518600640647,1
2024-12-11,243.54,248.75,243.11,245.1,1000996,247.004,239.80900000000003,238.7045,1.0347689297855718,54.48066987350793,2.7863992550935563,1.730903052286545,0.006405518600640647,0.029010698711089956,0.038248036568945674,-0.6880027702721867,2303599.5,0.02301101591187265,-0.01481028151774788,0
2024-12-12,246.5,246.5,239.42,241.47,1861976,246.478,241.212,239.45899999999997,1.02931190725761,41.45897957000749,2.5522074292582886,1.8951639276808938,-0.01481028151774788,0.02789719468683353,0.03849446698541638,0.8601233171760927,2174811.9,0.029320412473599258,-0.05570050109744473,0
2024-12-13,241.5,242.01,227.5,228.02,4247367,241.10999999999999,241.27599999999998,239.33350000000002,1.0074226967808517,32.521773555027735,1.2667043471450938,1.769472011573734,-0.05570050109744473,0.03416195767496132,0.04054258829658946,1.2811072752817436,2377004.2,0.06363476887992277,-0.015568809753530477,0
2024-12-16,228.1,228.92,223.5,224.47,2128923,236.51999999999998,239.923,239.08149999999995,0.989286080269699,41.98824431382572,-0.038082447640420014,1.4079611197309032,-0.015568809753530477,0.03032557962032916,0.04068636130965629,-0.4987664122266807,2337022.7,0.024145765581146644,0.0027175123624538777,1
2024-12-17,221.1,230.3,221.1,225.08,3652286,232.82799999999997,238.824,238.7895,0.9750344969104586,44.442969061213674,-1.0112563472855811,0.9241176263276064,0.0027175123624538777,0.030412135309838113,0.0406649231925667,0.7155557058662996,2604798.1,0.04087435578460999,-0.045805935667318276,0
2024-12-18,227.0,229.44,212.0,214.77,2786799,226.76200000000003,236.88299999999998,237.90900000000002,0.9531459507626866,42.042456977766626,-2.584640384360455,0.22236602418999418,-0.045805935667318276,0.03314482002071313,0.04185829505639058,-0.23697131057096843,2724584.8,0.08120314755319642,-0.01569120454439632,0
2024-12-19,212.96,217.5,210.0,211.4,3411719,220.748,233.613,236.72699999999995,0.9325003062599536,40.36420646406176,-4.056725993073115,-0.6334523792626279,-0.01569120454439632,0.02800653153120703,0.04180182556255904,0.2242429396594443,2785267.7,0.035477767265846734,0.033680227057710566,1
2024-12-20,211.99,226.5,211.5,218.52,1696946,218.848,229.97899999999998,234.781,0.9321367572333367,37.7360866280534,-4.595861715077945,-1.4259342464256912,0.033680227057710566,0.025712349459991953,0.03591899595435032,-0.5026126125862065,2662044.0,0.0686436024162548,0.01116602599304417,1
2024-12-23,226.0,226.0,216.57,220.96,2240088,218.14600000000002,227.333,232.66199999999998,0.9376090637921106,40.5479794820468,-4.771243130152044,-2.094996023170962,0.01116602599304417,0.026389464074591192,0.03548812809801904,0.32007029098156337,2623544.9,0.042677407675597426,0.003530050687907238,1
2024-12-24,221.8,225.1,219.01,221.74,5939131,217.478,225.15300000000002,231.89849999999996,0.937815466680466,42.10860187769602,-4.792054858427775,-2.634407790222325,0.003530050687907238,0.026702468905442072,0.028181937382997083,1.651293609893897,2896623.1,0.027464598178046376,-0.003292143952376758,0
2024-12-26,223.1,225.35,220.0,221.01,3519507,218.72600000000003,222.744,231.2765,0.9457337861823403,33.41950308774955,-4.811983650000741,-3.0699229621780084,-0.003292143952376758,0.026252812857798763,0.028039158277549204,-0.40740370939789006,3148474.2,0.024207049454775777,0.03986244966291119,1
2024-12-27,222.5,232.97,220.77,229.82,3683307,222.41,221.579,231.3955,0.9611682163222708,31.50118203309694,-4.069967932287227,-3.2699319561998523,0.03986244966291119,0.03048614687041497,0.028981415900169415,0.04654060923873704,3330607.3,0.05308502306152636,0.05969889478722479,1
2024-12-30,234.0,246.9,233.01,243.54,6024573,227.414,223.131,232.2035,0.9793736959175895,47.37696051919957,-2.3477622510895912,-3.0854980151778,0.05969889478722479,0.030795585592757933,0.03181557887919116,0.6356423724658302,3508327.9,0.057033752155703436,-0.006446579617311321,0
2024-12-31,244.99,244.99,238.0,241.97,1984119,231.61599999999999,224.881,232.402,0.9966179292777171,48.904396371249135,-1.096942845580486,-2.6877869812583377,-0.006446579617311321,0.030180767730858357,0.0302339015401558,-0.6706623025399476,3493847.5,0.028887878662644167,0.014505930487250351,1
2025-01-01,239.11,250.0,239.11,245.48,1592767,236.36399999999998,226.921,232.87250000000003,1.014993182964927,50.25815217391303,0.1755446413064874,-2.115120656745373,0.014505930487250351,0.030184255567704463,0.03028791229151719,-0.19724220170261964,3287895.6,0.044362066156102276,0.008432458856118652,1
2025-01-02,241.3,252.5,241.3,247.55,2777521,241.67199999999997,230.19899999999998,233.541,1.0348161564778775,54.219877845641314,1.3356354684538019,-1.424969431705538,0.008432458856118652,0.023307494809692835,0.030213884085714234,0.7438338438704468,3286967.8,0.04524338517471213,-0.005574631387598616,0
2025-01-03,247.0,249.5,240.4,246.17,909251,244.942,233.676,233.64449999999997,1.0483533744641969,65.13256628314153,2.119232151051193,-0.7161291151541918,-0.005574631387598616,0.022034061251931015,0.028813785321848282,-0.6726393787841748,3036721.0,0.036966324084981905,-0.016695779339480743,0
2025-01-06,246.17,247.0,241.0,242.06,802312,244.64600000000002,236.02999999999997,233.0045,1.0499625543712676,64.52998513133983,2.381147134270776,-0.09667386526919819,-0.016695779339480743,0.023159929924180638,0.02716867019221017,-0.11761218849360633,2947257.6,0.024787242832355613,0.015450714698834966,1
2025-01-07,243.0,247.5,240.0,245.8,1286956,245.41199999999998,238.51399999999998,232.92350000000002,1.0536163160866119,66.27395538799874,2.857563179422641,0.4941735436691697,0.015450714698834966,0.023212810990317585,0.026665527493317277,0.6040592687134183,2851944.4,0.03051261187957689,-0.017615947925142428,0
2025-01-08,247.0,249.44,240.0,241.47,637784,244.60999999999999,240.487,232.82,1.0506399793832144,73.14493758668513,2.8528456856878393,0.9659079720729036,-0.017615947925142428,0.024867722610191018,0.026728859402263733,-0.504424393685565,2321809.7,0.039093883298132265,-0.026835631755497524,0
2025-01-09,241.5,242.06,234.5,234.99,1735396,242.098,241.885,232.3145,1.0421131698624064,69.40286231288039,2.2997155047196713,1.2326694786022572,-0.026835631755497524,0.02715268234176544,0.027330582810707008,1.7209776350614,2143398.6,0.032171581769437005,-0.0071492403932083,0
2025-01-10,234.0,236.43,232.0,233.31,1018318,239.52599999999998,242.234,231.9065,1.0328559139135816,63.36043360433602,1.706126724705058,1.3273609278228173,-0.0071492403932083,0.024688281944647218,0.027191228676005316,-0.41320712966953943,1876899.7,0.018987613047019018,0.014058548712014174,1
2025-01-13,233.91,240.39,233.91,236.59,1616945,238.43200000000002,241.53900000000004,232.33499999999998,1.0262422794671489,63.90816871329416,1.4832736722752884,1.3585434767133115,0.014058548712014174,0.015177430364680998,0.024159930459768112,0.5878586060542974,1436136.9,0.02738915423306137,0.003423644279132665,1
2025-01-14,237.0,238.98,234.01,237.4,1409923,236.752,241.08200000000002,232.9815,1.0161836884044442,63.92742796157949,1.3563856833656587,1.358111918043781,0.003423644279132665,0.015233834021379275,0.023798563957405552,-0.12803280259996475,1378717.3,0.02093513058129738,0.0002527379949452957,1
2025-01-15,237.99,238.99,236.0,237.46,1221962,235.95,240.28000000000003,233.60049999999995,1.0100577695681303,64.80648064806482,1.2463009549223045,1.335749725419486,0.0002527379949452957,0.014168205776478194,0.023806870986113126,-0.13331295396982668,1341636.8,0.012591594373789308,-0.004632359134169928,0
2025-01-16,238.47,238.47,235.5,236.36,1308848,236.22400000000002,239.161,234.68,1.006579171637975,56.83528428093647,1.0581000884220373,1.280219798019996,-0.004632359134169928,0.013563225162822927,0.020981633232160037,0.07110368407528211,1194769.5,0.01256557793196818,0.002411575562700996,1
2025-01-17,236.36,238.0,235.5,236.93,682012,236.948,238.23700000000002,235.9565,1.0042020457160536,40.47275872009227,0.9440612318942101,1.2129880847948389,0.002411575562700996,0.01372910379476717,0.020424838049081347,-0.4789219221788932,1172045.6,0.010551639724813235,0.015827459587219872,1
2025-01-20,238.5,241.86,237.0,240.68,1984007,237.76600000000002,238.09900000000002,237.0645,1.002959110284332,48.25061025223761,1.1431013160174643,1.199010731039364,0.015827459587219872,0.014162578796964425,0.01951732813314781,1.9090499873902513,1290215.1,0.020192787103207634,0.021979391723450092,1
2025-01-21,241.9,248.19,240.5,245.97,1218550,239.48000000000002,238.11599999999999,238.315,1.0048884879256448,50.63389391979304,1.7080119082391718,1.3008109664793257,0.021979391723450092,0.015098171646671871,0.019843625964580974,-0.38581365892358244,1283374.5,0.03126397528153839,-0.011912021791275373,0
2025-01-22,246.0,251.0,242.0,243.04,1236807,240.596,238.27300000000005,239.38000000000002,1.0050797894560948,44.29258415590987,1.8974089601708783,1.4201305652176364,-0.011912021791275373,0.014445114105848103,0.020223534036559212,0.014982561240818981,1343276.8,0.03703094140882159,-0.003209348255431177,0
2025-01-23,243.04,245.5,241.0,242.26,501047,241.776,239.0,240.44250000000002,1.0055460245172962,44.97558468260088,1.9619518474658548,1.52849482166728,-0.003209348255431177,0.010940240451378324,0.02022180148005428,-0.5948866718897936,1219841.9,0.018575084619829936,0.009659044002311656,1
2025-01-24,243.77,245.5,242.5,244.6,1001560,243.31,240.129,241.1815,1.0088253037650068,53.41949380721593,2.1768278777115597,1.658161432876136,0.009659044002311656,0.01047087308910889,0.018521139958553097,0.9989342317187808,1218166.1,0.012264922322158627,-0.010874897792313987,0
2025-01-27,245.0,246.0,239.5,241.94,443230,243.56199999999998,240.664,241.10150000000004,1.010205245508634,44.64780920687741,2.10817715636324,1.748164577573557,-0.010874897792313987,0.010974019393763464,0.013151065592488022,-0.5574603618355365,1100794.6,0.02686616516491692,-0.012606431346614877,0
2025-01-28,240.03,243.5,237.37,238.89,794683,242.14600000000002,240.81299999999996,240.9475,1.004974112617894,46.2909718228867,1.7870613244650713,1.75594392695186,-0.012606431346614877,0.01192040722389776,0.013374131604925212,0.7929359474764794,1039270.6,0.02566034576583363,-0.008120892460965257,0
2025-01-29,238.89,241.9,236.03,236.95,162586,240.92800000000003,240.76200000000003,240.52099999999996,1.0016921599361388,53.240740740740705,1.360351640505428,1.6768254696625737,-0.008120892460965257,0.01224420821426892,0.012984367423507222,-0.7954077286163161,933333.0,0.024773158894281513,0.001899134838573513,1
2025-01-30,237.0,239.0,236.0,237.4,1229658,239.956,240.86599999999999,240.01350000000002,0.9997604301424711,57.04929334712169,1.0464297896480446,1.550746333659668,0.001899134838573513,0.012152269885373828,0.012797224891918266,6.563123516169904,925414.0,0.012636899747262004,0.013689974726200482,1
2025-01-31,238.0,242.89,236.06,240.65,814223,239.166,241.23799999999997,239.7375,0.9976161426560299,57.0048309178744,1.0478137550487077,1.4501598179374762,0.013689974726200482,0.012852066288327952,0.01323265851522248,-0.3378459701803266,938635.1,0.028381466860585847,0.012341574901308938,1
2025-02-03,245.0,249.4,243.0,243.62,1013776,239.502,241.532,239.8155,0.9986927450477555,59.98715478484264,1.2738802378549394,1.4149039019209688,0.012341574901308938,0.012465762937064102,0.013016888195060717,0.24508396348420525,841612.0,0.026270421147689047,-0.014859206961661653,0
2025-02-04,244.37,246.5,239.11,240.0,588996,239.724,240.93500000000003,239.52549999999997,1.0008287217853633,53.65994236311238,1.1477057701064837,1.361464275558072,-0.014859206961661653,0.011031236458909481,0.012936779966503496,-0.41900774924638184,778656.6,0.03079166666666661,-0.016125000000000056,0
2025-02-06,240.0,241.0,235.07,236.13,1729512,239.56,240.244,239.2585,1.0012601433177923,49.69308780357617,0.7270539133792795,1.2345822031223135,-0.016125000000000056,0.01150517558553007,0.012840619905680185,1.936373082329931,827927.1,0.025113285054842702,0.003684411129462495,1
2025-02-07,236.5,238.7,235.0,237.0,312403,239.47999999999996,239.718,239.35899999999998,1.0005055168178343,50.09266613714587,0.45859956507874244,1.0793856755135993,0.003684411129462495,0.01168443079338321,0.011339325041011546,-0.8193692787329605,809062.7,0.015611814345991513,0.0006329113924050667,1
2025-02-10,238.0,238.86,234.0,237.15,421383,238.78000000000003,238.973,239.55100000000002,0.9967814786830362,44.834650278021655,0.2550116903124149,0.9145108784733625,0.0006329113924050667,0.011001091542861347,0.01119611789612831,0.34884428126490463,751045.0,0.02049335863377615,0.0014758591608685645,1
2025-02-11,235.0,239.0,235.0,237.5,344587,237.55599999999998,238.529,239.59650000000002,0.9914835984665885,35.51146082791654,0.12051963241503927,0.7557126292616979,0.0014758591608685645,0.010712491509071092,0.010761462470432033,-0.18224750405213308,741180.7,0.016842105263157894,0.0020210526315789235,1
2025-02-12,239.0,239.75,236.0,237.98,708868,237.152,238.43800000000002,239.62550000000002,0.9896776428218198,40.55265123226289,0.052065517168784936,0.6149832068431154,0.0020210526315789235,0.0100510161890053,0.010744227101664516,1.0571524752820043,732599.2,0.0157576266913186,0.00516850155475268,1
2025-02-13,239.44,240.49,236.9,239.21,1844800,237.76799999999997,238.664,239.71300000000002,0.99188613049772,44.39955930958506,0.09595969448668029,0.5111785043718284,0.00516850155475268,0.00978230264540655,0.010802128181796133,1.6024591320245802,900820.6,0.015007733790393392,-0.012039630450232042,0
2025-02-14,240.0,240.3,235.5,236.33,852505,237.63400000000001,238.55699999999996,239.71149999999997,0.9913333319427731,35.10983075261079,-0.10048742806463906,0.38884531788453497,-0.012039630450232042,0.010597894292030577,0.011107237437194028,-0.5378875758889853,863105.3,0.0203105826598401,-0.005923919942453337,0
2025-02-17,236.35,237.9,233.85,234.93,530609,237.19,237.98500000000004,239.61150000000004,0.9898940576725239,36.7785741229725,-0.3649347471226463,0.2380893048830987,-0.005923919942453337,0.009453492112627944,0.011170253331175491,-0.3775884012410484,834743.9,0.017239177627378414,-0.0013621078619162619,0
2025-02-18,234.5,236.0,230.0,234.61,425272,236.612,237.08399999999997,239.308,0.9887341835626056,41.000841042893256,-0.5934910825997122,0.07177322738653652,-0.0013621078619162619,0.007960546807118265,0.010500011878795647,-0.19852094480116245,775893.5,0.02557435744426921,0.009078896892715571,1
2025-02-19,235.99,238.65,234.01,236.74,755375,236.36399999999998,236.75799999999998,238.84650000000002,0.9896062952565767,49.56195244055073,-0.5958814755506978,-0.06175771320091035,0.009078896892715571,0.00784125801017673,0.00933071846135001,0.7762161628322579,792531.4,0.019599560699501625,-0.0005913660555885158,0
2025-02-20,236.74,237.7,235.55,236.6,688331,235.842,236.805,238.5245,0.9887537758175786,48.30938292476752,-0.6021317096228245,-0.16983251248529319,-0.0005913660555885158,0.0058799914897407855,0.009027876141706227,-0.08875591593579346,688413.3,0.009087066779374375,-0.008453085376162295,0
2025-02-21,236.6,237.2,232.5,234.6,867974,235.496,236.565,238.1415,0.9888910584673398,36.5015618027666,-0.7597108763787901,-0.2878081852639926,-0.008453085376162295,0.006320360570372039,0.009161309858632045,0.2609834512756217,743970.4,0.020034100596760394,0.023188405797101463,1
2025-02-24,235.95,242.0,232.75,240.04,1270099,236.51799999999997,236.85399999999998,237.91350000000003,0.9941344228049268,42.805466237942106,-0.44055254974736613,-0.3183570581606673,0.023188405797101463,0.009950031153328667,0.01044350497130438,0.4632915271655602,828842.0,0.03853524412597901,-0.004832527912014606,0
2025-02-25,239.99,240.8,238.0,238.88,1824302,237.37199999999999,236.99200000000002,237.7605,0.9983660027632848,47.5022301516503,-0.27801480039516946,-0.31028860660756774,-0.004832527912014606,0.010132859787632065,0.010224517342916023,0.43634630056397183,976813.5,0.011721366376423356,-0.009418955123911554,0
2025-02-26,239.4,240.0,236.02,236.63,822532,237.35,236.85700000000003,237.64750000000004,0.9987481458883428,51.20192307692308,-0.32698932953067583,-0.31362875119218936,-0.009418955123911554,0.010593121325929964,0.010050663646368035,-0.5491250900344351,988179.9,0.016819507247601697,0.010057896293792057,1
2025-02-27,239.9,239.9,237.0,239.01,1395752,237.83200000000002,236.837,237.75050000000002,1.0003427963348133,54.50470640968173,-0.1717757631322172,-0.28525815358019496,0.010057896293792057,0.01099017894736916,0.010139878170954698,0.6968968988440571,943275.1,0.012133383540437663,0.012091544286849887,1
2025-02-28,237.38,244.9,237.38,241.9,2170597,239.292,237.394,237.9755,1.00553208208408,59.48103792415169,0.1823291765034014,-0.1917406875634757,0.012091544286849887,0.010705700184273942,0.010465763136396654,0.5551451833850141,1075084.3,0.031087226126498595,0.004299297230260457,1
2025-03-03,242.0,243.87,241.5,242.94,1243582,239.872,238.195,238.09,1.0074845646604225,60.56721056721056,0.5406469591067662,-0.04526315822942732,0.004299297230260457,0.010304876039425766,0.010069203447445064,-0.42707835678387096,1146381.6,0.009755495183996068,8.232485387349442e-05,1
2025-03-04,242.0,243.1,241.97,242.96,226089,240.68800000000002,239.03000000000003,238.05700000000002,1.0110519749471765,59.84968354430383,0.8168144872535095,0.12715237086716003,8.232485387349442e-05,0.010240541084336596,0.009677315109137836,-0.818195342164811,1126463.3,0.004650971353309168,0.0011112940401711846,1
2025-03-05,243.0,244.9,241.69,243.23,739302,242.00799999999998,239.679,238.21850000000003,1.0159076646020353,58.26480263157892,1.045415092072119,0.31080491510815184,0.0011112940401711846,0.010071148700646562,0.009031985150359407,2.269960059976381,1124856.0,0.013197385190971541,-0.013074045142457691,0
2025-03-06,243.23,243.23,239.5,240.05,1293908,242.21600000000004,240.02399999999997,238.4145,1.0159449194574997,57.55483346872462,0.9589293540574033,0.44042980289800215,-0.013074045142457691,0.011237799431801561,0.008754223503940757,0.7501751652234134,1185413.7,0.015538429493855404,-0.005040616538221188,0
2025-03-07,241.99,241.99,238.6,238.84,585205,241.60399999999998,240.448,238.50650000000002,1.0129870674384136,58.00245599672534,0.7837176863358195,0.5090873795855657,-0.005040616538221188,0.010949930974570993,0.008823184163019403,-0.5477228674681662,1157136.8,0.014193602411656401,0.0009629877742420856,1
2025-03-10,239.0,241.5,236.49,239.07,1718709,240.83,240.35100000000003,238.60249999999996,1.0093356104818685,59.16187345932618,0.6558599103563836,0.5384418857397293,0.0009629877742420856,0.00799314933293082,0.008823904989553329,1.9369349202416246,1201997.8,0.020956205295520103,0.008909524407077374,1
2025-03-11,240.2,243.9,240.2,241.2,1766776,240.47799999999998,240.583,238.7875,1.0070795163063393,59.16187345932618,0.7181267820493247,0.5743788650016484,0.008909524407077374,0.008316596846717459,0.00902412035064558,0.027966921683659107,1196245.2,0.015339966832504217,-0.0048092868988390824,0
2025-03-12,242.9,243.5,239.03,240.04,1519352,239.84,240.92399999999998,238.89050000000003,1.0039746243571845,56.78233438485805,0.6661919746059084,0.5927414869225004,-0.0048092868988390824,0.007785867657483083,0.009104832441501716,-0.14004265396405657,1265927.2,0.01862189635060823,0.003999333444425934,1
2025-03-13,241.24,241.9,240.6,241.0,323714,240.03000000000003,241.123,238.98000000000002,1.0043936731107206,63.15789473684213,0.6944915759011678,0.6130915047182339,0.003999333444425934,0.007260397830570166,0.009076789462441018,-0.7869394320736736,1158723.4,0.005394190871369341,0.0032780082987551307,1
2025-03-14,241.75,243.48,240.65,241.79,1053094,240.61999999999998,241.112,239.25300000000001,1.0057136169661403,54.44839857651247,0.7717691373045739,0.6448270312355019,0.0032780082987551307,0.006202441197989249,0.00860483222397115,2.253161741537283,1046973.1,0.011704371562099277,0.006079655899747793,1
2025-03-17,241.51,243.6,241.31,243.26,2204251,241.458,241.144,239.66949999999997,1.0074623596243995,60.96096096096097,0.9407841026513495,0.7040184455186714,0.006079655899747793,0.006363907801409841,0.008501430114423511,1.0931189428484065,1143040.0,0.009413795938501982,0.006289566718737261,1
2025-03-18,243.5,245.44,242.87,244.79,2126714,242.176,241.327,240.17850000000004,1.0083167310979124,71.18380062305299,1.1845333307418002,0.8001214225632972,0.006289566718737261,0.006652749095679003,0.008524826516408261,-0.03517612104973522,1333102.5,0.010498794885411958,0.01107071367294421,1
2025-03-19,244.0,248.5,243.85,247.5,2294747,243.66799999999998,241.754,240.7165,1.0122613115428314,71.6692189892803,1.5781883290378573,0.9557348038582093,0.01107071367294421,0.007411612956050439,0.008620997101549463,0.07901062390147429,1488647.0,0.01878787878787881,-0.026141414141414132,0
2025-03-20,242.0,244.0,240.6,241.03,1585100,243.67399999999998,241.852,240.93800000000002,1.0113556184578603,48.12257229175657,1.3524970789388817,1.0350872588743438,-0.026141414141414132,0.010728593867848323,0.010706568887407857,-0.3092484705285593,1517766.2,0.014106127867900284,-0.00489565614238896,0
2025-03-21,242.0,242.85,239.4,239.85,713313,243.286,241.95300000000003,241.20049999999998,1.008646333651879,43.37194337194336,1.0661293236882727,1.0412956718371296,-0.00489565614238896,0.01072043091368496,0.010570244212327783,-0.5499886442495742,1530577.0,0.014383989993746044,-0.01821972065874511,0
2025-03-24,239.85,242.0,234.9,235.48,812469,241.73000000000002,241.59399999999997,240.9725,1.003143512226499,36.47866955892982,0.48101351175472473,0.9292392398206487,-0.01821972065874511,0.01223283547802791,0.010072097446355633,0.13900770068679535,1439953.0,0.03015118056735177,0.015457788347205792,1
2025-03-25,236.0,241.49,236.0,239.12,715765,240.596,241.38600000000002,240.98449999999997,0.9983878631198273,43.377376732194676,0.30747817748479633,0.8048870273534783,0.015457788347205792,0.012999856542544003,0.010660871321510565,-0.11902484894808296,1334851.9,0.022959183673469424,0.02417196386751419,1
2025-03-26,240.0,245.9,240.0,244.9,1155936,240.07599999999996,241.872,241.39799999999997,0.9945235668895351,57.210823669342844,0.6290960417749147,0.7697288302377656,0.02417196386751419,0.015069719508785962,0.011678945718129012,0.6149658058161547,1298510.3,0.02409146590445082,0.010208248264597763,1
2025-03-27,245.0,247.99,243.0,247.4,550356,241.35,242.512,241.81750000000002,0.9980667238723416,62.256586483390606,1.0733368637483807,0.8304504369398887,0.010208248264597763,0.015282659443850197,0.011684598814984157,-0.5238871356199651,1321174.5,0.020169765561843207,0.03662085691188355,1
2025-04-03,247.45,258.0,244.5,256.46,1421036,244.67199999999997,243.97899999999998,242.5455,1.008767427142536,69.87428571428569,2.1318920733999676,1.0907387642319046,0.03662085691188355,0.018676063324231,0.013899966421304479,1.5820305402321408,1357968.7,0.05263978788115106,0.03458629025968962,1
2025-04-04,256.7,277.0,256.7,265.33,3876121,250.642,246.18599999999998,243.66500000000002,1.0286335747850532,73.89582095464448,3.644527726848935,1.6014965567553108,0.03458629025968962,0.02074020419281775,0.015593554500871947,1.7276726275759375,1525155.7,0.07650849885048812,-0.031847133757961776,0
2025-04-07,266.0,266.0,241.0,256.88,2160581,254.19400000000002,247.39499999999998,244.36100000000002,1.0402396454426033,64.57251644167533,4.114033976965942,2.104004040797437,-0.031847133757961776,0.024450885215965775,0.01758095875655378,-0.4425919624284175,1528542.4,0.09732170663344752,0.0146371846776705,1
2025-04-08,256.88,263.49,256.0,260.64,1526036,257.342,248.70899999999997,245.23149999999995,1.0493839494518447,66.2099702872235,4.734940195981068,2.630191271834163,0.0146371846776705,0.02457333711915272,0.0177662527673006,-0.2936918356682763,1451671.3,0.028736955187231468,-0.00295426642111718,0
2025-04-09,259.0,260.9,250.03,259.87,648391,259.83599999999996,250.59300000000002,246.2225,1.0552894231843148,64.92734478203437,5.1060212485316185,3.125357267173654,-0.00295426642111718,0.022243916345262793,0.017406474848575305,-0.5751142174889714,1358000.4,0.041828606610997715,-0.010813098857120895,0
2025-04-10,267.0,267.9,255.0,257.06,1214827,259.956,252.314,247.1335,1.051884912405643,61.147011308562206,5.114406446415586,3.5231671030220406,-0.010813098857120895,0.02269266895366877,0.017612967217897832,0.8736025021938922,1408151.8,0.05018283669182283,-0.0045125651598848515,0
2025-04-11,255.0,258.79,253.89,255.9,384202,258.07,254.356,247.975,1.0407097489666297,59.02811636600034,4.970156599214533,3.8125650022605395,-0.0045125651598848515,0.021362648556107897,0.01770220115853698,-0.6837393307853711,1365325.1,0.01914810472840967,0.008753419304415644,1
2025-04-14,257.45,259.9,255.0,258.14,853512,258.322,256.258,248.82199999999997,1.038179903706264,58.71274156567311,4.9791898346072685,4.0458899687298855,0.008753419304415644,0.02122673332986475,0.01769975059910814,1.2215188885013615,1379099.8,0.01898194778027418,-0.008212597815139056,0
2025-04-15,258.51,261.0,255.0,256.02,1009297,257.398,257.37,249.621,1.0311552313306973,63.21636395697408,4.760407442569033,4.188793463497715,-0.008212597815139056,0.020934196303598312,0.017800399916115546,0.182522331261892,1364435.9,0.023435669088352474,-0.011444418404812029,0
2025-04-16,256.02,259.4,250.2,253.09,988044,256.04200000000003,257.93899999999996,250.22549999999995,1.023245032980252,61.32398221005818,4.301014885358768,4.211237747869926,-0.011444418404812029,0.021409426219790684,0.018104401584639652,-0.021057230924098613,1408204.7,0.03635070528270571,-0.0006716978150065334,0
2025-04-17,252.99,254.8,252.0,252.92,420150,255.21400000000003,257.585,250.78199999999998,1.0176727197326765,66.07077036490972,3.878516273466289,4.144693452989198,-0.0006716978150065334,0.01773457191014753,0.01811821799496177,-0.5747659011137156,1308116.1,0.011070694290684847,0.010793926933417852,1
2025-04-18,253.0,259.0,251.0,255.65,1281552,255.164,256.617,251.4015,1.014966100043158,65.49203373945643,3.721077004622174,4.059970163315794,0.010793926933417852,0.013478149677745788,0.018198983008890817,2.050224919671546,1048659.2,0.03129278310189713,0.09133581067866214,1
2025-04-21,257.0,281.0,256.8,279.0,5496803,259.33599999999996,258.829,253.112,1.0245899048642497,74.0411731528483,5.417999776842606,4.3315760860211565,0.09133581067866214,0.03043961432243651,0.026934797305302523,3.289176716980661,1382281.4,0.08673835125448025,-0.032616487455197185,0
2025-04-22,280.0,280.44,268.5,269.9,2414444,262.11199999999997,259.755,254.23199999999997,1.0309953113691432,64.51238390092878,5.959828162179463,4.657226501252818,-0.032616487455197185,0.03297609837201124,0.028314566216009286,-0.5607548605980603,1471122.2,0.04423860689144127,-0.002593553167839935,0
2025-04-23,270.0,272.5,265.9,269.2,824645,265.334,260.688,255.64049999999997,1.037918483182438,59.21052631578949,6.260578855395778,4.97789697208141,-0.002593553167839935,0.032967883961457285,0.027440173963240666,-0.6584534576076314,1488747.6,0.024517087667162048,-0.014858841010401136,0
2025-04-24,260.0,270.0,260.0,265.2,1073742,267.78999999999996,261.50199999999995,256.908,1.0423575754744887,49.89889562918028,6.105775793324312,5.20347273632999,-0.014858841010401136,0.033193939710654985,0.02773512395876757,0.3020657373779021,1474639.1,0.037707390648567124,0.02417043740573166,1
2025-04-25,265.2,272.86,265.2,271.61,2091238,270.98199999999997,263.073,258.7145,1.0474171335584206,61.831325301204835,6.426248883800213,5.448027965824035,0.02417043740573166,0.03365140137457943,0.027454129287231493,0.947616839054447,1645342.7,0.028202201686241393,0.02083870255145226,1
2025-04-28,273.4,279.95,271.61,277.27,1580632,270.63599999999997,264.986,260.62199999999996,1.03842346386721,62.96180826188621,7.055608155440268,5.769544003747281,0.02083870255145226,0.033958304312756475,0.027562262798720403,-0.24416446143384918,1718054.7,0.030078984383452863,-0.01915100804270209,0
2025-04-29,270.27,276.4,268.0,271.96,1992907,271.048,266.58,261.975,1.0346330756751598,58.800407628475746,7.044700369341285,6.0245752768660825,-0.01915100804270209,0.03469507309737843,0.027906416095738792,0.2608292126187499,1816415.7,0.030886895131636925,-0.028496837770260353,0
2025-04-30,270.0,271.9,263.0,264.21,1636928,270.05,267.692,262.8155,1.0275269152694573,54.855357870433224,6.337639279157315,6.087188077324329,-0.028496837770260353,0.0360711781796235,0.028895537182772026,-0.17862298642134333,1881304.1,0.0336853260663865,0.03417735891904172,1
2025-05-02,267.0,274.51,264.0,273.24,674314,271.658,269.724,263.6545,1.0303560151637845,60.63803680981595,6.431792108452953,6.156108883550055,0.03417735891904172,0.037143240167011905,0.02875373738530371,-0.588061295304375,1906720.5,0.03846435368174495,-0.004428341384863255,0
2025-05-05,275.0,275.99,269.0,272.03,422772,271.742,271.36199999999997,263.9895,1.0293666982967125,58.63054554492356,6.3357375774629645,6.1920346223326375,-0.004428341384863255,0.03734378878299871,0.0278468906107822,-0.3730339278140451,1820842.5,0.025695695327721244,-0.009851854574862928,0
2025-05-06,271.44,274.48,267.5,269.35,643335,270.158,270.397,264.61299999999994,1.020955130700306,58.225348636307565,5.9744898671150395,6.148525671289119,-0.009851854574862928,0.0227687604731991,0.026873532746132814,0.5217067355454004,1335495.7,0.025914237980323065,-0.02398366437720456,0
2025-05-07,250.01,272.0,250.01,262.89,1779567,268.34399999999994,269.696,264.7255,1.01366887587331,55.79470198675495,5.108048044282725,5.940430145887841,-0.02398366437720456,0.0216700657308214,0.02735428637027982,1.7661591550280957,1272008.0,0.08364715280155202,-0.037354026398874085,0
2025-05-08,261.0,269.0,236.6,253.07,2366753,266.116,268.08299999999997,264.3855,1.0065453665197222,50.07960938329265,3.58763866121717,5.469871848953707,-0.037354026398874085,0.02432650243308033,0.028651778104933908,0.32996004084139563,1426218.8,0.12802781839016875,0.012526178527680232,1
2025-05-09,253.0,258.0,245.0,256.24,1243316,262.716,267.187,264.3445,0.993839478407911,50.311674590596944,2.608427450425438,4.897582969248053,0.012526178527680232,0.024742986916185303,0.02870399357433935,-0.4746743745545057,1443176.2,0.05073368716827974,0.09990633780830449,1
2025-05-12,280.0,281.86,270.01,281.84,5642903,264.678,268.21,265.6415,0.9963729311873333,51.46542827657378,3.8536787530766787,4.688802126013778,0.09990633780830449,0.040567299435059614,0.03629126390588156,3.5385911546219946,1798342.7,0.04204513198978152,-0.021004825432869523,0
2025-05-13,289.9,289.9,274.5,275.92,1823012,265.992,268.075,266.53049999999996,0.9979795933298443,53.21169440887753,4.313135713808208,4.613668843572664,-0.021004825432869523,0.04084247293565533,0.036755414110819666,-0.6769372076748439,1822580.7,0.05581327921136553,0.015656712090460934,1
2025-05-14,277.45,284.0,275.0,280.24,1864130,269.46200000000005,268.903,267.7415,1.0064259743073078,55.67084446270805,4.9685719569590105,4.684649466249933,0.015656712090460934,0.04048854005991731,0.03672707849631829,0.022554980438965755,1809703.0,0.0321153297173851,0.01912646303168719,1
2025-05-15,282.0,287.0,281.0,285.6,3181215,275.96799999999996,271.04200000000003,269.367,1.0245056001663155,60.334346504559285,5.853046826014975,4.918328938202942,0.01912646303168719,0.03905414749017595,0.036636247934805154,0.7065413892807906,1964131.7,0.021008403361344536,0.0035714285714285587,1
2025-05-16,286.49,288.33,285.0,286.62,1555553,282.044,272.38,271.052,1.0405531042014078,58.04308219912121,6.560677600050099,5.246798670572374,0.0035714285714285587,0.03800135067939598,0.03660372985822302,-0.5110192175002318,2052255.6,0.011618170399832475,-0.0021282534366060535,0
2025-05-19,287.99,287.99,283.6,286.01,368736,282.87800000000004,273.778,272.57,1.0378178082694356,54.95128030818039,6.991662649792147,5.595771466416329,-0.0021282534366060535,0.03794205745547247,0.03664518366872856,-0.7629550391404214,2046852.0,0.01534911366735424,0.005069752805845873,1
2025-05-20,287.0,288.9,284.0,287.46,4055565,285.186,275.58900000000006,272.993,1.0446641488975907,59.18246445497631,7.365321447740541,5.949681462681172,0.005069752805845873,0.037556279584958815,0.030696186225643383,9.998559945326738,2388075.0,0.017045849857371384,0.004974605162457513,1
2025-05-21,288.9,292.49,287.69,288.89,756808,286.916,278.18899999999996,273.9425,1.0473584785128267,65.80430327868854,7.688212854136168,6.297387740972171,0.004974605162457513,0.035972977550982714,0.02960094936836045,-0.8133902427898456,2285799.1,0.016615320710305,-0.009034580636228418,0
2025-05-22,289.02,290.99,284.5,286.28,663619,287.052,281.51,274.79650000000004,1.0445984574039333,59.09852079263185,7.645370362233734,6.566984265224484,-0.009034580636228418,0.032802875685196166,0.029709107128206687,-0.12313426919377168,2115485.7,0.02267011317591173,0.005763588095570871,1
2025-05-23,286.28,293.5,284.53,287.93,833300,287.31399999999996,284.679,275.933,1.0412455197457353,61.02635228848823,7.656301511173638,6.784847714414315,0.005763588095570871,0.032880285475980035,0.029395101652759104,0.2556903886115376,2074484.1,0.031153405341576172,-0.011252735039766648,0
2025-05-26,285.0,289.5,283.5,284.69,618593,287.05,284.96400000000006,276.587,1.037828965208054,60.55601431323973,7.319152963919464,6.891708764315346,-0.011252735039766648,0.012246622295513324,0.029215248233415307,-0.25765870634825394,1572053.1,0.021075555867786012,0.01612280023885626,1
2025-05-27,284.51,290.81,284.5,289.28,1855820,287.41399999999993,286.3,277.1875,1.0368937993235623,68.63963836700098,7.337749937279568,6.9809169989081905,0.01612280023885626,0.010279146163156642,0.02908025838580454,2.0000662794438346,1575333.9,0.021812776548672575,0.004251935840708043,1
2025-05-29,290.0,294.9,287.5,290.51,495333,287.738,287.32699999999994,278.115,1.0346007946353126,80.09646302250803,7.366818791766491,7.058097357479851,0.004251935840708043,0.009545655634264754,0.02863012401160578,-0.7330921102262073,1438454.2,0.0254724450104987,0.04399160097759114,1
2025-05-30,290.0,312.99,288.3,303.29,2194180,291.14,289.096,280.069,1.039529544505104,82.76006127280323,8.325128363894237,7.311503558762729,0.04399160097759114,0.015442892141585169,0.028929002314636697,3.4297068840557765,1339750.7,0.0814072340004616,0.007220811764317991,1
2025-06-02,307.5,310.0,300.0,305.48,1495296,294.65,290.982,281.681,1.0460414440448593,74.4214876033058,9.15576830372197,7.680356507754577,0.007220811764317991,0.015418733345029245,0.028230636830805903,-0.31851716814481945,1333725.0,0.032735367290821,0.012897734712583375,1
2025-06-03,306.0,311.0,296.66,309.42,6196558,299.596,293.323,283.55049999999994,1.0565878035834888,86.08358466178366,10.0165173357384,8.147588673351342,0.012897734712583375,0.01521550302555331,0.028160919433222246,3.144034358414655,1916507.2,0.04634477409346511,0.0034257643332686882,1
2025-06-04,309.42,313.5,308.0,310.48,921729,303.83600000000007,295.625,285.607,1.063825466462657,85.03243744207595,10.66130341682549,8.650331622046172,0.0034257643332686882,0.015259505661705391,0.027902435914708416,-0.85125145282268,1603123.6,0.017714506570471526,-0.021064158721978976,0
2025-06-05,310.0,310.8,303.0,303.94,811330,306.522,297.13,287.6595,1.0655723172709402,70.68110058637792,10.523271959935585,9.024919689624054,-0.021064158721978976,0.017810453961386537,0.027736267550181427,-0.11977381638203854,1608575.8,0.02566295979469636,0.017832466934263325,1
2025-06-10,306.97,311.0,301.12,309.36,1162076,307.736,299.438,290.47400000000005,1.0594270055151234,73.32786212556417,10.727569001290362,9.365449551957315,0.017832466934263325,0.017441802318863296,0.02569516642261339,0.43230991088706205,1658421.5,0.03193690199120764,0.004848719937936341,1
2025-06-11,312.44,316.65,309.5,310.86,1271575,308.812,301.731,293.20500000000004,1.0532289694923347,75.03526093088854,10.885037406895549,9.669367122944962,0.004848719937936341,0.017456757045965277,0.025718953181327917,0.09422705571752621,1702249.0,0.023000707714083437,0.0004181946857106933,1
2025-06-12,311.89,316.69,310.0,310.99,741331,309.126,304.361,294.6625,1.0490849700929028,74.35313599668802,10.894734449385055,9.914440588232981,0.0004181946857106933,0.016397380593075345,0.01465990963397376,-0.41699781766706645,1714522.8,0.02151194572172738,-0.014984404643236249,0
2025-06-13,310.0,310.0,303.0,306.33,861190,308.296,306.066,296.183,1.040897012995344,66.91889794334493,10.406437437667364,10.012839958119859,-0.014984404643236249,0.017786641722536505,0.014150032635862009,0.1616808146428519,1615059.8,0.02285117357098554,0.006920641138641326,1
2025-06-16,305.05,309.9,305.05,308.45,299491,309.198,307.86,297.59350000000006,1.0389944672850715,71.71400587659154,10.074393483328208,10.02515066316153,0.006920641138641326,0.017779454805515984,0.013948048341091287,-0.6522358596825324,1595475.6,0.015723780191278864,-0.004506402982655144,0
2025-06-17,308.5,311.9,305.5,307.06,744928,308.738,308.23699999999997,298.6665,1.0337215589964057,68.83244733215196,9.588553992226878,9.9378313289746,-0.004506402982655144,0.011978773526134634,0.013677700373904476,1.4873134751962498,1450550.4,0.020842832019800615,0.006904188106559017,1
2025-06-18,307.0,310.0,305.5,309.18,1070346,308.402,308.60699999999997,299.7945,1.0287113339304088,74.65270787195487,9.267756054842835,9.803816274148247,0.006904188106559017,0.011961793888217515,0.013696123229662571,0.43684490313157776,1408055.4,0.01455462837182224,-0.003557798046445515,0
2025-06-19,309.2,313.0,306.0,308.08,1181477,307.82,308.47299999999996,300.898,1.0230044732766583,70.3551320918146,8.823053898147805,9.60766379894816,-0.003557798046445515,0.01129779574813592,0.01373283027651291,0.1038271736429155,906547.3,0.022721371072448714,0.000551804726045324,1
2025-06-20,308.1,311.89,307.0,308.25,746532,308.204,308.25,301.9375,1.020754295176982,69.65868794326238,8.387654158308067,9.363661870820142,0.000551804726045324,0.011226662415072518,0.013748204648372026,-0.3681366628381255,889027.6,0.015863746958637424,-0.011321978913219843,0
2025-06-23,305.0,310.0,300.05,304.76,1871653,307.466,308.332,302.73100000000005,1.0156409485648974,52.05135361428965,7.672538645233544,9.025437225702824,-0.011321978913219843,0.009558418268149592,0.01413896808668654,1.5071303038583745,995059.9,0.03264864155400968,0.0516143850899069,1
2025-06-24,312.0,322.0,308.05,320.49,2391204,310.15200000000004,309.445,304.4415,1.018757298200147,65.20153939639454,8.27964143532921,8.876278067628101,0.0516143850899069,0.018358209871351464,0.01756287643770169,0.27758938221988805,1117972.7,0.04352709912945798,-0.000904864426347185,0
2025-06-25,320.0,325.0,318.0,320.2,763581,312.356,310.379,306.055,1.0205878028458937,61.78915135608042,8.637802978163904,8.828583049735261,-0.000904864426347185,0.018407909059298292,0.017626863271951038,-0.680670908881049,1067173.3,0.021861336664584636,-0.001374141161773923,0
2025-06-26,321.0,323.5,318.0,319.76,469802,314.69199999999995,311.256,307.8085,1.0223629301984838,60.28824833702876,8.784877657271863,8.819841971242582,-0.001374141161773923,0.01844575412240261,0.01726835307039829,-0.3847384887785317,1040020.4,0.01720040030022517,0.02977232924693518,1
2025-06-27,320.0,334.01,320.0,329.28,970170,318.898,313.551,309.8085,1.0293390917292458,76.35191347753735,9.55942474025079,8.967758525044225,0.02977232924693518,0.01903537637834265,0.017947341411455504,1.0650614514199601,1050918.4,0.04254737609329444,0.008412293488824218,1
2025-06-30,334.0,336.88,330.97,332.05,791117,324.35600000000005,315.91099999999994,311.8855,1.0399842249800009,74.97248514197659,10.278292970616064,9.229865414158592,0.008412293488824218,0.01903696156415217,0.01794223190723999,-0.18455837636702843,1100081.0,0.017798524318626618,0.04008432464990208,1
2025-07-01,333.0,348.0,332.1,345.36,1458511,329.33,319.741,313.989,1.0488583994980716,80.13626834381544,11.786143658558956,9.741121063038666,0.04008432464990208,0.021016248461182923,0.017533196296625555,0.8436097315567734,1171439.3,0.04603891591382898,0.03405142460041688,1
2025-07-02,347.0,366.0,347.0,357.12,1987911,336.71400000000006,324.535,316.571,1.063628696248235,83.49063452882235,13.771312788331272,10.547159408097187,0.03405142460041688,0.022012029110784103,0.018573970312178976,0.3629729223845415,1263195.8,0.053203405017921146,-0.01596102150537626,0
2025-07-03,360.0,362.0,346.2,351.42,1350085,343.046,328.869,318.671,1.0764895456442538,82.24860534973536,14.715005835436841,11.380728693565118,-0.01596102150537626,0.02345905413709484,0.01928104560368961,-0.3208523922851677,1280056.6,0.0449604461897445,0.011894599055261468,1
2025-07-04,351.99,357.0,350.0,355.6,903721,348.31000000000006,333.604,320.927,1.0853247000096595,82.75670418229817,15.620121404132817,12.228607235678659,0.011894599055261468,0.023034205945132873,0.019301617749127926,-0.330619183236611,1295775.5,0.01968503937007874,0.009505061867266518,1
2025-07-07,358.99,364.89,355.65,358.98,1092919,353.696,339.026,323.679,1.092736939993018,85.10005408328823,16.420880081554117,13.06706180485375,0.009505061867266518,0.02130386248325163,0.01813919889995295,0.20935443571633283,1217902.1,0.025739595520641843,0.009526993147250362,1
2025-07-08,360.1,364.5,355.6,362.4,1261516,357.104,343.217,326.331,1.0942999592438352,85.35742758437412,17.133943090000344,13.880438061883071,0.009526993147250362,0.017450846616840727,0.018009145177594235,0.15426303321655133,1104933.3,0.02455849889624718,0.002400662251655694,1
2025-07-09,363.0,364.5,359.0,363.27,732003,358.334,347.524,328.9515,1.0893216781197228,86.77862188457948,17.566753787899813,14.61770120708642,0.002400662251655694,0.01719818266805355,0.018040660225005223,-0.4197433881139835,1101775.5,0.015140253805709252,0.03171194978941294,1
2025-07-10,363.27,395.0,363.0,374.79,2005892,363.008,353.02700000000004,332.1415,1.092931777570704,88.51586015281315,18.624633921149837,15.419087749899104,0.03171194978941294,0.017343637831658675,0.018696162857985876,1.7402783868372125,1255384.5,0.08538114677552762,0.0016809413271432483,1
2025-07-11,375.11,381.0,374.0,375.42,848725,366.972,357.64099999999996,335.596,1.0934933670246367,92.30124521072797,19.2914672572158,16.193563651362446,0.0016809413271432483,0.017164302608195094,0.01790018408494042,-0.5768839997367754,1243240.0,0.018645783389270684,0.001065473336529621,1
2025-07-14,380.0,380.0,373.5,375.82,2460758,370.34,362.018,338.9645,1.09256279049871,90.57046487754802,19.625978078837647,16.880046536857485,0.001065473336529621,0.017551091697908087,0.018007133619151693,1.8993584494388642,1410204.1,0.017295513809802564,-0.026209355542546886,0
2025-07-15,376.0,377.78,365.25,365.97,1535602,371.054,364.079,341.90999999999997,1.08523880553362,79.43408360128622,18.87864635128966,17.27976649974392,-0.026209355542546886,0.018508662290116766,0.019522423813102794,-0.37596382903154235,1417913.2,0.034237779052927755,-0.024974724704210804,0
2025-07-16,365.94,365.94,352.51,356.83,2749610,369.766,364.05000000000007,344.29249999999996,1.0739879608182,71.44013880855987,17.348871962455405,17.29358759228622,-0.024974724704210804,0.017960893900781368,0.0209510267970899,0.7905746410853853,1494083.1,0.0376369699857075,0.01146204074769508,1
2025-07-17,356.0,363.75,353.0,360.92,1091216,366.992,365.0,346.93449999999996,1.0578135065840961,69.52604295235746,16.278890638298037,17.090648201488584,0.01146204074769508,0.017324522748044188,0.020806324364547848,-0.6031378995566644,1468196.2,0.029784993904466362,-0.013964313421256813,0
2025-07-18,360.92,365.0,355.05,355.88,661170,363.084,365.02799999999996,349.316,1.0394141694053523,64.30543882819065,14.853020476769643,16.643122656544797,-0.013964313421256813,0.017742112713745473,0.02133186004522265,-0.39409796044046275,1443941.1,0.027958862537934105,-0.0006181859053612238,0
2025-07-21,356.15,358.7,353.01,355.66,1000294,359.052,364.696,351.861,1.0204370475841313,57.33618233618235,13.549070686663072,16.02431226256845,-0.0006181859053612238,0.01743972098805955,0.020967972764031884,0.5129149840434382,1434678.6,0.015998425462520376,0.002052522071641416,1
2025-07-22,355.8,361.9,355.7,356.39,1126535,357.13599999999997,364.095,353.656,1.0098400705770578,49.38313334460029,12.431285857529247,15.305706981560611,0.002052522071641416,0.01710529463745393,0.018295406694507434,0.12620389605455995,1421180.5,0.017396672184965878,-0.0056960071831420045,0
2025-07-23,358.0,358.87,353.51,354.36,472835,356.642,363.20400000000006,355.364,1.0035963125133667,52.64864864864865,11.251924115529505,14.494950408354391,-0.0056960071831420045,0.017089695609696684,0.01841439914059013,-0.5802749137843032,1395263.7,0.015125860706626068,-0.009171464047860955,0
2025-07-24,354.6,358.0,350.12,351.11,789082,354.67999999999995,360.83599999999996,356.9315,0.9936920669652298,45.88601795858529,9.940436436007985,13.584047613885112,-0.009171464047860955,0.012237349072989491,0.018642951494975454,0.6688316220245962,1273582.7,0.022443108997180355,0.0114494033208965,1
2025-07-25,353.0,359.5,351.51,355.13,632227,354.53000000000003,358.807,358.22400000000005,0.989688016436643,46.513312805651125,9.120320032553764,12.691302097618843,0.0114494033208965,0.013301046670289045,0.017784267322190538,-0.1987816221888219,1251932.9,0.022498803255146027,-0.012417987779123063,0
2025-07-28,355.0,358.0,349.89,350.72,1076008,353.54200000000003,356.297,359.15749999999997,0.9843647981735034,39.608540925266944,8.022048547994984,11.757451387694072,-0.012417987779123063,0.013249316823890625,0.018115139921290907,0.7019330082391293,1113457.9,0.023123859489051133,0.008325729927007197,1
2025-07-29,351.2,357.99,351.2,353.64,787333,352.992,355.06399999999996,359.5715,0.9817018312074233,41.73390557939913,7.303094552423374,10.866580020639933,0.008325729927007197,0.01207985142926695,0.0159455261485738,-0.2682833213135962,1038631.0,0.019200316706255008,0.020896957357764867,1
2025-07-30,355.0,364.0,352.8,361.03,922447,354.32599999999996,355.484,359.767,0.9848763227311009,37.287509238728674,7.246101028229873,10.142484222157922,0.020896957357764867,0.01166026737047017,0.01475023429525985,0.17160972549099296,855914.7,0.031022352713070907,-0.001606514694069694,0
2025-07-31,365.02,365.99,359.04,360.45,561432,356.194,355.437,360.21850000000006,0.9888276143507342,36.15683373404838,7.072603526047203,9.528508082935778,-0.001606514694069694,0.011105443227589296,0.014239937376718519,-0.39136665846384666,802936.3,0.019281453738382547,0.0070467471216535404,1
2025-08-01,360.45,364.05,358.02,362.99,499099,357.76599999999996,356.148,360.588,0.9921738937513171,38.58743995730296,7.058694046832329,9.03454527571509,0.0070467471216535404,0.010130465739780369,0.014091770470408188,-0.11102502173014717,786729.2,0.016612027879555992,-0.002038623653544236,0
2025-08-04,363.35,366.0,361.06,362.25,561631,360.072,356.80699999999996,360.7515,0.9981164319483079,46.050955414012705,6.908324009876765,8.609301022547426,-0.002038623653544236,0.010181492184382818,0.013966242794814001,0.12528977216944925,742862.9,0.01363699102829537,0.004472049689441038,1
2025-08-05,362.35,365.0,362.0,363.87,591958,362.11800000000005,357.555,360.825,1.003583454583247,58.893380495199644,6.841016157448621,8.255644049527666,0.004472049689441038,0.010214634757561071,0.013840333807039366,0.05399808771239489,689405.2,0.008244702778464836,0.02825184818753934,1
2025-08-06,364.5,376.0,363.81,374.15,2369276,364.742,359.534,361.369,1.009333949508674,64.4526982739786,7.530378766999718,8.110590993022077,0.02825184818753934,0.012671829467213994,0.0151889222922785,3.0024393622520513,879049.3,0.03258051583589469,-0.012401443271415125,0
2025-08-07,376.0,376.51,368.96,369.51,980582,366.554,361.374,361.105,1.01508979382728,65.02093894644045,7.614518945229236,8.011376583463509,-0.012401443271415125,0.013121137979152481,0.013715403009983158,-0.5861258882460296,898199.3,0.020432464615301377,0.0012990176179263901,1
2025-08-08,371.0,373.75,368.1,369.99,1024977,367.954,362.86,360.8335,1.0197334781831509,65.7023887793119,7.6319561909050435,7.935492504951816,0.0012990176179263901,0.01297559085022482,0.013712296659048238,0.045274133116863347,937474.3,0.015270682991432138,0.021568150490553828,1
2025-08-11,370.0,379.0,370.0,377.97,1409686,371.098,365.585,360.941,1.028140333184648,70.40468986384275,8.195225187478286,7.987439041457111,0.021568150490553828,0.012589473603527116,0.014585036187137104,0.37533427579350565,970842.1,0.023811413604254303,0.011111993015318733,1
2025-08-12,378.0,382.99,378.0,382.17,993638,374.758,368.438,361.75100000000003,1.0359556711660782,75.25885558583111,8.878182661289486,8.165587765423586,0.011111993015318733,0.012638514283240393,0.013337344382859226,-0.2951352286963196,991472.6,0.013057016510976814,0.012690687390428224,1
2025-08-13,384.4,400.01,381.22,387.02,5497643,377.332,371.03700000000003,363.2605,1.0387366641845177,81.69461606354815,9.698982019274979,8.472266616193865,0.012690687390428224,0.011945374208861463,0.011868846309419739,4.532842946827718,1448992.2,0.04855046250839741,0.01663996692677383,1
2025-08-15,387.02,394.6,387.02,393.46,2219737,382.122,374.338,364.8875,1.0472323661402487,82.44455730489256,10.745260923459966,8.926865477647086,0.01663996692677383,0.011871317635832565,0.012091454876458407,-0.5962384243574929,1614822.7,0.019264982463274644,0.042342296548569136,1
2025-08-18,395.0,414.47,395.0,410.12,2567111,390.148,379.05100000000004,367.5995,1.061339854923633,91.64329781267529,12.771544840716444,9.695801350260957,0.042342296548569136,0.01585092781956459,0.013996854635106462,0.15649331429804514,1821623.9,0.04747391007510004,0.035721252316395224,1
2025-08-19,412.01,431.0,412.01,424.77,4244422,399.508,385.303,371.055,1.0766813545161769,92.8236002408188,15.382205518444835,10.833082183897734,0.035721252316395224,0.016514562951310863,0.015231408876877442,0.6533846802884644,2189903.0,0.044706547072533395,0.0032723591590744228,1
2025-08-20,427.9,429.97,425.0,426.16,1050185,408.306,391.532,374.5435,1.0901430674941628,92.26476314081768,17.363182339816717,12.13910221508153,0.0032723591590744228,0.01661304465409027,0.015204429889181989,-0.7525729062755777,2235725.7,0.011662286465177462,-0.029589825417683513,0
2025-08-21,426.16,426.45,409.0,413.55,2686806,413.61199999999997,395.47200000000004,377.50300000000004,1.0956522199823575,79.80466995958689,17.71143275724694,13.253568323514614,-0.029589825417683513,0.021300592402680386,0.017230896519258333,1.5584120892985522,2267478.7,0.04219562326199973,-0.010542860597267611,0
2025-08-22,414.1,415.9,407.01,409.19,1797562,416.758,399.44,380.407,1.0955581784772626,75.4125412541254,17.43463256854136,14.089781172519965,-0.010542860597267611,0.021087883444542876,0.017304948250622995,-0.33096695481549465,2349176.7,0.021725848627776795,-0.03120799628534421,0
2025-08-25,404.21,404.21,390.89,396.42,1499854,414.01800000000003,402.08299999999997,382.4715,1.0824806554213844,66.59865928300788,16.00039159370317,14.471903256756608,-0.03120799628534421,0.024829086428604204,0.01934340868940797,-0.16561765324367117,2396664.4,0.033600726502194624,-0.013066949195297939,0
2025-08-26,394.9,396.0,389.21,391.24,1783888,407.312,403.40999999999997,384.49750000000006,1.0593358864491966,62.85097192224622,14.281138504086925,14.433750306222672,-0.013066949195297939,0.025017194063464688,0.01937590309297168,0.18937443244475793,2434084.6,0.017355076168081025,0.00953379000102239,1
2025-08-27,391.0,395.9,391.0,394.97,1934069,401.07399999999996,404.68999999999994,386.56399999999996,1.037535828478596,60.41624974984993,13.068947183115881,14.160789681601315,0.00953379000102239,0.024970434652813865,0.01938653328889658,0.08418746019929513,2528127.7,0.012406005519406479,7.595513583313895e-05,1
2025-08-28,395.0,399.0,393.0,395.0,923414,397.36400000000003,405.488,388.2625,1.0234416148868357,63.36934857862163,11.97268392955607,13.723168531192266,7.595513583313895e-05,0.024776883613872477,0.019085321598862105,-0.5225537454971876,2070704.8,0.015189873417721518,-0.010303797468354414,0
2025-08-29,395.0,397.01,390.0,390.93,1393018,393.712,405.235,389.7865,1.0100708977863522,60.584310553983016,10.652675010903181,13.10906982713445,-0.010303797468354414,0.02450992816132709,0.01933353761071947,0.5085519604424451,1988032.9,0.017931599007494924,0.00181618192515276,1
2025-09-01,391.5,394.5,390.8,391.64,1420132,392.756,403.387,391.219,1.0039287457919988,57.45771958537914,9.553720159982447,12.39799989370405,0.00181618192515276,0.019500138452567914,0.019329001945098526,0.01946421367132367,1873335.0,0.00944745174139513,-0.0042385864569501885,0
2025-09-02,392.0,393.0,389.8,389.98,694935,392.504,399.908,392.6055,0.9997414707639094,54.38222421725957,8.451419690913724,11.608683853145985,-0.0042385864569501885,0.013542517875050137,0.0193712823800687,-0.5106546433711796,1518386.3,0.00820554900251292,-0.0035642853479667114,0
2025-09-03,390.0,392.0,387.5,388.59,1344833,391.228,396.151,393.8415,0.9933640817435441,50.91652072387623,7.380598301291059,10.763066742774999,-0.0035642853479667114,0.013049989842482774,0.019441406534363048,0.9351925000179873,1547851.1,0.01158032888134023,0.004709333745078537,1
2025-09-04,391.0,391.49,388.06,390.42,1041203,390.312,393.838,394.65500000000003,0.9889954517236573,48.12438302073053,6.603509197725771,9.931155233765155,0.004709333745078537,0.011482101354698647,0.018554470561216674,-0.22577524495606516,1383290.8,0.008785410583474224,0.0031504533579220784,1
2025-09-05,390.42,393.0,389.5,391.65,1341026,390.456,392.08399999999995,395.762,0.9865929523299357,35.924401768023145,6.017544695528159,9.148433126117755,0.0031504533579220784,0.01165283529904403,0.01822925138854029,0.28795825597890135,1337637.2,0.008936550491510278,0.006076854334226889,1
2025-09-08,392.01,394.94,392.01,394.03,1746896,390.93399999999997,391.845,396.96400000000006,0.9848097056660048,21.18485189351331,5.679737240011207,8.454693948896445,0.006076854334226889,0.0072067491175937005,0.018236114743809255,0.3026563243367393,1362341.4,0.007435982031825006,0.03126665482323698,1
2025-09-09,394.5,409.0,393.01,406.35,3480828,394.20799999999997,393.356,398.383,0.989520135146329,34.588454955655834,6.333138951614615,8.03038294944008,0.03126665482323698,0.011201546278605336,0.018865281468978066,0.9925788369771298,1532035.4,0.03935031376891844,-0.005044912021656245,0
2025-09-10,409.0,409.0,401.0,404.3,610346,397.35,394.28900000000004,399.4895,0.9946444149345602,41.388940606963324,6.609358082339611,7.746177976019986,-0.005044912021656245,0.011327928362477764,0.01888137608477378,-0.8246549384226971,1399663.1,0.019787286668315605,0.009918377442493131,1
2025-09-11,406.25,412.0,403.0,408.31,840953,400.928,395.62,400.55400000000003,1.0009337068160598,49.17541229385308,7.070334802054845,7.611009341226959,0.009918377442493131,0.011529891887481204,0.01881645151301281,0.3778299521910522,1391417.0,0.022042075873723397,-0.010188337292743266,0
2025-09-12,408.2,408.2,402.0,404.15,525628,403.428,396.942,401.0885,1.0058328772826943,58.63687150837984,7.019073430868104,7.4926221591551885,-0.010188337292743266,0.011514715753794329,0.018737619608032906,-0.3749615020102194,1304678.0,0.015340838797476157,0.003068167759495255,1
2025-09-15,403.5,408.0,403.5,405.39,211882,405.7,398.317,400.852,1.0120942392703542,67.33643714775785,6.997839326025257,7.393665592529203,0.003068167759495255,0.011502500218577594,0.016105975439106593,-0.5968974255557162,1183853.0,0.01110042181602901,0.026419003922149242,1
2025-09-16,407.99,417.45,406.0,416.1,1905419,407.65,400.929,400.4185,1.0180598548768351,72.1071353839715,7.755814436749233,7.46609536137321,0.026419003922149242,0.013170806514111134,0.015109730585891263,7.992830915320791,1304901.4,0.02751742369622684,-0.009973564047104144,0
2025-09-17,416.75,418.49,409.9,411.95,699558,409.18,403.265,399.70799999999997,1.0236972990282907,66.32633403968401,7.9302300997181305,7.558922309042194,-0.009973564047104144,0.013857416261097141,0.01520619695999709,-0.6328587045683916,1240373.9,0.020852045151110648,0.0015050370190556883,1
2025-09-18,413.2,415.5,411.5,412.57,496795,410.032,405.47999999999996,399.659,1.025954626318937,72.32769294263302,8.025966244782467,7.65233109619025,0.0015050370190556883,0.013925918188764158,0.013707913930123912,-0.289844444635041,1185933.1,0.009695324429793732,-0.0015027752866180188,0
2025-09-19,414.0,414.9,411.0,411.95,716016,411.592,407.51000000000005,399.797,1.029502472504796,70.99441802770305,7.960050503795401,7.7138749777112805,-0.0015027752866180188,0.014094319905746465,0.013490320411221038,0.44127054418824674,1123432.1,0.009467168345672964,-0.015026095399927164,0
2025-09-22,412.0,412.5,405.0,405.76,1164912,411.666,408.683,400.264,1.0284861991085883,64.91493383742903,7.323905116938988,7.635881005556823,-0.015026095399927164,0.015455020200791326,0.011882907927742605,0.6269357109338338,1065233.7,0.018483832807570977,-0.007541403785488954,0
2025-09-23,405.76,408.4,401.6,402.7,992505,408.986,408.318,400.837,1.0203299595596216,62.928348909657295,6.4979347412886455,7.408291752703188,-0.007541403785488954,0.012086065969583884,0.011593686676452044,-0.14800002060241457,816401.4,0.0168860193692574,-0.005984603923516185,0
2025-09-24,403.1,405.9,398.8,400.29,582324,406.654,407.91700000000003,401.103,1.013839338025395,58.948322756119666,5.584505703485263,7.043534542859604,-0.005984603923516185,0.012126007740670516,0.011547468392163713,-0.4132785225263349,813599.2,0.01773714057308443,0.009643008818606358,1
2025-09-25,403.0,405.0,400.29,404.15,357938,404.96999999999997,407.501,401.5605,1.00849062594553,60.816891658013134,5.113135309724896,6.657454696232662,0.009643008818606358,0.012098915800795498,0.011715796796080303,-0.38532844258522747,765297.7,0.011654088828405245,0.018062600519609173,1
2025-09-26,408.0,413.0,405.0,411.45,1590123,404.87,408.231,402.5865,1.0056720729582338,63.891547049441776,5.267894855243469,6.379542728034824,0.018062600519609173,0.012971058672065917,0.011962957334569022,3.442453721035487,871747.2,0.019443431765706648,0.0180580872524001,1
2025-09-29,413.0,420.0,411.8,418.88,1136965,407.494,409.58,403.94849999999997,1.0087771089631477,60.837225393530495,5.921818774322162,6.2879979372922925,0.0180580872524001,0.01395419440490106,0.012446422314644807,-0.28498298559293844,964255.5,0.01957601222307102,0.040823147440794516,1
2025-09-30,421.0,438.0,421.0,435.98,2409510,414.15,411.56800000000004,406.24850000000004,1.0194499179689278,71.7403239088663,7.730769779021216,6.576552305638078,0.040823147440794516,0.017007602462335385,0.014832942569213872,1.1192472943318394,1014664.6,0.03899261434010734,0.022592779485297365,1
2025-10-01,431.11,448.98,431.11,445.83,1376449,423.258,414.956,409.1105,1.0345811217262817,73.83735705209654,9.845694129950402,7.230380670500543,0.022592779485297365,0.016980975678695328,0.015123986791040066,-0.42874318844910375,1082353.7,0.04008254267321626,0.08644550613462543,1
2025-10-02,445.01,490.0,444.0,484.37,2882630,439.302,422.13599999999997,413.808,1.0616082821018444,85.47046338875133,14.464900454696078,8.67728462733965,0.08644550613462543,0.029766699470221442,0.0233034961405868,1.0942512218033507,1320937.2,0.09496872225777814,-0.05175795363048907,0
2025-10-03,482.0,484.1,455.0,459.3,3059262,448.872,426.871,417.1905,1.0759401280709893,69.6881162807684,15.919208538702492,10.125669409612218,-0.05175795363048907,0.036610152223772986,0.02719705106995414,0.06127459993131268,1555261.8,0.06335728282168522,-0.019116046157195754,0
2025-10-06,459.0,464.22,443.0,450.52,1806181,455.2,431.34700000000004,420.015,1.0837708177088914,62.750037042524795,16.17680936191323,11.33589740007242,-0.019116046157195754,0.03696097448598578,0.02788230978487883,-0.40960238122789094,1619388.7,0.0471011275859008,-0.012696439669714898,0
2025-10-07,451.99,455.0,442.0,444.8,1390259,456.96400000000006,435.55699999999996,421.9375,1.083013479484521,62.02856096667888,15.737985968566477,12.216315113771232,-0.012696439669714898,0.03728473918300787,0.02760702573840627,-0.23027703203610272,1659164.1,0.02922661870503597,-0.005418165467625968,0
2025-10-08,446.0,453.0,440.0,442.39,1085737,456.276,439.767,423.842,1.0765237989628211,60.77779384126066,15.022577486957914,12.77756758840857,-0.005418165467625968,0.03725715217838262,0.027614217129743615,-0.21903976165592165,1709505.4,0.02938583602703497,0.004588711318067817,1
2025-10-09,442.39,450.0,441.49,444.42,690401,448.28599999999994,443.79400000000004,425.6474999999999,1.053186028345051,61.61717352415028,14.452812124022842,13.112616495531423,0.004588711318067817,0.037306786841939145,0.027588604032114473,-0.3641176454334706,1742751.7,0.019148553170424354,0.0019351064308537058,1
2025-10-10,441.16,454.0,439.2,445.28,1389100,445.48199999999997,447.17699999999996,427.704,1.04156612984681,64.70019342359768,13.91031433683412,13.272156063791963,0.0019351064308537058,0.03727569650122011,0.027378965623477306,1.0120191019422045,1722649.4,0.033237513474667656,-0.033529464606539605,0
2025-10-13,439.0,447.48,425.1,430.35,1920374,441.44800000000004,448.32399999999996,428.95199999999994,1.0291314645927752,59.45040672636546,12.135761206280733,13.044877092289719,-0.033529464606539605,0.03932624367352499,0.028719568798502498,0.38245914620977617,1800990.3,0.05200418264203554,0.04396421517369564,1
2025-10-14,435.0,450.92,435.0,449.27,1180704,442.342,449.65299999999996,430.61050000000006,1.0272438781683213,65.04299754299754,12.116430278282735,12.859187729488323,0.04396421517369564,0.03966952562439068,0.029711311955195812,-0.3851697638064252,1678109.7,0.0354352616466713,0.020232822133683603,1
2025-10-15,451.98,461.79,448.01,458.36,1376376,445.53599999999994,450.90600000000006,432.9309999999999,1.0291154941549578,66.13104802713802,12.688334191922081,12.825017021975075,0.020232822133683603,0.03955149303825236,0.029717779635076408,0.1657248556793236,1678102.4,0.030063705384414063,-0.008661314250807295,0
2025-10-16,462.0,465.0,453.0,454.39,1019694,447.53000000000003,447.908,435.02200000000005,1.0287525688355992,63.035822707953855,12.675115500990898,12.79503671777824,-0.008661314250807295,0.026740741470633007,0.02988095973125048,-0.25914575668276696,1491808.8,0.026409031888906007,-0.0008142784832412264,0
2025-10-17,454.39,455.36,447.0,454.02,667864,449.27799999999996,447.38,437.1255,1.0278009404621784,61.14564831261101,12.490797546546275,12.734188883531848,-0.0008142784832412264,0.021379774192589327,0.02987315943746644,-0.3450348830139238,1252669.0,0.01841328575833667,0.0146469318532223,1
2025-10-20,455.0,462.49,452.01,460.67,641942,455.342,448.395,439.871,1.035171675332086,58.38711869012841,12.73452795207777,12.734256697241033,0.0146469318532223,0.02085190687464955,0.02954611988419251,-0.038813291328773536,1136245.1,0.02274947359281051,-0.005296633164738274,0
2025-10-21,460.67,465.0,450.1,458.23,594672,457.134,449.738,442.64750000000004,1.0327269441259692,54.43554156531693,12.585718122199864,12.704548982232799,-0.005296633164738274,0.020381666396720968,0.029493094436794612,-0.07363593595683104,1056686.4,0.03251642188420657,-0.007703554983305438,0
2025-10-22,459.01,460.2,452.25,454.7,754682,456.40199999999993,450.96900000000005,445.36800000000005,1.0247750175136066,35.84041233177436,12.044106795404332,12.572460544867106,-0.007703554983305438,0.020501063489212504,0.029535049970537835,0.26907269889956154,1023580.9,0.01748405542115678,-0.005168242797448763,0
2025-10-23,456.0,457.02,449.0,452.35,506623,455.994,451.762,447.77799999999996,1.0183483779908795,45.764777574649614,11.295048271044266,12.316978090102538,-0.005168242797448763,0.020645351584051293,0.02964549353622659,-0.32869340993955065,1005203.1,0.01772963413286168,-0.021244611473416608,0
2025-10-24,450.0,452.0,441.1,442.74,1025360,453.738,451.508,449.34250000000003,1.0097820704696305,45.30646718146719,9.812850871377066,11.816152646357445,-0.021244611473416608,0.021910992224666512,0.03010720240651424,1.0239112713003555,968829.1,0.024619415458282463,-0.008673261959615153,0
2025-10-27,442.0,442.0,435.0,438.9,529581,449.384,452.363,450.34349999999995,0.9978694041326234,46.358024691358004,8.233432955724652,11.099608708230887,-0.008673261959615153,0.01893793805663216,0.03004795264281592,-0.48351700866037295,829749.8,0.015948963317384372,-0.01825017088174985,0
2025-10-28,440.0,447.1,430.0,430.89,481239,443.916,450.525,450.08900000000006,0.9862849347573479,43.36027713625866,6.263194612057134,10.132325888996137,-0.01825017088174985,0.012934764645761447,0.02899414747254131,-0.0912834863788542,759803.3,0.03968530251340255,-0.006614217085566976,0
2025-10-29,431.0,435.0,426.5,428.04,645123,438.584,447.49300000000005,449.1995,0.9763679612288081,40.63143445435827,4.420834717593323,8.990027654715574,-0.006614217085566976,0.009708503516394127,0.028517540217049532,0.34054596572596973,686678.0,0.019857957200261657,-0.005443416503130627,0
2025-10-30,432.0,433.49,425.0,425.71,604303,433.25600000000003,444.625,446.2665,0.9708458958940455,38.992012599842504,2.7411415271434407,7.740250429201148,-0.005443416503130627,0.00969245813593582,0.019577028284300635,-0.06327475535673044,645138.9,0.01994315379013885,0.06755772709121244,1
2025-10-31,429.99,466.48,429.0,454.47,1455911,435.60200000000003,444.66999999999996,446.025,0.9766313547446893,61.74065420560747,3.688149522920355,6.92983024794499,0.06755772709121244,0.02543890997596628,0.022880667876221235,1.4092400666553035,723943.6,0.0824696899685348,-0.029704931018549097,0
2025-11-03,449.99,452.99,434.99,440.97,1072728,436.01599999999996,442.7,445.54749999999996,0.9786072192078286,45.734840698869505,3.3111540834530047,6.206095015046593,-0.029704931018549097,0.026518726729179366,0.02345464553637097,-0.26319122528780947,767022.2,0.04081910334036329,-0.011157221579699339,0
2025-11-04,443.0,443.7,435.0,436.05,431634,437.04800000000006,440.48199999999997,445.11,0.9818876232841321,38.02211961773866,2.5855747040019423,5.481990952837663,-0.011157221579699339,0.026613825223566593,0.023416099924713423,-0.5976295948273933,750718.4,0.019951840385276892,-0.021992890723540937,0
2025-11-05,430.0,438.0,425.0,426.46,898687,436.7320000000001,437.658,444.31350000000003,0.982936597695096,35.85822784810128,1.2226213474063456,4.6301170317514,-0.021992890723540937,0.02717428265364265,0.023879193020765067,1.0820579472423395,765118.9,0.03048351545279745,-0.010692679266519733,0
2025-11-06,429.97,432.93,416.99,421.9,658208,435.96999999999997,434.613,443.1875,0.9837145677619517,34.39867884204392,-0.22291329206206,3.6595109669887083,-0.010692679266519733,0.027210064476999616,0.023916332007649165,-0.26758927190445614,780277.4,0.0377814648020858,0.011780042664138568,1
2025-11-07,422.0,429.67,421.9,426.87,461153,430.45,433.026,442.267,0.9732808461856751,33.31029034169467,-0.9564471173770812,2.7363193501155503,0.011780042664138568,0.0272421477626778,0.02410928381966256,-0.29938104672079346,723856.7,0.018202262984046754,-0.0010776114507928813,0
2025-11-10,428.51,432.47,422.62,426.41,1842575,427.538,431.77699999999993,442.07,0.9671273780170562,33.97461724415797,-1.5569485803175667,1.877665764028927,-0.0010776114507928813,0.027182100711347194,0.022927211590592505,2.9955828109109124,855156.1,0.023099833493586037,-0.014657254754813387,0
2025-11-11,427.5,427.98,418.0,420.16,1087757,424.35999999999996,430.704,440.61449999999996,0.9631094755165797,33.06862745098043,-2.5082594292844647,1.0004807253662489,-0.014657254754813387,0.02697461207521636,0.020612154666655426,-0.40965388111745793,915807.9,0.023752856054836295,-0.007259139375476065,0
2025-11-12,423.49,423.9,414.0,417.11,756242,422.49000000000007,429.611,438.552,0.963374924752367,32.84323271665046,-3.4683091322723953,0.10672275383852003,-0.007259139375476065,0.026987105849915427,0.01987444150482801,-0.30476935565572094,926919.8,0.023734746230011212,0.01153173023902565,1
2025-11-13,418.0,422.86,418.0,421.92,587958,422.494,429.23199999999997,436.9285,0.9669637022991177,39.36670071501534,-3.7972562313965454,-0.6740730432084932,0.01153173023902565,0.027297044814181517,0.020163866402111257,-0.2225266515216029,925285.3,0.011518771331058053,0.007418467956010533,1
2025-11-14,422.0,426.45,420.5,425.05,1550393,422.13,426.2900000000001,435.48,0.969344171948195,42.874781356106624,-3.762018132631681,-1.2916620610931309,0.007418467956010533,0.014012880219518613,0.02030536872218368,1.636911139911354,934733.5,0.013998353134925276,0.004211269262439643,1
2025-11-17,426.5,433.0,425.8,426.84,1039943,422.216,424.87700000000007,433.7885,0.973322252664605,47.77399142574475,-3.5487459112903252,-1.7430788311325698,0.004211269262439643,0.011709366730830827,0.019956408965578112,-0.3292391026017274,931455.0,0.016868147315153192,-0.014712772935994711,0
2025-11-18,429.9,430.25,419.5,420.56,1072567,422.296,423.328,431.90500000000003,0.9777520519558699,46.03813559322033,-3.842179402703266,-2.162898945446709,-0.014712772935994711,0.012027839265015577,0.02010849229157869,0.03137095013861346,995548.3,0.025561156553167205,0.002948449686132726,1
2025-11-19,421.0,425.5,420.0,421.8,822743,423.23400000000004,422.86199999999997,430.26000000000005,0.9836703388648724,47.90483335119496,-3.9293745381099825,-2.516194063979364,0.002948449686132726,0.010228813383404894,0.02014884441636647,-0.23292157972415706,987953.9,0.013039355144618302,-0.004717875770507418,0
2025-11-20,422.5,426.6,418.01,419.81,1115016,422.812,422.65299999999996,428.633,0.9864196177149217,23.955515479410863,-4.111657056868921,-2.8352866625572757,-0.004717875770507418,0.009767128432484815,0.020147204087028452,0.3552421594592723,1033634.7,0.02046163740739866,-0.005002262928467727,0
2025-11-21,420.0,422.0,417.0,417.71,734517,421.34400000000005,421.73699999999997,427.3815000000001,0.9858732771540181,28.908233587232473,-4.375135872912324,-3.1432565046282854,-0.005002262928467727,0.008828233155181216,0.019718679969269806,-0.3412498116618954,1060971.1,0.01197002705226114,-0.010629384022407873,0
2025-11-24,418.0,420.89,410.0,413.27,991021,418.62999999999994,420.42299999999994,426.1,0.9824689040131422,29.16209293816317,-4.885894080662467,-3.491784019835122,-0.010629384022407873,0.009209989750210885,0.019754553148653476,0.34921451783961444,975815.7,0.026350811817939815,-0.0038231664529242426,0
2025-11-25,414.6,417.0,410.0,411.69,1009152,416.85599999999994,419.576,425.14,0.9805146539963305,34.16934619506968,-5.356420949063136,-3.8647114056807252,-0.0038231664529242426,0.008288854232282133,0.019422188634100408,0.018295273258588818,967955.2,0.01700308484539338,0.025407466783259114,1
2025-11-26,414.5,423.5,410.58,422.15,1831327,416.92600000000004,420.08000000000004,424.8455,0.9813591058396524,50.23786869647954,-4.829609567336433,-4.057691038011867,0.025407466783259114,0.011715955488217647,0.020329313674838097,0.8147186945078639,1075463.7,0.030605235106005015,0.04415492123652731,1
2025-11-27,422.15,443.0,422.15,440.79,4221656,421.122,421.967,425.5995,0.9894795459111208,60.51041981274541,-2.8748757546749175,-3.821127981344477,0.04415492123652731,0.01783630132751099,0.022593711757582482,1.3052442300037077,1438833.5,0.04730143605798685,0.009233421810839637,1
2025-11-28,442.0,454.0,442.0,444.86,2604630,426.552,423.94800000000004,425.11899999999997,1.0033708208760372,63.210654446512955,-0.9859546677786284,-3.2540933186313072,0.009233421810839637,0.017878194735159076,0.016671798110882576,-0.38303120860629103,1544257.2,0.026974778582025804,-0.007597895967270563,0
2025-12-01,446.0,447.0,438.0,441.48,1346244,432.1940000000001,425.412,425.1445,1.016581421140342,65.91995221027479,0.23557558170170978,-2.556159538564704,-0.007597895967270563,0.018299629194221883,0.015344069595755117,-0.48313426475161536,1574887.3,0.020385974449578688,0.007746670290839752,1
2025-12-02,442.0,447.39,440.2,444.9,1744655,438.83599999999996,427.846,425.587,1.031131120076506,70.63716025545818,1.4627508417594868,-1.7523774624998658,0.007746670290839752,0.01715485797453103,0.015191178349298293,0.2959426374416525,1642096.1,0.016160935041582374,-0.020701281186783493,0
2025-12-03,448.0,448.0,434.51,435.69,1260459,441.54400000000004,429.23499999999996,426.04850000000005,1.0363702723985648,59.59849435382685,1.6728425601323238,-1.067333457973428,-0.020701281186783493,0.01910652943301534,0.015090188743773412,-0.27753108780819136,1685867.7,0.03096238150978909,-0.003947761022745411,0
2025-12-04,435.71,438.5,432.1,433.97,400530,440.18,430.651,426.65199999999993,1.0317073399398107,56.342434584755416,1.6811726236992968,-0.517632241638883,-0.003947761022745411,0.01907166223594272,0.014884904188348091,-0.6822348049401051,1614419.1,0.014747563195612547,-0.001682143926999613,0
2025-12-05,438.97,439.5,431.99,433.24,2235212,437.85600000000005,432.204,426.9705,1.025494735584777,54.620271440947185,1.6103067461668275,-0.09204444407774093,-0.001682143926999613,0.018935927890809626,0.014699524355709665,4.580635657753477,1764488.6,0.017334502815991117,0.005955128796971687,1
2025-12-08,433.89,436.5,433.88,435.82,1259670,436.724,434.459,427.441,1.0217176171682174,61.63819402074436,1.7422459390269296,0.2748136325431932,0.005955128796971687,0.018243792309433533,0.014735256341911602,-0.4364427177377358,1791353.5,0.0060116561883346445,-0.003877747694002065,0
2025-12-09,438.0,438.0,433.3,434.13,2539306,434.57,436.703,428.13950000000006,1.0150196372911164,59.339494016058175,1.6909476321336,0.5580404324612747,-0.003877747694002065,0.018246890943544508,0.014316133605487415,1.0158501829844324,1944368.9,0.010826250201552505,0.0002533803238662369,1
2025-12-10,435.0,436.0,432.9,434.24,1105628,434.28000000000003,437.912,428.996,1.0123171311620622,61.25058474972713,1.6402615212384148,0.7744846502167028,0.0002533803238662369,0.016875138208297617,0.014165550664282793,-0.5645944206802962,1871799.0,0.007138909358879934,-0.007415254237288171,0
2025-12-11,434.24,435.1,429.85,431.02,1410189,433.68999999999994,436.93500000000006,429.451,1.0098707419472768,60.199233716475106,1.324991644938848,0.8845860491611319,-0.007415254237288171,0.008862879622292881,0.014135707450274995,0.27546426103535726,1590652.3,0.012180409261751195,0.001809660804603208,1
2025-12-12,429.26,432.97,429.26,431.8,2954712,433.40200000000004,435.629,429.7885,1.0084076237498212,65.04302646533532,1.1251079339356806,0.9326904261160417,0.001809660804603208,0.008074300973040849,0.01406046924283915,1.0952595715893403,1625660.5,0.008591940713293276,0.0004631773969430153,1
2025-12-15,432.0,433.0,431.3,432.0,1081892,432.63800000000003,434.68100000000004,430.04650000000004,1.0060260925272035,66.86596910812159,0.971636559970932,0.9404796528870198,0.0004631773969430153,0.007959821650212138,0.014038701945395983,-0.6338418092863196,1599225.3,0.003935185185185159,-0.0008333333333333526,0
2025-12-16,432.0,434.0,430.0,431.64,1972073,432.14,433.355,430.6005,1.0035752396943338,59.469167830772314,0.8116047249845906,0.914704667306534,-0.0008333333333333526,0.007202120829236391,0.013572362085628988,0.8228002425380723,1621967.1,0.009266981744045964,-0.004031137058659984,0
2025-12-17,432.5,433.0,427.0,429.9,1521535,431.27200000000005,432.776,431.00550000000004,1.0006183215759428,33.60433604336036,0.5381711821892736,0.8393979702830819,-0.004031137058659984,0.0037519473624746873,0.013619754427205345,-0.22845908848201868,1648074.7,0.013956734124214934,0.01100255873458944,1
2025-12-18,431.02,435.99,431.0,434.63,5916732,431.99399999999997,432.842,431.7464999999999,1.000573253054744,34.89813994685559,0.6951315554158555,0.8105446873096367,0.01100255873458944,0.005266246155367591,0.013723309057621274,2.8886598073655883,2199694.9,0.011481029841474378,0.009548351471366345,1
2025-12-19,436.49,444.1,435.56,438.78,14227920,433.39,433.396,432.8,1.0013632162661736,46.10277136258654,1.1412386107310795,0.8766834719939253,0.009548351471366345,0.005978070147901897,0.01372805317864574,1.4046923200171988,3398965.7,0.01946305665709472,0.001549751583937331,1
2025-12-22,438.75,443.5,435.25,439.46,1950734,434.88199999999995,433.76000000000005,434.1094999999999,1.0017795049405738,41.47335423197494,1.5319921314397789,1.007745203883096,0.001549751583937331,0.00575400341266475,0.013378249838942983,-0.8628939437387897,3468072.1,0.01877303963955764,0.0028443999453875435,1
2025-12-23,440.0,443.85,440.0,440.71,1737303,436.696,434.418,435.56050000000005,1.0026069857115143,60.48454469507095,1.9203945521495598,1.190275073536389,0.0028443999453875435,0.005528968481762477,0.01327775370787722,-0.1094106115954302,3387871.8,0.008735903428558515,-0.0017925620022235522,0
2025-12-24,441.0,442.0,439.5,439.92,1646026,438.7,434.986,436.44899999999996,1.0051575327243276,62.929161234245925,2.1397936617980235,1.380178791188716,-0.0017925620022235522,0.0056181464967165985,0.0122698563252258,-0.05253948217438176,3441911.6,0.005682851427532279,0.004750863793416826,1
2025-12-26,440.0,443.0,439.05,442.01,1785462,440.17600000000004,436.0849999999999,436.51000000000005,1.0083984330255893,67.99343455067702,2.4540260848924618,1.5949482499294654,0.004750863793416826,0.00477108399634582,0.007340957073820231,0.08471069108264384,3479438.9,0.008936449401597223,0.004502160584602288,1
2025-12-29,442.5,444.88,440.12,444.0,1758817,441.21999999999997,437.305,436.467,1.0108897121660974,67.19932716568545,2.8309999082866852,1.8421585816009094,0.004502160584602288,0.0048017177306813276,0.007105774225010937,-0.014923308365005772,3359849.4,0.0107207207207207,0.006981981981982077,1
2025-12-30,444.99,448.7,444.0,447.1,2979718,442.74799999999993,438.81499999999994,436.74800000000005,1.013737899200454,75.7443429932513,3.3413811099969166,2.142003087280111,0.006981981981982077,0.004890826721983572,0.007040702721367622,0.6941603361805122,3549632.0,0.010512189666741195,-0.006083650190114143,0
2025-12-31,448.0,449.9,443.5,444.38,1226754,443.48199999999997,440.08899999999994,436.72200000000004,1.0154789545752216,68.23741007194238,3.486193947690083,2.4108412593621056,-0.006083650190114143,0.005628230647168079,0.006986638705189148,-0.588298624232226,3475100.1,0.014402088302803855,0.016764930914982656,1
2026-01-01,447.35,454.0,445.0,451.83,2442504,445.86400000000003,442.282,437.529,1.0190501658175801,82.48517015298155,4.15422458750453,2.7595179249905906,0.016764930914982656,0.006539678297130934,0.006123375751079072,0.9910299864520515,3567197.0,0.019918996082597437,0.015448288072947847,1
2026-01-02,451.99,460.03,449.0,458.81,5582307,449.224,444.7,438.771,1.0238233611610612,85.32566047606589,5.187077942487292,3.245029928489931,0.015448288072947847,0.007118090645304106,0.006670311713484902,1.2854853052441264,3533754.5,0.02404045247488061,0.02175192345415322,1
2026-01-05,459.5,473.45,459.5,468.79,6136500,454.18199999999996,447.701,440.5485,1.0309466494608426,88.31493438866902,6.733306890778806,3.9426853209477057,0.02175192345415322,0.00875615977932474,0.007802239808342679,0.09927669689252139,2724612.5,0.02975746069668719,0.04974508841912151,1
2026-01-06,469.99,495.8,463.0,492.11,9414033,463.184,452.966,443.363,1.0447060309498086,92.60250810201494,9.728291885699207,5.099806633898006,0.04974508841912151,0.015940256177872338,0.012878622307341749,0.5341046198973356,3470942.4,0.06665176484932232,0.012497205909247855,1
2026-01-07,493.25,505.0,490.0,498.26,5036801,473.96000000000004,458.721,446.56949999999995,1.0613353576542959,95.3435924648448,12.454524666497775,6.5707502404179605,0.012497205909247855,0.015648039928918243,0.012725889059473227,-0.46496883960360025,3800892.2,0.03010476458074098,-0.02679324047685938,0
2026-01-08,499.94,499.94,478.0,484.91,4826989,480.576,463.21999999999997,449.10300000000007,1.0700796921864248,79.92857142857146,13.383572860382742,7.933314764410917,-0.02679324047685938,0.019660336564738614,0.01475457454358379,-0.04165580494444787,4118988.5,0.04524550947598523,-0.005733022622754769,0
2026-01-09,484.0,487.5,476.0,482.13,2364003,485.24000000000007,467.23199999999997,451.6585,1.0743515288652823,76.23139295655332,13.737173891370901,9.094086589802913,-0.005733022622754769,0.020239762699855026,0.01468087075876144,-0.5102530790934059,4176842.6,0.023852487918196337,-0.022068736647792075,0
2026-01-12,481.0,481.0,469.0,471.49,1670965,485.78000000000003,469.98099999999994,453.64300000000003,1.070842049805684,67.29668430716062,13.008887817172194,9.877046835276769,-0.022068736647792075,0.02250033662812699,0.015933133023746694,-0.29316291053776156,4168057.4,0.0254512290822711,0.01770981356974688,1
2026-01-13,474.2,482.0,462.0,479.84,3133109,483.326,473.25499999999994,456.035,1.0598440909140745,69.62584010432342,12.956140746877736,10.492865617596962,0.01770981356974688,0.022792898802962005,0.016166685277392633,0.8750296984078063,4183396.5,0.04168056018672891,0.005293431143714722,1
2026-01-14,480.5,484.0,476.1,482.38,1798889,480.15,477.055,458.57199999999995,1.0470547700252089,70.92862776025235,12.96978744967413,10.988249984012397,0.005293431143714722,0.02232851598675535,0.016100504461827234,-0.42584538233428837,4240610.0,0.01637713006343542,-0.00852025374186327,0
2026-01-15,480.17,485.0,477.2,478.27,1748995,478.822,479.69900000000007,460.9905,1.0386808404945438,67.52368064952637,12.504812217395795,11.291562430689076,-0.00852025374186327,0.02271212603674307,0.01627358453040803,-0.027736008169486848,4171259.1,0.016308779559662975,0.022351391473435456,1
2026-01-16,481.15,491.9,480.1,488.96,2208410,480.18799999999993,482.71400000000006,463.70700000000005,1.035541839998102,70.04279600570612,12.850773933218761,11.603404731195013,0.022351391473435456,0.023134445034550328,0.016669693111644898,0.2626737069002485,3833869.4,0.02413285340314127,0.02300801701570676,1
2026-01-19,491.0,503.5,488.98,500.21,3833022,485.93199999999996,485.85600000000005,466.7785,1.0410333809290702,72.07214695370291,13.87281489082119,12.05728676312025,0.02300801701570676,0.023228929997889176,0.017085406938970947,0.7356478190191134,3603521.6,0.029027808320505354,-0.016912896583434867,0
2026-01-20,500.5,501.0,490.6,491.75,2309687,488.31399999999996,485.82000000000005,469.39300000000003,1.0403095061068228,68.79016263387545,13.840592679360725,12.413947946368346,-0.016912896583434867,0.018628346544473453,0.017860122374646514,-0.39742401687232687,2893087.0,0.02114895780376203,-0.02633451957295374,0
2026-01-21,491.74,491.75,476.9,478.8,2443507,487.59799999999996,483.87399999999997,471.2975,1.0345864342586157,60.2508551881414,12.624571372041487,12.456072631502975,-0.02633451957295374,0.019765664588018535,0.01925080051840275,0.05793858648379624,2633757.6,0.03101503759398501,0.003947368421052699,1
2026-01-22,479.0,483.32,478.6,480.69,779255,488.082,483.45200000000006,473.33599999999996,1.0311533456149544,58.650956824292265,11.678747597109918,12.300607624624366,0.003947368421052699,0.01811373842275449,0.019197458419257202,-0.6810915622504867,2228984.2,0.009819218207160479,0.011857954190850561,1
2026-01-23,482.5,488.5,480.0,486.39,1283687,487.56800000000004,483.878,475.555,1.025261010818938,57.202488132263866,11.259327288008421,12.092351557301178,0.011857954190850561,0.01842494376130957,0.0192657561053675,0.6473259716010806,2120952.6,0.01747568823372191,-0.01936717448960701,0
2026-01-26,486.39,488.5,473.99,476.97,1307586,482.91999999999996,484.42599999999993,477.20349999999996,1.0119791661209525,43.00886590321389,10.050957219190934,11.68407268967913,-0.01936717448960701,0.01806486204032736,0.020020833005320957,0.018617466718912068,2084614.7,0.030421200494790007,0.015912950500031497,1
2026-01-27,479.97,487.9,479.97,484.56,1317985,481.48199999999997,484.898,479.07649999999995,1.0050211187566078,43.756835581480125,9.595157795254863,11.266289710794277,0.015912950500031497,0.017891644668781178,0.020194917445680853,0.0079528229883159,1903102.3,0.016365362390622317,-0.0016716196136701278,0
2026-01-28,486.85,486.85,481.6,483.75,552403,482.47200000000004,485.035,481.04499999999996,1.0029664584394393,49.40316937641488,9.064088072282118,10.825849383091846,-0.0016716196136701278,0.017846797042624027,0.020100273320392725,-0.5808730751867435,1778453.7,0.010852713178294573,-0.013622739018087748,0
2026-01-29,484.5,485.46,470.45,477.16,2076460,481.76599999999996,484.924,482.31149999999997,0.9988689881953883,47.53936033270622,8.01901534833155,10.264482576139788,-0.013622739018087748,0.0182004670454053,0.020267748459778058,2.7589585863943533,1811200.2,0.031456953642384086,0.024121887836365152,1
2026-01-30,479.0,490.5,478.05,488.67,1532149,482.22200000000004,484.895,483.8045,0.9967290506805951,58.43314353033578,8.027018025027473,9.816989665917326,0.024121887836365152,0.018449855957197118,0.020639213235310237,-0.26213411286516475,1743574.1,0.02547731598010925,0.0039699592772217684,1
2026-02-02,489.0,492.85,483.0,490.61,1081757,484.95,483.93499999999995,484.89549999999997,1.0001123953511633,55.64169722367735,8.096569774290401,9.472905687591942,0.0039699592772217684,0.01672422676168372,0.020183130411412356,-0.29396096593738597,1468447.6,0.02007704694156259,0.014838670226860362,1
2026-02-03,490.61,499.5,489.0,497.89,1803162,487.616,484.549,485.18449999999996,1.0050114956269214,57.74029344245934,8.639534024860552,9.306231355045664,0.014838670226860362,0.016551451586971182,0.01716316671250282,0.6668826732805981,1417795.1,0.021088995561268555,0.03247705316435345,1
2026-02-04,498.0,518.79,497.89,514.06,4411444,493.67800000000005,488.075,485.9745000000001,1.0158516547678942,65.9420935412027,10.256391668186325,9.496263417673797,0.03247705316435345,0.01605663276965736,0.018419941923517032,1.446504529265812,1614588.8,0.04065673267711936,-0.02571684239193861,0
2026-02-06,516.0,517.3,495.13,500.84,2363863,498.41400000000004,490.09,486.771,1.023918844795602,55.17511761630948,10.351691626140337,9.667349059367105,-0.02571684239193861,0.019171843198155018,0.018333606666384974,-0.4641521007633782,1773049.6,0.04426563373532458,-0.023340787477038605,0
2026-02-09,501.11,509.0,482.0,489.15,3718236,498.50999999999993,490.3660000000001,487.122,1.0233781270400433,45.20048602673146,9.375853227088385,9.609049892911361,-0.023340787477038605,0.020788950633298428,0.019119160810757867,0.5729490245416085,2016504.5,0.05519779208831647,-0.00762547275886738,0
2026-02-10,488.5,488.5,481.0,485.42,976569,497.4719999999999,491.21100000000007,487.81850000000003,1.0197891223887572,47.13548737442303,8.206910285072354,9.32862197134356,-0.00762547275886738,0.019835566460624066,0.018467740288517165,-0.7373569079531261,1983402.8,0.01545053767871122,0.011330394297721647,1
2026-02-11,485.42,494.0,485.0,490.92,663746,496.078,491.8469999999999,488.37250000000006,1.0157779154231656,55.88121118012424,7.636292193349618,8.990156015744772,0.011330394297721647,0.01952727796413291,0.018228737887517037,-0.320328619892706,1917978.9,0.018332925934979222,-0.004542491648333757,0
2026-02-12,490.92,493.0,485.0,488.69,604190,491.004,492.341,488.688,1.0047392201159022,53.869220352099056,6.924311726121232,8.576987157820064,-0.004542491648333757,0.01959966579415412,0.01824799568926393,-0.08972709440056892,1923157.6,0.016370296097730667,-0.002537395895148231,0
2026-02-13,489.0,489.0,475.0,487.45,753205,488.326,493.37,489.14700000000005,0.9983215679540097,50.53578649413668,6.1886653574821935,8.09932279775249,-0.002537395895148231,0.018972298052588862,0.01813572035811235,0.24663599198927488,1790832.1,0.028720894450712894,-0.025541081136526755,0
2026-02-16,488.0,488.88,469.0,475.0,1487625,485.496,492.003,488.44899999999996,0.9939543330009889,49.033840117704734,4.5486157483492775,7.389181387871848,-0.025541081136526755,0.01912408090785319,0.018343666727690024,0.9750599106484954,1786379.7,0.04185263157894736,-0.012463157894736843,0
2026-02-17,475.0,481.2,459.0,469.08,1665498,482.22799999999995,489.85,486.89250000000004,0.9904198565391743,42.28161148783404,2.7395898067397297,6.459263071645425,-0.012463157894736843,0.019196139199671006,0.01756945528245747,0.1195684396269221,1844753.8,0.047326682015860815,0.05900912424319937,1
2026-02-18,475.5,500.01,468.12,496.76,2269641,483.396,489.73699999999997,487.14300000000003,0.9923082133993509,55.116004718836024,3.499132561242277,5.867236969564795,0.05900912424319937,0.02741481628052541,0.022049760221366555,0.362740153395561,1891401.7,0.06419599001529912,-0.03657701908366218,0
2026-02-19,496.7,496.7,476.0,478.59,574831,481.37600000000003,486.19000000000005,487.13250000000005,0.9881828865862984,50.51538960570892,2.6048810719068456,5.214765790033205,-0.03657701908366218,0.027049162018764266,0.022817157855738495,-0.7467304300547972,1507740.4,0.04325205290540962,0.007563885580559537,1
2026-02-20,479.0,486.0,471.0,482.21,438159,480.328,484.32700000000006,487.2085,0.9858777094406193,47.53133598287984,2.1633463600695677,4.604481904040478,0.007563885580559537,0.02650505103347034,0.022862512447046124,-0.23776031564059696,1315170.0,0.03110677920408121,-0.037680678542543644,0
2026-02-23,482.0,487.99,452.32,464.04,917868,478.13599999999997,481.816,486.091,0.9836347515177198,40.96688651662473,0.34330239654957495,3.7522460025422975,-0.037680678542543644,0.028042724982162506,0.024200610658281597,1.0948285896215757,1035133.2,0.07686837341608485,-0.013425566761486096,0
2026-02-24,465.0,473.89,454.0,457.81,1492777,475.88199999999995,479.05499999999995,485.133,0.9809310024261387,36.27585262292837,-1.5835503087330949,2.685086740287219,-0.013425566761486096,0.028164928310724837,0.024012880578875188,0.626352591004371,1086754.0,0.04344597103601928,-0.009982307070618757,0
2026-02-25,459.0,471.5,452.03,453.24,1162654,467.178,475.2870000000001,483.567,0.9661081091141455,27.376878440708253,-3.439704988840788,1.4601283944616177,-0.009982307070618757,0.027550668922711047,0.023705056230780727,-0.22114689601996818,1136644.8,0.042957373576912955,0.007655987997528868,1
2026-02-26,453.0,460.94,445.0,456.71,769198,462.802,472.08899999999994,482.21500000000003,0.9597420237860705,32.301275366968795,-4.577949197029454,0.25251287616340334,0.007655987997528868,0.027968835454638248,0.023825484322947815,-0.33841194370810235,1153145.6,0.034901797639640034,0.00832037835825794,1
2026-02-27,456.71,466.88,450.0,460.51,605266,458.462,469.395,481.3825,0.9523860962955654,37.737626305874294,-5.114431705473294,-0.820876040163936,0.00832037835825794,0.028343596555411764,0.023796609217686657,-0.2131206789409229,1138351.7,0.036655012920457745,-0.09695772078782217,0
2026-03-02,424.0,450.48,414.46,415.86,5321505,448.826,463.48100000000005,477.742,0.9394736070933684,27.945466074825617,-9.03829199892101,-2.464359231915351,-0.09695772078782217,0.04042814993026238,0.031187222514580646,7.7920104549074285,1521739.7,0.08661568797191371,0.05564372625402769,1
2026-03-03,415.11,448.44,410.0,439.0,2861423,445.064,460.47300000000007,475.1615,0.936658378256656,35.194479297365106,-10.163615112033426,-4.004210407938966,0.05564372625402769,0.04580553505446776,0.03418879917723997,-0.4622906489799409,1641332.2,0.08756264236902049,-0.012232346241457859,0
2026-03-04,439.0,447.0,431.5,433.63,1031338,441.142,454.15999999999997,471.9485000000001,0.9347248693448542,34.575302554908106,-11.357829914477179,-5.474934309246609,-0.012232346241457859,0.03977619091474977,0.03389761089743548,-0.6395716397051396,1517501.9,0.03574475935705555,0.0551852962202799,1
2026-03-05,433.63,460.0,433.63,457.56,1900341,441.312,452.05699999999996,469.1235,0.9407160374613509,42.57095988467465,-10.255088464375035,-6.430965140272295,0.0551852962202799,0.04403017153116364,0.0356033146187177,0.8425976740893868,1650052.9,0.057631785995279315,-0.027668502491476565,0
2026-03-06,457.0,457.0,443.0,444.9,996077,438.18999999999994,448.326,466.3265,0.9396635190151105,42.526566689840095,-10.284164667692437,-7.201605045756324,-0.027668502491476565,0.04444606119037784,0.03566514097034393,-0.47584301975277066,1705844.7,0.03146774556080018,-0.036907170150595525,0
2026-03-09,420.5,436.0,410.0,428.48,1601118,440.71399999999994,444.77,463.29299999999995,0.9512641028463629,40.419105153860684,-11.499604260973058,-8.06120488879967,-0.036907170150595525,0.04438758933797863,0.036152139292241425,0.6074239240540642,1774169.7,0.06067961165048544,0.07995705750560123,1
2026-03-10,460.0,471.33,440.11,462.74,3486750,445.462,445.26300000000003,462.15899999999993,0.9638717411107434,42.21367756110959,-9.587830674386964,-8.36653004591713,0.07995705750560123,0.05205489669860541,0.04092999882156966,1.1776970841624417,1973567.0,0.06746769244067936,-0.013074296581233491,0
2026-03-11,462.74,469.0,454.85,456.69,1029850,450.07399999999996,445.608,460.44749999999993,0.9774708300077642,44.6932247746438,-8.463360420800882,-8.385896120893882,-0.013074296581233491,0.0521450724484408,0.04088821943537258,-0.704638990463899,1960286.6,0.030983818345048014,-0.020166852788543577,0
2026-03-12,455.0,467.55,445.0,447.48,1289180,448.058,444.68500000000006,458.387,0.9774666384517885,41.806256782900014,-8.220617510774105,-8.352840398869928,-0.020166852788543577,0.05254999057709765,0.04107185696439038,0.25181337087925426,2012284.8,0.05039331366764997,-0.006167873424510528,0
2026-03-13,447.48,450.0,440.05,444.72,453980,448.02200000000005,443.10600000000005,456.2505,0.9819649512712864,45.0844697740688,-8.156923008493607,-8.313656920794664,-0.006167873424510528,0.05247056733024317,0.0410749642940494,-0.6478536744287067,1997156.2,0.02237362835042271,-0.047310667386220584,0
2026-03-16,437.0,440.99,420.0,423.68,1482873,447.062,443.88800000000003,453.6845,0.985402851541104,41.9249514976577,-9.692468079259697,-8.589419152487672,-0.047310667386220584,0.044211319545544886,0.04196099542178344,2.2663839816732017,1613293.0,0.04954210725075531,0.005924282477341336,1
2026-03-17,429.0,434.26,423.68,426.19,337786,439.75200000000007,442.60699999999997,451.53999999999996,0.9738937857111222,43.53705738997467,-10.584847059725917,-8.98850473393532,0.005924282477341336,0.04021399940617074,0.04198715978794757,-0.7722084089466866,1360929.3,0.024824608742579562,0.04009948614467729,1
2026-03-18,430.0,447.84,430.0,443.28,684175,437.07,443.572,448.866,0.9737204421809628,46.987303154022165,-9.800074499581456,-9.150818687064548,0.04009948614467729,0.04212950138243812,0.04068773444815776,1.0254687879308202,1326213.0,0.04024544306081929,-0.013445226493412732,0
2026-03-19,440.0,440.0,428.11,437.32,974087,435.038,441.54799999999994,446.80249999999995,0.9736695743645124,44.8478115974228,-9.548984037934531,-9.230451757238546,-0.013445226493412732,0.038076539117290385,0.040063578268680074,0.4237395403222859,1233587.6,0.02718832891246681,-0.0003429982621421246,0
2026-03-24,451.25,458.99,435.0,437.17,1405635,433.52799999999996,440.775,444.5505,0.975205291637283,55.901412351149276,-9.255406222821648,-9.235442650355168,-0.0003429982621421246,0.03714855282733775,0.039985165088374255,0.4430281894738355,1274543.4,0.05487567765400189,0.06157787588352348,1
2026-03-25,441.0,467.0,440.27,464.09,2768694,441.61,444.33599999999996,444.553,0.9933798669674933,56.805728855856344,-6.7724560118606405,-8.742845322656262,0.06157787588352348,0.039588326925786094,0.04172370316307806,0.9697104867195254,1391301.0,0.057596586868926325,-0.022818849792066165,0
2026-03-26,462.98,475.0,450.56,453.5,2738016,447.072,443.412,444.3375,1.0061541058317158,55.24136111843841,-5.594731988892761,-8.113222655903561,-0.022818849792066165,0.03156254026595936,0.041944947305564424,-0.011080314400941371,1316427.6,0.05389195148842337,0.009614112458654844,1
2026-03-27,454.0,466.0,454.0,457.86,1202815,449.988,443.529,444.56850000000003,1.0121904723344095,50.08824567596188,-4.26044983997042,-7.342668092716933,0.009614112458654844,0.03145917753590892,0.04191940439274032,-0.5606983304699461,1333724.1,0.02620888481195125,-0.03835233477482203,0
2026-03-30,456.86,459.0,419.0,440.3,2710199,450.584,442.811,443.74799999999993,1.0154051398541517,48.684812442817936,-4.567317673835021,-6.787598008940551,-0.03835233477482203,0.03327256672724526,0.04280779476594515,1.2532135033234537,1475826.0,0.09084714967067908,0.02761753349988627,1
2026-03-31,445.0,455.5,444.99,452.46,1645297,453.642,443.5849999999999,443.3455,1.0232245506044382,57.027312155667566,-3.7856634961068494,-6.1872111063738116,0.02761753349988627,0.034399519802950675,0.043243143804881944,-0.392923914443183,1594957.7,0.023228572691508624,0.0555408212880697,1
2026-04-01,458.0,490.95,458.0,477.59,3846804,456.342,448.976,446.43199999999996,1.0221982295175973,54.59780791380271,-1.1254425477887366,-5.174857394656797,0.0555408212880697,0.03329072501435075,0.03842145206869071,1.3380605446919311,1831350.8,0.0689922318306497,-0.012039615569840234,0
2026-04-02,473.98,474.94,452.0,471.84,1003131,460.00999999999993,453.541,448.07399999999996,1.026638457040578,54.699423041131574,0.5129122413241589,-4.037303467460607,-0.012039615569840234,0.03416076988193118,0.036921659822511714,-0.739230020557325,1897885.3,0.04861817565276365,0.012567819599864416,1
2026-04-03,460.55,488.8,460.55,477.77,1211610,463.992,456.98999999999995,450.28099999999995,1.03044987463384,59.59090621239947,2.2637268226368406,-2.7770974094411174,0.012567819599864416,0.03260617829617356,0.03675506535583147,0.20782828962518352,1950628.8,0.05912886953973669,0.001046528664420121,1
2026-04-06,480.0,484.0,466.0,478.27,1478842,471.58599999999996,461.08500000000004,451.3165,1.0449119409549616,60.7773851590106,3.6495362316694013,-1.491770681219014,0.001046528664420121,0.03186107353665583,0.03484648945993916,0.22055942093577974,2001104.3,0.037635645137683735,0.006042611913772644,1
2026-04-07,476.98,484.0,471.1,481.16,1330715,477.326,465.48400000000004,453.1295,1.053398642110037,70.90181818181821,4.9242354982143866,-0.2085694453323339,0.006042611913772644,0.03170680918731733,0.03410341681637571,-0.10016418251577919,1993612.3,0.026810208662399155,0.07872641117299839,1
2026-04-08,525.0,525.0,506.65,519.04,6087017,485.616,470.979,457.65749999999997,1.061090444273283,76.8554405044253,8.888581242678868,1.6108606922699065,0.07872641117299839,0.03508529139876488,0.0364414761171266,3.5742454244522683,2325444.6,0.03535372996300868,-0.01437268803945746,0
2026-04-09,519.51,519.51,498.0,511.58,3297445,493.56399999999996,476.787,460.0995,1.0727331805402962,70.92011761823085,11.2981560425564,3.548319762327205,-0.01437268803945746,0.03425120106423847,0.032874482928224216,-0.4582822752096799,2381387.5,0.04204620978146134,-0.020759216544821935,0
2026-04-10,512.01,517.0,497.0,500.96,2444510,498.20199999999994,481.0969999999999,462.313,1.0776292252218733,68.95175699821323,12.210066144539496,5.280669038769664,-0.020759216544821935,0.03585828165964809,0.033147201092942884,-0.258665421257974,2505557.0,0.03992334717342702,-0.04217901628872567,0
2026-04-13,490.0,492.0,476.26,479.83,1320028,498.51399999999995,485.05,463.93050000000005,1.0745445707923922,61.292884371029224,11.099795527636957,6.444494336543123,-0.04217901628872567,0.03644255253601262,0.03437473550169003,-0.4600030271915435,2366539.9,0.03280328449659256,0.01575558010128586,1
2026-04-14,485.0,491.0,485.0,487.39,758114,499.75999999999993,488.543,466.06399999999996,1.072299083387689,56.87234544596508,10.706508912939626,7.296897251822424,0.01575558010128586,0.035967098840646465,0.03438135826225631,-0.4256833945946601,2277821.6,0.012310470054781593,0.01635240772276836,1
2026-04-15,496.2,500.0,491.1,495.36,1313815,495.024,490.32,469.64799999999997,1.054031955847784,62.54044337926903,10.912150352559252,8.019947871969789,0.01635240772276836,0.032147801187985374,0.032143498793275764,0.7330045349380172,2024522.7,0.017966731266149824,-0.006803133074935408,0
2026-04-16,499.0,501.0,490.0,491.99,1361155,491.10600000000005,492.33500000000004,472.938,1.0384151833855602,60.28569706467362,10.68007854197566,8.551974005970964,-0.006803133074935408,0.03189711176939101,0.0323190949410402,0.0360324703249697,2060325.1,0.022358178011748206,0.010406715583650028,1
2026-04-17,497.0,501.2,493.2,497.11,1773674,490.33599999999996,494.26899999999995,475.6295,1.0309200753948187,68.50850329054539,10.784978650014466,8.998574934779665,0.010406715583650028,0.03184469167671624,0.03142154829160488,0.30306541136020515,2116531.5,0.01609301764197059,-0.013860111444147116,0
2026-04-20,492.0,496.49,479.0,490.22,1052438,492.41400000000004,495.46400000000006,478.2745,1.029563566529263,62.73954116059381,10.194629975115959,9.237785942846923,-0.013860111444147116,0.03236488008563212,0.031435339147880374,-0.4066339135602146,2073891.1,0.035677858920484695,0.006956060544245357,1
2026-04-21,495.0,499.8,492.0,493.63,1178870,493.662,496.71100000000007,481.0975,1.0261163277713976,56.34092346616067,9.887950757174167,9.367818905712372,0.006956060544245357,0.03237592519766134,0.03139789754109089,0.12013249236534596,2058706.6,0.015801308672487514,-0.008690719769868127,0
2026-04-22,494.0,495.0,487.01,489.34,491274,492.45799999999997,493.741,482.35999999999996,1.0209345716891949,56.99888017917133,9.192769594887295,9.332809043547357,-0.008690719769868127,0.018486366950365832,0.02873490192353705,-0.5832670268986402,1499132.3,0.016328115420770853,-0.018003841909510765,0
2026-04-23,491.8,491.8,478.0,480.53,928013,490.166,490.6360000000001,483.7115,1.0133436976379515,51.07896794370602,7.840559059250722,9.034359046688031,-0.018003841909510765,0.018709538180883074,0.02852628037684708,0.8889927006110643,1262189.1,0.028718290221214103,0.029030445549705686,1
2026-04-24,479.0,504.56,474.0,494.48,1764997,489.64,489.988,485.5424999999999,1.0084390140924844,55.733993632826326,7.804604262848784,8.788408089920182,0.029030445549705686,0.0208700636244485,0.029078302362452034,0.9019097792811093,1194237.8,0.06180229736288627,0.005763630480504656,1
2026-04-27,494.5,502.0,488.03,497.33,1478378,491.062,491.738,488.39399999999995,1.0054628025733323,55.721463449154335,7.914843618797761,8.613695195695698,0.005763630480504656,0.01509286654001931,0.027295175201529392,-0.1623906442900469,1210072.8,0.028090000603221258,-0.0029155691392033223,0
2026-04-28,498.0,500.0,494.5,495.88,983340,491.512,492.587,490.56499999999994,1.0019304271605192,38.9588100686499,7.795346320822716,8.450025420721103,-0.0029155691392033223,0.014580702575644786,0.02690024554389467,-0.33485211495300926,1232595.4,0.011091393078970719,-0.008933612970880023,0
2026-04-29,498.79,499.0,489.0,491.45,490244,491.934,492.196,491.258,1.001376059015833,40.11782032400589,7.259496912770317,8.211919719130947,-0.008933612970880023,0.01396051772881852,0.024248182801377825,-0.5014501596599346,1150238.3,0.02034794994404314,0.0018109675450197482,1
2026-04-30,489.99,500.0,482.0,492.34,1358821,494.296,492.23099999999994,492.283,1.0040891113444907,45.32132001736865,6.827939719421295,7.935123719189017,0.0018109675450197482,0.013807354419581868,0.024031810884266386,1.7717238762738554,1150004.9,0.03656010074338872,-0.011252386562131789,0
2026-05-04,498.49,499.89,484.5,486.8,2872627,492.76000000000005,491.2,492.7345,1.0000517520084347,54.55376976349147,5.970076508456486,7.5421142770425105,-0.011252386562131789,0.01371927654951871,0.02409140909199458,1.1140584374247968,1259900.2,0.03161462612982741,-0.007148726376335235,0
2026-05-05,479.3,484.48,475.0,483.32,420317,489.95799999999997,490.50999999999993,492.98699999999997,0.993855821755949,47.191166321601116,4.952319559598493,7.024155333553708,-0.007148726376335235,0.013230593811203372,0.02416385146166867,-0.8536820130145681,1196688.1,0.019614334188529377,0.016945295042621877,1
2026-05-06,489.0,496.5,476.01,491.51,1631999,489.084,490.29799999999994,493.5045,0.9910426348695909,47.35103894316773,4.751828279899428,6.569689922822851,0.016945295042621877,0.014263215965974388,0.024410163616371786,2.8827813293300055,1242001.0,0.041687859860430124,0.006998840308437337,1
2026-05-07,492.0,496.0,491.0,494.95,966665,489.784,490.85900000000004,492.3,0.9948892951452366,52.03464393731095,4.815012282643522,6.218754394786986,0.006998840308437337,0.014104548487762481,0.016395753059807405,-0.4076803968629883,1289540.1,0.010102030508132135,-0.018183654914637803,0
2026-05-08,492.0,492.0,485.0,485.95,1057466,488.50600000000003,491.40099999999995,491.0185,0.9948830848532184,42.717306186374294,4.091694765902957,5.793342469010181,-0.018183654914637803,0.014131880834804269,0.016565385169307466,0.09393223091763958,1302485.4,0.014404774153719518,-0.008066673526082924,0
2026-05-11,486.0,488.0,480.03,482.03,448867,487.55199999999996,490.15600000000006,490.072,0.9948578984312508,44.439918533604846,3.1656574548850926,5.267805466185163,-0.008066673526082924,0.01039210892000139,0.016061926678244295,-0.5755258325090358,1170872.4,0.016534240607431132,0.0032155674957989877,1
2026-05-12,484.95,487.89,482.3,483.58,295200,487.604,488.78100000000006,490.2595,0.9945834807892554,43.000417885499374,2.5277005023225456,4.71978447341264,0.0032155674957989877,0.010196423337276227,0.012964447919570197,-0.3423441687626847,1052554.6,0.011559617850200536,-0.004197857645063863,0
2026-05-13,480.26,486.88,480.26,481.55,379228,485.61199999999997,487.34799999999996,489.96750000000003,0.9911106348890486,44.39810153890409,1.8371336534223133,4.143254309414575,-0.004197857645063863,0.010206752723310997,0.012485040538017139,0.28464769647696486,992143.4,0.013747274426331647,0.0008514172983073998,1
2026-05-14,482.0,485.0,478.18,481.96,729880,483.014,486.399,489.29749999999996,0.9871581195489453,51.16963847538034,1.3078618070939,3.5761758089504396,0.0008514172983073998,0.010029549289757262,0.011846748930910589,0.9246469142573861,1016107.0,0.014150551913021813,-0.00491742053282429,0
2026-05-15,483.12,483.12,478.0,479.59,358652,481.742,485.12399999999997,488.67749999999995,0.9858076134055692,34.974772956609414,0.6892258955021475,2.9987858262607814,-0.00491742053282429,0.009978290539727864,0.011808118955331745,-0.5086151148133939,916090.1,0.01067578556683835,-0.030776288079401137,0
2026-05-18,479.59,482.0,455.01,464.83,960069,478.302,482.92699999999996,487.0634999999999,0.9820115857583254,23.560039049788443,-0.9807506836137918,2.202878524285867,-0.030776288079401137,0.013241231954797565,0.013186220004489158,1.6768817683994515,724834.3,0.058064238538820666,-0.002839747864810782,0
2026-05-19,469.4,476.44,459.0,463.51,1815226,474.288,480.946,485.72799999999995,0.9764477238289744,23.609978803195787,-2.383259391654917,1.2856509410977102,-0.002839747864810782,0.01321655881410704,0.012948452150494902,0.8907245208417311,864325.2,0.037625941187892385,0.025220599339820016,1
2026-05-20,465.01,476.0,461.0,475.2,685488,473.0179999999999,479.31499999999994,484.80649999999997,0.9756841131461726,38.15424989065459,-2.522395736796568,0.5240416055188545,0.025220599339820016,0.014839860327592602,0.014245726245855383,-0.6223676831424847,769674.1,0.03156565656565657,0.013152356902356832,1
2026-05-21,476.0,485.0,476.0,481.45,1252169,472.916,477.965,484.412,0.9762681353888839,42.63691683569979,-2.104084944679073,-0.001583704520731033,0.013152356902356832,0.015428852316027638,0.014524579129267598,0.8266825969236515,798224.5,0.01869352996157441,-0.003925641291930626,0
2026-05-22,485.0,485.0,478.0,479.56,1150369,472.90999999999997,477.326,484.36350000000004,0.9763535031025251,44.85064011379799,-1.9031396238499383,-0.38189488838657254,-0.003925641291930626,0.014462856644010974,0.0139731393852687,-0.08129893009649658,807514.8,0.014596713654183,0.022187004754358197,1
2026-05-25,483.09,493.0,482.0,490.2,1104404,477.98400000000004,478.1429999999999,484.1495,0.9872652971860966,54.44100180738446,-0.875240701561097,-0.4805640510214775,0.022187004754358197,0.015960217216492944,0.013291792787287518,-0.0399567443142157,873068.5,0.02243982048143615,0.0064667482660139,1
2026-05-29,490.2,494.0,485.0,493.37,1177147,483.95599999999996,479.12199999999996,483.9515,1.0000092984524274,51.28382109331862,0.1929449577999094,-0.3458622492572001,0.0064667482660139,0.01602530639722324,0.01330973338286135,0.0658662953049789,961263.2,0.01824188742728581,-0.015404260494152555,0
2026-06-01,496.0,497.5,484.0,485.77,1289167,486.07,479.54400000000004,483.446,1.0054277003015848,44.00783289817232,0.4213759449596637,-0.19241461041382735,-0.015404260494152555,0.01688512656079307,0.013724631211710813,0.0951622864434094,1052257.1,0.027790929863927373,0.025402968483027033,1
2026-06-02,482.0,502.5,482.0,498.11,2571769,489.40200000000004,481.159,483.779,1.0116230758259455,57.60570427820867,1.5799315509115672,0.1620546218512516,0.025402968483027033,0.018562506719038703,0.014779145974755083,0.9949075643419356,1236446.0,0.04115556804721848,-0.008391720704262084,0
2026-06-03,498.0,503.0,492.0,493.93,1814571,492.276,482.593,483.8585,1.0173966149194444,57.418952618453886,2.1361796005786005,0.5568796175967214,-0.008391720704262084,0.018768032900841322,0.014917017229156141,-0.29442691003741006,1382037.9,0.02227036219707246,-0.0022877735711538394,0
2026-06-04,493.93,498.0,492.0,492.8,694518,492.796,485.39000000000004,484.1585,1.0178402320727613,55.778390574078735,2.4575000998837027,0.9370037140541176,-0.0022877735711538394,0.01479449182836094,0.014685557268844861,-0.6172549875425101,1355482.8,0.012175324675324676,-0.007081980519480502,0
2026-06-05,493.5,496.8,486.02,489.31,618768,491.98400000000004,487.96999999999997,484.45799999999997,1.0155348864091418,54.77597242737567,2.4028366722751002,1.2301703056983142,-0.007081980519480502,0.015131770916841992,0.014683683634867477,-0.10906844747004396,1235837.0,0.022031023277676788,-0.008133902842778595,0
2026-06-08,487.0,489.0,483.0,485.33,625423,491.896,488.983,484.149,1.0160012723355827,51.98679401014032,2.015133568909107,1.3871629583404728,-0.008133902842778595,0.013939233917752387,0.014290598706420403,0.010755242675768661,1229830.5,0.012362722271444172,0.010343477633774967,1
2026-06-09,489.0,495.0,486.16,490.35,849815,490.34399999999994,489.87300000000005,483.91900000000004,1.0132770153682742,56.15138348959527,2.0888689315835336,1.5275041529890852,0.010343477633774967,0.013720561231492807,0.01440254003831894,0.3587843747351793,1189595.1,0.018027939227082644,0.011298052411542692,1
2026-06-10,488.0,498.8,486.11,495.89,1674545,490.73600000000005,491.506,484.416,1.0130466376007399,69.84918200408997,2.5647713504129683,1.734957592473862,0.011298052411542692,0.01384421590976808,0.013985877634587151,0.970481810747045,1242012.7,0.025590352699187316,0.010082881284155798,1
2026-06-11,494.9,507.95,491.0,500.89,1840728,492.354,492.575,485.3589999999999,1.0144120125515341,72.81494140624997,3.307261606186273,2.0494183952163443,0.010082881284155798,0.012485476784066241,0.013948167285637388,0.09924068926185914,1315645.1,0.03383976521791209,0.018606879754037742,1
2026-06-12,504.9,512.0,503.5,510.21,1966348,496.534,494.259,486.6905,1.0202253793735443,72.00502828409803,4.594770933573443,2.558488902887764,0.018606879754037742,0.013492843488463094,0.014434124767345917,0.0682447379515061,1394565.2,0.016659806746241745,0.0024499715803296684,1
2026-06-15,515.0,523.97,509.0,511.46,7259660,501.76000000000005,496.828,488.186,1.027804975972273,70.12743125419179,5.650856350374568,3.176962392385125,0.0024499715803296684,0.011796348037586142,0.014341156908488703,2.6919507635474496,1991614.5,0.029269151057756283,0.01738161342040434,1
2026-06-16,515.16,521.98,512.0,520.35,1980632,507.76000000000005,499.052,490.1055,1.0360218361148774,75.00919681177189,7.123050265527866,3.9661799670136735,0.01738161342040434,0.010470304032624583,0.014676244578684928,-0.7271728979043095,1932500.8,0.019179398481791135,-0.016296723359277454,0
2026-06-17,522.5,522.5,509.0,511.87,7613907,510.95599999999996,500.846,491.71950000000004,1.0391208809087293,63.647814586219916,7.518836948163369,4.676711363243613,-0.016296723359277454,0.011764096256281253,0.015247236286867055,2.8441805443918913,2512434.4,0.026373883993982848,0.005704573426846604,1
2026-06-18,512.0,518.47,512.0,514.79,963452,513.7360000000001,503.04499999999996,494.21750000000003,1.0394937451628081,63.53297952994689,7.976175950818913,5.336604280758673,0.005704573426846604,0.011587070374359984,0.012957066306693202,-0.8734615487160534,2539327.8,0.012568231706132652,-0.0035159968142348674,0
2026-06-19,515.0,517.69,508.71,512.98,1284857,514.29,505.412,496.691,1.035432492233602,68.54805725971372,8.099205927818957,5.889124610170731,-0.0035159968142348674,0.011242994020756417,0.012980004049141255,0.33359731465604936,2605936.7,0.017505555772155006,-0.001579008928223491,0
2026-06-22,512.98,520.0,511.4,512.17,1455490,514.432,508.096,498.5395,1.0318781159767683,61.37172436104815,8.038682907772568,6.319036269691098,-0.001579008928223491,0.010577004798036463,0.012157656678440109,0.13280310571526632,2688943.4,0.016791299763750364,-0.0018158033465449641,0
2026-06-23,515.0,515.0,509.06,511.24,1511977,512.61,510.18499999999995,500.029,1.0251605406886402,64.77718968755336,7.825467631009474,6.620322541954773,-0.0018158033465449641,0.010650295736784875,0.01201297521066823,0.03880961050917553,2755159.6,0.01161880916986151,0.005907206008919363,1
2026-06-24,512.0,516.78,509.16,514.26,1044374,513.088,512.0219999999999,501.76399999999995,1.0225683787597357,67.74727092292423,7.810151187608085,6.858288271085437,0.005907206008919363,0.010386029348368532,0.011912193132581078,-0.3092659478285714,2692142.5,0.014817407537043418,-0.0057752887644381135,0
2026-06-29,513.0,515.99,510.0,511.29,642943,512.3879999999999,513.062,502.81850000000003,1.019031718204481,68.33500166833504,7.472223476252509,6.981075312118852,-0.0057752887644381135,0.010511804089220691,0.011233272209888876,-0.38437475463770643,2572364.0,0.011715464804709674,0.01011167830389792,1
2026-06-30,512.5,517.17,512.5,516.46,628601,513.0840000000001,513.687,503.97299999999996,1.0180783494353867,75.46212988712587,7.534733406372709,7.091806930969624,0.01011167830389792,0.009304060323382364,0.0113357828918044,-0.022306798580900677,2438589.3,0.0090423266080625,0.07162219726600316,1
2026-07-01,515.1,559.89,515.1,553.45,3775484,521.34,517.8860000000001,507.35699999999997,1.0275604751683727,83.8882921589689,10.448611745852986,7.763167893946297,0.07162219726600316,0.024153254295041657,0.018561679938442602,5.006169255219129,2090171.7,0.0809287198482247,-0.0018791218718946512,0
2026-07-02,554.0,563.9,550.0,552.41,1916238,529.574,521.092,510.072,1.0382338179707962,81.89616252821668,12.529529399339197,8.716440195024877,-0.0018791218718946512,0.024105374898004073,0.018112018125873767,-0.49245235842609847,2083732.3,0.025162469904599805,0.006390181205988554,1
2026-07-03,552.41,559.0,552.0,555.94,969134,537.9100000000001,525.499,513.1725,1.0482050382668597,81.59072650063123,14.298686770026848,9.832889510025272,0.006390181205988554,0.022778867274134744,0.017821554701311554,-0.4942517578714126,1419255.0,0.012591286829513975,0.01948051948051943,1
2026-07-06,555.94,572.0,555.94,566.77,1856345,549.0060000000001,530.697,516.871,1.0621721860967246,81.90433212996389,16.385762353670657,11.143464078754349,0.01948051948051943,0.023005315321320236,0.0179481055873361,0.9154678300420789,1508544.3,0.028336009315948173,-0.0029112338338302957,0
2026-07-07,568.7,582.0,564.03,565.12,2377619,558.7379999999999,535.9110000000001,520.6614999999999,1.0731310073819555,80.13252470799641,17.702579265600434,12.455287116123566,-0.0029112338338302957,0.022966907179918998,0.01779745558564565,0.28080663885215307,1617820.5,0.0317985560588902,-0.014244762174405401,0
2026-07-08,563.86,568.47,546.0,557.07,1951528,559.462,540.4010000000001,524.2484999999999,1.0671694816484931,70.81632653061227,17.890369390154092,13.542303570929672,-0.014244762174405401,0.02399968931107723,0.01812709949020547,-0.17920911634706826,1667424.3,0.04033604394420814,-0.022384978548476875,0
2026-07-09,552.0,558.0,542.05,544.6,3260137,557.9,543.7370000000001,526.961,1.0587121248062,67.75138301334204,16.838861716910742,14.201615200125886,-0.022384978548476875,0.025812959107466137,0.019257860750225037,0.6705560975809723,1842240.3,0.0292875504957768,0.024054351817847985,1
2026-07-10,548.0,560.0,548.0,557.7,1383382,558.2520000000001,548.081,530.0515,1.0532033208093932,70.95828856110192,16.86814930377807,14.734922020856324,0.024054351817847985,0.026387863211793046,0.019669229520142786,-0.5756675256285242,1876141.1,0.02151694459386767,-0.019042495965572948,0
2026-07-13,550.0,553.0,546.0,547.08,949159,554.3140000000001,551.6600000000001,532.3610000000001,1.0412370553064556,65.33549199496312,15.851686309970091,14.958274878679077,-0.019042495965572948,0.027492733994482845,0.020420296177744622,-0.3138851018735245,1906762.7,0.012795203626526284,-0.03383417416100021,0
2026-07-14,544.78,544.78,525.0,528.57,1762148,547.004,552.8710000000001,533.279,1.025736996956565,56.36250775915584,13.398084975106713,14.646236897964606,-0.03383417416100021,0.030327457385710646,0.021845937184794044,0.856536154637948,2020117.4,0.03742172276141281,0.017727074938040488,1
2026-07-15,528.0,545.0,528.0,537.94,830639,543.1780000000001,551.3199999999999,534.6030000000001,1.0160399399180327,59.72181765219926,12.070527405340727,14.131094999439831,0.017727074938040488,0.019623023020559047,0.022128089116833196,-0.5286213189811526,1725632.9,0.03160203740194074,0.017790088113915914,1
2026-07-16,539.26,552.0,539.26,547.51,1136450,543.76,550.83,535.961,1.0145514319138893,61.555571001598665,11.656281133810808,13.636132226314029,0.017790088113915914,0.020668417792678757,0.022142483518520197,0.36816354637814985,1647654.1,0.023268981388467808,-0.011999780825920903,0
2026-07-17,547.0,552.05,539.4,540.94,884337,540.408,549.33,537.4145,1.0055701883741508,60.05289211365024,10.67479153493332,13.043864088037889,-0.011999780825920903,0.020785510778171836,0.021967845787981576,-0.22184257996392276,1639174.4,0.023385218323658773,-0.0017377158280031946,0
2026-07-20,539.79,542.0,535.0,540.0,669201,538.992,546.653,538.675,1.000588480995034,58.21697849762634,9.709182401511612,12.376927750732635,-0.0017377158280031946,0.019319543999772506,0.021982475814969964,-0.24327377459045585,1520460.0,0.012962962962962963,0.004388888888888998,1
2026-07-21,543.11,550.1,541.76,542.37,633058,541.7520000000001,544.3779999999999,540.1445000000001,1.0029760554814497,44.89965015650891,9.031064904938944,11.707755181573898,0.004388888888888998,0.01952967583879491,0.021937397850855897,-0.05400918408669442,1346003.9,0.015376956690082474,-0.005310028209524864,0
2026-07-22,543.0,549.22,538.01,539.49,533867,542.062,542.6200000000001,541.5105000000001,1.0010184474723942,44.15172913271774,8.167114559704714,10.999627057200062,-0.005310028209524864,0.019206977549917684,0.021994296163136418,-0.15668548537416793,1204237.8,0.02077888376058877,-0.0018350664516487702,0
2026-07-23,540.0,547.05,536.0,538.5,1529383,540.26,542.01,542.8735,0.9951858029540951,41.91994069681242,7.318183496518827,10.263338345063817,-0.0018350664516487702,0.017965878477514022,0.021994510590857535,1.864726607937932,1031162.4,0.020519962859795644,0.002989786443825526,1
2026-07-24,535.79,544.0,531.0,540.11,717473,540.0939999999999,540.251,544.166,0.9925169893010587,36.49442755825736,6.698101512580934,9.55029097856724,0.002989786443825526,0.015810083841690963,0.02198267037238293,-0.5308742152881261,964571.5,0.02406917109477699,0.04386143563348188,1
