date,open,high,low,close,volume,ma_5,ma_10,ma_20,ma_ratio_5_20,rsi_14,macd,macd_signal,daily_return,volatility_10,volatility_20,volume_change,volume_ma_10,high_low_range,target_return,target_direction
2016-08-05,61.5,63.2,61.48,62.15,464000,62.20399999999999,62.61900000000001,61.4745,1.011866708960626,60.54490413723513,0.9682659454028553,1.1171948338604478,0.010733452593917558,0.009965052453247717,0.011595343442787006,3.758974358974359,211750.0,0.027674979887369364,0.025422365245374,1
2016-08-08,62.25,64.85,62.25,63.73,627500,62.366,62.67,61.761,1.0097958258447888,61.325420375865505,1.02736471883739,1.0992288108558363,0.025422365245374,0.012632843068050459,0.01254328124525171,0.3523706896551724,252950.0,0.040797112819708055,-0.004393535226737688,0
2016-08-09,64.0,64.0,63.15,63.45,50000,62.556,62.741,62.0145,1.0087318288464795,56.26304801670149,1.0396231342765603,1.087307675539981,-0.004393535226737688,0.012433523696679043,0.012700436928703962,-0.9203187250996016,246500.0,0.01339637509850278,-0.009456264775413725,0
2016-08-10,63.0,63.4,62.8,62.85,28500,62.734,62.775999999999996,62.234,1.0080341935276538,49.525816649104335,0.9895165009679232,1.0677494406255696,-0.009456264775413725,0.01280801914083435,0.013055354970875153,-0.43000000000000005,231750.0,0.009546539379474963,0.01320604614160703,1
2016-08-11,63.0,64.0,62.75,63.68,162500,63.172000000000004,62.852999999999994,62.508500000000005,1.0106145564203268,47.70742358078604,1.0051934520683545,1.0552382429141267,0.01320604614160703,0.01331230596222338,0.01306545833870155,4.701754385964913,213100.0,0.019629396984924625,0.004711055276381826,1
2016-08-12,64.14,64.4,63.0,63.98,414000,63.538,62.870999999999995,62.73350000000001,1.0128240892027385,54.42890442890443,1.0299523915109319,1.0501810726334877,0.004711055276381826,0.01261644901410183,0.012395851058377172,1.5476923076923077,212850.0,0.02188183807439834,0.02938418255704911,1
2016-08-15,64.1,66.69,64.1,65.86,993000,63.964,63.165,63.0235,1.0149230049108666,65.63126252505012,1.1875845817692365,1.0776617744606374,0.02938418255704911,0.01448696095902625,0.013615507829954361,1.3985507246376812,305450.0,0.03932584269662927,0.008958396598846008,1
2016-08-16,66.31,67.4,66.1,66.45,761000,64.56400000000001,63.56,63.274,1.0203875209406708,69.11907066795746,1.344617385170821,1.1310528966026743,0.008958396598846008,0.013960519574839727,0.012971074912558889,-0.2336354481369587,375500.0,0.019563581640331246,-0.012791572610985846,0
2016-08-17,66.5,67.15,64.61,65.6,677500,65.114,63.924,63.4415,1.0263628697303817,62.48839368616527,1.3845192409963332,1.181746165481406,-0.012791572610985846,0.0145031723547735,0.013300079065194882,-0.10972404730617613,427550.0,0.03871951219512205,-0.006402439024390083,0
2016-08-18,65.75,65.75,64.5,65.18,274000,65.414,64.29299999999999,63.5535,1.0292745482152832,56.699029126213645,1.3664991081986955,1.2186967540248639,-0.006402439024390083,0.014386028490211386,0.013295211238488827,-0.5955719557195571,445200.0,0.01917766185946609,-0.01902424056459051,0
2016-08-19,65.0,65.01,63.5,63.94,219000,65.406,64.47200000000001,63.545500000000004,1.0292782337065567,54.784240150093794,1.2378907522096725,1.2225355536618256,-0.01902424056459051,0.016241701892306813,0.013471094830388365,-0.2007299270072993,420700.0,0.02361588989677831,0.0009383797309978625,1
2016-08-22,64.0,64.2,63.0,64.0,139000,65.034,64.499,63.584500000000006,1.0227964362383914,57.28155339805825,1.1278085274067635,1.2035901484108134,0.0009383797309978625,0.014196192715574488,0.013080200428612732,-0.365296803652968,371850.0,0.018750000000000044,0.00406250000000008,1
2016-08-23,63.9,64.61,63.55,64.26,249000,64.596,64.58000000000001,63.6605,1.0146951406288045,61.47704590818365,1.0494499919924465,1.17276211712714,0.00406250000000008,0.014123114953859308,0.012950569500299436,0.7913669064748201,391750.0,0.01649548708372241,-0.00793650793650802,0
2016-08-24,64.0,64.0,62.6,63.75,230500,64.226,64.67,63.723,1.007893539224456,61.23260437375744,0.9354146723146499,1.125292628164642,-0.00793650793650802,0.01400146078166754,0.013067912374916946,-0.07429718875502012,411950.0,0.021960784313725466,-0.0029803921568627434,0
2016-08-25,64.0,64.24,63.16,63.56,289000,63.902,64.658,63.7555,1.002297840970583,57.351407716371234,0.8202540694637932,1.0642849164244723,-0.0029803921568627434,0.013422836928556474,0.013031086380469481,0.2537960954446854,424600.0,0.016991818753933265,0.044682190056639426,1
2016-08-26,63.55,66.73,63.55,66.4,903000,64.394,64.9,63.8855,1.0079595526371399,62.30414746543781,0.9472336077491477,1.0408746546894074,0.044682190056639426,0.019563931473343222,0.016124222373732396,2.124567474048443,473500.0,0.04789156626506034,-0.006777108433735024,0
2016-08-29,67.07,67.25,65.2,65.95,348000,64.784,64.909,64.037,1.0116651310960851,61.34301270417421,1.0000268801066312,1.0327050997728522,-0.006777108433735024,0.017568051694407564,0.01583347046249366,-0.6146179401993355,409000.0,0.031084154662623154,-0.007733131159969764,0
2016-08-30,65.3,66.0,65.01,65.44,40000,65.02000000000001,64.80799999999999,64.184,1.0130250529727036,61.84812442817928,0.9893090521233745,1.0240258902429566,-0.007733131159969764,0.017443644571603377,0.015867369726071674,-0.8850574712643678,336900.0,0.015128361858190631,-0.005042787286063555,0
2016-08-31,65.2,65.49,65.0,65.11,95500,65.292,64.759,64.34150000000001,1.0147727361034478,56.85522531160113,0.9433129298900766,1.0078832981723806,-0.005042787286063555,0.01704883781353563,0.015755409410197634,1.3875000000000002,278700.0,0.007525725694977651,0.0006143449546922586,1
2016-09-01,65.2,65.4,65.0,65.15,112500,65.61,64.756,64.5245,1.0168230672070298,55.75221238938055,0.8997169602783543,0.9862500305935754,0.0006143449546922586,0.016928438645303082,0.015582179027895023,0.17801047120418856,262550.0,0.006139677666922573,0.0012279355333844055,1
2016-09-02,65.0,66.5,65.0,65.23,151500,65.376,64.88500000000002,64.6785,1.010784109093439,46.23655913978498,0.8616891554796808,0.9613378555707965,0.0012279355333844055,0.015543722730439243,0.015478787227084102,0.3466666666666667,255800.0,0.022995554192856045,-0.013644028821094611,0
2016-09-05,65.31,65.31,64.0,64.34,26000,65.054,64.91900000000001,64.709,1.0053315612975011,37.831603229527154,0.7510783208883538,0.919285948634308,-0.013644028821094611,0.01632955026218604,0.014892182827153074,-0.8283828382838284,244500.0,0.020360584395399475,-0.001398818775256494,0
2016-09-06,64.25,64.31,64.0,64.25,41500,64.816,64.91799999999999,64.749,1.0010347650156761,41.46649810366631,0.6486786263123747,0.8651644841699213,-0.001398818775256494,0.016293926382840114,0.014854549944985558,0.5961538461538463,223750.0,0.004824902723735444,0.003735408560311182,1
2016-09-07,65.0,65.0,64.15,64.49,147000,64.692,64.99199999999999,64.831,0.9978559639678547,45.5368693402328,0.580203895504269,0.8081723664367908,0.003735408560311182,0.016070706276229002,0.014670180797146633,2.5421686746987953,215400.0,0.01318033803690486,0.005892386416498807,1
2016-09-08,65.0,65.74,64.25,64.87,130500,64.636,65.123,64.8905,0.9960780083371217,56.76855895196508,0.5502569822443064,0.756589289598294,0.005892386416498807,0.016054993979956446,0.0144496224694045,-0.11224489795918369,199550.0,0.022969014952982807,0.003391398180977223,1
2016-09-09,65.5,66.4,65.0,65.09,172000,64.608,64.992,64.946,0.994795676408093,57.7524893314367,0.538073423624752,0.7128861164035856,0.003391398180977223,0.006167946718583437,0.014434904267420423,0.31800766283524906,126450.0,0.021508680288830937,0.033184821017053334,1
2016-09-15,65.1,67.58,64.9,67.25,233000,65.19000000000001,65.122,65.0155,1.002683975359722,66.74132138857776,0.6947037019299387,0.7092496335088563,0.033184821017053334,0.012453132644369234,0.014847934717775731,0.35465116279069764,114950.0,0.03985130111524152,0.04996282527881046,1
2016-09-16,67.5,70.61,67.5,70.61,737500,66.46200000000002,65.639,65.2235,1.0189885547387063,79.11714770797958,1.077537068671262,0.7829071205413375,0.04996282527881046,0.019049396447885714,0.018391348433123875,2.165236051502146,184700.0,0.04404475286786574,0.04999291885002122,1
2016-09-19,71.25,74.14,71.15,74.14,1086500,68.39200000000001,66.542,65.6505,1.0417590117363922,84.98677248677244,1.6467935575008283,0.9556844079332357,0.04999291885002122,0.022556521788698505,0.02072830295500558,0.47322033898305094,283800.0,0.04032910709468566,0.013487995683841403,1
2016-09-20,75.79,77.84,74.5,75.14,1217500,70.446,67.541,66.1485,1.0649674595795824,82.90662650602404,2.153797432709183,1.1953070128884253,0.013487995683841403,0.02211538317962481,0.020561383120301296,0.12057063966866077,394300.0,0.04445035932925211,-0.0479105669417087,0
2016-09-21,75.5,75.5,71.39,71.54,562000,71.736,68.172,66.5285,1.0782747243662492,67.01156421180767,2.2392985037959505,1.4041053110699304,-0.0479105669417087,0.029603806827011022,0.023337339108389723,-0.5383983572895277,435350.0,0.05745037741123846,0.001956947162426559,1
2016-09-22,72.0,74.39,70.22,71.68,164000,72.622,68.906,66.9125,1.085327853540071,69.42714819427151,2.2919355423534427,1.581671357326633,0.001956947162426559,0.028633884878122233,0.02332707952133173,-0.708185053380783,449150.0,0.05817522321428573,-0.021763392857142905,0
2016-09-23,71.7,72.0,68.99,70.12,122000,72.524,69.49300000000001,67.2055,1.0791378681804316,64.48814343551186,2.1826120193730816,1.7018594897359227,-0.021763392857142905,0.03030709581360152,0.02413713287297028,-0.25609756097560976,457200.0,0.042926411865373715,0.04991443240159721,1
2016-09-26,71.0,73.62,71.0,73.62,333000,72.42,70.406,67.699,1.069735151183917,70.40963855421687,2.3512888943101586,1.83174537065077,0.04991443240159721,0.03279883668523315,0.02594819493002403,1.7295081967213113,475800.0,0.03558815539255643,-0.011953273566965628,0
2016-09-27,74.9,75.0,72.5,72.74,318000,71.94000000000001,71.19300000000001,68.158,1.0554887173919425,67.42459396751738,2.386448395821418,1.9426859756848998,-0.011953273566965628,0.033749269862729456,0.026215850040368992,-0.04504504504504503,494550.0,0.03436898542755018,-0.026120428924938044,0
2016-09-28,72.6,72.6,70.52,70.84,90000,71.8,71.768,68.38,1.0500146241591108,64.40602836879432,2.2352320691328487,2.00119519437449,-0.026120428924938044,0.03581533202738815,0.025646790591953746,-0.7169811320754718,486350.0,0.02936194240542064,-0.02202145680406553,0
2016-09-29,71.7,71.75,68.3,69.28,92000,71.32000000000001,71.971,68.54650000000001,1.0404615844718548,60.46608406158968,1.9668405645291926,1.9943242684054305,-0.02202145680406553,0.035940691999169314,0.026190654686295462,0.022222222222222143,472250.0,0.049797921478060087,0.012124711316397363,1
2016-09-30,70.0,70.8,69.6,70.12,56500,71.32000000000001,71.922,68.7805,1.0369218019642195,61.42915144133172,1.8011567297026119,1.955690760664867,0.012124711316397363,0.03232156353164053,0.0261471482610155,-0.38586956521739135,404150.0,0.01711351968054767,0.0484883057615515,1
2016-10-03,70.05,73.62,70.05,73.52,455500,71.3,71.86,69.201,1.0303319316194852,65.64195298372513,1.9220465260099644,1.9489619137338865,0.0484883057615515,0.032064273901972404,0.027878814895427786,7.061946902654867,341050.0,0.0485582154515779,0.04991838955386285,1
2016-10-04,74.5,77.19,74.3,77.19,1020500,72.19,72.065,69.80300000000001,1.0341962379840406,69.45337620578778,2.287620622535556,2.0166936554942203,0.04991838955386285,0.03568056493449141,0.02946937629407253,1.2403951701427003,321350.0,0.037440082912294344,0.0055706697758777235,1
2016-10-05,78.5,79.05,75.98,77.62,533000,73.546,72.673,70.4225,1.0443537221768613,67.65406877766429,2.58227131784723,2.129809187964822,0.0055706697758777235,0.030837301222803638,0.029425657396515967,-0.47770700636942676,318450.0,0.03955166194279816,-0.018294254058232484,0
2016-10-06,77.75,77.99,76.0,76.2,161500,74.93,73.125,71.0155,1.055121769191233,60.18957345971564,2.670419055566086,2.237931161485075,-0.018294254058232484,0.031967131285607936,0.029632811069849736,-0.6969981238273921,318200.0,0.026115485564304392,0.017322834645669305,1
2016-10-07,75.89,78.6,75.1,77.52,183000,76.41,73.865,71.679,1.0660025949022724,56.70103092783504,2.8143476927467646,2.353214467737413,0.017322834645669305,0.03047014317211778,0.029585755905985507,0.1331269349845201,324300.0,0.04514963880288958,0.007352941176470784,1
2016-10-10,78.7,79.0,77.5,78.09,344500,77.324,74.312,72.359,1.0686162053096366,55.949979830576844,2.9405100416177135,2.4706735825134736,0.007352941176470784,0.02714303442181959,0.029557489043625217,0.8825136612021858,325450.0,0.019208605455243947,-0.012165450121654486,0
2016-10-13,79.0,81.0,76.0,77.14,359500,77.314,74.752,72.9725,1.0594950152454692,62.64679313459799,2.930061625016677,2.5625511910141143,-0.012165450121654486,0.027158913530114376,0.02996338825458144,0.04354136429608135,329600.0,0.06481721545242417,0.03227897329530727,1
2016-10-14,77.0,80.2,75.6,79.63,597000,77.716,75.631,73.69950000000001,1.0544983344527437,66.23111474071047,3.087117006596884,2.6674643541306686,0.03227897329530727,0.02567067985652955,0.030366158476422104,0.6606397774687065,380300.0,0.057767173175938824,0.0031395202813009337,1
2016-10-17,79.9,82.0,79.02,79.88,710000,78.452,76.691,74.331,1.0554412021902033,71.05263157894734,3.194928294084548,2.7729571421214443,0.0031395202813009337,0.023059581000307097,0.029928333193953275,0.18927973199329973,442100.0,0.037305958938407664,0.04994992488733119,1
2016-10-18,79.1,83.87,78.9,83.87,1181000,79.72200000000001,78.066,74.994,1.0630450436034884,71.65188001689901,3.561276986058246,2.9306211109088047,0.04994992488733119,0.02557799891798485,0.029927405471970092,0.6633802816901408,554550.0,0.05925837605818527,-0.029211875521640618,0
2016-10-19,85.0,85.8,80.75,81.42,713500,80.388,78.856,75.358,1.0667480559462832,67.19492868462758,3.6122763659685972,3.0669521619207636,-0.029211875521640618,0.02716032687101345,0.0294631414620387,-0.3958509737510584,580350.0,0.06202407270940797,0.021984770326700875,1
2016-10-20,82.1,84.0,82.0,83.21,516500,81.602,79.458,75.7615,1.0770906067065726,74.61201750895341,3.753859625260546,3.20433365458872,0.021984770326700875,0.02390728838657738,0.029651066764985544,-0.27610371408549406,529950.0,0.02403557264751833,-0.002403557264751721,0
2016-10-21,83.25,85.0,83.0,83.01,549000,82.27799999999999,79.997,76.33500000000001,1.077854195323246,78.8809423643248,3.8060532372384444,3.324677571118665,-0.002403557264751721,0.02412167084284785,0.02695825855081735,0.06292352371732823,531550.0,0.02409348271292615,-0.036260691482953966,0
2016-10-24,82.11,82.11,79.9,80.0,199500,82.30199999999999,80.377,76.751,1.0723247905564746,69.04394757131843,3.5634578820959035,3.372433633314113,-0.036260691482953966,0.026741432645830822,0.028693152424909982,-0.6366120218579234,535350.0,0.02762499999999992,0.02849999999999997,1
2016-10-25,79.0,83.0,78.0,82.28,338000,81.98400000000001,80.853,77.35900000000001,1.0597861916519087,67.64705882352942,3.5146614314047895,3.4008791929322486,0.02849999999999997,0.027526553131066337,0.028342424631700825,0.694235588972431,550850.0,0.060768108896451144,-0.008264462809917439,0
2016-10-26,83.9,84.98,81.0,81.6,335500,82.02,81.204,77.75800000000001,1.0548110805319064,60.10077874484653,3.38213245799831,3.3971298459454613,-0.008264462809917439,0.027901689898586157,0.02680166014281054,-0.007396449704141994,549950.0,0.04877450980392162,-0.03125,0
2016-10-27,80.5,81.9,78.55,79.05,205000,81.188,81.39500000000001,78.0735,1.03989189673833,52.98538622129435,3.0363375932724352,3.324971395410856,-0.03125,0.029777254945718545,0.02779194697042536,-0.38897168405365123,534500.0,0.04237824161922844,-0.0003795066413662118,0
2016-10-28,78.0,81.5,77.54,79.02,374500,80.39,81.334,78.4825,1.0243047813206765,56.24999999999998,2.7284203905012134,3.2056611944289277,-0.0003795066413662118,0.02792376038713357,0.026878751811858965,0.826829268292683,512250.0,0.05011389521640083,0.0008858516831182772,1
2016-10-31,78.8,82.0,78.8,79.09,108000,80.208,81.255,78.973,1.0156382561128487,53.68371656499297,2.4616656545351248,3.0568620864501677,0.0008858516831182772,0.027900929030760007,0.026106952943562627,-0.7116154873164219,452050.0,0.04046023517511699,0.04994310279428493,1
2016-11-01,80.0,83.04,80.0,83.04,443000,80.35999999999999,81.172,79.619,1.0093068237481002,60.02430133657352,2.5397163240257044,2.953432933965275,0.04994310279428493,0.027899554522429686,0.027814156576858724,3.101851851851852,378250.0,0.036608863198458644,0.043232177263968996,1
2016-11-02,85.4,86.99,83.53,86.63,427500,81.36600000000001,81.69300000000001,80.2745,1.0135970949678916,67.36187339919502,2.858306263666165,2.9344075999054535,0.043232177263968996,0.029039981615696025,0.027442314374096943,-0.03498871331828446,349650.0,0.039939974604640355,-0.035322636500057736,0
2016-11-03,85.0,85.31,83.11,83.57,306000,82.27000000000001,81.729,80.59349999999999,1.0208019257136123,57.06093189964158,2.8312379113768884,2.9137736621997408,-0.035322636500057736,0.031237701641240713,0.027305228641254547,-0.28421052631578947,328600.0,0.02632523632882617,-0.005384707430896141,0
2016-11-04,83.4,84.0,83.0,83.12,96500,83.09,81.74,80.86850000000001,1.0274705231332346,55.765124555160156,2.7418682574593447,2.8793925812516616,-0.005384707430896141,0.031286579901282544,0.027388798232781668,-0.684640522875817,283350.0,0.01203079884504331,-0.011308950914340699,0
2016-11-07,83.0,83.96,82.0,82.18,67500,83.708,81.958,81.16749999999999,1.0312994733113625,46.62674650698604,2.5656171809431925,2.816637501189968,-0.011308950914340699,0.028929043073696866,0.02713582419317242,-0.30051813471502586,270150.0,0.02385008517887556,-0.0010951569724994004,0
2016-11-08,83.02,84.89,82.0,82.09,85500,83.518,81.93900000000001,81.396,1.0260700771536684,51.47642133098282,2.391111440869949,2.731532289125964,-0.0010951569724994004,0.02751724970568339,0.02697666326737713,0.2666666666666666,244900.0,0.035205262516749915,0.012059934218540569,1
2016-11-09,77.99,84.19,77.99,83.08,360000,82.808,82.087,81.6455,1.0142383842342813,49.70306075833715,2.3061156451901184,2.646448960338795,0.012059934218540569,0.0275808558865045,0.027035169010868873,3.2105263157894735,247350.0,0.07462686567164183,0.0125180548868562,1
2016-11-10,84.0,85.25,81.0,84.12,1022500,82.918,82.594,81.9945,1.0112629505637574,52.44170699516057,2.296205940367571,2.5764003563445503,0.0125180548868562,0.025050514065396528,0.02684772853421682,1.8402777777777777,329100.0,0.050523062291963856,0.03566333808844502,1
2016-11-11,84.3,88.32,84.0,87.12,1556500,83.718,83.404,82.369,1.0163775206691839,65.66901408450705,2.50159057686993,2.5614384004496262,0.03566333808844502,0.026499371621250035,0.02704080502774746,0.5222493887530562,447300.0,0.04958677685950405,-0.023071625344352698,0
2016-11-14,87.9,88.5,85.0,85.11,408500,84.304,84.006,82.63050000000001,1.0202528122182486,56.30289532293986,2.473654430803464,2.543881606520394,-0.023071625344352698,0.028438873248589326,0.027753828602597154,-0.737552200449727,477350.0,0.041123252261778875,0.008459640465280138,1
2016-11-15,84.5,87.0,84.0,85.83,438000,85.05199999999999,84.285,82.72850000000001,1.0280858470780925,59.40417963539352,2.4810132402293874,2.5313079332621933,0.008459640465280138,0.024323908420065397,0.025566639586578704,0.07221542227662181,476850.0,0.03495281370150297,-0.011534428521495887,0
2016-11-16,86.0,86.95,84.0,84.84,254500,85.40400000000001,84.106,82.8995,1.0302112799232808,63.8318203535595,2.3795306750761682,2.5009524816249886,-0.011534428521495887,0.020222480451306393,0.024742579023105452,-0.41894977168949776,459550.0,0.0347713342762848,-0.006836397925506832,0
2016-11-17,84.5,85.51,84.0,84.26,119000,85.432,84.175,82.952,1.0298968077924584,62.197392923649936,2.2266365778754817,2.4460893008750877,-0.006836397925506832,0.016689256280297233,0.024375309628935714,-0.5324165029469548,440850.0,0.017920721576074116,-0.025397578922383146,0
2016-11-18,84.7,84.75,81.41,82.12,163000,84.432,84.075,82.9075,1.0183879624883154,56.433121019108285,1.9107607287538428,2.339023586450839,-0.025397578922383146,0.01862100097323791,0.025072018838791718,0.3697478991596639,447500.0,0.04067218704335123,0.02106673161227457,1
2016-11-21,82.5,84.5,81.5,83.85,80500,84.17999999999999,84.24199999999999,83.1,1.0129963898916967,51.89873417721516,1.7795102973479686,2.227120928630265,0.02106673161227457,0.019436620346332093,0.02399115392107407,-0.5061349693251533,448800.0,0.03577817531305904,0.02265951103160413,1
2016-11-22,85.0,87.0,84.5,85.75,885000,84.16400000000002,84.60799999999999,83.2735,1.010693678060848,47.75967413441956,1.80796639470978,2.143290021846168,0.02265951103160413,0.020418240014765873,0.02369330862353939,9.993788819875776,528750.0,0.029154518950437316,-0.0102623906705539,0
2016-11-23,86.45,86.45,84.65,84.87,138500,84.17,84.787,83.437,1.0087850713712143,53.7227949599084,1.7394580220478417,2.062523621886503,-0.0102623906705539,0.02072494236553625,0.023744494365711327,-0.843502824858757,506600.0,0.021208907741251292,-0.004948745139625288,0
2016-11-24,85.79,85.8,84.0,84.45,137500,84.208,84.82000000000001,83.707,1.0059851625312102,53.815261044176694,1.6324562141554395,1.9765101403402903,-0.004948745139625288,0.020505449431314864,0.02248758390308828,-0.0072202166064981865,418100.0,0.02131438721136764,0.004499703966844182,1
2016-11-25,85.49,85.5,84.0,84.83,80000,84.75,84.59100000000001,83.9975,1.0089585999583321,57.85417901600472,1.5603327895770178,1.893274670187636,0.004499703966844182,0.01657191480027264,0.022469199958084038,-0.4181818181818182,270450.0,0.017682423670871153,-0.007072969468348345,0
2016-11-28,83.9,84.98,83.9,84.23,96500,84.826,84.503,84.25450000000001,1.006783020491487,56.15650172612199,1.4381810148836394,1.8022559391268367,-0.007072969468348345,0.015073706241701935,0.02259349826401633,0.20625000000000004,239250.0,0.01282203490442833,0.018520717084174354,1
2016-11-29,84.45,86.0,84.45,85.79,363000,84.83399999999999,84.499,84.39200000000001,1.00523746326666,57.54874651810588,1.4505329747121039,1.7319113462438902,0.018520717084174354,0.01607318942329906,0.020146104898970903,2.761658031088083,231750.0,0.01806737381979248,-0.020165520456929764,0
2016-11-30,86.5,86.55,83.6,84.06,209500,84.672,84.421,84.2635,1.0048478878755334,49.839055793991406,1.3056744478003424,1.6466639665551808,-0.020165520456929764,0.016972136063658362,0.018179162361792737,-0.4228650137741047,227250.0,0.03509398049012613,0.008565310492505418,1
2016-12-01,84.75,85.25,84.5,84.78,127500,84.738,84.473,84.324,1.004909634267824,42.84841075794619,1.2347377164842896,1.5642787165410026,0.008565310492505418,0.017061444682174468,0.016426580699250667,-0.3914081145584726,228100.0,0.008846426043878274,-0.00849256900212314,0
2016-12-02,84.1,86.5,83.9,84.06,203500,84.584,84.667,84.37100000000001,1.0025245641274845,46.51625746516258,1.107653522815184,1.472953677795839,-0.00849256900212314,0.014881406849163182,0.016503153173595617,0.5960784313725491,232150.0,0.030930287889602597,0.007494646680942241,1
2016-12-05,84.0,86.5,84.0,84.69,295500,84.676,84.751,84.4965,1.0021243483457896,46.19492656875834,1.045719712700489,1.387506884776769,0.007494646680942241,0.013553181548146925,0.016318099128954076,0.45208845208845205,253650.0,0.0295194237808478,-0.006140040146416337,0
2016-12-06,84.21,85.0,83.1,84.17,130000,84.352,84.593,84.6005,0.9970626651142724,47.69124741557546,0.9437975570527897,1.2987650192319733,-0.006140040146416337,0.011336752228795618,0.01640124604401768,-0.560067681895093,178150.0,0.022573363431151308,0.0008316502316738639,1
2016-12-07,84.0,84.8,83.5,84.24,51500,84.388,84.53,84.6585,0.9968048099127672,49.92857142857139,0.8587725341715071,1.21076652221988,0.0008316502316738639,0.010952967290353777,0.016207431789138523,-0.6038461538461539,169450.0,0.015432098765432067,-0.002849002849002802,0
2016-12-08,83.07,84.17,83.0,84.0,82500,84.232,84.485,84.6525,0.995032633413071,57.76859504132232,0.7632256070232586,1.1212583391805557,-0.002849002849002802,0.010882167909813046,0.015986309621351624,0.6019417475728155,163950.0,0.013928571428571448,0.0060714285714287275,1
2016-12-09,84.0,85.8,84.0,84.51,119000,84.322,84.453,84.522,0.9976337521592011,53.03308823529417,0.7203529363854528,1.0410772586215353,0.0060714285714287275,0.010973065390184542,0.013726297964048239,0.4424242424242424,167850.0,0.021299254526091552,-0.019879304224352246,0
2016-12-13,85.51,85.51,82.25,82.83,140000,83.95,84.31300000000002,84.40799999999999,0.9945739740308978,36.30393996247652,0.5445369928785198,0.9417692054729323,-0.019879304224352246,0.01249063623274219,0.013477704413406632,0.17647058823529416,172200.0,0.03935772063262109,-0.010020523964747063,0
2016-12-14,82.25,82.5,82.0,82.0,91500,83.51599999999999,83.934,84.2165,0.9916821525473036,36.47502356267668,0.33437308280466027,0.820289980939278,-0.010020523964747063,0.010480150638229572,0.01340882269805357,-0.3464285714285714,145050.0,0.006097560975609756,-0.009878048780487814,0
2016-12-15,80.49,82.89,80.49,81.19,83500,82.906,83.647,84.034,0.986576861746436,35.181818181818144,0.10128884462366727,0.6764897536761558,-0.009878048780487814,0.009192857215787206,0.013353098273165834,-0.08743169398907102,132450.0,0.02956029067619172,0.009730262347579899,1
2016-12-16,80.6,82.0,80.5,81.98,39500,82.502,83.367,83.92,0.9831029551954241,37.510955302366355,-0.0194613573087139,0.537299531479182,0.009730262347579899,0.009367473913332426,0.013556868562184009,-0.5269461077844311,123650.0,0.018297145645279334,0.009636496706513675,1
2016-12-19,82.99,83.45,82.05,82.77,159000,82.154,83.238,83.9525,0.9785771716149012,43.70689655172409,-0.05082449150293655,0.4196747268827583,0.009636496706513675,0.009987474255547177,0.012499182650234737,3.0253164556962027,119200.0,0.01691434094478683,0.0024163344206837856,1
2016-12-20,84.0,84.0,82.5,82.97,74500,82.18199999999999,83.066,83.9085,0.9794240154453957,36.23046874999996,-0.05886313519921771,0.3239671544663631,0.0024163344206837856,0.009600922324407244,0.011540482215728244,-0.5314465408805031,97100.0,0.01807882367120646,-0.009039411835603195,0
2016-12-21,82.5,83.5,81.8,82.22,284000,82.226,82.87100000000001,83.732,0.9820140448096307,40.06479481641467,-0.12431947273677224,0.23430982902573605,-0.009039411835603195,0.009781645582757953,0.010308560641826246,2.8120805369127515,112500.0,0.020676234492824165,0.0004864996351252593,1
2016-12-22,81.6,82.5,81.6,82.26,35000,82.44,82.673,83.6015,0.9861067086116876,35.314685314685335,-0.1709952987535246,0.15324880346988393,0.0004864996351252593,0.009769977364193038,0.01013658354048041,-0.8767605633802817,110850.0,0.010940919037199194,-0.003646973012399801,0
2016-12-23,81.6,83.5,80.51,81.96,59500,82.43599999999999,82.469,83.477,0.9875294991434765,37.132352941176435,-0.2295476376697394,0.07668951524195927,-0.003646973012399801,0.009777919937029743,0.010117513355783338,0.7,108550.0,0.03648121034651043,-0.005612493899463056,0
2016-12-26,81.5,81.51,81.5,81.5,34000,82.18199999999999,82.16799999999999,83.3105,0.9864542884750419,30.03754693366713,-0.3095012064768099,-0.0005486291017945608,-0.005612493899463056,0.009339789966695605,0.010057208625798892,-0.4285714285714286,100050.0,0.00012269938650313027,0.0373006134969327,1
2016-12-27,82.0,84.99,82.0,84.54,348500,82.496,82.339,83.326,0.990039123442863,51.76022835394865,-0.1261086896564052,-0.025660641212716693,0.0373006134969327,0.014390467306448686,0.013254412647444931,9.25,120900.0,0.035367873196120114,0.000946297610598501,1
2016-12-28,85.4,86.2,84.25,84.62,360000,82.976,82.60100000000001,83.2675,0.9964992343951722,51.80608365019015,0.025393808589285527,-0.015449751252316252,0.000946297610598501,0.013765291159663823,0.012544053814750758,0.03299856527977041,147750.0,0.023044197589222437,-0.0033089104230678013,0
2016-12-29,85.0,85.0,84.0,84.34,20500,83.39200000000001,82.916,83.28150000000001,1.0013268252853276,51.609848484848506,0.12146677663261585,0.01193355432467017,-0.0033089104230678013,0.013215807951323759,0.011698955562322824,-0.9430555555555555,141450.0,0.011856770215793217,0.0030827602561060985,1
2016-12-30,84.1,85.0,84.1,84.6,47500,83.91999999999999,83.178,83.27250000000001,1.0077756762436576,50.43646944713864,0.21609412451121557,0.052765668361979254,0.0030827602561060985,0.013055666493157066,0.01155674856087507,1.3170731707317072,142250.0,0.010638297872340493,-0.001891252955082745,0
2017-01-02,85.25,85.89,84.33,84.44,103500,84.50800000000001,83.345,83.2915,1.0146053318766022,59.15813424345847,0.2750062161595537,0.09721377792149415,-0.001891252955082745,0.012935135412726903,0.011395888118610758,1.1789473684210527,136700.0,0.018474656560871654,0.002486972998579029,1
2017-01-03,84.5,85.0,83.4,84.65,109000,84.53,83.513,83.2895,1.0148938341567664,66.21787025703796,0.334780576098737,0.14472713755694272,0.002486972998579029,0.012935362815510656,0.0112836407711767,0.0531400966183575,140150.0,0.018901358535144644,-0.023508564678086374,0
2017-01-04,84.0,84.89,82.5,82.66,160000,84.138,83.557,83.214,1.0111039007859255,57.8609625668449,0.2190507375770352,0.15959185756096123,-0.023508564678086374,0.014967082603570006,0.01239740216738995,0.4678899082568808,127750.0,0.028913622066295677,-0.007742559883861633,0
2017-01-05,82.7,82.7,81.77,82.02,96500,83.674,83.53299999999999,83.103,1.0068709914202858,50.217391304347785,0.07482877591384351,0.1426392412315377,-0.007742559883861633,0.015200464170853358,0.012484777780194021,-0.396875,133900.0,0.011338697878566287,0.012923677151914115,1
2017-01-06,82.0,83.5,82.0,83.08,101000,83.37,83.64500000000001,83.05699999999999,1.0037684963338431,51.63674762407604,0.045540016480714485,0.12321939628137306,0.012923677151914115,0.01567739597790087,0.012871362157813393,0.04663212435233155,138050.0,0.018054886856042368,-0.0007221954742416825,0
2017-01-09,84.0,84.4,83.0,83.02,183500,83.086,83.797,82.9825,1.0012472509264,50.26795284030009,0.017287683403694132,0.10203305370583728,-0.0007221954742416825,0.015507353620217323,0.012778891381852921,0.8168316831683169,153000.0,0.016863406408094504,0.02421103348590714,1
2017-01-10,82.25,85.98,82.25,85.03,269500,83.16199999999999,83.84599999999999,83.0925,1.0008364172458404,63.267233238904595,0.15529753431594884,0.1126859498278596,0.02421103348590714,0.012442003902631414,0.013115067440244781,0.4686648501362398,145100.0,0.04386687051628842,0.03998588733388231,1
2017-01-11,85.3,89.28,84.5,88.43,1940000,84.316,84.227,83.414,1.0108135325005394,72.11469534050175,0.532880209141041,0.1967248016904959,0.03998588733388231,0.017601212081016504,0.015393531092796635,6.198515769944342,303100.0,0.054054054054054064,-0.014248558181612636,0
2017-01-12,88.84,89.6,86.5,87.17,290000,85.346,84.51,83.713,1.019507125536058,67.47149564050972,0.7221215616776107,0.30180415368791885,-0.014248558181612636,0.018462925582774802,0.015628538183045087,-0.8505154639175257,330050.0,0.03556269358724325,-0.0018354938625673167,0
2017-01-13,88.25,89.25,86.5,87.01,559000,86.13199999999999,84.751,83.9645,1.025814481119997,68.85694729637234,0.8493947403125048,0.4113222710128361,-0.0018354938625673167,0.018539373073291284,0.015606624139268074,0.9275862068965517,381200.0,0.0316055625790139,-0.034134007585335024,0
2017-01-16,87.0,88.0,84.0,84.04,213500,86.336,84.711,84.02799999999999,1.0274670347979247,48.28060522696011,0.7025074045955364,0.4695592977293762,-0.034134007585335024,0.021965190952734394,0.01758478833398797,-0.6180679785330948,392200.0,0.047596382674916705,-0.007139457401237559,0
2017-01-17,84.0,84.5,81.25,83.44,180000,86.018,84.59,84.0515,1.0233963700826278,46.08233731739706,0.5315557039102146,0.4819585789655439,-0.007139457401237559,0.02204231272515143,0.017671240072732144,-0.15690866510538637,399300.0,0.038950143815915626,0.0010786193672100985,1
2017-01-18,84.99,84.99,83.5,83.53,91000,85.038,84.67699999999999,84.11699999999999,1.0109490352722994,47.276395427034295,0.39874105859938425,0.465315074892312,0.0010786193672100985,0.02060440318697416,0.01753015479698168,-0.49444444444444446,392400.0,0.01783790254998198,0.04585178977612836,1
2017-01-19,84.5,87.68,84.0,87.36,534500,85.076,85.211,84.372,1.0083440003792727,57.48373101952277,0.5956670081866235,0.49138546155117435,0.04585178977612836,0.024593156170227313,0.020200550583000947,4.873626373626373,436200.0,0.042124542124542204,-0.015567765567765512,0
2017-01-20,88.0,89.2,84.98,86.0,433500,84.874,85.503,84.574,1.0035471894435641,53.9714867617108,0.6346754643226546,0.5200434621054705,-0.015567765567765512,0.025415417693563893,0.020585530640254857,-0.18896164639850332,469450.0,0.04906976744186045,0.050000000000000044,1
2017-01-23,87.5,90.3,86.99,90.3,1175000,86.126,86.23100000000001,85.014,1.0130801985555322,61.90476190476187,1.001024819251782,0.6162397335347328,0.050000000000000044,0.02920327865227803,0.023027815103806477,1.7104959630911187,568600.0,0.036655592469545986,0.04994462901439656,1
2017-01-24,92.0,94.81,87.51,94.81,1244000,88.4,87.209,85.5275,1.0335856888135395,73.14285714285712,1.6364150566548972,0.8202747981587657,0.04994462901439656,0.031734317605705074,0.02409869902401759,0.05872340425531908,666050.0,0.07699609745807401,0.009598143655732416,1
2017-01-25,97.98,99.55,95.0,95.72,1133000,90.838,87.938,86.08250000000001,1.0552435163941565,75.82956259426845,2.1881719086755282,1.0938542202621182,0.009598143655732416,0.03010530283056323,0.024080463112686943,-0.08922829581993574,585350.0,0.04753447555369826,0.014103635603844422,1
2017-01-26,96.05,99.39,96.05,97.07,627000,92.78,88.928,86.719,1.069892411120977,76.09101081685935,2.7032159162851315,1.4157265594667208,0.014103635603844422,0.029056872429854726,0.02402364470902441,-0.44660194174757284,619050.0,0.034408159060471864,-0.02008859585865863,0
2017-01-27,97.22,98.6,94.35,95.12,293000,94.604,89.739,87.245,1.0843486732764054,71.08013937282232,2.920378988728146,1.716657045319006,-0.02008859585865863,0.03050334472267006,0.02478559113952384,-0.532695374800638,592450.0,0.044680403700588726,-0.045206055508831056,0
2017-01-30,96.6,97.4,90.37,90.82,310000,94.708,90.417,87.564,1.0815860399250834,59.34172313649563,2.714220381796281,1.9161697126144612,-0.045206055508831056,0.03239968639114064,0.027292262520927743,0.058020477815699634,602100.0,0.0774058577405858,-0.013323056595463512,0
2017-01-31,89.0,90.98,88.5,89.61,511500,93.668,91.034,87.812,1.0666879242017038,52.04861111111109,2.4252446027836214,2.0179846906482934,-0.013323056595463512,0.0327829350419125,0.027565970103758615,0.6499999999999999,635250.0,0.027675482647026045,0.03615667894208241,1
2017-02-01,93.8,94.09,91.5,92.85,372000,93.094,91.96600000000001,88.3215,1.0540355406101571,59.2267706302794,2.4296625012462414,2.100320252767883,0.03615667894208241,0.03386189341906371,0.02775028598831346,-0.2727272727272727,663350.0,0.027894453419493846,-0.010231556273559428,0
2017-02-02,93.5,94.5,91.5,91.9,223000,92.05999999999999,92.42,88.8155,1.0365307857299682,57.74469433006019,2.3296518803694255,2.1461865782881917,-0.010231556273559428,0.03207236575597344,0.027821557471548006,-0.40053763440860213,632200.0,0.032644178454842215,-0.022089227421109858,0
2017-02-03,90.3,92.98,88.55,89.87,168500,91.00999999999999,92.807,89.155,1.0208064606584037,59.51681358145609,2.062809919507302,2.129511246532014,-0.022089227421109858,0.03261099868245918,0.028461670295208987,-0.24439461883408076,605700.0,0.04929342383442758,0.04996105485701574,1
2017-02-06,90.45,94.36,90.0,94.36,509500,91.71799999999999,93.213,89.722,1.0222464947281602,65.81691772885286,2.1884145379827658,2.1412919048221646,0.04996105485701574,0.032605014225987605,0.030193055111460348,2.0237388724035608,539150.0,0.04620601949978804,0.04885544722339974,1
2017-02-07,98.9,99.07,94.99,98.97,1746500,93.59,93.62899999999999,90.419,1.0350700627080591,69.77459016393445,2.6296328055862546,2.2389600849749827,0.04885544722339974,0.03243915449692824,0.03141689744730124,2.4278704612365063,589400.0,0.04122461351924824,0.004546832373446552,1
2017-02-08,101.0,102.25,97.25,99.42,1082000,94.904,93.999,90.9685,1.0432622281339143,66.90970274817724,2.9812467439583656,2.387417416771659,0.004546832373446552,0.032394980408865716,0.030509156789021198,-0.380475236186659,584300.0,0.05029169181251257,0.04546368939851142,1
2017-02-09,99.95,104.39,99.85,103.94,1084000,97.31200000000001,94.686,91.807,1.0599627479386105,73.10664605873262,3.583323228506785,2.626598579118684,0.04546368939851142,0.03487577996610599,0.03130263682931105,0.001848428835489857,630000.0,0.04367904560323269,0.01327689051375791,1
2017-02-10,106.99,108.9,104.2,105.32,752000,100.402,95.706,92.7225,1.082822400172558,70.91922005571033,4.124285451688536,2.9261359536326546,0.01327689051375791,0.0335230731944887,0.031201995771100343,-0.30627306273062727,675900.0,0.044625902012913055,0.014906950246866835,1
2017-02-13,106.0,108.0,104.0,106.89,828000,102.90799999999999,97.313,93.865,1.0963404890001598,68.32524271844662,4.626358014560978,3.2661803658183195,0.014906950246866835,0.02716223750602746,0.02942300926865518,0.10106382978723394,727700.0,0.03742164842361306,-0.04415754513986336,0
2017-02-14,106.99,107.5,101.55,102.17,1182000,103.548,98.56899999999999,94.8015,1.0922611983987596,58.77073701387001,4.590473463938963,3.531038985442448,-0.04415754513986336,0.03223265122719502,0.03179272788185313,0.42753623188405787,794750.0,0.0582362728785358,-0.046491142213957115,0
2017-02-15,103.0,103.0,97.07,97.42,257000,103.148,99.026,95.49600000000001,1.080129010639189,50.43564849390093,4.131128320700213,3.6510568524940012,-0.046491142213957115,0.03618004673956831,0.03423257242978469,-0.7825719120135364,783250.0,0.06087045781153774,-0.01662902894682816,0
2017-02-16,98.99,98.99,94.1,95.8,285500,101.52,99.416,95.91799999999999,1.0584040534623325,50.853413654618464,3.5949333700635577,3.6398321560079125,-0.01662902894682816,0.036541992283888505,0.03346528573819481,0.1108949416342413,789500.0,0.05104384133611692,0.04206680584551159,1
2017-02-17,98.0,100.59,96.75,99.83,411500,100.422,100.412,96.6095,1.0394629927698622,61.384887541066476,3.4553511908460877,3.6029359629755477,0.04206680584551159,0.036933285697146545,0.03406336696835192,0.4413309982486866,813800.0,0.0384653911649805,-0.04177101071822098,0
2017-02-20,99.01,100.99,95.0,95.66,134000,98.176,100.542,96.8775,1.0134035250703208,57.112626381377844,2.9739651394267526,3.477141798265789,-0.04177101071822098,0.03761644088727541,0.03429293516516832,-0.6743620899149454,776250.0,0.06261760401421697,0.019652937486932975,1
2017-02-21,95.0,98.25,94.01,97.54,101000,97.25,100.399,97.014,1.002432638588245,55.69589506922517,2.7128909949879443,3.3242916376102203,0.019652937486932975,0.03458689658519362,0.03276606514887224,-0.24626865671641796,611700.0,0.04346934590937046,-0.023887635841706056,0
2017-02-22,97.2,98.0,93.87,95.21,46500,96.808,99.978,96.9885,0.9981389546183311,53.88954171562865,2.291560642564505,3.1177454386010774,-0.023887635841706056,0.035250573963472975,0.03320619527624995,-0.5396039603960396,508150.0,0.04337779644995269,-0.020270979939082,0
2017-02-23,91.65,95.0,91.6,93.28,268500,96.304,98.912,96.799,0.9948863108089959,54.01648998822143,1.781383749439982,2.8504731007688586,-0.020270979939082,0.030914522383978384,0.03334104658279799,4.774193548387097,426600.0,0.036449399656946886,-0.010827615780445998,0
2017-02-24,94.99,95.0,92.0,92.27,74500,94.792,97.607,96.6565,0.9807100401938825,47.31845008981268,1.28080203830892,2.536538888276871,-0.010827615780445998,0.029788533862470275,0.03313241053745116,-0.7225325884543762,358850.0,0.03251327625447058,-0.03858242115530508,0
2017-02-27,91.05,92.9,88.0,88.71,53000,93.402,95.789,96.551,0.9673851125312011,36.471518987341774,0.5900237513736641,2.1472358608962296,-0.03858242115530508,0.029065993717469756,0.032697532283242195,-0.28859060402684567,281350.0,0.05523616277758997,0.0255889978581898,1
2017-02-28,87.5,93.13,87.5,90.98,98000,92.09,94.67,96.6195,0.9531202293532879,39.38097634625064,0.22317439549705398,1.7624235678163946,0.0255889978581898,0.030450934787276094,0.03306060625066013,0.8490566037735849,172950.0,0.06188173224884585,0.037480765003297334,1
2017-03-01,93.01,95.5,92.01,94.39,178500,91.926,94.36699999999999,96.69649999999999,0.9506652257320587,37.63914056432826,0.20523630305245888,1.4509861148636074,0.037480765003297334,0.031181016386350773,0.033135370840040326,0.8214285714285714,165100.0,0.036974255747430816,-0.00021188685242079508,0
2017-03-02,96.49,97.49,93.0,94.37,231000,92.144,94.224,96.82000000000001,0.9517041933484817,35.30990072444328,0.18724792517645028,1.198238476926176,-0.00021188685242079508,0.030797025460933516,0.03302672652416911,0.2941176470588236,159650.0,0.04757867966514777,-0.02521987919889801,0
2017-03-03,94.0,94.45,91.85,91.99,136000,92.08800000000001,93.44,96.926,0.9500856323380724,30.43592436974791,-0.018836962620156328,0.9548233890169097,-0.02521987919889801,0.027497391583852834,0.033153306855923326,-0.4112554112554112,132100.0,0.028263941732797136,-0.0278291118599846,0
2017-03-06,92.05,92.6,88.9,89.43,159000,92.232,92.817,96.6795,0.9539974865405799,32.266146993318515,-0.3843013395249528,0.6869984433085372,-0.0278291118599846,0.02589035184707566,0.03172416616539026,0.1691176470588236,134600.0,0.041373141004137186,0.010063737001006379,1
2017-03-07,89.5,91.49,89.5,90.33,34500,92.102,92.096,96.2475,0.9569287513961402,38.94605550358591,-0.5944594543133377,0.4307068637841623,0.010063737001006379,0.02497930653169458,0.029549584833083502,-0.7830188679245282,127950.0,0.022030333222628085,-0.006863721908557552,0
2017-03-08,90.16,91.0,87.26,89.71,384000,91.166,91.546,95.762,0.9520060149119692,40.19954940457033,-0.8017974706938276,0.18420599688856434,-0.006863721908557552,0.024299339126824367,0.02948308516287482,10.130434782608695,161700.0,0.041689889644409714,-0.018169657786199944,0
2017-03-09,89.25,91.9,87.25,88.08,171000,89.90799999999999,91.026,94.969,0.9467089260706124,29.508196721311492,-1.0851329824370026,-0.06966179897654903,-0.018169657786199944,0.02416774823743351,0.027122368735846638,-0.5546875,151950.0,0.052792915531335215,0.013851044504995524,1
2017-03-10,87.01,90.0,87.0,89.3,80500,89.36999999999999,90.729,94.16799999999999,0.9490485090476595,37.63608087091759,-1.1974313693305305,-0.29521571304734534,0.013851044504995524,0.024809894660381884,0.027146249514183936,-0.5292397660818713,152550.0,0.0335946248600224,-0.014221724524076107,0
2017-03-13,89.11,89.11,87.11,88.03,33000,89.08999999999999,90.661,93.225,0.9556449450254759,31.063321385902015,-1.3730790357647038,-0.5107883775908171,-0.014221724524076107,0.02195886652927985,0.02663681610457522,-0.5900621118012422,150550.0,0.022719527433829375,-0.007724639327502114,0
2017-03-14,88.0,89.1,84.1,87.35,42500,88.494,90.298,92.48400000000001,0.9568574023614894,33.248081841432224,-1.5492921187457398,-0.7184891258218016,-0.007724639327502114,0.019991012731303038,0.025343439086852073,0.28787878787878785,145000.0,0.057240984544934176,0.0075558099599313255,1
2017-03-15,89.45,89.5,88.01,88.01,18000,88.154,89.66,92.0135,0.9580550680063252,38.12528165840471,-1.6170454787024369,-0.8982003963979287,0.0075558099599313255,0.014632574435122035,0.023801594453207276,-0.5764705882352941,128950.0,0.016929894330189692,0.009998863765481092,1
2017-03-16,87.0,89.25,86.01,88.89,34500,88.316,89.112,91.66799999999999,0.9634332591525943,42.33907524932005,-1.581501296575027,-1.0348605764333485,0.009998863765481092,0.015481010856978568,0.023849633181092515,0.9166666666666667,109300.0,0.036449544380695184,0.042974462819214576,1
2017-03-17,89.15,93.33,89.01,92.71,1417500,88.998,89.184,91.312,0.9746583143507973,58.960573476702514,-1.2309011391068339,-1.0740686889680455,0.042974462819214576,0.020279581682733635,0.023941523234907638,40.08695652173913,237450.0,0.046596915111638375,-0.014130083054686549,0
2017-03-20,93.0,93.6,91.02,91.4,91500,89.672,89.381,91.099,0.9843357226753312,50.98314606741574,-1.0466884671405126,-1.068592644602539,-0.014130083054686549,0.018503417522461776,0.022356532953860992,-0.9354497354497354,230700.0,0.02822757111597372,0.0417943107221006,1
2017-03-21,90.55,95.96,90.5,95.22,204500,91.24600000000001,89.86999999999999,90.983,1.0028906499016301,51.90629306384933,-0.5857048812165715,-0.9720150919253456,0.0417943107221006,0.022306227316221956,0.023976707587378833,1.2349726775956285,247700.0,0.057340894770006236,0.00871665616467121,1
2017-03-22,96.0,97.5,95.3,96.05,148000,92.854,90.504,91.025,1.0200933809393022,53.72010628875109,-0.15164987935345664,-0.8079420494109678,0.00871665616467121,0.02188637052176602,0.023436052784276573,-0.2762836185819071,224100.0,0.022904737116085403,-0.004476834981780198,0
2017-03-24,96.01,96.8,95.0,95.62,69500,94.2,91.25800000000001,91.142,1.0335520396743543,58.79786718371308,0.15584791275414034,-0.6151840569779463,-0.004476834981780198,0.02051776782169669,0.022953397251748473,-0.5304054054054055,213950.0,0.018824513700062717,-0.03377954402844596,0
2017-03-27,95.02,95.02,92.0,92.39,83000,94.136,91.567,91.148,1.0327818493000396,56.94835680751173,0.13732512408910225,-0.46468222076453664,-0.03377954402844596,0.02430034401004577,0.024144425543756596,0.19424460431654667,214200.0,0.03268752029440411,0.003896525598008349,1
2017-03-28,91.21,94.68,91.21,92.75,52000,94.406,92.039,91.35,1.0334537493158185,55.82851637764933,0.14996595776648292,-0.3417525850583327,0.003896525598008349,0.023479647235057098,0.02234127528449449,-0.37349397590361444,216100.0,0.037412398921833026,-0.022318059299191284,0
2017-03-29,94.48,94.48,90.0,90.68,54000,93.498,92.37199999999999,91.33500000000001,1.023682049597635,52.18370103556959,-0.00696747405626752,-0.2747955628579197,-0.022318059299191284,0.024807686591133072,0.022299654442388257,0.03846153846153855,217250.0,0.04940449933833264,-0.04995588883987645,0
2017-03-30,90.0,90.8,86.15,86.15,70500,91.518,92.186,90.923,1.0065439987681886,46.156909597769825,-0.49120913746092754,-0.31807827777852127,-0.04995588883987645,0.030017210273456524,0.023134469144647132,0.3055555555555556,222500.0,0.05397562391178167,-0.030179918746372714,0
2017-03-31,82.5,85.99,81.85,83.55,375500,89.10400000000001,91.652,90.38199999999999,0.9858600163749421,39.14684786711966,-1.0724103365675859,-0.46894468953633417,-0.030179918746372714,0.030947730825295044,0.02381604309258592,4.326241134751773,256600.0,0.049551166965888696,-0.0019150209455415235,0
2017-04-03,83.21,84.99,82.5,83.39,53000,87.304,90.72,89.952,0.9705620775524725,40.85894405043341,-1.5283097337415512,-0.6808176983773776,-0.0019150209455415235,0.025947295552244898,0.02338209046586824,-0.8588548601864181,120150.0,0.029859695407123094,-0.005516248950713454,0
2017-04-04,83.15,84.45,82.75,82.93,30500,85.34,89.873,89.627,0.9521684313878631,41.216216216216225,-1.9047743926813467,-0.9256090372381716,-0.005516248950713454,0.025946592053601288,0.0227407194112628,-0.42452830188679247,114050.0,0.0204992162064392,-0.034366333051971676,0
2017-04-05,83.5,83.5,79.68,80.08,119000,83.22,88.35900000000001,89.11449999999999,0.9338547598875605,35.50274223034731,-2.4053689329597603,-1.2215610163824895,-0.034366333051971676,0.019679369100485594,0.02350133609398498,2.901639344262295,105500.0,0.04770229770229762,0.005244755244755206,1
2017-04-06,80.0,80.5,79.0,80.5,79500,82.09,86.804,88.654,0.9259593475759695,34.39940498326513,-2.7366567473321908,-1.5245801625724298,0.005244755244755206,0.019200256297008184,0.0236265359617684,-0.33193277310924374,98650.0,0.018633540372670808,-0.00782608695652165,0
2017-04-07,80.99,81.45,79.0,79.87,33500,81.354,85.229,88.24350000000001,0.9219262608577401,22.911392405063296,-3.0152821660304454,-1.822720563264033,-0.00782608695652165,0.018978943740392204,0.023438680655248668,-0.5786163522012578,95050.0,0.030674846625766906,-0.025791911856767324,0
2017-04-10,80.01,81.0,77.0,77.81,116500,80.23800000000001,83.771,87.66900000000001,0.915237997467748,22.208588957055184,-3.363546728645531,-2.1308857963403325,-0.025791911856767324,0.01838446155187718,0.02347074644001148,2.4776119402985075,98400.0,0.05140727412928929,-0.0023133273358181272,0
2017-04-11,76.06,78.75,76.0,77.63,168500,79.178,82.259,87.149,0.9085359556621418,7.736665064872653,-3.6124315372055804,-2.4271949445133822,-0.0023133273358181272,0.01769699515247894,0.023418236385804803,0.446351931330472,110050.0,0.035424449310833446,0.017776632745072796,1
2017-04-12,78.9,80.35,78.55,79.01,75000,78.964,81.09200000000001,86.732,0.9104367476825163,10.112359550561834,-3.6561739765365786,-2.6729907509180215,0.017776632745072796,0.020759534834073144,0.02400656398806205,-0.5548961424332344,112150.0,0.022781926338438136,0.0011390963169217727,1
2017-04-13,79.05,79.95,78.5,79.1,81500,78.684,80.387,86.2865,0.9118923585960723,10.704091341579456,-3.641599830980695,-2.8667125669305564,0.0011390963169217727,0.016670750561533183,0.023876244985127075,0.08666666666666667,113250.0,0.018331226295828104,0.005056890012642201,1
2017-04-14,78.2,79.5,78.2,79.5,104500,78.60999999999999,79.982,85.81700000000001,0.9160189706002305,14.568444200109965,-3.556772795790394,-3.0047246127025242,0.005056890012642201,0.015209688814263293,0.023737459150983947,0.28220858895705514,86150.0,0.0163522012578616,-0.0026415094339621303,0
2017-04-17,79.0,79.5,78.52,79.29,57500,78.906,79.572,85.146,0.9267141145796632,12.694013303769438,-3.4665319813730378,-3.097086086436627,-0.0026415094339621303,0.01519583486623039,0.02087382207422307,-0.44976076555023925,86600.0,0.012359692268886415,-0.003531340648253223,0
2017-04-18,79.25,79.5,79.0,79.01,83500,79.18199999999999,79.17999999999999,84.5265,0.9367713084062393,14.092307692307728,-3.378662032967725,-3.153401275742847,-0.003531340648253223,0.0152001993916081,0.020833259031660063,0.4521739130434783,91900.0,0.006328312871788381,0.022149095051259282,1
2017-04-19,79.0,82.0,76.0,80.76,52000,79.532,79.248,83.8035,0.9490295751370765,29.99257609502601,-3.1317136456647745,-3.1490637497272327,0.022149095051259282,0.013348570406286363,0.018770102095081436,-0.3772455089820359,85200.0,0.07429420505200594,0.001857355126300142,1
2017-04-20,80.0,82.84,79.0,80.91,111500,79.894,79.28900000000002,83.04650000000001,0.9620393394062362,38.021778584392,-2.890580708083675,-3.0973671413985215,0.001857355126300142,0.013269551060526491,0.018508820816649067,1.1442307692307692,88400.0,0.047460140897293335,0.04993202323569412,1
2017-04-21,81.95,84.95,81.95,84.95,160000,80.98400000000001,79.797,82.513,0.9814695866105947,55.234899328859065,-2.346438597920894,-2.947181432702996,0.04993202323569412,0.02004224344977129,0.022647649224383632,0.43497757847533625,101050.0,0.03531489111241907,-0.0030606238964097088,0
2017-04-24,86.0,89.0,84.0,84.69,292500,82.064,80.485,82.128,0.9992207286187413,55.9863945578231,-1.9141171315777257,-2.740568572477942,-0.0030606238964097088,0.017056785012649275,0.021659943280323214,0.828125,118650.0,0.0590388475616956,0.010745070256228617,1
2017-04-25,84.8,86.99,82.56,85.6,370000,83.382,81.282,81.7705,1.019707596260265,71.63009404388713,-1.4809978387837646,-2.4886544257391066,0.010745070256228617,0.01661960776717084,0.021846649137903098,0.2649572649572649,138800.0,0.05175233644859805,0.050000000000000044,1
2017-04-26,86.5,89.88,86.0,89.88,513000,85.20599999999999,82.369,81.73049999999999,1.0425239047846275,78.21901323706376,-0.7833573918507994,-2.1475950189614452,0.050000000000000044,0.02088410423376566,0.024446253621934273,0.38648648648648654,182600.0,0.04316866933689359,0.005451713395638658,1
2017-04-27,90.1,94.0,90.05,90.37,292500,87.098,83.496,81.9415,1.0629290408401115,81.85679611650482,-0.18875752725260497,-1.7558275206196774,0.005451713395638658,0.020651414406323676,0.021463693541922634,-0.4298245614035088,203700.0,0.0437091955294899,0.004315591457342061,1
2017-04-28,90.49,92.75,89.0,90.76,136500,88.26,84.622,82.302,1.0723919224320186,93.72045914922346,0.3103592615608335,-1.3425901641835754,0.004315591457342061,0.020686771637656958,0.020028020325512926,-0.5333333333333333,206900.0,0.04131776112825033,-0.04881004847950643,0
2017-05-02,89.0,89.0,86.23,86.33,47500,88.588,85.326,82.449,1.0744581498865966,72.82266526757607,0.34447800765045145,-1.00517652981677,-0.04881004847950643,0.028406435646154023,0.02327943964388344,-0.652014652014652,205900.0,0.03208618093362674,-0.01598517317270931,0
2017-05-03,85.5,86.1,84.9,84.95,32500,88.458,85.92,82.55,1.0715687462144154,65.58237145855193,0.2571980735878867,-0.7527016091358388,-0.01598517317270931,0.029272049110150012,0.02357296438652301,-0.3157894736842105,200800.0,0.014125956444967494,-0.010005885815185467,0
2017-05-04,86.77,86.77,83.5,84.1,100500,87.30199999999999,86.25399999999999,82.751,1.0549963142439365,62.613521695257305,0.11807905888259995,-0.5785454755321512,-0.010005885815185467,0.02926962582398685,0.022214186530088283,2.0923076923076924,205650.0,0.038882282996432774,0.014982164090368677,1
2017-05-05,84.0,88.3,82.6,85.36,256000,86.3,86.69899999999998,82.994,1.0398342048822806,64.16827852998065,0.10824987005216258,-0.44118640641528845,0.014982164090368677,0.02943455077609246,0.022379333002887237,1.5472636815920398,220100.0,0.06677600749765701,-0.00046860356138711534,0
2017-05-08,85.0,87.0,85.0,85.32,78000,85.212,86.736,83.2665,1.0233647385202933,64.7001462701121,0.09612443868869036,-0.3337242373944927,-0.00046860356138711534,0.025012854594612877,0.02224912301041541,-0.6953125,211900.0,0.02344116268166901,0.04992967651195501,1
2017-05-09,85.5,89.58,85.5,89.58,491500,85.862,87.225,83.85499999999999,1.023934172082762,71.58023683135968,0.42535808148153365,-0.18190777361928745,0.04992967651195501,0.029359207095750094,0.023407623872446163,5.301282051282051,231800.0,0.045545880776959126,0.030252288457244925,1
2017-05-10,91.5,93.0,91.45,92.29,1570500,87.33000000000001,87.894,84.588,1.0324159455241881,72.65225933202353,0.8946396183536365,0.03340170477529733,0.030252288457244925,0.030340052786504788,0.02383064841911231,2.195320447609359,351850.0,0.0167948856864232,0.012135659334705728,1
2017-05-11,93.0,95.5,92.53,93.41,454500,89.192,88.247,85.308,1.0455291414638719,73.65632096896287,1.3414597441838652,0.2950133126570109,0.012135659334705728,0.026649661971023513,0.023753993397840047,-0.7106017191977078,346000.0,0.03179531099454019,-0.014987688684294898,0
2017-05-12,91.6,93.74,90.85,92.01,163000,90.522,88.411,85.95349999999999,1.0531508315542708,64.84440706476029,1.5645642901285441,0.5489235081513175,-0.014987688684294898,0.027316734321960898,0.02429081476861196,-0.6413641364136413,333050.0,0.03140962938810999,-0.014454950548853374,0
2017-05-15,91.25,92.94,90.0,90.68,121500,91.59400000000001,88.40299999999999,86.5125,1.0587371767085683,62.0523138832998,1.6154346404826043,0.7622257346175749,-0.014454950548853374,0.027791093457044055,0.024796138885091773,-0.254601226993865,331550.0,0.03242170269078074,-0.008050286722540823,0
2017-05-16,90.2,91.99,88.2,89.95,94500,91.668,88.765,87.0455,1.0531044109115348,58.81637616538306,1.5786471982758599,0.9255100273492319,-0.008050286722540823,0.022226764830245407,0.02493467668181883,-0.2222222222222222,336250.0,0.042134519177320646,0.020122290161200596,1
2017-05-17,90.59,92.99,89.25,91.76,399500,91.562,89.446,87.683,1.0442389060593273,54.23423423423424,1.6762223110964811,1.0756524840986819,0.020122290161200596,0.021479282256719044,0.02498875611484266,3.227513227513228,372950.0,0.040758500435919734,-0.007955536181342704,0
2017-05-18,92.0,92.99,90.25,91.03,127500,91.08600000000001,90.13900000000001,88.1965,1.0327620710572416,51.470588235294116,1.6753341822682444,1.1955888237325945,-0.007955536181342704,0.02129790427892668,0.024985781409179095,-0.6808510638297872,375650.0,0.03009996704383165,0.015049983521916,1
2017-05-19,92.0,93.2,91.5,92.4,344000,91.16400000000002,90.843,88.771,1.026957001723536,53.501280956447474,1.764833976693211,1.3094378543247178,0.015049983521916,0.02130033207506542,0.025036490778154764,1.6980392156862747,384450.0,0.018398268398268428,0.00800865800865802,1
2017-05-22,92.8,94.0,92.6,93.14,397000,91.65599999999999,91.625,89.1805,1.027758310392967,67.25798276735934,1.8738741691721117,1.4223251172941966,0.00800865800865802,0.02108650724130313,0.02291409205349838,0.15406976744186052,416350.0,0.01503113592441492,-0.014064848614988246,0
2017-05-23,93.3,93.9,91.15,91.83,115000,92.032,91.85000000000001,89.5375,1.027859835264554,67.49745676500505,1.8334484035168686,1.504549774538731,-0.014064848614988246,0.016497902671126642,0.02324405003230724,-0.7103274559193955,378700.0,0.029946640531416747,-0.0032669062397908677,0
2017-05-24,92.5,93.49,91.2,91.53,90000,91.986,91.774,89.83399999999999,1.023955295322484,69.44008372579802,1.756950172265391,1.5550298540840632,-0.0032669062397908677,0.013364204043019646,0.023251064600104055,-0.21739130434782605,230650.0,0.025019119414399563,-0.005353436031902081,0
2017-05-25,91.5,92.5,90.0,91.04,210500,91.988,91.537,89.89200000000001,1.023316869131847,65.48527808069795,1.6379051173274632,1.5716049067327433,-0.005353436031902081,0.012614406835303212,0.020579407826100973,1.338888888888889,206250.0,0.027460456942003515,0.044925307557117655,1
2017-05-26,90.4,95.59,90.4,95.13,682000,92.534,91.849,90.13,1.026672584045268,71.90710138454669,1.85223842052622,1.6277316094914387,0.044925307557117655,0.018755157907672303,0.022816072844167333,2.2399049881235156,258150.0,0.05455692210659096,-0.01944707242720478,0
2017-05-29,93.78,98.0,91.0,93.28,470000,92.562,92.10900000000001,90.256,1.0255495479524908,59.25925925925928,1.8514768954480019,1.6724806666827514,-0.01944707242720478,0.01934327223397663,0.023346417152961062,-0.3108504398826979,293000.0,0.07504288164665524,-0.03580617495711835,0
2017-05-30,92.0,92.88,88.63,89.94,105000,92.184,92.108,90.4365,1.019322950357433,44.29888403687527,1.5633420607519923,1.6506529454965997,-0.03580617495711835,0.022789018513458797,0.022010667390927184,-0.7765957446808511,294050.0,0.04725372470535913,-0.011674449633088724,0
2017-05-31,90.51,91.8,87.0,88.89,80500,91.65599999999999,91.821,90.6335,1.0112817004749899,38.99707887049659,1.2360188476909997,1.5677261259354798,-0.011674449633088724,0.02190485940919319,0.021842882221617194,-0.23333333333333328,262150.0,0.05399932500843736,-0.03352458094273825,0
2017-06-01,89.7,90.9,84.45,85.91,77000,90.63,91.309,90.724,0.9989638904810193,36.21157323688968,0.7277625542934629,1.3997334116070765,-0.03352458094273825,0.023949822093955946,0.023145455472885018,-0.04347826086956519,257100.0,0.07507857059713657,-0.014084507042253502,0
2017-06-02,82.4,87.0,82.25,84.7,55000,88.544,90.539,90.691,0.9763262065695603,36.40909090909089,0.22473824973079104,1.1647343792318197,-0.014084507042253502,0.02292005755606154,0.023154844462453413,-0.2857142857142857,228200.0,0.05608028335301062,0.049940968122786256,1
2017-06-05,85.11,88.93,85.0,88.93,142500,87.674,90.11800000000001,90.8715,0.9648129501548891,48.00000000000001,0.165505666387034,0.9648886366628626,0.049940968122786256,0.02922892284042811,0.025718415660439524,1.5909090909090908,202750.0,0.04419206117170816,0.00618463960418314,1
2017-06-06,92.0,92.0,88.5,89.48,48500,87.58200000000001,89.883,90.8665,0.9638535653953878,45.29702970297029,0.16108691115887552,0.8041282915620652,0.00618463960418314,0.029173677723711204,0.02319883871455037,-0.6596491228070176,196100.0,0.03911488600804649,-0.008493518104604414,0
2017-06-07,90.25,90.45,85.6,88.72,147000,87.548,89.602,90.68800000000002,0.9653757939308396,45.24103831891223,0.09516239454241315,0.6623351121581348,-0.008493518104604414,0.029241444248461947,0.022151054809377554,2.0309278350515463,201800.0,0.0546663660955817,-0.0002254283137961277,0
2017-06-08,88.01,89.0,87.95,88.7,15500,88.10600000000001,89.36800000000001,90.4525,0.9740582073463974,41.928446771378695,0.04083221890796551,0.538034533508101,-0.0002254283137961277,0.029235353476801004,0.02191471498383112,-0.8945578231292517,182300.0,0.011837655016910904,-0.040135287485907556,0
2017-06-09,87.9,87.9,84.65,85.14,124000,88.194,88.369,90.10900000000001,0.9787479608030274,34.45998445998444,-0.28618808643423677,0.3731900095196335,-0.040135287485907556,0.026212019340386073,0.023351817740088446,7.0,126500.0,0.038172421893352126,-0.046981442330279566,0
2017-06-12,82.01,82.5,80.89,81.14,420500,86.636,87.155,89.632,0.9665744377008211,31.19943721421032,-0.8582274927686058,0.12690650906198567,-0.046981442330279566,0.028569964150620714,0.025205543350388673,2.3911290322580645,121550.0,0.019842247966477686,-0.001848656642839619,0
2017-06-13,82.89,84.39,79.0,80.99,305500,84.938,86.26,89.184,0.9523905633297453,31.36492220650635,-1.3085919565033066,-0.1601931840510728,-0.001848656642839619,0.027623868367777665,0.02520731827554388,-0.2734839476813318,141600.0,0.06655142610198791,-0.017779972836152624,0
2017-06-14,82.99,83.0,79.0,79.55,109500,83.10400000000001,85.326,88.5735,0.9382490248211939,30.345535408826535,-1.7614006736002494,-0.4804346819609082,-0.017779972836152624,0.02773018991766254,0.024643063272607783,-0.6415711947626841,144500.0,0.0502828409805154,0.018353236957888264,1
2017-06-15,79.0,83.24,79.0,81.01,149000,81.566,84.83599999999998,88.0725,0.9261233642737517,23.458646616541387,-1.9796251593759138,-0.7802727774439093,0.018353236957888264,0.027837080445098205,0.02527373671515792,0.36073059360730597,151700.0,0.052339217380570235,-0.017652141710900016,0
2017-06-16,80.5,80.5,79.0,79.58,7500,80.454,84.324,87.4315,0.9201946666819166,23.83498854087091,-2.2421130025405915,-1.0726408224632458,-0.017652141710900016,0.02798171127033807,0.024928998128757287,-0.9496644295302014,146950.0,0.018848957024377985,0.01583312390047764,1
2017-06-19,79.0,82.0,76.0,80.84,215000,80.394,83.515,86.81649999999999,0.9260221271302116,31.120331950207486,-2.3217019052759866,-1.322453039025794,0.01583312390047764,0.0218251589232955,0.025238821142750827,27.666666666666668,154200.0,0.07422068283028203,-0.049975259772390035,0
2017-06-20,80.5,80.5,76.8,76.8,108500,79.556,82.247,86.06500000000001,0.9243711148550513,27.685492801771886,-2.679878944111124,-1.59393822004286,-0.049975259772390035,0.024470404929960308,0.0270019869910629,-0.49534883720930234,160200.0,0.04817708333333337,0.021093750000000133,1
2017-06-21,76.31,79.0,73.61,78.42,74000,79.33,81.21700000000001,85.4095,0.9288193936271727,35.44500582977072,-2.800731280017729,-1.8352968320378338,0.021093750000000133,0.026988912813456445,0.027790793288476254,-0.3179723502304147,152900.0,0.06873246620760011,0.020147921448609996,1
2017-06-22,78.0,80.01,77.7,80.0,428500,79.128,80.34700000000001,84.85749999999999,0.9324809239018356,40.99616858237548,-2.7374591069528975,-2.0157292870208465,0.020147921448609996,0.028686379084001252,0.028463253178013462,4.79054054054054,194200.0,0.02887500000000003,-0.03499999999999992,0
2017-06-29,77.05,81.0,77.0,77.2,34500,78.652,79.553,83.961,0.936768261454723,26.22618565058778,-2.880052599771588,-2.1885939495709947,-0.03499999999999992,0.028125351573920543,0.02646944751994365,-0.9194865810968494,185250.0,0.05181347150259067,-0.01761658031088087,0
2017-06-30,77.0,77.0,75.0,75.84,36000,77.652,79.023,83.08900000000001,0.9345641420645331,23.233908948194696,-3.0674400645181805,-2.364363172560432,-0.01761658031088087,0.025137659518950053,0.026438404803150028,0.04347826086956519,146800.0,0.026371308016877634,-0.049973628691983185,0
2017-07-03,73.15,73.15,72.05,72.05,62500,76.70200000000001,78.12899999999999,82.1945,0.9331767940677297,20.764643984566845,-3.481633205678392,-2.5878171791840243,-0.049973628691983185,0.0285368832727648,0.027341661635866973,0.7361111111111112,122500.0,0.015267175572519203,0.0036086051353227955,1
2017-07-04,70.5,73.9,70.0,72.31,68500,75.48,77.405,81.3655,0.9276659026245768,21.495652173913086,-3.745726029029825,-2.8193989491531846,0.0036086051353227955,0.028794041351825766,0.027525081262519263,0.09600000000000009,118400.0,0.05393444890056708,0.014382519706817698,1
2017-07-05,72.5,74.4,72.0,73.35,36500,74.15,76.639,80.7375,0.9184084223564021,27.52573389248954,-3.8269870612392936,-3.0209165715704063,0.014382519706817698,0.028397768868824797,0.027445979614247846,-0.46715328467153283,107150.0,0.032719836400818075,-0.03176550783912746,0
2017-07-06,72.1,72.25,70.0,71.02,185500,72.91399999999999,75.783,80.0535,0.9108158918723103,29.397394136807833,-4.032909669822331,-3.2233151912207916,-0.03176550783912746,0.029186846415091748,0.027949004762241693,4.082191780821918,124950.0,0.031681216558715856,0.04097437341593935,1
2017-07-07,72.5,74.49,71.15,73.93,16500,72.532,75.092,79.3035,0.9146128481088476,37.0790629575403,-3.9161492102241624,-3.361881995021466,0.04097437341593935,0.03262797583525792,0.027020477571903206,-0.9110512129380054,105100.0,0.04517787095901513,0.019477884485323838,1
2017-07-10,70.65,76.2,70.65,75.37,109000,73.196,74.949,78.598,0.9312705157892058,42.349926793557856,-3.665169941761519,-3.422539584369477,0.019477884485323838,0.030091126992791303,0.027567560346251938,5.606060606060606,105150.0,0.07363672548759449,-0.049887223033037054,0
2017-07-11,72.0,72.1,71.61,71.61,18000,73.056,74.268,77.74249999999999,0.9397176576518635,34.132343011478724,-3.726708464284954,-3.4833733603525725,-0.049887223033037054,0.03245676544932671,0.029103498444314622,-0.8348623853211009,99550.0,0.006842619745845481,-0.01787459851975981,0
2017-07-12,70.51,71.0,68.5,70.33,103000,72.452,73.301,76.824,0.9430907008226596,34.30607397353242,-3.8345610564125963,-3.5536108995645774,-0.01787459851975981,0.03090959530333944,0.029051116537413758,4.722222222222222,67000.0,0.035546708374804496,-0.009953078344945299,0
2017-07-13,70.5,71.0,68.5,69.63,25000,72.174,72.54400000000001,76.0485,0.9490522495512732,30.6122448979592,-3.9312027048725753,-3.6291292606261774,-0.009953078344945299,0.029869136902901116,0.02823768219652101,-0.7572815533980582,66050.0,0.0359040643400833,0.034037052994398964,1
2017-07-14,70.88,72.0,70.05,72.0,21000,71.78799999999998,72.16,75.5915,0.9496834961602824,41.189427312775344,-3.7730592362315605,-3.6579152557472545,0.034037052994398964,0.03271042365465057,0.028406935244677734,-0.16000000000000003,64550.0,0.027083333333333372,0.02777777777777768,1
2017-07-17,72.0,74.0,72.0,74.0,5500,71.51399999999998,72.355,75.242,0.95045320432737,41.99855177407676,-3.446615672638387,-3.6156553391254813,0.02777777777777768,0.029869925971639334,0.029367471169792665,-0.7380952380952381,58850.0,0.02702702702702703,0.002027027027027062,1
2017-07-18,74.0,77.38,73.0,74.15,158000,72.022,72.539,74.97200000000001,0.9606519767379822,38.83161512027493,-3.139611562442724,-3.52044658378893,0.002027027027027062,0.029870990139716717,0.02921507302590433,27.727272727272727,67800.0,0.059069453809844845,0.0037761294672959966,1
2017-07-19,73.0,75.5,73.0,74.43,268500,72.842,72.647,74.643,0.9758718165132698,44.1487114490917,-2.840966045196055,-3.3845504760703546,0.0037761294672959966,0.0296058750052302,0.028831020173310355,0.6993670886075949,91000.0,0.03358860674459223,0.0010748354158269802,1
2017-07-20,75.01,75.5,74.45,74.51,144500,73.81800000000001,72.99600000000001,74.3895,0.9923174641582483,47.029924073246995,-2.5682270667811906,-3.221285794212522,0.0010748354158269802,0.027184002962024244,0.02866202893225348,-0.46182495344506513,86900.0,0.014092068178767911,0.006442088310293803,1
2017-07-21,73.5,75.0,73.5,74.99,5000,74.41600000000001,73.102,74.09700000000001,1.0043051675506431,57.70440251572325,-2.286984538772046,-3.034425543124427,0.006442088310293803,0.024150647194817285,0.02841498522554422,-0.9653979238754326,85750.0,0.020002667022269636,0.0018669155887451883,1
2017-07-24,75.0,75.38,75.0,75.13,6000,74.64200000000001,73.078,74.0135,1.0084916940828366,57.43670886075947,-2.0294072357589243,-2.8334218816513266,0.0018669155887451883,0.023337819257584637,0.026218623651663806,0.19999999999999996,75450.0,0.00505789964062286,0.012777851723678957,1
2017-07-25,75.9,76.5,75.25,76.09,86000,75.03,73.526,73.897,1.0153321515081803,57.256355932203405,-1.7278933119080904,-2.6123161677026796,0.012777851723678957,0.015608646254669262,0.025917871132347253,13.333333333333334,82250.0,0.01642791431199895,-0.007753975555263581,0
2017-07-26,76.0,76.5,75.5,75.5,2000,75.244,74.04299999999999,73.672,1.0213378216961668,63.068844807467904,-1.5190388893821307,-2.39366071203857,-0.007753975555263581,0.014132901468189447,0.025455966074205465,-0.9767441860465116,72150.0,0.013245033112582781,0.017483443708609103,1
2017-07-27,76.0,77.5,73.01,76.82,94000,75.70599999999999,74.762,73.65299999999999,1.0278739494657378,59.29260450160766,-1.2327963772676895,-2.1614878450843937,0.017483443708609103,0.01305329446082808,0.02462976994511113,46.0,79050.0,0.058448320749804675,0.04868523821921378,1
2017-07-28,74.0,80.66,74.0,80.56,323000,76.82000000000001,75.618,73.889,1.0396676095223918,64.53781512605039,-0.6961357609128811,-1.8684174282500914,0.04868523821921378,0.016439266324642224,0.026517273918218703,2.4361702127659575,109250.0,0.08267130089374375,0.04059086395233358,1
2017-07-31,83.0,84.58,82.5,83.83,336000,78.56,76.601,74.478,1.054808131260238,85.19585253456218,-0.0068872921344649285,-1.4961114010269663,0.04059086395233358,0.018255286997845566,0.02459339102413475,0.04024767801857587,142300.0,0.024812119766193467,0.007038053202910621,1
2017-08-01,84.9,85.95,82.0,84.42,241000,80.226,77.628,75.0835,1.0684904140057403,92.26154769046188,0.5802662066763844,-1.0808358794862962,0.007038053202910621,0.017996800421985273,0.024573935626513114,-0.28273809523809523,150600.0,0.04678986022269608,-0.015399194503672109,0
2017-08-02,84.2,84.2,83.0,83.12,88000,81.75,78.49699999999999,75.572,1.0817498544434445,89.05616676317314,0.9299703301700362,-0.6786746375550298,-0.015399194503672109,0.020020066464059325,0.025067942896418213,-0.6348547717842323,132550.0,0.014436958614052007,0.008301251203079785,1
2017-08-03,83.5,84.0,82.01,83.81,116000,83.148,79.42699999999999,76.2115,1.0910164476489768,87.87684413085312,1.2483998248711003,-0.2932597450698038,0.008301251203079785,0.01973920002177488,0.02338777060948257,0.3181818181818181,129700.0,0.023744183271685895,-0.00047727001551134407,0
2017-08-04,81.11,84.15,81.11,83.77,130000,83.79,80.30499999999999,76.70349999999999,1.0923882221802137,85.84005869405719,1.4804639608919246,0.06148499612254188,-0.00047727001551134407,0.02007423255946364,0.022170305150663403,0.1206896551724137,142200.0,0.03628984123194469,-0.0046556046317297595,0
2017-08-07,83.5,83.5,81.25,83.38,62000,83.7,81.13000000000001,77.104,1.0855467939406516,83.27325162220615,1.614298096396638,0.3720476161773611,-0.0046556046317297595,0.02051629397671887,0.02208339894033084,-0.523076923076923,147800.0,0.026984888462461023,-0.008395298632765558,0
2017-08-08,81.52,84.49,81.52,82.68,49500,83.352,81.789,77.6575,1.0733283971284164,78.86634009797062,1.6449168852234521,0.6266214699865793,-0.008395298632765558,0.021348989527084753,0.01824138473364086,-0.2016129032258065,144150.0,0.03592162554426704,-0.011490082244799305,0
2017-08-09,81.05,84.0,81.05,81.73,30000,83.074,82.412,78.2275,1.0619539164616023,73.81266490765172,1.5743769974356496,0.8161725754763934,-0.011490082244799305,0.02169572915481299,0.017827548959090313,-0.3939393939393939,146950.0,0.03609445735959871,-0.014927199314817119,0
2017-08-10,81.05,82.0,80.01,80.51,42500,82.41400000000002,82.78099999999999,78.7715,1.046241343633167,67.35849056603777,1.4038471480584889,0.9337074899928126,-0.014927199314817119,0.022553434846714536,0.018118917221899077,0.41666666666666674,141800.0,0.024717426406657493,-0.013911315364551036,0
2017-08-11,80.0,80.0,79.0,79.39,16000,81.538,82.66400000000002,79.14099999999999,1.0302877143326468,62.61848341232228,1.1648981532694478,0.9799456226481398,-0.013911315364551036,0.017082128907734244,0.017578447995182125,-0.6235294117647059,111100.0,0.012596044841919637,-0.047739009950875544,0
2017-08-15,77.1,77.25,75.43,75.6,37500,79.982,81.841,79.221,1.0096060388028427,48.756976154236405,0.6620760274003175,0.9163717035985753,-0.047739009950875544,0.01578310327976894,0.02033243594909555,1.34375,81250.0,0.024074074074073987,0.028174603174603297,1
2017-08-16,77.88,78.0,75.0,77.73,86500,78.99199999999999,81.172,79.4,0.9948614609571786,55.24705882352942,0.43049657234728045,0.8191966773483164,0.028174603174603297,0.01935425841682741,0.021205850471719842,1.3066666666666666,65800.0,0.03859513701273639,-0.020326772160041195,0
2017-08-17,77.5,77.5,74.11,76.15,72000,77.876,80.475,79.486,0.9797448607301915,48.44258484425851,0.11811384747842624,0.6789801113743383,-0.020326772160041195,0.01962296670037119,0.021810166560323224,-0.16763005780346818,64200.0,0.04451739986868024,0.011162179908076109,1
2017-08-18,75.0,77.9,75.0,77.0,43500,77.174,79.794,79.6105,0.9693947406435082,40.44038668098818,-0.06017021157812508,0.5311500467838457,0.011162179908076109,0.01991455017693864,0.021919393976888447,-0.39583333333333337,56950.0,0.03766233766233774,-0.049220779220779276,0
2017-08-21,77.05,77.05,73.15,73.21,151000,75.938,78.738,79.5215,0.9549367152279572,22.257053291536053,-0.5015019363480349,0.3246196501574696,-0.049220779220779276,0.02344986161924584,0.024669865614327716,2.471264367816092,59050.0,0.05327141100942483,0.038109547875973426,1
2017-08-22,70.1,76.0,70.1,76.0,51000,76.018,78.0,79.565,0.9554200967762208,30.271790065604506,-0.6189954308390213,0.13589663395817142,0.038109547875973426,0.028519203222083,0.026170130532428663,-0.6622516556291391,57950.0,0.0776315789473685,0.04684210526315802,1
2017-08-23,77.69,79.8,76.99,79.56,136000,76.384,77.68800000000002,79.7385,0.9579312377333409,42.45762711864407,-0.42000605551614,0.024716096063309143,0.04684210526315802,0.033527931569852246,0.02802641943298659,1.6666666666666665,66600.0,0.03531925590749123,-0.012694821518350996,0
2017-08-24,79.0,79.01,78.1,78.55,76500,76.864,77.37,79.89099999999999,0.9621108760686437,39.00501672240804,-0.33988610555643106,-0.04820434426063891,-0.012694821518350996,0.0335626464320653,0.028144060373095938,-0.4375,71250.0,0.011584977721196828,-0.005856142584341084,0
2017-08-25,76.25,81.5,75.0,78.09,223500,77.082,77.12800000000001,79.95450000000001,0.9640733166988723,38.331963845521805,-0.3099358757525863,-0.1005506505590284,-0.005856142584341084,0.03333992136259979,0.027967186925440316,1.9215686274509802,89350.0,0.08323729030605712,-0.021769752849276514,0
2017-08-28,78.0,78.0,75.53,76.39,25500,77.718,76.828,79.746,0.9745692573922204,36.37426900584797,-0.4185510988321681,-0.16415074021365633,-0.021769752849276514,0.03372792998328184,0.02604079551966316,-0.8859060402684564,90300.0,0.03233407514072521,-0.018196098965833185,0
2017-08-29,75.01,75.01,75.0,75.0,9000,77.518,76.768,79.30449999999999,0.9774729050684389,35.42141230068337,-0.6097618736229435,-0.25327296689551376,-0.018196098965833185,0.030550201041680117,0.02419309640818575,-0.6470588235294117,87450.0,0.00013333333333340154,0.049066666666666814,1
2017-08-30,75.0,78.75,75.0,78.68,113500,77.34200000000001,76.863,79.0175,0.9787958363653623,44.75404196766427,-0.45906077838922954,-0.29443052919425694,0.049066666666666814,0.033309478353397516,0.026983045487491385,11.61111111111111,90150.0,0.0476614133197763,0.04829689883070665,1
2017-08-31,77.3,82.61,77.1,82.48,37000,78.128,77.49600000000001,78.9855,0.9891435769856493,53.11216429699842,-0.03262475473444226,-0.24206937430229403,0.04829689883070665,0.03527553403623175,0.029136753806378573,-0.6740088105726872,86650.0,0.06680407371484003,-0.002182347235693549,0
2017-09-05,81.01,85.0,80.5,82.3,95500,78.97,78.026,78.91,1.0007603599036878,54.73787040052099,0.28749036071855016,-0.13615742729812522,-0.002182347235693549,0.03541886170347732,0.0290740632117803,1.5810810810810811,91850.0,0.054678007290400975,-0.027582017010935544,0
2017-09-06,82.0,82.0,80.03,80.03,25000,79.69800000000001,78.708,78.723,1.0123851987348045,57.58821514217199,0.3539339370909147,-0.03813915442031725,-0.027582017010935544,0.03209086404777158,0.029697516569994916,-0.7382198952879582,79250.0,0.024615769086592514,-0.034736973634886925,0
2017-09-07,78.0,78.0,76.15,77.25,14000,80.148,78.833,78.4165,1.0220808120739895,49.19571045576407,0.1801910531992803,0.005526887103602267,-0.034736973634886925,0.03310266966009997,0.03059450963412545,-0.43999999999999995,75550.0,0.023948220064724846,0.03326860841423929,1
2017-09-08,79.0,81.11,76.61,79.82,76000,80.376,78.859,78.2735,1.0268609427200777,55.95199481024974,0.24702849683747274,0.053827209050376364,0.03326860841423929,0.03129393247054214,0.0316350063111193,4.428571428571429,69550.0,0.056376847907792536,-0.021423202204961078,0
2017-09-11,78.0,78.11,77.5,78.11,3500,79.502,78.815,78.0925,1.0180491084291063,51.751341117071625,0.16016861938206262,0.07509549111671363,-0.021423202204961078,0.03182811499086864,0.03188066266368094,-0.9539473684210527,62250.0,0.0078094994238893795,-0.032518243502752564,0
2017-09-12,76.6,76.6,75.51,75.57,7500,78.15599999999999,78.563,77.84549999999999,1.0039886698653102,53.876478318002626,-0.11233035719278917,0.03761032145481307,-0.032518243502752564,0.033438788003067904,0.03249906419882523,1.1428571428571428,40650.0,0.014423713113669304,0.04419743284372113,1
2017-09-13,77.0,79.3,77.0,78.91,9000,77.932,78.815,77.8215,1.0014199160900266,54.6950629235237,-0.058107841891668954,0.018466688785516668,0.04419743284372113,0.0357058411945523,0.03400309901562349,0.19999999999999996,39000.0,0.029147129641363543,-0.00899759219363827,0
2017-09-14,80.9,80.9,75.6,78.2,17500,78.12199999999999,79.13499999999999,77.9515,1.0021872574613702,47.58351101634684,-0.07160179324387173,0.00045299237963898967,-0.00899759219363827,0.03519043703224225,0.032180435761533864,0.9444444444444444,39850.0,0.06777493606138121,0.03171355498721229,1
2017-09-15,77.1,82.11,76.5,80.68,20000,78.294,79.33500000000001,78.099,1.0024968309453386,53.59675785207702,0.11647675533481561,0.023657744970674313,0.03171355498721229,0.03312915901576866,0.03234022184480591,0.1428571428571428,30500.0,0.06953396132870598,-0.02825979176995541,0
2017-09-18,80.5,83.9,78.4,78.4,24000,78.352,78.92699999999999,78.2115,1.0017964110137256,50.49315940184538,0.08062403122596606,0.03505100222173267,-0.02825979176995541,0.03021717039253948,0.03267995243234615,0.19999999999999996,29200.0,0.07015306122448979,0.0012755102040815647,1
2017-09-19,79.0,79.0,78.5,78.5,2500,78.93800000000002,78.547,78.2865,1.0083219967682808,53.53670801206838,0.059592705713640726,0.039959342920114285,0.0012755102040815647,0.03026831381076372,0.03260814125183792,-0.8958333333333334,19900.0,0.006369426751592357,0.004713375796178365,1
2017-09-20,77.0,78.87,77.0,78.87,8500,78.92999999999999,78.431,78.5695,1.0045882944399542,56.71641791044777,0.07195172184256649,0.046357818704604724,0.004713375796178365,0.029213451714750236,0.03034747028024779,2.4,18250.0,0.023709902370990292,-0.011030810193990215,0
2017-09-21,78.0,78.0,78.0,78.0,3500,78.89000000000001,78.506,78.6695,1.0028028651510434,48.692307692307686,0.011413039643372258,0.039368862892358227,-0.011030810193990215,0.027061053281020667,0.029429834594875325,-0.5882352941176471,17200.0,0.0,-0.01269230769230767,0
2017-09-22,76.7,78.99,76.7,77.01,15000,78.156,78.225,78.542,0.9950854319981667,38.20612332902113,-0.11512197392744383,0.008470695528397812,-0.01269230769230767,0.0248388035132642,0.027576736888654974,3.2857142857142856,11100.0,0.029736397870406335,-0.020776522529541763,0
2017-09-25,76.0,77.01,75.06,75.41,11500,77.55799999999999,77.95500000000001,78.385,0.989449512023984,36.00162535554652,-0.34058248913045475,-0.061339941403372705,-0.020776522529541763,0.024787171540412177,0.027811165499445564,-0.23333333333333328,11900.0,0.025858639437740392,0.013791274366794948,1
2017-09-26,75.5,78.99,73.8,76.45,28500,77.148,78.04299999999999,78.303,0.9852496072947396,42.34388366124893,-0.4303810980316314,-0.13514817272902444,0.013791274366794948,0.02296809037255553,0.028002030107452107,1.4782608695652173,14000.0,0.06788750817527793,-0.02537606278613469,0
2017-09-27,76.5,77.0,74.0,74.51,31500,76.276,77.603,78.209,0.9752841744556252,43.92191659272406,-0.6505893403555518,-0.2382364062543299,-0.02537606278613469,0.018702858016626994,0.02815608776509909,0.10526315789473695,16250.0,0.040263051939337,0.019863105623406208,1
2017-09-28,72.52,75.99,72.52,75.99,44500,75.874,77.38199999999999,78.2585,0.9695304663391197,41.07226107226107,-0.6976403639386177,-0.3301171977911875,0.019863105623406208,0.02027484104089242,0.028209711136919703,0.4126984126984128,18950.0,0.04566390314515067,0.02039742071325179,1
2017-09-29,76.0,78.39,76.0,77.54,8500,75.97999999999999,77.06800000000001,78.2015,0.9715926165099135,48.661343353687194,-0.6029066603192064,-0.38467509029679126,0.02039742071325179,0.018368197490098662,0.02630437012887865,-0.8089887640449438,17800.0,0.03082280113489812,-0.0069641475367553385,0
2017-10-02,75.54,77.0,75.5,77.0,4500,76.298,76.92800000000001,77.9275,0.9790895383529563,53.70658372213584,-0.5648912895596254,-0.4207183301493581,-0.0069641475367553385,0.016341154188195917,0.02369228662302153,-0.47058823529411764,15850.0,0.01948051948051948,-0.03701298701298694,0
2017-10-03,74.15,74.15,74.15,74.15,500,75.838,76.49300000000001,77.52000000000001,0.9783023735810111,37.340425531914924,-0.7560200869467195,-0.4877786815088304,-0.03701298701298694,0.019710094176925493,0.02486718157338568,-0.8888888888888888,15650.0,0.0,-0.04774106540795697,0
2017-10-04,73.5,73.5,70.45,70.61,27500,75.05799999999999,75.667,77.049,0.9741593012238963,32.45492371705966,-1.1795424200910816,-0.6261314292252806,-0.04774106540795697,0.023334091390572485,0.026207088388981233,54.0,17550.0,0.04319501487041492,-0.02110182693669449,0
2017-10-05,71.0,71.0,69.0,69.12,12000,73.684,74.77900000000001,76.64250000000001,0.9613987017646866,21.996124031007767,-1.6167802318698108,-0.8242611897541867,-0.02110182693669449,0.023563560651148157,0.025587896697620845,-0.5636363636363637,18400.0,0.028935185185185182,0.014612268518518379,1
2017-10-06,69.25,70.2,69.0,70.13,10500,72.202,74.09100000000001,76.15799999999999,0.948055358596602,28.652555498193067,-1.8603508225013456,-1.0314791163036185,0.014612268518518379,0.024982921986497614,0.024423995897702996,-0.125,17950.0,0.017111079423927034,0.011977755596748851,1
2017-10-09,69.05,73.63,69.05,70.97,35000,70.99600000000001,73.647,75.801,0.9366103349560033,31.27797115862755,-1.9629733556457012,-1.217777964172035,0.011977755596748851,0.02541529332431938,0.02446777455991375,2.3333333333333335,20300.0,0.06453431027194587,-0.013667746935324798,0
2017-10-10,70.0,70.0,69.5,70.0,21500,70.166,73.002,75.52250000000001,0.9290741169850043,28.585224529212937,-2.0983844758511623,-1.3938992665078604,-0.013667746935324798,0.024536969224276728,0.023681987163006065,-0.3857142857142857,19600.0,0.007142857142857143,0.014285714285714235,1
2017-10-11,70.5,71.0,70.0,71.0,4500,70.244,72.651,75.127,0.9350033942523993,33.20537428023033,-2.100790516173376,-1.5352775164409638,0.014285714285714235,0.02471111478058055,0.021335930691735994,-0.7906976744186046,16900.0,0.014084507042253521,-0.03450704225352119,0
2017-10-12,71.15,71.15,68.55,68.55,10500,70.13000000000001,71.90700000000001,74.6445,0.9395199914260263,31.031390134529147,-2.2741765532785507,-1.6830573238084812,-0.03450704225352119,0.02472780889381071,0.022323975011023504,1.3333333333333335,13500.0,0.03792851932895709,-0.022611232676878146,0
2017-10-13,67.0,67.0,67.0,67.0,1000,69.50399999999999,70.853,73.9605,0.9397448638124404,31.101123595505626,-2.5077504962723083,-1.8479959583012466,-0.022611232676878146,0.022498495265626656,0.020697808337021114,-0.9047619047619048,12750.0,0.0,0.015671641791044744,1
2017-10-16,65.5,68.7,65.5,68.05,30500,68.92,69.958,73.44300000000001,0.9384148251024603,31.132075471698087,-2.57841098726432,-1.9940789640938614,0.015671641791044744,0.02437591333859646,0.020881196250880914,29.5,15350.0,0.04702424687729615,-0.035121234386480515,0
2017-10-17,68.99,69.0,65.05,65.66,29500,68.05199999999999,69.109,72.801,0.9347673795689618,30.51519154557461,-2.795043440465861,-2.1542718593682615,-0.035121234386480515,0.02416674990638875,0.021705992816750938,-0.032786885245901676,18250.0,0.06015839171489496,-0.009290283277490041,0
2017-10-18,65.5,66.0,64.03,65.05,219500,66.862,68.553,72.10999999999999,0.9272222992650119,24.954212454212467,-2.9815783432253085,-2.3197331561396712,-0.009290283277490041,0.020614282429682957,0.02147638933426165,6.440677966101695,37450.0,0.03028439661798615,0.04996156802459639,1
2017-10-19,66.24,68.3,66.01,68.3,14000,66.81199999999998,68.47099999999999,71.625,0.9328027923211167,30.373831775700907,-2.8344865622735824,-2.4226838373664537,0.04996156802459639,0.02688224881010773,0.025229783844118243,-0.9362186788154897,37650.0,0.03352855051244498,0.03367496339677878,1
2017-10-20,69.98,71.71,69.98,70.6,181500,67.532,68.518,71.30449999999999,0.9470931007159437,37.351778656126456,-2.503466089308276,-2.438840287754818,0.03367496339677878,0.028715403217971877,0.026700420578627117,11.964285714285714,54750.0,0.02450424929178456,-0.019830028328611804,0
2017-10-23,70.0,71.0,69.05,69.2,15500,67.762,68.34100000000001,70.994,0.9544750260585402,39.62264150943395,-2.3272709485028855,-2.416526419904432,-0.019830028328611804,0.029127601970972115,0.026669935580312273,-0.9146005509641874,52800.0,0.028179190751445128,0.01156069364161838,1
2017-10-24,69.75,70.0,69.75,70.0,35500,68.63,68.34100000000001,70.67150000000001,0.971112824830377,48.555187115111316,-2.098887052447367,-2.352998546413019,0.01156069364161838,0.029111084840409366,0.026596405108076406,1.2903225806451615,54200.0,0.0035714285714285713,0.04857142857142871,1
2017-10-25,73.5,73.5,70.0,73.4,39500,70.3,68.581,70.616,0.9955250934632378,59.296264118158135,-1.6248097885583093,-2.2073607948420775,0.04857142857142871,0.032725503396115976,0.028545830823229354,0.11267605633802824,57700.0,0.04768392370572207,-0.011989100817438869,0
2017-10-26,75.0,75.0,72.0,72.52,35000,71.144,68.978,70.4425,1.0099584767718353,55.22062035823504,-1.305064812137445,-2.026901598301151,-0.011989100817438869,0.030494854171545224,0.02824491781164792,-0.11392405063291144,60150.0,0.04136789851075565,0.021097628240485333,1
2017-10-27,75.0,76.14,73.5,74.05,118500,71.834,69.68299999999999,70.268,1.0222861046279956,56.53095843935539,-0.9176285507007265,-1.805046988781066,0.021097628240485333,0.029025818494759423,0.028274502491249093,2.3857142857142857,71900.0,0.035651586765698864,-0.020931802835921665,0
2017-10-30,72.0,73.0,71.5,72.5,4500,72.494,70.128,70.043,1.0349927901431977,55.17384105960265,-0.7272710404502902,-1.589491799114911,-0.020931802835921665,0.03055894700376952,0.028576509134522633,-0.9620253164556962,69300.0,0.020689655172413793,-0.040551724137930956,0
2017-10-31,70.11,72.99,69.55,69.56,8000,72.406,70.518,69.8135,1.037134651607497,47.241379310344826,-0.804372466431289,-1.4324679325781866,-0.040551724137930956,0.03142215845025803,0.028810666806036264,0.7777777777777777,67150.0,0.04945370902817708,0.049884991374353094,1
2017-11-01,70.0,73.03,70.0,73.03,61000,72.332,71.316,69.9345,1.0342820782303441,58.25958702064898,-0.5788038119556518,-1.2617351084536796,0.049884991374353094,0.0336669828931852,0.029064188070262224,6.625,51300.0,0.041489798712857746,0.013282212789264669,1
2017-11-03,74.0,74.5,74.0,74.0,3000,72.628,71.886,70.1785,1.0349038523194425,63.18764129615674,-0.318101261446742,-1.073008339052292,0.013282212789264669,0.030980001462109375,0.02863422744073905,-0.9508196721311475,50200.0,0.006756756756756757,-0.013513513513513487,0
2017-11-06,73.0,73.49,72.5,73.0,23500,72.41799999999999,72.126,70.322,1.0298057506896845,59.343148357870895,-0.1899941206041973,-0.8964054953626731,-0.013513513513513487,0.030301828949646368,0.028765830563973607,6.833333333333333,34400.0,0.013561643835616368,0.00205479452054802,1
2017-11-07,73.0,73.5,71.0,73.15,7500,72.548,72.52099999999999,70.43100000000001,1.030057787053996,65.44329896907217,-0.07549429093434412,-0.7322232544770074,0.00205479452054802,0.029178407893426538,0.02867733828898628,-0.6808510638297872,33600.0,0.034176349965823645,0.004784688995215225,1
2017-11-08,71.11,73.5,71.11,73.5,5500,73.336,72.871,70.60600000000001,1.0386652692405742,67.61150479366404,0.04299411454412905,-0.5771797806727801,0.004784688995215225,0.029112149848398976,0.028445967291545637,-0.2666666666666667,30600.0,0.0325170068027211,0.006802721088435382,1
2017-11-09,73.5,74.0,73.5,74.0,3000,73.53,72.931,70.756,1.0392051557465092,63.418079096045204,0.17522298932591696,-0.4266992266730407,0.006802721088435382,0.024900784441005252,0.028336280334569024,-0.4545454545454546,26950.0,0.006756756756756757,-0.0013513513513512265,0
2017-11-10,71.62,73.9,71.62,73.9,3000,73.51,73.069,71.0235,1.0350095390962146,58.66596638655465,0.26884705943329834,-0.2875899694517729,-0.0013513513513512265,0.024503918693871144,0.026998643870213414,0.0,23750.0,0.030852503382949946,-0.018944519621109657,0
2017-11-14,72.1,73.99,72.01,72.5,5500,73.41,72.91400000000002,71.2985,1.029614928785318,58.66596638655461,0.22745455527886804,-0.18458106450564474,-0.018944519621109657,0.0243357914728304,0.026819512486441828,0.8333333333333333,12450.0,0.027310344827586066,-0.020689655172413834,0
2017-11-16,71.5,71.5,70.3,71.0,23000,72.97999999999999,72.76400000000001,71.446,1.021470761134283,52.532928064842956,0.07277433629430163,-0.13310998434565546,-0.020689655172413834,0.024314804508369935,0.02723664269728424,3.1818181818181817,14300.0,0.016901408450704265,0.0,0
2017-11-17,70.1,72.95,70.1,71.0,5500,72.47999999999999,72.908,71.713,1.0106954108739001,42.65605875152997,-0.04924320662858861,-0.1163366288022421,0.0,0.0201658252725608,0.02577837212347435,-0.7608695652173914,14050.0,0.040140845070422655,-0.013802816901408499,0
2017-11-20,72.84,72.84,68.01,70.02,14500,71.684,72.607,71.9615,0.9961437713221653,42.39659367396593,-0.2224564587006057,-0.13756059478191485,-0.013802816901408499,0.011740319795422581,0.025922276383044215,1.6363636363636362,9400.0,0.06898029134532989,0.013996001142530856,1
2017-11-21,71.0,71.0,71.0,71.0,12000,71.104,72.307,72.09649999999999,0.9862337284056786,40.40276903713028,-0.2774530925610037,-0.16553909433773262,0.013996001142530856,0.011859561772600747,0.023720253442090514,-0.1724137931034483,10300.0,0.0,0.021126760563380254,1
2017-11-22,71.0,72.5,71.0,72.5,9000,71.104,72.257,72.19149999999999,0.9849358996557768,50.0,-0.19772164510051482,-0.17197560449028906,0.021126760563380254,0.013708444098356162,0.022999046480906688,-0.25,8850.0,0.020689655172413793,-0.004137931034482678,0
2017-11-24,73.45,73.45,72.2,72.2,1500,71.34400000000001,72.162,72.3415,0.986211234215492,60.0,-0.15693237264457593,-0.16896695812114645,-0.004137931034482678,0.013714947402645266,0.022492369236310792,-0.8333333333333334,8250.0,0.017313019390581715,0.01454293628808867,1
2017-11-27,73.49,74.0,72.0,73.25,33500,71.79400000000001,72.137,72.50399999999999,0.9902074368310717,51.0204081632653,-0.03942587858199431,-0.14305874221331602,0.01454293628808867,0.014513675534987463,0.022566321580932438,21.333333333333332,11050.0,0.027303754266211604,-0.014334470989761039,0
2017-11-28,72.0,73.0,72.0,72.2,5500,72.23,71.95700000000001,72.444,0.9970459941472034,41.71270718232046,-0.030673772081897255,-0.12058174818703227,-0.014334470989761039,0.014906942911230727,0.020052512153848498,-0.835820895522388,11300.0,0.013850415512465374,-0.0027700831024931594,0
2017-11-29,72.01,72.05,72.0,72.0,67000,72.42999999999999,71.767,72.418,1.0001657046590624,45.02982107355865,-0.0394215658828756,-0.10434971172620094,-0.0027700831024931594,0.01490303266705787,0.019882988312056538,11.181818181818182,17700.0,0.000694444444444405,0.0004166666666667318,1
2017-11-30,72.25,72.25,72.0,72.03,7000,72.33599999999998,71.72,72.317,1.0002627321376716,44.36619718309857,-0.0434328394775747,-0.0921663372764757,0.0004166666666667318,0.013741890393961242,0.01924614014159057,-0.8955223880597015,17850.0,0.003470776065528252,-0.0004164931278634043,0
2017-12-05,71.25,72.0,71.25,72.0,1500,72.296,71.82,72.292,1.0000553311569746,42.20374220374221,-0.048473776459431406,-0.08342782511306684,-0.0004164931278634043,0.011801537916480385,0.018677835786202353,-0.7857142857142857,15700.0,0.010416666666666666,-0.01805555555555549,0
2017-12-06,70.7,70.7,70.7,70.7,500,71.786,71.78999999999999,72.349,0.9922182753044271,34.165067178502895,-0.15557452450551068,-0.09785716499155561,-0.01805555555555549,0.013332024742092647,0.01669032448904321,-0.6666666666666667,15200.0,0.0,-0.04992927864214991,0
2017-12-07,70.31,70.31,67.17,67.17,34000,70.78,71.505,72.05600000000001,0.9822915510158764,25.703971119133584,-0.5193078795330024,-0.18214730789984498,-0.04992927864214991,0.020403622125619157,0.01620177221288861,67.0,17150.0,0.04674705969927052,0.04600267976775352,1
2017-12-08,67.99,70.52,67.99,70.26,176000,70.432,71.431,71.869,0.9800052873979046,42.79279279279282,-0.5518703898305262,-0.25609192428598127,0.04600267976775352,0.025425123231121723,0.019383368851995004,4.176470588235294,33550.0,0.03600910902362654,-0.03985197836606902,0
2017-12-11,71.0,73.25,66.75,67.46,304500,69.518,70.92699999999999,71.59200000000001,0.9710302827131522,39.48931116389547,-0.7944550302079989,-0.36376454547038484,-0.03985197836606902,0.02686549929260769,0.021004340720156455,0.7301136363636365,63100.0,0.09635339460420991,-0.01734361102875759,0
2017-12-12,68.0,69.0,64.09,66.29,438500,68.376,70.336,71.249,0.9596766270403796,36.923931149361486,-1.0687939361423986,-0.5047704236047876,-0.01734361102875759,0.027041179557337928,0.021170485338563055,0.4400656814449917,106800.0,0.07406848695127465,0.04993211645798734,1
2017-12-13,67.5,69.6,67.5,69.6,106500,68.15599999999999,69.971,71.054,0.9592141188391926,48.967551622418874,-1.0075062534853885,-0.6053175895809078,0.04993211645798734,0.03217322031391119,0.024396065257080917,-0.7571265678449259,114100.0,0.03017241379310337,-0.040086206896551624,0
2017-12-14,69.76,70.75,66.5,66.81,140000,68.084,69.432,70.69449999999999,0.9630735064255354,40.54176072234762,-1.170571388116116,-0.7183683492879495,-0.040086206896551624,0.03401378486933202,0.025680256141476808,0.31455399061032874,127550.0,0.06361323155216285,0.01781170483460559,1
2017-12-15,67.9,69.0,66.25,68.0,249500,67.63199999999999,69.03200000000001,70.3995,0.9606886412545542,39.69780219780218,-1.1900603524209004,-0.8127067499145396,0.01781170483460559,0.034922862743409264,0.0261679689646435,0.7821428571428573,145800.0,0.04044117647058824,-0.014558823529411735,0
2017-12-18,67.25,67.25,66.99,67.01,98500,67.542,68.53,70.125,0.9631657754010695,38.4820239680426,-1.270741901634949,-0.9043137802586215,-0.014558823529411735,0.034978579098383374,0.026052737574566418,-0.6052104208416833,154950.0,0.003880017907775035,-0.007610804357558676,0
2017-12-20,67.99,68.0,65.05,66.5,37500,67.58399999999999,67.98,69.9,0.9668669527896994,34.652114597544326,-1.360156313108817,-0.9954822868286606,-0.007610804357558676,0.03491005305672983,0.025763937061956153,-0.6192893401015229,158550.0,0.04436090225563914,0.0351879699248121,1
2017-12-21,67.5,69.0,67.5,68.84,8500,67.432,67.79400000000001,69.792,0.9661852361302155,42.78350515463917,-1.2280433156811057,-1.0419944925991496,0.0351879699248121,0.03709119328615966,0.02714092331768448,-0.7733333333333333,159350.0,0.02178965717606043,0.006827425915165497,1
2017-12-22,69.51,70.0,67.99,69.31,430000,67.932,68.00800000000001,69.7565,0.9738447313153613,44.288747346072185,-1.073048308400928,-1.0482052557595054,0.006827425915165497,0.03307474741672269,0.027028296895979163,49.588235294117645,198950.0,0.029000144279324847,-0.019766267493868228,0
2017-12-26,69.74,69.74,66.05,67.94,51500,67.92,67.776,69.60350000000001,0.9758129979095878,41.783848935315376,-1.0486727521739994,-1.0482987550424043,-0.019766267493868228,0.03012008172051358,0.027151518851541954,-0.8802325581395349,186500.0,0.05431262879010889,0.04533411833971157,1
2017-12-27,67.5,71.18,67.5,71.02,161000,68.72200000000001,68.132,69.52950000000001,0.9883862245521684,48.24624194702934,-0.7719264018289778,-0.9930242843997191,0.04533411833971157,0.030565411454769598,0.02872376266536092,2.1262135922330097,172150.0,0.051816389749366476,0.04885947620388631,1
2017-12-28,71.0,74.57,70.0,74.49,275000,70.32000000000001,68.952,69.644,1.0097065073803917,56.29359016937894,-0.2694963392871159,-0.8483186953771985,0.04885947620388631,0.03217744891099243,0.030756765494168992,0.7080745341614907,155800.0,0.06135051684789896,-0.007652033830044203,0
2017-12-29,75.0,75.0,72.61,73.92,238000,71.336,69.384,69.6775,1.023802518747085,62.43093922651935,0.08174654548828642,-0.6623056472041016,-0.007652033830044203,0.029733058959958897,0.03068106273632597,-0.13454545454545452,168950.0,0.03233225108225109,0.014610389610389518,1
2018-01-01,75.5,75.5,75.0,75.0,4000,72.474,70.203,69.8175,1.0380491996992158,59.427207637231504,0.4421591014178574,-0.44141269747970974,0.014610389610389518,0.024855076240432348,0.030607214503567737,-0.9831932773109243,155350.0,0.006666666666666667,0.004266666666666641,1
2018-01-02,74.85,76.0,73.11,75.32,197500,73.95,70.93499999999999,69.9835,1.0566776454449978,67.34333627537515,0.7450218264177408,-0.2041257927002196,0.004266666666666641,0.02486644986721014,0.03058573266333468,48.375,150150.0,0.03836962294211366,-0.0341210833775889,0
2018-01-03,74.03,74.6,72.3,72.75,21000,74.296,71.50899999999999,70.01950000000001,1.0610758431579774,63.42477140482129,0.7688029149342555,-0.009540051173324599,-0.0341210833775889,0.027672369022101847,0.03167691683605621,-0.8936708860759494,142400.0,0.03161512027491405,0.017319587628866095,1
2018-01-04,71.03,74.5,71.03,74.01,381500,74.2,72.25999999999999,70.12,1.058185966913862,60.018173557473915,0.8791863556245971,0.16820523018625974,0.017319587628866095,0.02716870845236062,0.03188358816790392,17.166666666666668,176800.0,0.04688555600594512,0.033914335900553816,1
2018-01-05,74.35,77.0,71.0,76.52,180500,74.72,73.028,70.411,1.0611978242036044,72.34238380119652,1.1558778108021954,0.36573974630944694,0.033914335900553816,0.02704587833464364,0.03229031994446016,-0.526867627785059,194000.0,0.07841087297438579,0.04966021955044431,1
2018-01-08,74.5,80.34,74.5,80.32,436000,75.78399999999999,74.12899999999999,71.0685,1.0663514777995875,75.30813475760067,1.6626203718581394,0.6251158714191855,0.04966021955044431,0.029590807650844934,0.031119571816359114,1.4155124653739612,194600.0,0.07270916334661359,0.033117529880478225,1
2018-01-09,82.4,84.33,81.0,82.98,260500,77.316,75.633,71.7045,1.078258686693304,80.69973087274126,2.252887388390775,0.9506701748135035,0.033117529880478225,0.027273862209040035,0.030448869263070853,-0.40252293577981646,215500.0,0.04013015184381776,0.011087008917811447,1
2018-01-10,84.95,85.0,82.01,83.9,71000,79.546,76.92099999999999,72.52650000000001,1.096785312954575,82.9295987887964,2.763063684666875,1.3131488767841777,0.011087008917811447,0.025930407807301603,0.028214195656272423,-0.727447216890595,206500.0,0.03563766388557801,-0.012157330154946466,0
2018-01-11,83.0,83.5,81.0,82.88,734500,81.32000000000001,77.76,73.356,1.1085664430994058,77.96812749003983,3.049919031496671,1.6605029077266766,-0.012157330154946466,0.02478183521290713,0.02795937968330132,9.345070422535212,252450.0,0.030164092664092666,-0.003257722007722008,0
2018-01-12,82.99,84.75,82.0,82.61,1784000,82.538,78.62899999999999,74.0065,1.1152804145581807,76.70682730923696,3.218367875520059,1.9720759012853533,-0.003257722007722008,0.0244510115162662,0.026618776993476718,1.428863172226004,407050.0,0.033288948069241014,-0.007505144655610807,0
2018-01-15,82.1,82.9,81.1,81.99,56500,82.872,79.328,74.7655,1.1084256776186878,79.08902691511388,3.2642082191221817,2.230502364852719,-0.007505144655610807,0.02512369464661715,0.024361822062346442,-0.968329596412556,412300.0,0.021953896816685102,-0.015489693865105458,0
2018-01-16,82.95,83.45,80.4,80.72,33500,82.42,79.86800000000001,75.4015,1.0930817026186481,71.70993733213967,3.1616135228660482,2.416724596455385,-0.015489693865105458,0.026306510820041432,0.024971116112989113,-0.4070796460176991,395900.0,0.03778493557978193,0.028245787908820708,1
2018-01-17,81.85,83.5,81.75,83.0,51500,82.24000000000001,80.893,76.201,1.0792509284655059,70.11820330969269,3.227083620980295,2.5787964013603673,0.028245787908820708,0.02252835735357155,0.024687121900158072,0.5373134328358209,398950.0,0.02108433734939759,0.0,0
2018-01-18,83.5,85.5,82.3,83.0,287000,82.26400000000001,81.792,77.026,1.0680030119699844,72.06025267249757,3.2416019756740155,2.711357516223097,0.0,0.022864769823280486,0.024441880621741064,4.572815533980583,389500.0,0.03855421686746991,-0.00120481927710836,0
2018-01-19,83.5,83.9,82.55,82.9,23000,82.322,82.42999999999999,77.729,1.059089914960954,70.15306122448982,3.2080582139591343,2.810697655770305,-0.00120481927710836,0.02175423591672322,0.023928895337344876,-0.9198606271777003,373750.0,0.016284680337756433,0.001568154402894928,1
2018-01-22,83.0,83.5,82.1,83.03,76000,82.53,82.701,78.41499999999999,1.0524772046164639,69.8608964451314,3.155588791373873,2.8796758828910187,0.001568154402894928,0.016185511624843163,0.023989839415315108,2.3043478260869565,337750.0,0.016861375406479653,-0.012284716367577886,0
2018-01-23,82.01,83.0,82.0,82.01,41500,82.788,82.604,79.1185,1.0463797973925189,75.92385218365064,2.997151622210211,2.9031710307548577,-0.012284716367577886,0.012987797056170064,0.023566667525669428,-0.45394736842105265,315850.0,0.012193634922570418,0.03206925984636011,1
2018-01-24,83.0,86.11,83.0,84.64,387500,83.11600000000001,82.678,79.7995,1.0415604107795164,77.63910556422258,3.048664932726325,2.9322698111491516,0.03206925984636011,0.016417438490035942,0.022681520765674406,8.337349397590362,347500.0,0.036743856332703204,0.0035444234404535813,1
2018-01-25,86.0,86.4,84.0,84.94,77500,83.504,82.884,80.322,1.039615547421628,74.73560517038779,3.078213367658037,2.961458522450929,0.0035444234404535813,0.015756994129563665,0.020669871860125092,-0.8,281800.0,0.028255238992229877,0.026724746880150585,1
2018-01-26,83.5,88.35,83.5,87.21,378500,84.366,83.34400000000001,80.9865,1.0417291770850696,72.24015493867012,3.2473671173320753,3.0186402414271587,0.026724746880150585,0.017301981767307226,0.02083468756010027,3.8838709677419354,141250.0,0.05561288843022583,0.005159958720330371,1
2018-01-29,87.0,88.8,86.41,87.66,49000,85.292,83.911,81.6195,1.0449953748797776,67.62048192771083,3.3787853871070723,3.090669270563142,0.005159958720330371,0.016691569596501744,0.02079607133784406,-0.8705416116248349,140500.0,0.027264430755190517,-0.026009582477754978,0
2018-01-30,87.0,87.0,85.1,85.38,14500,85.966,84.377,82.12249999999999,1.0468020335474444,55.054644808743134,3.2613634003255925,3.124808096515632,-0.026009582477754978,0.018489482725200644,0.022142987606257467,-0.7040816326530612,138600.0,0.02225345514171944,0.007261653783087407,1
2018-01-31,85.0,86.2,84.6,86.0,31000,86.238,84.67699999999999,82.785,1.0417104547925349,60.95505617977531,3.181658272216737,3.136178131655853,0.007261653783087407,0.01676721165142046,0.01997265354446166,1.1379310344827585,136550.0,0.018604651162790798,-0.018139534883720998,0
2018-02-01,85.0,85.9,83.2,84.44,57500,86.138,84.821,83.3065,1.0339889444401098,55.89182227945911,2.958508576151786,3.10064422055504,-0.018139534883720998,0.0181353105685582,0.020716757650760673,0.8548387096774193,113600.0,0.03197536712458554,0.002960682141165405,1
2018-02-02,83.6,85.0,83.6,84.69,33000,85.634,85.0,83.715,1.0229230126022815,58.90501319261215,2.769904015688894,3.0344961795818106,0.002960682141165405,0.018104677263510286,0.019717860283000866,-0.4260869565217391,114600.0,0.016530877317274834,0.00838351635376089,1
2018-02-06,83.0,86.9,83.0,85.4,61500,85.18199999999999,85.237,83.96900000000001,1.0144458073812952,66.027397260274,2.6472092288226463,2.957038789429978,0.00838351635376089,0.01820268689029738,0.016766033341031966,0.8636363636363635,113150.0,0.045667447306791634,0.022131147540983553,1
2018-02-07,85.0,89.0,85.0,87.29,226000,85.564,85.76500000000001,84.1845,1.0163866269919046,65.09500351864887,2.671682438784174,2.8999675193008176,0.022131147540983553,0.018252068423849577,0.015891530058681345,2.6747967479674797,131600.0,0.04582426394776033,-0.0033222591362126463,0
2018-02-08,86.5,88.0,86.5,87.0,189000,85.764,86.001,84.3395,1.0168900693032328,63.793103448275865,2.637276179480139,2.847429251336682,-0.0033222591362126463,0.01601807357882497,0.015815554871368948,-0.16371681415929207,111750.0,0.017241379310344827,0.009770114942528663,1
2018-02-09,86.99,88.2,85.5,87.85,18000,86.446,86.292,84.588,1.021965290584953,66.22950819672127,2.6480715469259053,2.807557710454527,0.009770114942528663,0.01616751021991597,0.015545020252947489,-0.9047619047619048,105800.0,0.030734206033010848,-0.017302219692657883,0
2018-02-12,86.0,87.0,85.0,86.33,63000,86.774,86.204,84.77399999999999,1.0235921390992524,59.91586538461538,2.505098441113617,2.747065856586345,-0.017302219692657883,0.015097097054543452,0.016149491016315062,2.5,74250.0,0.023166917641607783,0.019228541642534402,1
2018-02-13,87.0,88.5,85.76,87.99,50000,87.292,86.237,85.07399999999998,1.026071420175377,67.3032407407407,2.496955997059956,2.697043884681068,0.019228541642534402,0.016330759546871052,0.016397230625671486,-0.2063492063492064,74350.0,0.031139902261620583,-0.011251278554381128,0
2018-02-14,87.9,88.0,87.0,87.0,173000,87.234,86.399,85.388,1.0216189628519228,57.54475703324808,2.3831468913534195,2.6342644860155384,-0.011251278554381128,0.01419667090407363,0.016162352588740977,2.46,90200.0,0.011494252873563218,-0.009425287356321754,0
2018-02-15,87.5,87.5,86.0,86.18,32000,87.07000000000001,86.417,85.547,1.0178030790091996,53.83663366336637,2.2014087385479826,2.5476933365220273,-0.009425287356321754,0.014483641038436728,0.015347457387068107,-0.815028901734104,90300.0,0.017405430494314224,0.027036435367834732,1
2018-02-16,86.5,89.0,86.5,88.51,314000,87.202,86.824,85.8225,1.0160738734014971,54.00739827373617,2.2198029636884655,2.482115261955315,0.027036435367834732,0.015123250815057825,0.01632239487795443,8.8125,115950.0,0.028245396000451926,-0.00632696870410121,0
2018-02-19,87.05,87.95,87.01,87.95,12500,87.526,87.15,86.075,1.0168573918094683,50.88793631353339,2.1642451290983757,2.4185412353839273,-0.00632696870410121,0.015529912669668725,0.016437320620729116,-0.9601910828025477,113900.0,0.010687890847072173,0.0005685048322909836,1
2018-02-20,88.0,88.0,88.0,88.0,500,87.52799999999999,87.41,86.3235,1.0139533267302645,59.29078014184399,2.1000417529483286,2.354841338896808,0.0005685048322909836,0.015475323983666038,0.01644370670385033,-0.96,107800.0,0.0,-0.0028409090909090606,0
2018-02-21,85.51,87.99,85.51,87.75,13000,87.678,87.45599999999999,86.6105,1.0123252954318471,56.3729060451566,2.0058648428256447,2.2850460396825754,-0.0028409090909090606,0.014010525378286143,0.01611278470559595,25.0,86500.0,0.028262108262108145,0.049914529914529826,1
2018-02-22,88.45,92.13,88.45,92.13,385000,88.86800000000001,87.969,86.98499999999999,1.0216474104730704,73.23262839879156,2.2586223651759667,2.2797613047812537,0.049914529914529826,0.02081223635952477,0.018143584919446884,28.615384615384617,106100.0,0.03994355801584709,-0.017692391186367007,0
2018-02-23,92.15,94.99,90.0,90.5,124500,89.26599999999999,88.23400000000001,87.26299999999999,1.0229536000366708,66.20189626324598,2.30088398678744,2.283985841182491,-0.017692391186367007,0.02202671890413178,0.018805844618011793,-0.6766233766233767,116750.0,0.055138121546961266,-0.024861878453038666,0
2018-02-26,89.25,89.25,88.0,88.25,253500,89.326,88.426,87.31500000000001,1.0230315524251272,57.31895223420646,2.1282868642689436,2.2528460457997816,-0.024861878453038666,0.02291981827182834,0.01896690785793148,1.036144578313253,135800.0,0.014164305949008499,-0.013597733711048221,0
2018-02-27,87.0,88.24,87.0,87.05,49000,89.136,88.332,87.28450000000001,1.0212122427235075,49.36102236421723,1.8730807213924265,2.1768929809183106,-0.013597733711048221,0.022595788925298888,0.019200330105156194,-0.8067061143984221,135700.0,0.014244686961516312,0.012751292360712263,1
2018-02-28,89.88,90.0,87.5,88.16,53000,89.21799999999999,88.44800000000001,87.4235,1.020526517469559,52.959183673469376,1.7403342479547916,2.089581234325607,0.012751292360712263,0.02264266569787975,0.018394795855602906,0.08163265306122458,123700.0,0.028357531760435574,-0.001814882032667886,0
2018-03-01,86.75,88.0,86.75,88.0,36500,88.392,88.63000000000001,87.5235,1.0099230492382045,50.396615547329475,1.6037341989884766,1.992411827258181,-0.001814882032667886,0.022358810107158622,0.018363917571577782,-0.3113207547169812,124150.0,0.014204545454545454,-0.00011363636363637131,0
2018-03-02,88.0,88.0,87.99,87.99,7000,87.89,88.578,87.701,1.002155049543335,54.77011494252873,1.477637474596193,1.8894569567257835,-0.00011363636363637131,0.02060260972976558,0.017792645885352117,-0.8082191780821918,93450.0,0.00011364927832714078,0.00011364927832713256,1
2018-03-05,89.49,89.5,88.0,88.0,23000,87.84,88.583,87.8665,0.9996984061047157,50.03174603174604,1.36280229195728,1.7841260237720828,0.00011364927832713256,0.020497188418821557,0.017797710164830574,2.2857142857142856,94500.0,0.017045454545454544,0.0,0
2018-03-06,87.0,88.0,87.0,88.0,3500,88.03,88.583,87.9965,1.0003806969595381,53.38753387533875,1.2573011968190286,1.678761058381472,0.0,0.02049697262401143,0.01773975337478124,-0.8478260869565217,94800.0,0.011363636363636364,0.0,0
2018-03-07,85.0,88.5,85.0,88.0,147000,87.998,88.60799999999999,88.032,0.9996137768084334,56.52797704447631,1.1603154248808636,1.5750719316813504,0.0,0.02047003076283841,0.01707253240626787,41.0,108200.0,0.03977272727272727,0.0,0
2018-03-08,88.0,88.4,85.15,88.0,53500,87.998,88.19500000000001,88.082,0.9990463431802186,47.80361757105941,1.0711064534206827,1.474278836029217,0.0,0.010941776631975495,0.01704910463120757,-0.6360544217687074,75050.0,0.036931818181818184,-0.017045454545454586,0
2018-03-09,88.0,88.0,86.5,86.5,1000,87.7,87.795,88.0145,0.9964267251418801,44.2231075697211,0.8693489236052017,1.353292853544414,-0.017045454545454586,0.010856833833257843,0.017350664857666728,-0.9813084112149533,62700.0,0.017341040462427744,0.01734104046242768,1
2018-03-12,87.5,88.25,87.5,88.0,26000,87.7,87.77000000000001,88.098,0.9954823037980431,50.0,0.8210277942784785,1.246839841691227,0.01734104046242768,0.010228027858316493,0.017328194600212697,25.0,39950.0,0.008522727272727272,0.010340909090909012,1
2018-03-13,88.0,91.0,88.0,88.91,32500,87.88199999999999,87.956,88.144,0.9970275912143763,53.95634379263301,0.8464055101133425,1.16675297537565,0.010340909090909012,0.009531058054037233,0.016948601111546002,0.25,38300.0,0.03374198627825892,0.0026993589022608067,1
2018-03-14,89.0,91.0,89.0,89.15,43000,88.112,88.05499999999999,88.25150000000001,0.998419290323677,35.83650190114075,0.8757879882163024,1.1085599779437805,0.0026993589022608067,0.008790945224151936,0.01671831818426249,0.32307692307692304,37300.0,0.02243409983174425,0.049915872125630756,1
2018-03-15,90.0,93.6,90.0,93.6,1102000,89.232,88.615,88.6225,1.0068774859657537,61.61919040479758,1.2438137133600264,1.1356107250270298,0.049915872125630756,0.017628959809575143,0.019704037989546855,24.627906976744185,143850.0,0.0384615384615384,0.004487179487179471,1
2018-03-16,94.99,95.5,94.0,94.02,183000,90.736,89.218,88.898,1.0206753807734708,75.06516072980014,1.5514827149585528,1.2187851230133344,0.004487179487179471,0.017501825971262607,0.018967109434296425,-0.8339382940108893,161450.0,0.015954052329291642,0.014890448840672255,1
2018-03-19,93.02,96.0,93.02,95.42,382500,92.22,89.96000000000001,89.2715,1.0330284581305342,85.73868488471392,1.8865341240177145,1.3523349232142106,0.014890448840672255,0.017499757650780927,0.01900001493809505,1.0901639344262297,197400.0,0.03123035003143999,0.016558373506602386,1
2018-03-20,94.05,98.0,94.05,97.0,705000,93.83800000000001,90.85999999999999,89.7215,1.045880864675691,86.28899835796386,2.253579710898606,1.5325838807510896,0.016558373506602386,0.017414214749125256,0.01917245867161519,0.8431372549019607,267550.0,0.04072164948453611,-0.0073195876288658646,0
2018-03-21,97.0,97.4,94.3,96.29,686500,95.26599999999999,91.689,90.1485,1.0567674448271462,82.560879811469,2.458831042946059,1.7178333131900836,-0.0073195876288658646,0.01802071418574775,0.019295265414377778,-0.026241134751773032,321500.0,0.03219441271160046,0.028663412607747407,1
2018-03-22,95.95,99.4,95.5,99.05,1136000,96.35600000000001,92.79400000000001,90.4945,1.064771892214444,85.72351421188634,2.8117905647160484,1.9366247634952765,0.028663412607747407,0.01866516802353326,0.017147355731496703,0.6547705753823743,429750.0,0.03937405350832918,-0.031398283695103446,0
2018-03-26,98.0,98.05,94.98,95.94,272000,96.74,93.73800000000001,90.7665,1.0658117256917474,71.36706135629711,2.808191437160147,2.110938098228251,-0.031398283695103446,0.021489518274510597,0.01828613303249432,-0.7605633802816901,456850.0,0.03199916614550754,-0.02564102564102555,0
2018-03-27,92.6,95.0,92.6,93.48,406000,96.352,94.286,91.02799999999999,1.0584874983521555,63.02281368821295,2.577130110019084,2.2041765005864176,-0.02564102564102555,0.02413148118158067,0.01834951560902192,0.49264705882352944,494850.0,0.025673940949935876,0.0021394950791613354,1
2018-03-28,92.0,94.0,88.81,93.68,300000,95.688,94.763,91.3595,1.0473787619240473,63.37099811676085,2.3826845675579307,2.2398781139807205,0.0021394950791613354,0.02411899335922635,0.017931088507426172,-0.26108374384236455,521600.0,0.05540136635354395,0.014517506404782221,1
2018-03-29,92.15,95.25,92.15,95.04,106500,95.43800000000002,95.352,91.7035,1.0407236365024237,65.57522123893807,2.311678121839833,2.254238115552543,0.014517506404782221,0.02425569527286097,0.017981624757729162,-0.645,527950.0,0.03261784511784505,0.016624579124579153,1
2018-03-30,93.65,98.0,93.56,96.62,119000,94.952,95.654,92.1345,1.0305802929412977,72.31040564373902,2.3557422669685053,2.2745389458357357,0.016624579124579153,0.01947608486888662,0.018144269110290934,0.11737089201877926,429650.0,0.04595321879528046,-0.016145725522666132,0
2018-04-02,97.0,97.94,94.12,95.06,5500,94.776,95.75800000000001,92.488,1.0247383444338725,65.52330694810908,2.238974947431501,2.2674261461548886,-0.016145725522666132,0.020412878792772964,0.018719599007512286,-0.953781512605042,411900.0,0.04018514622343776,-0.01115085209341471,0
2018-04-03,96.0,96.0,94.0,94.0,13500,94.88,95.61600000000001,92.788,1.022546018881752,61.11839231105287,2.0374167916981634,2.2214242752635434,-0.01115085209341471,0.02014420776112924,0.019011049477805776,1.4545454545454546,375000.0,0.02127659574468085,0.02127659574468077,1
2018-04-04,95.0,98.0,95.0,96.0,105000,95.34400000000001,95.516,93.188,1.0231360260977809,63.894523326572006,2.0158265922865866,2.180304738668152,0.02127659574468077,0.020658064074233734,0.01939779553960152,6.777777777777778,315000.0,0.03125,0.0078125,1
2018-04-05,97.99,97.99,96.0,96.75,271500,95.686,95.562,93.6255,1.0220078931487684,57.51789976133654,2.0357678708981837,2.1513973651141582,0.0078125,0.02068516845605946,0.019380262508823267,1.5857142857142859,273500.0,0.020568475452196328,-0.0027906976744185297,0
2018-04-06,96.0,97.5,94.21,96.48,56000,95.658,95.305,94.0495,1.0171026959207652,55.913461538461554,2.0066532843870704,2.1224485489687406,-0.0027906976744185297,0.018197324617948086,0.019427601638893146,-0.7937384898710865,165500.0,0.03410033167495861,-0.009121061359867455,0
2018-04-09,97.0,97.55,95.6,95.6,25500,95.766,95.271,94.50450000000001,1.0133485707029823,50.4437869822485,1.8907754370135592,2.076113926577704,-0.009121061359867455,0.015413905200021645,0.0190357177517067,-0.5446428571428572,140850.0,0.020397489539748986,0.009309623430962422,1
2018-04-10,96.99,96.99,96.0,96.49,29500,96.26400000000001,95.572,94.929,1.0140631419271247,48.69831546707502,1.8494378023247577,2.030778701727115,0.009309623430962422,0.01274831014318552,0.018849585367775742,0.15686274509803932,103200.0,0.0102601305834801,-0.007254637786298979,0
2018-04-11,95.5,96.75,95.5,95.79,20500,96.22200000000001,95.783,95.273,1.0099608493487138,48.72318692543412,1.7401340964879495,1.972649780679282,-0.007254637786298979,0.013177890776115702,0.018986671055139966,-0.30508474576271183,75250.0,0.01304937884956676,0.0021922956467270716,1
2018-04-12,95.5,96.3,95.5,96.0,50000,96.072,95.879,95.6155,1.0047743305217252,41.04521432765708,1.6514188386786088,1.9084035922791474,0.0021922956467270716,0.012466203904561837,0.018988702239583377,1.4390243902439024,69600.0,0.008333333333333304,0.005520833333333419,1
2018-04-13,97.0,98.39,96.0,96.53,162000,96.08200000000001,95.87,95.762,1.0033416177606984,52.04152249134949,1.6053721969342263,1.8477973132101633,0.005520833333333419,0.01137398924155384,0.015619723335094987,2.24,73900.0,0.02475914223557444,-0.007562415829275859,0
2018-04-16,94.01,96.0,94.01,95.8,47500,96.122,95.94399999999999,95.851,1.0028273048794483,59.119496855345886,1.492767310132379,1.7767913125946064,-0.007562415829275859,0.0102958988950692,0.01573682369299473,-0.7067901234567902,78100.0,0.020772442588726462,-0.0041753653444676075,0
2018-04-17,95.0,95.89,95.0,95.4,9500,95.904,96.08399999999999,95.85,1.0005633802816902,56.656346749226,1.355623683035418,1.692557786682769,-0.0041753653444676075,0.009607818234633607,0.01542913741908923,-0.8,77700.0,0.009329140461215938,-0.014675052410901501,0
2018-04-18,96.75,96.75,94.0,94.0,21000,95.546,95.88399999999999,95.7,0.9983908045977012,45.98765432098763,1.1210453577254356,1.5782553008913023,-0.014675052410901501,0.007982976601071275,0.015255592001638176,1.210526315789474,69300.0,0.02925531914893617,0.0,0
2018-04-19,93.5,94.0,93.5,94.0,1500,95.146,95.609,95.5855,0.9954020222732528,38.4885764499121,0.9244834748446777,1.4475009356819775,0.0,0.007257181127287455,0.015195273626039167,-0.9285714285714286,42300.0,0.005319148936170213,0.002765957446808631,1
2018-04-20,94.01,94.75,94.0,94.26,788500,94.692,95.387,95.346,0.9931407715058838,46.031746031746046,0.7806873161791827,1.3141382117814187,0.002765957446808631,0.0074722500451885636,0.013539316020382362,524.6666666666666,115550.0,0.007956715467854869,0.029811160619562793,1
2018-04-23,95.0,97.5,94.99,97.07,91000,94.946,95.534,95.4025,0.9952150100888341,62.97548605240912,0.88328933071557,1.227968435568249,0.029811160619562793,0.012181667806290875,0.013554533013658356,-0.8845909955611921,122100.0,0.02585762851550433,0.004429792932935106,1
2018-04-24,96.0,97.75,96.0,97.5,160000,95.366,95.635,95.6035,0.9975157813259975,57.30994152046784,0.9879115434638521,1.1799570571473696,0.004429792932935106,0.011933423922989957,0.012068387773076252,0.7582417582417582,135150.0,0.017948717948717947,-0.01538461538461533,0
2018-04-25,95.26,97.0,95.26,96.0,7000,95.76599999999999,95.65599999999999,95.71950000000001,1.0004857944306018,46.59400544959128,0.9389641427000868,1.1317584742579132,-0.01538461538461533,0.012810923521733755,0.012691275048050949,-0.95625,133800.0,0.018124999999999947,-0.0034374999999999822,0
2018-04-26,96.0,96.0,95.0,95.67,46000,96.1,95.623,95.751,1.0036448705496548,46.341463414634134,0.8635898071421622,1.0781247408347632,-0.0034374999999999822,0.012841812599177405,0.012337200609934942,5.571428571428571,133400.0,0.010452597470471413,0.005435350684645179,1
2018-04-27,98.5,98.9,95.99,96.19,123500,96.486,95.589,95.7295,1.0079024752035683,52.7544351073763,0.8361758427347468,1.02973496121476,0.005435350684645179,0.012837556791302503,0.011805066980212971,1.6847826086956523,129550.0,0.030252625012995228,0.014242644765568135,1
2018-04-30,95.5,98.3,95.5,97.56,30500,96.584,95.76500000000001,95.8545,1.0076104929867664,54.78105451295804,0.9144563453473609,1.0066792380412801,0.014242644765568135,0.013306312004349145,0.011592606272606939,-0.7530364372469636,127850.0,0.028700287002869997,-0.02695776957769569,0
2018-05-02,95.0,96.25,94.5,94.93,24000,96.07000000000001,95.71799999999999,95.901,1.0017622339704488,46.72256097560975,0.7555654987293394,0.9564564901788921,-0.02695776957769569,0.01611601976580957,0.012949972639311066,-0.21311475409836067,129300.0,0.01843463604761403,-0.02033077004108297,0
2018-05-03,93.01,93.01,93.0,93.0,3500,95.47,95.61800000000001,95.751,0.9970653048009942,39.89218328840971,0.46850782119409473,0.8588667563819327,-0.02033077004108297,0.01675992152184241,0.0127898213628266,-0.8541666666666666,127550.0,0.00010752688172048512,-0.010752688172043001,0
2018-05-04,93.0,93.0,92.0,92.0,45000,94.736,95.418,95.5135,0.9918597894538469,35.205747877204445,0.15849388214290627,0.7187921815341274,-0.010752688172043001,0.017035396386478302,0.012751371960040638,11.857142857142858,131900.0,0.010869565217391304,-0.0006521739130435078,0
2018-05-07,93.85,93.85,90.01,91.94,24500,93.886,95.18599999999999,95.2865,0.9853022201466104,36.816939890710394,-0.0909870545170719,0.5568363343238875,-0.0006521739130435078,0.016962882711453624,0.012757212615915113,-0.4555555555555556,55500.0,0.041766369371329014,-0.01055035892973677,0
2018-05-08,92.0,92.0,90.0,90.97,227500,92.56800000000001,94.576,95.05499999999999,0.9738362000946822,35.437212360289266,-0.36279135469776236,0.3729107965195575,-0.01055035892973677,0.01273174244055129,0.01280118653757915,8.285714285714286,69150.0,0.021985269869187644,0.014949983511047593,1
2018-05-09,90.01,92.5,89.0,92.33,339500,92.048,94.059,94.847,0.9704893143694583,44.495715227422544,-0.46311903883139394,0.20570482944936722,0.014949983511047593,0.014088045148325252,0.013130654394503961,0.49230769230769234,87100.0,0.03790750568612585,0.007256579659915552,1
2018-05-10,92.0,93.99,92.0,93.0,50500,92.048,93.759,94.7075,0.9719188026291476,46.843434343434346,-0.4829983464707652,0.06796419426534074,0.007256579659915552,0.014114397304573588,0.013232482543181668,-0.8512518409425626,91450.0,0.021397849462365535,-0.016236559139785056,0
2018-05-11,91.49,91.49,91.49,91.49,5500,91.946,93.34100000000001,94.482,0.9731589085751783,41.89584552369804,-0.6135248883936839,-0.0683336222664642,-0.016236559139785056,0.014717865161965119,0.013606003037591474,-0.8910891089108911,87400.0,0.0,-0.027216089190075343,0
2018-05-14,88.01,89.5,88.0,89.0,11000,91.35799999999999,92.622,94.10549999999999,0.97080404439698,25.939177101967843,-0.9074300151037278,-0.23615290083391693,-0.027216089190075343,0.01587943443111623,0.014550116656159637,1.0,76150.0,0.016853932584269662,0.011235955056179803,1
2018-05-15,88.0,90.1,88.0,90.0,10000,91.16399999999999,91.86600000000001,93.8155,0.9717370796936539,28.37370242214533,-1.0475844019551488,-0.39843920105816333,0.011235955056179803,0.015441816759605436,0.014907401426323219,-0.09090909090909094,74100.0,0.02333333333333327,0.0,0
2018-05-16,89.51,90.0,89.51,90.0,1000,90.69800000000001,91.373,93.54549999999999,0.969560267463427,31.060606060606062,-1.1454536862181897,-0.5478420980901686,0.0,0.014039450344541618,0.014919484616634279,-0.9,71800.0,0.005444444444444387,-0.011111111111111072,0
2018-05-17,88.53,89.0,88.53,89.0,2000,89.898,90.973,93.29549999999999,0.9635834525780986,29.800121138703815,-1.2888503768947004,-0.696043753851075,-0.011111111111111072,0.013216161581192954,0.014790956685488129,1.0,71650.0,0.005280898876404482,-0.004494382022471988,0
2018-05-18,88.5,88.6,87.5,88.6,3000,89.32,90.633,93.0255,0.9601668359750821,26.845637583892625,-1.4184192897963044,-0.8405188610401209,-0.004494382022471988,0.013023832886109742,0.01478311375009259,0.5,67450.0,0.01241534988713312,-0.006772009029345272,0
2018-05-21,86.01,88.0,86.01,88.0,14500,89.12,90.23899999999999,92.7125,0.9612511797222597,19.398207426376445,-1.5516323208184133,-0.9827415529957795,-0.006772009029345272,0.013009429639070707,0.014746215173898574,3.833333333333333,66450.0,0.022613636363636305,0.050000000000000044,1
2018-05-22,89.0,92.4,89.0,92.4,98000,89.6,90.382,92.479,0.9688686080083045,42.72570442783209,-1.2873219340600173,-1.043657629208627,0.050000000000000044,0.021253090811371344,0.017557135557852144,5.758620689655173,53500.0,0.036796536796536855,-0.004437229437229573,0
2018-05-23,92.0,92.0,90.13,91.99,70000,89.998,90.348,92.20349999999999,0.9760800837278413,46.81789540012601,-1.098277363989368,-1.0545815761647752,-0.004437229437229573,0.020795662906783842,0.01748961654779819,-0.2857142857142857,26550.0,0.020328296553973307,0.000543537341015421,1
2018-05-24,91.99,94.8,91.25,92.04,650000,90.60600000000001,90.252,92.00550000000001,0.9847889528343414,50.134048257372676,-0.9336609359968264,-1.0303974481311855,0.000543537341015421,0.02063676447010152,0.017245463921925795,8.285714285714286,86500.0,0.03857018687527159,-0.001955671447196994,0
2018-05-25,89.59,91.87,89.59,91.86,12000,91.25800000000001,90.289,91.815,0.9939334531394654,49.7340425531915,-0.8084069147947162,-0.9859993414638917,-0.001955671447196994,0.019935818592705958,0.017241984023369048,-0.9815384615384616,87150.0,0.024820378837361216,-0.009362072719355519,0
2018-05-28,89.15,91.0,89.0,91.0,520500,91.858,90.489,91.55550000000001,1.0033040068592274,50.10046885465506,-0.7696647965902628,-0.9427324324891659,-0.009362072719355519,0.017861511715867823,0.017228576450529685,42.375,138100.0,0.02197802197802198,0.012747252747252746,1
2018-05-29,90.0,92.89,90.0,92.16,40500,91.80999999999999,90.705,91.2855,1.0057457098882077,49.42294636795654,-0.638004563847872,-0.8817868587609072,0.012747252747252746,0.01795108240365285,0.017154583562651846,-0.9221902017291066,141150.0,0.031358506944444454,-0.00238715277777779,0
2018-05-30,93.0,93.0,90.6,91.94,29000,91.8,90.899,91.136,1.0072858146067416,46.28851540616247,-0.5451311101169551,-0.814455709032117,-0.00238715277777779,0.018004049642276483,0.016178319755482007,-0.28395061728395066,143950.0,0.026103980857080766,0.01664128779638907,1
2018-05-31,92.5,94.0,91.85,93.47,40500,92.086,91.34599999999999,91.1595,1.0101635046265063,56.92307692307693,-0.3441034057965311,-0.7203852483849997,0.01664128779638907,0.017849299596687178,0.01602207033664674,0.39655172413793105,147800.0,0.023002032737776887,0.00994971648657339,1
2018-06-01,92.02,95.0,92.0,94.4,46000,92.594,91.926,91.27950000000001,1.0144008238432505,71.19309262166401,-0.10849362713184973,-0.5980069241343697,0.00994971648657339,0.0175732062407482,0.015934005035224217,0.1358024691358024,152100.0,0.03177966101694915,0.003389830508474523,1
2018-06-04,95.9,95.9,94.51,94.72,432000,93.338,92.59799999999998,91.41850000000001,1.020996844183617,69.56882255389712,0.10286438894027583,-0.45783266151944063,0.003389830508474523,0.017005308188986587,0.015932139812925752,8.391304347826088,193850.0,0.014674831081081087,0.008657094594594739,1
2018-06-05,95.0,96.0,94.99,95.54,175000,94.01400000000001,92.912,91.647,1.025827359324364,71.50621118012418,0.3326991378407911,-0.2997263016473943,0.008657094594594739,0.008352382317627367,0.015738296759719717,-0.5949074074074074,201550.0,0.010571488381829653,0.007326774126020341,1
2018-06-06,95.9,97.0,95.9,96.24,331000,94.874,93.337,91.8425,1.0330075945232327,78.77583465818752,0.5648181104797345,-0.12681741922196854,0.007326774126020341,0.00794789230721093,0.015513393471696071,0.8914285714285715,227650.0,0.011429758935993291,-0.010598503740648302,0
2018-06-07,95.99,97.0,95.0,95.22,75000,95.224,93.655,91.9535,1.0355668897866857,75.07575757575756,0.6588735094364182,0.030320766509708816,-0.010598503740648302,0.009247489711887463,0.015718802461175047,-0.7734138972809668,170150.0,0.021003990758244065,0.022999369880277287,1
2018-06-11,96.95,97.85,95.0,97.41,277500,95.826,94.21000000000001,92.2495,1.0387698578312077,81.81203515889109,0.8997559615029047,0.20420780550834802,0.022999369880277287,0.01085655032064774,0.01586323848963085,2.7,196700.0,0.02925777640899286,-0.009855251000923881,0
2018-06-12,96.0,97.48,96.0,96.45,31500,96.172,94.755,92.622,1.0383278270821188,67.84140969162993,1.0016467035891594,0.36369558512451033,-0.009855251000923881,0.010934607523980039,0.014526613661071639,-0.8864864864864865,147800.0,0.015344738206324562,0.009953343701399664,1
2018-06-13,96.5,97.6,96.5,97.41,108000,96.546,95.28,92.9925,1.0382127590934753,72.7731092436975,1.14664205190644,0.5202848784808963,0.009953343701399664,0.010774365151778716,0.014496372458878243,2.4285714285714284,154550.0,0.011292475105225278,0.00811005030284373,1
2018-06-14,97.0,98.5,97.0,98.2,39000,96.938,95.90599999999999,93.4025,1.0378523058804636,74.36708860759495,1.3101951931589184,0.6782669414165008,0.00811005030284373,0.010414244989342776,0.014490203395050999,-0.6388888888888888,155550.0,0.015274949083503055,0.03380855397148674,1
2018-06-19,98.48,103.11,98.0,101.52,472000,98.19800000000001,96.711,94.02850000000001,1.0443429385771335,80.60836501901144,1.6882474241326975,0.8802630379597403,0.03380855397148674,0.013267106854204444,0.015401114839254562,11.102564102564102,198700.0,0.050334909377462565,0.00039401103230907175,1
2018-06-20,102.6,103.0,101.0,101.56,298000,99.02799999999999,97.42699999999999,94.6765,1.045961775097305,85.29411764705888,1.9683937882958276,1.097889188026958,0.00039401103230907175,0.0134833773382713,0.015251953453851061,-0.3686440677966102,223900.0,0.019692792437967704,-0.0252067743205987,0
2018-06-21,99.11,100.0,99.0,99.0,35000,99.53799999999998,97.855,95.2265,1.0452762623849452,70.90464547677264,1.9612333181866575,1.270558014058898,-0.0252067743205987,0.017005281889876194,0.016620966626713106,-0.8825503355704698,184200.0,0.010101010101010102,-0.01838383838383828,0
2018-06-22,97.67,100.0,96.51,97.18,566000,99.492,98.01899999999999,95.4655,1.042177540577486,64.58797327394214,1.7880878408283536,1.3740639794127891,-0.01838383838383828,0.01837591284748738,0.013914285179659305,15.17142857142857,223300.0,0.035912739246758536,-0.024387734101667058,0
2018-06-25,96.0,96.0,93.0,94.81,389500,98.81400000000001,97.876,95.60650000000001,1.0335489741806259,53.56382978723405,1.442995653828774,1.3878503142959864,-0.024387734101667058,0.019992256755417673,0.015110331728010403,-0.3118374558303887,229150.0,0.03164223183208522,0.02004008016032066,1
2018-06-26,91.1,98.0,91.1,96.71,390000,97.852,98.025,95.84,1.020993322203673,55.84218512898329,1.3077468388994333,1.3718296192166757,0.02004008016032066,0.020745279179939066,0.015656319950498675,0.0012836970474967568,260650.0,0.07134732706028339,0.008168751938786079,1
2018-06-27,97.0,97.5,97.0,97.5,8000,97.04,98.03399999999999,96.122,1.0095503630802523,56.867588932806335,1.2498995127992458,1.3474435979331898,0.008168751938786079,0.01955302135286831,0.015665146552192862,-0.9794871794871794,233700.0,0.005128205128205128,0.029333333333333433,1
2018-06-28,97.0,101.0,97.0,100.36,79500,97.31200000000001,98.425,96.59,1.0074748938813542,60.81687612208258,1.4184818127173457,1.361651240890021,0.029333333333333433,0.0211605734770416,0.01641651731847378,8.9375,238500.0,0.03985651654045436,0.0085691510561976,1
2018-06-29,100.0,101.99,98.96,101.22,55000,98.11999999999999,98.806,97.04299999999999,1.0110981729748667,61.096256684492,1.6030009159270548,1.409921175897428,0.0085691510561976,0.021123127459581968,0.01633961510377042,-0.30817610062893086,233200.0,0.02993479549496148,-0.03566488836198378,0
2018-07-02,100.0,100.0,97.61,97.61,2500,98.67999999999999,98.747,97.3265,1.013906798251247,54.77427087495006,1.4413221401975989,1.4162013687574624,-0.03566488836198378,0.024459413193523735,0.018644593496503773,-0.9545454545454546,229550.0,0.024485196188915075,-0.006249359696752332,0
2018-07-03,97.0,97.0,96.99,97.0,14500,98.738,98.295,97.503,1.0126662769350687,49.12579957356077,1.2495644425155632,1.3828739835090826,-0.006249359696752332,0.021326210221626028,0.01847543155118015,4.8,183800.0,0.00010309278350520738,0.0,0
2018-07-04,97.0,99.0,96.9,97.0,39000,98.638,97.839,97.633,1.0102936507123617,51.22276567363272,1.0850868794596522,1.3233165626991967,0.0,0.02131685665849888,0.018384338224094354,1.6896551724137931,157900.0,0.021649484536082415,0.02298969072164958,1
2018-07-05,97.0,99.98,97.0,99.23,3500,98.412,97.862,97.85849999999999,1.0056561259369396,53.82996632996634,1.1217487673280147,1.2830030036249604,0.02298969072164958,0.021531760660615466,0.01900128769072835,-0.9102564102564102,154750.0,0.030031240552252383,-0.0023178474251738246,0
2018-07-06,99.0,99.0,99.0,99.0,6000,97.968,98.04400000000001,98.0315,0.9993522490219982,51.72413793103448,1.1193414285658605,1.2502706886131405,-0.0023178474251738246,0.02054793550299629,0.018972574871214523,0.7142857142857142,98750.0,0.0,-0.03707070707070714,0
2018-07-09,97.0,97.0,95.3,95.33,10500,97.512,98.09599999999999,97.986,0.9951625742453003,36.85774946921445,0.8119357765036028,1.162603706191233,-0.03707070707070714,0.022645336270240776,0.02081812315013861,0.75,60850.0,0.017832791356341162,-0.01919647540123781,0
2018-07-10,93.0,93.5,92.9,93.5,2000,96.812,97.775,97.9,0.9888866189989785,34.09629044988161,0.4158551570644704,1.0132539963658806,-0.01919647540123781,0.022334441158955942,0.02112912062495368,-0.8095238095238095,22050.0,0.00641711229946518,0.016042780748663166,1
2018-07-11,95.5,96.5,95.0,95.0,1055500,96.412,97.525,97.77950000000001,0.986014450881831,41.762767710049424,0.22045461297894065,0.8546941196884927,0.016042780748663166,0.02290899126263108,0.020772729053322347,526.75,126800.0,0.015789473684210527,0.03157894736842115,1
2018-07-12,95.0,99.75,95.0,98.0,112500,96.16600000000001,97.289,97.857,0.9827196828024568,51.61036920659858,0.3041669546443728,0.7445886866796687,0.03157894736842115,0.023262419370546503,0.021884357289982427,-0.8934154429180483,130100.0,0.04846938775510204,0.04204081632653067,1
2018-07-13,99.0,102.9,98.99,102.12,266500,96.79,97.37899999999999,98.0925,0.9867217167469481,63.43256155825065,0.6949482256968196,0.734660594483099,0.04204081632653067,0.02706974649301127,0.02367615149110017,1.3688888888888888,151250.0,0.03828828828828839,0.039365452408930635,1
2018-07-16,101.0,107.22,100.0,106.14,208500,98.952,98.232,98.48949999999999,1.0046959320536708,66.07569041936584,1.313880010986395,0.8505044777837583,0.039365452408930635,0.02609229739569996,0.02504865255321749,-0.21763602251407133,171850.0,0.06802336536649707,0.049934049368758116,1
2018-07-17,109.24,111.44,109.24,111.44,664000,102.54,99.676,98.9855,1.0359092998469472,70.59692671394798,2.2066171075980208,1.121727003746611,0.049934049368758116,0.028453310910583604,0.026281307791340015,2.184652278177458,236800.0,0.019741564967695645,0.04998205312275661,1
2018-07-18,115.0,117.01,114.95,117.01,652500,106.94200000000001,101.67699999999999,99.75800000000001,1.0720142745443975,72.77701778385773,3.3252388544293723,1.5624293738831634,0.04998205312275661,0.03000287155401141,0.028100158149566387,-0.017319277108433728,298150.0,0.017605332877531854,0.03452696350739237,1
2018-07-19,122.86,122.86,117.0,121.05,1905500,111.55199999999999,103.859,100.8605,1.106002845514349,74.95595268059401,4.486036646340793,2.1471508283746896,0.03452696350739237,0.030378504276761528,0.02761355517983906,1.9203065134099617,488350.0,0.04840974803800082,-0.029657166460140494,0
2018-07-20,119.9,121.98,115.5,117.46,577500,114.62,105.705,101.8745,1.125109816489897,74.99370435658523,5.057988914689162,2.7293184456375843,-0.029657166460140494,0.03370690976345773,0.028338963235234042,-0.6969299396483862,545500.0,0.05516771666950455,-0.04282308871105045,0
2018-07-23,119.5,119.5,112.01,112.43,116000,115.878,107.415,102.75550000000001,1.1277060595296602,67.48243825062318,5.047205205677898,3.1928957976456473,-0.04282308871105045,0.034778562679210964,0.02977633605221076,-0.7991341991341991,556050.0,0.06661922974295112,0.049986658365204883,1
2018-07-24,113.9,118.05,113.9,118.05,381500,117.2,109.87,103.82249999999999,1.1288497194731393,71.15577889447236,5.429557511088689,3.640228140334256,0.049986658365204883,0.033599623825813885,0.031085939209616324,2.288793103448276,594000.0,0.03515459551037689,0.037187632359169775,1
2018-07-26,122.99,123.89,119.99,122.44,163000,118.28600000000002,112.614,105.06949999999999,1.1257881687835196,72.35600077056444,6.017445414061953,4.115671595079796,0.037187632359169775,0.03370157373557964,0.03164474212830637,-0.5727391874180865,504750.0,0.031852335837961494,0.039856256125449185,1
2018-07-27,125.0,128.56,124.0,127.32,655000,119.54,115.546,106.41749999999999,1.1233114854229804,75.03536067892504,6.7987542222141,4.6522881205066575,0.039856256125449185,0.03394877027823135,0.03203444836487066,3.0184049079754605,559000.0,0.03581526861451463,-0.04995287464655984,0
2018-07-30,127.07,129.7,120.96,120.96,317000,120.24000000000001,117.42999999999999,107.40450000000001,1.1195061659427676,71.62869198312237,6.826061644872169,5.08704282537976,-0.04995287464655984,0.04113562729300486,0.03494823368052998,-0.5160305343511451,564050.0,0.07225529100529096,-0.03207671957671954,0
2018-07-31,115.25,123.4,114.92,117.08,608000,121.17,118.524,108.378,1.11803133477274,69.23327895595433,6.460150803423389,5.361664420988486,-0.03207671957671954,0.04313709244481654,0.0347124381564356,0.9179810725552051,604000.0,0.07242910830201575,-0.022890331397335095,0
2018-08-01,119.9,119.9,112.1,114.4,109000,120.44000000000001,118.82000000000001,109.248,1.1024458113649678,65.52496798975673,5.886059394272081,5.466543415645206,-0.022890331397335095,0.041906525096071554,0.03530935476607538,-0.8207236842105263,548500.0,0.06818181818181827,-0.020629370629370647,0
2018-08-02,116.0,116.0,111.0,112.04,244000,118.35999999999999,118.32300000000001,110.0,1.0759999999999998,61.351875808538175,5.180932969503715,5.409421326416908,-0.020629370629370647,0.039038877596488844,0.035878989910736486,1.238532110091743,507650.0,0.04462691895751517,-0.00035701535166021703,0
2018-08-03,114.0,116.0,111.0,112.0,379000,115.296,117.418,110.6385,1.042096557708212,58.55263157894738,4.566250637055532,5.240787188544632,-0.00035701535166021703,0.03673958619931949,0.03573980534407018,0.5532786885245902,355000.0,0.044642857142857144,0.03642857142857148,1
2018-08-06,113.0,117.6,113.0,116.08,311500,114.32000000000001,117.28,111.49249999999999,1.0253604502545015,58.595641646489106,4.358094956225116,5.064248742080729,0.03642857142857148,0.03815474138500617,0.03627277012922432,-0.17810026385224276,328400.0,0.039627842866988235,0.029290144727774026,1
2018-08-07,116.45,121.88,116.0,119.48,175500,114.8,117.98499999999999,112.7,1.0186335403726707,57.18884120171675,4.41657019254059,4.934713032172701,0.029290144727774026,0.0360279734448034,0.03488236566286194,-0.4365971107544141,334350.0,0.04921325744894539,0.002176096417810358,1
2018-08-08,119.89,120.0,119.74,119.74,7000,115.86800000000001,118.154,114.01199999999999,1.0162789881766834,52.69709543568464,4.432793580622061,4.834329141862574,0.002176096417810358,0.03265778458560327,0.0341992392871483,-0.9601139601139601,296900.0,0.0021713713044931113,0.005511942542174797,1
2018-08-09,118.6,122.3,117.0,120.4,90500,117.54,117.95,115.282,1.0195867524852102,49.31187804361635,4.447637618798453,4.75699083724975,0.005511942542174797,0.03030672356078813,0.03423098729251331,11.928571428571429,289650.0,0.04401993355481725,-0.02400332225913626,0
2018-08-10,120.98,123.0,116.38,117.51,48000,118.64200000000001,116.96900000000001,116.25750000000001,1.0205105046986216,50.05372877713304,4.178040923708181,4.641200854541436,-0.02400332225913626,0.02725360735109508,0.034848975260696344,-0.4696132596685083,228950.0,0.056335631010126834,-0.011658582248319282,0
2018-08-13,117.0,119.88,115.0,116.14,125500,118.654,116.487,116.9585,1.0144965949460705,54.3270352227665,3.8099176905325294,4.474944221739655,-0.011658582248319282,0.023009042463963097,0.03428985991246166,1.6145833333333335,209800.0,0.04201825383158253,-0.0011193387291199564,0
2018-08-15,117.99,119.5,115.0,116.01,94500,117.96,116.38,117.452,1.0043251711337398,47.271268057784916,3.4677138162150527,4.273498140634735,-0.0011193387291199564,0.02075736256341722,0.0334643129344188,-0.24701195219123506,158450.0,0.038789759503491075,0.004223773812602305,1
2018-08-16,114.6,117.17,113.01,116.5,65500,117.31199999999998,116.58999999999999,117.705,0.9966611443863895,41.12903225806452,3.1991755805963322,4.058633628627055,0.004223773812602305,0.01925700570547618,0.03174992161418019,-0.30687830687830686,154100.0,0.03570815450643774,-0.004806866952789757,0
2018-08-17,116.01,117.5,115.5,115.94,92000,116.42,116.97999999999999,117.65149999999998,0.989532645142646,30.486968449931425,2.907652170005065,3.828437336902657,-0.004806866952789757,0.01778618106846816,0.029756710564206285,0.4045801526717556,138900.0,0.017250301880282905,-0.001725030188028276,0
2018-08-20,114.51,116.5,114.1,115.74,11500,116.066,117.354,117.38600000000001,0.9887550474502922,38.65217391304348,2.630160584271124,3.5887819863763504,-0.001725030188028276,0.01782494783532133,0.02862284429740274,-0.875,102150.0,0.0207361327112494,0.0104544669085882,1
2018-08-24,117.4,117.4,116.0,116.95,35000,116.228,117.441,117.3605,0.9903502456107464,49.68027545499263,2.4793035232628,3.36688629375364,0.0104544669085882,0.013954773085699156,0.027969858115781454,2.0434782608695654,74500.0,0.011970927746900433,0.005985463873450225,1
2018-08-27,117.5,118.1,116.65,117.65,16500,116.556,117.25800000000001,117.6215,0.9909412819935131,58.85558583106266,2.3886969538316265,3.1712484257692375,0.005985463873450225,0.010083601240633231,0.026088757943968508,-0.5285714285714286,58600.0,0.012324691882702835,-0.03544411389715263,0
2018-08-28,115.5,115.5,113.0,113.48,197500,115.952,116.63200000000002,117.393,0.9877249921204841,53.57142857142856,1.957837710501451,2.92856628271568,-0.03544411389715263,0.014577618837434735,0.024886869303116038,10.969696969696969,77650.0,0.022030313711667252,-0.00845964046528025,0
2018-08-29,110.0,113.0,110.0,112.52,57000,115.268,115.84400000000001,116.897,0.9860646552092868,51.233396584440214,1.5213771898239372,2.647128464137332,-0.00845964046528025,0.014092143492850899,0.023168817317283468,-0.7113924050632912,74300.0,0.026661926768574477,0.006398862424457974,1
2018-08-30,116.89,116.89,111.0,113.24,40000,114.76799999999999,115.417,116.19299999999998,0.9877359221295603,41.98645598194131,1.2195192070728922,2.361606612724444,0.006398862424457974,0.013183852611436868,0.020939224629767755,-0.29824561403508776,73500.0,0.052013422818791955,-0.008654185800070602,0
2018-08-31,113.99,113.99,111.0,112.26,33000,113.83,115.02900000000002,115.758,0.9833445636586673,26.405228758169955,0.8909464945805041,2.067474589095656,-0.008654185800070602,0.013013317407871892,0.018195059141837354,-0.17500000000000004,64250.0,0.026634598254053045,-0.0017815784785319977,0
2018-09-03,110.05,113.79,109.97,112.06,47000,112.71200000000002,114.63400000000001,115.50699999999999,0.9758023323261796,24.80314960629927,0.6074100788718795,1.7754616870509008,-0.0017815784785319977,0.013002584853058658,0.016912597674419123,0.4242424242424243,59500.0,0.034088880956630443,0.011868641799036128,1
2018-09-04,114.69,116.5,113.0,113.39,25000,112.694,114.32300000000001,115.45649999999998,0.9760732397049974,27.969830295411683,0.4844409773466509,1.517257545110051,0.011868641799036128,0.013705139932572863,0.016437908450287305,-0.46808510638297873,55450.0,0.030866919481435752,0.00035276479407353456,1
2018-09-05,114.0,114.0,112.0,113.43,73500,112.876,114.072,115.526,0.9770614407146444,34.379785604900476,0.3857678524782102,1.290959606583683,0.00035276479407353456,0.013710633907996728,0.01572737116904977,1.94,53600.0,0.017632019747862118,-0.019130741426430453,0
2018-09-06,115.9,115.9,111.2,111.26,57000,112.47999999999999,113.624,115.48899999999999,0.9739455705738209,32.39538239538243,0.13095822071542784,1.0589593294100321,-0.019130741426430453,0.014724989615708034,0.016344081258042834,-0.22448979591836737,58150.0,0.04224339385223803,-0.028761459644076948,0
2018-09-07,110.8,111.5,108.06,108.06,11000,111.64000000000001,112.73499999999999,115.088,0.9700403169748368,26.52096869462494,-0.32544201181343624,0.7820790611653385,-0.028761459644076948,0.015685476102828076,0.015107447533468585,-0.8070175438596492,55750.0,0.03183416620396074,-0.006755506200259109,0
2018-09-10,106.05,107.89,104.01,107.33,43000,110.694,111.703,114.4805,0.9669244980586214,23.29644729178804,-0.7375454189307504,0.47815416514612075,-0.006755506200259109,0.014944635695148901,0.012996943516907392,2.909090909090909,58400.0,0.036150190999720444,0.020683872169943163,1
2018-09-11,107.01,111.0,107.0,109.55,163500,109.926,111.30999999999999,113.971,0.9645085153240737,33.03239511417952,-0.8749193656018264,0.2075394589965313,0.020683872169943163,0.014456849818365482,0.014161456054531072,2.802325581395349,55000.0,0.03651300775901415,0.024007302601551928,1
2018-09-12,108.01,115.02,104.63,112.18,447000,109.676,111.276,113.56000000000002,0.9657978161324409,41.62746942615244,-0.7627773652375254,0.01347609414971998,0.024007302601551928,0.016675685311686183,0.01538938945735729,1.7339449541284404,94000.0,0.09261900517026207,0.0484043501515421,1
2018-09-13,114.01,117.78,114.0,117.61,164500,110.946,111.71300000000001,113.56499999999998,0.9769383172632414,51.295133437990565,-0.2330618109323126,-0.03583148686668654,0.0484043501515421,0.02271363485991015,0.018495003495971017,-0.6319910514541387,106450.0,0.032140124139103825,-0.010543321146160967,0
2018-09-14,119.95,120.0,113.2,116.37,215000,112.60799999999999,112.124,113.57650000000001,0.9914727078224808,47.54035357417371,0.08569609413224555,-0.011525970666900118,-0.010543321146160967,0.022838305961940922,0.018459000831311034,0.3069908814589666,124650.0,0.05843430437397952,0.033943456217238044,1
2018-09-17,116.37,122.18,112.19,120.32,111500,115.20599999999999,112.95,113.792,1.012426181102362,63.25581395348835,0.6495583149762041,0.12069088646172073,0.033943456217238044,0.024589247639080068,0.019927724933886296,-0.48139534883720925,131100.0,0.083028590425532,0.00631648936170226,1
2018-09-18,117.1,124.24,117.1,121.08,154000,117.51199999999999,113.71900000000001,114.021,1.030617167013094,66.71875,1.1445551168912544,0.3254637325476275,0.00631648936170226,0.02453994365181908,0.01994543031669554,0.3811659192825112,144000.0,0.058969276511397425,0.0049554013875123815,1
2018-09-19,120.0,124.0,118.86,121.68,73500,119.41199999999999,114.54400000000001,114.30800000000002,1.044651292997865,66.5620094191523,1.5671930087974317,0.5738095877975884,0.0049554013875123815,0.02444749631063812,0.01988641721438586,-0.5227272727272727,144000.0,0.04224194608809994,0.008218277449046685,1
2018-09-24,121.0,126.0,120.0,122.68,76000,120.426,115.686,114.655,1.0503336095242248,70.4313725490196,1.9602318926692561,0.8510940487719221,0.008218277449046685,0.022622327761716642,0.019896737434510054,0.03401360544217691,145900.0,0.0489077274209325,0.0010596674274534479,1
2018-09-25,122.6,124.0,120.0,122.81,96000,121.71399999999998,117.16100000000002,114.94800000000001,1.0588613981974455,71.13645300825796,2.256199885529881,1.132115216123514,0.0010596674274534479,0.018534292092351787,0.019824811612865614,0.26315789473684204,154400.0,0.03257063757023044,-0.008712645550036702,0
2018-09-26,120.5,122.9,120.0,121.74,74000,121.998,118.602,115.1525,1.0594472547274267,66.58720699245131,2.377015835656806,1.3810953400301724,-0.008712645550036702,0.018775188332631223,0.01996592989541451,-0.22916666666666663,157500.0,0.023821258419582766,-0.013717759158863196,0
2018-09-27,120.01,121.0,117.5,120.07,98500,121.796,119.654,115.482,1.0546751874751044,62.3880597014925,2.3113643340678607,1.5671491388377103,-0.013717759158863196,0.020269156305460917,0.01835316222681252,0.33108108108108114,151000.0,0.029149662696760226,0.0026651120179894683,1
2018-09-28,120.69,121.8,118.75,120.39,50500,121.53799999999998,120.475,115.87550000000002,1.048867103054571,68.29659318637272,2.2591147036598045,1.7055422518021293,0.0026651120179894683,0.019674267470241927,0.018155578904517463,-0.4873096446700508,111350.0,0.025334330093861594,0.017692499377024662,1
2018-10-01,121.5,122.8,121.5,122.52,13500,121.506,120.96600000000001,116.33950000000002,1.0444088207358635,80.27638190954771,2.3623480165462496,1.8369034047509534,0.017692499377024662,0.014162868225502305,0.0184228112241999,-0.7326732673267327,96250.0,0.010610512569376406,-0.015017956252040388,0
2018-10-02,122.0,122.0,120.51,120.68,4500,121.08,121.39699999999998,116.76050000000001,1.0369945315410605,76.7106842737095,2.269526845542231,1.9234280929092091,-0.015017956252040388,0.014738964603432256,0.01870754424069159,-0.6666666666666667,75200.0,0.012346702021875993,-0.0006629101756713274,0
2018-10-04,118.9,123.0,116.15,120.6,68000,120.852,121.425,117.1875,1.0312704000000001,74.17943107221005,2.164558385689574,1.9716541514652823,-0.0006629101756713274,0.010233540090644734,0.0186916830843849,14.11111111111111,70850.0,0.056799336650082875,-0.025124378109452783,0
2018-10-05,118.0,119.5,115.25,117.57,513500,120.352,121.074,117.39650000000002,1.0251753672383759,61.59139784946234,1.8159414056262193,1.9405116022974698,-0.025124378109452783,0.012704305687257677,0.019660935998687335,6.551470588235294,106800.0,0.036148677383686316,0.012503189589180952,1
2018-10-08,115.0,123.0,111.7,119.04,363500,120.082,120.80999999999999,117.67699999999999,1.020437298707479,53.70658372213584,1.6393789123500824,1.8802850643079925,0.012503189589180952,0.013424323265855586,0.01979483259054756,-0.2921129503407984,135800.0,0.09492607526881718,0.012432795698924748,1
2018-10-09,121.0,122.05,119.0,120.52,556000,119.68199999999999,120.59399999999998,118.14000000000001,1.0130523108176737,60.62467997951865,1.6004267718932965,1.8243134058250534,0.012432795698924748,0.013844183943030901,0.019220939850453287,0.5295735900962861,183800.0,0.025307002987056067,0.0079654829074014,1
2018-10-10,121.0,122.0,118.63,121.48,56000,119.84200000000001,120.46099999999998,118.811,1.0086776476925539,53.50665054413546,1.6282514279810556,1.785101010256254,0.0079654829074014,0.014165008463364473,0.017593722584048652,-0.8992805755395683,179800.0,0.027741191965755717,-0.04659203161014169,0
2018-10-11,121.5,121.5,115.41,115.82,134000,118.886,119.869,119.2355,0.9970688259788402,37.73320895522389,1.1799858288705423,1.6640779739791116,-0.04659203161014169,0.02022558430538448,0.02103426075038037,1.3928571428571428,185800.0,0.05258159212571235,0.0009497496114660997,1
2018-10-12,114.01,116.0,113.11,115.93,79000,118.55800000000002,119.455,119.5545,0.991664889234617,36.276849642004805,0.8241083842241892,1.4960840560281272,0.0009497496114660997,0.02003681445382591,0.020671343178598166,-0.4104477611940298,183850.0,0.024928836366773056,-0.0447683947209524,0
2018-10-15,112.16,114.0,110.14,110.74,499500,116.898,118.48999999999998,119.48249999999999,0.9783692172493881,26.252983293556113,0.12187838190325806,1.2212429212031533,-0.0447683947209524,0.02373588259813845,0.022627301344630604,5.322784810126582,228750.0,0.03485642044428391,-0.022575401842152787,0
2018-10-16,110.35,113.0,108.0,108.24,76500,114.44200000000001,117.06199999999998,119.01400000000001,0.9615843514208412,23.518720465285384,-0.6291209462046368,0.8511701477215954,-0.022575401842152787,0.022250362239926286,0.019981102184436682,-0.8468468468468469,235050.0,0.046193643754619367,0.026422764227642226,1
2018-10-17,110.0,111.5,108.0,111.1,268500,112.36600000000001,116.10400000000001,118.75049999999999,0.9462360158483545,31.84300341296931,-0.9821931155631916,0.4844974950646381,0.026422764227642226,0.025295037377806924,0.021021792776372384,2.5098039215686274,261450.0,0.0315031503150315,0.002880288028803024,1
2018-10-18,110.99,113.0,109.0,111.42,240000,111.48600000000002,115.18599999999999,118.30550000000001,0.9423568642201758,34.52593917710202,-1.2220964606097766,0.14317870392975512,0.002880288028803024,0.02543281396032723,0.01929505178048974,-0.1061452513966481,278650.0,0.03590019745108598,0.006013283073056819,1
2018-10-19,111.89,113.0,110.5,112.09,91500,110.718,114.638,117.85600000000002,0.9394345642139559,35.335689045936434,-1.34268060318918,-0.1539931574940319,0.006013283073056819,0.024949123123649632,0.019286921729055932,-0.61875,236450.0,0.022303506111160675,-0.0008921402444465043,0
2018-10-22,110.03,112.34,110.0,111.99,104000,110.968,113.93300000000002,117.3715,0.9454424626080438,29.958127141225788,-1.4298313632933883,-0.4091607986539032,-0.0008921402444465043,0.024286974602057393,0.019193369650334927,0.13661202185792343,210500.0,0.020894722743102095,-0.03544959371372447,0
2018-10-23,108.75,108.75,107.99,108.02,591000,110.924,112.68299999999999,116.6385,0.9510067430565381,27.711267605633836,-1.7985126555312263,-0.6870311700293679,-0.03544959371372447,0.024998974881804255,0.020192493430033404,4.6826923076923075,214000.0,0.007035734123310546,0.04582484725050917,1
2018-10-24,111.9,113.0,110.5,112.97,136500,111.298,111.832,116.14650000000002,0.9582553068753685,38.53321310489934,-1.6719978542300424,-0.8840245068695027,0.04582484725050917,0.03040584748941395,0.02327850577675041,-0.7690355329949239,222050.0,0.022129768965212005,0.011241922634327661,1
2018-10-25,111.05,115.5,111.02,114.24,21000,111.862,111.674,115.77149999999999,0.9662308944774837,44.715963186290075,-1.4525119232478687,-0.9977219901451759,0.011241922634327661,0.027346393891359285,0.023488429934324626,-0.8461538461538461,210750.0,0.03921568627450984,0.003939075630252198,1
2018-10-26,112.01,117.67,110.0,114.69,233000,112.38199999999999,111.55,115.50250000000001,0.9729832687604163,42.866513611020004,-1.228099733182077,-1.0437975387525562,0.003939075630252198,0.027386812560079115,0.023392474839671138,10.095238095238095,226150.0,0.0668759264103235,0.034353474583660226,1
2018-10-29,115.0,119.0,112.01,118.63,457000,113.71,112.33899999999998,115.4145,0.9852314917103137,47.132018209408194,-0.7239807838919887,-0.9798341877804427,0.034353474583660226,0.024532932396665652,0.024760221158533303,0.96137339055794,221900.0,0.05892270083452748,-0.00750231813200708,0
2018-10-30,116.01,118.97,114.01,117.74,53000,115.654,113.28900000000002,115.17549999999999,1.0041545293921017,44.31265206812652,-0.3917624528653647,-0.8622198407974272,-0.00750231813200708,0.022911362384746493,0.024427650991078697,-0.8840262582056893,219550.0,0.04212671989128583,-0.0006794632240529896,0
2018-10-31,115.0,119.7,115.0,117.66,48500,116.59200000000001,113.94500000000001,115.02449999999999,1.0136275315258925,53.36996336996338,-0.13339467268366434,-0.7164548071746747,-0.0006794632240529896,0.02217076863604739,0.02422587782052763,-0.08490566037735847,197550.0,0.039945605983341854,-0.006204317525072112,0
2018-11-01,121.0,121.0,116.2,116.93,34500,117.13,114.49600000000001,114.84100000000001,1.0199319058524394,51.79083094555873,0.012316775295559523,-0.5707004906806279,-0.006204317525072112,0.022495320234849247,0.02425366081116641,-0.28865979381443296,177000.0,0.04105020097494225,-0.01556486786966571,0
2018-11-02,116.01,116.01,114.01,115.11,73000,117.21399999999998,114.798,114.71799999999999,1.0217577014940986,58.90020366598778,-0.018847381134349916,-0.4603298687713723,-0.01556486786966571,0.023410498287514233,0.02384949646839929,1.1159420289855073,175150.0,0.017374685083832855,-0.008252975414820618,0
2018-11-06,115.0,115.9,113.5,114.16,49500,116.32000000000001,115.01500000000001,114.474,1.0161259325261631,62.869565217391305,-0.11883243382293074,-0.392030381781684,-0.008252975414820618,0.02365763040878103,0.02369190564928084,-0.32191780821917804,169700.0,0.02102312543798183,0.007445690259285209,1
2018-11-07,114.01,116.0,114.0,115.01,8000,115.774,115.71400000000001,114.1985,1.0137961531894026,59.313959028108634,-0.12800781773763958,-0.3392258689728751,0.007445690259285209,0.019623399308232998,0.023559845306589586,-0.8383838383838383,111400.0,0.017389792191983305,0.0006955916876794088,1
2018-11-08,115.0,115.5,114.0,115.09,12500,115.25999999999999,115.926,113.87899999999999,1.0121269066289658,58.8433734939759,-0.12735596390741932,-0.29685188795978396,0.0006955916876794088,0.01392712013945234,0.023452664824503866,0.5625,99000.0,0.01303327830393605,-0.018159701103484305,0
2018-11-09,114.99,114.99,113.0,113.0,6000,114.474,115.80199999999999,113.73799999999999,1.0064710123265752,52.05232295895353,-0.29211754892469344,-0.2959050201527659,-0.018159701103484305,0.014821647201546488,0.021407779331698556,-0.52,97500.0,0.017610619469026503,-0.008495575221238894,0
2018-11-12,115.9,115.9,112.0,112.04,14500,113.85999999999999,115.53699999999999,113.5435,1.0027874779269619,50.108554059921865,-0.4944564824974833,-0.3356153126217094,-0.008495575221238894,0.014883371453525729,0.02146627943237484,1.4166666666666665,75650.0,0.03480899678686188,-0.008836129953588068,0
2018-11-14,109.0,111.05,109.0,111.05,3000,113.23800000000001,114.779,113.55900000000001,0.9971732755660053,57.55610972568578,-0.7263236642710496,-0.4137569829515775,-0.008836129953588068,0.007541235099585899,0.019017100759544422,-0.7931034482758621,30250.0,0.018460153084196282,0.0027014858171994227,1
2018-11-15,110.16,112.0,110.0,111.35,10500,112.506,114.14000000000001,113.7145,0.9893725074638678,44.74025974025973,-0.8757771694865824,-0.5061610202585785,0.0027014858171994227,0.008070616778922277,0.01824017050791064,2.5,26000.0,0.01796138302649304,0.00898069151324643,1
2018-11-16,111.0,113.0,110.5,112.35,8500,111.958,113.609,113.777,0.9840125860235373,43.75413086582948,-0.9031179252026078,-0.5855524012473843,0.00898069151324643,0.009213585426789284,0.017386567141140518,-0.19047619047619047,22000.0,0.022251891410769917,0.012461059190031154,1
2018-11-19,114.0,116.0,113.5,113.75,19500,112.10799999999999,113.29100000000001,113.89349999999999,0.9843230737487214,47.077114427860714,-0.8025658913595777,-0.628955099269823,0.012461059190031154,0.0106276412875511,0.017580646205191404,1.2941176470588234,20500.0,0.02197802197802198,-0.018813186813186777,0
2018-11-20,111.5,113.89,111.25,111.61,18000,112.022,112.941,113.86949999999999,0.9837752866219666,25.420168067226925,-0.8853520085325783,-0.6802344811223741,-0.018813186813186777,0.011103450782484267,0.018090564947877235,-0.07692307692307687,15000.0,0.023653794462861755,-0.011110115581041025,0
2018-11-22,111.0,111.0,110.15,110.37,18000,111.88600000000001,112.56200000000001,113.7885,0.9832803842216042,24.81203007518802,-1.039040823884278,-0.7519957496747549,-0.011110115581041025,0.011288083412268363,0.01825879447464832,0.0,11850.0,0.007701368125396342,0.005164446860559835,1
2018-11-23,109.02,114.69,109.0,110.94,74000,111.804,112.155,113.9345,0.981300659589501,27.777777777777786,-1.1021412823634478,-0.8220248562124935,0.005164446860559835,0.011067392744023033,0.01633241830938901,3.1111111111111107,18450.0,0.05128898503695689,-0.017667207499549198,0
2018-11-26,109.1,109.98,108.5,108.98,13500,111.13,111.54400000000001,113.73500000000001,0.9770958807754867,25.68807339449542,-1.2953722252475472,-0.9166943300195043,-0.017667207499549198,0.011786344095093073,0.013107234645613338,-0.8175675675675675,18550.0,0.013580473481372765,0.03129014498073035,1
2018-11-27,111.5,112.95,111.5,112.39,111000,110.85799999999999,111.48299999999999,113.6425,0.9754977231229512,42.41917502787068,-1.1599791209516326,-0.96535128820593,0.03129014498073035,0.015587945385550857,0.014806752448098629,7.222222222222221,29050.0,0.012901503692499358,0.01557078031853365,1
2018-11-28,110.11,115.44,110.11,114.14,34000,111.364,111.69300000000001,113.61499999999998,0.9801874752453463,49.94663820704376,-0.9010816276035314,-0.9524973560854504,0.01557078031853365,0.016055550345851394,0.015221706385240494,-0.6936936936936937,31000.0,0.046697038724373564,-0.007797441738216282,0
2018-11-29,115.5,115.5,110.51,113.25,16500,111.94000000000001,111.91299999999998,113.34599999999998,0.9875955040319027,45.31416400425984,-0.7589701256629553,-0.9137919100009515,-0.007797441738216282,0.015981030907790593,0.012943310415664605,-0.5147058823529411,32350.0,0.044061810154525344,0.03726269315673281,1
2018-11-30,115.0,118.5,115.0,117.47,153000,113.24600000000001,112.525,113.33250000000001,0.9992367590938168,55.191972076788815,-0.3023417964996753,-0.7915018873006964,0.03726269315673281,0.019484072671737223,0.0155859464969402,8.272727272727273,46600.0,0.02979484123606027,-0.021026645100876817,0
2018-12-03,113.5,115.0,113.0,115.0,10000,114.45,112.79,113.19950000000001,1.011046868581575,54.291845493562235,-0.13817610502987066,-0.6608367308465313,-0.021026645100876817,0.021135060761893722,0.016281170091509166,-0.934640522875817,46750.0,0.017391304347826087,-0.00017391304347824654,0
2018-12-04,116.4,116.4,113.0,114.98,8500,114.968,112.91300000000001,113.102,1.0164983819914768,56.57423971377459,-0.00957704641358248,-0.5305847939599415,-0.00017391304347824654,0.020851393102805524,0.016235839385391707,-0.15000000000000002,45650.0,0.029570360062619636,8.697164724291717e-05,1
2018-12-05,115.0,116.0,114.99,114.99,6500,115.138,113.251,113.096,1.0180554573106033,59.21421889616465,0.09208406271784497,-0.40605102262438425,8.697164724291717e-05,0.01965075795413716,0.015855203551540197,-0.23529411764705888,44500.0,0.008783372467171103,-0.04009044264718675,0
2018-12-06,112.0,112.77,109.25,110.38,643500,114.56400000000001,113.252,112.907,1.0146757951234202,48.11210587777345,-0.19706559893380415,-0.36425393788626825,-0.04009044264718675,0.023707353736465157,0.018164506524157308,98.0,107050.0,0.03188983511505704,0.007428882043848617,1
2018-12-07,108.01,112.89,106.05,111.2,35500,113.30999999999999,113.27799999999999,112.7165,1.005265422542396,47.745981967855755,-0.35594848941377677,-0.36259284819176996,0.007428882043848617,0.023770115024875506,0.01816406999328744,-0.9448329448329449,103200.0,0.06151079136690651,0.027338129496402797,1
2018-12-10,112.99,114.9,112.99,114.24,39500,113.15799999999999,113.804,112.674,1.0042955783943055,50.902394106813986,-0.23386587096459266,-0.33684745274633454,0.027338129496402797,0.024207209142761466,0.01927838560005562,0.11267605633802824,105800.0,0.016719187675070125,-0.01085434173669464,0
2018-12-11,112.06,114.0,110.3,113.0,38500,112.76199999999999,113.86500000000001,112.674,1.0007810142535098,52.64761904761906,-0.2344693366130599,-0.3163718295196796,-0.01085434173669464,0.022743837154538024,0.018987085137115393,-0.025316455696202556,98550.0,0.032743362831858434,-0.013274336283185861,0
2018-12-12,114.0,115.5,110.4,111.5,69000,112.064,113.601,112.647,0.99482454037835,52.131271218408145,-0.35192824176087356,-0.3234831119679184,-0.013274336283185861,0.022486472677111687,0.01913140775137722,0.7922077922077921,102050.0,0.045739910313901296,-0.030403587443946223,0
2018-12-13,110.0,110.1,108.0,108.11,175000,111.60999999999999,113.08699999999999,112.5,0.9920888888888888,45.17558813501534,-0.7103712216714229,-0.4008607339086193,-0.030403587443946223,0.02419331263737454,0.02022806515480018,1.5362318840579712,117900.0,0.01942466006844875,0.027009527333271777,1
2018-12-14,105.7,112.0,105.7,111.03,46500,111.576,112.44299999999998,112.484,0.991927740834252,53.383955100693306,-0.7501727447161954,-0.47072313607013455,0.027009527333271777,0.02238232122078575,0.021179332935225344,-0.7342857142857142,107250.0,0.05674142123750335,-0.0033324326758533696,0
2018-12-17,108.9,111.9,108.9,110.66,26000,110.85999999999999,112.00899999999999,112.39950000000002,0.9863033198546254,46.82568807339449,-0.8023229665351295,-0.5370431021631336,-0.0033324326758533696,0.021698301503304342,0.021085405493534225,-0.4408602150537635,108850.0,0.027110066871498285,-0.009217422736309433,0
2018-12-18,110.0,111.9,109.0,109.64,11500,110.18799999999999,111.475,112.194,0.9821202559851684,41.515837104072396,-0.9154056421307644,-0.6127156101566598,-0.009217422736309433,0.02172685272515253,0.02093823051673443,-0.5576923076923077,109150.0,0.02645020065669469,-0.03319956220357534,0
2018-12-19,105.2,107.0,105.0,106.0,503500,109.088,110.576,111.9135,0.9747528224923713,37.61530577382985,-1.2839415772312606,-0.74696080357158,-0.03319956220357534,0.023424282110719206,0.021789415274014293,42.78260869565217,158850.0,0.018867924528301886,9.433962264160378e-05,1
2018-12-20,106.0,108.0,106.0,106.01,6000,108.668,110.13900000000001,111.6955,0.9728950584401342,27.13487629688747,-1.5572510240794486,-0.9090188476731538,9.433962264160378e-05,0.020551360799351222,0.02169616422297866,-0.9880834160873883,95100.0,0.018866144703329875,0.006320158475615623,1
2018-12-21,103.01,108.41,103.01,106.68,28000,107.798,109.68699999999998,111.4825,0.9669499697261902,32.11521926053311,-1.7001886132160138,-1.0672528007817257,0.006320158475615623,0.020486693978241675,0.021717189240738403,3.666666666666667,94350.0,0.05061867266591668,0.027371578552680687,1
2018-12-24,106.0,110.0,106.0,109.6,126500,107.58600000000001,109.223,111.5135,0.964780049052357,39.71712538226297,-1.559866911106866,-1.1657756228467537,0.027371578552680687,0.020492372363683953,0.022304983342654745,3.5178571428571432,103050.0,0.03649635036496351,-0.013321167883211582,0
2018-12-26,108.74,112.0,107.0,108.14,87000,107.28600000000002,108.737,111.301,0.9639266493562503,37.595074248460705,-1.5486192309802362,-1.2423443444734503,-0.013321167883211582,0.02059930722532994,0.021272684166414244,-0.31225296442687744,107900.0,0.04623636027371925,0.00434621786572964,1
2018-12-27,110.49,110.49,107.0,108.61,400000,107.80800000000002,108.44800000000001,111.02450000000002,0.9710289170408334,46.229228802726894,-1.4846659860835416,-1.2908086727954686,0.00434621786572964,0.020489734623034245,0.020938202766253557,3.597701149425287,141000.0,0.03213332105699286,-0.02062425191050543,0
2018-12-28,109.99,113.0,103.18,106.37,449000,107.88,108.274,110.68050000000001,0.9746974399284426,40.2973081558859,-1.5963303556250708,-1.3519130093613891,-0.02062425191050543,0.019199166551618723,0.021309518380653356,0.12250000000000005,168400.0,0.09231926295007985,0.03290401428974343,1
2018-12-31,105.88,110.5,105.75,109.87,408500,108.518,108.15799999999999,110.30049999999999,0.9838396018150418,41.380670611439854,-1.386422606911168,-1.3588149288713451,0.03290401428974343,0.020232848897370995,0.02089527566673712,-0.09020044543429839,204600.0,0.043232911622826976,-0.010648948757622678,0
2019-01-01,109.87,110.0,108.05,108.7,12100,108.33800000000001,107.96200000000002,109.9855,0.985020752735588,41.495253164556964,-1.2994986145351817,-1.3469516660041125,-0.010648948757622678,0.020462934999453664,0.020553546484863645,-0.9703794369645042,203210.0,0.017939282428702876,-0.021159153633854566,0
2019-01-03,105.2,106.4,105.2,106.4,2200,107.99000000000001,107.638,109.5565,0.9857014417218514,40.222392638036816,-1.400062453961013,-1.3575738235954926,-0.021159153633854566,0.02128880730729601,0.020954272995792313,-0.8181818181818181,202280.0,0.01127819548872183,0.0,0
2019-01-04,106.4,106.4,106.4,106.4,100,107.548,107.678,109.127,0.9855306202864553,46.23182018510358,-1.4628966591640307,-1.3786383907092001,0.0,0.018414525580031166,0.020953463197609025,-0.9545454545454546,151940.0,0.0,0.005639097744360777,1
2019-01-07,107.0,107.2,106.97,107.0,101800,107.674,107.777,108.958,0.9882156427247197,40.10800196367205,-1.4475913024522669,-1.3924289730578134,0.005639097744360777,0.018483357395166655,0.019190399373182,1017.0,161520.0,0.002149532710280411,0.0049532710280373315,1
2019-01-08,107.0,110.0,106.98,107.53,31600,107.20599999999999,107.862,108.77450000000002,0.9855802600793382,42.37700925474915,-1.3768239568524194,-1.3893079698167348,0.0049532710280373315,0.018445337155339896,0.019138510040328925,-0.6895874263261297,161880.0,0.028085185529619604,0.00371989212312851,1
2019-01-09,109.0,109.01,106.5,107.93,26100,107.05199999999999,107.69500000000001,108.45899999999999,0.9870273559593948,45.70567553992969,-1.273780321902663,-1.3662024402339206,0.00371989212312851,0.016039951242537667,0.017957476417213274,-0.17405063291139244,151840.0,0.023255813953488417,-0.01223014917075893,0
2019-01-10,107.93,108.5,105.51,106.61,32100,107.09400000000001,107.542,108.1395,0.9903319323651396,51.73393973848777,-1.2838312595129366,-1.3497282040897238,-0.01223014917075893,0.01595347701988838,0.017993022714467906,0.2298850574712643,146350.0,0.02804614951693082,-0.001969796454366346,0
2019-01-11,106.5,107.0,103.5,106.4,4000,107.09400000000001,107.321,107.8845,0.9926727194360636,51.09612141652614,-1.2938275068199943,-1.338548064635778,-0.001969796454366346,0.01582920709455086,0.017821846015672452,-0.8753894080996885,106750.0,0.03289473684210526,0.013815789473684115,1
2019-01-14,107.0,109.5,105.0,107.87,6800,107.268,107.471,107.87249999999999,0.9943961621358549,53.2006455083378,-1.1696498942335438,-1.3047684305553313,0.013815789473684115,0.015039638519456913,0.016853749464683484,0.7,62530.0,0.041716881431352555,-0.0029665337906740197,0
2019-01-15,107.5,109.0,105.29,107.55,10800,107.272,107.23899999999999,107.69850000000001,0.9960398705645853,43.5897435897436,-1.0845574639252789,-1.2607262372293209,-0.0029665337906740197,0.010225007621959117,0.015614935443202143,0.588235294117647,22760.0,0.03449558344955829,0.004834960483496076,1
2019-01-16,111.98,111.98,106.0,108.07,3800,107.3,107.176,107.569,0.9974992795322072,49.767441860465084,-0.9640484947216521,-1.2013906887277872,0.004834960483496076,0.009952753815869261,0.015670509230555435,-0.6481481481481481,21930.0,0.05533450541315818,0.01267696863144252,1
2019-01-17,107.0,109.87,107.0,109.44,11100,107.86599999999999,107.47999999999999,107.559,1.0028542474362907,52.60188087774294,-0.7493585787390629,-1.1109842667300425,0.01267696863144252,0.007647172890274217,0.01583504821495072,1.9210526315789473,22820.0,0.026224415204678404,-0.01215277777777779,0
2019-01-18,109.0,109.0,107.75,108.11,1300,108.208,107.651,107.6645,1.0050480892030333,55.78457446808509,-0.6787113958041147,-1.0245296925448568,-0.01215277777777779,0.0089965469279755,0.014116778523735928,-0.8828828828828829,22940.0,0.011562297659790954,-0.010267320321894369,0
2019-01-21,107.85,108.01,107.0,107.0,69900,108.03399999999999,107.651,107.71399999999998,1.0029708301613534,38.65612648221342,-0.7041734445496246,-0.9604584429458104,-0.010267320321894369,0.009595592655409208,0.014343182627735642,52.76923076923077,19750.0,0.009439252336448645,0.004672897196261738,1
2019-01-22,107.25,108.99,107.25,107.5,31300,108.024,107.648,107.755,1.0024964038791704,44.99165275459098,-0.6762115346544988,-0.9036090612875481,0.004672897196261738,0.009580043093562026,0.014313075707150832,-0.5522174535050072,19720.0,0.01618604651162786,-0.0032558139534882846,0
2019-01-23,109.0,109.87,106.75,107.15,15400,107.84,107.57000000000001,107.63250000000001,1.0019278563630873,53.73878364905285,-0.6745181689571353,-0.8577908828214657,-0.0032558139534882846,0.009534024231645597,0.012847894485554763,-0.5079872204472844,18650.0,0.0291180587960803,-0.0043863742417171725,0
2019-01-24,107.0,107.0,106.0,106.68,4100,107.28800000000001,107.577,107.5595,0.9974758157113041,51.333333333333336,-0.7029975186933086,-0.8268322099958343,-0.0043863742417171725,0.008770676408086351,0.012550712030435012,-0.7337662337662338,15850.0,0.009373828271466066,-0.011061117360329997,0
2019-01-25,105.99,105.99,102.02,105.5,3600,106.766,107.487,107.404,0.9940598115526424,43.231046931407946,-0.8114300859373884,-0.8237517851841452,-0.011061117360329997,0.009453675292597438,0.01270274871653768,-0.12195121951219512,15810.0,0.03763033175355449,-0.016587677725118488,0
2019-01-28,102.5,105.5,102.5,103.75,5800,106.11600000000001,107.075,107.273,0.9892144342005912,34.63414634146342,-1.0267384496079757,-0.8643491180689113,-0.016587677725118488,0.009110415501227345,0.012409495515778005,0.6111111111111112,15710.0,0.02891566265060241,0.009349397590361352,1
2019-01-29,106.69,106.69,103.0,104.72,30700,105.55999999999999,106.792,107.0155,0.9863991664758842,37.5291375291375,-1.1063476980722982,-0.9127488340695887,0.009349397590361352,0.01002914996226629,0.009861227337132928,4.293103448275862,17700.0,0.03523682200152786,-0.0005729564553094146,0
2019-01-30,103.5,104.7,103.5,104.66,1500,105.06200000000001,106.451,106.8135,0.9836022600139496,41.602067183462516,-1.1608979901959486,-0.9623786652948608,-0.0005729564553094146,0.009723791362534028,0.009670532849267836,-0.9511400651465798,17470.0,0.011465698452130737,0.003248614561436991,1
2019-01-31,105.0,105.2,102.55,105.0,40600,104.726,106.00699999999999,106.7435,0.9810995517291451,44.03747870528107,-1.1632847092079572,-1.0025598740774802,0.003248614561436991,0.008382317073671387,0.008584263485064511,26.066666666666666,20420.0,0.025238095238095292,0.0,0
2019-02-01,105.0,105.0,104.5,105.0,8200,104.626,105.696,106.67349999999999,0.9808059171209346,36.027263875365136,-1.1518978399528947,-1.032427467252563,0.0,0.00795539533566582,0.008584263485064511,-0.7980295566502463,21110.0,0.004761904761904762,0.0,0
2019-02-04,106.0,107.0,104.0,105.0,42200,104.876,105.49600000000001,106.5735,0.9840720254096939,37.18592964824123,-1.1298494627308173,-1.0519118663482139,0.0,0.007549090264079056,0.008459318743463829,4.146341463414634,18340.0,0.02857142857142857,0.0,0
2019-02-06,105.5,105.5,104.55,105.0,188600,104.93199999999999,105.24600000000001,106.447,0.9857675650793352,33.72216330858966,-1.0996993157592954,-1.0614693562304303,0.0,0.007238037221631261,0.008350465931319816,3.4691943127962084,34070.0,0.009047619047619075,-0.005523809523809486,0
2019-02-07,105.0,105.0,104.0,104.42,6800,104.88400000000001,104.973,106.27149999999999,0.9869438184273303,20.949074074074105,-1.1098130260721177,-1.071138090198768,-0.005523809523809486,0.0073056067359279,0.008322118244140107,-0.9639448568398727,33210.0,0.00957670944263551,0.005171423099023187,1
2019-02-08,104.0,105.0,104.0,104.96,18900,104.876,104.801,106.18900000000001,0.9876352541223667,29.93630573248403,-1.0620125082138259,-1.0693129738017797,0.005171423099023187,0.0076559694172824945,0.008059843696698526,1.7794117647058822,34690.0,0.009527439024390244,0.0002858231707316694,1
2019-02-11,104.47,104.99,104.47,104.99,1900,104.874,104.75,106.1185,0.9882725443725646,35.155096011816795,-1.0100660909947834,-1.0574635972403805,0.0002858231707316694,0.00690119885764414,0.008057638830991597,-0.8994708994708995,34520.0,0.004952852652633547,0.0,0
2019-02-12,102.5,104.99,102.5,104.99,200,104.872,104.874,105.9745,0.9895965538879635,29.98405103668256,-0.9578566063816254,-1.0375421990686295,0.0,0.003962746525537185,0.007311108580811161,-0.8947368421052632,33960.0,0.023716544432803077,-0.01923992761215354,0
2019-02-13,102.0,104.99,102.0,102.97,152100,104.46600000000001,104.699,105.74549999999999,0.9879001943345108,23.677581863979796,-1.0671755958569946,-1.0434688784263026,-0.01923992761215354,0.006755540226521616,0.008336813994050358,759.5,46100.0,0.029037583762260802,0.0,0
2019-02-14,102.97,102.97,102.97,102.97,100,104.176,104.53,105.4905,0.9875391622942351,25.167336010709448,-1.1406628315330636,-1.0629076690476549,0.0,0.006768230979749177,0.008192756267023524,-0.9993425378040762,45960.0,0.0,-0.011071185782266735,0
2019-02-15,102.0,102.0,101.5,101.83,500,103.55,104.213,105.10999999999999,0.9851584054799735,25.302826379542353,-1.2761794653928575,-1.1055620283166956,-0.011071185782266735,0.0071321138264411445,0.0075944170151603105,4.0,41950.0,0.004910144358244132,0.002651477953451886,1
2019-02-18,102.0,104.0,102.0,102.1,249600,102.97200000000001,103.923,104.8095,0.9824681922917293,36.13445378151253,-1.3462716490107027,-1.153703952455497,0.002651477953451886,0.0073047920229409695,0.007433561971314288,498.2,66090.0,0.019588638589618023,0.02164544564152804,1
2019-02-19,103.0,104.5,102.5,104.31,119000,102.83599999999998,103.854,104.675,0.9824313350847861,47.148817802503494,-1.2095487541356817,-1.164872912791534,0.02164544564152804,0.010655941739204963,0.009010720450445764,-0.5232371794871795,73770.0,0.019173617102866455,0.015434761767807448,1
2019-02-20,104.31,106.0,104.0,105.92,186500,103.426,103.946,104.596,0.9888141037898198,57.208237986270056,-0.9602125971351967,-1.1239408496602667,0.015434761767807448,0.01180923145415371,0.009678590549414973,0.5672268907563025,73560.0,0.0188821752265861,0.0008496978851963988,1
2019-02-21,105.03,106.01,105.03,106.01,93400,104.03399999999999,104.10499999999999,104.53899999999999,0.9951692669721348,55.94817432273266,-0.7467416753013651,-1.0485010147884866,0.0008496978851963988,0.011591880847494357,0.009664960154100538,-0.49919571045576405,82220.0,0.009244410904631675,0.046788038864258086,1
2019-02-22,106.55,111.3,106.0,110.97,126100,105.862,104.70599999999999,104.7535,1.0105819853274591,72.19330855018589,-0.17531298525717887,-0.873863408882225,0.046788038864258086,0.018462041563623088,0.014260620469291573,0.3501070663811563,92940.0,0.04776065603316209,-0.01369739569252948,0
2019-02-25,111.15,111.15,109.0,109.45,21100,107.332,105.152,104.951,1.0226867776390887,64.86305945223783,0.15313186290003955,-0.6684643545257721,-0.01369739569252948,0.019425006307769034,0.014399870646982981,-0.8326724821570183,94860.0,0.01964367291000462,-0.03883051621745093,0
2019-02-26,107.0,108.0,105.2,105.2,12600,107.51000000000002,105.173,105.02350000000001,1.0236756535442069,50.52029136316339,0.06968401615255004,-0.5208346803901077,-0.03883051621745093,0.023780830862367007,0.016597146741167842,-0.40284360189573465,96100.0,0.02661596958174902,0.023669201520912564,1
2019-02-27,104.01,108.49,101.1,107.69,65600,107.864,105.64500000000001,105.172,1.0255961662799986,57.73781353525793,0.2021430078329871,-0.37623914274548875,0.023669201520912564,0.02370374823157036,0.01727912579873869,4.2063492063492065,87450.0,0.06862289906212277,0.02730058501253607,1
2019-02-28,110.99,110.99,110.0,110.63,400,108.78800000000001,106.41099999999999,105.47049999999999,1.0314542929065476,62.04844878878029,0.5381477106272428,-0.19336177207094246,0.02730058501253607,0.02464993465773238,0.01819928828501204,-0.9939024390243902,87480.0,0.008948748079182816,0.0033444816053511683,1
2019-03-01,114.0,114.0,108.51,111.0,13200,108.79400000000001,107.328,105.7705,1.0285854751561165,62.58902387934647,0.8247821904731438,0.010267020437874808,0.0033444816053511683,0.02385353700218297,0.018199388103388177,32.0,88750.0,0.04945945945945941,-0.026936936936936884,0
2019-03-04,109.0,110.0,108.0,108.01,8900,108.506,107.91900000000001,105.921,1.024404981070798,55.621742367833235,0.8014356183812055,0.16850074002654095,-0.026936936936936884,0.026414510923924363,0.019386356657034393,-0.3257575757575758,64680.0,0.018516803999629662,-9.258401999823196e-05,0
2019-03-05,106.5,108.0,103.51,108.0,26100,109.06599999999999,108.28799999999998,106.071,1.028235804319748,60.120724346076464,0.7732132542820409,0.28944324287764095,-9.258401999823196e-05,0.02586877562340118,0.01938676787718781,1.9325842696629212,55390.0,0.04157407407407403,-0.01851851851851849,0
2019-03-06,107.0,107.0,105.36,106.0,4200,108.728,108.296,106.12100000000001,1.0245662969629008,55.64245810055866,0.5827460088564038,0.34810379607339353,-0.01851851851851849,0.026392442306240306,0.019901958413946843,-0.8390804597701149,37160.0,0.015471698113207552,-0.0077358490566037386,0
2019-03-07,109.49,109.49,103.51,105.18,7000,107.638,108.21300000000001,106.15899999999999,1.013931932290244,56.31360723709011,0.36146544894907606,0.3507761266485301,-0.0077358490566037386,0.026515100348365336,0.019944243069367137,0.6666666666666667,28520.0,0.05685491538315259,-0.01682829435253863,0
2019-03-08,105.0,110.43,101.18,103.41,24300,106.12,107.457,106.0815,1.0003629285030848,52.33678201926508,0.04278164333564405,0.28917722998595285,-0.01682829435253863,0.02096797002422972,0.020279846925006426,2.4714285714285715,18340.0,0.0894497630790059,-0.021467943138961387,0
2019-03-11,102.05,103.85,101.0,101.19,3200,104.756,106.631,105.8915,0.989276759702148,44.43651925820255,-0.38448095813738803,0.1544455923612847,-0.021467943138961387,0.021390371354010135,0.020809172930360127,-0.868312757201646,16550.0,0.028164838422768994,0.0010870639391244996,1
2019-03-12,104.5,104.5,100.21,101.3,7900,103.41599999999998,106.24100000000001,105.707,0.9783268846907015,41.29615674453654,-0.7060743814209758,-0.017658402395167402,0.0010870639391244996,0.018437521827543872,0.020815092018964348,1.46875,16080.0,0.042349457058242904,-0.001184600197433272,0
2019-03-13,103.0,103.0,100.0,101.18,69100,102.452,105.59,105.61749999999999,0.9700286410869411,40.910801656003,-0.9595612585642783,-0.2060389736289896,-0.001184600197433272,0.015843136674031522,0.02039628964884586,7.746835443037975,16430.0,0.029650128483890096,0.003459181656453758,1
2019-03-14,103.0,103.0,101.0,101.53,25500,101.72200000000001,104.67999999999999,105.54549999999999,0.9637739174100272,28.50637522768669,-1.1193066892769536,-0.3886925167585824,0.003459181656453758,0.011439828160794486,0.020417012678984603,-0.6309696092619392,18940.0,0.019698611247907023,-0.0035457500246232065,0
2019-03-15,100.5,102.8,100.0,101.17,9900,101.274,103.697,105.5125,0.9598294040990404,30.096153846153825,-1.2604256826925706,-0.5630391499453801,-0.0035457500246232065,0.010839772288770564,0.0202809600880249,-0.611764705882353,18610.0,0.02767618859345653,0.038647820500148145,1
2019-03-18,101.5,106.2,101.2,105.08,32100,102.05199999999999,103.404,105.6615,0.965839023674659,49.70674486803518,-1.04471633926957,-0.6593745878102181,0.038647820500148145,0.01699376470038112,0.022060032726832206,2.242424242424242,20930.0,0.0475827940616673,-0.0028549676436999682,0
2019-03-19,104.25,106.9,104.25,104.78,4400,102.748,103.082,105.68499999999999,0.9722098689501824,42.03612479474548,-0.8877393170518815,-0.7050475336585508,-0.0028549676436999682,0.016970588907245517,0.02156711624074305,-0.8629283489096573,18760.0,0.025291086085130803,0.007825920977285739,1
2019-03-20,104.45,106.79,104.45,105.6,5100,103.63199999999999,103.042,105.66900000000001,0.9807228231553244,34.427244582043315,-0.6892218287952687,-0.7018823926858945,0.007825920977285739,0.016307482780686923,0.021354834705904796,0.15909090909090917,18850.0,0.022159090909090944,-0.012121212121212088,0
2019-03-21,105.5,105.5,103.02,104.32,3700,104.19000000000001,102.95599999999999,105.5845,0.986792568985031,30.422039859319995,-0.6279420664427136,-0.6870943274372584,-0.012121212121212088,0.016587428673237377,0.02152599214651439,-0.27450980392156865,18520.0,0.023773006134969365,0.0016296012269938487,1
2019-03-22,104.5,104.5,104.49,104.49,3700,104.854,103.064,105.26050000000001,0.9961381524883502,37.6404494382022,-0.5592135681158652,-0.6615181755729798,0.0016296012269938487,0.015590087002266767,0.018443039955101256,0.0,16460.0,9.570293808024803e-05,-0.00038281175232068865,0
2019-03-25,104.49,104.49,104.0,104.45,300900,104.728,103.39000000000001,105.01050000000001,0.9973097928302407,37.56131744919409,-0.5021845330379477,-0.6296514470659733,-0.00038281175232068865,0.01347376932364274,0.018270089272874223,80.32432432432432,46230.0,0.004691239827668692,0.00564863571086649,1
2019-03-26,104.0,108.85,103.01,105.04,15500,104.78,103.76400000000001,105.00250000000001,0.9978810028332658,46.267496111975134,-0.4047152373724856,-0.5846642051272758,0.00564863571086649,0.013469395521558477,0.01615867117669282,-0.9484878697241609,46990.0,0.05559786747905549,0.02846534653465338,1
2019-03-27,107.97,109.5,107.97,108.03,19300,105.26599999999999,104.449,105.0195,1.0023471831421784,59.48103792415169,-0.08521974661039167,-0.48477531342389896,0.02846534653465338,0.015397150875705264,0.016558338404932208,0.2451612903225806,42010.0,0.014162732574284931,-0.009534388595760501,0
2019-03-28,106.5,107.0,106.1,107.0,5300,105.80199999999999,104.99600000000001,104.83800000000001,1.0091951391670957,62.56123163051089,0.0839031563697148,-0.3710396194651762,-0.009534388595760501,0.016224899798430135,0.015403818595409196,-0.7253886010362695,39990.0,0.00841121495327108,-0.004672897196261627,0
2019-03-29,107.9,107.9,106.07,106.5,4600,106.204,105.529,104.61300000000001,1.0152084348981483,71.12171837708837,0.17556465407355404,-0.2617187647574302,-0.004672897196261627,0.016297532629043553,0.015373902575800095,-0.13207547169811318,39460.0,0.017183098591549414,0.04366197183098608,1
2019-04-01,109.0,111.82,108.1,111.15,79900,107.54400000000001,106.13600000000001,104.77000000000001,1.026477044955617,78.78433664523678,0.6163186519432458,-0.08611128141729504,0.04366197183098608,0.0174734263237842,0.017318190084641704,16.369565217391305,44240.0,0.03346828609986503,-0.024921277552856558,0
2019-04-02,109.99,109.99,108.0,108.38,12500,108.21200000000002,106.49600000000001,104.78900000000002,1.0326656423861282,68.21862348178135,0.7336465003945136,0.07784027494506669,-0.024921277552856558,0.019907018050731844,0.01830571911472668,-0.8435544430538173,45050.0,0.018361321276988328,0.02103709171433854,1
2019-04-03,109.99,112.0,109.99,110.66,174300,108.73799999999999,107.002,105.022,1.0353830625964082,71.0465652374366,0.9990897263845966,0.2620901652329727,0.02103709171433854,0.020646238275045005,0.018298614818538356,12.944,61970.0,0.018163744803903897,-0.006054581601301345,0
2019-04-04,109.6,110.9,109.0,109.99,23500,109.33599999999998,107.569,105.2625,1.038698491865574,70.04545454545453,1.1422251344806966,0.43811715908251747,-0.006054581601301345,0.020174889918440454,0.018253839487706244,-0.8651749856569133,63950.0,0.017274297663424,-0.004818619874534025,0
2019-04-05,109.97,110.0,108.51,109.46,524400,109.928,108.06599999999999,105.56499999999998,1.041329986264387,61.76154672395272,1.1990722475533744,0.5903081767766889,-0.004818619874534025,0.020413537439893385,0.017779567561326447,21.314893617021276,116020.0,0.013612278457884113,-0.021103599488397462,0
2019-04-08,110.0,110.0,106.5,107.15,286400,109.128,108.33600000000001,105.86299999999999,1.0308417482973278,55.744062045564725,1.0456724387350391,0.681381029168359,-0.021103599488397462,0.021993403216992773,0.017753350422207142,-0.45385202135774216,114570.0,0.032664489034064395,0.022865142323845067,1
2019-04-09,106.06,110.0,106.06,109.6,22200,109.372,108.79199999999999,106.27799999999999,1.0291123280453152,58.98472596585805,1.109012503749355,0.7669073240845583,0.022865142323845067,0.02289893012395286,0.018288786322046523,-0.922486033519553,115240.0,0.03594890510948903,-0.00812043795620443,0
2019-04-10,109.95,110.0,107.85,108.71,137700,108.982,108.85999999999999,106.65450000000001,1.0218228016633146,60.03657978966621,1.0750024406836616,0.828526347404379,-0.00812043795620443,0.021524611073499022,0.018459276827899395,5.202702702702703,127080.0,0.019777389384601288,0.007175052893018119,1
2019-04-11,109.99,112.0,109.0,109.49,57400,108.88199999999999,109.109,107.05249999999998,1.0170897456855281,61.12099644128114,1.098327862034651,0.8824866503304335,0.007175052893018119,0.021277453372052554,0.018474830971339205,-0.5831517792302106,132290.0,0.02739976253539136,0.000913325417846389,1
2019-04-12,109.9,110.0,109.5,109.59,81100,108.90799999999999,109.418,107.47350000000002,1.013347476354636,61.4019520851819,1.1120634159474179,0.9284020034538304,0.000913325417846389,0.02114096401949759,0.01840650161947429,0.4128919860627178,139940.0,0.004562460078474313,-0.01469112145268725,0
2019-04-15,109.59,109.59,105.25,107.98,14800,109.074,109.101,107.6185,1.0135246263421251,56.239388794567056,0.9817187540164269,0.9390653535663497,-0.01469112145268725,0.016155269779939575,0.016954030125584354,-0.8175092478421702,133430.0,0.040192628264493456,-0.013335802926467855,0
2019-04-16,108.96,109.49,106.12,106.54,35900,108.46199999999999,108.917,107.7065,1.007014432740828,46.615174920490695,0.7535373949079229,0.9019597618346644,-0.013335802926467855,0.014744164687755182,0.01725494606069259,1.4256756756756759,135770.0,0.03163131218321748,-0.004411488642763417,0
2019-04-17,106.5,106.5,106.0,106.07,71700,107.934,108.458,107.72999999999999,1.0018936229462545,47.83216783216781,0.5286826275732466,0.8273043349823809,-0.004411488642763417,0.012412078872897733,0.017216086605830377,0.9972144846796658,125510.0,0.004713868200245121,-0.12265485057037795,0
2019-04-18,95.0,96.0,93.0,93.06,86100,104.648,106.76500000000001,107.16699999999999,0.9764946298767345,30.21201413427562,-0.6913452685160166,0.5235744142827015,-0.12265485057037795,0.039531748023689535,0.03244248057355799,0.2008368200836821,131770.0,0.032237266279819474,0.010315925209542165,1
2019-04-19,94.0,94.1,94.0,94.02,88800,101.534,105.221,106.64349999999999,0.9520880316193675,21.704658077304245,-1.5627478051270742,0.1063099704007463,0.010315925209542165,0.040282239565786644,0.03259601296065705,0.03135888501742157,88210.0,0.0010636034886193824,-0.02680280791320988,0
2019-04-22,93.0,93.0,91.5,91.5,4500,98.238,103.65599999999999,105.99600000000001,0.9268085588135401,21.88540972684875,-2.428687139450531,-0.4006894515695092,-0.02680280791320988,0.04042916715912546,0.03294401945055524,-0.9493243243243243,60020.0,0.01639344262295082,0.0,0
2019-04-23,93.0,94.95,91.5,91.5,6500,95.22999999999999,101.846,105.319,0.9042053190782289,15.465032444123992,-3.0794522915335705,-0.9364420195623215,0.0,0.03866571443053403,0.032862542071253796,0.4444444444444444,58450.0,0.037704918032786916,0.012131147540983545,1
2019-04-24,91.5,93.95,90.5,92.61,22800,92.538,100.23599999999999,104.548,0.8851245360982515,19.162526614620276,-3.4656705469657823,-1.4422877250430137,0.012131147540983545,0.03970814590449546,0.032147358499520017,2.5076923076923077,46960.0,0.03725299643666994,-0.006586761688802456,0
2019-04-25,92.1,92.1,92.0,92.0,1200,92.326,98.487,103.798,0.889477639260872,19.108280254777057,-3.777429344846098,-1.9093160490036307,-0.006586761688802456,0.03908253033050711,0.03214261359311741,-0.9473684210526316,41340.0,0.0010869565217390686,0.04369565217391291,1
2019-04-26,91.0,96.48,91.0,96.02,4800,92.726,97.13,103.274,0.8978639347754517,31.431431431431406,-3.6579534247255907,-2.259043524148023,0.04369565217391291,0.04331448961393466,0.03408798465387247,3.0,33710.0,0.057071443449281445,0.012601541345553136,1
2019-04-29,99.95,99.95,94.52,97.23,19200,93.872,96.05499999999999,102.578,0.9151280001559788,28.471980508179627,-3.4261366391642127,-2.492462147151261,0.012601541345553136,0.04399694864352283,0.0324419918678397,3.0,34150.0,0.05584696081456347,0.011107682813946251,1
2019-04-30,97.0,99.4,97.0,98.31,34200,95.23400000000001,95.232,102.07449999999999,0.9329852215783572,32.01936376210236,-3.1193156631356374,-2.6178328503481367,0.011107682813946251,0.04443725934563903,0.03234427873109274,0.78125,33980.0,0.024412572474824593,-0.02420913437086758,0
2019-05-02,97.0,97.0,94.0,95.93,13400,95.898,94.21799999999999,101.338,0.9463182616590026,27.785058977719544,-3.0332386515675296,-2.7009140105920153,-0.02420913437086758,0.044746071217129965,0.03205718769444596,-0.6081871345029239,28150.0,0.03127280308558324,0.009173355571771014,1
2019-05-03,93.5,99.0,93.01,96.81,9700,96.86,94.593,100.679,0.962067561259051,29.5846645367412,-2.861033145050442,-2.732937837483701,0.009173355571771014,0.020290843010988963,0.032251058220377375,-0.27611940298507465,20510.0,0.06187377337051952,0.013841545294907664,1
2019-05-06,93.56,99.0,93.56,98.15,13800,97.286,95.006,100.1135,0.9717570557417331,34.16048984853367,-2.5866153476931686,-2.7036733395255945,0.013841545294907664,0.020440104814108618,0.032550617919018525,0.4226804123711341,13010.0,0.05542536933265407,0.0024452368823228987,1
2019-05-07,98.4,98.4,98.39,98.39,600,97.518,95.695,99.6755,0.9783547612000943,36.33925578276901,-2.3229932517842826,-2.627537321977332,0.0024452368823228987,0.017318172564969134,0.03235917302874935,-0.9565217391304348,12620.0,0.00010163634515708015,-0.032625266795406005,0
2019-05-08,95.0,95.5,94.56,95.18,15500,96.89200000000001,96.06300000000002,98.9545,0.9791570873482258,33.282161498311325,-2.346047242148728,-2.5712393060116114,-0.032625266795406005,0.02145123625314982,0.03233799809536739,24.833333333333332,13520.0,0.009876024374868645,-0.008300063038453542,0
2019-05-09,95.0,95.74,94.0,94.39,10600,96.584,96.24100000000001,98.2385,0.9831583340543677,53.26781326781327,-2.400393847224578,-2.537070214254205,-0.008300063038453542,0.02158000157357163,0.03233849622328386,-0.31612903225806455,12300.0,0.01843415616061018,0.010276512342409116,1
2019-05-10,94.5,98.5,92.02,95.36,22500,96.29400000000001,96.57700000000001,97.532,0.9873067300988395,53.29076620825148,-2.338239263198844,-2.497304024043133,0.010276512342409116,0.021483176331606846,0.03241492428654024,1.1226415094339623,14430.0,0.06795302013422823,0.01405201342281881,1
2019-05-13,99.5,99.5,91.0,96.7,50500,96.004,96.645,96.8875,0.9908811766223713,63.55578727841503,-2.156001463598045,-2.4290435119541156,0.01405201342281881,0.016929100004409735,0.03270186345706452,1.2444444444444445,19000.0,0.08790072388831437,0.008273009307135482,1
2019-05-14,94.0,98.0,94.0,97.5,21300,95.826,96.672,96.3635,0.9944221619181536,65.01501501501502,-1.9248350797102631,-2.328201825505345,0.008273009307135482,0.01664785715831367,0.032772589007985096,-0.5782178217821783,19210.0,0.041025641025641026,-0.007179487179487243,0
2019-05-15,95.54,98.49,95.5,96.8,38400,96.15,96.521,95.8765,1.002852628120551,60.70516096065406,-1.7776268293171427,-2.2180868262677045,-0.007179487179487243,0.016342990481141313,0.03271459178915459,0.8028169014084507,19630.0,0.030888429752066064,0.01095041322314061,1
2019-05-16,96.0,97.89,96.0,97.86,15700,96.844,96.71400000000001,95.46600000000001,1.0144344583411893,64.63536463536464,-1.5574764698431522,-2.085964754982794,0.01095041322314061,0.014584126676173469,0.03289028975204267,-0.5911458333333333,19860.0,0.019313304721030048,-0.017984876353975165,0
2019-05-17,93.2,96.4,93.05,96.1,6000,96.992,96.643,95.618,1.0143696793490766,50.22522522522522,-1.5076438352712955,-1.9703005710404944,-0.017984876353975165,0.015611178399911883,0.017788971026731867,-0.6178343949044586,19490.0,0.03485952133194598,-0.01321540062434956,0
2019-05-20,92.61,95.9,92.0,94.83,52000,96.618,96.311,95.6585,1.0100304729846274,43.265993265993245,-1.5527305878401023,-1.886786574400416,-0.01321540062434956,0.015163568297336026,0.017970469327244644,7.666666666666666,23310.0,0.04112622587788681,0.006010756089845026,1
2019-05-21,95.0,95.5,91.5,95.4,17400,96.19800000000001,96.012,95.8535,1.0035940263005525,41.5944540727903,-1.5248899456892815,-1.8144072486581893,0.006010756089845026,0.015355183496636553,0.016798356168072334,-0.6653846153846155,24990.0,0.04192872117400419,0.01048218029350112,1
2019-05-22,96.5,97.01,96.0,96.4,28100,96.11800000000001,96.13399999999999,96.0985,1.0002029167989095,51.4752040175769,-1.4059277337968865,-1.7327113456859289,0.01048218029350112,0.011728888883486726,0.01688863115021758,0.6149425287356323,26250.0,0.010477178423236568,0.007157676348547692,1
2019-05-23,95.01,98.5,95.01,97.09,55700,95.96400000000001,96.404,96.3225,0.9962781281632018,50.889453621346895,-1.2416590181114344,-1.63450088017103,0.007157676348547692,0.011329557745863012,0.016779446196252483,0.9822064056939501,30760.0,0.035946029457204605,-0.017921516119064895,0
2019-05-24,97.45,97.5,94.0,95.35,25400,95.814,96.40299999999999,96.49000000000001,0.9929940926520882,41.32589838909538,-1.2376119158722787,-1.5551230873112798,-0.017921516119064895,0.012709752471214905,0.01728621880833411,-0.5439856373429084,31050.0,0.03670686942842161,-0.015836392239118924,0
2019-05-27,93.2,94.11,93.0,93.84,20700,95.61600000000001,96.117,96.381,0.992062750957139,36.93279724296383,-1.3407931102333634,-1.5122570918956966,-0.015836392239118924,0.01256792874235472,0.014639016222737531,-0.18503937007874016,28070.0,0.011828644501278766,0.0018115942028986698,1
2019-05-28,92.0,95.71,91.5,94.01,36300,95.33800000000001,95.768,96.22,0.9908335065474955,45.92901878914405,-1.3927921302002062,-1.4883640995565988,0.0018115942028986698,0.012084989754741657,0.014304628961001003,0.7536231884057971,29570.0,0.044782469950005246,0.004999468141686947,1
2019-05-29,93.0,95.0,92.31,94.48,173200,94.954,95.536,96.02850000000001,0.988810613515779,50.32028469750891,-1.380166950627796,-1.4667246697708383,0.004999468141686947,0.012292990369044528,0.01408286996731976,3.771349862258953,43050.0,0.028471634208298027,-0.004762912785774787,0
2019-05-30,95.0,95.0,92.01,94.03,17400,94.342,95.15299999999999,95.93350000000001,0.9834103832342195,45.08499630450851,-1.3904444657704715,-1.451468628970765,-0.004762912785774787,0.011373184529830951,0.013097641887158153,-0.8995381062355658,43220.0,0.03179836222482181,0.0015952355631181359,1
2019-06-03,91.15,94.98,91.15,94.18,6900,94.108,94.96100000000001,95.802,0.982317696916557,39.789303079416555,-1.370685317055802,-1.4353119665877725,0.0015952355631181359,0.010320613877732582,0.012898452953825502,-0.603448275862069,43310.0,0.04066680823954128,-0.0208112125716714,0
2019-06-10,91.0,92.69,91.0,92.22,19300,93.78400000000002,94.7,95.50550000000001,0.981974860086592,30.44444444444447,-1.4959374333955253,-1.4474370599493231,-0.0208112125716714,0.011457310558616374,0.013084047426037021,1.7971014492753623,40040.0,0.018325742788982843,-0.0014096725222294548,0
2019-06-11,90.15,93.7,90.15,92.09,95300,93.4,94.369,95.1905,0.9811903498773513,31.786542923433927,-1.5873920837084796,-1.4754280647011546,-0.0014096725222294548,0.011061960737212214,0.013027429384174614,3.937823834196891,47830.0,0.03854924530350741,0.016722771202084763,1
2019-06-12,91.21,93.9,91.1,93.63,16900,93.22999999999999,94.092,95.11300000000001,0.9802024959784674,34.22818791946308,-1.5181056463900262,-1.4839635810389291,0.016722771202084763,0.01206688490840496,0.011778737777245262,-0.8226652675760755,46710.0,0.029904944996262006,0.015700096123037577,1
2019-06-13,93.0,96.0,92.0,95.1,383500,93.444,93.893,95.1485,0.9820858973078924,46.1890243902439,-1.3292560941161327,-1.45302208365437,0.015700096123037577,0.013110918437466075,0.012185090559247661,21.692307692307693,79490.0,0.04206098843322818,-0.001577287066245936,0
2019-06-14,95.9,95.9,94.0,94.95,49100,93.598,93.853,95.12800000000001,0.983916407366916,50.500000000000014,-1.1781146375583518,-1.3980405944351664,-0.001577287066245936,0.011863812291808117,0.011968092988659277,-0.8719687092568449,81860.0,0.02001053185887315,0.0011585044760400454,1
2019-06-17,94.9,96.9,94.8,95.06,1286100,94.166,93.975,95.046,0.9907413252530353,48.52686308492199,-1.0374982298557143,-1.325932121519276,0.0011585044760400454,0.010543808923335446,0.011501133601232285,25.19348268839104,208400.0,0.022091310751104654,-0.014096360193561974,0
2019-06-18,93.6,94.5,92.98,93.72,2200,94.49199999999999,93.946,94.857,0.9961521026387087,38.720538720538684,-1.0223999249051587,-1.2652256821964527,-0.014096360193561974,0.011611221846753712,0.011659791849219076,-0.9982894020682684,204990.0,0.01621852326077674,0.00010670081092611916,1
2019-06-19,92.2,94.95,92.2,93.73,28900,94.512,93.87100000000001,94.7035,0.9979778994440542,35.0,-0.9981217666116464,-1.2118048990794916,0.00010670081092611916,0.011467727122781022,0.0116001679044414,12.136363636363637,190560.0,0.029339592446388563,-0.006508055051744344,0
2019-06-20,93.16,93.16,93.1,93.12,14000,94.11600000000001,93.78,94.4665,0.9962896899959247,38.92750744786499,-1.01638677915534,-1.1727212750946614,-0.006508055051744344,0.011548785385117907,0.011262268971755163,-0.5155709342560554,190220.0,0.0006443298969072409,-0.007517182130584277,0
2019-06-21,92.5,92.97,90.1,92.42,3000,93.61,93.604,94.2825,0.9928671810781429,42.33261339092873,-1.0749546746906447,-1.153167955013858,-0.007517182130584277,0.011687647294954919,0.010731533245742166,-0.7857142857142857,189830.0,0.031053884440597323,-0.02586020341917339,0
2019-06-24,90.51,92.9,89.0,90.03,114700,92.604,93.385,94.0425,0.9847037243799346,32.66550522648083,-1.2992462774640074,-1.182383619503888,-0.02586020341917339,0.012667078417696407,0.011757016591582107,37.233333333333334,199370.0,0.04331889370209936,-0.005664778407197701,0
2019-06-25,90.99,90.99,89.0,89.52,3800,91.76400000000001,93.128,93.7485,0.978831661306581,28.472222222222214,-1.5008508519734534,-1.246077065997801,-0.005664778407197701,0.012704213944924138,0.011599544801739983,-0.966870095902354,190220.0,0.022229669347631757,0.027479892761394176,1
2019-06-26,88.0,93.99,87.0,91.98,42000,91.414,92.963,93.5275,0.9774023682874021,42.42424242424244,-1.4454601242874219,-1.2859536776557252,0.027479892761394176,0.014816419220358763,0.01316502682553633,10.052631578947368,192730.0,0.07599478147423347,0.012285279408567051,1
2019-06-27,91.8,93.15,91.49,93.11,19000,91.412,92.764,93.3285,0.9794650080093433,46.3128876636802,-1.2954479003250157,-1.2878525221895836,0.012285279408567051,0.01440503871409269,0.013405842893932245,-0.5476190476190477,156280.0,0.017828375040275058,0.03071635699710029,1
2019-06-28,90.06,97.0,90.02,95.97,81000,92.122,92.86600000000001,93.3595,0.9867447876220417,62.16742375081116,-0.9350058684419338,-1.2172831914400537,0.03071635699710029,0.017747266891932047,0.01471432306378745,3.2631578947368425,159470.0,0.0727310617901428,0.005522559133062321,1
2019-07-01,96.5,96.5,96.5,96.5,2500,93.41600000000001,93.01,93.49249999999999,0.9991817525469959,63.94686907020872,-0.5996737253034183,-1.0937612982127267,0.005522559133062321,0.017799438882785013,0.014239287272802673,-0.9691358024691358,31110.0,0.0,-0.009533678756476704,0
2019-07-02,95.5,95.58,94.11,95.58,1500,94.62800000000001,93.196,93.571,1.0112962349445878,56.41869651086242,-0.403505536516235,-0.9557101458734284,-0.009533678756476704,0.017405164896368466,0.014450412591655665,-0.4,31040.0,0.015379786566227233,-0.020401757689893274,0
2019-07-03,95.4,95.4,93.0,93.63,10000,94.958,93.186,93.5285,1.0152841112602042,45.30950861518827,-0.40076971297622777,-0.8447220592939884,-0.020401757689893274,0.01881743977185849,0.015171923302567057,5.666666666666667,29150.0,0.02563280999679596,0.005019758624372539,1
2019-07-04,92.5,95.0,92.5,94.1,143500,95.15599999999999,93.284,93.53200000000001,1.0173630415258947,47.342088805503415,-0.35656620777565706,-0.7470908889903222,0.005019758624372539,0.018723791235082953,0.01517961270013352,13.35,42100.0,0.02656748140276302,-0.026567481402762994,0
2019-07-05,91.57,92.0,91.2,91.6,5500,94.282,93.202,93.40299999999999,1.0094108326285023,40.58759521218715,-0.5173005987691965,-0.701132830946097,-0.026567481402762994,0.02058627319050649,0.016302832637584336,-0.9616724738675958,42350.0,0.008733624454148442,0.015611353711790565,1
2019-07-08,89.01,93.49,89.01,93.03,5500,93.588,93.502,93.4435,1.001546388994419,48.13210611802924,-0.5232628640915635,-0.6655588375751904,0.015611353711790565,0.019076515021753747,0.016036237572210597,0.0,31430.0,0.048156508653122536,0.009996775233795496,1
2019-07-09,93.49,94.49,91.58,93.96,3000,93.26399999999998,93.946,93.537,0.9970813688700726,50.59308922124804,-0.4477830108359626,-0.6220036722273449,0.009996775233795496,0.01888731281710497,0.0161648419595863,-0.4545454545454546,31350.0,0.03097062579821197,-0.031502767134950926,0
2019-07-10,92.03,92.99,91.0,91.0,261500,92.73799999999999,93.848,93.4055,0.9928537398761313,45.124195032198706,-0.619668789500821,-0.6215366956820402,-0.031502767134950926,0.02025204713721496,0.01727515033486799,86.16666666666667,53300.0,0.021868131868131812,0.0005494505494505475,1
2019-07-11,91.0,91.67,90.99,91.05,27000,92.128,93.642,93.203,0.988466036500971,46.7520151730678,-0.7432867780331094,-0.645886712152254,0.0005494505494505475,0.019737524008320333,0.016817413887650255,-0.8967495219885278,54100.0,0.007468423942888598,-0.011532125205930721,0
2019-07-12,91.0,91.0,90.0,90.0,1500,91.80799999999999,93.04499999999999,92.9555,0.9876553834899494,49.92405063291139,-0.9154286576178663,-0.6997951012453765,-0.011532125205930721,0.01613538604697984,0.01694981941894823,-0.9444444444444444,46150.0,0.011111111111111112,-0.02211111111111108,0
2019-07-15,87.25,88.86,87.0,88.01,46000,90.804,92.196,92.603,0.9805729835966438,46.44371172868584,-1.1986118549265115,-0.7995584519816035,-0.02211111111111108,0.01625460042589439,0.01747336578929281,29.666666666666668,50500.0,0.021133962049767065,0.022838313827973966,1
2019-07-16,88.02,90.9,88.02,90.02,24000,90.01599999999999,91.64,92.41799999999999,0.9740093921097621,45.283926852742994,-1.2464777576050494,-0.8889423131062927,0.022838313827973966,0.019118229684740227,0.018251269962113875,-0.4782608695652174,52750.0,0.031992890468784826,0.017996000888691466,1
2019-07-17,90.0,92.0,89.5,91.64,19500,90.144,91.441,92.3135,0.9764985619654764,46.54442877291961,-1.1405438892466009,-0.9392626283343544,0.017996000888691466,0.019708781776216648,0.018783015877436283,-0.1875,53700.0,0.027280663465735485,-0.04266695766041029,0
2019-07-18,90.0,90.0,87.11,87.73,6000,89.48,90.804,92.04400000000001,0.9721437573334492,31.541218637992827,-1.3564584494871639,-1.0227017925649164,-0.04266695766041029,0.02327585918098036,0.020959369391994918,-0.6923076923076923,39950.0,0.03294198107830845,0.010828678901174005,1
2019-07-19,88.0,90.0,87.0,88.68,11000,89.21600000000001,90.512,91.857,0.9712487888783654,32.8056288478452,-1.4343805870034316,-1.1050375514526196,0.010828678901174005,0.022733937222251466,0.021141207065287472,0.8333333333333333,40500.0,0.03382949932341001,0.004059539918809252,1
2019-07-22,88.78,90.5,88.78,89.04,7000,89.422,90.113,91.8075,0.974016284072652,35.256988277727686,-1.4503665285104148,-1.1741033468641786,0.004059539918809252,0.021963643893688795,0.02039830318012568,-0.36363636363636365,40650.0,0.019317160826594775,0.03324348607367478,1
2019-07-23,92.0,92.0,92.0,92.0,500,89.81800000000001,89.917,91.9315,0.9770100564006898,46.48555411815438,-1.2102373769445478,-1.1813301528802524,0.03324348607367478,0.024689001108896987,0.021680218829103336,-0.9285714285714286,40400.0,0.0,-0.018152173913043468,0
2019-07-24,90.0,92.5,88.25,90.33,59500,89.55600000000001,89.85,91.849,0.9750351119772671,42.271422714227135,-1.1415294960659423,-1.1733700215173906,-0.018152173913043468,0.02322362470561871,0.021208367931825883,118.0,20200.0,0.04704970663124101,0.0009963467286615568,1
2019-07-25,90.35,90.5,90.35,90.42,5500,90.09400000000001,89.787,91.7145,0.9823310381673563,47.31574158325752,-1.0675101649380707,-1.1521980502015268,0.0009963467286615568,0.023226287045844556,0.020994003983351557,-0.907563025210084,18050.0,0.001658925016589313,0.014266755142667398,1
2019-07-26,89.98,92.5,87.59,91.71,51000,90.7,89.958,91.5015,0.9912405807555068,46.97802197802196,-0.8944464705793393,-1.1006477342770893,0.014266755142667398,0.023291283199119606,0.01997295670293605,8.272727272727273,23000.0,0.053538327336168326,-0.04426998146330807,0
2019-07-29,91.0,91.0,87.13,87.65,97000,90.422,89.922,91.059,0.9930045355209259,37.36483780536644,-1.0725367787532178,-1.095025543172315,-0.04426998146330807,0.02666369805768359,0.021978452761193115,0.9019607843137254,28100.0,0.04415288077581294,0.0046776953793497,1
2019-07-30,87.5,88.49,85.5,88.06,13500,89.634,89.72600000000001,90.68299999999999,0.9884322309583936,43.44335414808206,-1.1671370284193188,-1.1094478402217158,0.0046776953793497,0.02552289386373408,0.022039058263065053,-0.8608247422680413,27050.0,0.03395412218941625,0.006472859414035748,1
2019-07-31,88.5,89.0,87.75,88.63,20000,89.294,89.42500000000001,90.433,0.9874050401955038,44.725370531822136,-1.182483240796813,-1.1240549203367354,0.006472859414035748,0.024773846304962308,0.021795090248033243,0.4814814814814814,27100.0,0.014103576667042763,-0.010380232426943525,0
2019-08-01,88.95,88.95,87.66,87.71,1500,88.752,89.423,90.1135,0.9848912760019308,44.98027181060936,-1.2544213474652537,-1.1501282057624391,-0.010380232426943525,0.02082722410587069,0.021787017293293867,-0.925,26650.0,0.014707559001254205,0.019838102838900973,1
2019-08-02,87.25,89.99,87.25,89.45,11500,88.3,89.5,90.006,0.9810457080639068,53.191489361702125,-1.1576842931745546,-1.1516394232448621,0.019838102838900973,0.021522576785124436,0.021647275015001844,6.666666666666667,26700.0,0.03063163778647283,-0.01632196757965354,0
2019-08-05,85.07,89.89,85.01,87.99,33000,88.36800000000001,89.39500000000001,89.75399999999999,0.9845577912962098,45.38845979100408,-1.185167406842254,-1.1583450199643406,-0.01632196757965354,0.022164054970486013,0.021537912139488198,1.8695652173913042,29300.0,0.05546084782361627,-0.005796113194681096,0
2019-08-06,86.7,87.9,85.0,87.48,227000,88.252,88.94300000000001,89.42999999999999,0.9868276864586828,40.04784688995216,-1.2338773402646126,-1.173451484024395,-0.005796113194681096,0.018625195622296507,0.02134198078660955,5.878787878787879,51950.0,0.03315043438500235,-0.034064929126657595,0
2019-08-07,86.0,86.0,84.5,84.5,10500,87.426,88.36,89.10499999999999,0.9811570618932721,41.912869303955915,-1.4956999110056017,-1.2379011694206365,-0.034064929126657595,0.020474338838039917,0.02152676636718766,-0.9537444933920705,47050.0,0.01775147928994083,-0.0002366863905325367,0
2019-08-08,82.15,85.0,80.65,84.48,35000,86.78,87.766,88.7765,0.9775109403952623,38.9705882352941,-1.685381983113146,-1.3273973321591384,-0.0002366863905325367,0.02042811792440272,0.021519745005487638,2.3333333333333335,50000.0,0.0514914772727272,0.0015388257575756903,1
2019-08-09,82.7,84.99,82.7,84.61,5000,85.812,87.056,88.507,0.9695504310393528,38.22434875066451,-1.80441629051235,-1.4228011238297809,0.0015388257575756903,0.019353045198412085,0.02146187856434873,-0.8571428571428572,45400.0,0.027065358704644746,-0.01950124098806294,0
2019-08-16,83.36,83.51,82.5,82.96,324000,84.80600000000001,86.587,88.25450000000001,0.9609255052150316,24.171428571428535,-2.008737570776546,-1.539988413219134,-0.01950124098806294,0.015344418869582748,0.021346303532677406,63.8,68100.0,0.012174541947926774,0.0007232401157184487,1
2019-08-19,82.35,84.4,82.0,83.02,29000,83.914,86.083,87.90450000000001,0.9546041442702022,26.99811202013842,-2.1411404248778325,-1.660218815550874,0.0007232401157184487,0.015105591522445113,0.020508389435903843,-0.9104938271604939,69650.0,0.02890869669959053,0.01975427607805358,1
2019-08-20,82.51,86.0,81.0,84.66,54000,83.946,85.68599999999999,87.5555,0.9587747200347209,33.486238532110065,-2.0896481832206746,-1.7461046890848342,0.01975427607805358,0.01679168533998608,0.020610424098922837,0.8620689655172413,73050.0,0.059059768485707535,0.006378454996456506,1
2019-08-21,83.1,86.0,83.1,85.2,30500,84.09,85.435,87.429,0.9618090107401435,30.49730377471542,-1.9824146812588594,-1.7933666875196392,0.006378454996456506,0.01696882804005308,0.018551122426299308,-0.43518518518518523,75950.0,0.03403755868544608,0.00892018779342707,1
2019-08-22,85.02,87.0,85.0,85.96,42000,84.35999999999999,85.086,87.293,0.9664005132141177,43.68932038834947,-1.815181428368433,-1.7977296356893981,0.00892018779342707,0.015652867456087412,0.01849027408140185,0.3770491803278688,79000.0,0.02326663564448581,-0.014541647277803604,0
2019-08-23,85.02,85.25,82.05,84.71,51500,84.71,84.758,87.0765,0.972822747813704,38.229093464511564,-1.7631874960084986,-1.7908212077532184,-0.014541647277803604,0.015504810918044815,0.0186685536195412,0.22619047619047628,80850.0,0.037775941447290795,-0.03848424034942732,0
2019-08-26,82.71,82.71,81.05,81.45,11500,84.396,84.155,86.54899999999999,0.9751239182428452,28.782505910165497,-1.9624151843759705,-1.825140003077769,-0.03848424034942732,0.019042148355795634,0.0183636335985483,-0.7766990291262136,59300.0,0.020380601596071166,0.023204419889502725,1
2019-08-27,84.9,85.52,82.0,83.34,80000,84.13199999999999,84.039,86.1995,0.9760149420820305,37.786472889882646,-1.9453723170356625,-1.8491864658693478,0.023204419889502725,0.018588168722091448,0.019220911674355953,5.956521739130435,66250.0,0.042236621070314326,0.009359251259899226,1
2019-08-28,84.0,85.0,84.0,84.12,554500,83.916,84.00300000000001,85.88449999999999,0.9770796825969763,34.2587123449498,-1.8476279358768863,-1.8488747598708557,0.009359251259899226,0.018890064494428316,0.019421610563249633,5.93125,118200.0,0.011887779362815026,0.012482168330955723,1
2019-08-29,84.0,86.0,83.0,85.17,17000,83.75800000000001,84.059,85.5575,0.9789673611314029,41.46489104116224,-1.666231307494641,-1.8123460693956128,0.012482168330955723,0.019318293935368602,0.019339987693375502,-0.9693417493237151,119400.0,0.03522367030644593,-0.038863449571445385,0
2019-08-30,83.5,85.0,80.92,81.86,1574500,83.18800000000002,83.949,85.268,0.9756063235914999,35.45548654244304,-1.7691686350299847,-1.8037105825224873,-0.038863449571445385,0.022319571694395655,0.018769686992017677,91.61764705882354,244450.0,0.04984119227950157,0.013926215489860727,1
2019-09-02,82.0,83.0,81.01,83.0,36000,83.498,83.947,85.015,0.9821560901017468,45.70938215102974,-1.7387159015031983,-1.7907116463186297,0.013926215489860727,0.022824641731343416,0.0190863303051131,-0.977135598602731,245150.0,0.02397590361445777,-0.036867469879518056,0
2019-09-03,82.51,83.0,78.85,79.94,25000,82.81800000000001,83.475,84.5805,0.9791618635501093,38.93762183235865,-1.9391450601189177,-1.8203983290786874,-0.036867469879518056,0.024406829251370832,0.020395982006167733,-0.3055555555555556,242250.0,0.05191393545158876,0.043657743307480734,1
2019-09-04,79.9,83.9,79.9,83.43,60000,82.68,83.298,84.3665,0.9800098380281274,47.52931323283084,-1.7956733745885742,-1.8154533381806648,0.043657743307480734,0.028855617268384832,0.02304547307057201,1.4,245200.0,0.047944384513963795,-0.005154021335251224,0
2019-09-05,81.51,86.35,81.51,83.0,10500,82.24600000000001,83.002,84.04400000000001,0.9786064442434915,50.08826125330981,-1.6971052634227703,-1.7917837232290859,-0.005154021335251224,0.02862122600330698,0.022455059519172677,-0.825,242050.0,0.05831325301204806,0.01867469879518069,1
2019-09-11,81.5,84.74,81.5,84.55,6500,82.78399999999999,82.986,83.872,0.9870278519648988,53.16770186335404,-1.476892580732482,-1.728805494729765,0.01867469879518069,0.029073339850927395,0.022764289694252305,-0.38095238095238093,237550.0,0.03832052040212886,0.007687758722649374,1
2019-09-12,85.5,86.99,85.2,85.2,460500,83.224,83.361,83.75800000000001,0.9936244896009933,51.165803108808305,-1.2356787400978533,-1.6301801438033827,0.007687758722649374,0.0257214563669453,0.022837534250168084,69.84615384615384,282450.0,0.021009389671361407,0.009389671361502261,1
2019-09-13,85.0,86.0,85.0,86.0,21000,84.436,83.627,83.833,1.007192871542233,51.70794192997437,-0.9687940644998037,-1.497902927942667,0.009389671361502261,0.0249842040069581,0.021564906564365962,-0.9543973941368078,276550.0,0.011627906976744186,-0.011627906976744207,0
2019-09-16,85.2,85.2,85.0,85.0,3000,84.75,83.715,83.85900000000001,1.0106249776410403,47.97125950972106,-0.8284280757605842,-1.3640079575062505,-0.011627906976744207,0.02531007991557997,0.02175175546857569,-0.8571428571428572,221400.0,0.002352941176470622,0.0,0
2019-09-17,83.0,85.0,83.0,85.0,29500,85.15,83.69800000000001,83.8785,1.0151588309280686,50.64703257474343,-0.7090139469676302,-1.2330091553985265,0.0,0.025004960392812883,0.021750731368307512,8.833333333333334,222650.0,0.023529411764705882,-0.021529411764705908,0
2019-09-18,83.31,83.31,83.0,83.17,4500,84.874,83.829,83.88900000000001,1.0117417063023755,54.09914204003813,-0.7533588438168266,-1.1370790930821866,-0.021529411764705908,0.02247833365594283,0.021853161630191107,-0.847457627118644,65650.0,0.0037273055188169085,0.009739088613682778,1
2019-09-19,83.2,84.41,83.2,83.98,22500,84.63,83.92699999999999,83.937,1.008256192144108,51.60804020100503,-0.7149013260340951,-1.0526435396725684,0.009739088613682778,0.022265673347721063,0.021953926761153302,4.0,64300.0,0.014408192426768203,-0.020004763038818818,0
2019-09-20,83.2,83.2,82.3,82.3,4000,83.89,84.16300000000001,83.819,1.0008470633150002,45.624999999999986,-0.8106408625173458,-1.004243004241524,-0.020004763038818818,0.019514302719708644,0.021947878724020025,-0.8222222222222222,62200.0,0.010935601458080264,-0.00243013365735123,0
2019-09-23,82.1,82.1,82.1,82.1,500,83.30999999999999,84.03,83.664,0.9957687894434881,42.30576441102757,-0.8923668143202406,-0.9818677662572673,-0.00243013365735123,0.013329057833661694,0.021876428497781743,-0.875,56250.0,0.0,0.010962241169305775,1
2019-09-24,83.0,83.0,83.0,83.0,500,82.91,84.03,83.51599999999999,0.9927439053594521,53.24971493728619,-0.8744328242590313,-0.9603807778576202,0.010962241169305775,0.013807317816052597,0.02193291892122027,0.0,55250.0,0.0,-0.012048192771084376,0
2019-09-25,83.0,83.0,82.0,82.0,5500,82.676,83.775,83.3805,0.9915507822572425,47.12643678160921,-0.9301890106867603,-0.9543424244234483,-0.012048192771084376,0.012574644555354331,0.021861982537460828,10.0,55150.0,0.012195121951219513,0.024146341463414656,1
2019-09-26,83.98,83.98,83.98,83.98,500,82.676,83.65299999999999,83.507,0.9900487384291137,62.37745098039215,-0.8053234700169014,-0.9245386335421389,0.024146341463414656,0.01497496774453681,0.02072598564149712,-0.9090909090909091,9150.0,0.0,-0.006311026434865474,0
2019-09-27,83.45,83.45,83.45,83.45,500,82.90599999999999,83.398,83.5125,0.9927376141296211,50.074850299401184,-0.7405960695488574,-0.8877501207434827,-0.006311026434865474,0.014541784122910247,0.02015991352079234,0.0,7100.0,0.0,-0.002396644697423622,0
2019-09-30,83.0,83.25,83.0,83.25,8500,83.136,83.223,83.46900000000001,0.9960104949142794,50.95201827875095,-0.6973982934608074,-0.8496797552869477,-0.002396644697423622,0.014216259582924133,0.020051720388512294,16.0,7650.0,0.003003003003003003,-0.0028828828828828534,0
2019-10-01,83.25,85.41,81.7,83.01,24500,83.138,83.024,83.361,0.9973248881371385,43.48561759729277,-0.6747516222412742,-0.8146941286778131,-0.0028828828828828534,0.014200705078128947,0.01982817001395554,1.8823529411764706,7150.0,0.04469341043247794,0.016263100831225064,1
2019-10-02,84.2,84.5,84.0,84.36,20500,83.61000000000001,83.143,83.486,1.001485278968929,46.645367412140565,-0.5416267188955715,-0.7600806467213648,0.016263100831225064,0.013519871492730458,0.01805408314901403,-0.16326530612244894,8750.0,0.005926979611190137,0.012802275960170695,1
2019-10-03,84.9,86.99,84.9,85.44,56000,83.902,83.289,83.608,1.003516409912927,47.812499999999986,-0.3450003505318904,-0.67706458748347,0.012802275960170695,0.013759764731817324,0.018015599861622877,1.731707317073171,12100.0,0.02446161048689126,0.013459737827715479,1
2019-10-04,86.9,86.9,85.1,86.59,3500,84.53,83.71799999999999,83.9405,1.0070228316486083,56.13899613899614,-0.09527883286199312,-0.5607074365591747,0.013459737827715479,0.011793704713855454,0.015728930836754633,-0.9375,12050.0,0.020787619817531022,-0.022519921468991844,0
2019-10-07,83.25,86.7,83.25,84.64,24500,84.80799999999999,83.97200000000001,84.001,1.0096070284877559,48.79194630872483,-0.05409782804527197,-0.4593855148563941,-0.022519921468991844,0.014605515851092047,0.013818463534596167,6.0,14450.0,0.04076086956521743,0.0042533081285445196,1
2019-10-08,84.08,86.01,84.0,85.0,308500,85.20599999999999,84.172,84.101,1.0131389638648767,56.81310498883096,0.007500940150691804,-0.36600822385497694,0.0042533081285445196,0.014358665723431065,0.01376473728673016,11.591836734693878,45250.0,0.023647058823529472,0.01482352941176468,1
2019-10-09,85.7,86.8,85.06,86.26,142000,85.58599999999998,84.598,84.1865,1.0166238054795007,58.21325648414985,0.1561894230375458,-0.2615686944764724,0.01482352941176468,0.013843607157033413,0.013533608176322182,-0.539708265802269,58900.0,0.02017157431022484,0.010433572919081646,1
2019-10-10,86.48,88.0,86.48,87.16,20500,85.93,84.91600000000001,84.28450000000001,1.0195231626218344,68.54961832061068,0.34269818401114094,-0.14071531877894974,0.010433572919081646,0.012353309306476561,0.013617739897526184,-0.8556338028169014,60900.0,0.017439192290041258,0.008375401560348772,1
2019-10-11,86.5,90.41,85.5,87.89,44000,86.19,85.36,84.37899999999999,1.0214626862133944,71.23991195891416,0.5431515074632784,-0.003941953530504111,0.008375401560348772,0.01188271730655048,0.013587593286482368,1.1463414634146343,65250.0,0.05586528615314594,0.0012515644555695093,1
2019-10-14,87.97,88.0,87.25,88.0,68000,86.862,85.83500000000001,84.529,1.0275999952678962,69.47040498442367,0.7027870001113712,0.13740383719787094,0.0012515644555695093,0.011675685872054167,0.013249863148107983,0.5454545454545454,71200.0,0.008522727272727272,0.00011363636363648233,1
2019-10-15,88.0,88.99,88.0,88.01,35500,87.46400000000001,86.33500000000001,84.67949999999999,1.032882811069976,75.35864978902954,0.8206462949198681,0.27405232874227037,0.00011363636363648233,0.011469680346063004,0.013249066247623597,-0.4779411764705882,72300.0,0.011248721736166286,0.00761277127599147,1
2019-10-16,88.5,90.0,87.54,88.68,35500,87.94800000000001,86.767,84.955,1.0352304161026427,72.29601518026566,0.9570813971781575,0.41065814242944787,0.00761277127599147,0.010916258337808548,0.012097893210759523,0.0,73800.0,0.02774018944519614,-0.0052999548940010355,0
2019-10-17,89.0,89.01,85.2,88.21,31500,88.158,87.04400000000001,85.1665,1.0351253133567777,72.70992366412206,1.015575207811537,0.5316415555058658,-0.0052999548940010355,0.010990502426918236,0.01214273275596417,-0.11267605633802813,71350.0,0.04319238181612065,0.004081169935381546,1
2019-10-18,87.75,89.0,87.5,88.57,7000,88.29400000000001,87.24199999999999,85.47999999999999,1.0329199812821714,74.99999999999993,1.0785481340022187,0.6410228712051365,0.004081169935381546,0.010407174201844374,0.010923291507430115,-0.7777777777777778,71700.0,0.016935757028339167,-0.028113356667042955,0
2019-10-21,87.0,87.0,84.15,86.08,22000,87.91,87.386,85.679,1.0260390527433794,61.90845616757173,0.9169622712285275,0.6962107512098147,-0.028113356667042955,0.011929135699780208,0.012998682620997563,2.142857142857143,71450.0,0.03310873605947949,0.00487918215613381,1
2019-10-22,86.95,86.99,86.5,86.5,2000,87.60799999999999,87.536,85.854,1.0204300323805529,58.94648829431436,0.8134182218049233,0.7196522453288364,0.00487918215613381,0.011945341275072158,0.01285945444108944,-0.9090909090909091,40800.0,0.005664739884393004,0.014450867052023142,1
2019-10-23,86.1,87.99,86.1,87.75,2000,87.422,87.685,86.1415,1.0148650766471445,59.52184666117064,0.8227393429481964,0.7402696648527085,0.014450867052023142,0.011900749625326062,0.012683932781659536,0.0,26800.0,0.021538461538461545,0.006153846153846176,1
2019-10-24,87.5,88.89,87.5,88.29,2000,87.438,87.798,86.357,1.0125178039996758,57.37847222222222,0.8637431917875347,0.7649643702396738,0.006153846153846176,0.011628758463307923,0.01174354715979805,0.0,24950.0,0.015743572318495873,-0.020274096726696222,0
2019-10-25,87.9,88.0,86.0,86.5,38000,87.024,87.65899999999999,86.5095,1.005947323704333,58.18661971830984,0.7432334643335992,0.7606181890584589,-0.020274096726696222,0.01313708705651481,0.012677333673788252,18.0,24350.0,0.023121387283236993,0.007167630057803631,1
2019-10-28,86.5,88.0,86.01,87.12,67000,87.232,87.571,86.703,1.0061012883060563,59.12220309810671,0.6898058036294117,0.7464557119726496,0.007167630057803631,0.013405948303131859,0.012688170349299574,0.763157894736842,24250.0,0.022842056932965964,0.009527089072543626,1
2019-10-29,88.0,91.0,87.51,87.95,166500,87.522,87.565,86.95,1.0065784933870041,57.55138516532615,0.7062963167115583,0.7384238329204313,0.009527089072543626,0.013811188282735816,0.012722114809396012,1.4850746268656718,37350.0,0.03968163729391694,0.005343945423536001,1
2019-10-30,87.75,88.5,87.25,88.42,13000,87.656,87.539,87.153,1.005771459387514,55.855018587360604,0.7486601509871775,0.7404710965337806,0.005343945423536001,0.013690682227111357,0.012350590744650737,-0.9219219219219219,35100.0,0.014137073060393576,0.014476362813843124,1
2019-10-31,89.0,89.8,88.9,89.7,51000,87.938,87.688,87.36600000000001,1.0065471693793924,58.001768346595924,0.8754277117331668,0.7674624195736579,0.014476362813843124,0.014288767150680256,0.012430032366336535,2.923076923076923,37050.0,0.010033444816053417,0.017502787068004455,1
2019-11-01,88.1,92.0,88.0,91.27,75000,88.892,87.958,87.6,1.0147488584474886,62.8034455755677,1.0900128067708295,0.8319724970130922,0.017502787068004455,0.015135332689383954,0.01264844380525915,0.47058823529411775,43850.0,0.043826010737372634,0.02465213103977204,1
2019-11-04,92.0,94.4,92.0,93.52,210500,90.172,88.702,88.04400000000001,1.0241697333151605,68.35443037974679,1.4252004133471132,0.9506180802798965,0.02465213103977204,0.011889771281916584,0.012081177152822246,1.8066666666666666,62700.0,0.025662959794696384,0.014756201881950481,1
2019-11-05,95.59,96.01,94.0,94.9,158000,91.562,89.542,88.539,1.0341431459582782,69.78371501272261,1.7816556559541965,1.1168255954147566,0.014756201881950481,0.011975841869700006,0.012270568145727172,-0.24940617577197155,78300.0,0.02118018967334041,-0.004214963119072768,0
2019-11-06,95.99,96.0,94.0,94.5,348000,92.77799999999999,90.21700000000001,88.951,1.04302368719857,70.0958466453674,2.008717106361985,1.2952038976042022,-0.004214963119072768,0.012538357577042521,0.012255489873611108,1.2025316455696204,112900.0,0.021164021164021163,-0.011428571428571455,0
2019-11-07,92.11,94.95,92.11,93.42,21500,93.522,90.73,89.264,1.0477012009320668,64.81368356750153,2.0775690449280404,1.4516769270689698,-0.011428571428571455,0.013907543950631469,0.012679542433313746,-0.9382183908045977,114850.0,0.0304003425390709,-0.005566259901519932,0
2019-11-08,92.51,93.0,92.01,92.9,721000,93.848,91.37,89.51450000000001,1.048411151265996,73.68055555555554,2.066355389446443,1.5746126195444643,-0.005566259901519932,0.01140138899592334,0.012783145460608443,32.53488372093023,183150.0,0.01065662002152847,0.022604951560817987,1
2019-11-11,95.19,95.5,94.25,95.0,15500,94.144,92.158,89.8645,1.04762169711065,76.43034825870645,2.2015429198874017,1.6999986796130517,0.022604951560817987,0.012395059287679597,0.013513187324030722,-0.978502080443828,178000.0,0.013157894736842105,-0.0052631578947368585,0
2019-11-12,93.6,95.35,93.6,94.5,190500,94.064,92.813,90.18900000000001,1.0429653283659868,72.0156555772994,2.242484228125903,1.808495789315622,-0.0052631578947368585,0.013153291161555222,0.013645759956172517,11.290322580645162,180400.0,0.018518518518518517,0.0019047619047620756,1
2019-11-13,94.9,95.5,94.5,94.68,874500,94.1,93.43900000000001,90.489,1.0399054028666466,71.34268537074146,2.2633643502144594,1.8994695014953895,0.0019047619047620756,0.013254296251403475,0.013618233691592934,3.590551181102362,266550.0,0.010561892691170256,0.0025348542458807355,1
2019-11-14,95.44,95.44,94.0,94.92,141500,94.4,93.961,90.8245,1.039367131115503,81.37108792846497,2.27307539344379,1.9741906798850697,0.0025348542458807355,0.013036247780934242,0.013467653633324493,-0.8381932532875929,275600.0,0.01517067003792665,-0.003160556257901348,0
2019-11-15,94.0,95.25,94.0,94.62,160500,94.744,94.296,91.127,1.0396918586149002,78.6259541984733,2.2308481436269574,2.025522172633447,-0.003160556257901348,0.01259627409648586,0.013555591542384901,0.13427561837455837,284150.0,0.013210737687592474,-0.0038046924540265925,0
2019-11-18,95.1,95.99,94.0,94.26,81500,94.596,94.37,91.53600000000002,1.0334294703723124,74.98020585906573,2.143623396407193,2.0491424173881962,-0.0038046924540265925,0.010345781306585878,0.011518312326460162,-0.4922118380062306,271250.0,0.0211118183747082,-0.0027583280288564493,0
2019-11-19,94.0,94.5,93.03,94.0,615000,94.49600000000001,94.28,91.91100000000002,1.0281250340002828,72.46376811594202,2.030115421845764,2.04533701827971,-0.0027583280288564493,0.00913963901964094,0.01163500705740736,6.54601226993865,316950.0,0.015638297872340414,-0.0008510638297871687,0
2019-11-20,94.0,95.0,93.0,93.92,577500,94.34400000000001,94.22200000000001,92.21950000000001,1.0230374270083875,68.80570409982175,1.9116676876811454,2.018603152159997,-0.0008510638297871687,0.009066305640240213,0.011428830984793218,-0.060975609756097615,339900.0,0.02129471890971039,-0.03109028960817717,0
2019-11-21,93.99,94.0,91.0,91.0,15500,93.56,93.97999999999999,92.35499999999999,1.0130474798332523,48.926014319809084,1.5641468966669265,1.9277119010613832,-0.03109028960817717,0.012971575674892283,0.013763487040355855,-0.9731601731601731,339300.0,0.03296703296703297,0.023956043956044004,1
2019-11-22,92.0,93.9,90.7,93.18,289500,93.272,94.00800000000001,92.689,1.0062898510071314,48.64000000000004,1.4479508706966158,1.8317596949884298,0.023956043956044004,0.015349177896340773,0.013615933916303096,17.677419354838708,296150.0,0.03434213350504403,0.020068684267009917,1
2019-11-25,94.0,95.5,93.9,95.05,181000,93.43,94.013,93.0855,1.0037008986362002,50.57736720554269,1.4895870227632173,1.7633251605433875,0.020068684267009917,0.014957592455130678,0.014080808301962884,-0.37478411053540583,312700.0,0.016833245660178794,0.049973698053656035,1
2019-11-26,95.98,99.8,95.5,99.8,1363000,94.59,94.543,93.678,1.009735476846218,65.28258362168397,1.8841499678551372,1.7874901220057375,0.049973698053656035,0.021502333711896453,0.01736781615684302,6.530386740331492,429950.0,0.04308617234468935,0.050000000000000044,1
2019-11-27,104.79,104.79,104.79,104.79,77000,96.764,95.554,94.4965,1.0239955977205504,76.7529411764706,2.5698713639487494,1.9439663703943402,0.050000000000000044,0.025560617743059736,0.019899759547253627,-0.9435069699192957,350200.0,0.0,0.04990934249451273,1
2019-11-28,110.02,110.02,108.0,110.02,298000,100.56800000000001,97.064,95.5125,1.052930244732365,82.97380585516177,3.4950391658574347,2.2541809294869593,0.04990934249451273,0.028179134315546646,0.021914955433115044,2.8701298701298703,365850.0,0.018360298127613126,0.0006362479549173461,1
2019-11-29,111.06,114.25,108.4,110.09,727500,103.95,98.611,96.45349999999999,1.0777213890631239,81.5294609277058,4.185640273724829,2.6404727983345335,0.0006362479549173461,0.02792835948190063,0.02195522701210274,1.4412751677852347,422550.0,0.053138341357071434,0.01744027613770549,1
2019-12-02,113.0,113.01,107.25,112.01,437000,107.34200000000001,100.386,97.378,1.1023229066113498,84.53648915187377,4.832172306683901,3.0788127000044074,0.01744027613770549,0.027083165304305504,0.021754043945759558,-0.3993127147766323,458100.0,0.0514239800017856,-0.03124721007052944,0
2019-12-03,111.0,111.0,108.0,108.51,155000,109.08400000000002,101.837,98.05850000000001,1.1124379834486557,74.11928845483082,5.00444472787197,3.46393910557792,-0.03124721007052944,0.03073041704558523,0.023506323280487462,-0.6453089244851258,412100.0,0.027647221454243847,0.0231315086167172,1
2019-12-04,109.0,112.75,109.0,111.02,145500,110.33,103.547,98.8845,1.1157461482841091,76.01809954751131,5.282613209111943,3.827673926284725,0.0231315086167172,0.030299160086431857,0.02361581797586993,-0.06129032258064515,368900.0,0.033777697712123946,0.04026301567285162,1
2019-12-05,112.5,116.57,111.5,115.49,1779000,111.424,105.99600000000001,99.988,1.1143737248469816,79.7208772429507,5.7969319541391116,4.221525531855602,0.04026301567285162,0.025694933007430584,0.024159697235700443,11.22680412371134,545250.0,0.04389990475365827,0.04996103558749687,1
2019-12-06,117.0,121.26,116.5,121.26,647000,113.65799999999999,108.804,101.40599999999999,1.1208212531802852,83.31688055281342,6.594111233529205,4.696042672190323,0.04996103558749687,0.026929796047522492,0.025326089313896304,-0.6363125351320966,581000.0,0.039254494474682544,-0.007587003133762149,0
2019-12-09,123.9,127.32,118.0,120.34,1567000,115.324,111.33300000000001,102.673,1.1232164249607979,81.98154443904808,7.07014501386584,5.170863140525427,-0.007587003133762149,0.029058207343465692,0.025665558750571655,1.4219474497681608,719600.0,0.0774472328402858,0.0005816852251951943,1
2019-12-10,119.3,121.0,117.0,120.41,255500,117.704,113.394,103.96849999999999,1.1321121301163333,82.17148409035704,7.368118545310594,5.610314221482461,0.0005816852251951943,0.028389649033117755,0.02548890617751392,-0.8369495851946395,608850.0,0.03321983223984719,0.044597624781994805,1
2019-12-11,120.95,126.1,120.0,125.78,546000,120.65599999999999,115.49300000000001,105.52350000000001,1.143404075869356,89.8670334708849,7.945982496780857,6.0774478765421405,0.044597624781994805,0.02778570147159624,0.026329347203809934,1.1369863013698631,655750.0,0.04849737637144216,-0.014072189537287283,0
2019-12-12,126.0,126.0,122.0,124.01,169500,122.35999999999999,116.89200000000001,106.978,1.1437865729402306,85.67461235825041,8.16697582061903,6.495353465357519,-0.014072189537287283,0.02717805798497782,0.02698451257184874,-0.6895604395604396,642900.0,0.0322554632690912,0.008386420449963738,1
2019-12-13,125.0,126.0,123.11,125.05,314000,123.11800000000001,118.38799999999999,108.49950000000001,1.134733339784976,85.39405379896178,8.330010751596305,6.8622849226052764,0.008386420449963738,0.026915495820834287,0.02672486959079391,0.8525073746312684,601550.0,0.023110755697720916,0.024710115953618494,1
2019-12-16,125.0,129.0,125.0,128.14,458000,124.678,120.00099999999998,110.1935,1.1314460471806413,84.79862475442043,8.60931150091929,7.21169023826808,0.024710115953618494,0.027141614588958803,0.026463309193995883,0.4585987261146496,603650.0,0.031215857655689093,-0.0084282815670359,0
2019-12-17,126.01,127.5,123.5,127.06,292000,126.008,121.856,111.84649999999999,1.1266154953440652,80.24993208367295,8.643871216190362,7.498126433852537,-0.0084282815670359,0.023663078221198723,0.026701886448122724,-0.36244541484716153,617350.0,0.031481189988981584,-0.02644419959074451,0
2019-12-18,125.0,128.79,123.0,123.7,534500,125.59200000000001,123.124,113.3355,1.1081435207856323,69.57641671436753,8.304408073269514,7.659382761735933,-0.02644419959074451,0.02699723508971236,0.02810403746885398,0.8304794520547945,656250.0,0.046806790622473664,-0.035246564268391234,0
2019-12-19,123.0,125.5,117.52,119.34,554500,124.65799999999999,123.50899999999999,114.75249999999998,1.0863205594649354,61.789446851899065,7.5960035245620645,7.646706914301159,-0.035246564268391234,0.028483194319117954,0.028469836715677137,0.03741814780168373,533800.0,0.06686777275012572,-0.0036869448634154756,0
2019-12-20,121.9,121.9,116.36,118.9,125500,123.428,123.273,116.0385,1.0636814505530492,59.12582781456955,6.919321857915918,7.501229903024112,-0.0036869448634154756,0.023386833084366867,0.02863309692027114,-0.7736699729486023,481650.0,0.04659377628259046,-0.018755256518082408,0
2019-12-23,117.5,120.0,115.0,116.67,259500,121.13400000000001,122.90599999999999,117.11949999999999,1.034276956441925,61.184210526315795,6.132413750339424,7.227466672487175,-0.018755256518082408,0.02395789066110834,0.02940901592728573,1.0677290836653386,350900.0,0.04285591840233136,0.0013713893888744888,1
2019-12-24,117.0,118.34,114.0,116.83,391000,119.08800000000001,122.548,117.971,1.0094684286816251,58.51157339583944,5.458768780012079,6.873727093992156,0.0013713893888744888,0.023971704462700007,0.0279661486213686,0.5067437379576107,364450.0,0.037147992810065936,0.03201232560130096,1
2019-12-26,117.89,121.89,116.5,120.57,201000,118.46200000000002,122.027,118.76000000000002,0.997490737622095,57.60479041916168,5.167123646222734,6.532406404438272,0.03201232560130096,0.021401960954403835,0.02681942430669901,-0.48593350383631717,329950.0,0.044704321141245756,-0.01509496558016088,0
2019-12-27,120.0,120.0,118.5,118.75,25500,118.34400000000001,121.501,119.19650000000001,0.9928479443607824,45.738539898132416,4.73455696138808,6.172836515828234,-0.01509496558016088,0.02145773290171303,0.025288874872942905,-0.8731343283582089,315550.0,0.01263157894736842,0.01978947368421058,1
2019-12-30,120.0,122.9,119.01,121.1,64500,118.78399999999999,121.106,119.747,0.9919580448779509,51.23056994818651,4.529160761459067,5.844101364954401,0.01978947368421058,0.022474932468065256,0.025511424782624838,1.5294117647058822,290600.0,0.03212221304706855,0.02642444260941379,1
2019-12-31,123.74,125.1,121.0,124.3,113000,120.30999999999999,120.72200000000001,120.36149999999998,0.9995721223148599,55.71890620405763,4.5718941004154345,5.589659912046608,0.02642444260941379,0.022714847929307627,0.025817703265257005,0.751937984496124,256100.0,0.03298471440064356,0.00909090909090926,1
2020-01-01,125.0,127.5,122.9,125.43,95800,122.03,120.559,121.20750000000001,1.0067858837118164,49.412159892509244,4.643415729507581,5.400411075538803,0.00909090909090926,0.02290780572509855,0.024325655722684802,-0.15221238938053094,236480.0,0.03667384198357645,0.0032687554811448027,1
2020-01-02,123.15,127.49,123.15,125.84,111600,123.08400000000002,120.773,121.94850000000001,1.0093113076421605,53.220696937697994,4.679241328032674,5.256177126037578,0.0032687554811448027,0.021104613649630732,0.02406005776895062,0.16492693110647183,194190.0,0.03448823903369349,-0.022727272727272707,0
2020-01-03,125.0,125.0,122.0,122.98,66600,123.92999999999999,121.13699999999999,122.32299999999998,1.0131373494763865,46.576248759510435,4.425836981258513,5.090109097081765,-0.022727272727272707,0.018912576454835205,0.02353266128692979,-0.4032258064516129,145400.0,0.02439421044072207,-0.030086192876890627,0
2020-01-06,120.25,125.0,117.1,119.28,108600,123.566,121.175,122.224,1.0109798402932322,35.63553826199741,3.881707228301451,4.848428723325703,-0.030086192876890627,0.021624052599190407,0.02195230074608404,0.6306306306306306,143710.0,0.0662307176391684,-0.00016767270288398084,0
2020-01-07,122.0,123.5,113.32,119.26,416300,122.55800000000002,121.43400000000001,122.17,1.003175902431039,36.90396239086635,3.409563322385779,4.560655643137718,-0.00016767270288398084,0.02055463294662164,0.02189052385855129,2.8333333333333335,159390.0,0.08535971826261954,0.0031863156129463555,1
2020-01-08,120.0,121.0,118.8,119.64,138700,121.4,121.71499999999999,122.1315,0.9940105541977295,42.425373134328346,3.031107973621232,4.254746109234421,0.0031863156129463555,0.020552670554859778,0.021903312224845654,-0.6668268075906798,134160.0,0.018388498829822825,0.04998328318288192,1
2020-01-09,124.97,125.62,124.0,125.62,448100,121.356,122.22,122.12349999999999,0.9937153782850967,61.04855735397608,3.1770918687644496,4.039215261140427,0.04998328318288192,0.023922554926994077,0.02250647264532956,2.2307137707281903,158870.0,0.012896035663111005,0.012338799554211022,1
2020-01-10,128.0,131.0,126.7,127.17,576900,122.194,123.06199999999998,122.28150000000001,0.9992844379566819,64.00270910938028,3.3789072638907385,3.9071536616904896,0.012338799554211022,0.022997908333788435,0.022401065309924702,0.28743584021423785,214010.0,0.03381300621215693,0.007077140835102469,1
2020-01-13,128.5,131.95,126.0,128.07,565100,123.952,123.75900000000001,122.4325,1.012410920303024,70.2127659574468,3.570313544814283,3.8397856383152487,0.007077140835102469,0.02256646458234401,0.022381774752870592,-0.020454151499393336,264070.0,0.046458967752010534,0.0064027484969158,1
2020-01-14,127.06,131.0,127.06,128.89,695800,125.878,124.218,122.47,1.0278272229933862,70.89397089397089,3.745001502292112,3.820828811110622,0.0064027484969158,0.021394891604486467,0.021744894118606042,0.23128649796496203,322350.0,0.030568701993948313,-0.009310264566684712,0
2020-01-15,128.0,129.94,127.25,127.69,26700,127.48799999999999,124.444,122.50150000000001,1.040705624012767,63.52583586626143,3.743460711116157,3.805355191111729,-0.009310264566684712,0.021682167381258086,0.021764871932347905,-0.9616269042828399,315440.0,0.021066645782755092,0.0014096640300729213,1
2020-01-16,127.0,128.5,126.3,127.87,29800,127.93799999999999,124.64699999999998,122.71,1.0426045147094776,68.47649918962725,3.7139519919769697,3.7870745512847774,0.0014096640300729213,0.021678017025844713,0.02082271934992801,0.11610486891385774,307260.0,0.017204973801517188,0.004457652303120341,1
2020-01-17,128.39,130.0,128.0,128.44,209100,128.192,125.19300000000001,123.165,1.0408151666463688,66.02620087336247,3.6939784713753028,3.7684553353028827,0.004457652303120341,0.019889758639265103,0.018902573679074476,6.016778523489933,321510.0,0.015571473061351605,-0.01090003114294602,0
2020-01-20,128.0,129.0,126.05,127.04,40400,127.98599999999999,125.96899999999998,123.572,1.0357200660343766,56.4928909952607,3.524552169235804,3.719674702089467,-0.01090003114294602,0.01687683941209417,0.019121472759623462,-0.8067910090865614,314690.0,0.023221032745591962,-0.00031486146095727197,0
2020-01-21,127.0,128.4,126.5,127.0,40200,127.60799999999999,126.74299999999998,124.0885,1.0283628216958058,53.923038480759615,3.3484540445483333,3.64543057058124,-0.00031486146095727197,0.01688331296690895,0.018424325798964948,-0.004950495049504955,277080.0,0.014960629921259887,-0.015748031496062964,0
2020-01-22,127.95,127.95,125.0,125.0,49500,127.07000000000001,127.279,124.497,1.0206671646706347,48.05555555555555,3.0127822483453315,3.518900906134059,-0.015748031496062964,0.018290933550883456,0.018962760066612704,0.23134328358208944,268160.0,0.023600000000000024,0.020159999999999956,1
2020-01-23,126.0,129.5,124.0,127.52,74500,127.0,127.46899999999998,124.8445,1.0172654782549493,60.67732831608655,2.916483465014281,3.3984174179101037,0.020159999999999956,0.011060191777057693,0.0181963163673649,0.505050505050505,230800.0,0.043130489335006274,7.841907151817651e-05,1
2020-01-24,127.5,130.0,126.54,127.53,73100,126.81799999999998,127.50500000000002,125.2835,1.0122482210346933,73.47751849743887,2.808597142290367,3.2804533627861567,7.841907151817651e-05,0.010391582024173984,0.017713750641177157,-0.018791946308724827,180420.0,0.027130871167568366,0.0016466713714420322,1
2020-01-27,133.0,133.0,127.0,127.74,13400,126.958,127.47199999999998,125.6155,1.0106873753637091,73.87387387387389,2.708816152779704,3.1661259207848667,0.0016466713714420322,0.01013869931181224,0.017307435282749688,-0.8166894664842681,125250.0,0.046970408642555195,0.006027869109127781,1
2020-01-28,127.5,128.75,127.5,128.51,86900,127.25999999999999,127.43400000000001,125.82600000000002,1.0113966906680651,74.435261707989,2.6611949655245866,3.065139729732811,0.006027869109127781,0.010112182841790274,0.016421190611296026,5.485074626865671,64360.0,0.00972686950431873,-0.0070811609991440205,0
2020-01-29,128.0,128.85,127.5,127.6,15200,127.78,127.425,125.9345,1.0146544433812816,57.568807339449535,2.5209653177831086,2.9563048473428704,-0.0070811609991440205,0.009912856372238883,0.016441109364558493,-0.8250863060989644,63210.0,0.010579937304075191,0.05493730407523523,1
2020-01-30,127.99,134.61,127.99,134.61,931500,129.198,128.099,126.373,1.022354458626447,70.0647249190939,2.941572114364206,2.9533583007471376,0.05493730407523523,0.020046629285892844,0.020401284318377195,60.2828947368421,153380.0,0.049179110021543855,0.05497362751652912,1
2020-01-31,142.01,142.01,140.26,142.01,706500,132.094,129.456,127.32450000000001,1.0374594049063612,77.83546325878598,3.8278985548267173,3.1282663515630533,0.05497362751652912,0.02544212151142533,0.022427873472662476,-0.24154589371980673,203120.0,0.012323075839729598,0.049996479121188875,1
2020-02-03,148.0,150.53,141.06,149.11,1597100,136.368,131.663,128.816,1.0586262576077505,82.27969348659009,5.045072848011557,3.5116276508527546,0.049996479121188875,0.027022104259660715,0.02252155134557594,1.2605803255484784,358790.0,0.06351016028435381,0.0006035812487423797,1
2020-02-04,150.0,153.5,142.1,149.2,760500,140.506,133.883,130.313,1.0782193641463247,85.60079443892752,5.948385210500959,3.998979162782396,0.0006035812487423797,0.02696021499672781,0.022501249194185967,-0.523824431782606,430820.0,0.0764075067024129,0.04423592493297601,1
2020-02-06,152.5,158.15,150.02,155.8,487000,146.14600000000002,136.96300000000002,132.121,1.106152693364416,88.12448812448814,7.114816432274722,4.622146616680862,0.04423592493297601,0.025612674874074436,0.02355105878673771,-0.3596318211702827,474570.0,0.05218228498074451,-0.043003851091142575,0
2020-02-07,155.0,155.75,147.51,149.1,317400,149.044,139.121,133.29500000000002,1.1181514685472074,74.1580916744621,7.413133584008875,5.180344010146465,-0.043003851091142575,0.032994451564570405,0.025106912904079796,-0.3482546201232033,498860.0,0.05526492287055674,-0.04527162977867205,0
2020-02-10,149.1,149.9,140.16,142.35,419400,149.11200000000002,140.603,134.054,1.1123278678741404,65.91145292039076,7.0239161549230005,5.549058439101772,-0.04527162977867205,0.038173086116804214,0.027846860842816634,0.3213610586011342,533490.0,0.06842290129961369,0.021215314365999438,1
2020-02-11,143.7,149.0,142.5,145.37,429600,148.364,142.366,134.91899999999998,1.0996523840230066,67.97807790174201,6.879840777093051,5.815214906700028,0.021215314365999438,0.038101597334455874,0.028053823563115247,0.024320457796852546,575110.0,0.044713489715897364,0.0420994703171218,1
2020-02-12,149.0,152.95,147.1,151.49,324100,148.822,144.66400000000002,136.049,1.0938852913288595,73.99021916319506,7.1767635918747885,6.08752464373498,0.0420994703171218,0.03899541583201438,0.02914645844503199,-0.24557728119180633,598830.0,0.03861641032411376,0.03425968710805982,1
2020-02-13,151.0,160.0,149.94,156.68,498400,148.998,147.572,137.49849999999998,1.0836336396397053,75.19004837595023,7.741626041155371,6.418344923219059,0.03425968710805982,0.038312319055183855,0.029371772482271994,0.5377969762419006,647150.0,0.0642073015062548,-0.010658667347459905,0
2020-02-14,156.5,157.04,152.0,155.01,616500,150.18,149.61200000000002,138.8555,1.0815560060638578,73.07692307692305,7.962739059353481,6.727223750445944,-0.010658667347459905,0.037540837966148,0.029694635775491127,0.2369582664526484,615650.0,0.0325140313528159,0.012773369460034933,1
2020-02-17,155.01,160.62,155.0,156.99,451800,153.108,151.11,140.283,1.0914223391287612,73.85418365682595,8.203181007407807,7.022415201838317,0.012773369460034933,0.0348005888019985,0.0296698923819454,-0.2671532846715329,590180.0,0.03579845850054146,-0.05382508440028033,0
2020-02-18,159.0,159.0,146.79,148.54,321400,153.74200000000002,151.053,141.358,1.0876073515471358,64.51659660820407,7.624003832722082,7.142732928015071,-0.05382508440028033,0.03715662114674792,0.03269757875098472,-0.28862328463922093,462610.0,0.08220008078632024,0.038238858220008165,1
2020-02-19,148.99,156.09,142.01,154.22,497800,154.28799999999998,151.555,142.719,1.0810613863606107,68.04501084598697,7.536454720558368,7.22147728652373,0.038238858220008165,0.039054745708276516,0.03329062093540152,0.5488487865588052,436340.0,0.09129814550641949,-0.0048631824666061085,0
2020-02-20,155.9,156.0,152.0,153.47,89000,153.64600000000002,151.322,144.14249999999998,1.0659312832787,63.97037037037034,7.322147527603192,7.241611334739623,-0.0048631824666061085,0.03643355454423869,0.0329296807898372,-0.821213338690237,396540.0,0.026063725809604484,-0.030233921939141095,0
2020-02-21,154.1,154.1,148.0,148.83,36800,152.41000000000003,151.29500000000002,145.208,1.049597818302022,55.267222737102266,6.700657304887869,7.133420528769273,-0.030233921939141095,0.03498914733058636,0.03408568601558368,-0.5865168539325842,368480.0,0.04098636027682587,-0.061882684942552,0
2020-02-24,146.0,146.0,139.16,139.62,328400,148.936,151.022,145.81250000000003,1.021421345906558,42.90201944652207,5.402673144015324,6.787271051818483,-0.061882684942552,0.03768719682572406,0.037516189829581825,7.923913043478262,359380.0,0.048990116029222194,0.011316430310843506,1
2020-02-25,137.5,144.37,137.5,141.2,135500,147.46800000000002,150.605,146.4855,1.0067071484890997,44.146912496341834,4.450204947958298,6.319857831046447,0.011316430310843506,0.037156729926619864,0.03753016547045201,-0.5873934226552984,329970.0,0.04865439093484423,-0.009773371104815798,0
2020-02-26,140.5,141.44,137.5,139.82,74300,144.58800000000002,149.43800000000002,147.051,0.9832507089377157,37.341571609632446,3.5431691254297846,5.764520089923114,-0.009773371104815798,0.03373654316467242,0.037688726529115854,-0.45166051660516604,304990.0,0.028179087398083235,-0.0001430410527820669,0
2020-02-27,135.52,141.99,132.0,139.8,191400,141.85399999999998,147.75,147.661,0.9606734344207338,41.76116229624382,2.790555086406812,5.169727089219854,-0.0001430410527820669,0.030618995120141657,0.037604451034032475,1.576043068640646,274290.0,0.07145922746781122,0.0018597997138769529,1
2020-02-28,140.0,141.65,139.5,140.06,243200,140.1,146.255,147.9335,0.9470471529437212,47.70770770770771,2.1898397557032467,4.573749622516533,0.0018597997138769529,0.03088494281226021,0.03573997880663744,0.2706374085684431,236960.0,0.01535056404398119,0.06997001285163518,1
2020-03-02,142.79,149.86,142.79,149.86,195900,142.148,145.542,148.326,0.9583485026226016,53.95734179446501,2.4760047842893016,4.154200654871087,0.06997001285163518,0.03957368108599154,0.03703069645461428,-0.19449013157894735,211370.0,0.0471773655411719,0.026291205124783223,1
2020-03-03,153.0,157.5,153.0,153.8,415600,144.668,146.068,148.5605,0.9737985534512876,52.11732355637031,2.986293569827808,3.9206192378624314,0.026291205124783223,0.03632753121556174,0.03581846034615251,1.1214905564063296,220790.0,0.029258777633289986,-0.00643693107932386,0
2020-03-04,156.0,156.0,151.0,152.81,171000,147.26600000000002,145.927,148.741,0.9900834336195131,46.15690168818272,3.273086281348526,3.7911126465596503,-0.00643693107932386,0.034353090722879336,0.035869127658564155,-0.5885466794995188,188110.0,0.03272037170342255,0.008180092925855531,1
2020-03-05,154.0,157.9,153.75,154.06,244000,150.118,145.986,148.654,1.009848372731309,49.048668135389555,3.5601963968550763,3.744929396618736,0.008180092925855531,0.034411927438962264,0.03450460949584346,0.42690058479532156,203610.0,0.026937556796053523,-0.022783331169674126,0
2020-03-06,153.99,154.0,148.5,150.55,75700,152.216,146.15800000000002,148.72650000000002,1.0234625302148574,43.74271278663039,3.464568180834817,3.6888571534619525,-0.022783331169674126,0.03373661837189054,0.03345843669430831,-0.6897540983606558,207500.0,0.03653271338425772,-0.02975755562935911,0
2020-03-09,143.0,147.5,140.02,146.07,318400,151.458,146.803,148.9125,1.0170939309997482,47.39945251631922,2.992784613515994,3.549642645472761,-0.02975755562935911,0.028066654898297457,0.03249476576097154,3.2060766182298543,206500.0,0.05120832477579236,0.0324501951119327,1
2020-03-10,145.45,152.5,145.45,150.81,245300,150.86,147.764,149.1845,1.0112310595269616,46.337271750805584,2.9671674640380843,3.433147609185826,0.0324501951119327,0.029371154826228086,0.032942236228136336,-0.22958542713567842,217480.0,0.04674756315894179,-0.006962403023672237,0
2020-03-11,152.45,153.29,149.5,149.76,194000,150.25,148.75799999999998,149.098,1.0077264617902317,46.04055496264673,2.829522489785745,3.3124225853058102,-0.006962403023672237,0.02920592698483212,0.03162724827347943,-0.2091316754993885,229450.0,0.025307158119658068,-0.05789262820512808,0
2020-03-12,148.5,149.0,139.4,141.09,245400,147.656,148.887,148.3185,0.9955332611912877,42.393867924528294,1.997811783579067,3.0495004249604616,-0.05789262820512808,0.035799161850730045,0.033039331132154764,0.26494845360824737,234850.0,0.0680416755262598,0.033170316819051804,1
2020-03-13,139.3,146.45,139.0,145.77,141200,146.7,149.45800000000003,147.8565,0.9921782268618557,56.63430420711974,1.6967528338891782,2.7789509067462053,0.033170316819051804,0.0371776145302693,0.03406150708766687,-0.42461287693561534,224650.0,0.051107909720792946,-0.07498113466419709,0
2020-03-16,140.0,140.0,134.84,134.84,254400,144.454,147.956,146.749,0.9843610518640673,44.29084380610414,0.5696353908684273,2.33708780357065,-0.07498113466419709,0.03712598385965152,0.03747003644636183,0.8016997167138811,230500.0,0.03826757638682881,-0.034485315929991156,0
2020-03-17,130.1,134.0,128.0,130.19,273600,140.32999999999998,145.595,145.8315,0.9622749543137112,41.83483127013737,-0.6908655732175077,1.7314971282130185,-0.034485315929991156,0.03548658751301326,0.03643051543004927,0.07547169811320753,216300.0,0.046086488977648055,-0.07496735540364075,0
2020-03-18,125.01,125.01,120.43,120.43,107700,134.464,142.35700000000003,144.142,0.9328578762609094,35.90452626982972,-2.4491399402567424,0.8953697145190664,-0.07496735540364075,0.039800344472523404,0.03796786049864775,-0.606359649122807,209970.0,0.03803039109856347,-0.07498131694760446,0
2020-03-19,111.4,113.9,111.4,111.4,159100,128.526,138.091,142.0385,0.9048673423050794,31.504904491481682,-4.519136781210506,-0.18753158462684805,-0.07498131694760446,0.04126831463380773,0.04046838690586118,0.4772516248839369,201480.0,0.02244165170556553,-0.03940754039497307,0
2020-03-20,114.2,114.2,105.01,107.01,743100,120.774,133.737,139.94750000000002,0.8629950517158219,20.2719578187873,-6.43962847390975,-1.4379509624834284,-0.03940754039497307,0.041230035531348325,0.04070024583502901,3.6706473915776243,268220.0,0.08587982431548451,-0.07494626670404647,0
2020-03-24,98.99,98.99,98.99,98.99,15400,113.604,129.029,137.916,0.8237187853476029,14.011818778726209,-8.51067320780335,-2.852495411547413,-0.07494626670404647,0.04328685479899965,0.041578127634973226,-0.9792760059211412,237920.0,0.0,-0.05859177694716633,0
2020-03-25,102.0,102.0,91.6,93.19,224800,106.204,123.26700000000001,135.5155,0.7837037091697997,13.179347826086968,-10.498976937118243,-4.381791716661579,-0.05859177694716633,0.03593681083713598,0.04207741349419435,13.597402597402597,235870.0,0.11159995707693965,0.07490074042279216,1
2020-03-26,97.9,100.17,92.0,100.17,249900,102.152,118.30800000000002,133.533,0.7649944208547701,18.917983619794683,-11.380309181600069,-5.781495209649277,0.07490074042279216,0.051760367906549996,0.04709091848451756,0.1116548042704626,241460.0,0.08156134571228912,0.057801737047020074,1
2020-03-27,100.2,107.68,100.2,105.96,169400,101.06400000000001,114.795,131.841,0.7665597196623205,24.94099134539732,-11.479241177343965,-6.9210444031882155,0.057801737047020074,0.05926068040086495,0.04978910857009575,-0.3221288515406162,233860.0,0.07059267648169125,0.013401283503208683,1
2020-03-30,101.3,108.0,101.3,107.38,338800,101.13799999999999,110.95599999999999,130.20700000000002,0.7767477938974093,27.48224886509138,-11.312658083669291,-7.799367139284431,0.013401283503208683,0.057342107374265254,0.050031555854896784,1.0,253620.0,0.06239523188675734,0.03501583162600119,1
2020-03-31,107.9,111.9,106.05,111.14,560000,103.56799999999998,108.58599999999998,128.27100000000002,0.807415549890466,26.645472742258335,-10.753282063455032,-8.390150124118552,0.03501583162600119,0.058008178811296156,0.04756723382774438,0.6528925619834711,284180.0,0.05263631455821494,0.07495051286665455,1
2020-04-01,110.19,119.47,109.99,119.47,247900,108.824,107.51399999999998,126.55449999999999,0.8598983046829627,33.57553410692984,-9.527978548318998,-8.617715808958643,0.07495051286665455,0.0644404056955155,0.050853868336100894,-0.5573214285714285,281610.0,0.07935046455177035,0.07374236209927187,1
2020-04-02,122.9,128.43,120.0,128.28,201700,114.446,108.299,125.328,0.913171837099451,43.06442880346508,-7.756609941892535,-8.445494635545423,0.07374236209927187,0.06408930113616208,0.05430222884063072,-0.18636546994755954,291010.0,0.06571562207670725,-0.04872154661677586,0
2020-04-03,131.05,133.9,120.0,122.03,241700,117.66,109.36200000000001,123.72650000000002,0.9509684667391382,37.36158432708688,-6.77896661843144,-8.112189032122627,-0.04872154661677586,0.06075407723540689,0.054935039946394953,0.1983143282102131,299270.0,0.11390641645497014,-0.04466114889781203,0
2020-04-06,120.5,120.5,113.35,116.58,93100,119.5,110.319,122.02799999999999,0.9792834431441965,39.67661691542288,-6.370511403543887,-7.763853506406879,-0.04466114889781203,0.06125724963852687,0.05541551235898348,-0.614811750103434,234270.0,0.061331274661176924,-0.013295591010464847,0
2020-04-07,113.1,116.0,113.1,115.03,144200,120.27799999999999,111.923,120.476,0.9983565191407416,41.11788141551442,-6.101544937138613,-7.431391792553226,-0.013295591010464847,0.054449911794408286,0.05524809092321403,0.5488721804511278,247150.0,0.025210814570112195,-0.012866208815091706,0
2020-04-08,114.85,116.79,112.8,113.55,85700,119.09400000000001,113.95899999999999,118.61300000000001,1.0040552047414701,45.53594601609135,-5.939345626568809,-7.132982559356344,-0.012866208815091706,0.0491051449141138,0.054318676788396865,-0.40568654646324553,233240.0,0.03513870541611633,0.07494495816820779,1
2020-04-09,115.0,122.06,115.0,122.06,80600,117.85,116.148,117.228,1.0053058996144266,56.96367912202769,-5.065721145335274,-6.71953027655213,0.07494495816820779,0.04911053682100217,0.0577523338968399,-0.05950991831971997,216310.0,0.0578404063575291,0.0749631328854663,1
2020-04-10,127.0,131.21,124.25,131.21,180000,119.686,118.673,116.73400000000001,1.025288262202957,64.88314883148831,-3.5936139746214053,-6.094347016165985,0.0749631328854663,0.05080871800621539,0.05940055143446843,1.2332506203473947,217370.0,0.05304473744379245,0.027818001676701565,1
2020-04-13,134.49,139.39,131.24,134.86,257600,123.34200000000001,121.421,116.1885,1.0615680553583187,73.31340179383857,-2.108132698710321,-5.297104152674852,0.027818001676701565,0.05071851574532035,0.05924584904044414,0.431111111111111,209250.0,0.06043304167284574,-0.0030401898264869054,0
2020-04-14,134.85,137.7,131.9,134.45,189000,127.226,123.75200000000002,116.16900000000001,1.0951802976697742,78.83701425775787,-0.9529763406750078,-4.428278590274884,-0.0030401898264869054,0.05124092904766976,0.056725941795025644,-0.2663043478260869,172150.0,0.043138713276310775,0.012123465972480707,1
2020-04-15,134.56,137.5,134.5,136.08,184100,131.732,125.41300000000001,116.4635,1.1311011604494112,77.12645414715212,0.0929493112406874,-3.52403300997177,0.012123465972480707,0.0475238323353059,0.05612927700100498,-0.025925925925925908,165770.0,0.02204585537918871,-0.01300705467372143,0
2020-04-16,134.0,136.0,133.0,134.31,31300,134.18200000000002,126.01599999999999,117.1575,1.1453129334442953,72.80038603828211,0.770150898226035,-2.665196228332209,-0.01300705467372143,0.04314290494159855,0.05319126537143104,-0.8299837045084193,148730.0,0.02233638597274961,0.0749758022485294,1
2020-04-17,137.5,144.38,137.5,144.38,184000,136.81599999999997,128.251,118.8065,1.1515868239532348,76.12256424738771,2.0952501370524317,-1.713106955255281,0.0749758022485294,0.04362333850124338,0.051600771459183674,4.878594249201278,142960.0,0.047652029366948304,-0.006233550353234585,0
2020-04-20,147.94,150.99,140.0,143.48,149300,138.54,130.941,120.63,1.1484705297189755,73.79340788699231,3.037760935140909,-0.7629333771760429,-0.006233550353234585,0.03895275472388825,0.0503001100702903,-0.18858695652173918,148580.0,0.07659604126010601,-0.0621689434067465,0
2020-04-21,140.0,140.0,132.78,134.56,73800,138.562,132.894,122.4085,1.1319638750576961,61.00656455142231,3.030010011305478,-0.004344699479738701,-0.0621689434067465,0.04621239428439287,0.04915273975154977,-0.5056932350971199,141540.0,0.053656361474435185,-0.0018579072532699525,0
2020-04-22,131.75,135.0,131.5,134.31,51000,138.208,134.97,124.4645,1.110421043751431,55.02583763960659,2.969464301618956,0.5904171007400002,-0.0018579072532699525,0.04555492882315913,0.04612882710659617,-0.3089430894308943,138070.0,0.026059116968207875,-0.015858834040652137,0
2020-04-23,135.8,136.0,128.6,132.18,33900,137.782,135.982,126.06500000000001,1.0929441161305675,59.08358689815643,2.7182736253503776,1.0159884056620756,-0.015858834040652137,0.04180577307652959,0.044831628963417094,-0.33529411764705885,133400.0,0.055984263882584394,0.07497352095627163,1
2020-04-24,133.0,142.09,132.0,142.09,208600,137.32399999999998,137.07,127.8715,1.0739218668741666,71.14205204707442,3.2810356467884105,1.4689978538873425,0.07497352095627163,0.04180760067636927,0.04584935555079183,5.153392330383481,136260.0,0.07101133084664651,-0.05032021957914001,0
2020-04-27,145.0,145.0,133.0,134.94,145000,135.616,137.078,129.24949999999998,1.0492574439359537,65.09934779311389,3.1141849724530744,1.7980352776004889,-0.05032021957914001,0.04503027218452435,0.04817681341325522,-0.3048897411313519,125000.0,0.08892841262783459,0.018600859641322076,1
2020-04-28,135.0,140.99,134.89,137.45,94400,136.19400000000002,137.378,130.565,1.0431126258951482,67.8464755077658,3.14820014244728,2.0680682505698473,0.018600859641322076,0.045335727670042424,0.04791346937773078,-0.34896551724137936,115540.0,0.04437977446344142,0.07493634048745013,1
2020-04-29,141.99,147.75,140.0,147.75,188000,138.882,138.54500000000002,131.979,1.0523037756006637,68.68363636363634,3.9606257013607262,2.446579740728023,0.07493634048745013,0.0507494844300121,0.0479124856175566,0.9915254237288136,115930.0,0.05245346869712352,-0.012859560067681963,0
2020-04-30,158.0,158.0,140.5,145.85,556300,141.61599999999999,139.699,132.85750000000002,1.0659240163332893,61.90243902439022,4.400439165451218,2.837351625672662,-0.012859560067681963,0.05074226825463435,0.04588573411838746,1.9590425531914892,168430.0,0.11998628728145355,0.0010970174837161561,1
2020-05-04,145.0,147.0,141.12,146.01,270600,142.4,139.862,134.05649999999997,1.062238682943386,59.610411997931365,4.707638441699288,3.2114089888779875,0.0010970174837161561,0.04521395662711524,0.04399060778102538,-0.5135718137695489,177090.0,0.04027121430039036,-0.01636874186699533,0
2020-05-05,147.0,149.0,143.0,143.62,233000,144.136,139.876,135.4085,1.0644531177880265,57.64294049008169,4.704018063355761,3.5099308037735426,-0.01636874186699533,0.0455322715538336,0.04257541673222989,-0.13895048041389502,185460.0,0.04177691129369168,0.01469154713828158,1
2020-05-06,143.0,146.51,142.11,145.73,211900,145.792,140.993,136.9435,1.0646142387188877,57.979163221432096,4.815893629458628,3.77112336891056,0.01469154713828158,0.039808446577923116,0.04218162150787287,-0.09055793991416305,199270.0,0.03019282234268838,0.0314279832567077,1
2020-05-07,145.5,155.75,144.5,150.31,465500,146.304,142.59300000000002,138.7815,1.0542039104635705,62.64222503160557,5.214019572935712,4.059702609715591,0.0314279832567077,0.04021674891643798,0.041929197909575416,1.1967909391222276,240720.0,0.07484531967267646,-0.015634355664959076,0
2020-05-08,152.0,154.0,146.8,147.96,152100,146.726,144.171,140.0765,1.0474704893397535,53.221742260619166,5.279058194486851,4.303573726669843,-0.015634355664959076,0.040199510248261294,0.039952209321570585,-0.6732545649838884,252540.0,0.048661800486617925,0.03859151121924831,1
2020-05-11,146.0,154.5,145.5,153.67,266300,148.25799999999998,145.329,141.1995,1.0499895537873716,58.43962232897135,5.725352747616853,4.5879295308592445,0.03859151121924831,0.035208972807270235,0.037618975846548275,0.7508218277449046,258310.0,0.0585670592828789,-0.01073729420186098,0
2020-05-12,153.0,153.0,150.0,152.02,222300,149.93800000000002,147.03699999999998,142.05749999999998,1.0554740158034601,66.44067796610173,5.878143605509365,4.845972345789269,-0.01073729420186098,0.029659646037811436,0.03756986228527773,-0.16522718738265119,266040.0,0.019734245494013945,-0.016116300486778146,0
2020-05-13,151.0,151.7,148.5,149.57,177900,150.706,148.249,142.8135,1.0552643832690887,63.797468354430386,5.735422555647261,5.023862387760867,-0.016116300486778146,0.030857528524276517,0.0378603286714116,-0.19973009446693657,274390.0,0.021394664705488994,-0.0021394664705488564,0
2020-05-14,150.25,150.25,147.0,149.25,127100,150.494,148.399,143.472,1.0489433478309356,65.9562535053281,5.532716062955899,5.125633122799874,-0.0021394664705488564,0.020377332308022165,0.037873495721876704,-0.2855536818437324,268300.0,0.021775544388609715,0.006164154103852404,1
2020-05-15,151.69,151.69,148.45,150.17,135200,150.936,148.831,144.26500000000001,1.0462412920666828,59.078651685393254,5.38423985286488,5.177354468812876,0.006164154103852404,0.019799225033260693,0.03762758527050883,0.06372934697088906,226190.0,0.021575547712592458,-0.012252780182459677,0
2020-05-18,151.0,153.25,147.1,148.33,422000,149.868,149.06300000000002,144.4625,1.0374180150558103,67.08343965297276,5.0597728523335945,5.153838145517019,-0.012252780182459677,0.02039034108038342,0.034136699444828056,2.121301775147929,241330.0,0.04146160587878383,0.035124384817636134,1
2020-05-19,148.8,154.5,148.5,153.54,547800,150.17199999999997,150.055,144.9655,1.035915441949981,69.20506087371692,5.163512121406399,5.155772940694895,0.035124384817636134,0.021758779474472786,0.034863206968298144,0.2981042654028436,272810.0,0.039077764751856196,-0.020971733750162813,0
2020-05-20,151.0,153.5,149.55,150.32,218600,150.322,150.514,145.7535,1.0313440157526235,53.69146796897443,4.929079786675345,5.1104343098909855,-0.020971733750162813,0.023215871617624544,0.03183570628793573,-0.6009492515516612,273480.0,0.02627727514635437,-0.012174028738690668,0
2020-05-21,150.0,151.88,148.1,148.49,248200,150.17000000000002,150.332,146.4625,1.0253136468379278,53.79965457685668,4.5432529741461565,4.996998042742019,-0.012174028738690668,0.02137734062965764,0.032052969989421635,0.13540713632204948,251750.0,0.025456259680786592,0.007205872449323136,1
2020-05-28,148.0,151.0,145.32,149.56,238500,150.048,150.492,147.33149999999998,1.018438012237709,54.978962131837335,4.274548172601698,4.852508068713956,0.007205872449323136,0.020855553822134863,0.03165619142686465,-0.0390813859790492,260390.0,0.037978069002407105,0.06265044129446373,1
2020-05-29,150.0,160.77,150.0,158.93,1282000,152.168,151.018,148.17350000000002,1.0269582617674549,67.95683790757687,4.762776055464542,4.834561666064073,0.06265044129446373,0.02631306102836722,0.030349561530720093,4.3752620545073375,361960.0,0.06776568300509664,-0.02328068961177887,0
2020-06-01,157.8,158.0,153.5,155.23,313700,152.506,151.339,149.18800000000002,1.0222403946698124,60.7417458163727,4.795857433143823,4.826820819480023,-0.02328068961177887,0.027354796609393654,0.028235085337049687,-0.7553042121684868,371100.0,0.028989241770276366,0.04792887972685689,1
2020-06-02,156.99,166.49,155.26,162.67,825400,154.976,152.64899999999997,150.44899999999998,1.0300899308071174,63.1265930331351,5.360626518982059,4.93358195938043,0.04792887972685689,0.02991046463548468,0.029577228560668602,1.6311762830729997,435850.0,0.06903547058461929,0.012725149074814146,1
2020-06-03,162.0,166.99,160.35,164.74,235300,158.226,154.198,151.2985,1.045786970789532,67.92735042735046,5.907147865220196,5.128295140548384,0.012725149074814146,0.02967341504906344,0.025212047041141043,-0.7149260964380906,446670.0,0.04030593662741298,-0.014993322811703291,0
2020-06-04,164.25,169.5,161.5,162.27,442100,160.76799999999997,155.40800000000002,152.1195,1.0568533291261146,59.871441689623545,6.070979143723349,5.316831941183377,-0.014993322811703291,0.03073722573990346,0.02529932018343072,0.8788780280492987,477360.0,0.04930054846860171,0.020706230356812627,1
2020-06-05,162.2,166.49,160.1,165.63,126800,162.108,157.13799999999998,153.1005,1.0588339032204337,65.03203004197039,6.398186223533827,5.533102797653467,0.020706230356812627,0.030060499573668062,0.025492942188237916,-0.7131870617507352,447840.0,0.03857996739721074,0.07498641550443774,1
2020-06-08,165.63,178.05,165.63,178.05,763500,166.672,159.589,154.82199999999997,1.0765395098887756,75.7784214337437,7.572400474399217,5.940962333002617,0.07498641550443774,0.03566331186835808,0.029086767896798586,5.021293375394322,469410.0,0.06975568660488635,-0.011457455770851,0
2020-06-09,181.0,184.6,175.01,176.01,645500,169.34,162.158,156.336,1.0831798178282672,73.49016853932585,8.243338699727929,6.401437606347679,-0.011457455770851,0.03469665969279902,0.029506009602704535,-0.15455140798952194,512100.0,0.05448554059428444,0.03613431055053695,1
2020-06-10,177.85,188.0,177.0,182.37,603400,172.866,165.546,157.939,1.094511172034773,75.80128205128207,9.18241179706834,6.957632444491812,0.03613431055053695,0.033617865307979486,0.029704935730782575,-0.06522075910147174,547620.0,0.06031693809288809,-0.003454515545319947,0
2020-06-11,182.25,185.48,181.0,181.74,249700,176.76000000000002,168.764,159.628,1.1073245295311602,77.30021245301518,9.763253548009487,7.5187566651953475,-0.003454515545319947,0.03427565484038939,0.029270760654544807,-0.5861783228372556,548740.0,0.02465059975789584,-0.030978320677891413,0
2020-06-12,176.0,179.97,175.05,176.11,393700,178.85600000000002,170.482,160.75,1.1126345256609644,68.31683168316832,9.657950036091478,7.946595339374573,-0.030978320677891413,0.034177492661905826,0.02991247751246233,0.5766920304365237,459910.0,0.027937084776560032,0.009369144284821829,1
2020-06-15,174.06,184.95,173.2,177.76,481400,178.798,172.73499999999999,162.037,1.1034393379289915,72.85143237841439,9.597009107539265,8.276678093007511,0.009369144284821829,0.0320499504335383,0.0296123763959746,0.22275844551689095,476680.0,0.0661003600360036,0.017945544554455406,1
2020-06-16,180.9,184.0,180.0,180.95,249600,179.786,174.563,163.606,1.0988961285038445,76.4332247557003,9.69436867511186,8.560216209428383,0.017945544554455406,0.029860952160585374,0.029111979500747582,-0.4815122559202326,419100.0,0.02210555402044764,-0.0012710693561757136,0
2020-06-17,181.5,186.0,180.0,180.72,422400,179.456,176.161,165.17950000000002,1.0864302168247268,75.72655217965652,9.641822824348395,8.776537532412386,-0.0012710693561757136,0.030103255499976774,0.029093622437790307,0.6923076923076923,437810.0,0.033200531208499334,-0.009296148738379806,0
2020-06-18,181.0,182.5,178.1,179.04,216800,178.916,177.838,166.623,1.073777329660371,69.01834688859464,9.356759005951403,8.892581827120189,-0.009296148738379806,0.029634282846479648,0.029404779312041898,-0.4867424242424242,415280.0,0.024575513851653293,0.01943699731903492,1
2020-06-19,179.15,183.4,178.5,182.52,179500,180.198,179.527,168.3325,1.070488467764692,75.91642924976259,9.304395512837516,8.974944564263655,0.01943699731903492,0.029587291362879933,0.029037628930486906,-0.17204797047970477,420550.0,0.026846373000219182,-0.011067280298049598,0
2020-06-22,182.5,182.5,178.0,180.5,143200,180.746,179.772,169.6805,1.0652137399406532,68.87571458818547,8.996197385607672,8.97919512853246,-0.011067280298049598,0.01938812364437833,0.028838812636172904,-0.20222841225626742,358520.0,0.024930747922437674,0.005484764542936338,1
2020-06-23,183.0,183.99,180.12,181.49,137600,180.85399999999998,180.32,171.23899999999998,1.056149592090587,68.14734561213433,8.731185207457713,8.929593144317511,0.005484764542936338,0.018859565578013375,0.02801033110749903,-0.03910614525139666,307730.0,0.021323488897459938,-0.013719764174334736,0
2020-06-24,180.2,181.0,178.0,179.0,89900,180.51,179.983,172.7645,1.0448327057931461,68.11782542776692,8.225421418793701,8.788758799212749,-0.013719764174334736,0.015482036424219341,0.028076295597635286,-0.34665697674418605,256380.0,0.01675977653631285,-0.0025698324022346286,0
2020-06-25,178.01,182.0,178.0,178.54,94200,180.41000000000003,179.66299999999998,174.2135,1.0355684260978628,64.91795701409751,7.698735585295765,8.570754156429352,-0.0025698324022346286,0.01547377176445835,0.028207754183390686,0.04783092324805338,240830.0,0.02240394309398454,-0.005376946342556144,0
2020-06-26,180.99,180.99,176.1,177.58,112500,179.42199999999997,179.81,175.14600000000002,1.0244139175316591,49.261238604212515,7.121773914204226,8.280958107984327,-0.005376946342556144,0.011756723835874054,0.025392421056795636,0.19426751592356695,212710.0,0.02753688478432264,0.0031535082779590162,1
2020-06-29,175.6,179.0,175.6,178.14,18400,178.95,179.848,176.29149999999998,1.0150801371591938,53.511374876360044,6.633250964896575,7.951416679366777,0.0031535082779590162,0.011418275727860127,0.024466728390598585,-0.8364444444444444,166410.0,0.01908611204670487,0.031099135511395648,1
2020-06-30,179.95,187.99,179.0,183.68,221600,179.38799999999998,180.121,177.34199999999998,1.0115370301451432,52.21958658082008,6.616849782790638,7.684503300051549,0.031099135511395648,0.014118743226870479,0.023250842899685546,11.043478260869565,163610.0,0.0489438153310105,0.01431837979094075,1
2020-07-01,184.99,197.45,184.01,186.31,1095300,180.85,180.68,178.4205,1.0136167088423134,57.25166613773404,6.738394728060456,7.495281585653331,0.01431837979094075,0.014619834630398955,0.023276575872712892,3.9426895306859207,230900.0,0.07213783479147656,0.006226182169502437,1
2020-07-02,185.0,193.97,184.1,187.47,463600,182.636,181.523,179.6805,1.0164486407818323,71.0059171597633,6.849367038707044,7.366098676264073,0.006226182169502437,0.013961190368285374,0.022726137150113825,-0.5767369670409933,255580.0,0.05264842374779967,-0.010134954926121598,0
2020-07-03,187.0,191.0,184.25,185.57,72100,184.23399999999998,181.828,180.67749999999998,1.019684244025958,64.30927079516306,6.7066887403395015,7.234216689079159,-0.010134954926121598,0.013620215483548491,0.02282781899814624,-0.8444779982743744,244840.0,0.036374413967774966,0.002317184889798929,1
2020-07-06,187.49,190.0,185.05,186.0,176700,185.80599999999998,182.378,181.075,1.026127295319619,60.29351814105178,6.552776241728566,7.097928599609041,0.002317184889798929,0.01285798255006246,0.016031150079181964,1.450762829403606,248190.0,0.02661290322580639,0.00919354838709685,1
2020-07-07,186.11,189.0,186.1,187.71,100700,186.612,183.0,181.66,1.027259715952879,63.43713956170703,6.493924269976674,6.977127733682568,0.00919354838709685,0.012987892860572801,0.015760643582231202,-0.4301075268817204,244500.0,0.015449363379681454,0.008310692024932065,1
2020-07-08,186.5,194.99,186.3,189.27,787500,187.204,184.027,182.005,1.028565149309085,69.7566628041715,6.498254784758188,6.881353143897693,0.008310692024932065,0.011539455471990694,0.013822408540908599,6.82025819265144,314260.0,0.04591324562793891,0.017541078882020278,1
2020-07-09,190.1,194.6,189.0,192.59,496100,188.228,185.43200000000002,182.54749999999999,1.0311179282104659,69.56859696851922,6.6924367574815165,6.843569866614457,0.017541078882020278,0.011698386034500463,0.01418298026203276,-0.37003174603174604,354450.0,0.02907731450231058,0.027156134794122266,1
2020-07-10,192.0,199.9,191.0,197.82,479200,190.678,187.456,183.633,1.0383645641034018,79.92398064961989,7.185514522350417,6.911958797761649,0.027156134794122266,0.012182210230139302,0.012736394247550818,-0.03406571255795199,391120.0,0.04499039530886668,-0.0036396724294813776,0
2020-07-13,200.0,203.0,196.0,197.1,279100,192.898,189.352,184.6,1.0449512459371615,77.2235786536449,7.432506907676782,7.016068419744676,-0.0036396724294813776,0.012835199813137644,0.012881564231623982,-0.4175709515859767,417190.0,0.035514967021816335,-0.018619989852866503,0
2020-07-14,197.0,200.89,192.61,193.43,158300,194.04199999999997,190.327,185.224,1.047607221526368,74.17085427135683,7.2485549940985265,7.062565734615447,-0.018619989852866503,0.013470772092436883,0.013562525591832957,-0.4328197778573988,410860.0,0.04280618311533874,0.016595150700511763,1
2020-07-15,193.44,201.0,192.0,196.64,234300,195.516,191.36,186.02,1.051048274379099,77.76073619631907,7.277896885236942,7.105631964739746,0.016595150700511763,0.013658685089625686,0.013822682872213107,0.4801010739102969,324760.0,0.04576891781936534,-0.00961147274206664,0
2020-07-16,196.5,197.5,194.5,194.75,105500,195.948,192.08800000000002,186.8055,1.0489412784955476,75.6039367730391,7.067177319772895,7.097941035746376,-0.00961147274206664,0.014459176828831721,0.013839201350409266,-0.549722577891592,288950.0,0.01540436456996149,-0.007958921694480203,0
2020-07-17,193.0,198.08,191.0,193.2,59600,195.024,192.851,187.3395,1.0410191123601804,71.81344148319816,6.697899286206791,7.01793268583846,-0.007958921694480203,0.014239006798167858,0.013616604406458267,-0.4350710900473934,287700.0,0.03664596273291932,-0.004192546583850931,0
2020-07-20,192.0,196.8,191.3,192.39,189100,194.082,193.49,187.934,1.0327136122255685,64.61899966431687,6.267634168327902,6.867872982336349,-0.004192546583850931,0.014477812431449626,0.01332825151039191,2.172818791946309,288940.0,0.028587764436821043,-0.0016113103591661737,0
2020-07-21,192.0,193.1,191.4,192.08,106100,193.81199999999998,193.927,188.4635,1.0283795005398921,60.50236621769207,5.834376492857757,6.661173684440631,-0.0016113103591661737,0.014406825550167805,0.013360841415827197,-0.4389212057112639,289480.0,0.008850478967096983,0.036339025406080694,1
2020-07-22,192.09,206.48,189.0,199.06,426800,194.296,194.906,189.4665,1.025489994273394,67.4076299188946,5.985250091929771,6.525988965938459,0.036339025406080694,0.01797079419348439,0.014700530971578533,3.0226201696512724,253410.0,0.08781271978297996,0.005375263739575864,1
2020-07-23,202.51,213.98,199.5,200.13,748300,195.372,195.66,190.546,1.025327217574759,72.42760320394338,6.120604050269037,6.444911982804575,0.005375263739575864,0.01744663812916339,0.01457992166054266,0.7532802249297095,278630.0,0.07235297056913001,-0.004397141857792386,0
2020-07-24,197.01,202.0,194.0,199.25,269600,196.582,195.803,191.62949999999998,1.0258441419510045,70.1306593740505,6.0867006951186795,6.373269725267396,-0.004397141857792386,0.015539014678382201,0.014541900965205625,-0.6397166911666443,257670.0,0.04015056461731493,0.052797992471769195,1
2020-07-27,200.0,213.0,200.0,209.77,541600,200.058,197.07,193.21099999999998,1.0354379409039858,76.43815915628002,6.829976406096392,6.464611061433196,0.052797992471769195,0.022448870424864324,0.017902080055878455,1.0089020771513355,283920.0,0.06197263669733517,-0.008437812842637227,0
2020-07-28,209.98,213.0,207.0,208.0,181500,203.24200000000002,198.527,194.427,1.0453383532122598,72.33484378726452,7.193283855938233,6.610345620334204,-0.008437812842637227,0.021390291118020575,0.01743523979009202,-0.6648818316100443,286240.0,0.028846153846153848,0.012307692307692353,1
2020-07-29,208.0,212.0,206.51,210.56,296200,205.542,199.91899999999998,195.6395,1.0506160565734426,71.8241437940248,7.60016822426519,6.808310141120402,0.012307692307692353,0.021229873150776058,0.017392791897682384,0.6319559228650138,292430.0,0.026073328267477245,-0.005794072948328233,0
2020-07-30,212.8,214.0,208.51,209.34,163000,207.38400000000001,201.378,196.733,1.0541393665526373,65.50053821313244,7.735018732506916,6.993651859397706,-0.005794072948328233,0.020928957448158272,0.0176011038268994,-0.44969615124915596,298180.0,0.026225279449699098,-0.006592146746918881,0
2020-08-03,210.0,212.08,206.0,207.96,183100,209.12600000000003,202.854,197.85250000000002,1.0569793153990978,64.35748281332633,7.642437008394239,7.123408889197012,-0.006592146746918881,0.02082138640019321,0.01745078221066206,0.12331288343558278,310530.0,0.029236391613771937,-0.0502981342565878,0
2020-08-04,207.1,208.5,196.0,197.5,260900,206.67200000000003,203.365,198.4275,1.0415491804311399,54.56175745348576,6.648392215902618,7.028405554538134,-0.0502981342565878,0.02768962421020266,0.021506662072924735,0.42490442381212445,317710.0,0.06329113924050633,0.0010632911392405298,1
2020-08-05,197.5,198.99,195.51,197.71,98100,204.614,203.92800000000003,198.9275,1.0285857913058778,51.285748618120664,5.81056917658978,6.784838278948463,0.0010632911392405298,0.02765336041293294,0.021464669043600344,-0.6239938673821388,316910.0,0.017601537605584028,0.001213899145212638,1
2020-08-06,197.01,206.0,196.75,197.95,209300,202.092,203.817,199.3615,1.0136962251989476,54.004004004003995,5.107083101041667,6.449287243367104,0.001213899145212638,0.025093832851010505,0.021427692958943624,1.1335372069317025,295160.0,0.04672897196261683,0.0024248547613034965,1
2020-08-07,197.9,201.0,196.16,198.43,104000,199.91000000000003,203.647,199.6535,1.0012847257874269,56.72409359732581,4.536009017908043,6.0666315982752925,0.0024248547613034965,0.025037284813203255,0.021132373082729465,-0.5031055900621118,230730.0,0.024391473063548875,-0.01254850577029687,0
2020-08-10,198.9,200.0,195.5,195.94,53300,197.506,203.316,199.5595,0.9897098359135996,54.375154054720255,3.8382614141092404,5.620957561442083,-0.01254850577029687,0.02530692683620325,0.020470293785750233,-0.48750000000000004,209100.0,0.022966214147187913,-0.0030621618862917144,0
2020-08-11,197.36,199.78,194.0,195.34,52600,197.074,201.873,199.4715,0.98798073910308,53.98923152227116,3.199988944875315,5.136763838128729,-0.0030621618862917144,0.016729218719411146,0.020465710840667367,-0.013133208255159512,160200.0,0.02958943380771988,0.006603870175079241,1
2020-08-12,197.36,199.0,196.0,196.63,269000,196.858,200.73600000000002,199.63150000000002,0.9861069019668739,46.54535115154961,2.7663567943943406,4.662682429381852,0.006603870175079241,0.01725089552808973,0.020047031168778706,4.114068441064639,168950.0,0.015257081828815543,-0.01586736510196818,0
2020-08-13,196.0,196.99,193.0,193.51,107600,195.96999999999997,199.031,199.475,0.9824288757989722,41.106931757119824,2.146202183112706,4.159386380128023,-0.01586736510196818,0.016299695879356715,0.020032996563917275,-0.6,150090.0,0.020619089452741508,0.0037724148622810816,1
2020-08-17,192.95,196.8,191.5,194.24,44000,195.132,197.52100000000002,199.4495,0.9783529164023976,43.242514162395494,1.6941015368594208,3.6663294114743024,0.0037724148622810816,0.016737044476922067,0.019939885802662496,-0.5910780669144982,138190.0,0.027285831960461342,-0.00293451400329503,0
2020-08-18,193.51,197.98,193.0,193.67,94300,194.67800000000003,196.09199999999998,199.473,0.9759616589713896,20.317109144542798,1.2751155429361063,3.1880866377666637,-0.00293451400329503,0.016794802883937573,0.019865090651006344,1.143181818181818,129310.0,0.02571384313522998,-0.0028398822739711393,0
2020-08-19,196.48,196.48,193.0,193.12,101700,194.234,195.654,199.5095,0.9735576501369609,21.27413127413132,0.8884442879484595,2.728158167803023,-0.0028398822739711393,0.007090279888463089,0.019851258892253906,0.07847295864262982,113390.0,0.01801988400994195,-0.003676470588235281,0
2020-08-20,193.0,195.49,192.0,192.41,37600,193.39000000000001,195.12399999999997,199.526,0.969247115664124,12.266112266112316,0.5187338256311023,2.2862732993686388,-0.003676470588235281,0.0070045060478974314,0.019867503225493254,-0.6302851524090463,107340.0,0.01813835039758853,-0.009770801933371431,0
2020-08-21,192.41,192.41,189.1,190.53,114200,192.794,194.382,199.0995,0.9683299053990593,11.93848644273578,0.07319162494789566,1.8436569644844902,-0.009770801933371431,0.007183070029162221,0.018054601826705395,2.0372340425531914,97830.0,0.017372592242691453,0.02797459717629769,1
2020-08-24,193.0,196.7,193.0,195.86,101900,193.118,194.125,198.88600000000002,0.9709984614301659,28.890439637124956,0.14847119278931586,1.5046198101454553,0.02797459717629769,0.012335348422666063,0.019212716062981444,-0.10770577933450087,97620.0,0.018891044623710756,-0.0006637394056980828,0
2020-08-25,197.0,201.0,194.0,195.73,167200,193.53000000000003,194.10399999999998,198.71,0.9739318605002266,45.17184942716857,0.19538856140817984,1.2427735603980004,-0.0006637394056980828,0.011679282410939832,0.019195109251121747,0.6408243375858684,109010.0,0.03576355183160476,0.07495018648137752,1
2020-08-26,196.9,210.4,196.9,210.4,794300,196.986,195.60999999999999,198.7415,0.9911669178304481,69.35041171088741,1.4001769435294023,1.2742542370242809,0.07495018648137752,0.026319515530065864,0.02275463638416228,3.750598086124402,183180.0,0.06416349809885931,0.03654942965779462,1
2020-08-27,214.48,225.94,206.55,218.09,693600,202.122,197.756,199.246,1.014434417754936,75.02485089463217,2.9415903261767653,1.607721454854778,0.03654942965779462,0.02783399742703958,0.024024071455383274,-0.1267782953544001,225640.0,0.08890824888807367,0.036544545829703345,1
2020-08-28,218.0,229.5,211.33,226.06,137100,209.228,201.011,200.02100000000002,1.0460301668324825,78.94406033940912,4.751511462710454,2.236479456425913,0.036544545829703345,0.027192361589532213,0.025123502022838726,-0.8023356401384083,228590.0,0.08037689109086078,-0.014022825798460703,0
2020-08-31,223.0,226.99,219.0,222.89,131800,214.63400000000001,203.876,200.69850000000002,1.069434998268547,77.83515802520134,5.862515071530737,2.9616865794468783,-0.014022825798460703,0.028625308434838546,0.02535609698021178,-0.038657913931436916,237370.0,0.03584727892682493,0.007223294001525549,1
2020-09-01,221.0,227.45,218.0,224.5,92000,220.388,206.959,201.52550000000002,1.093598576855038,79.50222581950621,6.794583254264239,3.7282659144103505,0.007223294001525549,0.02812514643593639,0.025256368736563523,-0.30197268588770865,237140.0,0.04209354120267256,0.02236080178173716,1
2020-09-02,225.0,235.98,223.0,229.52,306900,224.212,210.599,203.12650000000002,1.1038047719032227,80.94073377234237,7.84786079624331,4.552184890776942,0.02236080178173716,0.027447312365138102,0.022035273058042495,2.3358695652173913,257660.0,0.0565528058556988,0.07498257232485184,1
2020-09-03,235.0,246.73,235.0,246.73,540300,229.94,216.031,205.57750000000001,1.1185076187812382,89.57465794170132,9.956521425471976,5.63305219771595,0.07498257232485184,0.03158486137009435,0.026582182003305962,0.7605083088954057,307930.0,0.04754184736351473,0.07498074818627654,1
2020-09-04,250.0,265.23,250.0,265.23,1775400,237.77399999999997,223.50099999999998,208.9415,1.1379931703371517,91.75391130455236,12.970924808195633,7.100626719811887,0.07498074818627654,0.032395717632817615,0.0299853967289555,2.2859522487506942,474050.0,0.05742186027221663,0.07499151679674232,1
2020-09-07,270.0,285.12,270.0,285.12,734400,250.21999999999997,232.427,213.27599999999998,1.1732215532924473,93.82727882679956,16.771486719922763,9.034798719834061,0.07499151679674232,0.03473712594906424,0.032637785364902895,-0.5863467387630956,537300.0,0.053030303030303046,0.07498597081930414,1
2020-09-08,306.5,306.5,299.99,306.5,1781900,266.62,243.504,218.804,1.2185334820204383,95.29402364972832,21.263533953100193,11.480545766487289,0.07498597081930414,0.033402140085524036,0.03405433352331762,1.426334422657952,698770.0,0.021239804241435532,0.0064926590538336715,1
2020-09-09,306.5,322.0,293.01,308.49,977000,282.41400000000004,253.31300000000002,224.46149999999997,1.2581845884483533,95.9031951913951,24.699371142021533,14.124310841594138,0.0064926590538336715,0.033901742681096414,0.03373269639916729,-0.4517088501038218,717040.0,0.09397387273493471,-0.024117475444909053,0
2020-09-10,313.99,316.99,300.0,301.05,259800,293.278,261.60900000000004,229.68249999999998,1.2768843947623352,91.86363636363635,26.516287786993814,16.602706230674073,-0.024117475444909053,0.03946230236979572,0.03521576895235382,-0.7340839303991812,673660.0,0.05643580800531476,-0.0117588440458396,0
2020-09-11,304.0,310.0,283.5,297.51,260500,299.73400000000004,268.754,234.88250000000002,1.276101880727598,89.03310037631515,27.355224898730057,18.75320996428527,-0.0117588440458396,0.041920090650844274,0.03499394566849969,0.002694380292532772,686000.0,0.08907263621390878,-0.01673893314510444,0
2020-09-14,301.0,302.97,291.34,292.53,88400,301.216,275.71799999999996,239.79699999999997,1.256129142566421,85.83592477417442,27.303506397683122,20.463269250964842,-0.01673893314510444,0.04223464373707249,0.03585550619048333,-0.6606525911708253,681660.0,0.039756606160052145,-0.012032953885071529,0
2020-09-15,293.99,299.9,288.0,289.01,99100,297.71799999999996,282.169,244.56400000000002,1.2173418818795896,81.72060366394962,26.671037413698457,21.704822883511568,-0.012032953885071529,0.04371736866502244,0.03623455822171622,0.12104072398190047,682370.0,0.04117504584616442,0.023597799384104334,1
2020-09-16,289.0,298.5,288.0,295.83,94400,295.186,288.8,249.6995,1.1821649622846662,81.5913524057217,26.415615418682535,22.64698139054576,0.023597799384104334,0.04370637248337769,0.035805660763836615,-0.047426841574167544,661120.0,0.035493357671635736,0.0011831119223879583,1
2020-09-17,299.9,299.9,295.0,296.18,101900,294.212,293.745,254.88799999999998,1.1542795266940775,80.37601802114017,25.94238604459673,23.30606232135596,0.0011831119223879583,0.04074804133390234,0.03563732256449519,0.07944915254237284,617280.0,0.016543993517455523,0.01840097238165983,1
2020-09-18,296.5,312.89,296.05,301.63,400600,295.03599999999994,297.385,260.443,1.1328236888685814,83.44944774851317,25.710740397724976,23.786997936629763,0.01840097238165983,0.03575834534928019,0.03484742535141674,2.9313052011776253,479800.0,0.05582999038557165,-0.00852037264197858,0
2020-09-21,301.1,303.85,296.0,299.06,80400,296.342,298.779,265.603,1.115732879523198,81.41749536490813,25.031237507466756,24.035845850797163,-0.00852037264197858,0.028894951177215276,0.03556512018142013,-0.7993010484273589,414400.0,0.02624891326155294,-0.006520430682806055,0
2020-09-22,299.0,299.0,290.0,297.11,137400,297.962,297.84000000000003,270.67199999999997,1.1008231364899215,79.2369582143784,24.058051624700738,24.04028700557788,-0.006520430682806055,0.015307729113952586,0.035784717687935105,0.708955223880597,249950.0,0.03029181111372892,-0.0064959106054996996,0
2020-09-23,292.01,298.2,292.01,295.18,99200,297.832,296.50899999999996,274.911,1.0833760744386365,74.15013458279334,22.867458108292,23.805721226120703,-0.0064959106054996996,0.014959731411389595,0.03399250268095533,-0.2780203784570596,162170.0,0.020970255437360245,0.014567382613998259,1
2020-09-24,295.01,300.5,289.0,299.48,197000,298.492,296.352,278.9805,1.0699385799365906,69.88735338520496,22.017079050042526,23.44799279090507,0.014567382613998259,0.014250768165835287,0.03370183364460795,0.9858870967741935,155890.0,0.038399893148123414,0.001602778148791062,1
2020-09-25,296.07,312.0,296.07,299.96,162800,298.158,296.597,282.67549999999994,1.0547712836804042,61.124437781109435,21.13821136565855,22.986036505855765,0.001602778148791062,0.013685938867087346,0.03351348304599308,-0.17360406091370562,146120.0,0.05310708094412591,-0.03310441392185626,0
2020-09-28,297.0,301.0,288.0,290.03,153000,296.35200000000003,296.34700000000004,286.0325,1.0360780680517074,35.095022624434364,19.416611768313146,22.27215155834724,-0.03310441392185626,0.016680899943583453,0.03462900389582704,-0.06019656019656017,152580.0,0.04482294935006724,-0.022963141743957416,0
2020-09-29,290.02,291.98,277.12,283.37,372400,293.604,295.783,288.976,1.0160151708100327,29.03871829105472,17.31522619468575,21.28076648561494,-0.022963141743957416,0.017822683912583015,0.03557582495635196,1.433986928104575,179910.0,0.05244027243533195,-0.0399830610156332,0
2020-09-30,280.75,283.44,270.0,272.04,103500,288.976,293.404,291.102,0.9926967179888837,27.268453220498344,14.567699307146427,19.938153049921237,-0.0399830610156332,0.019044598453609934,0.03733521416707229,-0.7220730397422126,180820.0,0.04940449933833259,-0.0027201882076165473,0
2020-10-01,276.5,276.5,256.5,271.3,218000,283.34,290.916,292.33050000000003,0.9692454259818936,28.519914768070805,12.19003351996156,18.3885291439293,-0.0027201882076165473,0.018870502697530156,0.0340230629320317,1.106280193236715,192430.0,0.07371913011426465,-0.026096572060449574,0
2020-10-02,272.0,279.0,261.55,264.22,179800,276.192,287.175,292.28,0.9449568906527988,27.57090793852005,9.623485868805801,16.635520488904604,-0.026096572060449574,0.01695183787060136,0.030445611497707227,-0.17522935779816518,170350.0,0.06604344864128373,-0.019226402240557272,0
2020-10-05,256.7,262.5,254.57,259.14,177300,270.014,283.183,290.981,0.9279437489045677,26.90582959641253,7.097746417116184,14.72796567454692,-0.019226402240557272,0.01697390640819337,0.02508804182978152,-0.013904338153503892,180040.0,0.0306012194180752,0.006212857914640768,1
2020-10-06,259.15,265.0,253.0,260.75,349100,265.49,279.54699999999997,288.6935,0.9196258315479914,20.501177262024896,5.166437770725565,12.81566009378265,0.006212857914640768,0.01804875264544721,0.017049219507687122,0.9689791314156797,201210.0,0.046021093000958774,0.05932885906040286,1
2020-10-07,262.01,280.3,260.01,276.22,410000,266.326,277.651,287.08000000000004,0.9277065626306256,36.618396352909635,4.828501506223176,11.218228376270755,0.05932885906040286,0.029181574857287305,0.022591332636193315,0.17444858206817537,232290.0,0.0734559409166607,0.023568170299036906,1
2020-10-08,277.0,292.87,276.26,282.73,398700,268.61199999999997,275.976,286.164,0.9386645420108748,37.50661025912217,5.0280272077529276,9.98018814256719,0.023568170299036906,0.030021334354018523,0.023009886624825913,-0.027560975609756122,252460.0,0.0587486294344428,0.0048456124217450824,1
2020-10-09,285.0,290.0,275.0,284.1,87200,272.588,274.39,285.4935,0.9547958184687219,39.951638903815166,5.236339057011321,9.031418325456016,0.0048456124217450824,0.030121984096425587,0.022972378670668134,-0.781289189867068,244900.0,0.05279831045406547,-0.003343892995424258,0
2020-10-12,283.0,287.0,282.51,283.15,132100,277.39,273.702,285.0245,0.9732145833077507,40.495642701525036,5.264089490965716,8.277952558557956,-0.003343892995424258,0.028462732232093314,0.022715562175814146,0.5149082568807339,242810.0,0.01585731944199191,-0.017058096415327517,0
2020-10-13,283.11,288.0,276.0,278.32,92800,280.904,273.197,284.49,0.9873949875215298,38.95729630599948,4.840542514822175,7.590470549810801,-0.017058096415327517,0.028038458253656938,0.022866826193742338,-0.2975018925056775,214850.0,0.04311583788444955,0.0019761425697040202,1
2020-10-14,280.0,282.0,276.0,278.87,57300,281.434,273.88,283.642,0.9922155393065908,35.803829728612754,4.497415482062138,6.971859536261069,0.0019761425697040202,0.024553912270643123,0.022109607968784105,-0.3825431034482759,210230.0,0.021515401441531898,0.0036217592426577294,1
2020-10-15,280.16,287.5,278.17,279.88,78300,280.864,274.73799999999994,282.82700000000006,0.9930593613763888,36.26914660831512,4.2579009637223635,6.429067821753328,0.0036217592426577294,0.024478751740726556,0.022138955640467393,0.3664921465968587,196260.0,0.0333357153065599,-0.015613834500500245,0
2020-10-16,279.0,279.0,271.0,275.51,35000,279.14599999999996,275.867,281.521,0.9915636844143064,39.253996447602155,3.673120062302644,5.877878269863192,-0.015613834500500245,0.023270707934101284,0.021744104569120883,-0.5530012771392081,181780.0,0.029037058545969295,0.007114079343762514,1
2020-10-19,279.0,284.9,275.05,277.47,71800,278.01,277.7,280.4415,0.9913297425666314,45.30703149856828,3.3294527456655487,5.368193165023664,0.007114079343762514,0.02173545637606291,0.021864947525578382,1.0514285714285716,171230.0,0.03549933326125334,0.013551014524092686,1
2020-10-20,278.1,283.0,277.47,281.23,61500,278.592,279.748,279.64750000000004,0.9962256054497177,58.310725266775165,3.322198264019164,4.958994184822764,0.013551014524092686,0.021827163319370235,0.022178097647668725,-0.14345403899721454,142470.0,0.01966362052412606,0.05500835614977051,1
2020-10-21,283.0,301.88,281.52,296.7,274100,282.158,281.796,279.7235,1.0087032373039806,68.13767495001424,4.5127288181250265,4.869741111483217,0.05500835614977051,0.020707904086157653,0.02559700953001977,3.456910569105691,128880.0,0.06862150320188748,-0.01600943714189418,0
2020-10-22,296.0,299.98,288.01,291.95,189400,284.572,282.71799999999996,279.34700000000004,1.0187043354680736,70.48308465061302,5.015136188799147,4.8988201269464025,-0.01600943714189418,0.021046750505169097,0.025629742892933887,-0.30901130974097046,107950.0,0.041000171262202526,-0.008117828395273197,0
2020-10-23,291.0,291.7,285.0,289.58,101800,287.386,283.26599999999996,278.82800000000003,1.030692756824996,73.42259156663586,5.16254781894213,4.951565665345548,-0.008117828395273197,0.02134555539249452,0.02567063235829613,-0.4625131995776135,109410.0,0.02313695697216655,0.057013605912010545,1
2020-10-26,289.97,311.29,289.97,306.09,296900,293.11,285.56,279.631,1.048202810131924,78.3800701051577,6.53624584462176,5.26850170120079,0.057013605912010545,0.027326648921872063,0.027654508189269306,1.9165029469548132,125890.0,0.06965271652128457,0.009703028521023338,1
2020-10-27,304.27,315.0,304.25,309.06,143600,298.67600000000004,288.634,280.91549999999995,1.0632236384250784,74.36924903532201,7.774940926340889,5.769789546228811,0.009703028521023338,0.025854584533061088,0.02699370018922568,-0.5163354664870327,130970.0,0.034782890053711255,-0.009221510386332787,0
2020-10-28,304.0,318.0,297.1,306.21,219400,300.578,291.368,282.62399999999997,1.0635260982789856,68.42435655994973,8.429474783228045,6.301726593628658,-0.009221510386332787,0.026514462419753113,0.025126156100111464,0.5278551532033426,147180.0,0.0682538127428888,-0.018320760262564795,0
2020-10-29,298.1,304.5,289.2,300.6,199700,302.308,293.44,284.089,1.0641313109624095,62.13949381989406,8.398702451350744,6.721121765173075,-0.018320760262564795,0.027943270101791685,0.025655116941373523,-0.0897903372835005,159320.0,0.050898203592814405,-0.017232202262142393,0
2020-11-02,300.0,300.0,286.0,295.42,127200,303.476,295.431,285.649,1.0624087604017518,58.49840698157642,7.865661992457149,6.950029810629891,-0.017232202262142393,0.028096346556202495,0.025153152154027855,-0.3630445668502754,168540.0,0.04739015638751608,0.04278654119558589,1
2020-11-03,301.0,309.7,297.15,308.06,111200,303.87,298.49,288.09499999999997,1.0547562436002014,68.5875,8.36671961591702,7.233367771687318,0.04278654119558589,0.03024559783121084,0.025710108603418602,-0.12578616352201255,172480.0,0.04073881711354935,-0.014120625852106827,0
2020-11-04,310.0,310.05,302.0,303.71,59500,302.8,300.738,290.243,1.0432637479629139,64.82100238663483,8.316930350924963,7.450080287534847,-0.014120625852106827,0.031227636493696382,0.026222655261064258,-0.46492805755395683,172280.0,0.02650554805571108,0.0009548582529386174,1
2020-11-05,306.25,308.5,300.15,304.0,182400,302.358,301.46799999999996,291.63199999999995,1.0367792286168873,64.51612903225805,8.206275737601516,7.601319377548181,0.0009548582529386174,0.02654191000812578,0.023290488215447287,2.065546218487395,163110.0,0.02746710526315797,0.011249999999999982,1
2020-11-06,304.0,311.0,301.01,307.42,317400,303.722,303.015,292.8665,1.0370663766596726,69.42651893339827,8.298882228728758,7.740831947784296,0.011249999999999982,0.025791112661591904,0.022935320731625054,0.7401315789473684,175910.0,0.032496259189382634,0.00526966365233239,1
2020-11-09,309.0,314.0,307.5,309.04,147700,306.446,304.961,294.1135,1.0419310912283866,69.29942535762316,8.406093784697646,7.873884315166967,0.00526966365233239,0.025351167171174856,0.02293591207655022,-0.5346565847511027,180500.0,0.021032876003106393,0.014205280869790338,1
2020-11-10,310.1,321.45,303.0,313.43,480400,307.52,305.695,295.6275,1.0402279896153097,69.53409366658578,8.744494932141151,8.048006438561803,0.014205280869790338,0.018663746712855582,0.022957302714565878,2.252538930264049,198850.0,0.05886481830073697,0.011932488912995032,1
2020-11-11,310.5,321.0,310.25,317.17,195200,310.212,306.506,297.57,1.042484121383204,64.47870985995192,9.208319250712066,8.280069000991856,0.011932488912995032,0.018771988155011268,0.022376675540455106,-0.5936719400499584,204010.0,0.03389349560172778,0.05820222593561808,1
2020-11-12,319.0,338.0,319.0,335.63,596200,316.538,309.448,300.408,1.0536936433117627,75.87677725118482,10.939368853572944,8.811928971508074,0.05820222593561808,0.02505210964343317,0.025105932753278406,2.0543032786885247,241690.0,0.05660995739355838,0.05523940053034604,1
2020-11-13,334.98,358.0,329.0,354.17,527900,325.88800000000003,314.805,304.1225,1.0715682003140183,82.11196181763945,13.649913484263664,9.779525874059193,0.05523940053034604,0.02672187861235928,0.027037951935427185,-0.11455887286145594,274510.0,0.0818815822909902,-0.01612220120281227,0
2020-11-16,354.0,374.0,335.0,348.46,376600,333.77200000000005,320.10900000000004,307.77000000000004,1.0844851674952074,73.59919795031746,15.162506417320287,10.85612198271141,-0.01612220120281227,0.026566432968268074,0.027065680540953097,-0.2866073119909074,299450.0,0.11192102393388051,-0.023388624232336452,0
2020-11-17,355.0,355.0,338.0,340.31,186400,339.148,323.334,310.912,1.0908166941128037,66.45602948920484,15.524651804560449,11.789827947081218,-0.023388624232336452,0.02763860606034988,0.028200265980458505,-0.5050451407328731,306970.0,0.04995445329258617,-0.0022920278569540375,0
2020-11-18,339.0,344.0,336.0,339.53,152700,343.62,326.916,313.827,1.0949344702654646,67.93712316968129,15.569242614454424,12.545710880555859,-0.0022920278569540375,0.026712947530644845,0.028336061185411886,-0.18079399141630903,316290.0,0.023561982740847646,-0.008364503873000806,0
2020-11-19,341.99,343.0,334.0,336.69,102900,343.832,330.185,315.8265,1.0886736863436095,70.02552435911662,15.200198461357672,13.076608396716223,-0.008364503873000806,0.02727924626984838,0.026502982688573665,-0.32612966601178783,308340.0,0.02673082063619353,-0.02566158781074579,0
2020-11-20,336.7,336.7,325.0,328.05,130400,338.608,332.248,317.6315,1.0660403643845147,67.43614406326813,14.048608900254976,13.271008497423974,-0.02566158781074579,0.02958067128013961,0.02702049781803961,0.26724975704567533,289640.0,0.03566529492455415,-0.02368541380887068,0
2020-11-23,329.5,329.5,315.0,320.28,270900,332.972,333.37199999999996,319.1665,1.0432548528745968,56.88838782412625,12.366439199673039,13.090094637873788,-0.02368541380887068,0.031134531376791334,0.02767063394554458,1.0774539877300615,301960.0,0.04527288622455352,0.024447358561259014,1
2020-11-24,324.9,330.5,320.2,328.11,301000,330.53200000000004,334.84000000000003,320.2675,1.032049770894643,63.23497504881753,11.532187278138224,12.778513165926675,0.024447358561259014,0.031671148580507645,0.025333466529295145,0.11111111111111116,284020.0,0.03139191124927619,0.07363384230898173,1
2020-11-25,329.98,352.71,329.98,352.27,473800,333.08000000000004,338.35,322.428,1.0330368330293895,70.79707022834982,12.674443609948412,12.757699254731024,0.07363384230898173,0.03844997355006245,0.029765879932261305,0.5740863787375414,311880.0,0.06452437051125547,0.02622988048939745,1
2020-11-26,360.5,366.5,356.0,361.51,710100,338.044,340.938,325.19300000000004,1.039518070807182,72.19167965865265,14.16202969772047,13.038565343328914,0.02622988048939745,0.03530836118035981,0.0298061144493082,0.49873364288729416,323270.0,0.029044839700146607,0.00603026195679246,1
2020-11-27,362.0,375.0,347.0,363.69,600600,345.172,341.89,328.34749999999997,1.0512399211201549,72.31887609246098,15.340029855402634,13.498858245743659,0.00603026195679246,0.031181625312461162,0.029131910217823104,-0.15420363329108577,330540.0,0.07698864417498419,0.011850752014078036,1
2020-11-30,365.0,373.5,362.0,368.0,284100,354.716,343.84399999999994,331.9765,1.0684973183342799,72.3007764609726,16.431966960647628,14.085479988724453,0.011850752014078036,0.030514924937413052,0.02841999897883009,-0.526973026973027,321290.0,0.03125,0.0031250000000000444,1
2020-12-01,370.0,378.98,366.0,369.15,346400,362.924,346.72799999999995,335.03100000000006,1.083254982374765,71.7017368069472,17.19195224868122,14.706774440715808,0.0031250000000000444,0.02879252711512823,0.027484460763282315,0.21928898275255193,337290.0,0.035161858323174915,-0.005011512935121143,0
2020-12-02,370.0,374.8,363.0,367.3,316300,365.92999999999995,349.505,338.2105,1.081959312321764,65.35142995637422,17.44388428632942,15.254196409838531,-0.005011512935121143,0.028918680354719267,0.0271469380809318,-0.08689376443418018,353650.0,0.032126327252926794,0.04282602777021505,1
2020-12-03,372.95,392.5,360.6,383.03,835700,370.234,354.139,342.16200000000003,1.0820430088671447,64.38110424556507,18.697291047605574,15.942815337391941,0.04282602777021505,0.030153423237063662,0.028021857171805116,1.6421119190641797,426930.0,0.08328329373678296,0.0025063310967810004,1
2020-12-04,381.11,390.0,381.11,383.99,395900,374.294,359.733,345.9905,1.0818042691923622,68.58457997698505,19.542811546638404,16.662814579241235,0.0025063310967810004,0.02728001921704618,0.028102033754564677,-0.5262654062462606,453480.0,0.023151644574077413,0.007812703455819081,1
2020-12-07,378.0,397.5,378.0,386.99,416300,378.092,366.404,349.88800000000003,1.0806086519114686,75.80716497125167,20.221862518283615,17.374624167049713,0.007812703455819081,0.023754254507823463,0.02807787112104509,0.051528163677696304,468020.0,0.050388898937957054,-0.02199023230574426,0
2020-12-08,387.0,393.8,375.01,378.48,317900,379.95799999999997,371.441,353.14050000000003,1.0759400295349866,69.83803605989613,19.844573535746008,17.868614040788973,-0.02199023230574426,0.026967696385703066,0.029055723809505822,-0.2363680038433822,469710.0,0.049645952229972576,-0.013369266539843605,0
2020-12-09,378.0,385.0,372.0,373.42,237200,381.182,373.556,355.953,1.0708773349290497,68.29365474648871,18.91918104474655,18.07872744158049,-0.013369266539843605,0.018568996981645765,0.029508308693180208,-0.25385341302296316,446050.0,0.03481334690161213,0.0008837234213485701,1
2020-12-10,374.0,386.5,367.99,373.75,618800,379.326,374.78,357.85900000000004,1.0599873134390918,74.81537793223283,18.004880021373765,18.063957957539145,0.0008837234213485701,0.01717881352538612,0.027124528102019648,1.6087689713322093,436920.0,0.04952508361204011,-0.008160535117056833,0
2020-12-11,375.0,377.99,369.0,370.7,218100,376.668,375.481,358.6855,1.050134449259867,78.85760073260076,16.840058649541845,17.819178095939684,-0.008160535117056833,0.017526102644998962,0.024623996146992663,-0.6475436328377504,398670.0,0.024251416239546828,-0.002589695171297479,0
2020-12-14,371.0,375.99,367.0,369.74,276400,373.218,375.65500000000003,359.7495,1.0374385509917317,75.86035532364272,15.658958615775589,17.387134199906868,-0.002589695171297479,0.017220852476790834,0.024266812435196974,0.26730857404860164,397900.0,0.024314383080002187,-0.01200843836209231,0
2020-12-15,371.0,374.9,361.02,365.3,230200,370.582,375.27000000000004,360.999,1.0265457799052073,60.72075037024852,14.200957636434225,16.74989888721234,-0.01200843836209231,0.0176346040407034,0.023737162045514383,-0.16714905933429813,386280.0,0.03799616753353407,0.0749794689296468,1
2020-12-16,369.0,392.69,368.0,392.69,1367000,374.43600000000004,377.809,363.657,1.029640567897772,69.75418144956922,15.081772166734481,16.41627354311677,0.0749794689296468,0.0296298667236055,0.028501912076604758,4.9383145091225025,491350.0,0.06287402276604954,0.025007002979449355,1
2020-12-17,402.0,409.0,391.1,402.51,1028100,380.188,379.757,366.948,1.0360814066298223,72.42375231053607,16.383358796835978,16.409690593860613,0.025007002979449355,0.02771587840467637,0.028490370916822688,-0.24791514264813463,510590.0,0.044470944821246625,-0.0031800452162678017,0
2020-12-18,400.0,409.0,397.37,401.23,233300,386.294,381.481,370.60699999999997,1.0423278567323337,69.8910571052317,17.11430719595444,16.55061391427938,-0.0031800452162678017,0.027837790366797507,0.027461521120529162,-0.7730765489738353,494330.0,0.028985868454502392,-0.0029160331979164456,0
2020-12-21,403.0,407.05,398.8,400.06,150600,392.358,382.788,374.596,1.0474164166195048,68.49790544584086,17.398619392460887,16.720215009915684,-0.0029160331979164456,0.02791278689760032,0.02647712353215112,-0.3544792113159023,467760.0,0.020621906713992902,-0.012198170274458797,0
2020-12-22,400.0,405.0,372.0,395.18,354300,398.334,384.458,377.94950000000006,1.0539344542061835,66.10071610071611,17.033808499211318,16.78293370777481,-0.012198170274458797,0.02707184305738173,0.026800371562150652,1.352589641434263,471400.0,0.08350625031631155,0.000708537881471738,1
2020-12-23,395.2,400.21,390.0,395.46,117000,398.88800000000003,386.662,380.10900000000004,1.0494042498336003,58.737522845494176,16.57620670536386,16.74158830729262,0.000708537881471738,0.026388404976640162,0.022207648517876894,-0.6697713801862828,459380.0,0.025818034693774288,0.03373286805239473,1
2020-12-24,398.99,413.0,396.01,408.8,322700,400.146,390.16700000000003,382.47349999999994,1.0462058155663074,64.85450844210276,17.092943685051864,16.81185938284447,0.03373286805239473,0.027686149342330577,0.02262632442780917,1.758119658119658,429770.0,0.041560665362035246,-0.011154598825831696,0
2020-12-28,407.0,409.0,401.0,404.24,55800,400.748,393.521,384.50100000000003,1.042254766567577,60.138709298224995,16.939242530276942,16.837336012330965,-0.011154598825831696,0.027911674587651154,0.022964948617974528,-0.8270839789277967,413540.0,0.019790223629527013,-0.0071986938452405225,0
2020-12-29,404.0,405.0,400.0,401.33,51200,401.002,396.68,386.1675,1.0384146775686716,64.37649427456901,16.39364484456695,16.748597778778162,-0.0071986938452405225,0.028161947684375813,0.023084280079535044,-0.08243727598566308,391020.0,0.012458575237335859,0.04455186504871311,1
2020-12-30,399.0,423.5,399.0,419.21,292200,405.808,402.071,388.67050000000006,1.0440926182975037,74.80767147036514,17.20568489314661,16.840015201651852,0.04455186504871311,0.02922776468295053,0.024744773529854415,4.70703125,397220.0,0.05844326232675748,4.770878557303071e-05,1
2020-12-31,425.0,432.49,415.0,419.23,333300,410.562,404.725,391.267,1.0493141512062096,74.72276581865623,17.64741786689825,17.00149573470113,4.770878557303071e-05,0.020105292779594667,0.02464481912000083,0.14065708418891165,293850.0,0.041719342604298375,-0.0025761515158744253,0
2021-01-01,422.9,427.0,415.05,418.15,84900,412.43199999999996,406.289,393.023,1.0493838782971987,76.35818242417507,17.70624093332026,17.142444774424956,-0.0025761515158744253,0.019192104437841896,0.023212229336579685,-0.7452745274527453,199530.0,0.02857826138945352,-0.046897046514408625,0
2021-01-04,414.0,414.12,392.99,398.54,201600,411.29200000000003,406.02,393.7505,1.0445497846986862,63.25234676974047,15.986216373584512,16.91119909425687,-0.046897046514408625,0.025080477124821685,0.025922212213159615,1.3745583038869258,196360.0,0.05301851758920057,-0.003638279720981741,0
2021-01-05,399.0,404.0,395.21,397.09,135900,410.44399999999996,405.723,394.2555,1.0410609363724792,65.04211223620703,14.340770164406024,16.397113308286702,-0.003638279720981741,0.025089597999429978,0.02591757958120435,-0.3258928571428571,194890.0,0.022136039688735603,0.02014656626961142,1
2021-01-06,398.07,412.12,397.0,405.09,188100,407.62,406.714,395.58599999999996,1.0304206923399717,57.18590635141398,13.526351964458115,15.822961039520987,0.02014656626961142,0.02549021848968829,0.025609676470382797,0.3841059602649006,178270.0,0.037325038880248844,0.022587573131896743,1
2021-01-07,404.01,418.0,404.01,414.24,209600,406.62199999999996,408.592,397.62699999999995,1.0226217032545577,56.85083518280575,13.464043095958061,15.351177450808404,0.022587573131896743,0.026221871376969262,0.025609801573208416,0.1143009037745879,187530.0,0.03377269215913482,0.005986867516415639,1
2021-01-08,418.78,424.75,413.0,416.72,115100,406.336,409.384,399.77549999999997,1.0164104603708832,58.92178320469991,13.45962397566933,14.97286675578059,0.005986867516415639,0.024231479438053663,0.025586732368393848,-0.45085877862595425,166770.0,0.028196390861969668,-0.004823382607026416,0
2021-01-11,420.0,420.0,413.6,414.71,62600,409.57,410.4309999999999,401.976,1.018891675124883,58.3571021106674,13.142433793384214,14.606780163301316,-0.004823382607026416,0.02392497092665556,0.02550190517544015,-0.45612510860121636,167450.0,0.015432470883267772,0.019121795953799037,1
2021-01-12,417.05,427.0,411.0,422.64,231400,414.68,412.562,404.621,1.0248603013684412,65.13781697905176,13.376744234119428,14.360772977464938,0.019121795953799037,0.02414724254954489,0.025582204607994347,2.696485623003195,185470.0,0.03785727806170736,0.06700738216922209,1
2021-01-13,429.99,454.32,427.0,450.96,664200,423.854,415.73699999999997,408.904,1.0365611488271085,73.37038908539662,15.667024559662707,14.622023293904494,0.06700738216922209,0.028785993068290334,0.02843248423368261,1.8703543647363872,222670.0,0.06058186978889479,0.026255100230619277,1
2021-01-14,454.99,472.0,453.0,462.8,341900,433.566,420.09399999999994,412.40950000000004,1.0512997397004675,73.02968270214939,18.22736356617486,15.343091348358568,0.026255100230619277,0.02920225596065631,0.024470095115826745,-0.48524540800963567,223530.0,0.04105445116681072,0.013180639585133935,1
2021-01-15,463.5,480.0,462.8,468.9,382600,444.00199999999995,425.16900000000004,415.729,1.0680082457562499,77.21838693382719,20.5122176189559,16.376916602478033,0.013180639585133935,0.02885227483570098,0.02419225057285136,0.1190406551623282,253300.0,0.036681595222862,-0.016762635956493854,0
2021-01-18,470.0,476.88,458.5,461.04,94800,453.26800000000003,431.41900000000004,418.7195,1.0825098902726051,74.1291521862119,21.44157942533468,17.389849167049363,-0.016762635956493854,0.023012480383103766,0.024705954819594395,-0.7522216414009409,242620.0,0.03986638903348949,-0.01824136734339754,0
2021-01-19,466.4,466.4,451.0,452.63,65700,459.26599999999996,436.97299999999996,421.34799999999996,1.08999212052745,64.62454052161735,21.25448022035698,18.162775377710886,-0.01824136734339754,0.024720000147557555,0.025269355570413612,-0.30696202531645567,235600.0,0.034023374500143554,-0.014294235910125241,0
2021-01-20,455.0,458.5,433.02,446.16,311200,458.30600000000004,441.08000000000004,423.89700000000005,1.0811730208045822,61.15483389942838,20.349550869216557,18.60013047601202,-0.014294235910125241,0.026046330123767416,0.0253551521127284,3.736681887366819,247910.0,0.057109557109557146,0.02499103460641927,1
2021-01-21,442.5,460.5,442.0,457.31,204100,457.20799999999997,445.387,426.98949999999996,1.070771061115086,64.97170821226487,20.298115612690935,18.939727503347804,0.02499103460641927,0.026186085679298015,0.02564861028304395,-0.34415167095115684,247360.0,0.04045395902123286,0.024753449520019233,1
2021-01-22,463.0,474.0,452.5,468.63,452100,457.154,450.578,429.98100000000005,1.0631958156290626,78.61049881622986,20.929519720966425,19.33768594687153,0.024753449520019233,0.02651761009457313,0.025242483175407764,1.215090641842234,281060.0,0.04587841154002091,0.013784862258071406,1
2021-01-25,473.99,494.0,469.0,475.09,474900,459.96400000000006,456.616,433.52350000000007,1.0609897733340867,80.58823529411765,21.701024139461822,19.810353585389592,0.013784862258071406,0.025840891707720907,0.024904271131097205,0.050431320504313204,322290.0,0.05262160853732977,0.010145446125997326,1
2021-01-26,479.99,485.0,475.12,479.91,306500,465.41999999999996,462.343,437.45250000000004,1.0639326555454591,80.09169884169884,22.442675474300586,20.336817963171793,0.010145446125997326,0.0257982908012994,0.02463304098929098,-0.3546009686249737,329800.0,0.02058719343210184,0.00514679835802534,1
2021-01-27,481.97,485.14,476.0,482.38,394500,472.66400000000004,465.485,440.611,1.072746708547903,78.96123767426045,22.965021386504134,20.862458647838263,0.00514679835802534,0.0175192264449518,0.023196203618363023,0.2871125611745513,302830.0,0.018947717567063285,-0.03418466768937356,0
2021-01-28,489.0,493.0,464.55,465.89,283600,474.38,465.79400000000004,442.9440000000001,1.0709705967345757,68.67451576148879,21.797115518441387,21.04939002195889,-0.03418466768937356,0.02030284221014919,0.024955471865368443,-0.2811153358681876,297000.0,0.06106591684732445,-0.009852111013329279,0
2021-01-29,464.0,472.0,458.0,461.3,143400,472.91400000000004,465.03399999999993,445.10150000000004,1.0624857476328433,67.35454071370039,20.267535530432724,20.89301912365366,-0.009852111013329279,0.020053753815303665,0.025133099907774792,-0.49435825105782794,273080.0,0.030349013657056143,0.007955777151528398,1
2021-02-01,464.29,467.0,460.0,464.97,114000,470.89000000000004,465.42699999999996,448.42299999999994,1.050102247208551,66.28452719858431,19.130941117828456,20.540603522488617,0.007955777151528398,0.019471733321916453,0.021935986052898936,-0.20502092050209209,275000.0,0.015054734714067573,0.003570122803621567,1
2021-02-02,466.0,471.55,463.16,466.63,141300,468.23400000000004,466.82699999999994,451.9,1.0361451648594824,57.5839705740006,18.154852149345515,20.063453247859997,0.003570122803621567,0.018258156717462955,0.021794092701611763,0.23947368421052628,282560.0,0.0179799841416111,0.010372243533420589,1
2021-02-03,468.1,478.0,467.56,471.47,183800,466.05199999999996,469.358,455.21899999999994,1.0237973371058766,54.50109022946736,17.56931404413126,19.564625407114253,0.010372243533420589,0.017271397565729426,0.021623948156743285,0.30077848549186137,269820.0,0.02214350860075932,0.02265255477548922,1
2021-02-04,475.5,485.0,470.0,482.15,276500,469.304,471.842,458.61449999999996,1.0233082469045354,56.56655763703044,17.76230482729244,19.20416129114989,0.02265255477548922,0.016994314516389657,0.021626286202951428,0.5043525571273122,277060.0,0.031110650212589446,0.010556880638805444,1
2021-02-08,483.0,490.0,481.01,487.24,229900,474.492,473.703,462.1405,1.026726720553598,63.350998777007746,18.117128890141828,18.98675481094828,0.010556880638805444,0.015748445287244353,0.021629837603242462,-0.16853526220614823,254840.0,0.01845086610294723,0.006834414251703391,1
2021-02-09,480.11,493.0,480.11,490.57,441900,479.61199999999997,475.25100000000003,465.9335,1.02935719367678,70.38907996560621,18.454302969124853,18.880264442583595,0.006834414251703391,0.015419276775741366,0.02142024956902547,0.9221400608960417,251540.0,0.02627555700511647,-0.025521332327700375,0
2021-02-10,494.0,494.0,475.0,478.05,121000,481.896,475.06500000000005,468.704,1.0281456953642385,66.09143203148653,17.50941880913581,18.606095315894038,-0.025521332327700375,0.017631387943600155,0.022566925785268675,-0.7261823942068342,232990.0,0.03974479656939651,-0.026273402363769516,0
2021-02-11,480.0,482.0,463.0,465.49,94700,480.7,473.37600000000003,469.43050000000005,1.0240067486028281,54.069651741293534,15.567650093370673,17.998406271389364,-0.026273402363769516,0.019285442124597988,0.018692182442921857,-0.21735537190082643,203010.0,0.04081720337708651,0.029646179294936514,1
2021-02-12,465.01,500.4,457.0,479.29,156600,480.12800000000004,474.716,470.255,1.020994992078766,55.17576228393864,14.969766910439432,17.39267839919938,0.029646179294936514,0.01850783796938571,0.01893986928765521,0.6536430834213305,190310.0,0.09055060610486339,0.036867032485551565,1
2021-02-15,491.61,511.0,488.99,496.96,342200,482.072,478.28200000000004,471.658,1.0220795576455821,59.576145021455474,15.740316930531037,17.062206105465712,0.036867032485551565,0.020674568716467976,0.02036761035592254,1.1851851851851851,210190.0,0.04428927881519638,0.005513522215067734,1
2021-02-16,503.99,506.99,498.0,499.7,80200,483.89799999999997,481.755,473.591,1.0217635047963327,58.82615288555882,16.38322287868789,16.92640946011015,0.005513522215067734,0.020685188160447787,0.019825705464377077,-0.7656341320864991,206810.0,0.017990794476686032,-0.006083650190114032,0
2021-02-17,500.0,502.0,490.0,496.66,75100,487.62,484.758,475.7925,1.0248585255126972,56.33652822151226,16.457713602985223,16.832670288685165,-0.006083650190114032,0.0211059121077865,0.01927958672092004,-0.06359102244389025,200190.0,0.02416139813957234,-0.004006765191479134,0
2021-02-18,497.0,498.5,489.5,494.67,114600,493.45599999999996,487.078,478.218,1.0318641289119188,64.65675290283156,16.16977655104745,16.700091541157622,-0.004006765191479134,0.021298423027630145,0.018875529780904197,0.525965379494008,193270.0,0.018193947480138275,0.016596923201326108,1
2021-02-19,497.85,511.11,494.67,502.88,383200,498.174,489.151,480.4965,1.0367900702710633,70.42239685658154,16.41484266077083,16.643041765080262,0.016596923201326108,0.020822100611645144,0.018505356800443098,2.343804537521815,203940.0,0.03269169583200763,-0.006661629016862958,0
2021-02-22,502.8,504.97,493.5,499.53,169700,498.688,490.38,482.0415,1.0345333337482354,67.02798581001181,16.152545821827403,16.54494257642969,-0.006661629016862958,0.02096899990782858,0.018061550864781024,-0.5571503131524008,197920.0,0.02296158388885558,-0.010770123916481467,0
2021-02-23,495.02,500.0,490.01,494.15,50700,497.5780000000001,490.738,482.99449999999996,1.030193925603708,63.07984790874524,15.333794214999045,16.30271290414356,-0.010770123916481467,0.021318581262749922,0.018149470513883447,-0.7012374779021804,158800.0,0.020216533441262795,-0.002084387331781845,0
2021-02-24,491.52,498.0,487.5,493.12,154900,496.87,492.245,483.65500000000003,1.0273231952528143,60.676595324982735,14.435412822583714,15.929252887831591,-0.002084387331781845,0.01927805319237255,0.018070884427230673,2.0552268244575935,162190.0,0.021292991563919533,2.0279039584680802e-05,1
2021-02-25,496.0,499.99,487.0,493.13,111700,496.562,495.009,484.1925,1.025546657579372,56.05158730158732,13.567844349066434,15.456971180078561,2.0279039584680802e-05,0.01637468407299464,0.018052988457625267,-0.27888960619754677,163890.0,0.026341938231298052,0.01624318131121605,1
2021-02-26,491.0,506.0,488.88,501.14,131400,496.21399999999994,497.19399999999996,485.9549999999999,1.0211110082209258,57.42204186245194,13.37248050971175,15.040073046005201,0.01624318131121605,0.014675788988222584,0.016276530146622326,0.17636526410026865,161370.0,0.034162110388314654,-0.01315001795905335,0
2021-03-01,500.0,500.0,488.99,494.55,69400,495.218,496.953,487.6175,1.0155870123611233,52.05366357069145,12.54132672663087,14.540323782130336,-0.01315001795905335,0.010319791340048292,0.016437797386922987,-0.471841704718417,134090.0,0.022262663026994218,-0.0015569709837226497,0
2021-03-02,495.0,497.99,491.01,493.78,33000,495.14399999999995,496.361,489.058,1.0124443317561516,59.23664122137403,11.685792261520419,13.969417478008355,-0.0015569709837226497,0.010106715914077856,0.016443177562117363,-0.5244956772334294,129370.0,0.014135849973672523,-0.002936530438656826,0
2021-03-03,492.5,495.95,490.7,492.33,74600,494.98600000000005,495.928,490.34299999999996,1.009468881986691,68.12533765532146,10.766660788724153,13.328866140151515,-0.002936530438656826,0.009984110866120218,0.01649845818984171,1.2606060606060607,129320.0,0.010663579306562672,-0.0020108463835232238,0
2021-03-04,490.0,504.0,477.8,491.34,276800,494.628,495.59499999999997,491.3365,1.0066990748702773,59.839947738036884,9.844872189938258,12.632067350108866,-0.0020108463835232238,0.0099333827268176,0.016432063706627784,2.710455764075067,145540.0,0.053323564130744475,0.0008141002157366906,1
2021-03-05,492.27,494.0,485.0,491.74,59700,492.74800000000005,494.48099999999994,491.816,1.001895017648877,44.06278434940858,9.042389701545517,11.914131820396197,0.0008141002157366906,0.007947226431841582,0.015710769271158283,-0.784320809248555,113190.0,0.01830235490299752,-0.021861146134135923,0
2021-03-08,497.0,497.0,478.0,480.99,56700,490.03599999999994,492.62700000000007,491.5035000000001,0.9970142633775748,31.99923032518761,7.453067071590567,11.021918870635071,-0.021861146134135923,0.01006476322049542,0.01634350321556878,-0.05025125628140703,101890.0,0.039501860745545646,-0.06012599014532527,0
2021-03-09,483.0,483.0,444.92,452.07,96600,481.69399999999996,488.419,489.57849999999996,0.9838953303709211,21.361592806679496,3.815927494599123,9.580720595427882,-0.06012599014532527,0.02054565035861083,0.020963401440444028,0.7037037037037037,106480.0,0.0842347424071493,-0.06698077731324792,0
2021-03-10,454.5,455.0,418.17,421.79,136500,467.58599999999996,481.28599999999994,486.7655,0.9605980703233897,15.667985679291505,-1.492668213808372,7.366042833580632,-0.06698077731324792,0.027356507871000697,0.024898010668884165,0.4130434782608696,104640.0,0.08731833376798877,0.01379833566466715,1
2021-03-11,419.0,436.0,405.0,427.61,212000,454.84000000000003,474.7339999999999,484.8715,0.93806297132333,13.725301204819289,-5.1705404273605495,4.858726181392396,0.01379833566466715,0.02852759915288928,0.024787708424174618,0.5531135531135531,114670.0,0.0724959659502818,0.05778630060101486,1
2021-03-12,440.0,459.68,425.0,452.32,147700,446.956,469.85200000000003,483.52299999999997,0.9243738146892703,31.132603309087997,-6.021972612595391,2.682586422594839,0.05778630060101486,0.0355463689643773,0.02744994651697702,-0.30330188679245285,116300.0,0.07667138309161657,0.06933144676335345,1
2021-03-15,462.5,486.0,459.0,483.68,251100,447.494,468.765,482.85900000000004,0.9267591574351933,46.53517770865049,-4.118770220826718,1.3223150939105273,0.06933144676335345,0.04334978944727562,0.03067289303354613,0.7000677048070414,134470.0,0.0558220310949388,0.017987098908369248,1
2021-03-16,489.99,494.99,478.0,492.38,271500,455.5559999999999,468.625,482.49299999999994,0.9441712107740423,49.76694381456286,-1.886702589431593,0.6805115572421033,0.017987098908369248,0.04377907660437932,0.030935983399480244,0.08124253285543603,158320.0,0.03450586945042449,-0.008144116332913565,0
2021-03-17,499.0,499.0,484.01,488.37,115700,468.872,468.229,482.07849999999996,0.9726050840267717,48.5377242565741,-0.4363168088293037,0.4571458840278219,-0.008144116332913565,0.04385646073499094,0.03095974080184976,-0.5738489871086556,162430.0,0.030693941069271268,-0.016811024428199928,0
2021-03-18,490.0,495.0,475.0,480.16,146100,479.38199999999995,467.11100000000005,481.35299999999995,0.9959052919582926,43.56283750613649,0.05006882336704166,0.3757304718956659,-0.016811024428199928,0.044182606316657394,0.03117023732597862,0.2627484874675885,149360.0,0.04165278240586471,0.02097217594135281,1
2021-03-19,485.0,494.0,478.56,490.23,36600,486.96399999999994,466.96000000000004,480.7205,1.0129877964430474,48.702235039653935,1.2338744460466842,0.5473592667258695,0.02097217594135281,0.04475207148229114,0.031315443969202404,-0.7494866529774127,147050.0,0.03149542051690023,-0.06270526079595296,0
2021-03-22,464.5,465.0,441.0,459.49,100600,482.12600000000003,464.80999999999995,478.71849999999995,1.0071179618084534,41.27081105850009,-0.3048974956835764,0.37690791424398035,-0.06270526079595296,0.048717519415594455,0.03423798565045074,1.748633879781421,151440.0,0.05223182223769832,-0.010381074669742474,0
2021-03-24,460.0,463.0,453.0,454.72,109500,474.59400000000005,465.075,476.747,0.9954839778750575,40.58478946577881,-1.8875262534985495,-0.0759789193045256,-0.010381074669742474,0.04466279172248413,0.034233813281836424,0.08846918489065603,152730.0,0.02199155524278677,0.0029468684025333314,1
2021-03-25,455.0,472.0,454.05,456.06,679400,468.13200000000006,468.50200000000007,474.89399999999995,0.9857610329884144,41.18352658936426,-2.999072701889247,-0.6605976758214699,0.0029468684025333314,0.037680569848218846,0.034263930063167095,5.2045662100456624,207020.0,0.0393588562908389,0.0025654519142217502,1
2021-03-26,455.0,462.5,453.0,457.23,198200,463.546,471.46400000000006,473.099,0.9798076089782477,41.40901170027384,-3.742431626390328,-1.2769644659352415,0.0025654519142217502,0.037671775859064366,0.03428178201576974,-0.7082720047100383,205640.0,0.020777289329221616,0.021848960041991994,1
2021-03-29,459.87,475.0,425.0,467.22,438900,458.9440000000001,472.954,471.4030000000001,0.9735703845754058,46.559048428207305,-3.485263471781309,-1.7186242671044551,0.021848960041991994,0.03384615271793496,0.03447160196558661,1.2144298688193742,234760.0,0.1070159667822439,-0.015324686443217383,0
2021-03-30,450.0,470.0,450.0,460.06,150800,459.058,470.592,469.6785,0.9773877237301686,52.240228789323176,-3.8152284392895695,-2.137945101541478,-0.015324686443217383,0.025073627657304143,0.03450894292513925,-0.6564137616769196,224730.0,0.04347259053166978,0.022757901143328985,1
2021-03-31,463.0,478.0,450.0,470.53,170900,462.21999999999997,468.40700000000004,468.5160000000001,0.9865618249963714,65.3734544536967,-3.1950559387414046,-2.3493672689814638,0.022757901143328985,0.02559335976127888,0.03498888352044739,0.13328912466843512,214670.0,0.0595073640362995,-0.011200136016832007,0
2021-04-01,466.05,475.0,451.05,465.26,54000,464.06000000000006,466.0960000000001,467.1625,0.9933588419447196,61.91681964930051,-3.093153769494336,-2.4981245690840383,-0.011200136016832007,0.02566347282676649,0.03505145331663954,-0.6840257460503218,208500.0,0.05147659373253662,-0.01508833770364948,0
2021-04-02,460.25,460.25,454.2,458.24,21200,464.262,463.904,465.50750000000005,0.9973244254926075,52.11006558311948,-3.5380662719989004,-2.706112909667011,-0.01508833770364948,0.025577536427297626,0.03516879791720205,-0.6074074074074074,196010.0,0.013202688547486059,-0.05418557960893855,0
2021-04-05,450.0,450.0,426.1,433.41,54700,457.5,458.22200000000004,462.59100000000007,0.9889945978196721,31.207476635514013,-5.827065340661989,-3.3303033958660064,-0.05418557960893855,0.0282130218578361,0.0369681470110387,1.5801886792452828,197820.0,0.05514408989178832,0.03336332802657993,1
2021-04-06,433.1,450.0,433.1,447.87,54300,455.062,457.06000000000006,460.93499999999995,0.9872585071647848,34.0477385133682,-6.400531102826392,-3.9443489372580838,0.03336332802657993,0.025174833847272208,0.03774705001671315,-0.007312614259597838,193190.0,0.03773416393149793,-0.008127358385245698,0
2021-04-07,447.89,447.9,440.5,444.23,32200,449.80199999999996,456.0110000000001,460.54299999999995,0.9766775306540323,34.138277993387945,-7.067257485116727,-4.568930646829813,-0.008127358385245698,0.025104139343484697,0.03530851829257987,-0.4069981583793738,185460.0,0.01665803750309519,0.006055421740990052,1
2021-04-08,444.0,451.5,442.11,446.92,70500,446.134,455.0969999999999,461.79949999999997,0.9660772694643456,37.56174225415355,-7.294496018419807,-5.114043721147812,0.006055421740990052,0.025191903671669666,0.031632343435358236,1.18944099378882,124570.0,0.02101047167278257,0.02356126376085199,1
2021-04-09,445.05,463.0,445.0,457.45,296900,445.976,455.119,463.2915,0.9626250427646525,37.77595465393792,-6.5494037465813335,-5.401115726234517,0.02356126376085199,0.026434299936640482,0.0318760960193951,3.2113475177304966,134440.0,0.039348562684446385,-0.011651546617116537,0
2021-04-12,460.0,466.0,450.0,452.12,162200,449.718,453.60900000000004,463.28150000000005,0.9707229837582549,46.60899972393484,-6.316190100592905,-5.584130601106194,-0.011651546617116537,0.02551607463095554,0.029377010270388998,-0.4536881104749074,106770.0,0.035388834822613464,0.008272140139785833,1
2021-04-13,446.0,461.1,446.0,455.86,30700,451.316,453.189,461.8905,0.977106045696978,50.52954292084726,-5.763145903871589,-5.619933661659273,0.008272140139785833,0.025338500424560175,0.02462324607850458,-0.8107274969173859,94760.0,0.03312420479971926,0.011889615232746786,1
2021-04-14,459.0,462.7,456.8,461.28,97800,454.726,452.264,460.3355,0.9878143223800901,52.3361976369495,-4.831807619786559,-5.462308453284731,0.011889615232746786,0.02444134798947767,0.024390740668403393,2.185667752442997,87450.0,0.0127904960110995,0.0012356919875131656,1
2021-04-15,457.5,470.0,453.12,461.85,22900,457.712,451.92300000000006,459.0095,0.9971732611198678,52.07883369330454,-4.001593207813471,-5.170165404190479,0.0012356919875131656,0.02422026858210588,0.024376175345515318,-0.7658486707566462,84340.0,0.036548662985817895,0.003572588502760654,1
2021-04-16,461.0,467.0,461.0,463.5,9400,458.922,452.44900000000007,458.17650000000003,1.0016271022193413,48.19030939871569,-3.173914187517653,-4.770915160855915,0.003572588502760654,0.023681508125493335,0.024171611777100182,-0.5895196506550218,83160.0,0.012944983818770227,0.004185544768068983,1
2021-04-19,450.5,475.0,447.0,465.44,33700,461.58599999999996,455.65200000000004,456.937,1.0101742691005542,52.75727757277573,-2.334519921616163,-4.283636113007965,0.004185544768068983,0.013436173177802832,0.02363643513587946,2.5851063829787235,81060.0,0.060158129941560674,-0.0032872121003780785,0
2021-04-20,465.0,466.4,458.0,463.91,65000,463.196,457.25600000000003,457.1580000000001,1.0132076874953515,46.26495147822164,-1.7723219079143178,-3.781373271989236,-0.0032872121003780785,0.010102403410845217,0.018908401776162223,0.9287833827893175,82130.0,0.018106960401802024,-0.015757366730615896,0
2021-04-21,464.98,464.98,455.0,456.6,23100,462.26000000000005,458.49299999999994,457.25199999999995,1.0109523851180533,45.22391352305318,-1.8947898811346704,-3.404056593818323,-0.015757366730615896,0.011301099181155986,0.019110622701233627,-0.6446153846153846,81220.0,0.021857205431449884,-0.028777923784494175,0
2021-04-22,456.01,456.15,435.1,443.46,54500,458.582,458.14700000000005,456.622,1.0042923906425885,42.36412481917749,-3.017352653530736,-3.3267158057608057,-0.028777923784494175,0.014963642363534386,0.02017356002208594,1.3593073593073592,79620.0,0.047467640824426005,-0.012064222252288759,0
2021-04-23,432.0,440.0,431.02,438.11,25100,453.504,456.213,455.666,0.9952552966427164,53.04010349288485,-4.289248242689666,-3.519222293146578,-0.012064222252288759,0.01260751264974562,0.020294534317008096,-0.5394495412844036,52440.0,0.0204971354226108,0.02522197621601885,1
2021-04-26,438.08,458.99,436.0,449.16,67000,450.24799999999993,455.91700000000003,454.76300000000003,0.9900717516596554,50.87291920422251,-4.35538583256988,-3.6864550010312387,0.02522197621601885,0.015302607177161157,0.02051540816516263,1.6693227091633465,42920.0,0.051184433164128615,0.0002894291566479801,1
2021-04-27,446.0,455.0,437.5,449.29,43600,447.32399999999996,455.26000000000005,454.2245,0.9848081730509912,53.594771241830074,-4.347198635666132,-3.8186037279582177,0.0002894291566479801,0.014996353474662943,0.020267941206172584,-0.34925373134328364,44210.0,0.03895034387589307,-0.015602394889715043,0
2021-04-28,442.1,448.98,440.0,442.28,227900,444.46000000000004,453.36,452.812,0.981555259136242,46.89424364123156,-4.850445719167055,-4.024972126199986,-0.015602394889715043,0.014818616282897872,0.019710047144434226,4.227064220183486,57220.0,0.020303879895089125,-0.00863706249434748,0
2021-04-29,432.5,448.0,426.78,438.46,20600,443.4599999999999,451.021,451.47200000000004,0.982253605982209,36.03471098690983,-5.4941812322327905,-4.318813947406547,-0.00863706249434748,0.014752485694823438,0.019661545075665247,-0.9096094778411584,56990.0,0.048396661040916,-0.0337773114993386,0
2021-04-30,432.0,432.0,417.0,423.65,23000,440.56800000000004,447.03599999999994,449.74249999999995,0.9796005492031553,31.625145217503544,-7.117345167173369,-4.878520191359911,-0.0337773114993386,0.016890057158766326,0.02069445905014101,0.11650485436893199,58350.0,0.03540658562492624,0.050914670128644035,1
2021-05-03,420.0,455.42,419.98,445.22,79200,439.78000000000003,445.014,450.33299999999997,0.9765662298787787,44.417628541448074,-6.587261695492316,-5.220268492186392,0.050914670128644035,0.025272411259543066,0.020546404327859386,2.4434782608695653,62900.0,0.0796010960873276,0.011926687929562751,1
2021-05-04,453.99,454.85,446.0,450.53,113500,440.02799999999996,443.67600000000004,450.466,0.9768284398822552,44.35339846622545,-5.6732958792694035,-5.310873969602994,0.011926687929562751,0.0257827535874451,0.019321779935974847,0.4330808080808082,67750.0,0.019643530952433853,-0.0009766275275786551,0
2021-05-05,451.0,455.0,447.0,450.09,110500,441.59,443.025,450.759,0.9796587533471321,43.814432989690694,-4.927672565940668,-5.23423368887053,-0.0009766275275786551,0.025366654523730103,0.019220169568033043,-0.026431718061673992,76490.0,0.01777422293319114,-0.0016218978426536523,0
2021-05-06,448.5,453.0,446.4,449.36,235000,443.77,443.61499999999995,450.88100000000003,0.9842286545673913,42.48990864669641,-4.345572561869005,-5.056501463470225,-0.0016218978426536523,0.023462230795899187,0.019186944654956906,1.1266968325791855,94540.0,0.014687555634680485,0.0022031333452021684,1
2021-05-17,450.36,455.8,439.02,450.35,57900,449.11,444.83900000000006,450.526,0.996857007142762,41.90363772937012,-3.7610147517061137,-4.797404121117403,0.0022031333452021684,0.02296982538085043,0.018411371225132676,-0.7536170212765958,97820.0,0.03725990895969808,-0.01565449095148219,0
2021-05-18,442.0,449.0,440.25,443.3,137500,448.726,444.253,450.0849999999999,0.9969805703367144,39.56032823422145,-3.8225604588240003,-4.602435388658723,-0.01565449095148219,0.02219888775826555,0.01855874894960633,1.3747841105354057,104870.0,0.019738326189939093,-0.013241597112564896,0
2021-05-19,440.01,441.99,435.0,437.43,11900,446.10600000000005,443.067,449.1635,0.9931929019165628,40.14598540145985,-4.295480195639186,-4.541044350054816,-0.013241597112564896,0.022515348154447487,0.018627238438145108,-0.9134545454545454,101700.0,0.01597969960908033,-0.02007178291383771,0
2021-05-20,438.0,438.0,412.05,428.65,56300,441.81800000000004,441.704,447.532,0.9872321979210427,42.02992142934022,-5.317448876099547,-4.696325255263762,-0.02007178291383771,0.022847421242549428,0.018752714413105817,3.73109243697479,84540.0,0.06053890120144638,0.006135541817333445,1
2021-05-21,427.0,434.85,425.1,431.28,54900,438.20200000000006,440.986,446.0035,0.98250798480281,46.21354917396606,-5.847738310920647,-4.926607866395139,0.006135541817333445,0.02291229121322922,0.018849541393243636,-0.0248667850799289,87970.0,0.02260712298274903,0.029331292895566685,1
2021-05-24,436.99,451.0,430.0,443.93,289400,436.918,443.014,445.025,0.9817830458962981,47.15110578494388,-5.18744953978711,-4.978776201073534,0.029331292895566685,0.02166583619293639,0.02017380888205829,4.271402550091075,114610.0,0.04730475525420674,0.014078796206609123,1
2021-05-25,445.0,452.0,444.3,450.18,292400,438.294,443.51000000000005,444.26200000000006,0.986566485542315,50.45449902972116,-4.112437544855879,-4.805508469830003,0.014078796206609123,0.015112477116695316,0.020451883364013847,0.010366275051831408,135930.0,0.017104269403349744,0.017281976098449503,1
2021-05-26,454.0,460.0,450.0,457.96,144900,442.4,444.253,443.96449999999993,0.9964760695956547,57.94487231455209,-2.6026995141279485,-4.364946678689592,0.017281976098449503,0.015620734391908274,0.02086854321980838,-0.5044459644322845,139070.0,0.021835968206830293,-0.006135907066119328,0
2021-05-27,457.02,457.02,450.0,455.15,294300,447.7,444.759,443.892,1.008578663278455,58.544076993959244,-1.6143554784963499,-3.814828438650944,-0.006135907066119328,0.015804783068882212,0.020606102878733035,1.031055900621118,157450.0,0.015423486762605696,0.053520817312973756,1
2021-05-28,451.1,489.28,451.1,479.51,986600,457.346,447.774,445.69449999999995,1.0261423463830046,76.04924454392837,1.1216332158417686,-2.8275361077524015,0.053520817312973756,0.022779593712534286,0.02266286736225712,2.3523615358477743,232610.0,0.07962294842651864,0.01689224416591939,1
2021-05-31,482.5,491.75,476.0,487.61,257000,466.082,451.5,448.16949999999997,1.0399681370552882,72.60799999999999,3.8985858029632254,-1.482311725609276,0.01689224416591939,0.022927316420475897,0.02249642669886204,-0.7395094263125888,252520.0,0.03230040401140256,-0.0053321301860093095,0
2021-06-01,489.0,489.0,478.5,485.01,82400,473.04800000000006,455.671,449.962,1.0513065547757368,68.93673110720562,5.8224251711869215,-0.02136434625003658,-0.0053321301860093095,0.021944628888062753,0.022128504708288227,-0.6793774319066148,247010.0,0.021649038164161565,-0.006247293870229376,0
2021-06-02,482.0,490.0,478.5,481.98,76200,477.85200000000003,460.1259999999999,451.5965,1.0581392902735076,67.02979814162128,7.021644902174955,1.387237503434962,-0.006247293870229376,0.021248685669215416,0.02223539348563809,-0.07524271844660191,253440.0,0.023859911199634837,-0.004128802024980338,0
2021-06-03,476.01,487.5,476.01,479.99,102800,482.82,465.26000000000005,453.48199999999997,1.0646949603291862,66.1397407524502,7.722439336400043,2.6542778700279785,-0.004128802024980338,0.019250383064765973,0.021854585468724583,0.3490813648293962,258090.0,0.023937998708306443,-0.0003750078126627532,0
2021-06-04,480.5,484.0,476.0,479.81,85000,482.88,470.113,455.54949999999997,1.0599945779767073,65.65688775510202,8.169130823768455,3.757248460776074,-0.0003750078126627532,0.019561047572451588,0.02167405674813966,-0.1731517509727627,261100.0,0.01667326650132344,0.029344949042329205,1
2021-06-07,481.0,509.89,477.55,493.89,125600,484.1360000000001,475.10900000000004,459.0615000000001,1.054621221775296,75.01730788250417,9.549198162034031,4.915638401027666,0.029344949042329205,0.019562478595820724,0.020324498590174548,0.4776470588235293,244720.0,0.06548016764866665,0.006276701289760878,1
2021-06-08,491.0,500.0,488.5,496.99,78200,486.532,479.78999999999996,461.65,1.0538979746561248,80.28269269880005,10.768918177347189,6.086294356291571,0.006276701289760878,0.019576747532900406,0.01762275988685919,-0.3773885350318471,223300.0,0.023139298577436164,-0.014728666572768057,0
2021-06-09,499.9,499.9,488.25,489.67,40000,488.07,482.96099999999996,463.6070000000001,1.0527666752227638,81.4925681255161,11.017884933762332,7.072612471785724,-0.014728666572768057,0.020849406286487546,0.018124699932732708,-0.48849104859335035,212810.0,0.02379153307329421,0.026017522004615268,1
2021-06-10,490.0,510.0,488.01,502.41,320700,492.554,487.687,466.22300000000007,1.0564772651713876,83.24142443218993,12.103680712335347,8.078826119895648,0.026017522004615268,0.02109207671889536,0.01870473612414287,7.0175,215450.0,0.04376903325968832,0.007523735594434866,1
2021-06-11,507.99,511.25,503.0,506.19,123000,497.83000000000004,490.355,469.06450000000007,1.061325254842351,81.72645739910314,13.117980188854574,9.086656933687435,0.007523735594434866,0.01458990838018112,0.018628536925117945,-0.6164639850327409,129090.0,0.016298227938126,0.045793081649183165,1
2021-06-14,512.0,544.15,507.0,529.37,412500,504.92600000000004,494.53100000000006,473.0155,1.0674618485017935,84.4154715341156,15.612283423291444,10.391782231608236,0.045793081649183165,0.019219799295516777,0.020590958863136707,2.3536585365853657,144640.0,0.0701777584676124,-0.017870298656894157,0
2021-06-15,526.0,536.0,519.0,519.91,185900,509.51000000000005,498.021,476.846,1.0685001027585428,76.53559496273449,16.633947969664575,11.640215379219503,-0.017870298656894157,0.020577236917883622,0.02073218679365145,-0.5493333333333333,154990.0,0.03269796695581928,0.003385201284837658,1
2021-06-16,522.0,526.0,513.0,521.67,173100,515.9100000000001,501.99000000000007,481.058,1.0724486444462,78.75172890733054,17.385235600359692,12.789219423447541,0.003385201284837658,0.020099772764292857,0.02015225876648134,-0.06885422270037656,164680.0,0.0249199685625012,0.004178887035865664,1
2021-06-17,515.2,539.99,508.0,523.85,96300,520.1980000000001,506.3759999999999,485.81800000000004,1.0707672420536087,73.71122994652406,17.94963205631325,13.821301950020683,0.004178887035865664,0.01970488210199271,0.01900574550106113,-0.44367417677642984,164030.0,0.061067099360503974,-0.005555025293499938,0
2021-06-18,524.0,530.0,518.0,520.94,161500,523.148,510.48900000000003,490.30100000000004,1.066993540702548,68.87102253425434,17.95513204822771,14.648067969662089,-0.005555025293499938,0.020042582176246576,0.019316094206569226,0.6770508826583592,171680.0,0.02303528237416977,0.01900410795869001,1
2021-06-21,520.0,535.0,519.1,530.84,200700,523.442,514.184,494.6465,1.0582143005156208,73.9671582470453,18.544567859007145,15.4273679475311,0.01900410795869001,0.01908800073544138,0.018896104083728944,0.24272445820433441,179190.0,0.029952528068721226,0.029538090573430598,1
2021-06-22,530.9,548.5,530.9,546.52,172000,528.7639999999999,519.137,499.46349999999995,1.0586639464145027,79.80786994273045,20.04586864683705,16.351068087392292,0.029538090573430598,0.02031357654108496,0.01941749086044126,-0.14299950174389642,188570.0,0.03220376198492283,-0.0008050940496229231,0
2021-06-23,547.99,553.99,544.75,546.08,91200,533.646,524.778,503.86949999999996,1.0590956586973412,80.96710711273549,20.958558795172962,17.272566228948428,-0.0008050940496229231,0.018877337948069336,0.0194776299633429,-0.46976744186046515,193690.0,0.016920597714620584,0.006482566656899946,1
2021-06-24,546.01,552.0,544.0,549.62,92000,538.8,529.499,508.593,1.0593932673080437,81.71163804851462,21.71717861173039,18.161488705504823,0.006482566656899946,0.01816172120177841,0.019162860041293875,0.00877192982456143,170820.0,0.01455551108038281,0.011098577198791926,1
2021-06-25,547.0,569.0,545.0,555.72,265500,545.756,534.452,512.4035,1.0650903048086127,80.28210402585958,22.550659338529215,19.039322832109704,0.011098577198791926,0.018160953293831588,0.01616395963897131,1.8858695652173911,185070.0,0.043187216583891165,0.002627222342186597,1
2021-06-28,555.99,560.0,538.0,557.18,142300,551.024,537.233,515.882,1.0681202290446266,79.96017919362869,23.063150969627713,19.844088459613307,0.002627222342186597,0.012971161537153398,0.016043127994930798,-0.464030131826742,158050.0,0.03948454718403389,0.006191894899314487,1
2021-06-29,559.9,570.0,556.1,560.63,85800,553.8460000000001,541.3050000000001,519.663,1.0657791684226126,86.73638434458483,23.47706149576311,20.570683066843266,0.006191894899314487,0.01013629434856598,0.01578896198596047,-0.39704848910751933,148040.0,0.024793535843604476,-0.0007313201220054966,0
2021-06-30,561.0,567.99,558.04,560.22,71400,556.674,545.1600000000001,523.575,1.0632173041111588,84.30860534124636,23.501098956458918,21.156766244766395,-0.0007313201220054966,0.010407115703010375,0.015585114580769076,-0.1678321678321678,137870.0,0.01776087965442156,0.008353860983185024,1
2021-07-01,556.1,570.0,556.1,564.9,68000,559.73,549.2650000000001,527.8205,1.0604552115728736,84.47445684086912,23.62544626661702,21.65050224913652,0.008353860983185024,0.010355936428642553,0.015335973523254836,-0.04761904761904767,135040.0,0.02460612497787215,-0.0015577978403257253,0
2021-07-02,564.99,568.0,560.15,564.02,44700,561.3900000000001,553.573,532.0310000000001,1.0551828746821144,77.56563245823396,23.38343408777655,21.997088616864527,-0.0015577978403257253,0.009855950095685583,0.015373371730956216,-0.3426470588235294,123360.0,0.013917946172121597,-0.006967838019928285,0
2021-07-05,558.1,567.99,558.0,560.09,47600,561.972,556.4979999999999,535.341,1.0497458629172807,85.048848569435,22.613841251502436,22.120439143792108,-0.006967838019928285,0.010059816579736725,0.014884745639194917,0.06487695749440725,108050.0,0.01783641914692283,-0.0029102465675159284,0
2021-07-06,561.0,563.0,557.0,558.46,50900,561.5379999999999,557.692,538.4145,1.0429473946188297,82.16471411085877,21.62314781850705,22.0209808787351,-0.0029102465675159284,0.005709798484406075,0.015030210862750266,0.06932773109243695,95940.0,0.010743831250223828,0.0007162554166815216,1
2021-07-07,560.0,560.0,551.0,558.86,30000,561.266,558.97,541.874,1.0357869172538263,81.5917704385492,20.632454697858066,21.743275642559695,0.0007162554166815216,0.005641335833253337,0.01429020523184603,-0.4106090373280943,89820.0,0.01610421214615467,0.03235157284471968,1
2021-07-08,559.99,580.0,559.99,576.94,161800,563.674,561.702,545.6005,1.033125886064987,89.67129498441501,21.063422142388276,21.60730494252541,0.03235157284471968,0.011073171187966043,0.014801306289029061,4.3933333333333335,96800.0,0.03468298263250943,-0.015010226366693358,0
2021-07-09,575.0,580.0,560.0,568.28,120900,564.5260000000001,562.958,548.7049999999999,1.0288333439644255,76.99740409576006,20.470209489044237,21.379885851829176,-0.015010226366693358,0.012446610258889825,0.01559890530458863,-0.25278121137206433,82340.0,0.035193918490884775,-0.0005103118181177813,0
2021-07-12,568.25,570.0,563.0,567.99,59900,566.106,564.039,550.6360000000001,1.028094784939597,69.89805375347552,19.749029096947993,21.05371450085294,-0.0005103118181177813,0.012477130627589405,0.012496476325529233,-0.5045492142266336,74100.0,0.012324160636630926,0.01660240497191845,1
2021-07-13,564.5,582.0,564.5,577.42,60500,569.8979999999999,565.7180000000001,553.5115,1.0296046242941654,74.89672704162695,19.71119227582483,20.78521005584732,0.01660240497191845,0.013275222852233044,0.011733246047074998,0.01001669449081799,71570.0,0.030307228707007035,0.004901111842333217,1
2021-07-14,588.99,588.99,577.9,580.25,126900,574.176,567.7210000000001,556.4405,1.0318731292923502,74.61031656757194,19.682674056701785,20.564702856018215,0.004901111842333217,0.01321709341794584,0.011724954867331166,1.097520661157025,77120.0,0.019112451529513196,0.008134424816889307,1
2021-07-15,581.01,585.4,576.0,584.97,72600,575.7819999999999,569.728,559.4965,1.0291074206898523,74.03451109285132,19.8125509613011,20.414272477074796,0.008134424816889307,0.013208497495498996,0.011736629417426417,-0.4278959810874704,77580.0,0.016069200129921152,0.042070533531634036,1
2021-07-16,585.0,628.84,585.0,609.58,600900,584.042,574.284,563.9285,1.035666755625935,81.19047619047625,21.651713197539266,20.66176062116769,0.042070533531634036,0.017749499808754173,0.013973083986569249,7.276859504132231,133200.0,0.07191837002526334,0.006036943469273748,1
2021-07-19,655.0,655.0,607.0,613.26,565300,593.096,579.601,568.0495,1.0440921081701506,81.241837825003,23.139470354734044,21.15730256788096,0.006036943469273748,0.01699649080895544,0.01373337345543375,-0.05924446663338323,184970.0,0.07827022796203895,0.013191794671101986,1
2021-07-23,612.97,628.0,612.0,621.35,224800,601.882,585.8900000000001,571.791,1.052625872040658,83.25535850288327,24.686750516584766,21.863192157621725,0.013191794671101986,0.016472345153490976,0.012796642857519563,-0.6023350433398196,202360.0,0.02575038223223626,0.010702502615273168,1
2021-07-26,624.0,630.99,624.0,628.0,208000,611.432,592.804,575.8870000000001,1.0617221781356412,83.60673199829571,26.148160893914223,22.720185904880225,0.010702502615273168,0.016088059088809368,0.012708671324049675,-0.07473309608540923,220160.0,0.011130573248407659,0.024729299363057233,1
2021-07-27,649.9,649.9,629.5,643.53,306100,623.144,599.463,580.5825,1.0733082722954963,86.63042476734543,28.234016193600723,23.822951962624327,0.024729299363057233,0.015162593502358738,0.013303882557673324,0.4716346153846154,234590.0,0.03170015383898183,-0.011965254145105741,0
2021-07-28,640.0,650.0,630.0,635.83,51000,628.394,606.2180000000001,584.588,1.0749348258944762,83.72217275155835,28.932233124197182,24.8448081949389,-0.011965254145105741,0.014600476759116778,0.014002506079204604,-0.8333877817706632,227600.0,0.031454948649796324,0.001384017740591048,1
2021-07-29,632.0,639.0,628.0,636.71,39000,633.0840000000001,613.0899999999999,588.5645000000001,1.075640817616421,85.07395786642762,29.219756552736385,25.719797866498396,0.001384017740591048,0.01444034159080066,0.014024969873675653,-0.23529411764705888,225510.0,0.017276311036421604,-0.004790249878280695,0
2021-07-30,637.0,650.0,630.0,633.66,175400,635.5459999999999,618.7139999999999,592.216,1.0731658719115997,82.7495621716287,28.868730674210155,26.34958442804075,-0.004790249878280695,0.015179133557834155,0.014262418485902165,3.4974358974358974,237000.0,0.031562667676672033,0.020484171322160183,1
2021-08-02,627.1,649.0,627.0,646.64,71600,639.274,625.353,596.537,1.0716418260728169,81.9431714023831,29.30016361070159,26.93970026457292,0.020484171322160183,0.015458759102224641,0.01450381560079712,-0.5917901938426453,231470.0,0.034022021526660895,0.005768279104293006,1
2021-08-03,647.01,660.0,641.02,650.37,85700,640.642,631.893,600.8105,1.066296278110985,89.40193913794762,29.601825727773758,27.472125357213088,0.005768279104293006,0.01552542105520364,0.014505425927259412,0.19692737430167595,232780.0,0.029183387917646905,-0.003521072620200738,0
2021-08-04,652.0,658.99,645.0,648.08,80500,643.092,635.743,605.0135,1.0629382650139212,87.71781105773762,29.318149885277307,27.841330262825934,-0.003521072620200738,0.01147556885514367,0.014574065864712061,-0.0606767794632439,180740.0,0.021586841130724614,-0.012328724848784112,0
2021-08-05,644.3,646.75,640.0,640.09,27500,643.768,638.426,609.0135,1.0570668794698312,79.91979375537099,28.124407844742677,27.897945779209284,-0.012328724848784112,0.012887679098476486,0.014891672315828178,-0.6583850931677019,126960.0,0.010545392054242372,-0.010592260463372472,0
2021-08-06,640.0,643.99,630.0,633.31,30700,643.6980000000001,639.622,612.7560000000001,1.0504964455672405,74.41111520058885,26.327779091107345,27.583912441588897,-0.010592260463372472,0.013266885758994073,0.01525011811564475,0.11636363636363645,107550.0,0.02209028753690927,-0.01065828741058883,0
2021-08-09,633.0,633.05,623.0,626.56,34500,639.682,639.478,616.141,1.0382071636200156,68.78330774094476,24.08167076172242,26.883464105615605,-0.01065828741058883,0.013426384960568688,0.01567997581709575,0.12377850162866455,90200.0,0.016039964249233842,-0.009400536261491288,0
2021-08-10,622.01,626.0,618.0,620.67,37100,633.742,637.192,618.3275,1.0249293456946358,56.027829111859944,21.577606734292885,25.822292631351065,-0.009400536261491288,0.010395438825631211,0.014715502103615585,0.07536231884057965,63300.0,0.012889297049962138,0.02034897771762778,1
2021-08-11,629.0,637.5,624.75,633.3,46400,630.786,636.9390000000001,621.5785000000001,1.0148130927951977,59.92668912225083,20.377355923807727,24.7333052898424,0.02034897771762778,0.012334617136140197,0.014463442435571254,0.2506738544474394,62840.0,0.02013263855992421,0.003426496131375467,1
2021-08-12,665.0,665.0,632.0,635.47,25700,629.862,636.8149999999999,624.9525,1.007855797040575,57.430014733740265,19.377873312472502,23.662218894368422,0.003426496131375467,0.012382979250976344,0.014403584039848524,-0.4461206896551724,61510.0,0.05193006750908776,-0.026452861661447558,0
2021-08-13,635.0,635.5,616.0,618.66,77100,626.932,635.3149999999999,627.0145,0.9998684240954555,45.559992393991244,17.03300376441814,22.33637586837837,-0.026452861661447558,0.014923699362501574,0.015838521109162455,2.0,51680.0,0.031519736204053926,-0.0036207286716452014,0
2021-08-16,613.0,622.0,599.0,616.42,112700,624.904,632.2929999999999,628.8230000000001,0.9937677216005139,35.24866688431824,14.823057494410705,20.833712193584837,-0.0036207286716452014,0.012602160706005163,0.015915366556676393,0.46173800259403364,55790.0,0.03731222218617177,0.007089322215372729,1
2021-08-17,615.0,625.0,615.0,620.79,67200,624.928,629.3349999999999,630.6139999999999,0.990983390790563,41.508581752484176,13.271298365551274,19.321229427978125,0.007089322215372729,0.01273039644037798,0.015899838837856818,-0.40372670807453415,53940.0,0.01610850690249521,-0.0002899531242448461,0
2021-08-20,630.0,630.0,618.0,620.61,20400,622.39,626.588,631.1655,0.9860963566608125,40.83769633507854,11.889933824529635,17.83497030728843,-0.0002899531242448461,0.012800814791054979,0.012989768815312185,-0.6964285714285714,47930.0,0.01933581476289457,0.02254233737774136,1
2021-08-23,617.05,642.0,617.05,634.6,68700,622.216,626.039,632.2325,0.9841569359373332,50.47570850202432,11.788181733136298,16.625612592458005,0.02254233737774136,0.014927836154694894,0.01382557514808405,2.3676470588235294,52050.0,0.03931610463283965,0.0006618342262842969,1
2021-08-24,634.0,635.55,633.0,635.02,15600,625.488,626.21,632.9159999999999,0.9882638454392054,43.26298701298702,11.607627453746886,15.622015564715781,0.0006618342262842969,0.014523017364583949,0.013563720385997345,-0.7729257641921398,50540.0,0.004015621555226535,-0.007889515290857019,0
2021-08-25,635.0,635.0,625.0,630.01,12200,628.2059999999999,626.5550000000001,633.0165,0.9924006720203975,38.368372943327245,10.9342287738408,14.684458206540786,-0.007889515290857019,0.01431441282321223,0.013513456955321402,-0.21794871794871795,48310.0,0.015872763924382152,0.06558626053554706,1
2021-08-26,635.0,677.26,630.01,671.33,303400,638.314,631.621,634.4065,1.006159300070223,59.18609245357565,13.578212955978756,14.46320915642838,0.06558626053554706,0.024492161105858196,0.01927104233030243,23.868852459016395,74940.0,0.07038267320095928,0.020928604412137064,1
2021-08-27,672.0,690.0,656.0,685.38,124200,651.268,636.829,636.884,1.0225849605265638,67.07638941256312,16.615770785790687,14.893721482300842,0.020928604412137064,0.024524928402688613,0.019393747995054514,-0.5906394199077125,82720.0,0.0496075169978698,0.0056319122238759345,1
2021-08-30,687.95,695.0,674.0,689.24,60300,662.196,642.206,639.5105,1.0354732252246055,71.56295782249983,19.11419050104746,15.737815286050168,0.0056319122238759345,0.024487138114741094,0.01938761362969714,-0.5144927536231885,86180.0,0.030468341941848994,0.044396726829551314,1
2021-08-31,690.0,740.93,689.0,719.84,527200,679.1600000000001,652.324,643.8195,1.0548919378801047,80.37644913377623,23.294841953159903,17.249220619472116,0.044396726829551314,0.023506506363833595,0.021226830709979442,7.742951907131012,131190.0,0.07214103134029777,0.005126139142031416,1
2021-09-01,730.0,749.98,718.0,723.53,259200,697.864,663.0350000000001,647.664,1.0775093258232664,83.98308444561914,26.59917181503522,19.119210858584736,0.005126139142031416,0.022869927243669517,0.020974630714814826,-0.5083459787556904,145840.0,0.044199964065069895,-0.003925200060812872,0
2021-09-02,721.31,729.95,713.0,720.69,283000,707.736,673.025,651.18,1.086851561780153,80.86895090074184,28.65835707074916,21.027040101017622,-0.003925200060812872,0.023619950743813626,0.02108800824366895,0.091820987654321,167420.0,0.023519127502809867,0.052810501047606984,1
2021-09-03,750.0,762.0,729.99,758.75,397400,722.4100000000001,686.8389999999999,656.7135000000001,1.1000382967610687,84.73850315599643,32.98121324464762,23.417874729743623,0.052810501047606984,0.025615957641306877,0.02346798901142534,0.40424028268551226,205120.0,0.04218780889621086,0.012151565074135062,1
2021-09-06,753.1,771.9,753.1,767.97,206700,738.156,700.176,663.1075,1.1131769735676342,93.95348837209309,36.72771066585403,26.079841916965705,0.012151565074135062,0.025738279200468193,0.022975841421201126,-0.4798691494715652,218920.0,0.024480122921468228,0.003268356836855668,1
2021-09-07,765.0,779.85,764.0,770.48,120800,748.284,713.722,669.966,1.1168984694745703,95.27980249235841,39.44467917915415,28.752809369403394,0.003268356836855668,0.025538189017370653,0.02254629805546698,-0.4155781325592647,229440.0,0.020571591735022352,0.009630360294881068,1
2021-09-08,774.0,780.0,770.0,777.9,193200,759.158,728.511,677.533,1.120473836698729,95.36293815325988,41.71575503226222,31.34539850197516,0.009630360294881068,0.02398034039308365,0.02201393338994974,0.5993377483443709,247540.0,0.01285512276642242,0.01861421776577976,1
2021-09-09,779.0,835.0,766.01,792.38,384700,773.496,740.616,686.1185,1.1273504503959593,95.81266335947089,44.17479446096797,33.91127769377373,0.01861421776577976,0.018334207138807675,0.021526659670146192,0.9912008281573499,255670.0,0.08706681137837907,0.03290088089048182,1
2021-09-10,809.0,819.94,790.02,818.45,158500,785.436,753.923,695.376,1.129512666528612,96.06614883487852,47.67763396253531,36.66454894752604,0.03290088089048182,0.01900769342364557,0.02194636051351448,-0.5879906420587471,259100.0,0.036556906347364006,-0.003250045818315228,0
2021-09-13,821.0,824.0,805.01,815.79,156900,795.0,766.578,704.392,1.1286329203057388,94.79161504534417,49.66649529325014,39.26493821667086,-0.003250045818315228,0.019842191724549558,0.022151538678409174,-0.010094637223974745,268760.0,0.023278049498032593,-0.007367092021230981,0
2021-09-14,820.0,825.0,801.0,809.78,199200,802.86,775.5719999999999,713.948,1.1245356804697262,94.32417772079492,50.17928983676461,41.447808540689614,-0.007367092021230981,0.01866809934795656,0.020737715680395456,0.26959847036328877,235960.0,0.029637679369705353,-0.011040035565215156,0
2021-09-15,804.79,804.79,778.0,800.84,354500,807.4480000000001,783.303,723.169,1.116541223420805,87.99953054398219,49.29604579152078,43.01745599085585,-0.011040035565215156,0.01998279760423992,0.02112749881261715,0.7796184738955823,245490.0,0.033452375006243394,-0.004532740622346543,0
2021-09-16,785.0,807.0,785.0,797.21,99600,808.414,790.955,731.99,1.1044057978934139,84.9490593162073,47.752694521981994,43.96450369708108,-0.004532740622346543,0.02003198327560639,0.021466701782313854,-0.7190409026798308,227150.0,0.02759624189360394,-0.018401675844507803,0
2021-09-17,792.0,804.99,779.01,782.54,157700,801.232,793.334,740.0865,1.0826193965164883,77.31264637002342,44.82906951568248,44.137416860801366,-0.018401675844507803,0.015361198970608626,0.02240920993055414,0.5833333333333333,203180.0,0.033199580852097045,-0.010938737955887179,0
2021-09-20,785.0,799.25,761.0,773.98,122100,792.87,793.9350000000001,747.0555,1.0613267688946804,68.19709599354667,41.34475853336028,43.57888519531315,-0.010938737955887179,0.015599266556278217,0.02281857074780794,-0.22574508560558026,194720.0,0.04941988165068865,-0.035362670870048296,0
2021-09-21,771.99,785.0,720.1,746.61,112300,780.2360000000001,791.548,752.635,1.0366724906495182,56.69218278821621,35.96035809383875,42.05517977501827,-0.035362670870048296,0.019290960497464822,0.0249361854977802,-0.08026208026208026,193870.0,0.0869262399378524,-0.02609126585499799,0
2021-09-22,740.0,740.0,710.01,727.13,465400,765.4939999999999,786.471,757.491,1.0105651420280901,51.702982864396006,29.77804597633508,39.59975301528163,-0.02609126585499799,0.01999208501860604,0.025877039606637404,3.1442564559216386,221090.0,0.041244344202549764,-0.018868702982960395,0
2021-09-23,730.0,735.0,701.1,713.41,155700,748.734,778.574,759.595,0.9857015909794035,36.23892193759865,23.500530260611868,36.37990846434768,-0.018868702982960395,0.018182402889750576,0.022581564775003917,-0.6654490760636012,198190.0,0.047518257383552205,0.0071067128299295845,1
2021-09-24,715.0,724.0,703.0,718.48,364800,735.9219999999999,768.577,761.25,0.9667284072249588,34.59119496855348,18.71888085073624,32.84770294162539,0.0071067128299295845,0.012228331320109904,0.02222178238669671,1.3429672447013488,218820.0,0.02922837100545596,0.03536632891660174,1
2021-09-27,720.01,772.36,703.55,743.89,475900,729.904,761.387,763.9825,0.9553936117646674,42.75437353534252,16.786262300540557,29.635414813408428,0.03536632891660174,0.019525548758270346,0.02339927610580652,0.3045504385964912,250720.0,0.0925002352498354,0.018120958743900406,1
2021-09-28,729.99,775.0,729.99,757.37,254700,732.0559999999999,756.1460000000001,765.859,0.9558626326778166,44.58454233711423,16.15613366662035,26.939558584050815,0.018120958743900406,0.02134323079730196,0.02169182337512196,-0.4648035301533936,256270.0,0.05942934100901804,-0.023845676485733658,0
2021-09-29,751.0,759.79,700.57,739.31,956200,734.492,749.993,766.6479999999999,0.9580563700681408,36.260549888676024,14.037643897405019,24.359175646721656,-0.023845676485733658,0.022021658417199483,0.022479002332559363,2.7542206517471537,316440.0,0.08010171646535272,-0.015960828339938504,0
2021-09-30,734.0,734.89,704.0,727.51,263000,737.3120000000001,743.023,766.989,0.9613071373904972,24.577882142457796,11.276574774545224,21.742655472286373,-0.015960828339938504,0.022132700401172406,0.022785744056820094,-0.7249529387157498,332780.0,0.04245989745845416,-0.0051683138376105164,0
2021-10-01,720.0,734.0,708.0,723.75,139900,738.366,737.144,765.2389999999999,0.9648828666599586,24.427650589019805,8.684892985700003,19.1311029749691,-0.0051683138376105164,0.021894976431875927,0.01921795743561293,-0.4680608365019011,331000.0,0.03592400690846287,0.002390328151986143,1
2021-10-04,704.01,730.0,704.01,725.48,155900,734.684,732.294,763.1144999999999,0.9627441229330592,26.00751366120221,6.693405624232128,16.643563504821707,0.002390328151986143,0.022071724452132967,0.018956919518494205,0.11436740528949252,334380.0,0.035824557534322114,-0.019587032033963725,0
2021-10-05,729.98,729.98,700.1,711.27,55800,725.4639999999999,728.76,760.154,0.9543645103492187,25.25006907985633,3.92328412309098,14.099507628475562,-0.019587032033963725,0.02024653968584704,0.01926636946989954,-0.6420782552918538,328730.0,0.042009363532835624,-0.007493638140227965,0
2021-10-06,708.0,710.9,698.0,705.94,230700,718.79,726.641,756.556,0.9500816859558313,25.015056118258983,1.2830660338995585,11.536219309560362,-0.007493638140227965,0.018865641881281016,0.01901631652718716,3.134408602150538,305260.0,0.018273507663540776,-0.0009774201773522506,0
2021-10-07,704.0,709.95,702.01,705.25,83000,714.338,725.825,752.1995,0.9496656139760795,27.088397462500765,-0.8551454722636436,9.057946353195561,-0.0009774201773522506,0.018000325888930056,0.018242599994263597,-0.6402254009536195,297990.0,0.011258419000354562,0.028869195320808227,1
2021-10-08,705.24,750.0,690.25,725.61,76900,714.7099999999999,726.538,747.5575000000001,0.9560602361691238,36.59888070039342,-0.8964776155851268,7.067061559439424,0.028869195320808227,0.02026328509798236,0.01781136253436393,-0.0734939759036145,269200.0,0.0823445101362991,-0.04823527790410831,0
2021-10-11,711.0,715.0,683.0,690.61,101900,707.736,721.21,741.2985,0.9547247161568518,35.114300903774605,-3.710666871855892,4.911515873180361,-0.04823527790410831,0.021777176282768023,0.020152146285572742,0.32509752925877766,231800.0,0.0463358480184185,-0.014595792125801865,0
2021-10-12,670.01,690.0,661.0,680.53,236100,701.588,713.526,734.836,0.9547545302625347,36.96138780078344,-6.677331766405928,2.5937463452631038,-0.014595792125801865,0.01993169352180276,0.02020305310815911,1.3169774288518155,229940.0,0.04261384509132588,-0.0480360895184635,0
2021-10-13,684.4,690.0,640.0,647.84,115900,689.9680000000001,704.379,727.186,0.9488191466832421,33.41427631911775,-11.533296207818012,-0.23166216535311923,-0.0480360895184635,0.02297268586737061,0.02205985563865594,-0.5091063108852181,145910.0,0.07717955050629785,0.039454186218819354,1
2021-10-14,612.0,690.0,612.0,673.4,343600,683.5980000000001,698.9680000000001,720.9955,0.9481307442279461,39.66813348001466,-13.167418819091495,-2.8188134961007947,0.039454186218819354,0.028229092464748338,0.02470100001991363,1.9646246764452115,153970.0,0.11583011583011583,0.02377487377487375,1
2021-10-15,665.0,700.0,656.0,689.41,198400,676.358,695.534,716.339,0.9441870399350027,36.951523280321894,-13.020507260185127,-4.8591522489176615,0.02377487377487375,0.029909988434087664,0.025561757890897166,-0.4225844004656577,159820.0,0.0638226889659274,-0.03534906659317383,0
2021-10-18,679.0,684.0,655.0,665.04,37100,671.2439999999999,689.49,710.892,0.944227815195557,28.98247211472797,-14.701069346396025,-6.827535668413335,-0.03534906659317383,0.03130048054790611,0.026379474404878776,-0.8130040322580645,147940.0,0.04360639961506075,0.021367135811379834,1
2021-10-20,664.0,681.0,660.0,679.25,103100,670.9879999999999,686.288,707.5240000000001,0.9483607623204299,36.0843373493976,-14.716654236203453,-8.405359381971358,0.021367135811379834,0.03231055807100151,0.026244261094833504,1.778975741239892,152670.0,0.030916451969083547,0.006168568273831498,1
2021-10-21,680.0,693.7,674.0,683.44,160500,678.108,684.038,705.3394999999999,0.9613923507757612,39.41591815168838,-14.226908446323705,-9.569669194841829,0.006168568273831498,0.03244074410435413,0.025828213991100794,0.556741028128031,145650.0,0.028824768816575037,-0.011412852627882608,0
2021-10-22,693.0,700.0,660.0,675.64,314399,678.5559999999999,681.077,703.451,0.964610186068397,38.66559864298167,-14.303296691331525,-10.51639469413977,-0.011412852627882608,0.032544850219038426,0.0256367966665129,0.9588722741433022,168789.9,0.059203125925048845,0.0,0
2021-10-25,688.8,688.8,665.0,675.64,199229,675.802,676.0799999999999,701.309,0.9636294415157941,38.161520190023744,-14.200144499342514,-11.25314465518032,0.0,0.03054387426352528,0.02554715723163271,-0.36631795902658726,181022.8,0.035225859925403995,-0.006985968859155811,0
2021-10-26,675.0,689.0,656.0,670.92,180301,676.9780000000001,674.111,697.6605000000001,0.9703544919054469,39.9631859111487,-14.33402646289153,-11.869321016722562,-0.006985968859155811,0.02687416526482472,0.023924501450765863,-0.09500624909024291,188862.9,0.04918619209443749,0.029273236749537856,1
2021-10-27,684.0,694.0,679.0,690.56,156618,679.24,675.114,694.3199999999999,0.9782809079387027,46.4285714285714,-12.708845363530713,-12.037225886084194,0.029273236749537856,0.02823741407966834,0.024608862262946802,-0.1313525715331585,180914.7,0.02172150139017609,0.0033016682113069518,1
2021-10-28,690.0,698.5,670.02,692.84,212255,681.12,679.614,691.9965,0.9842824349545121,47.139366557558446,-11.108844839945732,-11.851549676856504,0.0033016682113069518,0.022182621928504825,0.024220674335999656,0.3552401384259791,190550.2,0.04110617169909361,-0.005946538883436325,0
2021-10-29,698.88,698.88,675.5,688.72,282165,683.7360000000001,681.146,690.057,0.9908398871397581,40.80829222105946,-10.057347622436737,-11.49270926597255,-0.005946538883436325,0.019244415739731995,0.024040609185172174,0.3293679771972391,184406.7,0.033947032175630144,0.023042745963526512,1
2021-11-01,697.48,715.0,690.0,704.59,95816,689.5260000000001,682.664,689.0989999999999,1.000619649716514,53.85039109838052,-7.852928462024465,-10.764753105182935,0.023042745963526512,0.019155329809057257,0.024692101018527833,-0.6604256374816153,174148.3,0.03548162761322187,0.051661249804850984,1
2021-11-02,705.0,748.88,702.1,740.99,277777,703.54,690.259,689.8745000000001,1.019808675346023,64.54344270181852,-3.132623667262351,-9.238327217598819,0.051661249804850984,0.019878393901528447,0.027366370380861947,1.8990669616765468,198216.0,0.06313175616405076,0.06508859768687847,1
2021-11-03,739.0,795.0,737.0,789.22,606412,723.2720000000002,701.256,693.772,1.0425211741033078,81.64279319606085,4.44872765247726,-6.500916243583603,0.06508859768687847,0.026202616405139295,0.030335186820416075,1.1830893126500754,248547.2,0.07349028154380274,0.025518866729175693,1
2021-11-04,798.38,817.0,790.0,809.36,309368,746.576,713.8480000000001,698.943,1.0681500494317848,81.18634737131845,11.944444753099674,-2.8118440442469477,0.025518866729175693,0.026158033906263183,0.030480257590566703,-0.4898385915845993,263434.0,0.03335969160818424,-0.01209597706830079,0
2021-11-05,807.89,808.0,793.0,799.57,118028,768.746,726.241,703.659,1.0924979286842065,76.01057801284472,16.900069891728663,1.1305387429481746,-0.01209597706830079,0.026242263306771197,0.030739450314731354,-0.6184867213157146,243796.9,0.018760083544905385,-0.002663931863376545,0
2021-11-08,780.5,809.98,780.5,797.44,312451,787.316,738.421,707.2504999999999,1.1132067068174574,84.93035035880116,20.420174260834187,4.9884658465253775,-0.002663931863376545,0.0264499331103635,0.030351082488088994,1.6472616667231503,255119.1,0.03696829855537723,-0.011398976725521703,0
2021-11-09,795.0,805.0,766.0,788.35,226516,796.788,750.164,712.1375,1.11886819609977,79.58242950108458,22.22025404562237,8.434823486344776,-0.011398976725521703,0.026927453042514572,0.027963695247863442,-0.2750351255076796,259740.6,0.04947041288767679,0.0008752457664742419,1
2021-11-10,796.99,802.0,785.0,789.04,134320,796.7520000000001,760.012,717.563,1.1103582542578143,79.18739635157542,23.432393432045046,11.434337475484831,0.0008752457664742419,0.02693728880540494,0.02754547130033626,-0.4070176058203394,257510.8,0.021545168812734463,-0.0030036500050694137,0
2021-11-11,793.0,794.95,785.0,786.67,111328,792.214,769.395,724.5045,1.0934562863308648,81.63788681825952,23.925979635857175,13.9326659075593,-0.0030036500050694137,0.02728033804213874,0.024404050056559823,-0.17117331745086362,247418.1,0.012648251490459844,-0.01573722145245149,0
2021-11-12,783.0,786.0,769.99,774.29,85820,787.158,777.952,729.549,1.0789652237204082,76.25765238221985,23.05245338943223,15.756623403933887,-0.01573722145245149,0.02820033994529569,0.024019554548450225,-0.22912474849094566,227783.6,0.020677007322837684,0.02749615777034453,1
2021-11-15,760.1,828.0,760.1,795.58,140116,786.786,787.051,734.8575,1.0706647207111584,80.49114568046181,23.803708285943458,17.3660403803358,0.02749615777034453,0.028426106299589596,0.02416805872454647,0.6326730365882078,232213.6,0.08534653963146381,0.0022625003142360267,1
2021-11-16,804.0,804.0,790.1,797.38,171431,788.592,792.69,741.4745,1.0635456782397776,78.62579054561047,24.264620717273374,18.745756447723316,0.0022625003142360267,0.024959713140716766,0.02203045163457661,0.22349339119015665,221579.0,0.017432090095061296,0.02597256013444027,1
2021-11-17,807.0,822.5,800.3,818.09,397740,794.402,795.577,748.4165,1.0614437281914548,80.54729037607922,26.001294323389175,20.196864022856488,0.02597256013444027,0.016630506366461805,0.02218629229468982,1.320117131673968,200711.8,0.02713637863804721,-0.008006454057622125,0
2021-11-18,818.24,821.8,785.1,811.54,276410,799.376,795.795,754.8215,1.05902653806231,79.60374084072501,26.543117868654917,21.466114792016175,-0.008006454057622125,0.015052720578671835,0.0225245343001009,-0.3050485241615125,197416.0,0.04522266308499881,-0.01243315178549409,0
2021-11-19,800.0,812.0,800.0,801.45,210938,804.808,795.983,761.112,1.0574107358706735,74.01566993950215,25.860237536670525,22.344939340947047,-0.01243315178549409,0.015084091439955994,0.022573972182197536,-0.2368655258492819,206707.0,0.014972861688190155,-0.03514879281302652,0
2021-11-22,783.33,793.78,767.0,773.28,142341,800.3480000000001,793.5669999999999,765.9939999999999,1.044848915265655,58.346688724603204,22.783334284697844,22.432618329697206,-0.03514879281302652,0.018833872087076223,0.024575513414019565,-0.32519982174857065,189696.0,0.034631698737843955,-0.05749534450651761,0
2021-11-23,775.0,775.0,725.0,728.82,160043,786.6360000000001,787.614,768.889,1.0230813550460471,34.07676895497205,16.566349294865176,21.259364522730802,-0.05749534450651761,0.025576120405202657,0.028392974538703073,0.12436332469211253,183048.7,0.06860404489448697,0.023119563129442078,1
2021-11-24,712.0,750.0,705.0,745.67,201590,772.1519999999999,783.277,771.6445000000001,1.0006576862791088,32.91302248215912,12.850861347903674,19.577663887765375,0.023119563129442078,0.027297016272270883,0.02814294982263161,0.25959898277337956,189775.7,0.06034841149570185,0.003540440141081236,1
2021-11-25,750.0,757.9,738.5,748.31,47705,759.506,779.441,774.418,0.9807442492297441,35.69914072090165,10.00401624589233,17.662934359390768,0.003540440141081236,0.027436203324635335,0.028142590190256035,-0.7633563172776427,183413.4,0.025925084523793586,0.017960470927824046,1
2021-11-26,745.0,772.0,745.0,761.75,82464,751.566,778.187,778.0695000000001,0.9659368475438248,40.63402088909881,8.731712918152425,15.8766900711431,0.017960470927824046,0.027986082346200508,0.028195160480132465,0.7286238339796667,183077.8,0.035444699704627505,0.010252707581227316,1
2021-11-29,759.99,777.0,747.01,769.56,159847,750.8219999999999,775.585,781.318,0.960968517300254,45.035667107001295,8.258407314730562,14.353033519860592,0.010252707581227316,0.026508749105825655,0.027918289764333484,0.9383852347691113,185050.9,0.038970320702739245,0.041634180570715884,1
2021-11-30,769.9,807.0,769.9,801.6,858957,765.378,776.007,784.3485,0.9758136848607476,52.84678150498641,10.349368368292176,13.552300489546909,0.041634180570715884,0.030062406097917927,0.027110596497266576,4.3736197739088,253803.5,0.04628243512974055,-0.01299900199600812,0
2021-12-01,787.0,798.99,781.0,791.18,31334,774.48,773.316,784.4465,0.9872948633208256,50.986223485676796,11.038419126856866,13.049524217008901,-0.01299900199600812,0.0289626061754719,0.023239910176446915,-0.9635208747352895,217162.9,0.022738188528527024,-0.0749892565535023,0
2021-12-02,791.99,792.0,731.85,731.85,110883,771.188,765.347,780.5709999999999,0.9879793125801497,42.30043541364297,6.7196022667368425,11.783539826954492,-0.0749892565535023,0.03691416517040367,0.02791504744579044,2.5387438565136913,200610.2,0.08218897315023567,-0.0032110405137665277,0
2021-12-03,700.0,754.99,695.0,729.5,305738,764.738,758.152,777.0674999999999,0.9841332960135383,37.126938362035375,3.0718727920931315,10.04120641998222,-0.0032110405137665277,0.03695224720590087,0.027860840565262026,1.757302742530415,210090.2,0.08223440712817,0.03174777244688132,1
2021-12-06,727.4,759.9,712.0,752.66,144075,761.358,756.09,774.8285000000001,0.982614862514737,41.95741313574562,2.02647935421453,8.438261006828682,0.03174777244688132,0.037686841517483,0.02899989468798214,-0.528763189397458,210263.6,0.06364095341854221,0.017511226848776484,1
2021-12-07,752.0,778.99,752.0,765.84,118233,754.2059999999999,759.792,773.7030000000001,0.9748004079084608,40.34160227734852,2.2357411410137047,7.197757033665686,0.017511226848776484,0.03253652914272336,0.029251255529710696,-0.17936491410723576,206082.6,0.03524234827117937,0.017732163376162013,1
2021-12-08,778.0,798.99,752.0,779.42,75083,751.854,763.1669999999999,773.222,0.972364987028305,44.21302969155376,3.457518995161081,6.449709425964766,0.017732163376162013,0.032254955665566735,0.02955044767626932,-0.36495733001784614,193431.9,0.06028841959405713,-0.007056529214030993,0
2021-12-09,765.0,785.0,755.0,773.92,101448,760.268,765.728,772.5844999999999,0.9840580544911269,44.9565822738431,3.9366039920554385,5.947088339182901,-0.007056529214030993,0.032478541416813826,0.02958463672045268,0.3511447331619675,198806.2,0.03876369650609882,-0.02580370064089299,0
2021-12-10,760.0,778.0,752.0,753.95,76355,765.158,764.948,771.5675,0.9916928849387773,46.34911041438447,2.6740454683450707,5.292479765015335,-0.02580370064089299,0.033305206426385806,0.029942900730610063,-0.24734839523696872,198195.3,0.03448504542741561,-0.04051992837721341,0
2021-12-13,755.95,755.95,715.0,723.4,26321,759.306,760.332,767.9585,0.9887331151357789,48.91954389602104,-0.7826490498706562,4.077454002038137,-0.04051992837721341,0.03529160435644391,0.030407447557122935,-0.6552812520463625,184842.7,0.05660768592756434,0.001617362455073268,1
2021-12-14,722.0,730.51,709.0,724.57,78692,751.052,752.629,764.318,0.9826433500192329,45.513311218848365,-3.388633084941489,2.5842365846422117,0.001617362455073268,0.03139485311284994,0.03040046482552839,1.9897040386003573,106816.2,0.029686572725892584,0.06300288446940949,1
2021-12-15,746.99,773.75,742.0,770.22,142959,749.212,750.533,761.9245,0.9833152759886314,53.9385223800108,-1.7501461256955508,1.7173600425746591,0.06300288446940949,0.03880476247958142,0.03332960862733801,0.8166903878412037,117978.7,0.04122198852275973,-0.024343694009503758,0
2021-12-16,760.0,768.99,741.01,751.47,54474,744.7220000000001,752.495,758.921,0.9812905427574149,48.18669300783179,-1.9422130821189967,0.9854454176359282,-0.024343694009503758,0.03067261639662798,0.03367071064627718,-0.6189536860218664,112337.8,0.03723368863693829,0.03185755918399935,1
2021-12-17,745.0,798.99,740.0,775.41,72418,749.014,757.086,757.6189999999999,0.9886420483118825,50.97633432357555,-0.1608158191216944,0.7561931702844037,0.03185755918399935,0.03185686861083834,0.034484665094275675,0.3294048536916694,89005.8,0.0760758824363885,-0.008589004526637467,0
2021-12-20,781.0,781.0,760.0,768.75,110390,758.0840000000001,758.6949999999999,757.3925,1.0009130008549068,44.01006527843624,0.7054164048120128,0.7460378171899256,-0.008589004526637467,0.030853190552709193,0.033603773110103624,0.524344776160623,85637.3,0.027317073170731707,-0.009482926829268212,0
2021-12-21,762.0,772.89,758.0,761.46,53772,765.4620000000001,758.2570000000001,759.0245,1.0084812809072699,44.518223402685564,0.7945109802038814,0.7557324497927167,-0.009482926829268212,0.030577522667515265,0.03086486067759421,-0.5128906603859045,79191.2,0.019554539962703208,-0.0021406245896041787,0
2021-12-22,760.0,770.0,743.0,759.83,74737,763.384,756.298,759.7325,1.004806296953204,56.556378292248574,0.7252316762493365,0.7496322950840407,-0.0021406245896041787,0.02992438806261803,0.030497755496921058,0.3898869300007439,79156.6,0.035534264243317584,-0.008330810839266678,0
2021-12-23,747.0,763.5,747.0,753.5,23627,763.79,754.2560000000001,759.992,1.0049974210254844,55.5207949944792,0.1577310059002457,0.6312520372472817,-0.008330810839266678,0.029950324749042776,0.030569057667126556,-0.6838647523984105,71374.5,0.021897810218978103,0.009993364299933694,1
2021-12-24,747.0,768.0,747.0,761.03,31322,760.914,754.964,759.9559999999999,1.0012605992978543,52.07455509839886,0.3119942299185823,0.5674004757815418,0.009993364299933694,0.02894793228738433,0.030384917686588374,0.3256867143522242,66871.2,0.02759418156971473,0.005939319080719541,1
2021-12-27,751.0,769.0,749.0,765.55,10888,760.274,759.179,759.7555,1.0006824563955115,49.9248977054954,0.7898700409880348,0.6118943888228405,0.005939319080719541,0.024939971031933083,0.030326511401639524,-0.6523849051784688,65327.9,0.02612500816406505,-0.0031088759715237613,0
2021-12-28,768.0,768.0,756.0,763.17,11604,760.616,763.039,757.8340000000001,1.0036709886333945,45.5325232308792,0.965415248623799,0.6825985607830323,-0.0031088759715237613,0.025075661715845708,0.028714916213061964,0.06576047024246878,58619.1,0.01572388851763041,-0.016221811654022034,0
2021-12-29,753.0,763.5,748.12,750.79,107785,758.808,761.096,755.8145,1.003960627905392,43.87284768211921,0.10437043695810644,0.5669529360180472,-0.016221811654022034,0.015611555257990765,0.02878849014466197,8.288607376766633,55101.7,0.020485089039545008,0.021963531746560294,1
2021-12-30,750.0,774.0,745.0,767.28,143406,761.564,762.6769999999999,757.586,1.0052508890079805,53.59745236681598,0.7440148672831128,0.6023653222710603,0.021963531746560294,0.0152572944188448,0.02358212865732535,0.3304819780117827,63994.9,0.037795850276300696,-0.009696590553643913,0
2021-12-31,767.0,767.0,754.01,759.84,236470,761.326,761.12,759.1030000000001,1.0029284563491383,61.23581647755306,0.643177713067189,0.6105278004302861,-0.009696590553643913,0.011466613291575497,0.02371088427367204,0.6489547159812001,80400.1,0.017095704358812393,0.021978311223415314,1
2022-01-03,754.0,781.0,754.0,776.54,66997,763.524,761.899,760.2969999999999,1.0042443939670946,64.62378299285271,1.8890383163104616,0.8662299036063212,0.021978311223415314,0.013414200483358589,0.023166759531642104,-0.7166786484543494,76060.8,0.03476961907950653,0.02558786411517766,1
2022-01-04,778.0,798.0,776.54,796.41,133932,770.1719999999999,765.394,761.8254999999999,1.0109559210081573,58.62023566585478,4.428683651429083,1.5787206531708735,0.02558786411517766,0.014850661779196795,0.023522431773724536,0.9990745854291982,84076.8,0.026945919815170624,-0.009341921874411296,0
2022-01-05,798.0,798.0,785.0,788.97,12118,777.808,768.308,762.3030000000001,1.020339681202881,63.335704125177834,5.774460667246558,2.4178686559860108,-0.009341921874411296,0.015378854097636525,0.023361159533295,-0.9095212495893439,77814.9,0.01647717910693689,-0.002864494213975166,0
2022-01-06,780.0,797.0,772.9,786.71,41296,781.6940000000001,771.629,762.9425,1.0245778679258268,54.7510931718803,6.582753649243159,3.2508456546374402,-0.002864494213975166,0.014988957966694099,0.02330508187256654,2.4078230731143755,79581.8,0.030633905759428533,0.02521894980361239,1
2022-01-07,787.0,815.0,785.0,806.55,143992,791.036,776.181,765.5725,1.0332607297153438,64.3073429220288,8.723692553665046,4.345415034442961,0.02521894980361239,0.016330899284561336,0.022998548658413543,2.486826811313444,90848.8,0.03719546215361726,0.004004711425206198,1
2022-01-10,804.5,816.0,800.0,809.78,72278,797.684,780.604,769.8915,1.0360992425556068,68.86910340518588,10.55931485708777,5.5881949989719235,0.004004711425206198,0.016342434595139076,0.020521999317504112,-0.4980415578643258,96987.8,0.019758452913136902,-0.029650028402776085,0
2022-01-11,809.5,809.5,780.05,785.77,139655,795.556,782.8639999999999,772.9515,1.0292443963172333,58.62252360058502,9.961818771654407,6.46291975350842,-0.029650028402776085,0.019742846808798228,0.021999384852942006,0.9321923683555162,109792.9,0.037479160568614285,-0.0031688662076688745,0
2022-01-12,787.0,793.0,775.18,783.28,107168,794.4179999999999,786.113,773.6045,1.026904574624372,60.15827534452177,9.181537579116593,7.006643318630055,-0.0031688662076688745,0.01872907547024689,0.017144619960994728,-0.23262325015216068,109731.2,0.02275048513941381,-0.007851598406700022,0
2022-01-13,784.0,786.0,776.0,777.13,47618,792.502,787.098,774.8875,1.0227316868577696,55.544077134986246,7.974974962978649,7.2003096474997745,-0.007851598406700022,0.01798123054786631,0.016234990698997462,-0.5556696028665273,100152.4,0.012867859946212345,0.003654472224724259,1
2022-01-14,784.0,784.0,775.0,779.97,54115,787.186,789.111,775.1155,1.0155725179021708,55.02369007803794,7.16533217297922,7.193314152595664,0.003654472224724259,0.01755457344010607,0.014633066276181453,0.1364400016800369,81916.9,0.011538905342513173,0.00010256804748887127,1
2022-01-17,779.9,783.0,770.0,780.05,120017,781.24,789.462,775.6805,1.0071672550747375,55.97649058207054,6.455722213031095,7.045795764682751,0.00010256804748887127,0.01620421224768529,0.01448049152616415,1.2178139148110505,87218.9,0.016665598359079548,-0.006307287994359312,0
2022-01-18,778.5,783.99,772.0,775.13,171329,779.112,787.3340000000001,776.3639999999999,1.0035395767964512,59.09838516746415,5.43371187731077,6.723378987208355,-0.006307287994359312,0.01367401721109098,0.014378516790397092,0.42753943191381216,90958.6,0.015468373047101788,-0.00047733928502313727,0
2022-01-19,775.0,780.0,769.0,774.76,436285,777.408,785.913,777.1105,1.0003828284394563,53.1791907514451,4.541553216819693,6.287013833130624,-0.00047733928502313727,0.013475754344638026,0.014364271700246782,1.5464749108440485,133375.3,0.014197945170117198,-0.005795343073984216,0
2022-01-20,770.0,774.5,759.97,770.27,204793,776.036,784.269,777.949,0.9975409699093385,54.54703984654284,3.4326362809156308,5.716138322687626,-0.005795343073984216,0.013534818212738964,0.014287911783389643,-0.5305981182025511,149725.0,0.01886351539070712,0.012112635828995133,1
2022-01-21,770.05,785.0,770.05,779.6,42994,775.9620000000001,781.574,778.8775,0.9962567926278523,51.42564293701084,3.26898185784637,5.226707029719375,0.012112635828995133,0.011000668336995601,0.014364229222242867,-0.7900611837318658,139625.2,0.019176500769625508,-0.011210877373011852,0
2022-01-24,780.0,795.0,765.01,770.86,58150,774.124,777.682,779.1429999999999,0.9935583070116784,36.71899365838444,2.4063012487995366,4.662625873535408,-0.011210877373011852,0.010924283089738408,0.014583186020399343,0.3525143043215333,138212.4,0.03890460005707912,-0.026723399839140738,0
2022-01-25,775.75,775.75,746.5,750.26,720379,769.15,774.1310000000001,778.4975,0.9879928965732068,32.29995427526289,0.059684802979063534,3.742037659424139,-0.026723399839140738,0.01020163929726911,0.015792057875639993,11.38828890799656,196284.8,0.038986484685309096,-0.008343774158291795,0
2022-01-26,754.99,754.99,739.39,744.0,172545,762.998,770.203,778.158,0.9805180952968421,31.160123511248315,-2.2788857434954934,2.537852978840213,-0.008343774158291795,0.010253982502440428,0.015480600862629805,-0.7604802472032083,202822.5,0.0209677419354839,-6.72043010752077e-05,0
2022-01-27,749.3,749.3,742.5,743.95,52698,757.734,766.885,776.9915,0.9752153015830933,16.545532278751637,-4.08911753069367,1.2124588769334363,-6.72043010752077e-05,0.010315825416904144,0.014566854238109989,-0.6945840215595931,203330.5,0.009140399220377652,-0.010901270246656325,0
2022-01-28,745.0,745.0,735.0,735.84,49697,748.982,762.472,775.7915,0.9654423901267285,12.444128403088172,-6.107742235413639,-0.25158134553597866,-0.010901270246656325,0.0100923554613155,0.01460522376994251,-0.056947132718509264,202888.7,0.013589910850184822,0.0017666884105240754,1
2022-01-31,739.0,743.0,733.0,737.14,45201,742.238,758.181,773.8215,0.9591850316901249,17.892512874686346,-7.515978203665213,-1.7044607171618256,0.0017666884105240754,0.010212785624229557,0.013556634852927187,-0.09046823751936739,195407.1,0.013565944054046722,-0.004191876712700493,0
2022-02-01,735.0,742.98,732.43,734.05,51391,738.996,754.073,770.7035,0.9588590164700174,17.751866893750787,-8.780140535444616,-3.1195966808183835,-0.004191876712700493,0.010218293071624881,0.011833708302635894,0.13694387292316534,183413.3,0.014372317961991784,0.0012533206184865975,1
2022-02-02,739.99,739.99,732.0,734.97,177131,737.1899999999999,750.0939999999999,768.0035,0.9598784380539931,20.35161744022507,-9.59713221378513,-4.415103787411733,0.0012533206184865975,0.010324716595848398,0.011819212808048197,2.4467319180401237,157497.9,0.010871192021443064,0.004231465229873388,1
2022-02-03,736.88,745.0,736.0,738.08,65818,736.016,746.875,765.572,0.9613935723877048,20.65293540703378,-9.879765212897723,-5.508036072508932,0.004231465229873388,0.010740086453996019,0.011944253689349956,-0.6284219024337919,143600.4,0.012193800130067201,-0.01483579015824854,0
2022-02-04,744.98,744.98,720.0,727.13,169782,734.274,741.6279999999999,761.6009999999999,0.9641190071966819,17.825875486381392,-10.862115679861745,-6.5788519939794945,-0.01483579015824854,0.009499361839480427,0.010169115703678754,1.579567899358838,156279.2,0.03435424201999645,0.0032593896552197688,1
2022-02-07,733.0,733.0,727.0,729.5,13214,732.746,737.492,757.587,0.9672103665981596,21.37030995106042,-11.318918858481766,-7.5268653668799494,0.0032593896552197688,0.009865187380722033,0.010135226470953699,-0.9221707837108764,151785.6,0.00822481151473612,-0.008937628512679874,0
2022-02-08,734.0,734.0,720.0,722.98,23063,730.5319999999999,734.764,754.4475,0.9683006438486441,19.83923578751171,-12.06793651855753,-8.435079597215466,-0.008937628512679874,0.00670038574638884,0.008412636355059618,0.7453458453155744,82054.0,0.0193642977675731,-0.009267199645910051,0
2022-02-09,724.99,724.99,715.0,716.28,200973,726.7940000000001,731.992,751.0975,0.9676426828740611,19.341283361726354,-13.051720309003713,-9.358407739573117,-0.009267199645910051,0.00677776934010752,0.008486480709883651,7.714087499458007,84896.8,0.013947059809013248,-0.015622382308594362,0
2022-02-10,717.98,717.98,703.5,705.09,275290,720.1960000000001,728.106,747.4955,0.9634787099052772,8.564119675230828,-14.566403104264964,-10.400006812511487,-0.015622382308594362,0.007572216105972911,0.008822769378984532,0.36978599115304056,107156.0,0.020536385425974014,0.007672779361499904,1
2022-02-11,708.0,725.0,700.0,710.5,625034,716.8700000000001,725.572,744.022,0.9635064554542743,15.14206514206515,-15.155554546657527,-11.351116359340695,0.007672779361499904,0.00829575887035011,0.009068132749672185,1.2704566093937304,164689.7,0.03518648838845883,-0.023856439127375118,0
2022-02-14,718.99,718.99,685.0,693.55,83127,709.6800000000001,721.213,739.6969999999999,0.959419870568625,15.808513203906912,-16.796564314382067,-12.44020595034897,-0.023856439127375118,0.010230963243859045,0.00995174487422129,-0.867004034980497,168482.3,0.04900872323552737,-0.005190685603056577,0
2022-02-15,693.56,698.0,685.05,689.95,103705,703.074,716.8030000000001,735.438,0.9559935711779919,16.332378223495724,-18.178021376680363,-13.58776903561525,-0.005190685603056577,0.010215895000380183,0.009951952591731752,0.24754893115353616,173713.7,0.018769476048989122,-0.002463946662801697,0
2022-02-16,695.0,695.0,685.0,688.25,78774,697.4680000000001,712.1310000000001,731.1125,0.9539817743507327,16.00341796875,-19.188815127749763,-14.707978254042152,-0.002463946662801697,0.009982375521460732,0.00990630021094203,-0.24040306639024156,163878.0,0.01452960406828914,-0.003370868143843131,0
2022-02-17,681.0,689.0,681.0,685.93,250797,693.636,706.9159999999999,726.8955,0.9542444546705819,17.220543806646518,-19.947142823000718,-15.755811167833865,-0.003370868143843131,0.009343221500693858,0.009921898001846143,2.183753522735928,182375.9,0.011662997681979212,0.010584170396396253,1
2022-02-18,686.0,695.0,686.0,693.19,84855,690.1740000000001,703.522,722.575,0.9551589800366744,23.230600560360713,-19.73481104209486,-16.551611142686067,0.010584170396396253,0.010446325253182643,0.009782098375430592,-0.6616586322802904,173883.2,0.01298345331005929,-0.004818303783955424,0
2022-02-21,692.0,694.5,688.0,689.85,8831,689.434,699.557,718.5245000000001,0.9595135586886736,23.16006801068751,-19.609994848597694,-17.163287883868392,-0.004818303783955424,0.010066209193027175,0.009700461698568755,-0.8959283483589653,173444.9,0.009422338189461477,-0.020033340581285808,0
2022-02-22,687.01,687.01,665.99,676.03,160008,686.65,694.862,714.813,0.9606008844271159,19.057118857622896,-20.391178801286856,-17.808866067352085,-0.020033340581285808,0.011047604248698831,0.00902134657185395,17.11889933189899,187139.4,0.031093294676271737,0.005635844563111281,1
2022-02-23,676.0,683.8,676.0,679.84,74231,684.9680000000001,691.2180000000001,711.605,0.9625677166405521,19.647696476964853,-20.466907780729343,-18.340474410027536,0.005635844563111281,0.01164249614900878,0.009298720149429784,-0.5360794460276986,174465.2,0.011473287832431093,-0.05788126618027778,0
2022-02-24,655.01,657.25,637.0,640.49,289439,675.88,684.758,706.432,0.9567516760282659,15.160045037799662,-23.432029826950952,-19.35878549341222,-0.05788126618027778,0.020310301237802704,0.015062221112644346,2.899166116582021,175880.1,0.031616418679448546,-0.0025137004480944025,0
2022-02-25,630.01,665.0,629.97,638.88,83955,665.018,677.596,701.5840000000001,0.947880795457137,13.33549117980263,-25.616532514709206,-20.610334897671617,-0.0025137004480944025,0.01960358859242119,0.015074853415422678,-0.7099388817678336,121772.2,0.054830328074129686,0.011113198096669219,1
2022-02-28,638.0,646.0,611.02,645.98,69747,656.244,672.8389999999999,697.0260000000001,0.9414914221277254,18.99162371134028,-26.469729406659894,-21.78221379946927,0.011113198096669219,0.020048609985978464,0.015497556245696374,-0.1692335179560479,120434.2,0.05415028329050438,0.009799064986532047,1
2022-03-01,670.0,670.0,644.44,652.31,280679,651.5,669.075,692.9390000000001,0.940198199264293,24.161887066806713,-26.33158190711515,-22.69208742099845,0.009799064986532047,0.02073859910372307,0.015915538194661714,3.0242447703843895,138131.6,0.03918382364213326,-0.0275942420015024,0
2022-03-02,651.0,651.0,630.0,634.31,227005,642.394,663.6809999999999,687.906,0.9338397978793616,22.901990811638612,-27.359169115082977,-23.625503759815356,-0.0275942420015024,0.021837459701368713,0.016541175180811947,-0.19122912651106783,152954.7,0.03310684050385458,-0.015039964686036744,0
2022-03-03,635.0,635.0,623.23,624.77,33893,639.25,657.565,682.2405,0.9369862973540856,18.184517182513233,-28.61349904593999,-24.623102817040284,-0.015039964686036744,0.02187981233157498,0.01640064678767067,-0.8506949186141275,131264.3,0.018838932727243598,0.02416889415304846,1
2022-03-04,624.77,643.99,624.77,639.87,137098,639.448,652.233,677.8775,0.9433090787052232,29.80132450331132,-28.06559800548962,-25.311601854730153,0.02416889415304846,0.023590842778720755,0.017823395663620067,3.04502404626324,136488.6,0.03003735133699037,-0.04536859049494424,0
2022-03-07,632.0,632.0,608.08,610.84,128524,632.4200000000001,644.332,671.9445000000001,0.9411789217710689,25.014212620807314,-29.63227840963259,-26.175737165710643,-0.04536859049494424,0.02635991943264095,0.019682379817317082,-0.06253920553180936,148457.9,0.03915919062274893,-0.0023246676707485703,0
2022-03-08,606.0,639.0,600.52,609.42,276569,623.8419999999999,637.671,666.2665,0.9363250290987164,25.058533189900686,-30.635321137555138,-27.067653960079543,-0.0023246676707485703,0.02633803737672714,0.01973276168012681,1.1518860290685007,160114.0,0.06314200387253457,0.038594073053066946,1
2022-03-09,625.0,636.0,605.0,632.94,84376,623.568,632.981,662.0995,0.9418040641927685,35.21731852926413,-29.19582103963046,-27.493287375989727,0.038594073053066946,0.030279339352157274,0.022341391927741344,-0.6949188086878861,161128.5,0.048977786204063574,0.06635700066357009,1
2022-03-10,650.0,680.41,640.1,674.94,459817,633.602,636.426,660.592,0.9591427083585632,45.735383464971726,-24.3848643128847,-26.871602763368724,0.06635700066357009,0.032364258418124986,0.02741332805374461,4.449618374893334,178166.3,0.0597238273031676,0.05643464604261106,1
2022-03-11,725.5,725.56,705.56,713.03,1403147,648.234,643.841,660.7185000000001,0.9811046610621619,54.659858475394,-17.29918751201103,-24.957119713097185,0.05643464604261106,0.03587602586124366,0.030317238643457617,2.0515335448667624,310085.5,0.02804931068818984,-4.2073966032285526e-05,0
2022-03-14,714.0,733.33,702.0,713.0,359869,668.6659999999999,650.543,661.691,1.010541174052541,57.868301196100965,-11.552982753354968,-22.276292321148745,-4.2073966032285526e-05,0.03606625234066231,0.02976836279571662,-0.7435272284372201,339097.7,0.043941093969144515,0.014417952314165428,1
2022-03-15,717.0,725.18,715.1,723.28,140232,691.438,657.64,663.3575,1.042330869855244,58.99751449875723,-6.099255574882477,-19.040884971895494,0.014417952314165428,0.03608587181304633,0.02984872600268953,-0.6103248682159341,325053.0,0.013936511447848588,0.05237252516314572,1
2022-03-16,725.0,765.0,725.0,761.16,394273,717.082,670.325,667.0029999999999,1.0750806218262887,75.14691785103987,1.2648811669392899,-14.979731744128538,0.05237252516314572,0.03544755462679488,0.0317964369255417,1.8115765303211822,341779.8,0.05255136896316149,0.0037048715119030184,1
2022-03-17,761.26,779.45,761.26,763.98,133561,734.89,684.246,670.9055000000001,1.0953703613996306,75.93928838019409,7.2450466351251634,-10.534776068277798,0.0037048715119030184,0.033912403267609775,0.03173155041427555,-0.6612474097896635,351746.6,0.02380952380952388,-0.049150501322024254,0
2022-03-18,760.0,760.0,720.01,726.43,619879,737.5699999999999,692.9019999999999,672.5674999999999,1.096648291807142,64.81092823741668,8.852355231166825,-6.657349808388873,-0.049150501322024254,0.040413451250979525,0.033995779378155594,3.641167706141763,400024.7,0.05505003923296121,-0.0023126798177387498,0
2022-03-21,729.89,737.0,721.5,724.75,128749,739.92,704.2929999999999,674.3125,1.0972953934562981,63.56859219300218,9.876743957624853,-3.3505310551861283,-0.0023126798177387498,0.03543133133198994,0.03397047901448683,-0.7922997875391811,400047.2,0.02138668506381511,-0.009230769230769265,0
2022-03-22,725.05,730.0,715.0,718.06,163929,738.876,715.1569999999999,676.414,1.0923428551153582,66.38109768024097,10.033097017298587,-0.6738054406891854,-0.009230769230769265,0.03593106767121959,0.03366923749135704,0.273244840736627,388783.2,0.020889619251873104,-0.005138846335960734,0
2022-03-24,715.0,720.0,695.16,714.37,352542,729.518,723.3,678.1405,1.0757623235892857,67.93578348947074,9.746899590919838,1.4103355656326193,-0.005138846335960734,0.0356868440514517,0.033720386264882225,1.150577384111414,415599.8,0.03477189691616394,-0.011702619090947275,0
2022-03-25,717.12,717.12,704.0,706.01,224062,717.924,726.4069999999999,681.4165,1.0535758966799307,63.60681369321922,8.744700472350473,2.87720854697619,-0.011702619090947275,0.03086795404866516,0.03078409914429954,-0.36443884700262663,392024.3,0.0185833061854648,-0.002464554326426005,0
2022-03-28,706.0,708.0,697.0,704.27,281802,713.492,725.531,684.6859999999999,1.0420718402304123,71.65237543453068,7.721043607689694,3.8459755591188913,-0.002464554326426005,0.025013625347707735,0.03078344226791867,0.2576965304246146,279889.8,0.015619009754781548,0.013602737586437152,1
2022-03-29,709.0,718.18,707.0,713.85,290249,711.312,725.616,688.0795,1.0337642670650702,73.31963735429414,7.595260666913418,4.595832580677797,0.013602737586437152,0.025437505686235866,0.030813078878183315,0.029974946948566616,272927.8,0.015661553547664006,0.005421306997268394,1
2022-03-30,714.01,720.99,705.05,717.72,296311,711.2439999999999,725.0600000000001,691.35,1.028775584002314,70.75296191128953,7.718875050442875,5.220441074630813,0.005421306997268394,0.025043059313025962,0.030796133555853384,0.020885515540105315,288535.7,0.022209218079473965,-0.47212004681491393,0
2022-03-31,380.0,380.0,356.36,378.87,575240,644.144,686.831,678.5780000000001,0.9492556493137118,20.458581948075263,-19.30300969238101,0.3157509212284477,-0.47212004681491393,0.14823995427221798,0.11119678076598172,0.9413386610689445,306632.4,0.06239607253147514,0.008340591759706362,1
2022-04-01,378.9,394.0,378.1,382.03,538206,579.348,648.636,666.441,0.8693162635552133,14.498691492556532,-40.00194492174569,-7.74778824736638,0.008340591759706362,0.14844387963150005,0.11134118038407696,-0.06438008483415614,347096.9,0.041619768081040696,-0.020862235950056207,0
2022-04-04,370.0,378.97,363.11,374.06,195758,513.306,613.3990000000001,653.1505,0.7858923785559379,14.255884586180713,-56.398980273279335,-17.478026652548973,-0.020862235950056207,0.1487834335930529,0.11094452131580668,-0.6362768159403649,304684.8,0.042399615035021154,0.0017376891407794304,1
2022-04-05,375.99,384.0,371.05,374.71,241366,445.47799999999995,578.3950000000001,641.3439999999999,0.6946007135016465,12.478201898856824,-68.55108511823278,-27.692638345685737,0.0017376891407794304,0.14893204883468433,0.11083453039186256,0.2329815384301024,315946.5,0.034560059779562835,0.015985695604600947,1
2022-04-06,375.0,383.0,374.2,380.7,148557,378.074,544.659,629.908,0.6002051093175511,6.026352288488212,-76.81292127746156,-37.516694932040906,0.015985695604600947,0.14989512882073783,0.11102644520558651,-0.38451563186198556,314409.3,0.02311531389545577,0.010612030470186662,1
2022-04-07,384.0,385.0,379.5,384.74,857934,379.248,511.696,617.498,0.6141687908300917,6.290627449172476,-82.08822970674362,-46.43100188698145,0.010612030470186662,0.15046229060613614,0.11049317652673613,4.775116621902704,364948.5,0.014295368300670583,0.009694858865727518,1
2022-04-08,383.1,392.99,382.0,388.47,278285,380.536,479.942,603.1745,0.6308887394941265,7.75500000000001,-84.98827785268554,-54.14245708012227,0.009694858865727518,0.1511413384056102,0.10898098417605642,-0.6756335568936538,370370.8,0.02829047288078876,0.06260457693000743,1
2022-04-11,402.1,417.6,402.1,412.79,1552134,388.28200000000004,450.79400000000004,588.1625,0.6601610949354983,13.093886049593038,-84.35181098295129,-60.184327860688086,0.06260457693000743,0.15444517850405137,0.10921434564913789,4.577497888854951,497404.0,0.03754935923835364,-0.00019380314445616165,0
2022-04-12,415.0,415.0,405.0,412.71,268638,395.882,420.68,573.1479999999999,0.6907151381493088,13.30192534192247,-82.89826217067576,-64.72711472268563,-0.00019380314445616165,0.15400890562415304,0.10921298470829273,-0.8269234486197712,495242.9,0.024230088924426355,-0.006081752320030942,0
2022-04-13,412.72,414.0,405.21,410.2,248357,401.782,389.928,557.494,0.7206929581304911,13.339761359527543,-81.01496025597925,-67.98468382934436,-0.006081752320030942,0.15369219888174096,0.10898142226599541,-0.07549564841906209,490447.5,0.021428571428571477,0.0028766455387616574,1
2022-04-14,411.0,412.2,408.5,411.38,113277,407.11,393.179,540.005,0.7539004268478996,13.86415483111341,-78.52206034838537,-70.09215913315256,0.0028766455387616574,0.021646010845249506,0.10781294142362097,-0.5438944744863241,444251.2,0.008994117361077322,-0.0078759297972677,0
2022-04-15,413.0,414.03,407.0,408.14,176127,411.044,395.79,522.213,0.7871194321091203,13.813329422978242,-75.93255688404952,-71.26023868333195,-0.0078759297972677,0.022255759694214564,0.10769733503711156,0.5548346089673986,408043.3,0.017224481795462276,-0.017101974812564258,0
2022-04-18,408.2,410.35,399.11,401.16,271650,408.71799999999996,398.5,505.94950000000006,0.8078237057255713,11.545367341417233,-73.595224461746,-71.72723583901477,-0.017101974812564258,0.021761807392385004,0.10752311679557336,0.5423529612154865,415632.5,0.028018745637650833,-0.007528168311895622,0
2022-04-19,402.0,402.9,393.51,398.14,149133,405.804,400.84299999999996,489.619,0.8288158752009215,10.615695553583748,-71.16620077519201,-71.61502882625021,-0.007528168311895622,0.022214012157387834,0.1074811883835601,-0.45101049144119276,406409.2,0.023584668709499136,-0.012457929371577747,0
2022-04-20,399.9,400.0,390.01,393.18,99930,402.4,402.091,473.375,0.8500660153155531,59.96101907281081,-68.84777821991247,-71.06157870498267,-0.012457929371577747,0.022652593102865198,0.10746426609547019,-0.3299269779324495,401546.5,0.02540820998016178,-0.013047459179001963,0
2022-04-21,392.01,394.0,385.0,388.05,118497,397.73400000000004,402.42199999999997,457.059,0.87020275281747,54.07859078590788,-66.6559909960335,-70.18046116319283,-0.013047459179001963,0.02305400388269706,0.1074149197962977,0.1858000600420293,327602.8,0.023192887514495553,0.010204870506377972,1
2022-04-22,388.05,394.5,386.0,392.01,136856,394.50800000000004,402.776,441.35900000000004,0.8938483184890305,62.86000859722022,-63.86326891469196,-68.91702271349266,0.010204870506377972,0.023075711684532874,0.10763722775883679,0.1549321923761784,313459.9,0.02168312032856305,0.03550929823218807,1
2022-04-25,395.0,407.0,392.02,405.93,453184,395.462,402.09000000000003,426.442,0.927352371483109,68.79364314953045,-59.83702490321707,-67.10102315143754,0.03550929823218807,0.015356251900000971,0.10831294934340034,2.311392997018764,203564.9,0.036902914295568245,-0.0049023230606262125,0
2022-04-26,406.99,408.0,402.1,403.94,352396,396.62199999999996,401.213,410.9465,0.9651426645560918,64.69769795092334,-56.15940324290807,-64.91269916973165,-0.0049023230606262125,0.01538154475312806,0.10809830627167387,-0.22239973167631688,211940.7,0.014606129623211311,-0.02587017873941677,0
2022-04-27,401.15,404.0,387.0,393.49,202810,396.68399999999997,399.54200000000003,394.735,1.0049374897082852,55.11875511875512,-53.471700765538856,-62.6244994888931,-0.02587017873941677,0.0171324644895939,0.10793795587568204,-0.42448268425294267,207386.0,0.043203130956314006,-0.015248163866934394,0
2022-04-28,393.77,396.99,378.01,387.49,358460,396.572,397.15299999999996,395.16600000000005,1.0035579984107943,49.44153179849555,-51.235219328676465,-60.346643456849776,-0.015248163866934394,0.01727996258532724,0.020426032583470755,0.7674670874217249,231904.3,0.048981909210560316,-0.040388139048749716,0
2022-05-06,387.0,387.0,370.0,371.84,260105,392.538,393.523,394.6565,0.994632040774699,24.105223219931702,-50.14754618778801,-58.30682400303743,-0.040388139048749716,0.02047120459961191,0.022359233565165514,-0.27438207889304245,240302.1,0.04571858864027539,-0.0709444922547332,0
2022-05-09,369.99,369.99,344.0,345.46,844360,380.444,387.95300000000003,393.2265,0.9674932894909168,18.088640030369177,-50.828286078114274,-56.811116418052805,-0.0709444922547332,0.028371090044770123,0.027008187842181057,2.2462274850541126,297573.1,0.07523302263648472,-0.012331384241301424,0
2022-05-10,347.0,350.0,339.25,341.2,326352,367.896,382.259,391.55100000000004,0.9395864140303561,17.793129200896203,-51.12221862947399,-55.673336860337045,-0.012331384241301424,0.028281074462310953,0.02704447392895247,-0.6134918755033398,315295.0,0.03150644783118406,-0.018347010550996412,0
2022-05-11,344.49,345.0,320.5,334.94,516537,356.18600000000004,376.435,389.26300000000003,0.915026601552164,15.93582887700535,-51.26929149872194,-54.79252778801403,-0.018347010550996412,0.028284786008271133,0.026775754357558388,0.5827603324018238,356955.7,0.07314742939033857,0.00635934794291515,1
2022-05-12,331.01,339.9,321.33,337.07,230475,346.102,371.337,386.8795,0.8945989642769906,18.01242236024845,-50.63033957008463,-53.96009014442815,0.00635934794291515,0.029127750081687692,0.02665315411939484,-0.5538073748831158,368153.5,0.05509241403862697,0.016613759753167034,1
2022-05-13,337.0,346.0,331.1,342.67,314661,340.26800000000003,366.40299999999996,384.5895,0.8847563441019581,23.343359766657557,-49.10602863374385,-52.989277842291294,0.016613759753167034,0.02977297590022024,0.026914669360638264,0.3652717214448422,385934.0,0.04348206729506515,-0.05045670761957577,0
2022-05-16,330.12,336.0,321.2,325.38,169251,336.252,358.348,380.219,0.8843640112671908,20.6565575092757,-48.731414325969865,-52.13770513902701,-0.05045670761957577,0.026450073680683577,0.023412964523892344,-0.46211637285840956,357540.7,0.045485278750998864,0.008205790153051895,1
2022-05-17,325.0,330.99,322.13,328.05,330334,333.622,350.759,375.986,0.8873255919103371,23.239378749280988,-47.66957788169145,-51.2440796875599,0.008205790153051895,0.02766380970270178,0.023701153951436342,0.9517403146805632,355334.5,0.027008078036884663,0.012985825331504275,1
2022-05-18,331.9,334.0,324.06,332.31,1021169,333.096,344.64099999999996,372.0915,0.8951991647215806,26.932627048501914,-45.9545826289754,-50.18618027584301,0.012985825331504275,0.029456013801832062,0.024291500483263697,2.0913227218512174,437170.4,0.029911829316000112,-0.0012939724955614018,0
2022-05-19,330.0,338.9,328.0,331.88,1002228,332.058,339.08000000000004,368.1165,0.9020459555602642,24.366953704493156,-44.121528426659665,-48.973249906006345,-0.0012939724955614018,0.029842273403474836,0.02419114509202954,-0.018548349979288448,501547.2,0.032843196336025005,0.010545980474870431,1
2022-05-20,332.0,337.0,332.0,335.38,367505,330.6,335.43399999999997,364.4785,0.9070493870008794,16.99260784130253,-41.90336312938484,-47.559272550682046,0.010545980474870431,0.029362782821092274,0.024638712213269364,-0.6333119809065402,512287.2,0.014908462043055638,-0.040282664440336347,0
2022-05-23,326.0,330.0,320.55,321.87,139001,329.898,333.075,360.514,0.9150768070033342,15.339133372751093,-40.76567392919077,-46.20055282638379,-0.040282664440336347,0.02323826151971943,0.025544952153727322,-0.621771132365546,441751.3,0.029359679373660137,-0.07102246248485422,0
2022-05-24,312.0,321.87,297.99,299.01,1789949,324.09000000000003,328.856,355.5575,0.9114981402445456,13.883792048929678,-41.2333456506434,-45.20711139123571,-0.07102246248485422,0.030929315900049045,0.0288680581455424,11.87723829324969,588111.0,0.07986354971405638,0.008628473964081396,1
2022-05-25,296.1,313.9,281.0,301.59,1621976,317.946,325.521,350.978,0.9058858389984558,16.28199089338986,-40.92404747627552,-44.350498608243676,0.008628473964081396,0.03154923763869384,0.029301777020316357,-0.0938423385247289,698654.9,0.10908849762923167,0.07496932922179123,1
2022-05-26,302.0,324.2,300.01,324.2,811886,316.40999999999997,324.23400000000004,347.7855,0.9097849105267469,32.26887003126397,-38.4117022117278,-43.1627393289405,0.07496932922179123,0.04141353353728218,0.03525937829620297,-0.4994463543233685,756796.0,0.07461443553362122,0.01455891425046274,1
2022-05-27,344.99,348.51,328.0,328.92,952772,315.118,322.85900000000004,344.631,0.9143634786191609,42.6606318778843,-35.62907612455541,-41.656006688063485,0.01455891425046274,0.041309759004645535,0.0353931801867888,0.17352928859470418,820607.1,0.062355587984920316,0.016082938100449917,1
2022-05-30,327.0,340.72,327.0,334.21,358905,317.586,323.742,341.04499999999996,0.9312143558767906,46.92639169817957,-32.62093231124874,-39.84899181270053,0.016082938100449917,0.038107750185507154,0.03438455935185988,-0.6233044212046533,839572.5,0.0410520331528082,0.018940187307381784,1
2022-05-31,339.0,343.99,337.03,340.54,290431,325.892,324.991,337.875,0.964534221235664,52.46088943575321,-29.38741869898564,-37.75667718995756,0.018940187307381784,0.03841009665389522,0.03494672323874429,-0.19078586255415775,835582.2,0.02043812767956785,-0.016943677688377345,0
2022-06-01,340.54,342.55,334.0,334.77,114749,332.52799999999996,325.23699999999997,334.939,0.9928016743347294,49.02060977686935,-26.979424630130097,-35.60122667799207,-0.016943677688377345,0.038831476491654526,0.034761848036514574,-0.6049009919739973,744940.2,0.025539922932162416,-0.01460704364190335,0
2022-06-02,333.03,335.99,325.0,329.88,163977,333.66400000000004,325.037,332.0585,1.004834991424704,44.52060663182247,-25.175447229971155,-33.516070788387886,-0.01460704364190335,0.03916160769051549,0.03475459111136346,0.4290059172628955,661115.1,0.033315144901176215,-0.025797259609554923,0
2022-06-03,332.99,332.99,313.0,321.37,238860,332.154,323.636,329.535,1.0079475624743957,48.14231446307792,-24.154035338336996,-31.64366369837771,-0.025797259609554923,0.03976487140942942,0.03417478940504461,0.4566677033974278,648250.6,0.062202445779008644,0.0036717801910570724,1
2022-06-06,318.0,327.0,316.41,322.55,142591,329.822,323.704,328.3895,1.0043621979387283,47.41638481773769,-22.984393140181055,-29.911809586738382,0.0036717801910570724,0.03762480876525814,0.030687957316229246,-0.4030352507745123,648609.6,0.0328321190513098,-0.002418229731824595,0
2022-06-07,326.99,328.59,321.01,321.77,155168,326.068,325.98,327.418,0.9958768302292482,44.88150738150738,-21.868298618660788,-28.303107393122865,-0.002418229731824595,0.028117354723958314,0.03060885491048927,0.08820332279035847,485131.5,0.02355719924169433,-0.0015228268639090325,0
2022-06-08,321.8,323.3,310.51,321.28,416068,323.37,327.94899999999996,326.735,0.9897011339464703,44.85536788973015,-20.783742527798324,-26.79923442005796,-0.0015228268639090325,0.02826332079251428,0.030380179439973436,1.6814033821406476,364540.7,0.039809511952191304,0.019204432270916394,1
2022-06-09,321.0,334.0,321.0,327.45,359223,322.88399999999996,328.274,326.254,0.9896706247279725,46.24846248462485,-19.20497359589416,-25.2803822552252,0.019204432270916394,0.01623880813952176,0.03069234370240626,-0.13662430179682172,319274.4,0.03970071766681936,0.016796457474423487,1
2022-06-10,330.9,335.1,326.61,332.95,182589,325.2,328.677,325.768,0.9982564278873309,55.67158067158065,-17.310439833337966,-23.686393770847754,0.016796457474423487,0.016458533847276354,0.030697887661758766,-0.4917112768391779,242256.1,0.025499324222856314,-0.04144766481453677,0
2022-06-13,334.5,334.5,314.0,319.15,214085,324.52,327.171,325.4565,0.997122503314575,61.36312344843148,-16.729703240641925,-22.29505566480659,-0.04144766481453677,0.020331914685620213,0.029991765878073,0.1724967002393354,227774.1,0.06423311922293592,0.00698731004229991,1
2022-06-14,320.0,323.49,317.5,321.38,176498,324.442,325.255,325.123,0.9979054081070857,61.20992409652202,-15.906166557012341,-21.01727784324774,0.00698731004229991,0.019121843504058315,0.029974303312913834,-0.17557045098909307,216380.8,0.018638372020660928,0.0066898998070819005,1
2022-06-15,323.0,326.0,322.0,323.53,76999,324.892,324.131,324.684,1.0006406228825564,49.505972570417335,-14.908168681724135,-19.79545601094302,0.0066898998070819005,0.01902534786077737,0.02985696333703192,-0.5637400990379494,212605.8,0.012363613884338393,-0.00364726609587962,0
2022-06-16,322.0,326.2,321.5,322.35,76446,323.87199999999996,323.378,324.20750000000004,0.9989651689118849,44.88875058347597,-14.050498908415932,-18.646464590437603,-0.00364726609587962,0.018609178842683736,0.02986318018348252,-0.007181911453395529,203852.7,0.014580425003877736,0.02295641383589264,1
2022-06-17,322.0,332.19,322.0,329.75,406616,323.23199999999997,324.216,323.92600000000004,0.9978575353630148,46.64055438385058,-12.628102374816478,-17.44279214731338,0.02295641383589264,0.018104630209647442,0.030242912597374595,4.318996415770609,220628.3,0.030902198635329788,-0.0231084154662623,0
2022-06-20,333.6,333.7,322.0,322.13,170762,323.82800000000003,324.174,323.93899999999996,0.9996573428948045,36.397221811733395,-11.977642385531226,-16.349762194956952,-0.0231084154662623,0.01984623823739782,0.029279674574415913,-0.5800411198772306,223445.4,0.03632074007388318,0.04839661006425988,1
2022-06-21,322.16,340.9,322.01,337.72,689983,327.096,325.76899999999995,325.8745,1.0037483755249337,51.903471415666566,-10.087878663036747,-15.097385488572913,0.04839661006425988,0.02498454368654247,0.025921489916575585,3.0406120799709537,276926.9,0.05593390974771996,-0.00829089186308185,0
2022-06-22,337.99,343.95,333.8,334.92,356590,329.37399999999997,327.133,327.541,1.0055962459661538,53.34217506631301,-8.715694793127511,-13.821047349483834,-0.00829089186308185,0.025274785574400653,0.02612092585177602,-0.48319016555480354,270979.1,0.030305744655440035,0.013734623193598416,1
2022-06-23,338.0,344.2,334.56,339.52,430097,332.808,328.34000000000003,328.307,1.0137097290036459,62.694083088543834,-7.174346236439305,-12.491707126874928,0.013734623193598416,0.024977528786722245,0.020554288886324566,0.2061387027117978,278066.5,0.02839302544769082,-0.03867224316682372,0
2022-06-24,339.55,343.0,315.5,326.39,986800,332.136,327.684,328.1805,1.0120528184947004,52.30105465004792,-6.932385444316822,-11.379842790363307,-0.03867224316682372,0.027796954713485023,0.02228572027152617,1.2943661546116343,358487.6,0.08425503232329422,0.03713349060939364,1
2022-06-27,331.0,339.95,330.85,338.51,279273,335.412,329.62,328.39549999999997,1.021366005319805,58.83097699936695,-5.696975872775624,-10.243269406845771,0.03713349060939364,0.026363475048738386,0.023553742054936686,-0.7169912849614917,365006.4,0.026882514549053105,-0.008655578860299551,0
2022-06-28,338.25,342.49,334.5,335.58,240693,334.984,331.04,328.1475,1.0208336190280285,57.354453816087236,-4.897871782562106,-9.174189881989038,-0.008655578860299551,0.02677365080163891,0.023247789497805555,-0.13814439634336295,371425.9,0.02380952380952384,-0.032332081768877696,0
2022-06-29,336.01,337.7,320.51,324.73,498120,332.946,331.15999999999997,327.6455,1.0161775455484663,48.66535819430816,-5.0815039422802215,-8.355652694047276,-0.032332081768877696,0.02917948868735626,0.024061860082496712,1.069524248731787,413538.0,0.05293628552951682,0.01579773966064124,1
2022-06-30,324.8,332.9,322.5,329.86,620580,331.014,331.911,327.6445,1.0102840120923746,48.47828228109919,-4.7582356464208715,-7.636169284521996,0.01579773966064124,0.02949993167743171,0.02413368897861578,0.2458443748494339,467951.4,0.03152852725398647,-0.0041532771478809405,0
2022-07-01,330.99,338.99,323.5,328.49,565284,331.434,331.78499999999997,328.0005,1.010467971847604,55.24130190796859,-4.5600256066858265,-7.020940548954762,-0.0041532771478809405,0.02866501275315527,0.02337648283810693,-0.08910374166102675,483818.2,0.047155164540777526,0.0011568084264361733,1
2022-07-04,328.1,332.7,328.1,328.87,137461,329.506,332.459,328.3165,1.003623028388765,54.292263610315196,-4.322453346418399,-6.48124310844749,0.0011568084264361733,0.027496128845453018,0.023370133553354062,-0.7568284260654821,480488.1,0.01398728981056334,0.0052908444066044336,1
2022-07-05,330.99,334.0,329.99,330.61,97572,328.51200000000006,331.748,328.7585,0.9992502095002868,54.07646245969602,-3.9482590872752894,-5.974646304213051,0.0052908444066044336,0.02239093368989679,0.02337036472074375,-0.29018412495180446,421247.0,0.012129094703729441,0.0029339705393061077,1
2022-07-06,332.5,333.9,329.2,331.58,83718,329.882,331.41400000000004,329.2735,1.0018480078111358,55.32725383816228,-3.532713623989025,-5.486259768168246,0.0029339705393061077,0.022316132790222064,0.023360109002526903,-0.14198745541753777,393959.8,0.014174558176005757,-0.0012666626455153374,0
2022-07-07,332.09,333.88,329.99,331.16,142154,330.142,330.57800000000003,329.459,1.002073095590043,50.88512241054616,-3.200389245357485,-5.029085663606094,-0.0012666626455153374,0.021728756259567463,0.023004936223832793,0.6980099859050621,365165.5,0.011746587752143937,0.019265611788863435,1
2022-07-13,331.16,339.9,329.25,337.54,161663,331.952,331.69300000000004,329.68850000000003,1.006865571592579,59.82655273562048,-2.3946036011833485,-4.502189251121545,0.019265611788863435,0.018418003426338075,0.023101638079904608,0.13723848783713444,282651.8,0.03155181608105699,0.02618948865319659,1
2022-07-14,338.0,349.95,338.0,346.38,525122,335.454,332.48,331.05,1.0133031264159493,56.04242255093496,-1.0308159471873637,-3.8079145903347094,0.02618948865319659,0.016414775621036885,0.02146272083609763,2.2482509912595954,307236.7,0.03449968242970145,0.004705814423465515,1
2022-07-15,350.0,356.9,346.6,348.01,477914,338.934,333.723,332.3815,1.0197137927351552,59.285004965243296,0.17945433383158615,-3.0104408055014504,0.004705814423465515,0.015950046186204683,0.021453860940292606,-0.08989910915939536,330958.8,0.02959685066521064,-0.021120082756242553,0
2022-07-18,342.99,344.4,338.0,340.66,256219,340.75,335.31600000000003,333.238,1.022542447139882,50.778263244128915,0.539301940512189,-2.300492256298723,-0.021120082756242553,0.013306102833028039,0.022173572951298,-0.4638805308067979,306768.7,0.01878706041214107,-0.0050783772676569194,0
2022-07-19,341.0,346.5,337.28,338.93,264511,342.304,336.223,334.067,1.0246567305360899,60.13906856403626,0.6770822370224892,-1.7049773576344804,-0.0050783772676569194,0.013037822893726863,0.022197823107305944,0.03236293951658542,271161.8,0.02720325730976906,-0.0021833416929749605,0
2022-07-20,339.0,340.0,335.0,338.19,155069,342.434,337.19300000000004,334.489,1.023752649563962,49.68291716210861,0.7182823868579362,-1.2203254087359974,-0.0021833416929749605,0.012935699472221732,0.02169922371381885,-0.41375216909693735,230140.3,0.014784588544900796,-0.018687719920754575,0
2022-07-21,340.95,341.45,330.04,331.87,322693,339.532,337.493,334.976,1.0136009743981658,46.55524605385331,0.23821660810381218,-0.9286170053680355,-0.018687719920754575,0.014655866426401078,0.021456658677356744,1.080963957979996,248663.5,0.03438093229276514,0.027480640009642343,1
2022-07-22,339.99,344.0,330.54,340.99,357237,338.12800000000004,338.53100000000006,335.1395,1.0089171822479894,65.59861857252497,0.5869033443151466,-0.6255129354313991,0.027480640009642343,0.016886892195018353,0.019479968830965557,0.10704911479331747,274630.0,0.039473298337194575,-0.01595354702483942,0
2022-07-25,340.9,340.99,333.0,335.55,133680,337.10600000000005,338.928,335.171,1.0057731725000076,55.42628266259776,0.4194424869957629,-0.4165218509459667,-0.01595354702483942,0.017945974553287235,0.01973896436140849,-0.6257946405327556,279626.2,0.023811652510803184,0.0012814781701684375,1
2022-07-26,337.72,341.97,335.0,335.98,155649,336.51599999999996,339.40999999999997,334.994,1.00454336495579,57.27325694309577,0.31776298354611754,-0.26966488404754985,0.0012814781701684375,0.01792300200725142,0.019486989335281816,0.16434021543985633,280975.7,0.020745282457289203,0.017114113935353226,1
2022-07-27,336.02,343.48,335.0,341.73,155968,337.224,339.829,335.761,1.0043572660314926,61.30847696095677,0.693167783025217,-0.0770983506329965,0.017114113935353226,0.017698756893909127,0.0176145358186913,0.0020494831319186613,280406.2,0.024814912357709353,0.022386094284961855,1
2022-07-28,342.0,365.5,342.0,349.38,899110,340.726,340.129,336.3045,1.013147311439484,64.95140990919231,1.5896454147193708,0.256250402437477,0.022386094284961855,0.017138240052546706,0.016349272725886262,4.764708145260566,317805.0,0.06726200698379987,-0.0049802507298644105,0
2022-07-29,350.0,353.99,344.02,347.64,417938,342.05600000000004,340.092,336.9075,1.0152816425873572,62.637708530059825,2.1350948935142924,0.6320193006528401,-0.0049802507298644105,0.01717884808710555,0.016246983197292023,-0.5351647740543426,311807.4,0.028679093314923562,0.020365895754228536,1
2022-08-01,347.64,360.4,347.64,354.72,516580,345.89,341.498,338.407,1.0221124267524018,66.78062678062679,3.102896110307938,1.1261946625838597,0.020365895754228536,0.01650073916024915,0.01459349121419803,0.23602065378118287,337843.5,0.035972034280559284,0.006202074875958363,1
2022-08-02,351.0,360.5,351.0,356.92,248289,350.078,343.297,339.76,1.0303684954085237,64.67737049378977,4.001282862948983,1.7012123026568844,0.006202074875958363,0.016180372301286588,0.014359312444557706,-0.5193600216810561,336221.3,0.026616608763868652,0.01328028689902494,1
2022-08-03,357.2,363.99,357.2,361.66,441099,354.06399999999996,345.644,341.41850000000005,1.0370381218358111,62.33850129198969,5.037668120853425,2.368503466296193,0.01328028689902494,0.016124286560399326,0.01436443545539552,0.7765547406449742,364824.3,0.018774539622850247,-0.005198252502350398,0
2022-08-04,364.99,364.99,358.5,359.78,221746,356.144,348.43500000000006,342.96400000000006,1.038429689413466,59.46598037638731,5.642270039486846,3.0232567809343234,-0.005198252502350398,0.014199967638091247,0.014521473177139553,-0.4972874570107845,354729.6,0.018038801489799347,0.00044471621546504636,1
2022-08-05,360.0,361.01,351.0,359.94,192701,358.604,350.33,344.4305,1.041150536900768,67.53364859949065,6.06442516047332,3.6314904568421227,0.00044471621546504636,0.012604861873994344,0.014549767511992237,-0.13098319699115202,338276.0,0.027810190587320083,0.011613046618880851,1
2022-08-10,360.0,368.2,360.0,364.12,541781,360.48400000000004,353.187,346.0575,1.0416881587597437,71.93104649138076,6.659510509844779,4.237094467442654,0.011613046618880851,0.010172851923417332,0.014634209076171377,1.8115110975033861,379086.1,0.02252004833571347,-0.01557178951993854,0
2022-08-11,366.4,366.4,358.0,358.45,454164,360.79,355.434,347.422,1.0384777014696824,66.24438742783832,6.597545920208859,4.709184757995896,-0.01557178951993854,0.012569484053944842,0.015281251339898725,-0.16172032610962728,408937.6,0.02343423071558091,0.006165434509694645,1
2022-08-12,359.7,364.0,356.5,360.66,107832,360.59000000000003,357.327,348.57800000000003,1.0344600060818525,74.71244635193128,6.65010875259992,5.097369556916701,0.006165434509694645,0.012013089398136069,0.014871243772894406,-0.7625703490369118,404124.0,0.02079520878389619,0.013946653357733041,1
2022-08-15,364.0,368.0,360.0,365.69,562902,361.77200000000005,358.95799999999997,349.5435,1.0349842008219294,72.80280649926138,7.016759305013466,5.481247506536054,0.013946653357733041,0.010941349144738207,0.01411766087483193,4.220175829067438,370503.2,0.021876452733189312,-0.011621865514506835,0
2022-08-16,366.1,368.0,361.0,361.44,228465,362.072,360.338,350.21500000000003,1.033856345387833,74.43836133660555,6.885026725793125,5.762003350387468,-0.011621865514506835,0.011760245875364481,0.014469995523909445,-0.5941300617158938,351555.9,0.01936697653829128,0.059152279769809635,1
2022-08-17,359.0,388.54,359.0,382.82,784230,365.812,363.148,352.323,1.0382858910715453,81.68290043290037,8.408882662577241,6.291379212825424,0.059152279769809635,0.020739450259493093,0.01833721891131572,2.4326045564966186,378320.9,0.07716420249725725,-0.02881249673475783,0
2022-08-18,386.0,387.9,370.0,371.79,589817,368.48,364.635,353.966,1.0410039382313556,68.9772727272727,8.627073124016988,6.7585179950637375,-0.02881249673475783,0.02377985141274356,0.01980192228091625,-0.2479030386493758,412473.7,0.04814545845773145,0.008795287662390017,1
2022-08-19,372.0,377.9,368.6,375.06,229640,371.36,365.975,355.8095,1.043704566629053,67.16118684843622,8.96056054395956,7.198926504842902,0.008795287662390017,0.023634343074720073,0.01974963057702776,-0.6106588992857107,391327.8,0.024796032634778312,-0.011998080307150882,0
2022-08-22,370.05,374.8,368.0,370.56,198859,372.334,367.053,357.744,1.040783353459457,64.77184841453982,8.760750852530407,7.511291374380403,-0.011998080307150882,0.024019594427257204,0.01937381252183318,-0.13404023689252742,389039.1,0.018350604490500893,0.025960708117443776,1
2022-08-23,377.0,381.25,372.5,380.18,701588,376.082,369.07700000000006,359.7035,1.0455333350940426,65.88866699950071,9.271774588846199,7.863388017273563,0.025960708117443776,0.02502719032071445,0.019286682160316985,2.528067625805219,439927.8,0.023015413751380925,0.028775843021726644,1
2022-08-24,388.0,397.5,382.1,391.12,1295827,377.742,371.777,362.482,1.0420986421394718,69.24375422012152,10.439194614861833,8.378549336791217,0.028775843021726644,0.02604090129074469,0.01924566511397458,0.8469913966601481,515332.4,0.03937410513397417,-0.00524135815095117,0
2022-08-25,391.99,393.55,388.0,389.07,560428,381.198,374.839,365.13649999999996,1.0439876594095634,65.90460717186953,11.071341990060773,8.917107867445129,-0.00524135815095117,0.025216726401944355,0.01941760480491061,-0.5675132560133413,525958.8,0.0142647852571517,-0.014624617678052787,0
2022-08-26,389.0,397.9,382.3,383.38,975580,382.86199999999997,377.111,367.219,1.042598558353462,63.114025338964225,10.986541876725937,9.33099466930129,-0.014624617678052787,0.026266864842556602,0.01988518977404827,0.7407766920996095,612733.6,0.0406906985236579,0.018389065678960925,1
2022-08-29,382.25,394.78,372.0,390.43,846475,386.836,379.58500000000004,369.2715,1.0475652737890686,65.73758645607515,11.357293447455334,9.736254424932099,0.018389065678960925,0.026445017644262526,0.019730815938787723,-0.13233666126816868,641090.9,0.0583459262864021,0.009527956355812828,1
2022-08-30,400.0,401.0,391.0,394.15,971956,389.63,382.856,371.597,1.0485283788620468,65.574110569443,11.815092616004506,10.15202206314658,0.009527956355812828,0.02563443541664525,0.019581604346076552,0.14823946365811147,715440.0,0.02537105163009007,0.009032094380312161,1
2022-08-31,392.05,403.0,391.0,397.71,977122,390.948,384.34499999999997,373.7465,1.046024511266326,70.81654294803818,12.323110852149853,10.586239820947235,0.009032094380312161,0.01869910616528522,0.01932078496728918,0.0053150554140311,734729.2,0.030172738930376405,0.010837042065826807,1
2022-09-01,399.17,408.8,398.0,402.02,1441558,393.53799999999995,387.368,376.0015,1.046639441597972,71.45228215767634,12.924514189846036,11.053894694726996,0.010837042065826807,0.014762327516400884,0.019352234087799153,0.4753101455089539,819903.3,0.026864335107706114,-0.0021391970548727546,0
2022-09-02,401.93,406.5,400.15,401.16,473641,397.094,389.97799999999995,377.97650000000004,1.0505785412585174,69.22910116014316,13.179807241433139,11.479077204068224,-0.0021391970548727546,0.015093623332475003,0.019360056291999803,-0.6714381245846508,844303.4,0.01582909562269424,-0.022559577226044514,0
2022-09-05,401.5,402.99,391.12,392.11,359030,397.43,392.133,379.59299999999996,1.0469898022355524,65.8043903947233,12.50768860958334,11.684799485171247,-0.022559577226044514,0.016828932973238862,0.020228670025421204,-0.24197862938385828,860320.5,0.03027211751804342,0.011119328759786828,1
2022-09-06,393.89,398.2,388.88,396.47,245854,397.89399999999995,393.762,381.4195,1.043192600273452,58.53018372703414,12.186368443779827,11.785113276892963,0.011119328759786828,0.015451021289231,0.020256746248337978,-0.31522713979333206,814747.1,0.023507453275153207,-0.006456982873861872,0
2022-09-07,397.0,399.0,393.0,393.91,92284,397.134,394.041,382.909,1.0371498188864718,65.45988258317027,11.591529357252512,11.746396492964873,-0.006456982873861872,0.013089175368436288,0.02035078035827541,-0.6246390133981956,694392.8,0.01523190576527633,-0.0010154603843518517,0
2022-09-08,394.51,396.5,391.98,393.51,104191,395.432,394.485,384.662,1.027998606568884,63.43381389252948,10.9614813053322,11.58941345543834,-0.0010154603843518517,0.012940242664142482,0.019863404125939683,0.12902561657492084,648769.1,0.011486366293105593,0.0017534497217350786,1
2022-09-09,395.89,397.0,392.0,394.2,171166,394.04,395.567,386.339,1.019933271039165,68.22386679000924,10.397979483396568,11.351126661029985,0.0017534497217350786,0.011689280069925676,0.019872659087105605,0.6428098396214643,568327.7,0.012683916793505836,0.0012176560121766045,1
2022-09-12,394.9,399.0,393.51,394.68,139813,394.55400000000003,395.99199999999996,387.7885,1.0174463657380248,63.01148600143575,9.876284557567885,11.056158240337567,0.0012176560121766045,0.010335631441984483,0.01976247351409028,-0.18317306007034106,497661.5,0.013910003040437846,-0.014062024931590145,0
2022-09-13,393.1,395.5,388.0,389.13,156669,393.086,395.49,389.173,1.0100546543568028,48.02304788396582,8.91226392271551,10.627379376813156,-0.014062024931590145,0.010883870195870284,0.01987125720599296,0.12056103509687932,416132.8,0.019273764551692236,0.004394418317785753,1
2022-09-14,388.75,394.0,387.14,390.84,390951,392.47200000000004,394.803,389.57399999999996,1.007438894792774,51.77035407081415,8.191823095720508,10.140268120594628,0.004394418317785753,0.010489808763028017,0.015040415286728306,1.4953947494399018,357515.7,0.01755193941254737,0.002558591751100181,1
2022-09-15,392.9,397.35,387.9,391.84,554461,392.13800000000003,393.78499999999997,390.5765,1.0039979363837814,59.33774834437084,7.613793124761742,9.634973121428052,0.002558591751100181,0.009687199330695407,0.013285189433374128,0.41823655649940794,268806.0,0.02411698652511241,-0.002654144548795312,0
2022-09-16,393.5,400.0,389.62,390.8,337641,391.45799999999997,392.74899999999997,391.3635,1.0002414634987677,50.47085772461186,6.991190804212749,9.10621665798499,-0.002654144548795312,0.00968632481242821,0.013255964285451645,-0.391046439695488,255206.0,0.026560900716479006,-0.00166325486182195,0
2022-09-19,391.0,394.89,390.0,390.15,228296,390.55199999999996,392.553,392.34299999999996,0.995435116721848,44.47818884594147,6.371873421398448,8.559348010667684,-0.00166325486182195,0.006683455425914367,0.01287166408891591,-0.3238498878986853,242132.6,0.012533640907343295,-0.007740612584903217,0
2022-09-20,392.39,392.39,384.01,387.13,148863,390.152,391.61899999999997,392.6905,0.9935356215645654,35.17376681614351,5.573127626641906,7.962103933862529,-0.007740612584903217,0.0056232428855566546,0.011823717724400355,-0.3479386410624803,232433.5,0.02164647534419961,-0.011314028879187865,0
2022-09-21,388.0,388.0,381.31,382.75,99224,388.534,390.503,392.272,0.9904708977444222,23.048951048951068,4.534416503950695,7.276566447880162,-0.011314028879187865,0.006196339511448924,0.010140516907846559,-0.3334542498807629,233127.5,0.01747877204441541,0.010372305682560423,1
2022-09-22,382.98,389.0,375.0,386.72,293063,387.51,389.82399999999996,392.1545,0.9881564536426332,31.42048378795681,3.985632387837086,6.618379635871547,0.010372305682560423,0.0074840956845760595,0.010397176572659908,1.9535495444650488,252014.7,0.03620190318576748,-0.007033512618949134,0
2022-09-23,388.9,390.9,381.0,384.0,163390,386.15,388.804,392.1855,0.9846105988110218,37.53458346142023,3.2932729534138048,5.953358299379999,-0.007033512618949134,0.007547348835543256,0.009974838736292244,-0.4424748262319024,251237.1,0.02578124999999994,0.0050260416666667584,1
2022-09-26,380.21,386.5,380.21,385.93,132989,385.306,387.929,391.9605,0.9830225239533064,32.491694352159485,2.86725604093499,5.336137847690997,0.0050260416666667584,0.007850948127963902,0.009096126069510137,-0.1860640186057898,250554.7,0.01629829243645226,0.0002332029124452184,1
2022-09-27,387.0,389.0,384.02,386.02,173063,385.084,387.618,391.554,0.983476097805156,35.7220412595005,2.5079863113184047,4.770507540416479,0.0002332029124452184,0.006665385266446394,0.00878684794076679,0.30133319297084715,252194.1,0.012900885964457848,-0.018366923993575424,0
2022-09-28,386.79,387.0,376.76,378.93,275647,384.32,386.427,390.615,0.9838843874403185,28.75874125874128,1.63234209225908,4.1428744507849995,-0.018366923993575424,0.00836970794979672,0.009262651907783434,0.5927552394214823,240663.7,0.027023460797508798,-0.014277043253371424,0
2022-09-29,379.0,379.5,370.0,373.52,229346,381.68,384.595,389.18999999999994,0.9807035124232382,23.514344262295083,0.4961269110330022,3.4135249428346,-0.014277043253371424,0.008796698905252358,0.00907778742261256,-0.16797208023305166,208152.2,0.025433711715570788,0.01060184193617486,1
2022-09-30,371.0,379.0,371.0,377.48,135527,380.37600000000003,383.26300000000003,388.006,0.9803353556388305,29.774223894637842,-0.08382660030974876,2.7140546342057306,0.01060184193617486,0.010055037715905086,0.009618880257601554,-0.40907188265764394,187940.8,0.02119317579739324,0.00900709971389202,1
2022-10-03,378.0,385.0,376.1,380.88,168221,379.366,382.33599999999996,387.4445,0.9791492717021405,39.78201634877384,-0.2660257718710568,2.1180385529903734,0.00900709971389202,0.01080027741157618,0.008793790355183812,0.2412360636625912,181933.3,0.023366939718546465,0.014387733669397162,1
2022-10-04,381.26,387.5,381.26,386.36,184475,379.434,382.25899999999996,386.93899999999996,0.9806041779195172,44.925237879474444,0.03140821932021254,1.7007124862563412,0.014387733669397162,0.011794082968585392,0.009065165005573306,0.09662289488232734,185494.5,0.016150740242261128,-0.0006729475100941684,0
2022-10-05,384.02,388.6,382.5,386.1,140313,380.86800000000005,382.59400000000005,386.5485,0.9853045607472285,43.38709677419361,0.24334187943503593,1.4092383648920803,-0.0006729475100941684,0.011135165750630333,0.008982242674219697,-0.23939287166282697,189603.4,0.015799015799015857,0.0746179746179747,1
2022-10-06,390.0,415.05,389.99,414.91,2152848,389.1460000000001,385.413,387.6185,1.003940730383096,66.93831670647745,2.7048472612409,1.6683601441618443,0.0746179746179747,0.025914865724090935,0.01913841471737975,14.343182741442346,375581.9,0.06039864066906076,0.005374659564724826,1
2022-10-07,415.01,440.0,413.1,417.14,2868362,397.078,388.727,388.76550000000003,1.0213817841346517,68.54982817869416,4.780444386459237,2.290776992621323,0.005374659564724826,0.02544227543435142,0.019144928793709142,0.3323569522790275,646079.1,0.06448674305988392,0.00606511003500021,1
2022-10-10,418.0,430.98,418.0,419.67,635317,404.836,392.101,390.015,1.038001102521698,72.51591475228342,6.553969833437009,3.1434155607844603,0.00606511003500021,0.025428206434846733,0.0191518551000149,-0.7785087795752419,696311.9,0.03092906331164967,0.0108418519312794,1
2022-10-11,423.0,428.4,415.5,424.22,477932,412.408,395.921,391.7695,1.0526802111956137,78.6276404804639,8.231757920574182,4.161084032742405,0.0108418519312794,0.02525657631890388,0.01877338508102499,-0.24772672539850182,726798.8,0.030408750176795004,0.002333694781009754,1
2022-10-12,422.5,433.9,420.0,425.21,594745,420.23,400.549,393.488,1.067961411783841,77.7105831533477,9.531429408552583,5.235153107904441,0.002333694781009754,0.023481226274156435,0.018779579289822258,0.2444134311994175,758708.6,0.032689729780578956,0.04687095787963602,1
2022-10-13,425.6,449.4,425.6,445.14,1633734,426.276,407.711,396.153,1.0760388031896766,85.27579044541888,12.030927817554982,6.59430804983455,0.04687095787963602,0.023886165208423953,0.02103171963547856,1.7469486922966988,899147.4,0.05346632520106024,-0.020285752796872836,0
2022-10-14,445.14,446.0,435.0,436.11,523206,430.07,413.57399999999996,398.4185,1.0794428471569468,76.75981228668944,13.131777820989328,7.901802004065505,-0.020285752796872836,0.026764545544120406,0.02179571404001756,-0.6797483556074612,937915.3,0.025222994198711334,0.013230606956960322,1
2022-10-17,435.0,445.49,428.0,441.88,773204,434.512,419.674,401.005,1.0835575616264137,78.08728881737734,14.304902150506393,9.182422033353683,0.013230606956960322,0.026695262005214253,0.021784648677650828,0.47781944396662124,998413.6,0.03958088168733595,0.0006110256178146756,1
2022-10-18,444.44,453.6,441.01,442.15,857574,438.09799999999996,425.253,403.756,1.0850563211444535,84.12869790542,15.082536287301764,10.362444884143299,0.0006110256178146756,0.027098660331185177,0.021577098853782575,0.10911738687332195,1065723.5,0.02847449960420679,-0.0018771909985298985,0
2022-10-19,443.0,444.84,436.1,441.32,126464,441.32,430.775,406.6845,1.0851655275772742,88.50522489777379,15.453702220263324,11.380696351367305,-0.0018771909985298985,0.027173184033605885,0.021259107229568322,-0.8525328426468153,1064338.6,0.01980422369255858,-0.023792259584881736,0
2022-10-20,441.25,446.8,428.98,430.82,794018,438.456,432.366,408.8895,1.0723092669290848,78.19835060266443,14.730784336170359,12.050713948327916,-0.023792259584881736,0.01939948357461455,0.02234843193532044,5.278608932186235,928455.6,0.04136298221995263,0.002205097256394728,1
2022-10-21,431.0,434.7,422.0,431.77,256395,437.588,433.829,411.27799999999996,1.0639713283958783,77.61858243785957,14.072306970158252,12.455032552693982,0.002205097256394728,0.019399282317573974,0.02216733013423312,-0.6770917032107584,667258.9,0.029413808277555156,0.004261528128401748,1
2022-10-24,436.0,438.5,430.13,433.61,163175,435.934,435.22299999999996,413.662,1.0538410586420799,76.69793196971412,13.542818356101407,12.672589713375467,0.004261528128401748,0.019382403897056148,0.02216995080204775,-0.36357963298816276,620044.7,0.01930306035377414,-0.006088420470007572,0
2022-10-25,433.0,433.0,428.01,430.97,139983,433.698,435.89799999999997,415.90950000000004,1.0427701218654537,74.68911632001763,12.763044446443189,12.690680659989013,-0.006088420470007572,0.019403426693555853,0.022302194485538565,-0.1421296154435422,586249.8,0.011578532148409423,0.0056384435111491715,1
2022-10-26,428.9,441.4,427.1,433.4,582343,432.11400000000003,436.717,418.633,1.032202430290971,64.33555590013955,12.200508825526413,12.592646293096493,0.0056384435111491715,0.019442634034788554,0.021569747902007302,3.160098011901445,585009.6,0.03299492385786792,0.005329949238578768,1
2022-10-27,435.0,439.0,429.1,435.71,366311,433.092,435.774,421.7425,1.0269109705566786,64.37974291466628,11.805012155856275,12.435119465648452,0.005329949238578768,0.011707999012923707,0.020991898260152315,-0.370970373130612,458267.3,0.022721534965917646,0.0028688806775147846,1
2022-10-28,436.0,445.96,430.49,436.96,551595,434.13,435.85900000000004,424.7165,1.022164196587606,63.65934586822563,11.460335139381243,12.24016260039501,0.0028688806775147846,0.009848691413034915,0.02101136219869905,0.5058106363172277,461106.2,0.03540369827901861,0.015470523617722609,1
2022-10-31,439.98,444.66,436.6,443.72,204343,436.15199999999993,436.043,427.8585,1.0193837448595737,64.88549618320613,11.598946193261213,12.111919318968251,0.015470523617722609,0.0101963353373363,0.021084589981650567,-0.6295416020812372,404220.1,0.018164608311547828,0.017127918507166662,1
2022-11-01,444.0,453.49,444.0,451.32,503072,440.2219999999999,436.96000000000004,431.10650000000004,1.021144427189105,68.10428511995566,12.181630680565888,12.12586159128778,0.017127918507166662,0.011479992814087254,0.021138010001796527,1.4618998448686766,368769.9,0.021027209075600482,0.0012186475228219695,1
2022-11-02,453.0,453.5,447.61,451.87,221122,443.916,438.01500000000004,434.395,1.0219178397541409,56.381566470699816,12.54320250759298,12.20932977454882,0.0012186475228219695,0.011401866203743227,0.02110133044342917,-0.5604565549265315,378235.7,0.013034722375904544,0.004713745103680278,1
2022-11-03,453.48,457.0,451.0,454.0,576687,447.57399999999996,440.33299999999997,436.3495,1.0257236458389434,69.51778311149903,12.853457329251398,12.338155285489336,0.004713745103680278,0.006722372710765195,0.014147186799107488,1.608003726449652,356502.6,0.013215859030837005,-0.010947136563876692,0
2022-11-04,449.99,451.9,445.5,449.03,224008,449.988,442.059,437.9440000000001,1.0275012330343605,57.93915167665998,12.553589086057798,12.38124204560303,-0.010947136563876692,0.008453390128266439,0.014565103492090718,-0.6115605172303173,353263.9,0.014252945237511921,0.0015589158853530627,1
2022-11-07,453.0,454.6,448.0,449.73,220693,451.18999999999994,443.671,439.447,1.0267222213372715,58.33699956005284,12.231429190837048,12.351279474649832,0.0015589158853530627,0.00848579804457649,0.014562908225634278,-0.014798578622192027,359015.7,0.014675471949836618,-0.005581126453649943,0
2022-11-08,450.0,451.0,446.0,447.22,98340,450.37,445.296,440.5969999999999,1.0221812676890676,56.25795502757746,11.639407287848314,12.20890503728953,-0.005581126453649943,0.008422129091693561,0.01459395374128272,-0.5544036285700045,354851.4,0.011180179777290819,0.01156030588971868,1
2022-11-10,448.0,455.5,448.0,452.39,589876,450.474,447.195,441.956,1.0192734118328521,75.7952642908395,11.455351297895902,12.058194289410805,0.01156030588971868,0.008771405844228558,0.01472555894678061,4.998332316453122,355604.7,0.01657861579610513,0.0012820796215655683,1
2022-11-11,453.9,454.96,449.02,452.97,116050,450.26800000000003,448.921,442.3475,1.0179056058867746,75.57915057915059,11.226870379296201,11.891929507387886,0.0012820796215655683,0.00881353842332305,0.010545739335315349,-0.8032637367853583,330578.6,0.013113451221935222,-0.00922798419321369,0
2022-11-14,453.0,453.0,446.51,448.79,80868,450.21999999999997,450.104,442.98150000000004,1.0163404115070267,67.33668341708542,10.586472276355721,11.630838061181453,-0.00922798419321369,0.00975484709713437,0.009624821785923847,-0.30316242998707454,283505.9,0.014461106530894201,6.684640923371177e-05,1
2022-11-15,450.95,458.51,447.98,448.82,378518,450.038,450.61400000000003,443.32849999999996,1.0151343755251467,71.67840660675245,9.966485474606316,11.297967543866427,6.684640923371177e-05,0.00867355586113823,0.009220442735585675,3.6806895187218673,300923.4,0.023461521322579146,0.011028920279844812,1
2022-11-16,451.99,454.99,448.5,453.77,306805,451.34800000000007,450.85900000000004,443.9094999999999,1.0167567938960536,73.31197070267794,9.762034442186064,10.990780923530355,0.011028920279844812,0.00757177942826763,0.00949810700585464,-0.18945730454033893,281296.7,0.01430239989421956,0.00513475990039014,1
2022-11-17,455.0,463.0,450.25,456.1,359272,452.09,451.282,444.64849999999996,1.0167356912257661,73.32418210935712,9.676472699495719,10.72791927872343,0.00513475990039014,0.007709231615441373,0.009502481143325988,0.17101090269063413,295111.7,0.027954395965796974,0.00587590440692809,1
2022-11-18,452.0,462.0,452.0,458.78,474314,453.25200000000007,451.76000000000005,446.04650000000004,1.0161541453637681,74.16925121843151,9.712953126738398,10.524926048326424,0.00587590440692809,0.007780554124229056,0.007397453810342899,0.32020864414705286,284874.4,0.021796939709664766,0.02273420811718041,1
2022-11-21,458.78,471.99,457.9,469.21,501150,457.33599999999996,453.77799999999996,447.91849999999994,1.021025030223132,76.11145257119438,10.462868525555393,10.512514543772218,0.02273420811718041,0.009164966075487823,0.008584804034159697,0.05657855344771612,312588.6,0.030029198013682642,0.030348884294878697,1
2022-11-22,472.0,488.0,471.0,483.45,1154985,464.262,457.15,450.41050000000007,1.0307530574886685,78.97204688908924,12.067128527186298,10.823437340455033,0.030348884294878697,0.012183156888669534,0.010387089667718586,1.304669260700389,406017.8,0.03516392594890889,0.028606887992553398,1
2022-11-23,485.55,499.0,483.99,497.28,1151056,472.96399999999994,462.15599999999995,453.726,1.0424000387899304,83.03506474610793,14.289758117897861,11.516701495943598,0.028606887992553398,0.012933670201308757,0.011213227899956886,-0.003401775780637828,511289.4,0.030184202059202043,-0.014820624195624132,0
2022-11-24,500.97,501.0,487.03,489.91,665044,479.726,465.908,456.55150000000003,1.0507598814153496,74.27335406245777,15.280368103579008,12.269434817470682,-0.014820624195624132,0.015233926808656977,0.012252153817025201,-0.42223141185137825,518806.2,0.028515441611724656,0.00416403012798261,1
2022-11-25,490.11,495.0,487.11,491.95,345922,486.36,469.8059999999999,459.36349999999993,1.0587693623894805,80.20833333333339,16.045086831920912,13.02456522036073,0.00416403012798261,0.015117365903431086,0.012259370793418177,-0.47985095722989757,541793.4,0.016038215265779015,-0.00928956194735231,0
2022-11-28,482.0,491.8,481.0,487.38,526024,489.99399999999997,473.66499999999996,461.8845,1.0608582881651147,75.13015618742494,16.096817039802204,13.639015584249027,-0.00928956194735231,0.015125350599762364,0.012723783458560208,0.5206433820341001,586309.0,0.022159300750954104,0.02585251754277973,1
2022-11-29,486.89,501.25,486.89,499.98,1051065,493.3,478.78100000000006,464.69750000000005,1.061550793795964,81.0352941176471,16.9590350996545,14.303019487330122,0.02585251754277973,0.01573537121759136,0.013346313587846912,0.9981312639727464,653563.7,0.028721148845953864,0.000760030401216083,1
2022-11-30,502.97,504.2,496.51,500.36,568180,493.916,483.43999999999994,467.1495000000001,1.0572975032618035,79.90275526742306,17.471610102676607,14.936737610399419,0.000760030401216083,0.016062311204840994,0.013132710846320212,-0.4594244884950027,679701.2,0.01536893436725557,0.0044168198896794575,1
2022-12-01,500.0,507.9,499.0,502.57,336647,496.44800000000004,488.087,469.6845,1.0569818676153886,80.30303030303034,17.85038983321897,15.51946805496333,0.0044168198896794575,0.016087743714316663,0.013100445728807798,-0.40749938399802876,677438.7,0.017708975864058694,-0.010426408261535736,0
2022-12-02,501.01,505.0,494.01,497.33,323112,497.524,491.942,471.851,1.0544091249144327,79.27623642943308,17.52572563540201,15.920719571051066,-0.010426408261535736,0.017315979648566498,0.013571866999892995,-0.0402053189245708,662318.5,0.022098003337824,-0.027909034242856845,0
2022-12-05,498.0,498.88,482.0,483.45,258101,496.738,493.366,473.57199999999995,1.0489175880330763,67.89664082687341,15.964399262350014,15.929455509310857,-0.027909034242856845,0.019827719547909718,0.01504784882283186,-0.2012026789472381,638013.6,0.034915710001034224,0.0052745888923364515,1
2022-12-06,482.5,489.0,481.0,486.0,263548,493.942,493.621,475.3855,1.0390346361005962,67.08002119766829,14.762626186456316,15.696089644739951,0.0052745888923364515,0.01745193219728135,0.015041570994417282,0.021104141402009224,548869.9,0.01646090534979424,0.0070987654320986415,1
2022-12-07,485.0,492.0,484.95,489.45,390834,491.76000000000005,492.838,477.497,1.0298703447351503,67.46621975489683,13.928044703218177,15.342480656435598,0.0070987654320986415,0.014740060534880714,0.014883196614413076,0.4829708440208236,472847.7,0.014403922770456658,-0.00851976708550417,0
2022-12-08,491.5,492.0,485.0,485.28,100401,488.302,492.375,479.1415,1.0191185693579037,63.6654290429043,12.782796592952195,14.830543843738917,-0.00851976708550417,0.014232747238287971,0.015066993175490833,-0.7431108859515805,416383.4,0.014424662050774811,-0.00020606660072530758,0
2022-12-09,485.0,487.5,480.4,485.18,135048,485.872,491.698,480.75199999999995,1.010649981695344,59.21736119127326,11.731872328864029,14.210809540763941,-0.00020606660072530758,0.0141281281010718,0.015082826216147267,0.34508620432067416,395296.0,0.014633744177418737,0.008017642936642089,1
2022-12-12,485.0,490.51,484.0,489.07,210701,486.996,491.867,482.76599999999996,1.0087620089235778,53.683796539066606,11.085115457240931,13.58567072405934,0.008017642936642089,0.014099991627199375,0.01480436676209916,0.560193412712517,363763.7,0.01331097797861245,0.006297667000633833,1
2022-12-13,486.01,494.8,486.01,492.15,260410,488.226,491.084,484.9325,1.0067916668814731,46.085762246299396,10.697769014148776,13.00809038207723,0.006297667000633833,0.011251690587869916,0.014773677791722077,0.235921993725706,284698.2,0.017860408412069533,0.03474550441938429,1
2022-12-14,492.2,513.0,492.15,509.25,861114,492.186,491.97300000000007,487.70650000000006,1.0091848273500557,62.84879085835768,11.636483122676054,12.733768930196996,0.03474550441938429,0.016103357444804192,0.016190443769117557,2.306762413117776,313991.6,0.04094256259204717,-0.01425625920471274,0
2022-12-15,510.0,512.49,500.0,501.99,491427,495.52799999999996,491.91499999999996,490.00100000000003,1.0112795688172063,56.23757455268392,11.660188100893436,12.519052764336285,-0.01425625920471274,0.016842075902436256,0.016808004802419906,-0.4293124952096935,329469.6,0.024880973724576205,0.02571764377776442,1
2022-12-16,501.5,519.6,501.0,514.9,601147,501.4719999999999,493.6719999999999,492.80699999999996,1.0175829482941596,65.49200630488627,12.57573829065467,12.530389869599963,0.02571764377776442,0.018178450395034615,0.01743995611107244,0.22326815579933545,357273.1,0.036123519129928186,-0.00998252087784035,0
2022-12-19,514.44,520.55,509.0,509.76,225118,505.61,496.303,494.83450000000005,1.0217759675204536,56.010324483775804,12.73970794598722,12.572253484877416,-0.00998252087784035,0.015393720001736229,0.017314766201235204,-0.6255192157658609,353974.8,0.022657721280602547,-0.03323132454488387,0
2022-12-20,512.9,512.9,486.0,492.82,564124,505.74399999999997,496.98499999999996,495.303,1.0210800257620083,46.14991830065358,11.371653311891805,12.332133450280296,-0.03323132454488387,0.019658852012150133,0.018098357833674493,1.5059035705718777,384032.4,0.05458382370845335,-0.0053163426808976455,0
2022-12-21,489.0,500.0,488.5,490.2,223232,501.934,497.06000000000006,494.94899999999996,1.0141125651329734,43.709956269704044,9.961221295869564,11.85795101939815,-0.0053163426808976455,0.019662792471989102,0.016938767866152032,-0.6042855826024065,367272.2,0.02345981232150143,0.013504691962464399,1
2022-12-22,492.0,499.99,488.62,496.82,320302,500.9,498.21400000000006,495.29449999999997,1.0113175090779325,49.74425834921272,9.270754943762427,11.340511804271006,0.013504691962464399,0.01979484811597534,0.016869496364138866,0.43483909116972486,389262.3,0.022885552111428696,-0.020087758141781764,0
2022-12-23,498.0,498.0,486.0,486.84,328442,495.288,498.38,495.03900000000004,1.000502990673462,51.76912639599207,7.828016292467623,10.63801270191033,-0.020087758141781764,0.021058214630423674,0.01747828840725165,0.025413515994280322,408601.7,0.02464875523786049,-0.004169747761071374,0
2022-12-26,488.0,495.0,482.14,484.81,194753,490.29799999999994,497.954,494.91049999999996,0.990680133074566,49.37559030328472,6.446520012479084,9.799714164024081,-0.004169747761071374,0.02092969916451265,0.017378087947153203,-0.4070399035446136,407006.9,0.02652585548977953,-0.011922196324333334,0
2022-12-27,489.8,489.8,474.0,479.03,325373,487.53999999999996,496.64199999999994,493.863,0.9871968541883072,44.66297889776684,4.829603895536707,8.805692110326607,-0.011922196324333334,0.02104770271317376,0.016433696884264205,0.6706957017350181,413503.2,0.03298332046009647,-0.04308707179091076,0
2022-12-28,477.1,479.0,448.15,458.39,1117213,481.178,491.5559999999999,491.76449999999994,0.9784724192169221,38.215443947760534,1.861255326473156,7.416804753555917,-0.04308707179091076,0.020114589033275246,0.018799232640049155,2.433637701960519,439113.1,0.06730077008660752,0.0388533781277951,1
2022-12-29,464.5,478.25,450.0,476.2,617935,477.054,488.977,490.446,0.972694241567879,46.59332321699544,0.9351559595262984,6.120474994749994,0.0388533781277951,0.02529363807469116,0.021070063012457015,-0.4468959813392791,451763.9,0.05932381352372953,0.016232675346493197,1
2022-12-30,479.88,490.0,473.58,483.93,388706,476.4719999999999,485.88,489.77599999999995,0.9728365620201888,48.1052786788558,0.8155606610975497,5.059492128019506,0.016232675346493197,0.024167697298211235,0.021381865572851228,-0.370959728774062,430519.8,0.03393052714235533,-0.009340193829686094,0
2023-01-02,485.0,485.0,476.11,479.41,184508,475.392,482.84499999999997,489.57400000000007,0.9710319583964834,45.35307849430991,0.351996701803273,4.117993042776259,-0.009340193829686094,0.024156553112415907,0.020545445723833197,-0.5253276255061666,426458.8,0.01854362654095656,0.00698775578315014,1
2023-01-03,484.95,485.0,478.75,482.76,208569,476.13800000000003,481.83900000000006,489.412,0.9728776572703572,39.26052055460957,0.2520306744154368,3.344800569104095,0.00698775578315014,0.022374785010552515,0.020573107070169707,0.13040626964684465,390903.3,0.012946391581738338,-0.0002692849449001944,0
2023-01-04,484.5,487.5,481.0,482.63,114409,480.98600000000005,481.08200000000005,489.071,0.983468657924923,41.6695352839931,0.16046719797861897,2.7079338948790004,-0.0002692849449001944,0.022344420721625912,0.020502637947544727,-0.4514573114892434,380021.0,0.013467873940699916,0.012763400534571145,1
2023-01-05,483.5,490.5,482.5,488.79,225989,483.504,480.279,489.2464999999999,0.9882625629411761,38.072179077204225,0.5782967569187463,2.2820064672869496,0.012763400534571145,0.02229090365428546,0.020616580912850693,0.9752729243328759,370589.7,0.016366946950633194,0.016448781685386216,1
2023-01-06,492.85,500.16,488.01,496.83,630424,486.084,481.27799999999996,489.829,0.9923544747248529,44.2456608811749,1.5404333429040662,2.1336918424103732,0.016448781685386216,0.02187870501902141,0.020918055863866875,1.7896225037501825,400787.9,0.024455044985206276,-0.011412354326429508,0
2023-01-09,496.8,500.49,489.0,491.16,209418,488.434,481.913,489.9335,0.9969393805485848,49.17886822318957,1.8243815701813446,2.0718297879645675,-0.011412354326429508,0.02223185203292057,0.021045116151569974,-0.6678140426125909,402254.4,0.02339359882726608,0.01529033308901373,1
2023-01-10,495.11,507.0,491.0,498.67,409589,491.616,483.87700000000007,490.25949999999995,1.002766902018217,53.99641407945647,2.625145775937824,2.182492985559219,0.01529033308901373,0.022067763614243525,0.021272058586623007,0.9558442922766905,410676.0,0.0320853470230814,-0.0036497082238754475,0
2023-01-11,502.0,502.9,495.0,496.85,473189,494.46000000000004,487.72300000000007,489.63949999999994,1.0098449982078654,50.014826529603646,3.0774237630582206,2.3614791410590192,-0.0036497082238754475,0.015089397140628086,0.019731010523469285,0.15527760755293718,346273.6,0.015900171077790032,0.0019120458891013214,1
2023-01-12,499.85,511.0,495.03,497.8,736603,496.262,489.883,489.43,1.0139590952740944,55.947471239418306,3.4724857328755547,2.5836804594223266,0.0019120458891013214,0.010603711306920532,0.019491051926016724,0.5566781983520328,358140.4,0.03208115709120134,-0.006368019284853421,0
2023-01-13,496.0,499.95,486.0,494.63,332388,495.822,490.953,488.4165,1.0151622641741218,55.26372212692968,3.4895572393378984,2.7648558154054412,-0.006368019284853421,0.01022612160318194,0.018539481724919194,-0.5487555711828489,352508.6,0.02820289913672844,-0.014394597982330226,0
2023-01-16,497.98,497.99,484.5,487.51,250608,495.092,491.76300000000003,487.304,1.0159818101226339,54.481082223631375,2.895188109194862,2.7909222741633255,-0.014394597982330226,0.01096042719810311,0.018667252578768577,-0.24603776309614067,359118.6,0.0276712272568768,-0.06045004205041937,0
2023-01-17,490.89,491.0,451.62,458.04,1039177,486.966,489.291,485.56500000000005,1.0028852985697074,49.830836152730804,0.04563750171303127,2.2418653196732667,-0.06045004205041937,0.022274098824982637,0.02179016134798982,3.1466234118623504,442179.4,0.08597502401536983,0.049537158326783626,1
2023-01-18,458.2,484.0,458.2,480.73,499573,483.742,489.101,485.0915,0.9972180506151933,52.09083356410967,-0.37740798849881685,1.7180106580388501,0.049537158326783626,0.0282259977593743,0.02478564736204147,-0.5192609151280292,480695.8,0.053668379339754144,-0.0009152746864143912,0
2023-01-19,481.99,488.0,479.0,480.29,446402,480.23999999999995,488.25100000000003,484.265,0.9916884350510566,48.19873317498021,-0.7396526547502162,1.226477995481037,-0.0009152746864143912,0.027866151541782253,0.02455998152437684,-0.10643289369121234,502737.1,0.018738678714943054,-0.005600782860355147,0
2023-01-20,479.0,484.0,473.0,477.6,256925,476.834,486.328,483.803,0.9855953766305707,49.087793569196656,-1.2296203829557726,0.7352583197936751,-0.005600782860355147,0.027160313075344267,0.02419073419665628,-0.4244537434868123,465387.2,0.02303182579564489,0.002533500837520908,1
2023-01-23,480.5,482.9,475.0,478.81,79845,475.09400000000005,485.093,483.503,0.9826081740961278,47.96538580405893,-1.5029612482683206,0.2876144061812759,0.002533500837520908,0.027072792092064816,0.024186241591269517,-0.6892283740391165,452429.9,0.016499237693448292,-0.006223763079300837,0
2023-01-24,478.81,483.85,470.2,475.83,260335,478.65200000000004,482.809,483.34299999999996,0.9902946768650835,46.597277822257794,-1.9377102310828604,-0.1574505212715514,-0.006223763079300837,0.02637331241220051,0.024075963038417945,2.2605047279103263,437504.5,0.0286867158438939,-0.005779374986865093,0
2023-01-25,480.0,484.9,469.0,473.08,861650,477.122,480.43199999999996,484.0775,0.985631432983355,41.860947052118924,-2.4756165825063476,-0.6210837335185107,-0.005779374986865093,0.026375520495568967,0.021914905068842548,2.3097739451091863,476350.6,0.03360953749894305,0.0020715312420731546,1
2023-01-26,473.68,480.5,471.0,474.06,934245,475.87600000000003,478.0580000000001,483.9705,0.9832748070388588,37.27221911682504,-2.7906643896614582,-1.0549998647471002,0.0020715312420731546,0.026379926659867613,0.020111591778096235,0.0842511460569837,496114.8,0.020039657427329875,-0.025524195249546522,0
2023-01-27,477.0,477.94,459.01,461.96,1062121,472.74799999999993,474.791,482.872,0.9790337812090987,34.772632457238174,-3.970936439259731,-1.6381871796496266,-0.025524195249546522,0.02720840763405148,0.020498054418026303,0.13687630118437877,569088.1,0.04097757381591481,-0.0212788986059399,0
2023-01-30,463.0,464.05,451.01,452.13,350886,467.412,471.253,481.508,0.9707253046678352,26.303462321792253,-5.634557715278277,-2.4374612867753567,-0.0212788986059399,0.027516416843438977,0.020889509104866335,-0.6696365103411005,579115.9,0.02884126246875903,0.013027226682591264,1
2023-01-31,458.0,462.95,453.0,458.02,688756,463.85,471.25100000000003,480.271,0.9658088870658441,31.01593820279649,-6.403895664121421,-3.23074816224457,0.013027226682591264,0.020662973696374716,0.02107995287651261,0.9629053310761899,544073.8,0.021723942185930722,-0.004475787083533356,0
2023-02-01,460.01,463.0,455.0,455.97,217983,460.428,468.775,478.938,0.9613519912807086,29.766856921737457,-7.097207211914622,-4.00403997217858,-0.004475787083533356,0.011239527897336602,0.021078411639296833,-0.6835120129625005,515914.8,0.017545013926354804,0.01282979143364682,1
2023-02-02,453.5,464.9,453.5,461.82,433983,457.98,466.928,477.58950000000004,0.9589406802285225,34.53088165959451,-7.0928534990812295,-4.62180267755911,0.01282979143364682,0.012584031085976298,0.021080967619995474,0.9909029603225941,514672.9,0.02468494218526694,-0.014637737646702176,0
2023-02-03,465.65,469.0,450.0,455.06,793417,456.6,464.674,475.50100000000003,0.9602503464766635,34.64850033115715,-7.547871490461489,-5.207016440139586,-0.014637737646702176,0.013040565622530939,0.020744252208872143,0.8282213819435325,568322.1,0.041752735902957853,0.005669582033138498,1
2023-02-06,458.99,460.0,454.5,457.64,586180,457.70199999999994,462.55699999999996,473.825,0.9659726692344219,49.746192893400995,-7.612539472420849,-5.688121046595839,0.005669582033138498,0.013270750809249783,0.0207822269088848,-0.2611955629889453,618955.6,0.012018180229000962,0.05521807534306444,1
2023-02-07,458.75,488.1,456.05,482.91,1770068,462.68,463.265,473.0370000000001,0.978105306773043,51.3393954288523,-5.560612227831484,-5.662619282842968,0.05521807534306444,0.023003493787291416,0.024286531399877027,2.0196663141014706,769928.9,0.06636847445693816,0.021784597544055817,1
2023-02-08,485.5,498.0,485.5,493.43,686338,470.172,465.3,472.866,0.9943028257476749,57.183468182812156,-3.050405842722114,-5.140176594818797,0.021784597544055817,0.023648482632749195,0.024818476478229757,-0.6122533145619264,752397.7,0.025332873963885453,-0.009444095413736586,0
2023-02-09,496.99,500.0,485.75,488.77,802134,475.562,466.7709999999999,472.4145,1.0066625812713201,55.977737343465684,-1.420695360454431,-4.396280347945924,-0.009444095413736586,0.024055049338788128,0.024900915489796484,0.1687157056727151,739186.6,0.029154817194181313,-0.0065265871473290105,0
2023-02-10,487.1,489.0,480.0,485.58,682907,481.666,469.1330000000001,471.962,1.0205609773668218,53.5478461377214,-0.38213933747590545,-3.5934521458519204,-0.0065265871473290105,0.022203114937468068,0.024902866783339306,-0.14863726010866019,701265.2,0.018534536018781664,-0.027163392231970063,0
2023-02-13,481.01,487.99,470.71,472.39,309789,484.616,471.159,471.206,1.028458890591376,48.37152054535126,-0.6162947116383748,-2.9980206590092116,-0.027163392231970063,0.023045353200170156,0.025432400906612612,-0.5463672213053901,697155.5,0.03657994453735267,-0.022947141133385474,0
2023-02-14,476.9,476.9,460.21,461.55,480563,480.34400000000005,471.512,471.38149999999996,1.0190132620817747,44.93008530472255,-1.657455820037569,-2.7299076912148834,-0.022947141133385474,0.02435896518392734,0.021988558905335073,0.5512590827950636,676336.2,0.03616076264760047,0.025284367890802795,1
2023-02-15,459.0,476.0,458.5,473.22,456048,476.302,473.23699999999997,471.006,1.0112440181229114,49.66237942122188,-1.5233517788113886,-2.4885965087341844,0.025284367890802795,0.02540687388989476,0.019697548520584626,-0.05101308257190007,700142.7,0.03698068551625037,0.0017539410844849002,1
2023-02-16,475.1,483.4,472.0,474.05,538151,473.358,474.46000000000004,470.6940000000001,1.0056597279761372,55.34341023601169,-1.3347135496021565,-2.2578199169077786,0.0017539410844849002,0.025220240377672606,0.019704376477790785,0.18003148791355295,710559.5,0.02404809619238472,0.012298280772070402,1
2023-02-17,476.99,483.5,470.0,479.88,345703,472.218,476.942,470.808,1.0029948514043943,62.71419408045452,-0.7066384292861017,-1.9475836193834433,0.012298280772070402,0.024569155120802957,0.019864970481840046,-0.35760966717519804,665788.1,0.028132033008252063,0.015566391597899631,1
2023-02-20,482.0,495.0,481.1,487.35,742849,475.21000000000004,479.913,471.235,1.0084352817596316,63.24631921235664,0.3893935131755484,-1.480188192871645,0.015566391597899631,0.024771092325377102,0.02014955444755003,1.1488069238623906,681455.0,0.028521596388632352,0.01836462501282443,1
2023-02-21,489.5,499.5,485.1,496.3,626151,482.16,481.25200000000007,472.2585,1.0209662716499543,67.1456508800272,1.9576305790566835,-0.7926244384859793,0.01836462501282443,0.018738079456909494,0.020428964443682016,-0.15709518354335805,567063.3,0.02901470884545633,0.0026193834374370617,1
2023-02-22,499.0,504.5,496.0,497.6,528514,487.03600000000006,481.66900000000004,473.4845,1.0286207890649008,65.82345657173184,3.267700866239238,0.019440622459064194,0.0026193834374370617,0.017532983422834946,0.020340174567639837,-0.1559320355633066,551280.9,0.017081993569131832,-0.008741961414791,0
2023-02-23,496.0,496.9,487.0,493.25,337554,490.87600000000003,482.117,474.44399999999996,1.0346342244817093,67.25711703569814,3.9098619075790566,0.7975248794830627,-0.008741961414791,0.01748794577823834,0.02050152506737716,-0.36131493205478005,504822.9,0.020070957932083078,0.001905727318803896,1
2023-02-24,494.0,495.5,489.04,494.19,226807,493.738,482.97799999999995,476.05550000000005,1.0371437784039885,66.76451701678745,4.443408456690406,1.5267015949245315,0.001905727318803896,0.01728409061431581,0.01944040973417892,-0.32808676537679893,459212.9,0.01307189542483656,-0.0009510512151196249,0
2023-02-27,492.8,499.0,490.0,493.72,159271,495.012,485.11100000000005,478.13499999999993,1.0352975624039238,56.4184776154851,4.773299246373824,2.1760211252143904,-0.0009510512151196249,0.014077999071170114,0.01858631217095029,-0.29776858738927814,444161.1,0.018228955683383292,-0.028842258770153117,0
2023-02-28,490.05,499.74,475.9,479.48,612324,491.64799999999997,486.904,479.2080000000001,1.0259594998414048,42.06755373592632,3.8414097027198295,2.5090988407154784,-0.028842258770153117,0.015415633546341524,0.01989566735769416,2.844541693089137,457337.2,0.049720530574789416,-0.005359973304413068,0
2023-03-01,478.99,481.0,468.1,476.91,526911,487.51000000000005,487.27299999999997,480.255,1.0151065579744096,43.091798695247,2.8625058186294154,2.579780236298266,-0.005359973304413068,0.01364185561000319,0.019912907760545006,-0.13948987790777434,464423.5,0.02704912876643387,-0.008114738629930174,0
2023-03-02,478.89,484.0,471.5,473.04,412386,483.468,487.1719999999999,480.816,1.0055156234401519,42.753120665742046,1.7542192334459514,2.4146680357278028,-0.008114738629930174,0.013924142120393671,0.01988814105527555,-0.2173516969659013,451847.0,0.026424826653137154,0.0211821410451547,1
2023-03-03,473.0,484.85,470.11,483.06,492129,481.242,487.49000000000007,482.216,0.9979801582693233,56.40071985602881,1.6652286697444652,2.2647801625311352,0.0211821410451547,0.015043306252257473,0.019981756609809928,0.19336980401856518,466489.6,0.03051380780855382,0.0017803171448682598,1
2023-03-06,486.0,489.97,482.22,483.92,362806,479.282,487.14700000000005,483.5299999999999,0.9912146092279694,65.2446504020717,1.6451337418330922,2.140850878391527,0.0017803171448682598,0.01414053977075069,0.01997515427132709,-0.2627827256674571,428485.3,0.01601504380889403,0.003636964787568253,1
2023-03-07,484.01,487.52,481.06,485.68,229153,480.52200000000005,486.08500000000004,483.66849999999994,0.9934945112199783,59.81720768988338,1.7510407499727307,2.0628888527077676,0.003636964787568253,0.01263035797229682,0.01576147417725709,-0.368386961626875,388785.5,0.013300938889803944,0.0033149398781091577,1
2023-03-08,487.5,491.0,486.86,487.29,181600,482.59800000000007,485.054,483.3615,0.998420436877989,60.30510585305106,1.9424944942420552,2.038809981014625,0.0033149398781091577,0.012661043318864197,0.014963736397799928,-0.20751637552203117,354094.1,0.008495967493689562,-0.0005335631759323389,0
2023-03-09,488.9,491.0,486.0,487.03,260659,485.396,484.4320000000001,483.2745,1.0043898446948887,56.093403783875885,2.0496164363991056,2.0409712720915216,-0.0005335631759323389,0.012440920464834075,0.01481594341789863,0.43534691629955957,346404.6,0.010266308030306141,0.011292938833336708,1
2023-03-10,487.1,493.99,481.0,492.53,382764,487.28999999999996,484.26599999999996,483.622,1.0075844357783557,54.56790123456785,2.5489328704377954,2.1425635917607764,0.011292938833336708,0.01304083237120905,0.014942723317203938,0.46844728169754357,362000.3,0.026374027977991207,-0.0005075832944185787,0
2023-03-13,495.7,499.0,492.0,492.28,408102,488.962,484.12199999999996,484.6165,1.0089668841238382,45.812499999999964,2.8911445168163823,2.2922797767718976,-0.0005075832944185787,0.013038973002787054,0.013427631283460513,0.06619744803586536,386883.4,0.014219549849679046,0.004529942309254853,1
2023-03-14,492.21,497.0,492.0,494.51,286178,490.72799999999995,485.625,486.26450000000006,1.0091791607242557,46.84242795830776,3.304203276608007,2.4946644767391195,0.004529942309254853,0.008311724971083366,0.01206074031022614,-0.2987586436724152,354268.8,0.010111018988493661,-0.01069745808982625,0
2023-03-15,492.11,495.95,484.0,489.22,337970,491.1139999999999,486.85600000000005,487.06450000000007,1.008314093923905,45.95949468618411,3.16817577186805,2.629366735764906,-0.01069745808982625,0.009055072878089222,0.011303853893411797,0.18097827226411534,335374.7,0.024426638322227193,-0.009382281999918307,0
2023-03-16,488.9,492.44,483.6,484.63,426471,490.634,488.01500000000004,487.59349999999995,1.0062357270964442,41.068759342301945,2.6593431026629446,2.635362009144514,-0.009382281999918307,0.009228750142256307,0.01157340852240731,0.26186052016451167,336783.2,0.018240719724325723,-0.037925840331799465,0
2023-03-17,484.63,489.0,459.59,466.25,4075478,485.378,486.334,486.912,0.9968495333859095,30.771384572308563,0.7641682979847246,2.261123266912556,-0.037925840331799465,0.013734967627148358,0.014185348121510172,8.556284014622332,695118.1,0.06307774798927619,0.009908847184986636,1
2023-03-20,468.9,473.99,467.9,470.87,232295,481.096,485.029,486.088,0.9897302546041046,43.03510758776896,-0.3608167290193478,1.7367352677261754,0.009908847184986636,0.014307440508237691,0.013883599159266862,-0.9430017779509545,682067.0,0.0129335060632447,-0.0026758978061884875,0
2023-03-21,472.98,473.0,468.0,469.61,194626,476.116,483.4219999999999,484.7535000000001,0.9821816655269119,43.966942148760324,-1.338616203406957,1.121664973499549,-0.0026758978061884875,0.014138159789085988,0.013061942197023614,-0.1621601842484771,678614.3,0.010647132727156576,-0.01375609548348633,0
2023-03-22,470.0,471.49,462.1,463.15,176961,470.90199999999993,481.008,483.03100000000006,0.9748898103848405,42.16199080678394,-2.6047711625037664,0.3763777462988859,-0.01375609548348633,0.01428489835832098,0.013224626460605274,-0.09076382394952365,678150.4,0.020274209219475304,-0.011875202418223041,0
2023-03-24,467.5,467.5,456.0,457.65,84304,465.50600000000003,478.07,481.25100000000003,0.9672831848661093,28.308007512378367,-4.005835347978405,-0.5000648725565722,-0.011875202418223041,0.014343232502974496,0.013308325306852681,-0.5236012454721661,660514.9,0.02512837321096908,0.0208019228668197,1
2023-03-27,459.88,468.0,459.0,467.17,147167,465.68999999999994,475.534,479.9,0.9703896645134402,37.54276364718134,-4.29845446368671,-1.2597427907825998,0.0208019228668197,0.015860084352383785,0.01435348583008669,0.7456704308217879,636955.2,0.019264935676520323,-0.002697090994712825,0
2023-03-28,468.0,469.0,464.15,465.91,90317,464.698,472.89700000000005,478.5095,0.9711364142195713,35.186572755881954,-4.579242039085727,-1.9236426404432252,-0.002697090994712825,0.015803765158742298,0.014347541397539784,-0.3862958407795226,605176.7,0.010409735785881441,-0.005752183898177776,0
2023-03-29,466.01,469.0,462.3,463.23,128805,463.422,469.76900000000006,477.69699999999995,0.9701170407182798,32.25663716814162,-4.960836384038316,-2.5310813891622432,-0.005752183898177776,0.01541735573957189,0.0130078128742754,0.4261434724359756,589439.4,0.014463657362433322,-0.0021803423785160536,0
2023-03-30,463.24,464.75,460.0,462.22,163329,463.236,467.06899999999996,476.9625,0.9712210079408758,31.903719912472695,-5.283842365023531,-3.081633584334501,-0.0021803423785160536,0.015389117055032013,0.012979373294328163,0.26803307325026204,571975.3,0.01027649171390247,-0.00034615551036309977,0
2023-03-31,464.0,464.0,461.0,462.06,148918,464.11800000000005,464.812,476.4135,0.9741915373934619,25.897800980857525,-5.489458534000278,-3.5631985742676564,-0.00034615551036309977,0.015404597120030115,0.012886357212527547,-0.08823295311916435,544220.0,0.006492663290481756,0.010085270311215089,1
2023-04-03,464.99,470.0,461.0,466.72,103617,464.0280000000001,464.85900000000004,475.59649999999993,0.9756758092206317,31.100266193433967,-5.216257999335369,-3.893810459281199,0.010085270311215089,0.01061987469346551,0.012091094099725376,-0.30420096966115584,147033.9,0.01928351045594789,-0.002292595131984987,0
2023-04-04,466.01,467.0,465.0,465.65,57728,463.976,464.337,474.6830000000001,0.977443894135665,28.287691844718665,-5.028123586143977,-4.120673084653755,-0.002292595131984987,0.010060435150867868,0.012064566935896907,-0.44287134350540935,129577.2,0.004295071405562118,0.0030709760549769705,1
2023-04-05,468.98,469.0,465.0,467.08,100701,464.746,464.084,473.75300000000004,0.9809879831895523,32.31629392971249,-4.7093502016077196,-4.238408508044548,0.0030709760549769705,0.010122384167504977,0.012051669516211366,0.7444047949002217,120184.7,0.00856384345294168,0.010661985098912474,1
2023-04-06,468.9,473.02,467.5,472.06,110205,466.71399999999994,464.975,472.9915,0.9867280913081947,40.022225750119105,-4.008666208576585,-4.192460048150956,0.010661985098912474,0.00949338846441376,0.01232720543627611,0.09437840736437564,113509.1,0.01169342880142351,-0.006122103122484401,0
2023-04-07,475.25,475.25,468.1,469.17,59903,468.13599999999997,466.12700000000007,472.09850000000006,0.9916066244650215,53.07368421052632,-3.6445557729131792,-4.082879193103401,-0.006122103122484401,0.008704147003364296,0.012367097717625774,-0.456440270405154,111069.0,0.015239678581324417,-0.011488373084383108,0
2023-04-10,469.96,469.96,463.01,463.78,30130,467.54799999999994,465.788,470.66099999999994,0.9933858977055673,42.65589392997721,-3.747722174910109,-4.015847789464743,-0.011488373084383108,0.006990396296883758,0.012145539501132863,-0.49702018262858283,99365.3,0.014985553495191662,0.004678942602095892,1
2023-04-11,465.0,466.4,464.0,465.95,38760,467.608,465.79200000000003,469.3445,0.9963001590516135,46.27897519316795,-3.6127360548233014,-3.9352254425364555,0.004678942602095892,0.007144416962429297,0.01225490717778824,0.2864254895453038,94209.6,0.005150767249704855,0.03667775512394034,1
2023-04-12,467.1,484.99,467.1,483.04,416645,470.8,467.77299999999997,468.771,1.0043283394237272,66.62765423842164,-2.102502074073527,-3.56868076884387,0.03667775512394034,0.013286784219782619,0.015040957349624065,9.74935500515996,122993.6,0.03703627028817486,-0.0003105332891686352,0
2023-04-13,487.0,490.0,482.0,482.89,226131,472.966,469.84000000000003,468.4545,1.009630604466389,73.17297098788092,-0.9072759971433015,-3.0363998145037567,-0.0003105332891686352,0.013198718376516068,0.014869209218348407,-0.45725737738362393,129273.8,0.01656692000248504,-0.00944314440141647,0
2023-04-17,486.0,487.0,478.0,478.33,121171,474.79799999999994,471.467,468.13950000000006,1.0142233244577736,61.27272727272719,-0.3242666662476381,-2.4939731848525333,-0.00944314440141647,0.01386364499270015,0.014871118941047118,-0.4641557327389876,126499.1,0.01881546212865595,0.004223025944431802,1
2023-04-18,480.0,482.0,475.0,480.35,178608,478.11199999999997,472.8299999999999,468.84450000000004,1.019766681703635,64.36530043772376,0.29734197381299055,-1.9357101531194287,0.004223025944431802,0.013679399770142316,0.012006074095776262,0.4740160599483374,133998.2,0.014572707400853544,-0.03524513375663585,0
2023-04-19,461.0,466.5,449.0,463.42,942217,477.60600000000005,472.60699999999997,468.47200000000004,1.0194974299424513,50.147263990079054,-0.5695725329636048,-1.662482629088264,-0.03524513375663585,0.018281617839579312,0.014366629952662947,4.275334811430619,222447.1,0.037762720642182036,-0.0020715549609426898,0
2023-04-20,462.0,463.99,457.35,462.46,258739,473.48999999999995,472.145,468.11449999999996,1.0114833016281273,50.186161960905956,-1.3188693968715484,-1.593759982644921,-0.0020715549609426898,0.018247627743940988,0.014362888745076527,-0.7253934072511958,238250.9,0.01435799852960253,-0.0013839034727327615,0
2023-04-26,461.0,470.0,459.0,461.82,451019,469.276,471.121,468.04799999999994,1.0026236625303389,49.815214043732674,-1.9419496247554093,-1.6633979110670187,-0.0013839034727327615,0.01779568865005786,0.014032190681217912,0.7431427036511697,272332.3,0.02381880386297692,0.008293274435927422,1
2023-04-27,462.0,466.7,462.0,465.65,462347,466.74000000000007,470.76899999999995,468.44800000000004,0.9963539176173236,49.165496802370896,-2.10246034888371,-1.751210398630357,0.008293274435927422,0.01801159077578124,0.013861340774216248,0.02511645850839983,312576.7,0.010093417803070952,-0.02304305809084073,0
2023-04-28,469.9,470.0,444.0,454.92,2027881,461.654,469.883,467.83549999999997,0.9867870223614925,42.72739596041756,-3.06021136808522,-2.0130105925213297,-0.02304305809084073,0.01912351312759247,0.014023944108152032,3.3860585231438725,512351.8,0.057152906005451504,-0.011100852897212743,0
2023-05-02,455.0,455.99,447.0,449.87,677453,458.94399999999996,468.275,467.0335,0.9826789727075251,38.88099237627604,-4.17856089745294,-2.446120653507652,-0.011100852897212743,0.019183886066248334,0.014194936078491533,-0.6659305945467214,576221.1,0.019983550803565495,-0.02100606841976571,0
2023-05-03,450.0,452.0,438.5,440.42,580196,454.53599999999994,464.01300000000003,465.89300000000003,0.9756231581071189,30.674322013193304,-5.760987897413941,-3.1090941022889096,-0.02100606841976571,0.01370349779538833,0.014822614494786404,-0.14356272686075644,592576.2,0.030652558921029926,0.017982834567004113,1
2023-05-04,439.98,450.0,428.52,448.34,1441953,451.84,460.558,465.19899999999996,0.971283257272694,38.013580388997575,-6.303333975475539,-3.7479420769262353,0.017982834567004113,0.01603175638527521,0.015509356916322969,1.4852860067977027,714158.4,0.04791006825177325,-0.01356113663737335,0
2023-05-05,448.99,451.0,441.1,442.26,245999,447.162,456.951,464.209,0.9632773168982074,37.714089974880125,-7.141430373096682,-4.426639736160325,-0.01356113663737335,0.016145990475652506,0.01574145827588399,-0.8293987390712457,726641.2,0.022385022385022334,-0.023809523809523725,0
2023-05-08,441.32,443.89,431.0,431.73,219468,442.524,452.08900000000006,462.45950000000005,0.956892441392165,32.165937043985835,-8.556674782935602,-5.252646745515381,-0.023809523809523725,0.01628053732329215,0.016182363880505705,-0.10785003191069886,730727.2,0.02985662335255828,-0.01114122252333638,0
2023-05-09,430.01,434.95,422.51,426.92,491230,437.934,448.439,460.52299999999997,0.9509492468345774,16.459478842935667,-9.95167624610923,-6.192452645634151,-0.01114122252333638,0.013805104442310543,0.01626077691959166,1.2382761951628485,685628.5,0.029138948749180167,-0.013046940878853164,0
2023-05-10,420.0,429.0,420.0,421.35,309451,434.12,444.328,458.2365,0.9473710627590776,15.458015267175568,-11.37554717883944,-7.229071552275209,-0.013046940878853164,0.013709935145193393,0.016280492417652788,-0.37004865338029025,690699.7,0.021359914560341756,0.0027293224160436225,1
2023-05-11,424.47,428.0,420.06,422.5,307459,428.95199999999994,440.396,455.7585,0.9411826658197268,17.415664760126035,-12.269741816404917,-8.23720560510115,0.0027293224160436225,0.014027890970943561,0.015972228631274264,-0.0064372065367376274,676343.7,0.01879289940828402,0.005893491124260297,1
2023-05-12,425.0,428.8,423.0,424.99,379375,425.49800000000005,436.33000000000004,453.54949999999997,0.9381511830571968,17.866264221035465,-12.631863064452943,-9.11613709697151,0.005893491124260297,0.013720708796799864,0.016168778901321058,0.23390435797943798,668046.5,0.013647379938351517,-0.002235346714040354,0
2023-05-15,421.1,425.0,418.1,424.04,177059,423.96000000000004,433.242,451.5625,0.9388733564013841,21.935575826681813,-12.847406913328712,-9.86239106024295,-0.002235346714040354,0.012909974187760133,0.016099821658787653,-0.533287644151565,482964.3,0.016272049806621964,-0.0023111027261579764,0
2023-05-16,427.0,428.8,422.0,423.06,181031,423.188,430.56100000000004,449.418,0.9416356265214121,21.929324593901356,-12.948047741783228,-10.479522396551006,-0.0023111027261579764,0.012893629432428553,0.01596893238849468,0.022433200232690798,433322.1,0.0160733702075356,-0.012031390346522897,0
2023-05-17,426.9,426.9,417.1,417.97,149691,422.512,428.316,446.1645,0.9469870417749507,20.62173388717669,-13.285381180124716,-11.040694153265749,-0.012031390346522897,0.012019705590610425,0.012708410223444485,-0.17311952096602234,390271.6,0.023446658851113605,-0.02581524989831807,0
2023-05-18,420.0,421.4,401.56,407.18,306236,419.448,424.2,442.379,0.948164356807172,14.168402990562527,-14.259014145433525,-11.684358151699303,-0.02581524989831807,0.010541376234152394,0.013255844110503939,1.0457876559044967,276699.9,0.048725379439068656,-0.0035856378014637036,0
2023-05-19,408.0,411.5,402.0,405.72,392783,415.59400000000005,420.546,438.7485,0.9472260304023833,15.984513274336237,-14.975803344516692,-12.342647190262781,-0.0035856378014637036,0.010589711438919095,0.013296373701858571,0.2826153685392965,291378.3,0.02341516316671596,-0.011682934043182547,0
2023-05-22,406.0,406.0,397.0,400.98,376817,410.98199999999997,417.471,434.78000000000003,0.9452642715856294,16.053325926954543,-15.744845556396513,-13.023086863489528,-0.011682934043182547,0.009256707012188573,0.012991869142569744,-0.04064839873416115,307113.2,0.02244500972617088,0.004464063045538369,1
2023-05-23,398.0,408.0,398.0,402.77,504078,406.92400000000004,415.05600000000004,431.74749999999995,0.9425045889090269,20.745920745920657,-16.025151043693825,-13.623499699530388,0.004464063045538369,0.009838551344363447,0.011727967557222831,0.33772627031158353,308398.0,0.02482806564540557,-0.005884251557961129,0
2023-05-24,405.1,406.9,399.01,400.4,295363,403.41,412.96100000000007,428.64450000000005,0.9411295374138708,9.234693877550953,-16.251200630109736,-14.149039885646257,-0.005884251557961129,0.009504329278525405,0.011675826949196753,-0.41405298386360845,306989.2,0.01970529470529467,-0.002447552447552348,0
2023-05-25,402.9,410.0,392.51,399.42,428235,401.858,410.6530000000001,425.5245,0.944382755869521,10.111731843575356,-16.321282777528324,-14.583488464022672,-0.002447552447552348,0.009168834656158103,0.011650749665195241,0.4498600027762447,319066.8,0.043788493315307216,-0.0159230884782936,0
2023-05-26,405.0,405.0,388.5,393.06,651807,399.326,407.46,421.895,0.9465056471396912,10.963052695336074,-16.697543345705014,-15.006299440359141,-0.0159230884782936,0.00872458784289353,0.011209461491001282,0.5220778310974115,346310.0,0.04197832392001221,0.032336030122627646,1
2023-05-29,389.0,409.12,389.0,405.77,751047,400.284,405.633,419.4375,0.9543352704514976,31.586278948284814,-15.788145860992074,-15.16266872448573,0.032336030122627646,0.01542616034610926,0.013910599043995383,0.152253657907939,403708.8,0.04958474012371542,0.021169628114449113,1
2023-05-30,406.0,416.33,403.6,414.36,800932,402.602,404.76300000000003,417.662,0.9639421350278454,44.218362282878395,-14.210490898769763,-14.972233159342537,0.021169628114449113,0.017418863573212155,0.015063802413480692,0.06642061016154788,465698.9,0.03072207742060035,-0.027512308137851216,0
2023-05-31,414.99,415.01,400.0,402.96,876979,403.11400000000003,403.262,415.78900000000004,0.9695157880559611,36.18104667609616,-13.721895234364581,-14.722165574346947,-0.027512308137851216,0.01902889904477581,0.015514020045766916,0.09494813542223302,538427.7,0.03724935477466744,0.010125074449076843,1
2023-06-01,403.0,409.49,403.0,407.04,447927,404.63800000000003,403.248,413.724,0.9780384990960158,37.58472817817127,-12.857247403456086,-14.349181940168776,0.010125074449076843,0.01769035945392878,0.015010800304665353,-0.4892386248701508,552596.8,0.01594437893081763,-0.0002948113207547065,0
2023-06-02,407.0,411.25,403.01,406.92,433832,407.41,403.36800000000005,411.957,0.9889624402546868,38.021270640918,-12.042868078346032,-13.88791916780423,-0.0002948113207547065,0.017644607320654117,0.014891896167735175,-0.03146718103619561,556701.7,0.020249680526884913,-0.0009584193453259227,0
2023-06-05,409.0,409.0,404.1,406.53,173131,407.562,403.92299999999994,410.697,0.992366635256649,38.33780160857908,-11.298692047808515,-13.370073743805087,-0.0009584193453259227,0.01714508546437763,0.014154452286964938,-0.6009261649670841,536333.1,0.012053231003861898,-0.004919686124025269,0
2023-06-06,407.9,410.5,404.0,404.53,390498,405.596,404.09900000000005,409.5775,0.9902790070255324,40.08557096488637,-10.74643228544653,-12.845345452133376,-0.004919686124025269,0.01722190591153057,0.014031811318705891,1.255505946364314,524975.1,0.0160680295651744,0.02474476553036875,1
2023-06-07,407.5,419.25,407.0,414.54,743896,407.912,405.51300000000003,409.23699999999997,0.9967622673414184,55.49253731343284,-9.392765152137883,-12.154829392134278,0.02474476553036875,0.018614069154838122,0.015057555330895716,0.9049931113603655,569828.4,0.029550827423167846,-0.017103295218796832,0
2023-06-08,415.5,416.0,406.99,407.45,334779,407.994,406.316,408.48449999999997,0.9987992200438451,51.19096791959242,-8.79074372117367,-11.482012257942158,-0.017103295218796832,0.019691688847895003,0.015466830739065879,-0.5499653177325863,560482.8,0.02211314271689776,0.01970793962449391,1
2023-06-09,408.99,418.9,407.5,415.48,323664,409.70599999999996,408.558,408.009,1.0041592219779465,59.54952581664908,-7.578325292684099,-10.701274864890546,0.01970793962449391,0.019273998825590777,0.01611846339299406,-0.03320100723163644,527668.5,0.027438143833638146,0.007894483488976478,1
2023-06-12,415.01,423.05,414.0,418.76,350596,412.15199999999993,409.85699999999997,407.745,1.0108082257293158,60.32812298152691,-6.280409711472203,-9.817101834206877,0.007894483488976478,0.016932623549365425,0.01623658487873004,0.08320974838103723,487623.4,0.021611424204795136,-0.019677142038399098,0
2023-06-13,417.0,421.9,409.52,410.52,201578,413.35,409.473,407.118,1.0153076012360054,56.07588856868395,-5.849274601275226,-9.023536387620547,-0.019677142038399098,0.017065251838412024,0.016793267167216647,-0.4250419286015813,427688.0,0.030156874208321145,-0.008671928286076214,0
2023-06-14,412.0,413.9,406.01,406.96,102328,411.834,409.87299999999993,406.5675,1.0129535685956206,54.39086885627763,-5.728820887003792,-8.364593287497197,-0.008671928286076214,0.014658726516036627,0.016697540230703436,-0.4923652382700493,350222.9,0.019387654806369142,0.002064084922351217,1
2023-06-15,409.5,410.1,401.9,407.8,239484,411.904,409.94899999999996,406.5985,1.0130484987032662,59.1735125715708,-5.502154063719843,-7.792105442741726,0.002064084922351217,0.014324172289679409,0.015666467182221578,1.3403565006645297,329378.6,0.020107896027464555,0.011280039234919048,1
2023-06-16,409.0,417.48,407.25,412.4,386436,411.288,410.497,406.9325,1.0107032493103894,54.58950574553508,-4.894911919395156,-7.2126667380724125,0.011280039234919048,0.014734473464610431,0.01582959067878285,0.6136192814551285,324639.0,0.02480601357904951,-0.03266246362754599,0
2023-06-19,412.0,412.3,395.0,398.93,333232,407.322,409.73699999999997,406.83000000000004,1.001209350342895,39.99481260536897,-5.437899847124868,-6.857713359882904,-0.03266246362754599,0.018289052728967487,0.017333471696542698,-0.13767868418056284,340649.1,0.043366004060862835,0.008773469029654368,1
2023-06-20,399.01,403.5,397.0,402.43,133793,405.704,409.527,406.813,0.9972739317573431,49.61710735442857,-5.522145091390314,-6.590599706184387,0.008773469029654368,0.01853501754181155,0.01741993816142859,-0.5984989436788783,314978.6,0.016151877345128345,-0.011803294982978385,0
2023-06-21,404.0,404.5,395.0,397.68,154424,403.84799999999996,407.841,406.677,0.9930436193834418,43.302804808242705,-5.904136150670752,-6.45330699508166,-0.011803294982978385,0.016528358545369933,0.01757656946460543,0.15420089242337043,256031.4,0.023888553610943473,0.007216857775095509,1
2023-06-22,398.0,405.9,398.0,400.55,258404,402.398,407.151,406.7335,0.9893406862232887,45.6147597411538,-5.90718742331876,-6.34408308072908,0.007216857775095509,0.01617480172329333,0.017644069957250735,0.6733409314614309,248393.9,0.019722881038571907,-0.007839221071027302,0
2023-06-23,401.0,402.0,396.15,397.41,111809,399.4,405.344,406.95099999999996,0.9814449405456677,43.9506500397984,-6.092743976837085,-6.293815259950682,-0.007839221071027302,0.014392533862325614,0.017343153981130316,-0.5673093295769416,227208.4,0.014720314033366102,0.026370750610200888,1
2023-06-26,398.11,410.3,398.11,407.89,206355,401.192,404.25699999999995,407.057,0.9855916984599208,52.00333889816361,-5.332678667179437,-6.101587941396433,0.026370750610200888,0.017074114453271932,0.016813539266373592,0.8456027690078616,212784.3,0.029885508347838874,-0.011179484664983197,0
2023-06-27,408.0,408.5,402.0,403.33,199153,401.37199999999996,403.538,406.50550000000004,0.9873716345781297,42.85167708200482,-5.0401753201009,-5.889305417137327,-0.011179484664983197,0.016318700087571254,0.01625662917082679,-0.03490102008674367,212541.8,0.016115835668063374,0.07425681203976886,1
2023-07-03,432.98,433.58,416.0,433.28,673695,408.49199999999996,406.16999999999996,408.0215,1.0011531255093173,62.75303643724697,-2.3643943465197026,-5.184323203013802,0.07425681203976886,0.02871451290073838,0.022371682800740988,2.3828011629249874,269678.5,0.04057422451994088,0.02467226735598249,1
2023-07-04,436.12,447.75,425.5,443.97,1478311,417.17600000000004,409.787,409.86799999999994,1.017830130676218,63.70634080631195,0.6117234458475878,-4.025113873241524,0.02467226735598249,0.029199446886801695,0.022817916267178818,1.1943327470145988,393561.2,0.05011599882874969,0.02738923801157722,1
2023-07-05,443.0,458.25,442.1,456.13,1163315,428.91999999999996,414.16,412.32849999999996,1.0402385476628464,66.56324793901251,3.906496947607195,-2.43879170907178,0.02738923801157722,0.029783346912189368,0.023339500893868208,-0.21307830355047075,471249.1,0.03540657268761094,-0.005261657860697544,0
2023-07-06,456.0,459.01,448.25,453.73,363797,438.088,419.64,414.68850000000003,1.0564266913599003,70.19725156585962,6.251900723087033,-0.7006532226400175,-0.005261657860697544,0.02644220680330091,0.023426483012801425,-0.6872755874376244,474305.6,0.023714543891741765,0.008727657417406887,1
2023-07-07,449.01,462.0,449.01,457.69,807792,448.96000000000004,425.166,417.3465,1.0757488082444684,73.62391729533392,8.334118487658657,1.1063011194197174,0.008727657417406887,0.026443074341894454,0.023297355984580468,1.2204471174858504,541705.5,0.028381655705827107,-0.001136140182219414,0
2023-07-10,459.0,461.0,455.02,457.17,222608,453.738,431.11500000000007,419.47799999999995,1.0816729363637665,73.05931807566562,9.829028491380996,2.850846593811973,-0.001136140182219414,0.025518911801491156,0.022943488937593504,-0.7244241091766197,548523.9,0.013080473346895067,-0.0014217905811843012,0
2023-07-11,458.05,461.48,453.0,456.52,338683,456.24800000000005,436.712,421.9315,1.0813319223618052,71.39670223084386,10.836390705221845,4.447955416093947,-0.0014217905811843012,0.02592906983188891,0.02240456257766626,0.5214322935384172,556551.8,0.0185753088583195,0.001489529483921892,1
2023-07-12,456.5,459.5,454.0,457.2,272012,456.462,442.691,424.01750000000004,1.0765168890434946,82.26110065330529,11.556387987231346,5.869641930321427,0.001489529483921892,0.025236267972898404,0.022184392033506892,-0.19685369504817185,572572.1,0.012029746281714786,-0.025853018372703374,0
2023-07-13,465.0,465.0,444.0,445.38,416242,454.79200000000003,446.43999999999994,425.34850000000006,1.0692220614390318,71.77329412957519,11.04588570974903,6.904890686206947,-0.025853018372703374,0.027759138513366137,0.02321411845198028,0.5302339602664587,593560.8,0.04715074767614172,-0.007364497732273545,0
2023-07-14,442.24,448.9,441.0,442.1,81274,451.674,450.317,426.92749999999995,1.0579641742450416,72.8592013174146,10.258388076852611,7.575590164336081,-0.007364497732273545,0.027473165233943,0.022729888237967937,-0.8047433944676414,581772.9,0.017869260348337426,-0.02105858403076233,0
2023-07-17,440.0,440.0,429.96,432.79,452189,446.79800000000006,450.26800000000003,428.21899999999994,1.0433866783117987,65.55984555984557,8.781819981827198,7.816836127834304,-0.02105858403076233,0.017108653372595452,0.02325466764918307,4.56375962792529,559622.3,0.023198317890894014,-0.00524503800919629,0
2023-07-18,432.98,435.5,426.0,430.52,245942,441.59800000000007,448.92299999999994,429.355,1.0285148653212377,66.11505889224179,7.343804295048585,7.722229761277161,-0.00524503800919629,0.014775107849152211,0.023332960211893683,-0.456107954859583,436385.4,0.02206633838149215,-0.004204218154789552,0
2023-07-19,430.55,438.25,426.05,428.71,376754,435.9,446.18100000000004,430.1705,1.0133191374117936,61.06740378481819,5.98907628637528,7.375599066296785,-0.004204218154789552,0.010244472109958724,0.0232994950794243,0.5318815005163819,357729.3,0.02845746541951433,0.009680203400900478,1
2023-07-20,426.1,434.99,426.1,432.86,180936,433.396,444.09400000000005,431.867,1.0035404418489953,65.76615056059799,5.190482247826424,6.938575702602713,0.009680203400900478,0.011409101738527213,0.021843874699193733,-0.5197502879863253,339443.2,0.02053781823222286,0.01584808021069173,1
2023-07-21,436.6,446.5,434.1,439.72,376929,432.91999999999996,442.297,433.7315,0.9981290268288099,54.5634920634921,5.052888830184656,6.561438328119102,0.01584808021069173,0.01250548973642564,0.021976827087158316,1.0832172701949863,296356.9,0.02819976348585458,-0.0036841626489584334,0
2023-07-24,440.16,445.97,436.0,438.1,149266,433.98199999999997,440.39,435.75249999999994,0.9959369137296975,45.22686615709871,4.758274171574328,6.200805496810148,-0.0036841626489584334,0.01246822003702267,0.021730233648646326,-0.6039943862106656,289022.7,0.02275736133302905,0.0071216617210683175,1
2023-07-25,441.0,447.5,438.0,441.22,287375,436.122,438.86,437.78599999999994,0.996199056159859,35.786463298379445,4.722114263300455,5.9050672501082095,0.0071216617210683175,0.012961277543293171,0.02172974911156053,0.9252542441011349,283891.9,0.02153120892071982,0.003988939757943788,1
2023-07-26,443.0,449.9,442.0,442.98,212845,438.976,437.438,440.06450000000007,0.9975264989564028,39.62555491217913,4.780369443276243,5.680127688741817,0.003988939757943788,0.013087957888201034,0.021519992818344033,-0.25934754240974334,277975.2,0.017833762246602502,-0.012325612894487414,0
2023-07-27,440.0,445.99,435.16,437.52,242934,439.908,436.65200000000004,441.546,0.996290307238657,31.082348527480804,4.335978265840993,5.411297804161652,-0.012325612894487414,0.011005777511542207,0.02129803900413183,0.1413657826117598,260644.4,0.024753154141524923,0.015770707624794378,1
2023-07-31,438.0,445.6,438.0,444.42,284852,440.84800000000007,436.884,443.6005,0.9937950926565684,39.31981906517008,4.488823032627124,5.226802849854747,0.015770707624794378,0.012068715263791288,0.021157708329527788,0.17254892275268174,281002.2,0.017100940551730396,0.005625309392016664,1
2023-08-01,448.0,449.9,445.02,446.92,200721,442.61199999999997,438.297,444.28249999999997,0.9962400049518043,42.200194995125166,4.7568487270307855,5.1328120252899545,0.005625309392016664,0.009406959264760607,0.013539876810376588,-0.2953498658952719,255855.4,0.010919180166472735,0.013805602792446026,1
2023-08-02,446.51,454.98,446.51,453.09,321800,444.986,440.554,444.73850000000004,1.0005565068011875,46.93420856332984,5.404824997836727,5.187214619799309,0.013805602792446026,0.009422734066378207,0.012762619468442446,0.6032203904922753,263441.2,0.018693857732459396,-0.008519278730494961,0
2023-08-03,454.0,455.75,445.16,449.23,290291,446.236,442.60599999999994,444.39349999999996,1.004146100246741,53.2588454376164,5.542985039091093,5.258368703657665,-0.008519278730494961,0.00998157327400084,0.011312203487970242,-0.09791485394655064,254794.9,0.023573670502860394,-0.011085635420608586,0
2023-08-04,450.0,450.0,443.0,444.25,84465,447.582,443.745,443.91949999999997,1.0082503697179332,51.76896494981073,5.190797207719584,5.244854404470049,-0.011085635420608586,0.010950604272722523,0.011509035980575214,-0.7090333492943288,245147.8,0.015756893640967922,-0.005627462014631379,0
2023-08-07,442.51,446.0,439.0,441.75,154228,447.04799999999994,443.948,443.12249999999995,1.0088587241676963,58.30244625648625,4.656281987041325,5.127139920984304,-0.005627462014631379,0.01015241995155666,0.011316992721392147,0.8259397383531641,222877.7,0.01584606677985286,-0.023022071307300496,0
2023-08-08,439.52,443.0,430.0,431.58,81783,443.9799999999999,443.296,441.843,1.0048365595924342,50.856773359198186,3.3731571618713474,4.7763433691617125,-0.023022071307300496,0.012588799378212156,0.012276094844613209,-0.46972663848328444,216129.4,0.03012187775151768,-0.00027804810232168187,0
2023-08-09,431.05,435.0,428.0,431.46,148768,439.654,442.32,440.59,0.9978755759322727,52.2851919561243,2.3198467471441404,4.285044044758198,-0.00027804810232168187,0.01224322456071135,0.012285533348665412,0.8190577503882226,202268.7,0.016223983683307838,-0.015366430260047248,0
2023-08-10,434.0,434.9,423.0,424.83,107908,434.774,440.505,438.9715,0.9904378758074271,43.59138068635273,0.9392776558661922,3.6158907669797973,-0.015366430260047248,0.012683956389463865,0.012554831298639612,-0.27465583996558396,191775.0,0.028011204481792666,0.0018124897017630648,1
2023-08-11,429.0,431.5,421.1,425.6,170867,431.044,439.313,437.98249999999996,0.9841580428441776,37.517680339462515,-0.09164431201099887,2.874383751181638,0.0018124897017630648,0.012451317581774863,0.01144807509516653,0.583450717277681,184568.3,0.024436090225563856,0.04870770676691727,1
2023-08-15,428.0,455.0,426.5,446.33,507246,431.9599999999999,439.504,438.1940000000001,0.9857734245562464,55.43808642791064,0.7553728848033643,2.4505815779059836,0.04870770676691727,0.019965691986223787,0.016056718522919164,1.9686598348423043,206807.7,0.0638540989850559,0.008379450182600445,1
2023-08-16,447.0,453.98,445.5,450.07,568355,435.658,439.8190000000001,439.058,0.9922561483904178,55.80023594180099,1.7087296870390105,2.302211199732589,0.008379450182600445,0.020061401707264462,0.015298445152085779,0.12047211806500191,243571.1,0.0188415135423379,0.03548336925367179,1
2023-08-17,450.5,475.0,448.15,466.04,920006,442.57399999999996,441.11400000000003,440.834,1.0039470639741943,62.7403314917127,3.710149065576445,2.58379877290136,0.03548336925367179,0.02262113203298668,0.01690045450061848,0.6187171750050584,303391.7,0.057613080422281394,-0.002875289674706072,0
2023-08-18,471.0,476.55,460.5,464.7,410510,450.54799999999994,442.66099999999994,442.6335,1.0178804812559372,65.73280852049085,5.129037193312911,3.0928464569836702,-0.002875289674706072,0.022369458035748763,0.016868646578540755,-0.5537963882844242,315413.6,0.0345384118786314,-0.0005379814934366456,0
2023-08-21,465.0,467.5,458.0,464.45,311171,458.31800000000004,444.6809999999999,444.213,1.0317527852629258,62.56114386052927,6.162308094607113,3.7067387845083593,-0.0005379814934366456,0.0218418390334201,0.01684776431485605,-0.2419892329054103,338084.2,0.02045430078587577,-0.0022822693508450786,0
2023-08-22,465.0,467.0,461.0,463.39,88998,461.73,446.84499999999997,445.3965,1.036671819378913,60.51858474901007,6.8170666857110405,4.328804364748896,-0.0022822693508450786,0.021691746819079955,0.016644045200036168,-0.713990056914044,331561.2,0.012948056712488401,-0.008286756295992515,0
2023-08-23,464.02,466.98,455.0,459.55,221869,463.62600000000003,449.642,446.46899999999994,1.0384281999422134,54.25223802001055,6.946042029901207,4.852251897779358,-0.008286756295992515,0.020011978948266382,0.016769105051541142,1.4929661340704286,345569.8,0.02606898052442611,0.016624959199216693,1
2023-08-24,460.1,475.0,459.56,467.19,402591,463.85600000000005,453.215,447.76750000000004,1.0359304773124445,61.261600200652104,7.577392604068393,5.397280039037165,0.016624959199216693,0.020091843184375343,0.017038701673906285,0.8145437172385506,370952.1,0.03304865258246109,0.0001926411096127012,1
2023-08-25,464.15,470.0,462.0,467.28,158541,464.372,457.46000000000004,448.98249999999996,1.0342763916188271,65.38410153640612,7.9928679245233525,5.916397616134403,0.0001926411096127012,0.018615204391290628,0.017048243089876482,-0.6061983501866659,376015.4,0.017120356103406953,-0.00417308680020545,0
2023-08-28,465.1,472.5,464.1,465.33,138534,464.54799999999994,461.433,450.37300000000005,1.0314739116243645,65.86810228802152,8.071740407221455,6.347466174351814,-0.00417308680020545,0.018990233953019,0.016762374134434807,-0.12619448596892913,372782.1,0.01805170524144151,-0.07401199148991033,0
2023-08-29,440.0,448.0,430.43,430.89,1665723,458.04799999999994,459.88899999999995,449.6965,1.0185714142760727,49.649994927462714,5.29419901438132,6.136812742357716,-0.07401199148991033,0.028055883831278727,0.023777823160892983,11.023929143748106,488629.8,0.040776068138039856,-0.009097449465060636,0
2023-08-30,429.0,439.5,423.8,426.97,315307,451.532,457.579,448.69899999999996,1.0063138094802975,47.806974699619055,2.7450232904822656,5.4584548519826255,-0.009097449465060636,0.027801156821370004,0.02378095999618856,-0.8107086232224685,463325.0,0.03677073330678968,0.005738108063798375,1
2023-08-31,428.0,431.97,422.1,429.42,295717,443.97799999999995,453.91700000000003,447.5155,0.9920952458629924,52.337305224564645,0.911965121723938,4.5491569059308885,0.005738108063798375,0.02438175248572984,0.023566062834985628,-0.06212992416914309,400896.1,0.022984490708397382,0.0007917656373712667,1
2023-09-01,430.0,430.1,426.0,429.76,111895,436.474,450.42300000000006,446.54200000000003,0.9774534086379332,52.127659574468076,-0.5074618209981736,3.5378331605450763,0.0007917656373712667,0.024492560543188116,0.023530991406043845,-0.6216145842139613,371034.6,0.009540208488458728,0.003583395383469856,1
2023-09-04,430.0,432.45,421.22,431.3,126612,429.668,447.108,445.89450000000005,0.9636091048443073,40.435280641466214,-1.4909164134897992,2.532083245738101,0.003583395383469856,0.024656929934632085,0.023459614795541716,0.13152509048661698,352578.7,0.026037560862508604,-0.005448643635520556,0
2023-09-05,431.99,437.8,428.0,428.95,74136,429.28000000000003,443.66400000000004,445.2545,0.9641227657440857,36.31769888572167,-2.431903157880811,1.5392859650143187,-0.005448643635520556,0.02460858438670669,0.023457877517586934,-0.4144630840678609,351092.5,0.02284648560438282,0.006387690873062235,1
2023-09-06,431.0,432.5,427.01,431.69,50771,430.224,440.878,445.25999999999993,0.9662309661770652,23.14308053166532,-2.9228539900061605,0.6468579740102228,0.006387690873062235,0.024985056598416714,0.022934100535845426,-0.31516402287687495,333982.7,0.01271745928791496,-0.00752855058027746,0
2023-09-07,431.0,433.98,427.5,428.44,65035,430.02799999999996,437.003,445.10900000000004,0.9661184114452863,22.471910112359524,-3.533452459733951,-0.18920411273861193,-0.00752855058027746,0.023695342871706482,0.02300038220978603,0.2809477851529416,300227.1,0.01512463822238824,0.013630846793016405,1
2023-09-08,428.0,437.0,428.0,434.28,95467,430.93199999999996,433.703,445.58149999999995,0.9671227373667892,28.887333799859988,-3.5057053638257116,-0.8525043629560319,0.013630846793016405,0.024597930231224557,0.022900809187917256,0.467932651649112,293919.7,0.02072395689416966,-0.004352030947775587,0
2023-09-11,436.5,439.0,431.0,432.39,134437,431.15,430.409,445.921,0.9668752985394273,28.555617044825638,-3.5947843586118324,-1.4009603620871922,-0.004352030947775587,0.02459569986528196,0.022935778866529265,0.4082038819696858,293510.0,0.01850181549064502,-0.007770762506070894,0
2023-09-12,434.0,435.8,428.0,429.03,47819,431.166,430.22299999999996,445.0559999999999,0.9687904443485765,28.746518105849532,-3.8916435783603447,-1.8990970053418228,-0.007770762506070894,0.007599696227593487,0.020054646995181308,-0.6443017919174037,131719.6,0.018180546814908077,-2.3308393352405865e-05,0
2023-09-13,430.44,431.94,428.26,429.02,69390,430.63199999999995,430.428,444.0035,0.9698842464079674,20.258687860370827,-4.080674094364326,-2.3354124231463236,-2.3308393352405865e-05,0.006961639481138959,0.01991821371823952,0.45109684435057185,107127.9,0.008577688685842168,0.0025406740944478035,1
2023-09-14,430.01,431.24,429.0,430.11,48486,430.966,430.497,442.207,0.9745797782486483,21.482277121374892,-4.095319950557098,-2.6873939286284783,0.0025406740944478035,0.006765020137388639,0.017897799392769965,-0.30125378296584526,82404.8,0.005207970054172209,0.005045220989979171,1
2023-09-15,434.99,435.5,429.0,432.28,260489,430.566,430.74899999999997,440.58599999999996,0.9772575615203388,24.728551766325097,-3.8870188982801324,-2.927318922558809,0.005045220989979171,0.0069391560814991374,0.018007674756842885,4.372458029121808,97264.2,0.015036550384010364,0.006870546867770999,1
2023-09-18,430.99,436.75,430.11,435.25,100095,431.13800000000003,431.14399999999995,439.1259999999999,0.9818093212426504,56.426886792452855,-3.4426004795641916,-3.0303752339598855,0.006870546867770999,0.007169868527314746,0.018146369110822888,-0.6157419315211007,94612.5,0.015255600229752983,-0.003446295232624963,0
2023-09-19,435.23,436.89,432.0,433.75,90266,432.082,431.62399999999997,437.64399999999995,0.9872910402061951,60.76190476190472,-3.1748356161307356,-3.0592673103940555,-0.003446295232624963,0.006997669135865519,0.018145547786312933,-0.09819671312253364,96225.5,0.011273775216138296,-0.008968299711815564,0
2023-09-20,435.95,435.95,429.0,429.86,43723,432.25,431.441,436.15950000000004,0.9910365359461389,50.66788099574983,-3.239181257416419,-3.0952500997985286,-0.008968299711815564,0.007390865247289278,0.018156365422101858,-0.5156204994128465,95520.7,0.016168054715488735,-0.0012096961801517647,0
2023-09-21,430.2,431.0,427.75,429.34,66774,432.096,431.53099999999995,434.267,0.9950007714148209,49.365942028985486,-3.2941622440941956,-3.1350325286576624,-0.0012096961801517647,0.006971952218419062,0.017561158023755408,0.5272053610228027,95694.6,0.0075697582335678025,-0.006172264405832184,0
2023-09-22,430.48,432.9,425.5,426.69,78703,430.97799999999995,430.77199999999993,432.2375,0.9970860927152316,43.26614081215307,-3.5110942166298287,-3.2102448662520957,-0.006172264405832184,0.005372046483998197,0.01753764510934081,0.17864737772186778,94018.2,0.017342801565539332,-0.008905762966087805,0
2023-09-25,425.2,430.0,421.0,422.89,140818,428.50600000000003,429.822,430.1155,0.9962579818676612,41.50784753363229,-3.944176597201931,-3.357031212442063,-0.008905762966087805,0.005793705743036509,0.0175666011484023,0.7892329390239254,94656.3,0.021282130104755374,-0.00945872449100238,0
2023-09-26,425.95,425.95,417.5,418.89,270404,425.534,428.808,429.5155,0.9907302530409264,32.67460747157551,-4.557626592268832,-3.597150288407417,-0.00945872449100238,0.00599500268695833,0.006737910110853097,0.9202374696416651,116914.8,0.020172360285516458,-0.018477404569218647,0
2023-09-27,419.0,419.01,410.01,411.15,239688,421.79200000000003,427.021,428.7245,0.9838299420723566,29.13347815592563,-5.603746940628753,-3.9984696188516846,-0.018477404569218647,0.007769196012934155,0.007576871733218992,-0.1135929941864765,133944.6,0.021889821233126598,-0.042125744861972514,0
2023-09-28,409.0,415.0,390.2,393.83,877913,414.68999999999994,423.39300000000003,426.945,0.971296068580262,11.774711774711818,-7.741148957826681,-4.747005486646684,-0.042125744861972514,0.01388458093761421,0.011562073038050479,2.662732385434398,216887.3,0.06297133280857226,0.037071833024401535,1
2023-10-02,395.98,409.8,395.98,408.43,618214,411.038,421.008,425.8785,0.9651532068418576,31.743370923498972,-8.162861091439538,-5.430176607605255,0.037071833024401535,0.01982597233505245,0.014790371945263664,-0.2958140499115516,252659.8,0.03383688759395733,-0.0051906079377127545,0
2023-10-03,410.0,413.27,405.02,406.31,185222,407.72200000000004,418.1139999999999,424.629,0.9601840665616338,32.35476856166515,-8.56935508681778,-6.058012303447761,-0.0051906079377127545,0.01935220512479439,0.014732384344157365,-0.7003917737223679,261172.5,0.020304693460658118,-0.009672417612168083,0
2023-10-04,409.0,409.0,401.6,402.38,219308,404.41999999999996,414.977,423.3005,0.9553969343291585,30.49780380673502,-9.103681093603427,-6.667146061478895,-0.009672417612168083,0.019336461047091264,0.01480130833220771,0.1840278152703243,274076.7,0.018390576072369345,-0.0005964511158605967,0
2023-10-05,405.0,406.95,401.2,402.14,139138,402.61800000000005,412.20500000000004,421.823,0.9544714252186345,29.26612305411416,-9.437712226058238,-7.2212592943947636,-0.0005964511158605967,0.019437697473846636,0.014647578346007103,-0.36555893993835153,283618.2,0.014298503008902372,0.010543591783955808,1
2023-10-06,405.8,409.99,403.0,406.38,384101,405.12800000000004,409.909,420.71999999999997,0.9629397223806809,31.37226697353283,-9.253631634949556,-7.627733762505723,0.010543591783955808,0.02013422133856096,0.01493646910013383,1.760575831189179,315350.9,0.017200649638269623,-0.0029775087356660457,0
2023-10-09,406.38,408.49,402.0,405.17,99388,404.476,407.75699999999995,419.26449999999994,0.9647275168777706,27.804014167650564,-9.100478674565807,-7.92228274491774,-0.0029775087356660457,0.02014415835129779,0.014444062929764613,-0.7412451412519103,317419.4,0.016017967766616504,-0.0022212898289607486,0
2023-10-10,406.02,408.6,403.5,404.27,174246,404.06800000000004,405.895,417.8585,0.9669972012056715,28.052412150089353,-8.948572752047824,-8.127540746343756,-0.0022212898289607486,0.020110252355287354,0.014444248036694765,0.7531895198615528,320762.2,0.012615331337967257,0.00220149899819444,1
2023-10-11,407.26,415.8,402.5,405.16,837964,404.62399999999997,404.52200000000005,416.66499999999996,0.9711014844059376,30.75124688279307,-8.65658295233095,-8.233349187541195,0.00220149899819444,0.020116619551613854,0.014452359566541305,3.809086004843727,377518.2,0.03282653766413272,0.007429163787145754,1
2023-10-12,407.85,410.0,404.51,408.17,683208,405.83000000000004,404.22400000000005,415.62250000000006,0.9764389560237956,34.118529632408155,-8.089051537141529,-8.204489657461263,0.007429163787145754,0.019583701353668548,0.014621676938283965,-0.18468096481471763,421870.2,0.01345027807041186,0.003111448661097027,1
2023-10-13,411.0,414.5,407.8,409.44,698323,406.442,405.785,414.58899999999994,0.9803492133172854,36.78565956794855,-7.450910952168272,-8.053773916402665,0.003111448661097027,0.013048025385003029,0.01463235208760772,0.022123569981616242,403911.2,0.016363813989839753,0.008108636186010099,1
2023-10-16,410.01,414.87,405.0,412.76,715217,407.96,406.21799999999996,413.613,0.9863326346125484,42.182435561043384,-6.6011892864237325,-7.763256990406879,0.008108636186010099,0.006409755587340663,0.014729631916347578,0.024192243417444415,413611.5,0.023912200794650656,-0.00840682236650836,0
2023-10-17,412.5,414.87,407.0,409.29,550269,408.964,406.51599999999996,412.31499999999994,0.9918727186738296,42.530345471521976,-6.137034827091952,-7.438012557743894,-0.00840682236650836,0.006826162458003465,0.014630048374560542,-0.2306265091573606,450116.2,0.019228419946737043,0.005888245498301803,1
2023-10-18,409.51,417.5,408.4,411.7,455288,410.27199999999993,407.448,411.2125,0.9977128613551387,50.466655353809614,-5.5111926173352686,-7.0526485696621695,0.005888245498301803,0.005896025255534359,0.014762289329971999,-0.17260830611937072,473714.2,0.02210347340296338,0.010225892640272072,1
2023-10-19,412.5,417.5,412.0,415.91,378684,411.82,408.825,410.515,1.0031789337783028,74.09428197293761,-4.622214332000738,-6.566561722129883,0.010225892640272072,0.006284122756596988,0.014942560164713332,-0.168253940363023,497668.8,0.013224014810896587,0.005481955230698832,1
2023-10-20,417.0,424.0,413.82,418.19,544969,413.57,410.006,409.9575,1.0088118890372784,64.56716417910447,-3.6911662243226715,-5.991482622568441,0.005481955230698832,0.0058314765238525815,0.01502507524259481,0.43911282230038773,513755.6,0.024343001984743793,-0.0064563954183505246,0
2023-10-23,419.98,422.0,415.0,415.49,190079,414.116,411.038,409.39750000000004,1.011525473409095,63.46830985915494,-3.135032621733558,-5.420192622401465,-0.0064563954183505246,0.006304595780411252,0.01503015043929426,-0.6512113533063348,522824.7,0.016847577559026692,-0.003369515511805421,0
2023-10-24,417.95,417.95,411.51,414.09,151364,415.076,412.02,408.9575,1.0149612123509169,68.55784469096668,-2.775269455924729,-4.8912079891061175,-0.003369515511805421,0.0064104372546493265,0.014931836101230628,-0.20367847053067412,520536.5,0.015552174648023371,0.04221304547320637,1
2023-10-25,414.0,434.89,410.5,431.57,1715238,419.05,414.66099999999994,409.5915,1.0230925202305223,80.15986882557901,-1.0673607709642283,-4.12643854547774,0.04221304547320637,0.01411491251657677,0.017611032974331566,10.331875478977828,608263.9,0.05651458627800817,0.0011585606043051921,1
2023-10-26,434.57,436.0,428.0,432.07,1084532,422.282,417.05100000000004,410.6375,1.0283571276369061,78.51276359600443,0.3227940194859684,-3.236592032484998,0.0011585606043051921,0.01420422964444744,0.01696606742601471,-0.36770757177721114,648396.3,0.018515518318790936,-0.04205337098155393,0
2023-10-27,425.96,432.0,409.22,413.9,899215,421.424,417.497,411.64099999999996,1.0237658542273487,57.03918722786644,-0.04119062069685242,-2.597511750127369,-0.04205337098155393,0.020801084234749016,0.016956025850149978,-0.17087278199260136,668485.5,0.055037448659096336,-0.008480309253442786,0
2023-10-30,410.05,414.49,409.32,410.39,353639,420.404,417.26000000000005,411.73900000000003,1.0210448852306921,54.73537604456825,-0.6058943630542899,-2.199188272712753,-0.008480309253442786,0.0208573131092818,0.01503605365433017,-0.6067247543690886,632327.7,0.012597772850215688,0.011257584249128927,1
2023-10-31,413.5,419.45,410.02,415.01,357346,420.588,417.832,412.174,1.0204137087734793,57.205559619604955,-0.6728742824163305,-1.8939254746534686,0.011257584249128927,0.02094324907138224,0.015166493947794606,0.010482441133472298,613035.4,0.02272234403990267,0.010698537384641327,1
2023-11-01,418.0,423.0,415.0,419.45,322176,418.16399999999993,418.60699999999997,413.0275,1.0124362179273776,58.08254514187445,-0.36349531003713764,-1.5878394417302024,0.010698537384641327,0.021107625764959715,0.015083877592144397,-0.09842001869336725,599724.2,0.019072595064966027,-0.004982715460722265,0
2023-11-02,420.97,424.95,416.0,417.36,346658,415.22200000000004,418.75199999999995,413.7885,1.0034643302073403,55.609065155807386,-0.28368562728951474,-1.327008678842065,-0.004982715460722265,0.021002131571072856,0.015158194572321045,0.07598952125546288,596521.6,0.021444316657082588,0.008074563925627665,1
2023-11-03,422.0,422.0,417.0,420.73,432522,416.588,419.006,414.506,1.0050228464726687,55.64048124557681,0.05090811990362454,-1.0514253190929272,0.008074563925627665,0.02108565971021785,0.015094602488272643,0.24769080765480678,585276.9,0.01188410619637297,-0.005894516673401018,0
2023-11-06,423.0,424.0,417.8,418.25,1138332,418.16,419.282,415.15999999999997,1.007226129684941,56.431237438989356,0.11463931078247924,-0.818212393117846,-0.005894516673401018,0.02106489543220078,0.015157613848267231,1.6318476285599344,680102.2,0.01482367005379555,0.004590555887627135,1
2023-11-07,417.16,425.0,417.16,420.17,703290,419.192,419.89,415.95500000000004,1.0077820918128162,56.12259650137344,0.31642711775839416,-0.5912844909425979,0.004590555887627135,0.021037600044819065,0.015141406101474643,-0.3821749718008455,735294.8,0.018659114168074767,0.0026655877382963933,1
2023-11-08,417.17,424.75,417.17,421.29,495857,419.56000000000006,418.86199999999997,416.76149999999996,1.0067148716952024,54.070823244552045,0.5602617002294323,-0.36097525270819186,0.0026655877382963933,0.015574709646997281,0.015142022545649229,-0.2949466080848583,613356.7,0.01799235680884897,0.004011488523344875,1
2023-11-10,421.3,430.25,420.0,422.98,638750,420.684,417.953,417.50200000000007,1.0076215203759502,53.65704687738587,0.8797302568636951,-0.11283415079381445,0.004011488523344875,0.01567086425728,0.015097495439184146,0.2881738081745342,568778.5,0.024232824247009312,0.0052957586647122135,1
2023-11-13,425.0,428.4,423.0,425.22,549467,421.582,419.08500000000004,418.291,1.0078677284474207,57.481162540365986,1.29869017722541,0.16947071481003045,0.0052957586647122135,0.006960297652062533,0.01511467119817242,-0.13977769080234836,533803.7,0.01269930859319876,0.023893513945722145,1
2023-11-14,425.93,438.7,425.0,435.38,1071785,425.008,421.584,419.4219999999999,1.013318328556919,64.4260739937661,2.4226195715005474,0.6201004861481338,0.023893513945722145,0.008523428221329227,0.01584484404160235,0.9505902993264381,605618.3,0.03146676466534978,-0.00025265285497733103,0
2023-11-15,438.49,441.99,433.0,435.27,561410,428.0280000000001,423.61,420.721,1.0173678043168752,53.27897908543069,3.266807905231815,1.1494419699648701,-0.00025265285497733103,0.008505863360914571,0.015645206862810207,-0.47619158693208063,626024.7,0.020653847037471015,0.007030119236336008,1
2023-11-16,437.0,441.0,434.6,438.33,393858,431.43600000000004,425.49800000000005,422.05249999999995,1.0222330160347353,55.306883689386225,4.135083005388992,1.7465701770496946,0.007030119236336008,0.008300306689033594,0.015657618487328655,-0.29844854918865005,633192.9,0.014600871489516979,0.01142974471288749,1
2023-11-17,440.0,449.99,440.0,443.34,478955,435.508,428.096,423.424,1.0285387696493349,82.12570929725011,5.167890186362342,2.4308341789122245,0.01142974471288749,0.0078392448273421,0.01568810987186902,0.216060102879718,646422.6,0.022533495736906235,-0.012112599810529034,0
2023-11-20,445.0,445.0,437.21,437.97,271103,438.058,429.82,424.413,1.0321502875736606,78.92197986577189,5.489800197821751,3.04262738269413,-0.012112599810529034,0.009658055850945183,0.01604939097282271,-0.43396978839348166,630280.7,0.01778660638856547,0.003470557344110281,1
2023-11-21,440.0,445.0,438.03,439.49,565852,438.88,431.94399999999996,425.613,1.0311715102687182,77.45625841184395,5.80070063189595,3.594242032534494,0.003470557344110281,0.009017761511004387,0.01591283402597639,1.087221461953575,573032.7,0.01585929145145516,0.0018430453480169362,1
2023-11-22,438.5,442.2,437.2,440.3,334282,439.88599999999997,433.957,426.92350000000005,1.0303625825235667,75.45787545787553,6.042794127174659,4.083952451462528,0.0018430453480169362,0.00907338090958712,0.015846738965079207,-0.40924128570721674,536131.9,0.011355893708834885,0.04728594140358844,1
2023-11-23,443.0,464.7,443.0,461.12,1409937,444.4440000000001,437.93999999999994,428.401,1.0374485587101805,86.66219839142093,7.82445946818018,4.832053854806059,0.04728594140358844,0.016154847665144953,0.016530039921751807,3.2178071209338226,627539.9,0.04705933379597499,0.016850277585010343,1
2023-11-24,465.0,482.0,465.0,468.89,1028170,449.554,442.53099999999995,430.242,1.0448863662775831,87.57802746566793,9.751012547678158,5.815845593380479,0.016850277585010343,0.016207695024373237,0.016786144372950854,-0.27076883577067623,666481.9,0.03625583825630745,-0.013499968009554442,0
2023-11-27,474.8,474.8,460.0,462.56,380200,454.47200000000004,446.265,432.675,1.0503773039810482,82.61445605770652,10.644340315972272,6.781544537898839,-0.013499968009554442,0.01787857117409394,0.013543486357454145,-0.6302167929428013,649555.2,0.031995849187132504,-0.01465755793842971,0
2023-11-28,462.75,468.0,450.5,455.78,454057,457.7299999999999,448.305,434.94449999999995,1.0523871436470629,74.46077757933782,10.682083264738651,7.561652283266802,-0.01465755793842971,0.018362750602425256,0.013947317385721369,0.19425828511309828,587782.4,0.038395717231997896,0.003313001886875444,1
2023-11-29,458.8,463.5,451.02,457.29,578406,461.128,450.50699999999995,437.0585,1.0550715750866302,74.59688439464335,10.710376648931799,8.191397156399802,0.003313001886875444,0.018289533059783827,0.013883192034797837,0.2738620922042827,589482.0,0.027291215639965925,0.007500710708740588,1
2023-11-30,458.0,463.0,453.91,460.72,235335,461.04800000000006,452.746,439.122,1.049931454128921,75.18686599038978,10.88410648955113,8.729939023030068,0.007500710708740588,0.018295669028239467,0.013831853751338398,-0.5931318139853321,573629.7,0.019729987845111943,0.007792151415176196,1
2023-12-01,459.0,466.98,459.0,464.31,244963,460.13199999999995,454.843,441.4695,1.0422735885491523,75.62606529434903,11.182565977334946,9.220464413891044,0.007792151415176196,0.018192642594683624,0.013650448984730949,0.04091189155884156,550230.5,0.01718679330619633,0.0012922400982102733,1
2023-12-04,464.32,474.0,462.4,464.91,356764,460.60200000000003,457.537,443.6785,1.038143610745168,72.13311347624047,11.336828356911042,9.643737202495043,0.0012922400982102733,0.01728076799358914,0.013665569285734354,0.45639953788939547,558796.6,0.02495106579768132,-0.010969865135187495,0
2023-12-05,466.03,467.01,455.5,459.81,448395,461.408,459.56899999999996,445.75649999999996,1.0351122193394826,67.1129707112971,10.921656963622638,9.899321154720562,-0.010969865135187495,0.018110120313055367,0.013924993913679717,0.25683925508179084,547050.9,0.02503207846719295,0.02709814923555376,1
2023-12-06,462.01,477.7,462.01,472.27,1020314,464.404,462.76599999999996,448.3615,1.0357802799749756,70.92478421701604,11.465877017728644,10.21263232732218,0.02709814923555376,0.019387234807627694,0.014786729396339637,1.275480324267666,615654.1,0.03322252101552078,-0.01092595337412916,0
2023-12-07,476.01,480.0,463.0,467.11,517881,465.68199999999996,463.36499999999995,450.65250000000003,1.0333505306194906,64.62769230769234,11.349971054219338,10.440100072701611,-0.01092595337412916,0.014006538304031304,0.01525132259473823,-0.4924297814202294,526448.5,0.03639399713129669,-0.008970049881184328,0
2023-12-08,468.01,470.0,461.5,462.92,789675,465.404,462.76800000000003,452.6495,1.0281774308819518,65.58011739727738,10.795572124926082,10.511194483146507,-0.008970049881184328,0.01319401364591274,0.015581022754414491,0.524819408319672,502599.0,0.018361703966128056,0.003391514732567158,1
2023-12-11,465.0,469.38,457.0,464.49,397346,465.32,462.96099999999996,454.613,1.023551900187632,65.6015976035946,10.363429691719944,10.481641524861196,0.003391514732567158,0.012508176129163025,0.015582592730358278,-0.4968233767056067,504313.6,0.026652888113845283,-0.004564145622080185,0
2023-12-12,465.66,468.3,461.97,462.37,216120,465.83200000000005,463.62000000000006,455.9625000000001,1.021645420401897,63.55151664005894,9.73763798830521,10.332840817549998,-0.004564145622080185,0.011518441217086967,0.015011168434981608,-0.45609116487897194,480519.9,0.013690334580530709,-0.019335164478664235,0
2023-12-13,464.99,465.0,451.0,453.43,267678,462.064,463.23400000000004,456.8705,1.0113675538254276,44.47160316319196,8.423212716532419,9.950915197346484,-0.019335164478664235,0.013222044694320796,0.015821230388839685,0.2385619100499723,449447.1,0.030875769137463333,-0.0009924354365612453,0
2023-12-14,453.0,463.0,440.01,452.98,403796,459.238,462.46000000000004,457.60300000000007,1.0035729660863235,37.216776474369304,7.261503882903753,9.413032934457938,-0.0009924354365612453,0.012900688817891049,0.015793014557894756,0.5085139608036522,466293.2,0.050752792617775634,-0.0015232460594286623,0
2023-12-15,456.99,456.99,448.0,452.29,242038,457.11199999999997,461.258,458.0505,0.9979510992783546,40.925958649938174,6.213538228261314,8.773133993218615,-0.0015232460594286623,0.012474969088173337,0.01564054262444798,-0.4005933689288651,466000.7,0.01987662782727898,-0.010369453226911962,0
2023-12-18,452.99,457.02,446.62,447.6,227111,453.73400000000004,459.52699999999993,458.532,0.9895361719574643,42.49541284403674,4.94754190934475,8.008015576443842,-0.010369453226911962,0.01262012347878761,0.01556764285041993,-0.06167213412769901,453035.4,0.023235031277926668,-0.038136729222520205,0
2023-12-19,446.01,449.95,429.1,430.53,531256,447.366,456.59900000000005,458.084,0.976602544511487,30.90208392806163,2.5375728058136247,6.913927022317799,-0.038136729222520205,0.016639205083708888,0.01785978558117243,1.3391909682930372,461321.5,0.04842868092815824,0.0013239495505541488,1
2023-12-20,432.0,434.88,422.01,431.1,368707,442.9,452.48199999999997,457.62399999999997,0.967825114067444,27.961309523809533,0.6659722511289488,5.664336068080029,0.0013239495505541488,0.012298068913725467,0.01785599853481889,-0.30597113256132635,396160.8,0.02985386221294364,-0.005915100904662518,0
2023-12-21,432.15,433.75,424.0,428.55,241159,438.014,448.62600000000003,455.9955,0.9605664968184994,22.974607013301124,-1.0113896905884872,4.329190916346326,-0.005915100904662518,0.012313411237023586,0.013801471397060186,-0.34593322068742927,368488.6,0.022751137556877844,-0.014490724536226907,0
2023-12-22,432.0,435.0,420.0,422.34,282998,432.024,444.56800000000004,453.668,0.9522911027447384,20.342761599554137,-2.8094209589928028,2.9014685412785,-0.014490724536226907,0.012459269610464122,0.013124131868032848,0.17349134803179656,317820.9,0.03551640858076432,-0.018160723587630767,0
2023-12-26,423.0,423.48,409.0,414.67,253861,425.438,439.58599999999996,451.27350000000007,0.9427497958555066,19.639494215765424,-4.79797057430693,1.361580718161414,-0.018160723587630767,0.011918165053421238,0.013320449540143437,-0.10295832479381484,303472.4,0.03491933344587266,0.042684544336460295,1
2023-12-27,415.0,436.9,410.0,432.37,381768,425.8059999999999,436.58600000000007,450.10299999999995,0.9460190223126705,24.930887157577317,-4.889307502837255,0.11140307396168014,0.042684544336460295,0.020859842403265126,0.01690414326040811,0.503846593214397,320037.2,0.06221523232416675,-0.0169299442607026,0
2023-12-28,435.97,444.4,419.01,425.05,719303,424.596,433.74799999999993,448.4910000000001,0.9467213388897434,24.272082211891387,-5.489080794388485,-1.008693699708353,-0.0169299442607026,0.020708613771176516,0.017142254600001735,0.8841364388843487,365199.7,0.05973414892365601,-0.003505469944712458,0
2023-12-29,427.08,428.9,420.0,423.56,216382,423.59799999999996,430.80600000000004,446.633,0.9484252171245743,25.10121457489879,-6.015295415468358,-2.0100140428603543,-0.003505469944712458,0.020652882842539595,0.016945715385888887,-0.6991782322609525,346458.3,0.021012371328737314,0.05711115308338832,1
2024-01-01,426.0,449.5,424.89,447.75,483450,428.68,430.352,445.805,0.9615863438050268,41.766673224473735,-4.429334843203719,-2.4938782029290274,0.05711115308338832,0.02890012319908656,0.02168656903149043,1.2342431440692847,370599.5,0.05496370742601901,-0.014896705750977124,0
2024-01-02,445.0,449.9,437.0,441.08,197802,433.962,429.7,444.61350000000004,0.9760432375535154,39.97740325769702,-3.6683761630167737,-2.7287777949465766,-0.014896705750977124,0.02910423088636426,0.021874466829634908,-0.590853242320819,367668.6,0.02924639521175292,-0.008955291557087075,0
2024-01-03,441.0,442.2,436.5,437.13,233563,434.91400000000004,430.36,443.47950000000003,0.980685691221353,41.94823157478759,-3.3454783234057004,-2.852117900638402,-0.008955291557087075,0.026305566083791716,0.021837552648208938,0.18079190301412518,337899.3,0.013039599203898128,-0.012216045569967693,0
2024-01-04,437.0,438.0,430.0,431.79,152811,436.262,430.429,441.45550000000003,0.9882355073161394,40.015078691923485,-3.4803534824180815,-2.9777650169943377,-0.012216045569967693,0.026680110161545957,0.02079631650799518,-0.34573969335896526,316309.7,0.01852752495426017,-0.0028949257741031076,0
2024-01-05,431.0,434.0,420.0,430.54,150448,437.658,430.628,439.62699999999995,0.9955212032018053,39.80500609355959,-3.64607785506405,-3.11142758460828,-0.0028949257741031076,0.02661678679113114,0.02073846389819191,-0.01546354647243986,307238.6,0.03251730385097784,-0.003785943234078104,0
2024-01-08,433.0,433.45,427.0,428.91,108916,433.89000000000004,431.285,437.92650000000003,0.9907826998366165,40.98060032815366,-3.864396633005299,-3.262021394287684,-0.003785943234078104,0.026145723093698295,0.020703696727242125,-0.27605551419759655,289830.4,0.015038119885290593,-0.009209391247581133,0
2024-01-09,430.7,430.7,421.61,424.96,194307,430.666,432.314,435.95,0.9878793439614635,46.922311857663836,-4.30650511563158,-3.4709181385564634,-0.009209391247581133,0.025530692465097742,0.020671185415115405,0.7840078592676925,283875.0,0.021390248493975847,-0.0016942771084336172,0
2024-01-10,425.1,427.88,422.0,424.24,128903,428.088,431.50100000000003,434.04349999999994,0.9862790250285975,46.215798764342445,-4.661245321499678,-3.7089835751451066,-0.0016942771084336172,0.021326853459635177,0.02067876241520858,-0.3366013576453756,258588.5,0.013860079200452563,0.000707146897982236,1
2024-01-11,426.0,431.19,423.0,424.54,189540,426.63800000000003,431.45,432.59900000000005,0.9862204951930078,47.731643851114384,-4.8621244534875245,-3.93961175081359,0.000707146897982236,0.0206455991322208,0.020384863050788075,0.47040798119516225,205612.2,0.019291468412870393,-0.004946530362274548,0
2024-01-12,426.0,427.8,419.55,422.44,124866,425.01800000000003,431.338,431.07199999999995,0.9859559423947741,50.059326056003805,-5.13162093064625,-4.178013586780122,-0.004946530362274548,0.020678301405910208,0.02038259804378105,-0.34121557454890783,196460.6,0.01952940062494082,-0.011457248366631867,0
2024-01-15,425.5,425.95,415.0,417.6,102398,422.75600000000003,428.323,429.3375,0.9846705680263197,51.798649478207494,-5.670381749723333,-4.476487219368765,-0.011457248366631867,0.0051320747367220535,0.020458173478655542,-0.17993689234859767,158355.4,0.026221264367816063,0.0059865900383142545,1
2024-01-16,418.0,423.0,415.0,420.1,107196,421.784,426.225,427.9625,0.9855629874112802,40.73962264150945,-5.828437870085963,-4.7468773495122045,0.0059865900383142545,0.005744639582337579,0.020508040784444393,0.046856383913748356,149294.8,0.01904308497976672,-0.008474172815996162,0
2024-01-17,422.79,423.5,415.2,416.54,83825,420.244,424.166,427.26300000000003,0.98357217919642,43.190910545687316,-6.169838672420383,-5.03146961409384,-0.008474172815996162,0.005708305236163739,0.018835247378312703,-0.21802119482070226,134321.0,0.01992605752148656,-0.006457963220819152,0
2024-01-18,417.0,417.7,411.0,413.85,106852,418.10600000000005,422.372,426.4005,0.9805476306899266,42.37713926833099,-6.581593276273111,-5.341494346529695,-0.006457963220819152,0.005138966492881129,0.018854514630996803,0.274703250820161,129725.1,0.016189440618581585,-0.0028271112722001446,0
2024-01-19,413.1,418.99,412.0,412.68,133069,416.154,420.58599999999996,425.60699999999997,0.9777893690658284,6.884681583476791,-6.922522458479307,-5.6576999689196175,-0.0028271112722001446,0.005140957642019338,0.018832320132896558,0.24535806536143445,127987.2,0.016938063390520522,0.00016962295240863234,1
2024-01-22,412.0,414.4,410.0,412.75,80208,415.184,418.96999999999997,425.12750000000005,0.9766105462478902,8.423833284414457,-7.105159026208128,-5.947191780377319,0.00016962295240863234,0.005326539726159626,0.018592898246849173,-0.39724503828840674,125116.4,0.010660205935796432,-0.0075590551181102805,0
2024-01-23,413.0,414.0,407.13,409.63,417235,413.09000000000003,417.437,424.8755,0.9722612859531793,8.634175691937429,-7.41616876985654,-6.240987178273164,-0.0075590551181102805,0.005164106504655641,0.01822501208882362,4.201912527428686,147409.2,0.016771232575739092,0.0005370700388156457,1
2024-01-24,409.99,422.49,409.0,409.85,722358,411.75200000000007,415.99799999999993,423.7495,0.9716872822268818,10.988620199146595,-7.557772771064208,-6.504344296831373,0.0005370700388156457,0.0053045517974864426,0.015151513135849021,0.7312977099236642,206754.7,0.03291448090764916,-0.009710869830425795,0
2024-01-25,413.0,413.4,405.0,405.87,371979,410.15600000000006,414.13100000000003,422.79050000000007,0.9701164051699364,10.01620745542958,-7.900080489719016,-6.783491535408903,-0.009710869830425795,0.005422987588791868,0.014874746610562914,-0.4850489646408014,224998.6,0.020696282060758315,-0.014019267253061352,0
2024-01-26,405.0,406.0,399.0,400.18,515669,407.656,411.90500000000003,421.6215,0.9668766891631475,8.851331996562664,-8.532144024394825,-7.133222033206088,-0.014019267253061352,0.006212327695100079,0.015107133168987619,0.386285247285465,264078.9,0.01749212854215603,-0.018066869908541228,0
2024-01-29,404.17,404.17,392.0,392.95,746886,403.696,409.44,418.88149999999996,0.9637475037689659,8.091123330714908,-9.506870223649116,-7.6079516712946935,-0.018066869908541228,0.007203207240341969,0.006104373768766007,0.44838258650413354,328527.7,0.0309708614327523,-0.000916147092505426,0
2024-01-30,394.0,402.0,391.0,392.59,424273,400.288,406.689,416.457,0.9611748631911579,8.168120539254616,-10.19092214359307,-8.12454576575437,-0.000916147092505426,0.006180574992386179,0.00588748148488343,-0.43194409856390403,360235.4,0.02801905295601009,0.0024452991670700364,1
2024-01-31,396.86,397.95,393.0,393.55,472749,397.02799999999996,404.39,414.27799999999996,0.9583612936240882,9.742790335152094,-10.534143196043885,-8.606465251812272,0.0024452991670700364,0.006774708974449527,0.006112446788812328,0.11425662250484958,399127.8,0.012577817304027412,0.00467539067462841,1
2024-02-01,395.0,397.24,393.94,395.39,190689,394.932,402.544,412.45799999999997,0.9575084008553599,14.62202458801994,-10.536220736328175,-8.992416348715453,0.00467539067462841,0.007501296049139247,0.006260021188270347,-0.5966379622167366,407511.5,0.008346189837881615,0.005336503199372844,1
2024-02-02,395.5,399.0,395.5,397.5,215477,394.396,401.02599999999995,410.80600000000004,0.9600541374760836,21.690140845070474,-10.24945845892887,-9.243824770758138,0.005336503199372844,0.008125151341748824,0.006622541986497098,0.12999176669865586,415752.3,0.00880503144654088,-0.008452830188679261,0
2024-02-06,397.95,397.95,393.45,394.14,166267,394.63399999999996,399.165,409.0675,0.9647160920874915,14.301430143014372,-10.176018401605461,-9.430263496927603,-0.008452830188679261,0.0081251099126679,0.006697753150097281,-0.22837704256138702,424358.2,0.011417262901507078,0.002435682752321533,1
2024-02-07,395.8,397.33,394.15,395.1,366814,395.136,397.712,407.5745,0.9694816530474797,18.24644549763049,-9.925932676903585,-9.5293973329228,0.002435682752321533,0.008329158166657007,0.006745053614497648,1.2061744062261304,419316.1,0.008048595292331073,-0.013490255631485759,0
2024-02-09,390.5,394.5,370.0,389.77,369837,394.38,395.704,405.851,0.9717359326452318,16.923076923077048,-10.042065711089833,-9.631931008556206,-0.013490255631485759,0.008731422426062958,0.007075928025537281,0.008241233976892914,384064.0,0.06285758267696334,-0.02214126279600792,0
2024-02-12,389.8,390.0,375.1,381.14,337292,391.53,393.231,403.68100000000004,0.9698994998526063,14.044687642498985,-10.70704668418631,-9.846954143682227,-0.02214126279600792,0.010235597265389017,0.008022397834410307,-0.08799822624561626,380595.3,0.03909324657606123,-0.0025187595109408267,0
2024-02-13,380.0,386.0,374.0,380.18,368017,388.066,391.23100000000005,401.568,0.9663768029325046,13.608938547486176,-11.182606743630117,-10.114084663671806,-0.0025187595109408267,0.00990250892280758,0.008047100627830693,0.09109317742490197,365830.1,0.031563996001893836,0.025803566731548155,1
2024-02-14,381.0,396.0,381.0,389.99,509549,387.236,390.935,400.1875,0.9676364204279244,30.90979782270614,-10.645195317341063,-10.220306794405657,0.025803566731548155,0.012798762483488973,0.010475270192070445,0.38458006016026425,342096.4,0.03846252468012,-0.02035949639734347,0
2024-02-15,391.0,394.5,379.01,382.05,297485,384.626,389.88100000000003,398.28499999999997,0.9657054621690498,26.504394861392882,-10.736224025321519,-10.32349024058883,-0.02035949639734347,0.014234576872786455,0.010886240982366307,-0.41617979821371454,329417.6,0.04054443135715223,-0.029263185446931073,0
2024-02-16,377.0,379.94,368.0,370.87,403248,380.846,387.613,396.00149999999996,0.9617286803206554,23.628691983122422,-11.577044534134473,-10.574201099297959,-0.029263185446931073,0.01635321342812636,0.012182907750306355,0.35552380792308846,322467.5,0.03219456952570981,-2.6963626068354785e-05,0
2024-02-19,365.0,377.98,361.0,370.86,281412,378.79,385.16,393.852,0.9617572082914395,25.840474620962482,-12.104672630393736,-10.880295405517115,-2.6963626068354785e-05,0.016083998516626466,0.012247076703126275,-0.30213665039876203,331539.8,0.045785471606536204,0.02278487839076737,1
2024-02-20,374.9,381.5,373.0,379.31,467081,378.616,383.341,392.1835,0.965405224850102,38.982229402261744,-11.706037405179359,-11.045443805449564,0.02278487839076737,0.01827933039532561,0.01377385968520687,0.6597764132304238,356700.2,0.022409111281010256,0.021249110226463808,1
2024-02-21,383.0,389.82,382.06,387.37,650265,378.092,382.664,390.91450000000003,0.9671987096922727,46.25000000000003,-10.61735126114894,-10.95982529658944,0.021249110226463808,0.019910172406598148,0.014881117924277756,0.39218893510975605,405100.0,0.020032527041329972,0.05945220331982326,1
2024-02-22,390.0,416.42,389.9,410.4,1406023,383.762,384.194,390.95300000000003,0.9816064846669548,59.19057488818586,-7.806245578376945,-10.329109352946942,0.05945220331982326,0.02778555533832367,0.020353325642471373,1.1622307828346905,509020.9,0.06461988304093577,-0.004337231968810862,0
2024-02-23,412.0,412.0,402.01,408.62,255195,391.312,386.079,390.8915,1.0010757460829924,57.220827420587284,-5.6568465895570625,-9.394656800268965,-0.004337231968810862,0.02728619732531487,0.020379348679899253,-0.8184987016570853,497556.7,0.02444814252851062,0.013606774019871759,1
2024-02-26,408.63,419.99,408.63,414.18,471070,399.976,389.383,391.307,1.0221539609564867,58.77340626972439,-3.4648462810564524,-8.208694696426463,0.013606774019871759,0.025616550836100347,0.020458746817709553,0.8459217461157154,510934.5,0.02742768844463763,-0.0016176541600271266,0
2024-02-27,417.0,422.49,410.1,413.51,729056,406.81600000000003,392.716,391.97349999999994,1.0378660802324648,60.485005954314175,-1.7614289877177498,-6.91924155468472,-0.0016176541600271266,0.025574490518189663,0.020158614066828097,0.5476595835013904,547038.4,0.029962999685618212,-0.011873957098981758,0
2024-02-28,410.2,414.0,407.5,408.6,288819,411.062,394.577,392.756,1.0466090906313334,57.00789036544851,-0.798450436096573,-5.695083330967091,-0.011873957098981758,0.025554924723372344,0.01988257750075704,-0.6038452464556907,524965.4,0.01590797846304454,0.0033773861967694163,1
2024-02-29,408.6,412.5,408.0,409.98,243296,410.97799999999995,397.37,393.6255,1.0440837801412763,60.93969903648374,0.07520455945956428,-4.54102575288176,0.0033773861967694163,0.023996533728073564,0.019871023363032345,-0.15761774675488804,519546.5,0.010976145177813552,-0.00485389531196645,0
2024-03-01,411.94,413.0,405.05,407.99,195301,410.85200000000003,401.082,394.34749999999997,1.041852680694058,65.65962906800422,0.6000886208273641,-3.512802878139935,-0.00485389531196645,0.020902037876413707,0.019936186513990668,-0.19726999210837826,498751.8,0.019485771710090905,0.010956150886050953,1
2024-03-04,408.89,415.0,408.55,412.46,326937,410.508,405.242,395.201,1.0387321894428403,68.08606006275213,1.3610651518610553,-2.5380292721397373,0.010956150886050953,0.020616301636559132,0.020029972349129812,0.674016006062437,503304.3,0.01563788003685203,-0.00106677011104106,0
2024-03-05,413.7,415.48,407.99,412.02,1116095,410.21000000000004,408.51300000000003,395.927,1.0360748319766018,63.79116063603355,1.9066614066383636,-1.6490911363841172,-0.00106677011104106,0.020464407719018418,0.020030113511287615,2.4137922596708234,568205.7,0.018178729187903524,-0.006601621280520331,0
2024-03-06,414.95,415.0,408.0,409.3,569255,410.35,410.706,396.685,1.0344479876980477,68.25184192900204,2.095414467712999,-0.900190015564694,-0.006601621280520331,0.020430042554816293,0.019983573088368723,-0.48995829208087127,560104.7,0.017102369899828974,-0.002443195699975531,0
2024-03-07,410.0,411.0,403.0,408.3,569733,410.014,410.496,397.345,1.0318841309189746,79.02900573910352,2.1396464731963647,-0.2922227178124823,-0.002443195699975531,0.007823755020120357,0.020008710831096226,0.0008396939859991459,476475.7,0.01959343619887338,0.002008327210384575,1
2024-03-08,410.0,411.75,408.0,409.12,1206260,410.23999999999995,410.546,398.3125,1.0299450808096657,79.30453431372554,2.215330848168321,0.20928799538367837,0.002008327210384575,0.0077334465201944974,0.019681513394879644,1.117237372593829,571582.2,0.009166014861165427,-0.0012710207274149177,0
2024-03-11,410.99,412.97,407.0,408.6,476604,409.468,409.988,399.6855,1.024475493857045,75.53618134263303,2.2079003060732703,0.6090104575215968,-0.0012710207274149177,0.006119461228711237,0.01883539960003099,-0.6048911511614412,572135.6,0.014610866372980976,-0.010254527655408685,0
2024-03-12,408.6,411.89,402.0,404.41,200285,407.946,409.07800000000003,400.89700000000005,1.017583069965602,65.93118922961861,1.8426723849893278,0.855742843015143,-0.010254527655408685,0.006741135380065034,0.01904698769871047,-0.579766430831466,519258.5,0.02445537944165571,-0.01112732128285654,0
2024-03-13,405.0,407.6,399.5,399.91,183216,406.06800000000004,408.209,401.39300000000003,1.011646939533076,34.9928469241774,1.176551678898079,0.9199046101917303,-0.01112732128285654,0.006625250366102778,0.018529932437254367,-0.08522355643208424,508698.2,0.020254557275387018,0.020804681053236962,1
2024-03-14,401.0,410.0,400.95,408.23,182429,406.054,408.034,402.70200000000006,1.008323772913966,49.53000723065801,1.3049579441667447,0.9969152769867332,0.020804681053236962,0.00977673407478562,0.01826811964022678,-0.004295476377608964,502611.5,0.022168875388873945,0.004703231021727872,1
2024-03-15,410.0,412.9,405.0,410.15,558551,406.26000000000005,408.25,404.66600000000005,1.00393905097043,44.676354029062026,1.5438522210106953,1.1063026657915258,0.004703231021727872,0.009758440352917102,0.01656373057554557,2.0617445691200413,538936.5,0.019261245885651538,-0.01377544800682673,0
2024-03-18,412.53,414.0,403.5,404.5,300974,405.44000000000005,407.454,406.348,0.9977654621162158,39.481671725426075,1.2627140935122156,1.137584951335664,-0.01377544800682673,0.009965709063279541,0.017068516817905676,-0.4611521597848719,536340.2,0.02595797280593325,-0.005414091470951732,0
2024-03-19,407.76,407.76,401.0,402.31,151296,405.02000000000004,406.48300000000006,407.498,0.9939189885594532,42.15906257791069,0.853358419905021,1.0807396450495355,-0.005414091470951732,0.010019881815863852,0.016636603755510144,-0.4973120601779556,439860.3,0.01680296288931419,-0.0002734209937610421,0
2024-03-20,404.0,406.5,401.01,402.2,320871,405.47799999999995,405.773,408.2395,0.9932355884229721,39.98455200823886,0.5141383517523082,0.96741938639009,-0.0002734209937610421,0.009919959034296962,0.016086204050382587,1.1208161484771573,415021.9,0.013649925410243683,-0.018448533068125328,0
2024-03-21,403.5,405.99,390.0,394.78,282683,402.788,404.421,407.4585,0.9885374829583872,35.080189744748054,-0.34940031533886895,0.7040554460442981,-0.018448533068125328,0.011253924057355598,0.009543537173757954,-0.11901355996646623,386316.9,0.040503571609504053,0.0029383454075688764,1
2024-03-22,397.0,400.0,395.0,395.94,157053,399.94599999999997,403.103,406.8245,0.983092217897398,29.833984374999986,-0.9294445665887565,0.3773554435176872,0.0029383454075688764,0.011306430489326388,0.009584127556393889,-0.4444200747834146,281396.2,0.012628175986260544,-0.01022882254887103,0
2024-03-25,394.0,397.0,385.0,391.89,264625,397.42400000000004,401.432,405.71,0.9795765448226567,27.417545434148494,-1.6963801529915372,-0.037391675784157696,-0.01022882254887103,0.011488960421978747,0.009070867225544772,0.6849407524848299,260198.3,0.030620837479905075,-0.004465538799152791,0
2024-03-26,390.99,391.0,386.66,390.14,166544,394.98999999999995,400.005,404.54150000000004,0.9763893197607659,28.02752293577977,-2.417524784469606,-0.5134182975212473,-0.004465538799152791,0.011288922586817527,0.00907495259511829,-0.3706414737836561,256824.2,0.011124211821397383,0.0047931511765006984,1
2024-03-27,390.99,393.6,389.52,392.01,175882,392.952,399.21500000000003,403.712,0.9733473367152822,31.684281538115556,-2.805800210448467,-0.9718946801066914,0.0047931511765006984,0.011220644252180915,0.008968816185345386,0.056069266980497634,256090.8,0.010407897757710368,-0.008163057064870749,0
2024-03-28,393.0,394.0,388.0,388.81,340310,391.758,397.273,402.6535,0.9729407542713524,28.324439701173944,-3.333300328119094,-1.4441758097091721,-0.008163057064870749,0.007963898055387789,0.008973702913940146,0.9348767923949011,271878.9,0.015431701859520074,-0.008821789563025706,0
2024-03-29,390.0,391.0,385.0,385.38,295432,389.646,394.796,401.523,0.9704201253726437,26.668006430868132,-3.982215801187351,-1.9517838080048082,-0.008821789563025706,0.0072837707980810485,0.009069295178484987,-0.13187387969792252,245567.0,0.015569048731122529,-0.014660854221806963,0
2024-04-01,385.4,385.8,378.9,379.73,368793,387.214,392.31899999999996,399.88649999999996,0.9683097578938025,25.907848496680955,-4.895956233919605,-2.5406182931877677,-0.014660854221806963,0.007390872995785787,0.00882889783151855,0.24831771778277245,252348.9,0.018170805572380464,0.028546598899217734,1
2024-04-02,379.92,393.0,379.55,390.57,173462,387.3,391.145,398.814,0.9711293986670477,41.88672689367613,-4.691326017582526,-2.9707598380667197,0.028546598899217734,0.013283482509752977,0.011454958580200462,-0.5296494239315822,254565.5,0.0344368487082981,-0.012673784468853144,0
2024-04-03,389.49,389.49,383.0,385.62,68218,386.02200000000005,389.48699999999997,397.63,0.9708070316626011,29.138217383281017,-4.8724125886280945,-3.351090388178995,-0.012673784468853144,0.013588578147354955,0.011645274590193821,-0.6067265452952232,229300.2,0.016830039935688008,0.022457341424199972,1
2024-04-04,385.01,396.0,385.0,394.28,373211,387.11600000000004,389.437,396.929,0.9752776944995203,36.97685869030033,-4.267937251542548,-3.5344597608517057,0.022457341424199972,0.014890099961641527,0.012955359915610662,4.470858131284998,238353.0,0.027898955057319673,0.037967941564370555,1
2024-04-08,399.0,419.0,399.0,409.25,840001,391.89,390.768,396.9355,0.987288866831009,53.380782918149464,-2.551519967483671,-3.337871802178099,0.037967941564370555,0.0191706073059339,0.015697306348592777,1.2507401979041348,306647.8,0.04886988393402566,-0.01067806963958462,0
2024-04-09,411.0,413.0,403.05,404.88,283776,396.91999999999996,392.067,396.7495,1.0004297421924917,51.774126743062254,-1.526275429061684,-2.9755525275548163,-0.01067806963958462,0.019206781824192592,0.015881404396297805,-0.6621718307478206,308562.9,0.02457518277020349,-0.01862280181782261,0
2024-04-15,405.25,405.25,396.35,397.34,185777,398.274,392.787,396.396,1.0047376865558684,46.9571750563486,-1.3071091903656225,-2.6418638601169775,-0.01862280181782261,0.020341674324467516,0.016262071586696496,-0.34533928168696437,310486.2,0.022398953037700654,0.0033724266371371048,1
2024-04-16,398.0,408.49,396.01,398.68,374088,400.88599999999997,393.454,396.3345,1.0114839863801914,52.642992680943365,-1.01360733166797,-2.316212554427176,0.0033724266371371048,0.02032506540509577,0.016097800097011738,1.013640009258412,330306.8,0.03130330089294677,-0.001730711347446623,0
2024-04-17,398.0,401.52,397.0,397.99,147640,401.628,394.37199999999996,395.8225,1.014666927726443,51.39817214568272,-0.8271473873131754,-2.018399521004376,-0.001730711347446623,0.020072394313541523,0.01533308208329946,-0.6053335044160733,311039.8,0.011357069273097268,-0.0034171712857107295,0
2024-04-18,398.0,400.9,393.75,396.63,163444,399.104,395.497,395.14649999999995,1.0100152728165377,53.355989804587935,-0.7801243837610627,-1.7707444935557135,-0.0034171712857107295,0.019804177962458647,0.015277094949027953,0.10704416147385531,297841.0,0.01802687643395602,-0.008294884401079172,0
2024-04-19,395.12,402.0,390.1,393.34,221829,396.796,396.858,394.58849999999995,1.005594435722278,52.217294900221724,-0.9968428352941032,-1.6159641619033915,-0.008294884401079172,0.019266410358714126,0.015094607800873848,0.3572171508284183,283144.6,0.03025372451314379,0.009406620226775964,1
2024-04-22,394.01,402.84,393.0,397.04,517292,396.736,397.505,394.325,1.006114245863184,53.39910798756591,-0.8601197664348774,-1.4647952828096886,0.009406620226775964,0.01738150163069825,0.015244584298434982,1.3319403684820288,317527.6,0.024783397138827257,0.0041557525690105734,1
2024-04-23,399.98,407.0,397.0,398.69,590096,396.738,398.812,394.1495,1.0065673050454207,56.819436775262275,-0.6115746866570362,-1.294151163579158,0.0041557525690105734,0.016624955952279696,0.015280939396548655,0.1407406261840507,369715.4,0.02508214402167097,0.014748300684742421,1
2024-04-24,399.98,405.49,399.0,404.57,641121,398.054,399.841,394.639,1.0086534782421401,62.81212444919214,0.059183705609484605,-1.0234841897414295,0.014748300684742421,0.01580475180785639,0.015009647301980207,0.08646898131829395,396506.4,0.016041723311169907,-0.0033615937909385885,0
2024-04-25,405.0,408.9,402.0,403.21,442432,399.37,399.23699999999997,395.0025,1.0110568920449872,66.62889518413593,0.4755421758397915,-0.7236789166251854,-0.0033615937909385885,0.00982880341184399,0.015040224683033213,-0.3099087379761387,356749.5,0.017112670816695957,0.0006448252771509289,1
2024-04-26,405.99,406.01,401.0,403.47,244525,401.396,399.096,395.5815,1.0146986145712071,60.746417860713095,0.8170704111958571,-0.41552905106097693,0.0006448252771509289,0.009283691073026325,0.014807055381276333,-0.44731619774338205,352824.4,0.012417280095174338,-0.003222048727290816,0
2024-04-29,408.0,411.0,401.0,402.17,663295,402.422,399.579,396.183,1.015747773125046,64.67979421678194,0.9716344655495277,-0.138096347738876,-0.003222048727290816,0.0068725131086712745,0.014783013215838251,1.7125856251916982,400576.2,0.024865106795633685,-0.037471715941019945,0
2024-04-30,397.0,397.0,385.05,387.1,748602,400.104,398.421,395.9375,1.0105231254932912,44.281618349792986,-0.12050634047596986,-0.13457834628629478,-0.037471715941019945,0.013950323521160324,0.017139036333963027,0.12861094987901311,438027.6,0.03087057607853265,-0.019684835959700386,0
2024-05-02,390.0,390.01,377.11,379.48,410013,395.086,396.57000000000005,395.471,0.9990264772891059,23.14631066209644,-1.5826621703765227,-0.4241951111043404,-0.019684835959700386,0.014911868902928409,0.017597983734878985,-0.45229507802543945,464264.9,0.03399388637082317,0.00569199957837041,1
2024-05-03,379.89,382.55,377.0,381.64,270163,390.77200000000005,395.071,395.284,0.9885854221268761,28.166102968808772,-2.537882126334182,-0.8469325141503088,0.00569199957837041,0.015269461091978926,0.01756058245685203,-0.3410867460300039,474936.8,0.014542500786081153,-0.004768892149669801,0
2024-05-06,382.0,385.0,379.03,379.82,274829,386.04200000000003,393.71899999999994,395.2885,0.9766082241198518,31.557894736842172,-3.402537281271634,-1.358053467574574,-0.004768892149669801,0.015193081777734783,0.017272992486390828,0.017271054881682568,480236.8,0.0157179716707915,0.0017113369490813213,1
2024-05-07,382.8,385.3,379.5,380.47,377478,381.702,392.062,394.7835,0.9668641166614106,30.54902798547326,-3.989346450737969,-1.884312064207253,0.0017113369490813213,0.014658615722116313,0.01594234468358232,0.37350134083375486,466255.4,0.015244303098798883,0.004573290929639429,1
2024-05-08,382.94,384.97,380.12,382.21,169739,380.72400000000005,390.41400000000004,394.61299999999994,0.9648034910152481,33.514417049728365,-4.264831168117723,-2.3604158849893473,0.004573290929639429,0.014685490678757105,0.015753733158350904,-0.5503340592034502,424219.7,0.012689359252766864,0.01781743020852411,1
2024-05-09,383.0,390.9,382.05,389.02,203844,382.632,388.85900000000004,394.35,0.9702852795739825,42.862502344775834,-3.88881684506066,-2.66609607700361,0.01781743020852411,0.015148273122039292,0.015431423330282057,0.20092612776085628,380492.0,0.02274947303480532,-0.0014909259164053168,0
2024-05-10,390.9,390.9,385.0,388.44,139032,383.992,387.382,393.30949999999996,0.976310005224893,45.15810276679844,-3.5961695338899062,-2.8521107683808693,-0.0014909259164053168,0.015165925095578568,0.012488328677459429,-0.31794901983870016,350152.0,0.015188960972093444,0.0008495520543712054,1
2024-05-13,388.45,390.23,385.15,388.77,186002,385.782,385.91200000000003,392.504,0.9828740598821922,41.24497141647253,-3.29958067717331,-2.9416047501393576,0.0008495520543712054,0.015172458625381599,0.012357864996289266,0.33783589389493063,344299.7,0.013066851866142041,0.00012861074671399741,1
2024-05-14,388.0,389.7,385.45,388.82,386879,387.452,384.577,392.078,0.9882013272869175,39.184746877054565,-3.0256198272993515,-2.9584077655713568,0.00012861074671399741,0.015218647286299502,0.01172167043183114,1.0799722583628135,316658.1,0.010930507689933646,0.0030605421531815225,1
2024-05-15,389.9,395.0,388.0,390.01,185914,389.012,384.868,391.6445,0.9932783429870712,32.217879824132865,-2.6815693628419695,-2.9030400850254794,0.0030605421531815225,0.009369242075769023,0.011715729270848976,-0.5194518182687611,260389.3,0.017948257736981103,0.01584574754493473,1
2024-05-16,391.3,397.5,389.0,396.19,810157,390.446,386.539,391.55449999999996,0.9971689764770933,42.329545454545475,-1.8884635076364589,-2.7001247695476756,0.01584574754493473,0.007236813030374972,0.012305020416682565,3.3576976451477565,300403.7,0.021454352709558547,0.005603372119437733,1
2024-05-17,397.0,404.48,394.0,398.41,271837,392.43999999999994,388.216,391.6435,1.002033737314675,44.69823973176864,-1.0684693076020721,-2.3737936771585546,0.005603372119437733,0.0072350298903298615,0.012344369711047534,-0.6644638014607045,300571.1,0.026304560628498324,0.02304159032152797,1
2024-05-20,404.0,416.3,401.2,407.59,1249130,396.204,390.99300000000005,392.356,1.0098074197922295,54.87410071942443,0.3184602714288758,-1.8353428874410687,0.02304159032152797,0.008569553182176178,0.013158297766567593,3.59514341314832,398001.2,0.03704703255722668,0.00851345715056806,1
2024-05-21,406.0,412.45,406.0,411.06,409440,400.652,394.052,393.057,1.0193228971879396,77.22727272727275,1.6782659499126567,-1.1326211199703238,0.00851345715056806,0.008360470878068698,0.013132842283992485,-0.6722198650260581,401197.4,0.015691139979565,0.03335279521237777,1
2024-05-22,412.0,429.85,411.5,424.77,2694847,407.604,398.308,394.361,1.0335809068340935,95.20862447594334,3.818190445021969,-0.1424588069718652,0.03335279521237777,0.011494515436393484,0.014908914542032942,5.581787319265338,653708.2,0.043199849330225824,-0.0024012995268026804,0
2024-05-23,427.0,429.75,421.0,423.75,527404,413.116,401.781,395.32,1.0450166953354245,93.01327885597556,5.369889802215596,0.9600109148656271,-0.0024012995268026804,0.011870121369211962,0.014706352541778236,-0.8042916722173837,686064.2,0.02064896755162242,0.0050265486725664665,1
2024-05-24,423.75,427.5,422.2,425.88,489452,418.61,405.525,396.45349999999996,1.0558867559499412,96.751928542428,6.694327876344914,2.1068743071614846,0.0050265486725664665,0.011421893300003472,0.014652250839113362,-0.07196001547201003,721106.2,0.012444820137127856,0.011435146050530642,1
2024-05-27,423.0,435.15,423.0,430.75,624222,423.242,409.72299999999996,397.8175,1.0639099587122236,97.00822737471958,8.044194425861122,3.2943383309014123,0.011435146050530642,0.01103547730706646,0.01476534662893896,0.2753487573858111,764928.2,0.028206616366802037,-0.007452118398142749,0
2024-05-29,432.79,432.99,422.0,427.54,544111,426.538,413.59499999999997,399.08599999999996,1.0687871787033372,91.24658780709746,8.75404207091384,4.386279078903899,-0.007452118398142749,0.012031852151119207,0.014894633044910474,-0.12833735433868076,780651.4,0.025705197174533397,-0.000982364223230614,0
2024-05-30,426.02,428.0,424.0,427.12,343182,427.008,417.3059999999999,401.087,1.0646268764632112,89.22981878088969,9.1769250740644,5.344408277935999,-0.000982364223230614,0.01234007678879429,0.011503176257592463,-0.3692794301162814,796378.2,0.009365049634763064,0.07225135793219706,1
2024-05-31,427.7,461.29,427.7,457.98,3195145,433.854,423.485,405.012,1.0712127048087463,94.10197869101981,11.865429705318434,6.648612563412486,0.07225135793219706,0.023532103685539135,0.017779519818694828,8.310351358754247,1034877.0,0.07334381414035554,-0.023385300668151476,0
2024-06-03,458.0,460.0,445.5,447.27,732881,438.13199999999995,428.371,408.29350000000005,1.073081006677794,82.7841291190316,12.982230431169,7.91533613696379,-0.023385300668151476,0.0264062205997428,0.019243642315868236,-0.7706266851739123,1080981.4,0.032418896863192256,-0.0432624589174323,0
2024-06-04,446.78,448.0,426.57,427.92,436383,437.566,430.404,410.69849999999997,1.0654190361055615,68.01511242167344,12.165681365312139,8.76540518263346,-0.0432624589174323,0.031198357078333887,0.02228671216847889,-0.4045649975916963,999706.7,0.05007945410357077,-0.00411291830248639,0
2024-06-05,429.0,438.0,422.0,426.16,472974,437.2900000000001,431.91400000000004,412.983,1.0588571442408043,66.5688880740673,11.246895842315325,9.261703314569832,-0.00411291830248639,0.03130958918876758,0.022386442055293637,0.08385065412722303,1006060.1,0.03754458419373005,0.009808522620611937,1
2024-06-06,428.0,440.5,427.0,430.34,268507,437.934,432.471,415.38950000000006,1.0542731580841596,65.94453263610049,10.73232717509768,9.555828086675401,0.009808522620611937,0.02970511128222106,0.022400462000834922,-0.43230071843272566,763426.1,0.03137054422084863,0.012199656085885469,1
2024-06-07,425.11,445.5,413.3,435.59,932025,433.45599999999996,433.65500000000003,417.718,1.0376761355747177,66.88158372684344,10.625672781407616,9.769797025621845,0.012199656085885469,0.029840063922420997,0.022281793762327803,2.471138555046982,803888.2,0.0739227254987488,0.005188365205812895,1
2024-06-10,442.0,443.24,431.0,437.85,549233,431.572,434.852,420.18850000000003,1.0270914125446078,64.66085271317831,10.60130625892782,9.93609887228304,0.005188365205812895,0.029841236885374395,0.02221511885767905,-0.41071001314342426,809866.3,0.027954779033915744,-0.031220737695557887,0
2024-06-11,441.9,441.9,422.0,424.18,225129,430.82399999999996,434.195,421.959,1.0210091501780978,55.78483245149912,9.3709187412137,9.823062846069172,-0.031220737695557887,0.031529261881234075,0.023730117337322425,-0.590102925352264,769957.0,0.04691404592390018,0.014215663161865288,1
2024-06-12,425.1,435.0,420.0,430.21,150086,431.634,434.462,424.0285,1.0179362943764394,52.57283390087022,8.781174461053467,9.614685169066032,0.014215663161865288,0.03178745622197439,0.02379838211416209,-0.33333333333333337,730554.5,0.034866693010390276,0.033379047441947085,1
2024-06-13,430.16,452.0,430.16,444.57,695304,434.48,436.207,426.75649999999996,1.0180981426176288,58.743490676969586,9.364580800403132,9.564664295333452,0.033379047441947085,0.03335928076809916,0.024597982555548282,3.632703916421252,765766.7,0.049126121870571506,-0.01520570438851021,0
2024-06-14,448.0,448.9,436.02,437.81,165427,434.924,434.18999999999994,428.8375,1.0141930218322792,54.82254022152155,9.175687410430328,9.486868918352828,-0.01520570438851021,0.023687407457924265,0.024977476178162244,-0.7620796083439761,462794.9,0.029419154427719776,-0.006189899728192505,0
2024-06-20,438.0,445.7,433.0,435.1,183967,434.37399999999997,432.97299999999996,430.6719999999999,1.0085958687818108,51.78968156010863,8.706945439250092,9.330884222532282,-0.006189899728192505,0.02274866691966982,0.025108789615186696,0.11207360346255446,407903.5,0.029188692254654074,-0.020960698689956314,0
2024-06-21,439.87,439.87,424.05,425.98,198399,434.73400000000004,432.779,431.5915,1.0072811906629302,49.387947269303204,7.512951639160178,8.967297705857861,-0.020960698689956314,0.019113384635771682,0.025344676207855153,0.07844885223980391,384105.1,0.03713789379783087,-0.011831541386919664,0
2024-06-24,426.0,426.5,420.01,420.94,106879,432.88,432.25699999999995,432.08549999999997,1.001838756449823,47.66015447523853,6.089817446620657,8.391801654010422,-0.011831541386919664,0.01943802118798999,0.025498850344968033,-0.46129264764439337,347495.6,0.015417874281370288,0.001354112225020243,1
2024-06-25,421.79,426.32,420.0,421.51,223110,428.26800000000003,431.37399999999997,431.92249999999996,0.9915389913699797,32.08214601552518,4.950896726578321,7.703620668524002,0.001354112225020243,0.019093501393478107,0.024373613382521656,1.0875008186828095,342955.9,0.014993713079167739,0.0008540722640033582,1
2024-06-26,420.16,426.25,419.25,421.87,189799,425.08000000000004,430.00199999999995,431.82849999999996,0.9843722681573821,36.10807263180924,4.030877396327753,6.969072014084753,0.0008540722640033582,0.01848965405259127,0.024368357060005695,-0.14930303437766124,268733.3,0.016592789247872566,0.0010666793087916737,1
2024-06-27,424.9,425.0,420.0,422.32,109542,422.524,428.44899999999996,431.6505,0.9788567371055981,46.13899613899613,3.300026041899798,6.235262819647762,0.0010666793087916737,0.018331064937092603,0.02434191352316897,-0.4228525966943978,224764.2,0.011839363515817389,-0.009518848266717117,0
2024-06-28,422.32,424.98,416.02,418.3,134655,420.988,427.861,431.02799999999996,0.9767068496710192,44.74458411339929,2.3691308093206658,5.462036417582343,-0.009518848266717117,0.01578656471475422,0.02426819935984388,0.22925453250807903,215716.8,0.02142003346880238,-0.001075782930910818,0
2024-07-01,424.9,424.9,415.0,417.85,262152,420.37,426.625,430.54349999999994,0.9763705641822489,41.21041520056301,1.5769008600427128,4.685009306074417,-0.001075782930910818,0.014830038612012217,0.024223448622689655,0.9468419293750696,226923.4,0.023692712695943464,0.0064377168840492605,1
2024-07-02,419.0,426.0,417.0,420.54,592000,420.17600000000004,424.22200000000004,430.21450000000004,0.9766662908851282,39.012994597751536,1.1528243942547647,3.978572323710487,0.0064377168840492605,0.008708272436429935,0.024278420540318035,1.2582318654826206,216593.0,0.021401055785418746,0.019760308175203356,1
2024-07-03,420.0,431.95,420.0,428.85,380763,421.572,423.326,428.758,0.9832399628694976,43.96297290045613,1.470339135939298,3.4769256861562496,0.019760308175203356,0.011078583620207088,0.01803403392122293,-0.35681925675675674,238126.6,0.027865220939722487,0.004733589833274987,1
2024-07-04,429.0,435.0,424.0,430.88,288788,423.284,422.904,427.93850000000003,0.9891234371294005,55.32591414944356,1.864285567333809,3.154397662391762,0.004733589833274987,0.011158931630793402,0.01745828795956173,-0.24155445775981388,248608.7,0.02552914964723357,-0.007148161901225358,0
2024-07-05,432.5,435.0,422.0,427.8,238745,425.184,423.08599999999996,427.9325,0.9935772580956109,47.98999165971645,1.9059896310494082,2.9047160561232914,-0.007148161901225358,0.00905982223316051,0.014562844473692847,-0.17328628613377284,252643.3,0.030388031790556335,-0.0029686769518467715,0
2024-07-08,430.0,432.0,425.0,426.53,58355,426.91999999999996,423.645,427.951,0.9975908456809306,30.751173708920135,1.815632534176416,2.6868993517339166,-0.0029686769518467715,0.00810682313100821,0.01454771727117597,-0.7555760330059268,247790.9,0.016411506810775328,-0.002907181206480036,0
2024-07-09,428.0,429.0,420.05,425.29,231552,427.87000000000006,424.023,427.6985000000001,1.000400983403028,34.857281083696165,1.6252315889435067,2.474565799175835,-0.002907181206480036,0.00821779025658023,0.014380002164713662,2.9679890326450176,248635.1,0.02104446377765757,0.004726186837217039,1
2024-07-10,425.31,437.89,424.11,427.3,369477,427.56000000000006,424.566,427.284,1.0006459404049768,40.40354330708658,1.6178777818357162,2.3032281957078116,0.004726186837217039,0.008304924677745048,0.014127734878701597,0.5956545398009949,266602.9,0.03224900538263509,0.030610812075824834,1
2024-07-11,429.99,449.84,427.5,440.38,1268463,429.4599999999999,426.372,427.41049999999996,1.0047951559449289,66.14349775784754,2.6370977018300437,2.370002096932258,0.030610812075824834,0.012436077995577192,0.015751462176940616,2.433131155660569,382495.0,0.05072891593623683,0.0011580907398156537,1
2024-07-12,441.89,449.0,425.0,440.89,471266,432.078,428.63100000000003,428.246,1.008948127945153,74.89393561267788,3.4462631924030234,2.585254316026411,0.0011580907398156537,0.011547790133174791,0.013882946025606852,-0.628474776166116,416156.1,0.054435346685114204,0.052462065367778754,1
2024-07-15,445.01,473.41,445.01,464.02,3101727,439.576,433.24800000000005,429.9365000000001,1.022420752832104,83.93741018681149,5.886079309605236,3.2454193147421764,0.052462065367778754,0.018540174016906656,0.017747012530804625,5.581690595120378,700113.6,0.06120425843713641,0.008447911727942792,1
2024-07-18,470.0,475.0,464.89,467.94,1527203,448.10599999999994,437.988,431.105,1.0394358682919473,84.80132950596773,8.043244879383508,4.204984427670443,0.008447911727942792,0.01849984265674106,0.016394156858255172,-0.5076281697260914,793633.9,0.021605334017181718,-0.034534342009659436,0
2024-07-19,468.0,468.0,445.01,451.78,848631,453.00200000000007,440.28099999999995,431.8035,1.0490929323175937,67.985347985348,8.352554144829412,5.034498371102237,-0.034534342009659436,0.0230213019883723,0.0179960881050127,-0.44432338071625055,840420.7,0.05088760015936963,-0.009694984284386199,0
2024-07-22,448.0,454.54,437.0,447.4,426413,454.40599999999995,441.933,432.41850000000005,1.050847732000365,67.68781911013858,8.150302952288882,5.657659287339566,-0.009694984284386199,0.023518535821215866,0.018094012399250497,-0.4975283721664657,854183.2,0.039204291461779214,0.00847116674117121,1
2024-07-23,449.98,456.0,447.3,451.19,260549,456.466,444.27200000000005,433.679,1.0525434710926747,69.47429906542055,8.201299277765258,6.166387285424705,0.00847116674117121,0.02321142742020173,0.01734846581324463,-0.38897500779760463,856363.6,0.019282342250493117,-0.0026374698020789067,0
2024-07-24,451.0,452.49,445.1,450.0,310424,453.662,446.619,435.13199999999995,1.0425847788716989,67.51486325802615,8.052862788862,6.543682386112164,-0.0026374698020789067,0.02319811090538345,0.01705351523398933,0.19142272662723703,881570.5,0.016422222222222192,-0.022866666666666702,0
2024-07-25,451.95,454.0,437.5,439.71,219317,448.01599999999996,448.06100000000004,436.04200000000003,1.0274606574596024,56.30808550185871,7.023941177454958,6.639734144380723,-0.022866666666666702,0.024814691471496456,0.018043680580872128,-0.2934921268974049,880347.0,0.037524732209865595,-0.012553728593845959,0
2024-07-26,439.96,439.96,432.99,434.19,250613,444.49799999999993,448.75,436.658,1.0179545548232254,51.847716869487556,5.697419217777622,6.451271159060103,-0.012553728593845959,0.025325061657506285,0.01834556000188802,0.14269755650496774,868460.6,0.016052880075542897,-0.004583246965614185,0
2024-07-29,433.0,446.13,400.2,432.2,202206,441.45799999999997,447.93199999999996,437.15199999999993,1.0098501207817876,52.48643761301988,4.434447093041513,6.0479063458563855,-0.004583246965614185,0.02325014451049081,0.01839760596540372,-0.19315438544688424,761834.9,0.10627024525682556,-0.007080055529847251,0
2024-07-30,433.0,438.0,425.0,429.14,127094,437.04799999999994,446.75699999999995,437.69399999999996,0.9985240830351798,51.44566301096711,3.15030144439595,5.468385365564299,-0.007080055529847251,0.023286177386627412,0.018329971040557707,-0.37146276569439085,727417.7,0.030293144428391667,-0.029594071864659566,0
2024-07-31,425.01,431.0,415.0,416.44,335900,430.33599999999996,441.99899999999997,437.6235,0.9833475578893729,45.65025066352108,1.0951981419597132,4.5937479208433825,-0.029594071864659566,0.014633375646666478,0.01960097699689111,1.6429257085306936,450835.0,0.03842090097012775,0.004850638747478486,1
2024-08-01,417.0,424.0,415.06,418.46,59716,426.08599999999996,437.05100000000004,437.51950000000005,0.9738674504793499,45.65559268724198,-0.3662668174072792,3.6017449731932505,0.004850638747478486,0.014147541580284596,0.019576791058740835,-0.8222208990771063,304086.3,0.02136404913253357,0.012952253500932098,1
2024-08-02,419.8,426.49,419.0,423.88,96828,424.024,434.2610000000001,437.271,0.9697052857381349,41.23086734693878,-1.074750568279967,2.666445864898607,0.012952253500932098,0.013324328369520085,0.01927067614955973,0.6214749815794762,228906.0,0.017670095309993417,-0.02974898556195149,0
2024-08-05,421.0,423.95,410.0,411.27,319097,419.838,430.64799999999997,436.29049999999995,0.9622900338192101,36.05198719156151,-2.6235084862766485,1.608454994663556,-0.02974898556195149,0.01526437551212662,0.020301464238090403,2.295503366794729,218174.4,0.03391932307243414,0.015999221922338158,1
2024-08-06,413.0,420.0,413.0,417.85,69237,417.58000000000004,427.314,435.793,0.9582072222362452,24.244114693740997,-3.282124991986052,0.6303389973336345,0.015999221922338158,0.016330637533561534,0.02065713234193701,-0.783022090461521,199043.2,0.016752423118343903,0.007682182601411958,1
2024-08-07,422.5,425.0,418.52,421.06,153286,418.504,424.41999999999996,435.5195,0.9609305668288103,23.63922627080524,-3.5046635649266022,-0.1966615151184128,0.007682182601411958,0.01698677075064695,0.020740141244027663,1.213931857243959,183329.4,0.015389730679713148,0.015152234835890344,1
2024-08-08,418.0,430.0,418.0,427.44,148286,420.3,423.19300000000004,435.62700000000007,0.964816230398942,34.622188526661645,-3.130132092843837,-0.7833556306634978,0.015152234835890344,0.01716884678607897,0.02101842800368049,-0.03261876492308491,176226.3,0.02807411566535654,0.01756971738723556,1
2024-08-09,421.06,437.0,421.06,434.95,151825,422.514,423.26899999999995,436.00949999999995,0.9690476927681623,42.4334508326243,-2.2019364142281006,-1.0670717873764184,0.01756971738723556,0.017874520754362116,0.021349203839384764,0.023866042647316732,166347.5,0.03664789056213357,-0.02457753764800552,0
2024-08-12,437.1,437.1,420.97,424.26,65362,425.11199999999997,422.475,435.20349999999996,0.9768119971461626,34.89962992037681,-2.3023878179994313,-1.3141349935010211,-0.02457753764800552,0.019525921148683557,0.020896345784526017,-0.5694911905153961,152663.1,0.038019139207089984,-0.001390656672794921,0
2024-08-13,421.01,435.0,421.01,423.67,42325,426.276,421.928,434.34250000000003,0.9814282507468184,35.13605058146101,-2.4019165495239463,-1.5316913047056064,-0.001390656672794921,0.01943374554721732,0.02088604815337951,-0.35245249533368017,144186.2,0.03302098331248379,0.010999126678783,1
2024-08-15,428.0,430.0,425.1,428.33,44827,427.73,423.117,432.558,0.9888384910231692,43.13961900168796,-2.0807847403249866,-1.6415099918294827,0.010999126678783,0.016897016934690447,0.01689464336236843,0.05911399881866508,115078.9,0.01143977774146097,-0.0007937804963462636,0
2024-08-16,429.99,431.98,426.24,427.99,165652,427.84,424.07,430.56049999999993,0.9936814919157704,46.01337448559671,-1.8325956050229593,-1.6797271144681782,-0.0007937804963462636,0.016920686957215724,0.01666520963750871,2.6953621701206862,125672.5,0.01341152830673616,-0.0024533283487931934,0
2024-08-19,425.1,431.01,424.0,426.94,67830,426.238,424.37600000000003,429.3185,0.9928246744549792,46.576412392606095,-1.7010218311535255,-1.6839860578052477,-0.0024533283487931934,0.016548840268867222,0.015071594122717179,-0.5905271291623404,122772.7,0.01641916896987865,-0.009931137864805373,0
2024-08-20,426.93,428.0,418.0,422.7,96891,425.92600000000004,425.51899999999995,428.0835,0.9949600954019485,45.871794871794876,-1.9167857196472937,-1.730545990173657,-0.009931137864805373,0.01335698862151833,0.015077441782144487,0.42843874391862014,100552.1,0.02365744026496333,-0.009344688904660448,0
2024-08-21,425.88,425.88,410.5,418.75,193308,424.942,425.60900000000004,426.4615,0.9964369585531168,51.66787003610108,-2.3790875044256268,-1.860254293024051,-0.009344688904660448,0.012978712297358412,0.014906358348299452,0.9951079047589559,112959.2,0.03672835820895521,0.004465671641791014,1
2024-08-22,420.0,421.85,417.5,420.62,64599,423.4,425.56500000000005,424.9925,0.9962528750507361,51.56295224312593,-2.565003859970716,-2.001204206413384,0.004465671641791014,0.01281400204687026,0.015015159574474612,-0.6658234527282885,104090.5,0.010341876277875571,4.754885644997486e-05,1
2024-08-23,420.25,425.0,418.0,420.64,103693,421.93,424.88500000000005,424.03900000000004,0.9950264008735045,47.4568288854003,-2.6798385674779297,-2.136931078626293,4.754885644997486e-05,0.01166411977727101,0.014297622340149118,0.6051796467437576,99631.2,0.016641308482312666,0.003233168505134998,1
2024-08-26,423.88,423.88,420.0,422.0,41274,420.942,423.59,423.4295,0.9941253502649201,60.22878932316495,-2.630779280567822,-2.235700719014599,0.003233168505134998,0.009783701832656425,0.014125833246420572,-0.6019596308333253,88576.1,0.00919431279620852,0.0017061611374409313,1
2024-08-27,423.0,423.75,418.1,422.72,538759,420.946,423.436,422.95550000000003,0.9952489091642028,55.2264434427989,-2.504926229221553,-2.28954582105599,0.0017061611374409313,0.00621489871018187,0.014119540069066613,12.053229636090517,135915.8,0.013365821347463988,-0.0004494700984104538,0
2024-08-28,425.0,425.0,418.99,422.53,651744,421.70199999999994,423.322,422.625,0.99781603076013,51.686940555428016,-2.392933938517558,-2.3102234445483036,-0.0004494700984104538,0.006204441685360647,0.014047240881872324,0.20971343402151987,196857.7,0.014223842094052473,-0.01469718126523556,0
2024-08-29,419.25,419.25,410.2,416.32,562351,420.842,422.121,422.619,0.995795267131861,37.188940092165886,-2.773305403766358,-2.4028398363919146,-0.01469718126523556,0.006346455788842053,0.012770390990543272,-0.13715968232925813,248610.1,0.021738086087624932,0.0037471176018446517,1
2024-08-30,419.93,419.93,416.32,417.88,265317,420.28999999999996,421.10999999999996,422.59,0.9945573723940462,27.20961281708945,-2.9152681710835964,-2.505325503330251,0.0037471176018446517,0.006662269172918136,0.012750988436756589,-0.5282003588506111,258576.6,0.008638843687182957,-0.01002680195271366,0
2024-09-02,417.88,417.88,411.0,413.69,765276,418.628,419.785,422.08050000000003,0.9918202807284392,32.92407108239097,-3.3275151463767543,-2.6697634319395513,-0.01002680195271366,0.007089840458978187,0.012557081602762605,1.8843835864268028,328321.2,0.01663081051028547,-0.0020063332447001203,0
2024-09-03,414.9,415.0,411.0,412.86,41744,416.65599999999995,418.80100000000004,422.15999999999997,0.9869622891794579,32.670727797370944,-3.6787910940124107,-2.871568964354123,-0.0020063332447001203,0.006675324170496478,0.01061218536275045,-0.9454523596715434,322806.5,0.009688514266337257,0.0007750811413069769,1
2024-09-04,414.0,416.0,412.0,413.18,48096,414.78599999999994,418.24399999999997,421.92650000000003,0.983076436298739,21.787709497206762,-3.886556681544505,-3.0745665077921993,0.0007750811413069769,0.006247528209958822,0.009948010623421242,0.15216558068225372,308285.3,0.00968101069751682,-0.0021056198267098702,0
2024-09-05,415.0,417.95,410.0,412.31,1233858,413.98400000000004,417.413,421.4889999999999,0.982194078611779,21.365960555149783,-4.074446453183043,-3.2745424968703682,-0.0021056198267098702,0.005907649211058483,0.009762572326800355,24.654066866267463,425211.2,0.01928160849845987,-0.002570881133127978,0
2024-09-06,412.52,416.98,409.98,411.25,1170765,412.658,416.474,420.6795,0.9809320397119422,21.358159912376834,-4.2597795055701795,-3.471589898610331,-0.002570881133127978,0.005865793850702509,0.00899290084035775,-0.051134733494453966,531918.4,0.01702127659574468,0.0017750759878418787,1
2024-09-09,412.01,417.99,410.0,411.98,718174,412.316,415.47200000000004,419.53100000000006,0.9828022243886624,27.55443886097163,-4.298205349969521,-3.636912988882169,0.0017750759878418787,0.0057312207750109785,0.007809729595203869,-0.3865771525455578,599608.4,0.01939414534686152,-0.000873828826642109,0
2024-09-10,413.9,416.0,410.26,411.62,1356673,412.06800000000004,414.36199999999997,418.899,0.9836929665623456,32.42976835879752,-4.30804662008336,-3.7711397151224073,-0.000873828826642109,0.005582720929016542,0.0058692276141560935,0.8890589188692435,681399.8,0.013944900636509423,-0.0015062436227588627,0
2024-09-11,413.94,413.94,409.42,411.0,279447,411.63200000000006,413.209,418.2655,0.9841404562413111,24.737394957983284,-4.316121157977818,-3.8801360036934898,-0.0015062436227588627,0.005546463545523019,0.005869176640999859,-0.7940203718950698,644170.1,0.010997566909975625,0.0,0
2024-09-12,412.99,414.5,409.02,411.0,227409,411.37,412.677,417.399,0.9855557871485078,24.65825446898019,-4.273260796978036,-3.958760962350399,0.0,0.003652479237545214,0.005101387168266219,-0.18621778011572854,610675.9,0.013333333333333378,-0.0014598540145985828,0
2024-09-13,413.1,416.22,409.5,410.4,511826,411.2,411.929,416.5195,0.9872286891730159,18.23658269441414,-4.238845861186405,-4.0147779421176,-0.0014598540145985828,0.003199348914450742,0.005094921315943709,1.2506848893403517,635326.8,0.01637426900584802,0.004215399610136394,1
2024-09-16,414.69,414.69,410.11,412.13,112183,411.23,411.77299999999997,415.779,0.9890590914885071,22.522055007784175,-4.025570958658079,-4.016936545425696,0.004215399610136394,0.0021171663303178206,0.005284165547110126,-0.7808180905229511,570017.5,0.011112998325770956,0.0017227573823792586,1
2024-09-18,412.99,414.48,411.75,412.84,245193,411.474,411.771,415.28599999999994,0.9908207837490309,25.51793835270341,-3.755961608145469,-3.964741557969651,0.0017227573823792586,0.002126437773540502,0.004967642732411944,1.185652015011187,590362.4,0.006612731324484106,0.00523205115783365,1
2024-09-19,413.0,420.1,412.0,415.0,680736,412.274,411.953,415.09849999999994,0.9931955909260093,45.806861499364715,-3.32961853742313,-3.8377169538603466,0.00523205115783365,0.002697897305544651,0.004770192752478241,1.7763272197819675,653626.4,0.019518072289156682,0.008843373493975903,1
2024-09-20,416.0,419.99,410.5,418.67,475370,413.808,412.58900000000006,415.00100000000003,0.9971253081317876,52.21288515406167,-2.664881162499114,-3.6031497955881004,0.008843373493975903,0.003614678697113853,0.005096370262782075,-0.3016822968081606,577777.6,0.022667016982348888,-0.011034943989299495,0
2024-09-23,419.0,419.0,413.0,414.05,69818,414.538,412.86899999999997,414.67150000000004,0.9996780584149139,50.98468271334796,-2.48225351932507,-3.378970540335495,-0.011034943989299495,0.005287526828418104,0.005639330127697393,-0.8531291415108231,467682.9,0.014491003501992512,-0.007390411786016182,0
2024-09-24,417.84,417.84,409.0,410.99,1037005,414.31000000000006,412.77,414.121,1.000456388350265,45.44124817162361,-2.5549839582134837,-3.214173223911093,-0.007390411786016182,0.005843912131573482,0.0057414205628546515,13.852974877538744,499566.0,0.02150903914937097,-0.0024574807172923485,0
2024-09-25,414.75,414.75,409.0,409.98,2513871,413.738,412.60600000000005,413.48400000000004,1.0006142922096137,42.45283018867931,-2.663419670069459,-3.104022513142766,-0.0024574807172923485,0.005884758452133366,0.005701831288705701,1.424164782233451,615285.8,0.014025074393872872,-0.010976145177813534,0
2024-09-26,410.05,411.0,405.0,405.48,121270,411.834,412.054,412.63149999999996,0.9980672827934853,36.24647603705204,-3.0769984224344853,-3.09861769500111,-0.010976145177813534,0.006779449714091858,0.0060722733607279,-0.9517596567206511,599468.1,0.01479727730097662,-9.864851533991637e-05,0
2024-09-27,406.95,408.0,403.25,405.44,54186,409.188,411.49800000000005,412.0875,0.992963872963873,37.799244015119754,-3.369152733575902,-3.1527247027160685,-9.864851533991637e-05,0.006777369987262802,0.005298852067452276,-0.5531788570957368,582145.8,0.011715666929755328,0.0011099052880820803,1
2024-09-30,407.98,407.99,400.01,405.89,43229,407.556,411.047,411.488,0.9904444358037172,37.0590735231619,-3.523756222549082,-3.2269310066826713,0.0011099052880820803,0.006820915594067803,0.0051982464467805935,-0.20221090318532464,535286.1,0.01966049915001606,-0.0010101258961786597,0
2024-10-01,408.9,409.9,403.05,405.48,40264,406.454,410.38199999999995,411.07750000000004,0.9887527291082581,36.98049194232405,-3.637434098838071,-3.3090316251137515,-0.0010101258961786597,0.006565239576418613,0.004789409411670973,-0.06858821624372524,528094.2,0.016893558251948222,0.0024662128834960217,1
2024-10-02,407.99,407.99,403.0,406.48,100268,405.754,409.746,410.7585,0.987816442021285,40.56761268781308,-3.605273641812744,-3.36828002845355,0.0024662128834960217,0.006611171575943106,0.004843608077259182,1.4902642559109873,513601.7,0.012276126746703427,0.0045266679787443476,1
2024-10-03,405.1,409.5,405.1,408.32,38990,406.322,409.07800000000003,410.5155000000001,0.9897847949712006,44.806201550387584,-3.3922103362594385,-3.373066090014728,0.0045266679787443476,0.006534303956366685,0.004977280245990466,-0.6111421390672996,449427.1,0.010775862068965462,0.010898315047021878,1
2024-10-04,408.0,414.0,407.5,412.77,134916,407.788,408.488,410.5385,0.9933002629473241,53.99662731871839,-2.83163697337568,-3.2647802666869183,0.010898315047021878,0.006920216600916612,0.005580288133628021,2.460271864580662,415381.7,0.0157472684545873,0.005717469777357875,1
2024-10-07,411.0,416.0,410.5,415.13,344074,409.63599999999997,408.596,410.73249999999996,0.9973303792614415,54.95376486129458,-2.171909843214621,-3.046206181992459,0.005717469777357875,0.006330304114619189,0.005680660831575101,1.5502831391384269,442807.3,0.013248861802326982,-0.005299544720930749,0
2024-10-08,416.0,419.99,410.01,412.93,162343,411.12600000000003,408.79,410.78000000000003,1.0008423000146063,50.141643059490136,-1.8057770792056544,-2.7981203614350982,-0.005299544720930749,0.006078373656080488,0.005814781842788148,-0.5281741718351285,355341.1,0.024168745307921482,0.007192502361174968,1
2024-10-09,413.0,417.0,411.99,415.9,724389,413.00999999999993,409.382,410.99399999999997,1.0049051810975342,51.38121546961324,-1.2614191919712425,-2.4907801275423274,0.007192502361174968,0.006320060008071089,0.006017605514512071,3.462089526496369,176392.9,0.012046164943496012,-0.0015628756912718922,0
2024-10-10,416.0,417.0,413.02,415.25,162830,414.396,410.35900000000004,411.20649999999995,1.0077564435387087,44.215155615696844,-0.8724046741440361,-2.167105036862669,-0.0015628756912718922,0.004775466267789193,0.006018629602065965,-0.7752174591276234,180548.9,0.009584587597832674,0.004142083082480541,1
2024-10-11,418.0,422.88,415.0,416.97,309706,415.236,411.512,411.505,1.0090667185088882,55.47636909227312,-0.42047130918945186,-1.8177782913280258,0.004142083082480541,0.004717460747129313,0.006070412295406887,0.9020205121906282,206100.9,0.01889824207976592,-0.007242727294529683,0
2024-10-14,416.97,418.0,412.0,413.95,308628,415.0,412.31800000000004,411.6825,1.0080583945151906,55.559729526671646,-0.30251244708330205,-1.5147251224790812,-0.007242727294529683,0.00569224561579902,0.006313507782052108,-0.0034807204251774415,232640.8,0.014494504167169948,0.0003140475902887463,1
2024-10-15,414.15,416.0,411.0,414.08,161013,415.23,413.178,411.78000000000003,1.0083782602360483,57.96425796425791,-0.1962767295119079,-1.2510354438856468,0.0003140475902887463,0.005629947038920584,0.0062509959027780716,-0.47829425716396434,244715.7,0.012074961360123648,-0.00012074961360131198,0
2024-10-16,414.0,415.5,413.0,414.03,75330,414.85599999999994,413.933,411.83949999999993,1.0073244552793017,70.07984969469227,-0.11479544959689747,-1.023787445027897,-0.00012074961360131198,0.005671310197603028,0.006241792969420739,-0.5321495779843863,242221.9,0.006038209791560998,-4.830567833247201e-05,0
2024-10-17,415.0,416.0,413.0,414.01,76974,414.608,414.50199999999995,411.78999999999996,1.0068432939119456,70.14574518100616,-0.051244071320468265,-0.8292787702864113,-4.830567833247201e-05,0.005616240893357064,0.006126684733133923,0.02182397451214646,246020.3,0.007246201782565639,0.00026569406536069984,1
2024-10-18,414.99,414.99,413.0,414.12,68097,414.038,414.637,411.5625,1.0060148823082764,69.66077400860019,0.007905801361232534,-0.6618418559568825,0.00026569406536069984,0.004516907077724183,0.0057566122435591316,-0.11532465507833811,239338.4,0.004805370424031704,0.002535496957403627,1
2024-10-21,414.99,416.0,413.95,415.17,30587,414.282,414.64099999999996,411.61850000000004,1.006470797595346,72.46175243393603,0.13791888336129432,-0.5018897080932472,0.002535496957403627,0.004196368661573284,0.005228872184524738,-0.5508319015521976,207989.7,0.004937736348965511,0.07442734301611376,1
2024-10-22,419.99,454.0,419.99,446.07,1048076,420.68,417.95500000000004,413.37249999999995,1.0176777603735132,88.45929667767632,2.7031665244341525,0.13912153841223274,0.07442734301611376,0.02364410144150198,0.01723728454064282,33.26540687220061,296563.0,0.07624363889075704,0.018293093012307526,1
2024-10-23,450.0,468.0,446.07,454.23,982610,428.71999999999997,421.788,415.58500000000004,1.031606049303993,89.72140508738536,5.3331107842555525,1.1779193875808966,0.018293093012307526,0.023862061098504358,0.017436354557319008,-0.0624630274903728,322385.1,0.048279505977148154,-0.015344649186535553,0
2024-10-24,454.0,454.0,445.01,447.26,142712,435.37,424.98900000000003,417.674,1.0423679711928442,78.59393135466753,6.7768208364318525,2.297699677351088,-0.015344649186535553,0.024920853404706282,0.017676376957459338,-0.8547623166871903,320373.3,0.02010016545186247,-0.004851764074587539,0
2024-10-25,446.1,450.0,430.01,445.09,162556,441.564,427.80100000000004,419.65649999999994,1.052203409216824,74.91683300066529,7.657598560086342,3.369679453898139,-0.004851764074587539,0.025224850190169328,0.017780999782032677,0.13904927406244738,305658.3,0.04491226493518167,0.042148778898649875,1
2024-10-28,445.09,472.8,440.01,463.85,408934,451.3,432.791,422.5545,1.0680279111925206,83.2029212310902,9.75692471326198,4.647128505770908,0.042148778898649875,0.026941864142695098,0.019604705919626358,1.5156499913875834,315688.9,0.07069095612805867,0.04889511695591242,1
2024-10-29,469.0,489.98,467.0,486.53,1043540,459.392,440.03599999999994,426.60699999999997,1.0768505908248107,86.63761801016699,13.099736659900827,6.337650136596892,0.04889511695591242,0.028953193997380205,0.021620894413980095,1.5518543334621233,403941.6,0.04723244198713341,0.04071691365383434,1
2024-10-30,490.0,510.0,490.0,506.34,1645641,469.814,449.267,431.6,1.0885403151065802,89.41583729987013,17.14974902082986,8.500069913443486,0.04071691365383434,0.029208491185160956,0.022645775906070423,0.5769793203902103,560972.7,0.03949915076825848,-0.026010190780898168,0
2024-10-31,509.99,510.0,490.5,493.17,749661,478.996,457.183,435.84250000000003,1.0990116842666788,79.99999999999999,19.07679860251693,10.615415651258175,-0.026010190780898168,0.03225310880172835,0.024107355160375817,-0.5444565369968298,628241.4,0.039540118012044524,0.021209724841332545,1
2024-11-01,494.0,509.88,476.51,503.63,336834,490.704,466.134,440.3855,1.1142601198268336,83.35316869979172,21.203611823468123,12.733054885700165,0.021209724841332545,0.03163997520116464,0.024243012218367894,-0.5506849095791297,655115.1,0.0662589599507575,0.09350118142287012,1
2024-11-04,508.01,553.99,505.0,550.72,891573,508.078,479.689,447.1650000000001,1.136220410810327,87.66262403528115,26.384749112550026,15.463393731070138,0.09350118142287012,0.03835938803847106,0.030511733812282175,1.6469210352874115,741213.7,0.08895627542126672,0.012983004067402604,1
2024-11-05,567.0,578.0,546.0,557.87,548642,522.3459999999999,490.869,454.412,1.1494986928162108,88.15384615384616,30.713734178211894,18.51346182049849,0.012983004067402604,0.03511098727081349,0.030154112408793232,-0.3846359187638029,691270.3,0.05736103393263663,-0.04698227185545023,0
2024-11-06,550.0,552.5,524.0,531.66,498951,527.4100000000001,498.61199999999997,460.2,1.1460451977401132,77.39997205272718,31.66454886865114,21.143679230129024,-0.04698227185545023,0.041585827597157156,0.03322351353986573,-0.0905709005143609,642904.4,0.053605687845615625,-0.0204265884211714,0
2024-11-07,538.88,539.96,517.5,520.8,122377,532.9359999999999,505.966,465.4775000000001,1.1449232240011598,73.66039744499643,31.182314807101704,23.15140634552356,-0.0204265884211714,0.0420484175165807,0.033915181263188696,-0.754731426532866,640870.9,0.04312596006144401,0.0014784946236561236,1
2024-11-08,517.05,528.8,515.5,521.57,222562,536.524,513.614,470.7075,1.139824625696425,73.62764256528689,30.510566584439346,24.62323839330672,0.0014784946236561236,0.04174419013744103,0.03395254163278246,0.8186587348929946,646871.5,0.025499932894913344,0.00995072569357891,1
2024-11-11,522.0,530.0,522.0,526.76,203433,531.732,519.905,476.34800000000007,1.1162679385659222,70.22812735021307,30.050586448912497,25.708708004427876,0.00995072569357891,0.04079862279460769,0.033661773103394105,-0.08594908385079214,626321.4,0.01518718201837649,-0.014902422355531963,0
2024-11-12,527.7,527.7,515.0,518.91,114910,523.94,523.143,481.58950000000004,1.0879390019923607,66.23983127448025,28.72153550000786,26.311273503543873,-0.014902422355531963,0.03962554268418539,0.034123975863971895,-0.4351457236534879,533458.4,0.024474378986722257,-0.003102657493592398,0
2024-11-13,518.91,519.89,514.0,517.3,103726,521.068,524.239,486.753,1.0704977678617287,68.0720404582516,27.224512272233483,26.493921257281798,-0.003102657493592398,0.0378860561607098,0.034185655398165246,-0.09732834392132972,379266.9,0.01138604291513626,-0.013686448869128065,0
2024-11-14,520.0,520.0,505.0,510.22,99532,518.952,525.944,491.5634999999999,1.0557171148793596,66.38985354069155,25.17659364908002,26.230455735641446,-0.013686448869128065,0.03703678290958036,0.034567002491055814,-0.040433449665464805,314254.0,0.02939908274861824,0.005585825722237425,1
2024-11-15,510.23,518.99,509.0,513.07,118829,517.2520000000001,526.888,496.5110000000001,1.0417734954512587,63.464273990589795,23.512536680522942,25.686871924617748,0.005585825722237425,0.036556668716790454,0.03450001058456208,0.1938773459791825,292453.5,0.019471027345196578,-0.011246028806985442,0
2024-11-18,514.99,516.5,505.2,507.3,111288,513.3599999999999,522.546,501.1175,1.0244303980603349,56.260927232169784,21.480554307089108,24.845608401112024,-0.011246028806985442,0.01771834209091707,0.03482085831013934,-0.0634609396696093,214425.0,0.022274788093830104,0.08614232209737827,1
2024-11-19,510.0,554.9,510.0,551.0,743944,519.778,521.859,506.36400000000003,1.0264908247821725,61.7674957841484,23.129792569417646,24.50244523477315,0.08614232209737827,0.034508961566184174,0.03602809979004895,5.684853712889081,233955.2,0.08148820326678761,-0.040018148820326616,0
2024-11-20,557.0,557.0,521.0,528.95,444000,522.108,521.588,510.1,1.0235404822583805,59.00624244865083,22.399369070450916,24.081830001908703,-0.040018148820326616,0.03352792767232097,0.03774393346357856,-0.4031808845827105,228460.1,0.06805936288874184,-0.006673598638812894,0
2024-11-21,528.95,530.0,520.0,525.42,77847,525.1479999999999,522.05,514.008,1.0216728144309035,55.68306295967867,21.290241040543094,23.523512209635584,-0.006673598638812894,0.03287365209775935,0.03750707311421835,-0.8246689189189189,224007.1,0.01903239313311256,-0.02306726047733243,0
2024-11-22,525.4,534.0,511.0,513.3,239820,525.1940000000001,521.223,517.4185,1.0150274874207244,38.063034324358796,19.211804651976593,22.66117069810379,-0.02306726047733243,0.03376745223741688,0.038071294156561006,2.0806582141893712,225732.9,0.044808104422365096,0.01987142022209243,1
2024-11-25,515.01,528.3,514.0,523.5,108438,528.434,520.8969999999999,520.4010000000001,1.0154361732586983,39.245259402966404,18.178137342963282,21.764564027075686,0.01987142022209243,0.03427023731157255,0.037332938668219504,-0.5478358769076808,216233.4,0.02731614135625588,-0.034899713467048676,0
2024-11-26,523.5,523.5,500.0,505.23,324927,519.28,519.529,521.336,0.996056286157104,41.297332894303615,15.703689880426282,20.552389197745804,-0.034899713467048676,0.03577953129314113,0.037050522774680905,1.9964311403751451,237235.1,0.04651346911307721,0.07816242107554983,1
2024-11-27,515.0,550.0,515.0,544.72,620242,522.434,522.271,523.255,0.9984309753370727,56.6267730496454,16.736260217408017,19.78916340167825,0.07816242107554983,0.043847913702263985,0.03991745162821881,0.9088656836766411,288886.7,0.06425319430165957,0.01775223968277273,1
2024-11-28,547.13,559.0,540.5,554.39,708547,528.2280000000001,526.688,526.316,1.0036327985468807,58.66511775266658,18.125923470400437,19.456515415422686,0.01775223968277273,0.043403023059215055,0.03935865507845726,0.14237184840755712,349788.2,0.03337001028157074,0.006475585778964232,1
2024-11-29,558.0,577.9,547.0,557.98,549220,537.164,531.179,529.0335,1.0153685919700737,58.31291937373523,19.294509512256127,19.424114234789375,0.006475585778964232,0.04339579114258937,0.0392080453925428,-0.22486440560753207,392827.3,0.05537832897236456,0.015233520914728071,1
2024-12-02,562.0,573.0,562.0,566.48,130949,545.76,537.097,529.8214999999999,1.0300827731603948,62.622724619222,20.668250604738432,19.67294150877919,0.015233520914728071,0.042810116798117,0.03348713616150164,-0.7615727759367831,394793.4,0.01941816127665584,-0.010079790989973247,0
2024-12-03,566.48,568.9,541.0,560.77,123000,556.868,538.074,529.9665,1.0507607556326675,61.28914974289721,21.053509288538066,19.949055064730963,-0.010079790989973247,0.034220309131756874,0.033483632443935325,-0.06070302178710796,332699.0,0.0497530181714428,0.00010699573800310169,1
2024-12-04,560.88,561.09,552.0,560.83,512629,560.09,541.262,531.425,1.0539398786282168,63.6407740822597,21.120210430677048,20.18328613792018,0.00010699573800310169,0.03090163520861381,0.0315481419968326,3.167715447154472,339561.9,0.016208120107697576,0.032398409500205005,1
2024-12-05,560.83,581.0,555.0,579.0,594336,565.0120000000001,546.62,534.3349999999999,1.0574115489346574,66.41438032166506,22.381241690977504,20.622877248531644,0.032398409500205005,0.031544102405533285,0.0316829045581587,0.15938817351339862,391210.8,0.044905008635578586,-0.01735751295336785,0
2024-12-06,565.11,581.0,565.0,568.95,220458,567.2059999999999,552.1850000000001,536.704,1.0568320713093249,65.02852128126372,22.312462858552294,20.960794370535776,-0.01735751295336785,0.030920636895273697,0.03209459842380657,-0.6290684057502827,389274.6,0.028121979084278055,0.04374725371297994,1
2024-12-09,580.0,605.0,570.01,593.84,581475,572.6780000000001,559.219,540.058,1.0604009199011961,61.49758454106281,23.989830293449245,21.56660155511847,0.04374725371297994,0.03257914103812289,0.033247292870299705,1.6375772255939909,436578.3,0.05892159504243569,0.011602451838879091,1
2024-12-10,599.0,608.0,583.0,600.73,489141,580.67,568.769,544.149,1.0671158083539618,70.97113474348484,25.580248308898945,22.369330905874566,0.011602451838879091,0.027947594131336018,0.032874514596247274,-0.1587927253966207,452999.7,0.041616033825512294,0.0021307409318662707,1
2024-12-11,605.0,613.0,600.0,602.01,172347,588.906,574.4979999999999,548.3845,1.0738924969615296,72.67452187814555,26.63689777047466,23.222844278794586,0.0021307409318662707,0.018421203107714314,0.03280352024711871,-0.6476537440124627,408210.2,0.02159432567565323,0.04910217438248554,1
2024-12-12,603.5,647.0,591.0,631.57,477091,599.42,582.2160000000001,554.452,1.0811035040003463,81.73670369774058,29.519265322757974,24.482128487587264,0.04910217438248554,0.022141126856020727,0.03360264852465792,1.7682002007577737,385064.6,0.08866792279557294,-0.006460091517963229,0
2024-12-13,643.0,647.0,614.0,627.49,498077,611.128,589.167,560.173,1.0909629703680828,78.85244991953832,31.11565852955823,25.80883449598146,-0.006460091517963229,0.022949586838944012,0.033816761697793324,0.043987415398739405,379950.3,0.05259047952955426,-0.008302921162090304,0
2024-12-16,630.02,638.23,612.0,622.28,380606,616.816,594.7470000000001,565.922,1.089931121249925,85.01346096320667,31.596187013181634,26.966304999421496,-0.008302921162090304,0.023777919187681504,0.03372275559914894,-0.23584907554454426,404916.0,0.042151443080285435,-0.029906151571639783,0
2024-12-17,624.0,624.0,590.0,603.67,395937,617.404,599.037,568.5555,1.0859168542033275,70.1510904491693,30.128040531539796,27.598652105845158,-0.029906151571639783,0.026302003216731613,0.02983540307068613,0.040280500044665546,432209.7,0.05632216277105041,-0.03826594000033112,0
2024-12-18,592.11,615.46,580.0,580.57,354804,613.1160000000001,601.011,571.1365,1.0735016935531176,58.19661865998749,26.791708780606314,27.43726344079739,-0.03826594000033112,0.030063996357889394,0.029698538389070918,-0.10388773971616694,416427.2,0.061077906195635384,-0.04788397609246098,0
2024-12-19,578.15,592.88,525.6,552.77,599961,597.356,598.388,572.504,1.0434093036904546,48.583546299820554,21.65479121186229,26.280768995010373,-0.04788397609246098,0.03223953163151046,0.03190451107984197,0.6909645888997868,416989.7,0.12171427537673893,0.08504441268520369,1
2024-12-20,552.81,608.05,552.77,599.78,721972,591.814,601.471,576.828,1.0259800148397789,57.48583760453196,21.133447917696913,25.25130477954768,0.08504441268520369,0.042280808107961254,0.036131008077679334,0.2033648853842167,467141.1,0.09216712794691383,0.03379572509920292,1
2024-12-23,601.0,630.0,576.62,620.05,331412,591.368,604.092,581.6555000000001,1.0166980283002567,62.50738458941682,22.101131115513795,24.621270046740904,0.03379572509920292,0.041403774064416116,0.036495525058498346,-0.5409628074218944,442134.8,0.08608983146520442,-0.011579711313603691,0
2024-12-24,642.0,642.0,606.0,612.87,272101,593.208,605.306,587.0375,1.0105112535400207,60.659565751741084,22.034659192259028,24.103947875844533,-0.011579711313603691,0.04164663052135335,0.03537030058233973,-0.17896455167585967,420430.8,0.05874002643301189,-0.041819635485502604,0
2024-12-26,612.87,612.87,584.0,587.24,366916,594.542,603.829,589.1634999999999,1.0091290448237207,51.637780251232314,19.6869144182873,23.220541184333086,-0.041819635485502604,0.04397526279627855,0.0333703769952152,0.3484551692202529,439887.7,0.0491621824126422,-0.005738709897145977,0
2024-12-27,600.0,600.0,576.0,583.87,198033,600.762,599.059,590.6375,1.0171416477958137,53.04639006860502,17.35432903220351,22.04729875390717,-0.005738709897145977,0.04020371920020778,0.033284780373374,-0.4602770116320902,411981.9,0.041105040505592,0.05585147378697308,1
2024-12-30,590.0,620.0,587.0,616.48,316179,604.1020000000001,597.958,593.5625,1.0177563441086661,54.48139350752177,17.930402259263815,21.2239194549785,0.05585147378697308,0.04487354438510035,0.03531652437478655,0.596597536774174,393792.1,0.05352971710355567,0.008061899818323504,1
2024-12-31,616.48,623.99,608.01,621.45,590214,604.382,597.875,596.311,1.0135348836429312,54.13275889580343,18.57387385016,20.693910334014802,0.008061899818323504,0.04487118567320449,0.03524970485963838,0.8667084151698878,414752.9,0.025714055837155067,-0.002671172258428056,0
2025-01-01,625.0,629.99,615.9,619.79,166425,605.766,599.487,599.262,1.0108533496200327,53.54098621843383,18.733928528495426,20.301913972910928,-0.002671172258428056,0.04361220093453811,0.035119120510232076,-0.7180260041273165,391801.7,0.02273350651026966,0.0006937833782412195,1
2025-01-02,625.0,626.0,600.0,620.22,231079,612.3620000000001,603.452,602.2315000000001,1.0168216043166125,47.442887396926956,18.680137424302643,19.97755866318927,0.0006937833782412195,0.041138673373412725,0.035114541146768395,0.3884873065945622,379429.2,0.0419206088162265,-0.03242397858824286,0
2025-01-03,620.0,620.0,594.0,600.11,219219,615.61,608.1859999999999,603.287,1.0204264305380357,44.246932257522275,16.820897813618103,19.34622649327504,-0.03242397858824286,0.03906974459220551,0.03550243023885558,-0.05132443882827953,341355.0,0.043325390345103396,-0.016646948059522382,0
2025-01-06,600.11,609.0,585.0,590.12,383302,610.338,607.22,604.3455,1.0099156856467038,43.375628244211924,14.375614382869685,18.35210407119397,-0.016646948059522382,0.02898835079000139,0.03548198739827584,0.7484889539684061,307488.0,0.040669694299464515,0.007473056327526484,1
2025-01-07,597.8,600.0,586.0,594.53,280790,604.954,604.668,604.38,1.000949733611304,48.00035004813162,12.647764237606793,17.211236104476534,0.007473056327526484,0.026544806047465733,0.03416061622766322,-0.26744446937401845,302425.8,0.023548012715926867,-0.037357240172909534,0
2025-01-08,595.22,600.0,565.0,572.32,186426,595.46,600.613,602.9595,0.9875621828663451,48.18800790687459,9.378163534194414,15.644621590420112,-0.037357240172909534,0.028551382154260986,0.035072952855900806,-0.3360660992200577,293858.3,0.0611545988258317,-0.016494268940453027,0
2025-01-09,580.0,580.0,561.12,562.88,132981,583.992,598.177,601.0029999999999,0.9716956487737999,52.4153089015242,5.956588469877602,13.707014966311611,-0.016494268940453027,0.02608269756079721,0.03520882997459564,-0.2866821151556114,270464.8,0.03354178510517339,-0.002629334849346243,0
2025-01-10,574.88,574.88,555.0,561.4,204911,576.25,595.9300000000001,597.4945,0.9644440241709338,38.28163165608208,3.0899232374940766,11.583596620548105,-0.002629334849346243,0.026077209505847194,0.033029810311704495,0.540904339717704,271152.6,0.03541147132169575,0.002208763804773861,1
2025-01-13,562.0,569.95,558.99,562.64,138025,570.754,590.546,594.2520000000001,0.9604578528974239,30.16651696262008,0.9076650270797018,9.448410301854425,0.002208763804773861,0.01609059901006486,0.033071508905874604,-0.3264148825587694,253337.2,0.019479596189392927,0.022820986776624475,1
2025-01-14,563.0,589.95,556.0,575.48,227967,566.9440000000001,585.949,591.912,0.9578180540350594,37.5689872996875,0.2118483092099268,7.601097903325526,0.022820986776624475,0.01834610692723649,0.033631944954709905,0.6516355732657126,217112.5,0.05899423090289853,-0.012476541322026913,0
2025-01-15,580.0,582.0,566.0,568.3,219806,566.14,580.8,590.1434999999999,0.9593259944403354,42.82249507351826,-0.9084849974881308,5.899181323162795,-0.012476541322026913,0.018321204882252154,0.03313031336896339,-0.03579904108928045,222450.6,0.028154143938060885,-0.015379201126165754,0
2025-01-16,575.0,575.0,557.9,559.56,91964,565.4759999999999,574.734,589.0930000000001,0.959909555876576,41.14776782463039,-2.47309388453084,4.2247262816240685,-0.015379201126165754,0.018130709229110146,0.03221253623686999,-0.5816128768095503,208539.1,0.03055972549860609,0.01733504896704563,1
2025-01-17,568.49,576.0,560.0,569.26,279906,567.048,571.649,589.9174999999999,0.961232714744011,29.361888111888163,-2.89695447825909,2.800390129647437,0.01733504896704563,0.01814840371915747,0.030510851127123567,2.0436475142447046,214607.8,0.028106664792889015,-0.010381899307873366,0
2025-01-20,574.0,575.0,560.02,563.35,67820,567.1899999999999,568.972,588.096,0.9644513820872782,24.813594589908135,-3.6674782542198727,1.506816452873975,-0.010381899307873366,0.017811060614448957,0.023475097814573506,-0.7577043721820897,183059.6,0.02659092926244789,-0.006443596343303493,0
2025-01-21,569.0,570.0,558.5,559.72,107423,564.0379999999999,565.491,585.0795,0.964036511277527,24.39689711022085,-4.518942998870443,0.30166456252509133,-0.006443596343303493,0.017309256788958952,0.02183445920768812,0.5839427897375407,165722.9,0.020545987279353962,0.009772743514614435,1
2025-01-22,564.49,571.0,560.06,565.19,212643,563.4159999999999,564.778,582.6955,0.9669132505742706,27.511238250919533,-4.698193804521225,-0.6983071108841719,0.009772743514614435,0.013858554977783067,0.02201093393088878,0.9794922874989527,168344.6,0.01935632265255941,0.0038040305030166977,1
2025-01-23,569.99,569.99,565.0,567.34,115059,564.972,565.2239999999999,581.7005,0.9712420738851005,34.30405211227132,-4.613581828270185,-1.4813620543613746,0.0038040305030166977,0.012811057827179784,0.020150110905512122,-0.4589100040913644,166552.4,0.008795431311030439,0.02686219903408893,1
2025-01-24,568.0,588.0,568.0,582.58,341717,567.6360000000001,567.342,581.636,0.9759299630696864,46.56147391462972,-3.278987467067509,-1.8408871369026014,0.02686219903408893,0.015106620375585073,0.02108859006210178,1.9699284714798493,180233.0,0.0343300490919702,0.03074255896185929,1
2025-01-27,587.0,605.0,586.99,600.49,428869,575.0640000000001,571.1270000000001,580.8365,0.9900617471525982,52.42000974500569,-0.7672797770419493,-1.626165664930471,0.03074255896185929,0.01730491979453282,0.018135469735286264,0.2550414524299347,209317.4,0.029992173058668737,-0.0401505437226265,0
2025-01-28,604.0,604.0,541.0,576.38,107337,578.3960000000001,571.217,578.583,0.9996767965875252,51.623480486244375,-0.7139785409586921,-1.4437282401361153,-0.0401505437226265,0.021677842808531616,0.019958310291795213,-0.7497207772070259,197254.4,0.10930289045421424,-0.0007286859363613285,0
2025-01-29,581.0,581.0,572.0,575.96,73761,580.55,571.983,576.3915,1.0072147143044268,55.636959144975016,-0.6975860791731066,-1.2944998079435137,-0.0007286859363613285,0.021217832675924718,0.019967623798281185,-0.3128091897481763,182649.9,0.01562608514480172,0.01984512813389805,1
2025-01-30,577.0,590.0,564.0,587.39,177702,584.5600000000001,574.766,574.75,1.0170682905611137,60.31594824164483,0.2350015883702099,-0.9885995286807691,0.01984512813389805,0.021019252487914957,0.020626160731355758,1.4091593118314556,191223.7,0.04426360680297588,0.012717274723778038,1
2025-01-31,588.87,600.0,584.0,594.86,232949,587.0160000000001,577.326,574.4875,1.0218081333362348,62.18608169440243,1.5588807969768368,-0.47910346354924793,0.012717274723778038,0.02076898876578878,0.019626357400530006,0.31089689480140903,186528.0,0.026897085028410046,-0.030091113875533648,0
2025-02-03,594.86,594.86,575.0,576.96,46896,582.3100000000001,578.687,573.8295,1.0147787801080286,50.53912283258051,1.1504228459195929,-0.1531982016554798,-0.030091113875533648,0.02314803415766122,0.02043105987494869,-0.7986855491974638,184435.6,0.034421797004991705,0.007799500831946693,1
2025-02-04,582.18,585.0,575.02,581.46,27203,583.326,580.861,573.1759999999999,1.0177083478722069,54.889285183534,1.1762700598102356,0.11269545063766329,0.007799500831946693,0.02296496106509736,0.020438253393798844,-0.4199292050494712,176413.6,0.017163691397516626,-0.03804216971072816,0
2025-02-06,576.25,584.0,555.0,559.34,331756,580.0020000000001,580.2760000000001,572.5269999999999,1.0130561528102606,49.92565558258992,-0.5814424656009578,-0.026132132610060935,-0.03804216971072816,0.02636828540033462,0.02050300803592933,11.195566665441312,188324.9,0.05184681946579897,0.0045589444702685,1
2025-02-07,564.98,566.9,548.5,561.89,351369,574.902,579.731,572.4775000000001,1.0042351009428319,47.38299836659328,-1.7485227351897947,-0.3706102531260077,0.0045589444702685,0.026383766056800106,0.02020091762193189,0.0591187499246435,211955.9,0.03274662300450262,-0.0012457954403886085,0
2025-02-10,565.92,565.92,555.05,561.19,173432,568.168,577.592,572.467,0.9924903968263673,49.20353982300886,-2.6988161346090465,-0.8362514294226155,-0.0012457954403886085,0.024561554299191195,0.020193420807502662,-0.5064106395271069,195127.4,0.019369553983499356,-0.005470518006379432,0
2025-02-11,563.99,570.0,557.01,558.12,236174,564.4,573.3550000000001,572.241,0.9862977312006654,49.40758293838862,-3.657492545725404,-1.4004996526831732,-0.005470518006379432,0.02142831698971321,0.020225724844560696,0.3617671479311777,175857.9,0.023274564609761357,0.0002508421128073479,1
2025-02-12,561.5,561.5,550.32,558.26,45352,559.76,571.543,571.38,0.9796632713780671,47.328656233135426,-4.3557433801245224,-1.9915483981714432,0.0002508421128073479,0.018041534106013554,0.019489462126331666,-0.8079720883755197,169659.4,0.020026510944721007,-0.00933256905384594,0
2025-02-13,560.0,563.0,550.11,553.05,118237,558.502,569.2520000000001,570.6175000000001,0.9787677384587747,44.61851321834749,-5.2687804340826006,-2.6469948053536747,-0.00933256905384594,0.01812399515576093,0.01940738239486254,1.6070956076909506,174107.0,0.0233071150890516,-0.002477172045927123,0
2025-02-14,556.0,559.98,549.0,551.68,85809,556.4599999999999,565.681,570.2235,0.9758629730272428,37.005887300252255,-6.033367522692743,-3.3242693488214883,-0.002477172045927123,0.016140462803362322,0.019122867197074424,-0.27426270964249766,164917.7,0.019902842227378224,-0.008483178654292267,0
2025-02-17,552.0,555.0,545.02,547.0,119535,553.622,560.8950000000001,569.1105,0.9727847228262348,24.69007286836373,-6.936979999265418,-4.046811478910275,-0.008483178654292267,0.014719086797216105,0.018720331330202032,0.39303569555641027,153576.3,0.01824497257769656,0.00095063985374777,1
2025-02-18,547.0,549.0,540.0,547.52,146145,551.502,557.951,568.3190000000001,0.9704092243968614,32.4195906432748,-7.524403107699641,-4.742329804668148,0.00095063985374777,0.012742441837454212,0.018618921966511513,0.2226126239176811,163501.2,0.016437755698421975,0.020985534774985437,1
2025-02-19,550.0,561.0,548.0,559.01,52069,551.652,555.706,568.2835,0.9707337974796031,40.90177133655391,-6.982305507667206,-5.19032494526796,0.020985534774985437,0.014754642931778831,0.019217442020142847,-0.6437168565465805,165987.8,0.023255397935636215,-0.011234146079676544,0
2025-02-20,563.99,563.99,549.51,552.73,122738,551.588,555.045,567.6605000000001,0.9716864217256616,30.306818181818173,-6.9789833935942625,-5.5480566349332205,-0.011234146079676544,0.009260467821125763,0.019235781021005108,1.3572183064779426,145086.0,0.026197239158359448,-0.009950608796338134,0
2025-02-21,555.0,555.0,546.25,547.23,106782,550.6980000000001,553.579,566.655,0.9718400084707628,22.317796117633335,-7.335594462128711,-5.905564200372319,-0.009950608796338134,0.009402244563878354,0.019303121472444333,-0.1300004888461601,120627.3,0.015989620452095097,0.013888127478391299,1
2025-02-24,547.23,574.98,545.0,554.83,225402,552.264,552.943,565.2675,0.9769958470989398,35.38888155288524,-6.925126274090076,-6.10947661511587,0.013888127478391299,0.010763941046869351,0.018496554023172827,1.1108613811316514,125824.3,0.05403456914730641,0.007641980426436934,1
2025-02-25,555.0,565.95,554.5,559.07,385804,554.5740000000001,553.0379999999999,563.1965,0.9846900682088757,35.166291241552926,-6.186381952702618,-6.124857682633221,0.007641980426436934,0.0109674059724131,0.016985918635361395,0.7116263387192661,140787.3,0.02048044073192989,-0.0020569874970935986,0
2025-02-26,555.01,564.49,555.01,557.92,44072,554.356,553.004,562.2735,0.9859187744042712,48.69724770642195,-5.628831479220139,-6.025652441950605,-0.0020569874970935986,0.010991033040780753,0.01462283398361061,-0.8857658292811894,140659.3,0.01699168339546892,0.0029036420992256673,1
2025-02-27,562.89,562.89,557.93,559.54,26221,555.7180000000001,553.653,561.4525000000001,0.989786313178764,47.80660817621801,-4.998627188266937,-5.820247391213872,0.0029036420992256673,0.010507956842942846,0.01465574824187376,-0.4050417498638591,131457.7,0.008864424348572106,-0.029720842120313118,0
2025-02-28,562.5,562.5,540.16,542.91,154018,554.854,552.776,559.2284999999999,0.992177616126503,36.84892086330932,-5.774522661870378,-5.811102445345173,-0.029720842120313118,0.014387587280966745,0.015069383528610583,4.873841577361657,138278.6,0.04114862500230247,-0.014588053268497436,0
2025-03-03,542.49,545.0,510.11,534.99,67618,550.886,551.575,556.235,0.9903835609050131,34.44519166106255,-6.948406321680864,-6.038563220612311,-0.014588053268497436,0.014838900894524804,0.014725214725591686,-0.5609733927203313,133086.9,0.06521617226490212,0.013757266490962428,1
2025-03-04,534.0,549.0,532.12,542.35,78624,547.542,551.058,554.5045,0.9874437448208265,40.24764006374895,-7.201809117011749,-6.2712123998922,0.013757266490962428,0.015662925834941964,0.014071675712104144,0.16276731047945803,126334.8,0.03112381303586244,-0.0058818106388863756,0
2025-03-05,549.99,550.0,535.0,539.16,44868,543.79,549.073,552.3895,0.9844321805537577,41.26964173475803,-7.572745106322259,-6.531518941178212,-0.0058818106388863756,0.01368277472744473,0.013850194219382569,-0.42933455433455436,125614.7,0.02782105497440463,-0.01227835892870388,0
2025-03-06,539.16,545.0,529.02,532.54,144275,538.39,547.054,551.0495,0.9770265647641455,38.71462264150945,-8.305156549726917,-6.886246462887954,-0.01227835892870388,0.013751961592483757,0.011481282745769199,2.2155433716680037,127768.4,0.0300071356142262,-0.008243512224433869,0
2025-03-07,532.53,535.95,524.1,528.15,187577,535.4379999999999,545.146,549.3625,0.9746533481990487,38.84747367175482,-9.134536950688243,-7.335904560448012,-0.008243512224433869,0.013675144156178798,0.011430291084529077,0.3001351585513776,135847.9,0.022436807725078146,-0.005566600397614252,0
2025-03-10,529.01,529.95,522.26,525.21,41696,533.482,542.184,547.5635,0.9742833479587298,37.167836190038,-9.914769037473434,-7.851677455853096,-0.005566600397614252,0.012242009510238778,0.011435639755860896,-0.7777126193509866,117477.3,0.014641762342682078,-0.012128481940557156,0
2025-03-11,526.0,530.71,517.0,518.84,184090,528.78,538.1610000000001,545.5995,0.9691724424234258,25.449211587825488,-10.921221310168676,-8.465586226716212,-0.012128481940557156,0.01147345580307117,0.01159955979627948,3.4150518035303143,97305.9,0.026424331200370126,-0.0011178783439982354,0
2025-03-12,519.95,523.0,516.0,518.26,111988,524.6,534.1949999999999,543.5995,0.9650487169322267,27.355143870713462,-11.631561736808294,-9.09878132873463,-0.0011178783439982354,0.011525594261235256,0.0115798006340703,-0.3916671193437993,104097.5,0.013506734071701464,0.00441863157488509,1
2025-03-13,524.46,527.99,519.0,520.55,483778,522.202,530.296,541.9745,0.9635176562734962,31.700960219478716,-11.872864786320292,-9.653598020251762,0.00441863157488509,0.011683299501681114,0.011632550065322824,3.319909275993856,149853.2,0.01727019498607244,0.005667082893094033,1
2025-03-14,523.0,525.9,518.5,523.5,197386,521.2719999999999,528.355,540.5654999999999,0.9643086730470221,27.047619047619065,-11.691288944355847,-10.061136205072579,0.005667082893094033,0.009171425275702095,0.01179176870705532,-0.5919905411159665,154190.0,0.014135625596943605,0.008557784145176717,1
2025-03-17,526.0,530.0,523.5,527.98,143062,521.8259999999999,527.654,539.6145,0.9670347998432212,27.303255949773714,-11.058415689889557,-10.260592102035975,0.008557784145176717,0.009008388481751008,0.011955168248227501,-0.2752170873314217,161734.4,0.012311072389105648,-0.0041478843895602635,0
2025-03-18,529.0,531.0,524.0,525.79,158800,523.216,525.998,538.528,0.9715669380236497,26.8948655256724,-10.611253844482803,-10.330724450525341,-0.0041478843895602635,0.0073056191809088905,0.011950034455455182,0.11000824817212118,169752.0,0.013313299986686702,0.0238878639761122,1
2025-03-19,528.48,546.99,525.0,538.35,535338,527.234,525.917,537.495,0.9809095898566499,36.83360258481428,-9.138050075637352,-10.092189575547744,0.0238878639761122,0.011108908556254921,0.012256955136978448,2.3711460957178843,218799.0,0.040847032599609936,0.052865236370390756,1
2025-03-20,540.67,569.5,540.67,566.81,712909,536.4860000000001,529.344,538.199,0.9968171624250513,62.946912242686864,-5.609379885508929,-9.195627637539982,0.052865236370390756,0.019271948182416867,0.017090333051537447,0.3316988519402695,275662.4,0.05086360508812485,0.023358797480637294,1
2025-03-21,570.27,594.96,570.27,580.05,549037,547.796,534.534,539.8399999999999,1.014737700059277,73.07928703134598,-1.7246453503881867,-7.701431180109624,0.023358797480637294,0.019191301815744116,0.01754347674839873,-0.2298638395643764,311808.4,0.04256529609516431,-0.014360830962847904,0
2025-03-24,581.95,619.0,565.0,571.72,1015607,556.5440000000001,539.185,540.6845000000001,1.029332263085034,64.89501977888223,0.674102736676673,-6.026324396752364,-0.014360830962847904,0.02014049276569698,0.017761697381311194,0.8497970082162041,409199.5,0.09445182956692087,-0.017088784719792915,0
2025-03-25,572.99,580.0,559.0,561.95,211729,563.7760000000001,543.4959999999999,540.8285,1.042430271333704,60.834838832366685,1.766408471708246,-4.467777823060243,-0.017088784719792915,0.020761959484894763,0.018178437441794783,-0.7915246744065372,411963.4,0.037369872764480824,-0.0029184091111310595,0
2025-03-26,567.38,568.0,557.0,560.31,66987,568.1679999999999,547.701,540.9480000000001,1.0503190694854214,63.85866852979338,2.4712473413574116,-3.079972790176712,-0.0029184091111310595,0.020859362509788742,0.018185613850720855,-0.6836191546741353,407463.3,0.019631989434420235,-0.025771447948456983,0
2025-03-27,560.32,560.5,540.21,545.87,141329,563.9799999999999,550.233,540.2645,1.0438960916365962,58.03701015965168,1.84340033220667,-2.095298165700036,-0.025771447948456983,0.023461560697532212,0.019083452870234826,1.1097974233806558,373218.4,0.03717002216644982,-0.012017513327349127,0
2025-04-03,544.0,544.99,536.0,539.31,186962,555.832,551.8140000000001,540.0845,1.0291574744322416,56.19181450904615,0.8071851503112839,-1.5148015024977721,-0.012017513327349127,0.024064853325849813,0.018067877244657984,0.3228848997728704,372176.0,0.016669447998368305,0.0007973150877975677,1
2025-04-04,539.89,547.5,539.0,539.74,254873,549.4359999999999,552.99,540.322,1.0168677196190419,59.68309859154927,0.020438951956748497,-1.2077534116068682,0.0007973150877975677,0.023999225144634956,0.017746813617364937,0.36323424011296424,383357.1,0.01574832326675807,-0.04872716493126317,0
2025-04-07,538.0,538.0,490.5,513.44,470978,539.734,551.7549999999999,538.8765,1.0015912736962924,48.19664771026641,-2.6941962627307703,-1.5050419818316487,-0.04872716493126317,0.028985503037112142,0.020580467290574524,0.8478928721363188,414574.9,0.09251324400124648,-0.021521502025553252,0
2025-04-08,525.0,525.0,498.0,502.39,562666,528.15,548.159,537.038,0.9834499607104152,43.623595505618,-5.671825604577407,-2.3383987063808007,-0.021521502025553252,0.028020565015273634,0.021007040765789433,0.19467575980194396,417307.7,0.05374310794402755,-0.031171002607535914,0
2025-04-09,499.0,505.0,473.5,486.73,534291,516.322,540.1510000000001,534.7475000000001,0.9655435509282417,38.14712139771777,-9.189320666086019,-3.708583098321845,-0.031171002607535914,0.019545183021630014,0.021839511013463802,-0.050429562120334226,399445.9,0.06471760524315329,0.03287243440922061,1
2025-04-10,500.0,507.0,497.99,502.73,375803,509.00600000000003,532.4190000000001,533.4765,0.9541301256943839,42.42333313328933,-10.564117985887947,-5.079690075835066,0.03287243440922061,0.02172644770500971,0.02332929061441425,-0.2966323595194379,382122.5,0.01792214508782048,0.010622003858930196,1
2025-04-11,508.0,525.0,493.2,508.07,797159,502.672,526.054,532.6195,0.9437731814175035,44.781481917775956,-11.094866678201356,-6.282725396308324,0.010622003858930196,0.023073747204845417,0.023486847760624964,1.1212151047224213,360277.7,0.0625898006180251,-0.008876729584506027,0
2025-04-14,515.0,516.0,502.0,503.56,174619,500.696,520.215,531.8555,0.9414135982423798,39.244419711865454,-11.744030278410492,-7.374986372728758,-0.008876729584506027,0.02299845123438346,0.023419802696257673,-0.7809483428023769,356566.7,0.02780204940821352,0.00043688934784325006,1
2025-04-15,503.6,509.88,502.0,503.78,270125,500.974,514.562,531.1315,0.9432202759580255,26.391489999250894,-12.10124927825052,-8.32023895383311,0.00043688934784325006,0.023148114689486847,0.023422787247111124,0.5469393364983193,376880.5,0.01564174838223033,-0.0190162372464171,0
2025-04-16,504.0,508.0,490.0,494.2,141953,502.468,509.395,529.8140000000001,0.9483856598730874,16.937533697912656,-13.007432263558371,-9.257677615778162,-0.0190162372464171,0.022742624364158588,0.023713609993869626,-0.4744914391485423,376942.9,0.03642250101173614,0.007952246054229173,1
2025-04-17,494.2,500.99,494.2,498.13,261228,501.54799999999994,505.27699999999993,528.5455,0.9489211430236375,20.66491270031092,-13.255667568132083,-10.057275606248947,0.007952246054229173,0.023380435550296088,0.023759618422837425,0.8402428972969926,384369.5,0.013630979864693997,0.0019472828378135354,1
2025-04-18,495.26,507.0,495.0,499.1,232879,499.754,501.213,527.1015,0.9481172032331534,23.05581754265627,-13.22171326182223,-10.690163137363605,0.0019472828378135354,0.02342944885512577,0.02364760867521284,-0.10852205735985421,382170.1,0.024043277900220397,-0.010759366860348618,0
2025-04-21,501.0,504.95,490.2,493.73,113066,497.788,499.242,525.4984999999999,0.9472681653705959,22.34130940511801,-13.472812158453337,-11.246692941581554,-0.010759366860348618,0.01859181140602448,0.023717320388488134,-0.5144860635780812,346378.9,0.029874627833026145,0.0036052093249345774,1
2025-04-22,496.0,497.99,493.74,495.51,172511,496.134,498.554,523.3565,0.947984786660718,26.62024141132777,-13.374011440332879,-11.672156641331819,0.0036052093249345774,0.017594528768491612,0.02293343896891669,0.5257548688376701,307363.4,0.008577021654457024,-0.012048192771084265,0
2025-04-23,495.01,499.0,487.0,489.54,86142,495.20200000000006,498.8349999999999,519.493,0.953240948386215,26.7668751750537,-13.620432399750428,-12.06181179301554,-0.012048192771084265,0.014796554503801716,0.018677041838475076,-0.5006579290595963,262548.5,0.024512807942149772,-0.012011275891653406,0
2025-04-24,485.0,495.0,480.0,483.66,351383,492.308,496.928,514.6735000000001,0.956544294586762,25.088841506751933,-14.127338480208607,-12.474917130454154,-0.012011275891653406,0.00996172946687899,0.017258427787440085,3.0791135566854733,260106.5,0.031013521895546455,0.00727783980482144,1
2025-04-25,485.0,492.0,471.0,487.18,176047,489.924,494.83900000000006,510.4465,0.9597950030022734,35.37536199599016,-14.08269408763067,-12.79647252188946,0.00727783980482144,0.009467085555720638,0.017573638550187103,-0.498988283440007,197995.3,0.04310521778398128,0.07391518535243646,1
2025-04-28,492.0,535.9,492.0,523.19,1148209,495.816,496.802,508.5084999999999,0.9750397485981062,59.06397071640234,-11.014637152276123,-12.440105447966792,0.07391518535243646,0.026231629622063726,0.025182090540457953,5.522173056058893,295354.3,0.08390833158126106,0.03700376536248773,1
2025-04-29,525.0,549.99,511.0,542.55,676465,505.224,500.679,507.6205,0.9952789534701613,73.56467409658899,-6.940978446203189,-11.34028004761407,0.03700376536248773,0.028138981159591063,0.026745220137119427,-0.4108520312939543,335988.3,0.07186434430006454,-0.02930605474149839,0
2025-04-30,538.0,538.0,519.6,526.65,525353,512.646,503.9240000000001,506.65950000000004,1.0118156276552595,60.10647287476762,-4.938642098753462,-10.059952457841948,-0.02930605474149839,0.02938840701434676,0.026926676306254272,-0.2233848018744503,374328.3,0.03493781448780021,0.005791322510206198,1
2025-05-02,533.0,540.0,525.05,529.7,807450,521.854,507.081,506.179,1.0309673060320559,59.31925894011205,-3.0702743952101628,-8.662016845315593,0.005791322510206198,0.029386591862129035,0.026853229749098335,0.5369665729519009,428950.5,0.028223522748725777,-0.011912403247121173,0
2025-05-05,528.99,533.0,521.0,523.39,117858,529.096,509.51000000000005,505.3615,1.0469653901217248,58.413237165888845,-2.074826486220786,-7.3445787734966315,-0.011912403247121173,0.02994880564686173,0.026969534998145438,-0.8540367824633104,417448.4,0.022927453715202814,0.012629205754790984,1
2025-05-06,525.0,536.38,523.0,530.0,289467,530.458,513.1370000000001,506.18950000000007,1.0479435073228502,60.5521571152608,-0.743978962240817,-6.024458811245469,0.012629205754790984,0.029477382256111007,0.024669915934273052,1.4560657740670977,435088.5,0.025245283018867914,-0.04667924528301892,0
2025-05-07,503.0,520.0,500.1,505.26,656866,523.0,514.112,506.33299999999997,1.0329170723614698,53.967001434720224,-1.6663750165329247,-5.152842052302961,-0.04667924528301892,0.03413544269601794,0.02649904523824836,1.2692258530333338,483524.0,0.03938566282705929,-0.05021177215690931,0
2025-05-08,514.0,515.0,460.0,479.89,744188,513.648,513.147,505.991,1.0151326802255376,44.329768714250186,-4.393877622983723,-5.001049166439113,-0.05021177215690931,0.03786774816796315,0.02800058287706963,0.13293731141511356,549328.6,0.11460959803288254,0.019983746275188174,1
2025-05-09,474.02,496.0,461.0,489.48,303102,505.604,513.729,505.32849999999996,1.0005451899111173,47.16157205240175,-5.7157229400265805,-5.1439839211566065,0.019983746275188174,0.03821694927758652,0.027336446192560555,-0.5927077566421388,544500.5,0.07150445370597368,0.10000408596878296,1
2025-05-12,538.43,538.43,523.0,538.43,951323,508.61199999999997,518.854,506.8465,1.0034833031302377,60.49098760796093,-2.781376986826217,-4.671462534290528,0.10000408596878296,0.04931747532941509,0.035439029591279356,2.1386233017268115,622028.1,0.028657392790149047,-0.002042976802926866,0
2025-05-13,570.0,570.0,529.0,537.33,310774,510.078,520.268,508.53499999999997,1.0030342061018416,59.846487097381825,-0.5384406760642833,-3.8448581626452794,-0.002042976802926866,0.04415031864201068,0.0353463802083231,-0.6733244124235407,538284.6,0.07630320287346695,0.002289096086203868,1
2025-05-14,543.0,543.0,534.01,538.56,138554,516.738,519.869,510.27400000000006,1.0126677040178413,61.805221076967534,1.3231013414962263,-2.811266261816978,0.002289096086203868,0.042561735280979625,0.03533945348619518,-0.5541647628179964,484493.5,0.016692661913250167,0.00230243612596559,1
2025-05-15,542.99,544.6,533.16,539.8,302251,528.72,521.184,512.554,1.031540091385493,63.82894866489308,2.8654137331292304,-1.6759302628277364,0.00230243612596559,0.04129381596985966,0.03493035122067587,1.1814671536007624,462183.3,0.021193034457206477,0.007391626528343798,1
2025-05-16,540.1,546.0,535.1,543.79,306707,539.582,522.593,514.837,1.0480637561014456,63.91250921602359,4.35941445326182,-0.468861319609825,0.007391626528343798,0.041308006611138634,0.03492807087681307,0.014742713837174959,412109.0,0.02004450247338123,-0.00715349675426169,0
2025-05-19,544.0,545.0,538.0,539.9,106502,539.876,524.2439999999999,516.8770000000001,1.0444960793380242,54.87655401856066,5.16993451087842,0.6588978464878239,-0.00715349675426169,0.04113938218947071,0.03502850264489107,-0.6527565396290271,410973.4,0.012965363956288202,-0.016391924430450122,0
2025-05-20,539.89,539.89,529.1,531.05,90907,538.6199999999999,524.3489999999999,518.743,1.0383176254908497,46.42457405795299,5.0400578094569255,1.5351298390816444,-0.016391924430450122,0.04147362093430493,0.03517998878897855,-0.14642917503896635,391117.4,0.020318237454100302,-7.532247434316464e-05,0
2025-05-21,530.33,535.88,528.85,531.01,538088,537.1099999999999,526.924,520.518,1.0318759389684888,51.50386313465784,4.877675119631363,2.203638895191588,-7.532247434316464e-05,0.0379999171649265,0.03519300800741844,4.919104139395206,379239.6,0.013238922054198552,0.053934954143989744,1
2025-05-22,540.0,577.0,540.0,559.65,763664,541.08,534.9,524.0235,1.0325491127783393,58.78041630020521,6.979538537920462,3.158818823737363,0.053934954143989744,0.035167241690923015,0.03666755975185966,0.41921767443243474,381187.2,0.06611274903957831,-0.009756097560975507,0
2025-05-23,562.0,564.99,551.0,554.19,196103,543.1600000000001,541.371,527.55,1.0295896123590182,59.074837949322365,8.111203170050999,4.149295693000091,-0.009756097560975507,0.036041820206419106,0.0366083489256266,-0.7432077458149133,370487.3,0.02524404987459176,-0.030007759071798645,0
2025-05-26,559.9,559.9,534.5,537.56,300299,542.692,541.284,530.069,1.023813880834382,52.10327175606497,7.578789953970272,4.835194545194128,-0.030007759071798645,0.021842432470075467,0.0375547136364659,0.5313330239720964,305384.9,0.047250539474663254,0.01216608378599604,1
2025-05-27,539.94,556.0,534.0,544.1,721103,545.3019999999999,541.961,531.1144999999999,1.02671269566167,62.02327885091632,7.5969985173945815,5.387555339634218,0.01216608378599604,0.02215120462118223,0.0340127486625815,1.401283387557068,346417.8,0.04043374379709612,-0.8099614041536483,0
2025-06-02,108.82,111.72,102.5,103.4,5760164,459.78000000000003,498.445,509.157,0.9030220541011909,17.366733119528476,-27.63086655134589,-1.216129038561803,-0.8099614041536483,0.2575226381508524,0.18424990868654345,6.987990619925309,908578.8,0.08916827852998065,-0.008413926499032942,0
2025-06-03,104.29,104.5,100.88,102.53,2329866,368.356,454.718,487.951,0.7549036686060691,15.945294210832003,-54.985565775557404,-11.970016385960925,-0.008413926499032942,0.2571652781138286,0.18437201928062916,-0.5955208914190637,1111340.3,0.03530673949088076,0.03374622061835564,1
2025-06-04,103.75,107.26,102.51,105.99,1857002,278.716,410.938,466.7655,0.597122109496096,8.629266799326487,-75.51468265178511,-24.67894963912576,0.03374622061835564,0.2583023311185484,0.18483329625588332,-0.2029575949861494,1266369.8,0.044815548636663836,-0.016794037173318288,0
2025-06-05,106.03,108.0,102.8,104.21,1736860,192.046,367.369,445.80649999999997,0.43078331069645687,8.618053963158289,-90.88017669838194,-37.919195050976995,-0.016794037173318288,0.2580255821455205,0.18480107651396988,-0.06469675315373924,1429405.6,0.04989924191536324,0.008444487093369313,1
2025-06-10,104.26,108.0,104.26,105.09,2208220,104.244,324.773,424.561,0.24553362178815294,8.556896189073953,-101.81279822550613,-50.697915685882826,0.008444487093369313,0.2588151650809914,0.18474351073258366,0.2713862948078716,1641136.9,0.03558854315348744,0.002474069844894844,1
2025-06-11,107.5,108.48,105.0,105.35,1607935,104.63400000000001,282.207,404.5655,0.25863302728482784,8.385218107626585,-109.19724189233557,-62.39778092717337,0.002474069844894844,0.2589002392333899,0.18494686435704202,-0.27184112090280854,1748121.6,0.03303274798291413,-0.0008542952064545251,0
2025-06-12,105.98,107.85,104.8,105.26,3395603,105.17999999999999,236.76800000000003,385.834,0.2726042805973553,7.678202628886879,-113.74554115389901,-72.6673329725185,-0.0008542952064545251,0.25640288122193206,0.18506813455218102,1.1117787721518595,2011315.5,0.028975869276078255,-0.030115903477104355,0
2025-06-13,104.5,104.5,100.36,102.09,3784290,104.4,191.55800000000002,366.4645,0.28488434759710696,7.688888029843255,-116.26565549097685,-81.38699747621017,-0.030115903477104355,0.25584663630986876,0.1846527404625619,0.11446773960324563,2370134.2,0.040552453717308264,0.0018611029483788233,1
2025-06-16,102.05,103.24,101.7,102.28,979688,104.01400000000001,148.03,344.65700000000004,0.3017898954612847,7.857128816024854,-116.8999826155709,-88.48959450408232,0.0018611029483788233,0.25678970202195356,0.1821509767124974,-0.7411170919776233,2438073.1,0.015056707078607666,0.01798983183418068,1
2025-06-17,102.5,106.49,102.25,104.12,4519063,103.82000000000001,104.032,322.99649999999997,0.3214276315687632,8.189849366319962,-115.917988395631,-93.97527328239207,0.01798983183418068,0.2570303187284421,0.1824275695205233,3.6127573268224173,2817869.1,0.040722243565117125,-0.017767960046100706,0
2025-06-18,104.8,104.8,101.75,102.27,1240836,103.204,103.91900000000001,301.182,0.342663240167075,2.722649466633598,-113.97519533561393,-97.97525769303644,-0.017767960046100706,0.018591138840716462,0.1822416776049949,-0.7254218407665483,2365936.3,0.029823017502688932,0.005964603500537846,1
2025-06-19,103.0,105.68,101.4,102.88,1797624,102.728,103.954,279.33599999999996,0.367757825700948,2.877607701463873,-111.10554042721748,-100.60131423987266,0.005964603500537846,0.018504957896151763,0.182288621182924,0.4487200564780518,2312712.1,0.04160186625194402,0.016524105754276874,1
2025-06-20,103.15,105.49,102.48,104.58,1543835,103.226,103.81300000000002,257.3755,0.401071586067827,3.336638358408436,-107.45546275907526,-101.97214394371319,0.016524105754276874,0.015647233193635725,0.182425407424201,-0.14118024681468422,2281395.4,0.02878179384203472,-0.040256263147829374,0
2025-06-23,103.0,103.0,100.0,100.37,1269977,102.84400000000001,103.429,235.39900000000003,0.43689225527721015,1.9366998115292091,-103.70699207595447,-102.31911357016146,-0.040256263147829374,0.01952038121299456,0.1822645825775739,-0.17738812761726475,2234707.1,0.029889409186011757,0.05310351698714744,1
2025-06-24,105.0,107.75,103.01,105.7,4078301,103.16,103.49000000000001,214.13150000000002,0.4817600399754356,54.38262195121951,-99.1631248219316,-101.6879158205155,0.05310351698714744,0.026452951515313617,0.1834244825434012,2.2113187876630835,2421715.2,0.04484389782403023,0.004730368968779652,1
2025-06-25,106.99,107.98,105.33,106.2,2225567,103.946,103.575,192.891,0.5388846550642591,57.093158098183224,-94.4331647246552,-100.23696560134344,0.004730368968779652,0.026477553533409963,0.18347976563098367,-0.4542906470120769,2483478.4,0.024952919020715683,-0.013088512241054673,0
2025-06-26,106.0,106.9,104.0,104.81,1298613,104.33200000000002,103.53,170.149,0.6131802126371593,47.521008403361364,-89.76207730115195,-98.14198794130516,-0.013088512241054673,0.026858710200601862,0.1823274378893776,-0.416502401410517,2273779.4,0.02766911554241013,0.015456540406449726,1
2025-06-27,105.0,110.5,103.5,106.43,3324619,104.702,103.96400000000001,147.76100000000002,0.7085902234013033,54.69543147208124,-84.9502329972545,-95.50363695249504,0.015456540406449726,0.025003070558321672,0.18264172620424965,1.5601306932858363,2227812.3,0.06577092924927182,0.006671051395283234,1
2025-06-30,107.0,108.4,106.5,107.14,1657107,106.056,104.45,126.24000000000001,0.8401140684410645,54.36727737537281,-80.15553751132624,-92.4340170642613,0.006671051395283234,0.024993959894770903,0.18292851668199755,-0.5015648409637314,2295554.2,0.01773380623483298,0.02678738099682665,1
2025-07-01,107.97,112.3,107.2,110.01,4308453,106.918,105.03899999999999,104.5355,1.0227913005629667,58.93404907975462,-75.25661042108246,-88.99853573562554,0.02678738099682665,0.025650818667762913,0.18316821911963313,1.5999847927743955,2274493.2,0.04635942187073897,0.019543677847468244,1
2025-07-02,110.9,113.5,109.65,112.16,2941691,108.11000000000001,106.02799999999999,104.97349999999999,1.0298789694541959,62.2601279317697,-70.38928451936916,-85.27668549237427,0.019543677847468244,0.024528833489467845,0.02185538615217383,-0.3172280166454178,2444578.7,0.034325962910128335,0.005349500713266897,1
2025-07-03,112.65,114.51,112.0,112.76,2023242,109.7,107.016,105.48499999999999,1.0399582879082336,70.86429409464216,-65.72583220868927,-81.36651483563728,0.005349500713266897,0.02453957467439867,0.021649696436975424,-0.3122180405759817,2467140.5,0.02225966654842147,0.04682511528910971,1
2025-07-04,113.0,119.8,112.76,118.04,5237125,112.022,108.36200000000001,106.0875,1.0559396724402026,75.70123939986954,-60.90192134181828,-77.27359613687348,0.04682511528910971,0.02722909009485004,0.022734417960423775,1.5884817535420872,2836469.5,0.05964079972890538,0.013046424940698076,1
2025-07-07,119.03,121.1,118.8,119.58,4514421,114.51000000000002,110.28300000000002,106.856,1.0716291083327096,75.46113306982872,-56.30561600347984,-73.08000011019476,0.013046424940698076,0.02001239377868633,0.02215629114952928,-0.13799632431916364,3160913.9,0.019233985616323775,-0.010871383174443916,0
2025-07-08,120.5,120.9,117.05,118.28,1955617,116.16399999999999,111.54100000000001,107.5155,1.0804395645279052,76.85340489768535,-52.16656633949978,-68.89731335605578,-0.010871383174443916,0.017563639717897758,0.022514278394540274,-0.5668066846224578,2948645.5,0.03254988163679412,-0.007270882651335797,0
2025-07-09,119.5,119.5,116.56,117.42,1163256,117.21600000000001,112.66299999999998,108.119,1.0841387730186185,74.18496340652032,-48.39783436527611,-64.79741755789985,-0.007270882651335797,0.018460553582443213,0.022703100630009642,-0.4051718715883529,2842414.4,0.025038323965252917,0.0094532447623914,1
2025-07-10,118.39,118.98,117.0,118.53,845051,118.37,114.03500000000001,108.7825,1.0881345804702043,73.66813708856466,-44.80503484854502,-60.798941016028884,0.0094532447623914,0.016574727238675112,0.022663887337715367,-0.27354683749750697,2797058.2,0.016704631738800338,-0.005146376444781886,0
2025-07-11,119.0,120.0,117.0,117.92,1528132,118.346,115.184,109.574,1.0800554876156754,83.91959798994975,-41.52822571323098,-56.94479795546931,-0.005146376444781886,0.017424954189736754,0.021198642514326075,0.8083310948096625,2617409.5,0.025440976933514246,0.006529850746268551,1
2025-07-14,118.1,119.22,118.1,118.69,985292,118.16799999999998,116.33900000000001,110.3945,1.070415645706987,80.47864852182074,-38.42624447373156,-53.24108725912177,0.006529850746268551,0.017428403415851983,0.021159583868619644,-0.35523109260194796,2550228.0,0.009436346785744414,-0.011458421096975258,0
2025-07-15,118.69,118.69,116.62,117.33,822167,117.978,117.071,111.05499999999999,1.062338480932871,75.10148849797024,-35.666501400349034,-49.72617008736722,-0.011458421096975258,0.017633929773820747,0.021427210078050596,-0.1655600573231083,2201599.4,0.01764254666325742,-0.006392227051904897,0
2025-07-16,117.35,118.0,116.0,116.58,1035628,117.80999999999999,117.513,111.77050000000001,1.0540348302995868,77.33395262424524,-33.157682737153635,-46.41247261732451,-0.006392227051904897,0.017424743772658173,0.02090186235810174,0.25963216718744486,2010993.1,0.0171556013038257,0.04477611940298498,1
2025-07-17,117.0,123.99,116.0,121.8,4448267,118.46400000000001,118.417,112.7165,1.050990760004081,80.58097890966972,-30.397808482659755,-43.20953979039157,0.04477611940298498,0.02169871696972042,0.022558667007824287,3.2952363203775876,2253495.6,0.06559934318555004,-0.020032840722495893,0
2025-07-18,122.8,124.01,119.0,119.36,3481632,118.752,118.549,113.4555,1.0466835014609253,72.74758004467611,-28.083743941587244,-40.184380620630705,-0.020032840722495893,0.018445598363518875,0.02335949969533744,-0.21730597556306763,2077946.3,0.041973860589812374,-0.010472520107238648,0
2025-07-21,120.6,120.9,117.7,118.11,1042647,118.636,118.402,114.34250000000002,1.037549467608282,66.0459587955626,-26.050402845971036,-37.35758506569877,-0.010472520107238648,0.018274866305530862,0.021028956340612453,-0.7005292345658587,1730768.9,0.027093387520108397,-0.01354669376005413,0
2025-07-22,118.5,119.21,116.0,116.51,1590977,118.47200000000001,118.225,114.883,1.0312404794443044,58.80923450789796,-24.28809397794157,-34.743686848147334,-0.01354669376005413,0.018452709746155767,0.018722622278151788,0.5259018632384691,1694304.9,0.027551283151660746,0.007810488370096902,1
2025-07-23,117.98,119.5,116.5,117.42,1601002,118.63999999999999,118.225,115.444,1.0276844184193201,59.32,-22.557987668483264,-32.30654701221452,0.007810488370096902,0.018531710428881656,0.018732567967122485,0.0063011596019302285,1738079.5,0.025549310168625446,0.0137966274910577,1
2025-07-24,118.1,122.0,117.42,119.04,3149496,118.08800000000001,118.276,116.1555,1.0166371803315384,52.34301780693534,-20.816189418412137,-30.008475493454046,0.0137966274910577,0.018822546434549024,0.018311122067512082,0.9672030390967656,1968524.0,0.038474462365591384,0.006216397849462263,1
2025-07-25,119.99,120.05,118.5,119.78,817303,118.172,118.46200000000002,116.82300000000001,1.0115473836487676,50.48685491723467,-19.1552797989158,-27.8378363545464,0.006216397849462263,0.0187809453053563,0.01819055303189409,-0.7404972097122842,1897441.1,0.012940390716313217,0.02012022040407402,1
2025-07-28,120.16,123.7,120.16,122.19,3136393,118.98800000000001,118.81199999999998,117.5755,1.012013557246195,59.03002309468822,-17.4434528343655,-25.75895965051022,0.02012022040407402,0.01963954626645831,0.01846011784235105,2.8374911140666312,2112551.2,0.028971274245028288,-0.02422456829527775,0
2025-07-29,122.26,122.99,118.9,119.23,2053897,119.532,119.002,118.0365,1.0126698097622344,53.81052631578948,-16.13961743097863,-23.835091206603906,-0.02422456829527775,0.021053704076888495,0.019060684702422982,-0.34514042085924823,2235724.2,0.03430344711901358,0.06902625178226951,1
2025-07-30,119.99,131.15,119.99,127.46,13520057,121.54,120.08999999999999,118.80149999999999,1.023051055752663,64.46388079041141,-14.277642486091707,-21.923601462501466,0.06902625178226951,0.029574798628745094,0.02378324979411995,5.58263632499585,3484167.1,0.0875568805899891,0.07594539463361039,1
2025-07-31,130.01,138.89,128.5,137.14,18330383,125.16,121.624,120.02050000000001,1.042821851267075,74.06109163745619,-11.883928298660734,-19.91566682973332,0.07594539463361039,0.03488870072768055,0.028371979980529243,0.35579184318527646,4872378.7,0.07576199504156328,-0.02814641971707732,0
2025-08-01,138.0,139.0,132.5,133.28,12745254,127.85999999999999,123.016,120.7825,1.0585970649721606,66.95328840343949,-10.181002045845474,-17.96873387295575,-0.02814641971707732,0.035810565552092506,0.028231565286034047,-0.3046924333223152,5798740.9,0.04876950780312125,0.029936974789916082,1
2025-08-04,135.85,139.9,134.2,137.27,10229215,130.87599999999998,124.93199999999999,121.66699999999999,1.0756902035884832,71.83530442400354,-8.412487152091686,-16.057484528782936,0.029936974789916082,0.03531301424942488,0.02868797372170473,-0.1974098750797748,6717397.7,0.04152400378815485,-0.004735193414438732,0
2025-08-05,137.98,139.0,136.0,136.62,3155302,134.35399999999998,126.94299999999998,122.58400000000002,1.0960157932519738,71.99297629499563,-6.982881612517161,-14.242563945529781,-0.004735193414438732,0.03460516930458119,0.028515675051131208,-0.6915401621727572,6873830.2,0.021958717610891524,0.0012443273312836567,1
2025-08-06,137.74,137.74,134.8,136.79,3604852,136.22,128.88000000000002,123.55250000000001,1.1025272657372371,68.50160454208839,-5.769682040343184,-12.547987564492463,0.0012443273312836567,0.0348513606814049,0.028344867574073056,0.14247447629418675,7074215.2,0.021492799181226683,0.029826741720886174,1
2025-08-07,138.0,143.7,137.05,140.87,11733778,136.966,131.063,124.6695,1.0986327850837616,75.51601423487547,-4.42794810726852,-10.923979673047675,0.029826741720886174,0.035110638542264316,0.02876155343185408,2.254995766816502,7932643.4,0.0472066444239368,-0.016114147795840195,0
2025-08-08,141.49,141.49,137.4,138.6,4361689,138.03000000000003,132.945,125.7035,1.098060117657822,73.73175816539265,-3.507353736828037,-9.44065448580375,-0.016114147795840195,0.036588517973946695,0.029148509123689395,-0.6282792294178396,8287082.0,0.029509379509379534,-0.007936507936507908,0
2025-08-11,138.5,139.1,137.05,137.5,1833392,138.07600000000002,134.47599999999997,126.644,1.090268784940463,74.59573470822593,-2.833869785778319,-8.119297545798664,-0.007936507936507908,0.03724660147572282,0.02937869214854934,-0.5796600812208299,8156781.9,0.014909090909090785,0.01730909090909094,1
2025-08-12,137.51,143.7,137.51,139.88,7809024,138.72799999999998,136.541,127.77150000000002,1.0857507347100093,75.44177616674219,-2.0840590573401983,-6.912249848106971,0.01730909090909094,0.0349431035310471,0.0290899120274403,3.2593313377608277,8732294.6,0.044252216185301674,-0.013011152416356864,0
2025-08-13,139.88,140.5,137.67,138.06,2496311,138.982,137.601,128.8455,1.0786717425133203,71.44790257104196,-1.618035733836365,-5.85340702525285,-0.013011152416356864,0.030641889865815612,0.0293136699060152,-0.6803299618492658,7629920.0,0.020498334057656182,-0.008257279443720233,0
2025-08-15,138.0,138.95,136.0,136.92,2782053,138.19199999999998,137.579,129.60150000000002,1.0662839550468164,69.15511846222618,-1.3254187626144187,-4.947809372725164,-0.008257279443720233,0.019612292834859445,0.02827688443375461,0.11446570559517633,6075087.0,0.021545427987145697,-0.005039439088518782,0
2025-08-18,136.0,137.5,135.02,136.23,3200704,137.718,137.874,130.445,1.0557552991682317,66.31799163179916,-1.1360986995475173,-4.185467238089635,-0.005039439088518782,0.017130291339743108,0.027737351159096077,0.1504827550014325,5120632.0,0.018204507083608528,-0.01512148572267491,0
2025-08-19,137.0,137.5,133.5,134.17,3904328,137.05199999999996,137.564,131.248,1.0442216262343043,67.73504273504273,-1.1391545054119092,-3.57620469155409,-0.01512148572267491,0.014831327877240657,0.02791031311620348,0.2198341364899723,4488143.3,0.02981292390251174,0.03510471789520753,1
2025-08-20,134.51,141.5,134.51,138.88,11389664,136.85199999999998,137.79000000000002,132.3665,1.0338869729123303,64.79274611398964,-0.7528403418536698,-3.011531821614006,0.03510471789520753,0.018870591894412567,0.028166728730700672,1.917189334502634,5311579.5,0.05033122119815675,0.01260080645161299,1
2025-08-21,139.5,144.3,139.03,140.63,10418326,137.36599999999999,138.17399999999998,133.527,1.0287507395508024,55.689598956635166,-0.30199203317582146,-2.4696238639263695,0.01260080645161299,0.01917270566084298,0.028174768653649065,-0.08528241043809548,5992926.9,0.03747422313873292,-0.0001422171656118021,0
2025-08-22,141.6,143.39,140.1,140.61,4783777,138.10399999999998,138.148,134.6055,1.025990765607646,63.66008199776371,0.05308276175040305,-1.9650825387910151,-0.0001422171656118021,0.016682963436634474,0.028233330228815925,-0.5408305518564115,5297926.8,0.02339805134769925,-0.020197709977953227,0
2025-08-25,141.5,141.5,137.01,137.77,1914068,138.41199999999998,138.065,135.505,1.0214530829120696,50.97352024922118,0.10411762658722523,-1.5512425057153671,-0.020197709977953227,0.01716265116869354,0.028965418012211665,-0.5998835229986682,5053164.7,0.03259054946650221,-0.0031211439355447457,0
2025-08-26,137.77,139.39,136.8,137.34,1569580,139.046,138.049,136.2625,1.0204274837170901,51.413982717989,0.10861368733870336,-1.2192712671045531,-0.0031211439355447457,0.016996607206936364,0.028894757913195655,-0.17997688692355762,5026783.5,0.018858307849133355,-0.011358671909130647,0
2025-08-27,137.4,138.59,135.49,135.78,1599756,138.42600000000002,137.63899999999998,137.09,1.009745422715005,48.11918063314714,-0.013545965204599497,-0.9781262067245624,-0.011358671909130647,0.016151727397995953,0.028318109556774412,0.019225525299761737,4405856.7,0.02283105022831046,-0.013035793194874135,0
2025-08-28,136.0,136.4,133.9,134.01,2110820,137.102,137.234,137.41750000000002,0.9977040769916494,36.02281988590055,-0.25029730591282373,-0.8325604265622147,-0.013035793194874135,0.016153450854470505,0.02453344859543641,0.3194637182170281,4367307.6,0.01865532422953511,0.027236773375121315,1
2025-08-29,134.2,138.45,133.88,137.66,3334537,136.512,137.308,137.4435,0.9932226696788135,48.186728395061735,-0.1417657659444842,-0.6944014944386687,0.027236773375121315,0.018555869111271595,0.018585477036330515,0.5797353635080207,4422556.0,0.03319773354641867,-0.01772482928955399,0
2025-09-01,137.94,138.59,134.7,135.22,3829111,136.002,137.207,137.5405,0.9888142038163305,45.818048422597215,-0.24976224299555838,-0.6054736441500467,-0.01772482928955399,0.019405427674594366,0.017877003993140864,0.1483186421383238,4485396.7,0.02876793373761289,0.004954888330128693,1
2025-09-02,135.99,138.2,135.55,135.89,2201539,135.712,137.379,137.47150000000002,0.9872009834765749,42.191780821917796,-0.27808128065098003,-0.5399951714502333,0.004954888330128693,0.018761210892806402,0.0165639268151901,-0.4250521857423303,4315117.8,0.01950106703951709,0.005224814187946292,1
2025-09-03,135.95,138.5,135.56,136.6,3948699,135.876,137.151,137.47050000000002,0.9884011478826366,47.01309328968902,-0.24046136678387597,-0.4800884105169619,0.005224814187946292,0.014753835477903866,0.016575686786417455,0.7936084711649443,3571021.3,0.021522693997071726,0.020790629575402564,1
2025-09-04,137.38,141.0,137.1,139.44,6790904,136.962,137.032,137.603,0.9953416713298401,54.8201989288447,0.018305931736307457,-0.38040954206630806,0.020790629575402564,0.015816079602831032,0.01720945380630614,0.7197826423335889,3208279.1,0.027969018932874394,-0.004087779690189253,0
2025-09-05,140.0,140.35,138.25,138.87,1624992,137.204,136.858,137.503,0.9978255019890476,55.073020753266746,0.17536514360554634,-0.2692546049319372,-0.004087779690189253,0.015848764428063922,0.015846762786451186,-0.7607105033438847,2892400.6,0.015122056599697517,-0.005688773673219516,0
2025-09-08,139.9,139.9,137.5,138.08,3318727,137.77599999999998,136.88899999999998,137.477,1.0021749092575485,57.89898989898995,0.23339882648195953,-0.16872391864915787,-0.005688773673219516,0.014517646558474378,0.015476592932950582,1.0423035928792266,3032866.5,0.017381228273464697,-0.006445538818076635,0
2025-09-09,138.08,139.0,137.01,137.19,1508001,138.036,136.874,137.4615,1.0041793520367521,45.96273291925466,0.20520984495800576,-0.09393716592772516,-0.006445538818076635,0.014642699603135098,0.015440280734822138,-0.5456086023345699,3026708.6,0.014505430424958153,-0.005029521102121182,0
2025-09-10,137.01,138.0,135.1,136.5,3668954,138.01600000000002,136.946,137.2925,1.0052697707449425,39.60744841469553,0.12574315179867313,-0.05000110238244551,-0.005029521102121182,0.01422876070994215,0.014921481056758666,1.432991755310507,3233628.4,0.021245421245421288,0.002564102564102555,1
2025-09-11,137.0,139.4,136.6,136.85,4315769,137.498,137.23,137.232,1.0019383234231083,40.69306930693066,0.08997017964480847,-0.022006845976994715,0.002564102564102555,0.01339609338046776,0.014672432308007901,0.17629411543453521,3454123.3,0.02046035805626607,0.000876872488125624,1
2025-09-12,138.0,139.0,136.1,136.97,2484170,137.118,137.161,137.23449999999997,0.9991510881010244,47.71167048054917,0.07049027063939661,-0.0035074226537164487,0.000876872488125624,0.010107434426605456,0.014554664118633842,-0.42439690354140824,3369086.6,0.02117251952982409,0.004015477841863291,1
2025-09-15,137.0,138.75,136.88,137.52,1242143,137.00600000000003,137.39100000000002,137.299,0.9978659713472059,50.511363636363654,0.09829956961647213,0.016853975800321268,0.004015477841863291,0.00812391503175701,0.014526595662045174,-0.49997665216148657,3110389.8,0.01359802210587554,-0.0037085514834207522,0
2025-09-16,138.0,138.25,136.7,137.01,1968966,136.97,137.503,137.441,0.9965730749921784,53.7160120845921,0.07828349822111136,0.029139880284479287,-0.0037085514834207522,0.008201883855815864,0.01409548331777633,0.5851363329342918,3087132.5,0.011313042843588143,0.028538062915115736,1
2025-09-17,137.99,144.69,137.15,140.92,14627649,137.85399999999998,137.935,137.543,1.0022611110707196,68.48582129481002,0.37361810327351463,0.09803552488228637,0.028538062915115736,0.012011672376640116,0.013317746056755977,6.429101873775372,4155027.5,0.0535055350553505,0.002767527675276771,1
2025-09-18,142.0,143.26,140.6,141.31,4445067,138.746,138.12199999999999,137.577,1.0084970598283145,61.827608554763444,0.6318589693029253,0.20480021376641416,0.002767527675276771,0.010307306709122437,0.013038243010841055,-0.6961188363215443,3920443.8,0.018823862430118157,0.022999080036798514,1
2025-09-19,142.0,145.88,140.5,144.56,7120407,140.26399999999998,138.691,137.7745,1.0180693814893176,78.75615763546793,1.0862430213851724,0.3810887752901658,0.022999080036798514,0.012111854507795904,0.013987220958632909,0.601867193452877,4469985.3,0.03721638074156056,0.005049806308799143,1
2025-09-22,144.45,148.75,142.0,145.29,9428291,141.81799999999998,139.41199999999998,138.1505,1.0265471351895215,78.83435582822081,1.4880967029722854,0.6024903608265898,0.005049806308799143,0.01161446639507287,0.01303483018456595,0.3241224834479266,5080941.7,0.046458806524881276,0.004542638860210557,1
2025-09-23,146.28,149.5,145.0,145.95,5475962,143.606,140.288,138.58100000000002,1.0362603820148504,78.7692307692307,1.8386305366605313,0.8497183959933782,0.004542638860210557,0.010891490202527625,0.012965897824470775,-0.4191988770817532,5477737.8,0.030832476875642344,-0.01322370674888651,0
2025-09-24,146.0,147.3,143.5,144.02,1783281,144.226,141.04000000000002,138.993,1.0376493780262315,64.92829204693615,1.938352138135258,1.0674451444217543,-0.01322370674888651,0.01207887733560635,0.013081730250663795,-0.6743437956654922,5289170.5,0.02638522427440641,-0.005624218858491847,0
2025-09-25,144.02,145.4,142.9,143.21,1561325,144.606,141.676,139.45300000000003,1.0369515177156459,63.928112965340176,1.9297767303090438,1.2399114615992124,-0.005624218858491847,0.012563481871804245,0.012702111076074494,-0.12446496093436765,5013726.1,0.01745688150268836,0.02011032749109698,1
2025-09-26,143.1,148.25,141.8,146.09,6832258,144.91199999999998,142.588,139.87449999999998,1.0360144272186853,72.66553480475378,2.1308099380770216,1.4180911568947743,0.02011032749109698,0.013372398833829253,0.012083160612705451,3.375935823739452,5448534.9,0.04415086590457929,0.007187350263536008,1
2025-09-29,146.09,147.5,144.5,147.14,2068851,145.282,143.55,140.4705,1.034252743458591,77.9024116657319,2.3477925374613164,1.6040314330080827,0.007187350263536008,0.013343275782652344,0.011071042835646408,-0.6971936656958797,5531205.7,0.020388745412532282,0.027932581215169394,1
2025-09-30,147.49,153.5,147.15,151.25,7290312,146.342,144.974,141.2385,1.0361339153276197,84.70588235294117,2.8189009268654104,1.8470053317795485,0.027932581215169394,0.014276584843080824,0.01227082903458661,2.5238458448675134,6063340.3,0.04198347107438013,0.005223140495867806,1
2025-10-01,152.0,153.5,148.9,152.04,3042824,147.946,146.086,142.0105,1.0417962052101781,85.01613646841862,3.218898657288946,2.1213839968814283,0.005223140495867806,0.012738790233254454,0.01227083058189058,-0.582620880971898,4904857.8,0.03025519600105232,-0.0075637990002631605,0
2025-10-02,152.0,153.0,150.0,150.89,1544534,149.482,147.044,142.583,1.0483858524508531,80.63380281690138,3.403866695002108,2.3778805365055646,-0.0075637990002631605,0.01357447906875081,0.012039673251413844,-0.49240113789032824,4614804.5,0.019882033269269007,0.019484392603883904,1
2025-10-03,152.52,157.0,151.2,153.83,6211119,151.02999999999997,147.971,143.331,1.053714827915803,82.47710075667064,3.744524084150555,2.651209246034563,0.019484392603883904,0.01314316840667318,0.012353706457401184,3.021354661017498,4523875.7,0.03770395891568622,0.004355457323018896,1
2025-10-06,153.8,159.0,149.95,154.5,4926999,152.502,148.892,144.152,1.0579249680892393,84.60625247328852,4.0221955533221205,2.9254065074920748,0.004355457323018896,0.013152407424862659,0.012089063020896282,-0.20674535458103438,4073746.5,0.05857605177993535,-0.0003883495145631244,0
2025-10-07,154.5,159.0,154.25,154.44,4965663,153.14000000000001,149.74099999999999,145.0145,1.0560323278017028,81.55929038281984,4.189121114031224,3.178149428799905,-0.0003883495145631244,0.01331464831416898,0.011842056355017143,0.007847373218464293,4022716.6,0.030756280756280757,0.06105931105931117,1
2025-10-08,154.5,167.0,153.5,163.87,14700563,155.506,151.726,146.38299999999998,1.062322810708894,87.03217334208802,5.024414688785868,3.5474024807970976,0.06105931105931117,0.020393195484077465,0.016788505138504564,1.960443147269559,5314444.8,0.08238237627387564,-0.016476475254775247,0
2025-10-09,164.6,171.2,159.5,161.17,9212812,157.56199999999998,153.522,147.599,1.0675004573201714,77.76663323303241,5.406204074262746,3.9191627994902274,-0.016476475254775247,0.021748616450179243,0.017705971979713037,-0.37330209734144193,6079593.5,0.07259415523980883,-0.03207793013588134,0
2025-10-10,161.87,161.87,154.9,156.0,2943606,157.996,154.51299999999998,148.5505,1.063584437615491,65.58951965065503,5.23129599651088,4.181589438894358,-0.03207793013588134,0.025541664603003868,0.019843219080755262,-0.6804877815806943,5690728.3,0.04467948717948717,-0.03852564102564093,0
2025-10-13,150.01,154.0,149.0,149.99,3946911,157.094,154.79799999999997,149.17399999999998,1.0530923619397483,55.08816120906803,4.55521364503565,4.256314280122616,-0.03852564102564093,0.029294314259062825,0.022277954630369398,0.34084215074979474,5878534.3,0.033335555703713576,0.10000666711114081,1
2025-10-14,154.0,164.99,153.88,164.99,6417871,159.204,156.172,150.573,1.0573210336514514,69.86924388857305,5.170189424990525,4.4390893090961985,0.10000666711114081,0.04228630036051694,0.030718511188326334,0.6260490799007121,5791290.2,0.06733741438875092,-0.025940966119158748,0
2025-10-15,169.0,171.5,159.87,160.71,9004213,158.572,157.039,151.5625,1.0462482474226804,65.55832147937411,5.251664016978111,4.601604250672581,-0.025940966119158748,0.043759994864276223,0.03137499575383268,0.4029906490797337,6387429.1,0.07236637421442346,-0.03017858253997885,0
2025-10-16,162.0,163.39,154.5,155.86,4456903,157.51000000000002,157.536,152.29000000000002,1.034276708910631,58.39202886102044,4.8687547768888635,4.655034355915838,-0.03017858253997885,0.04512450921287024,0.03245761088739339,-0.505020261071123,6678666.0,0.057038367765943704,0.023418452457333316,1
2025-10-17,157.0,160.6,155.0,159.51,3059140,158.21200000000002,158.104,153.0375,1.0338119741893328,60.171024502548924,4.804438366256079,4.684915157983887,0.023418452457333316,0.045290074038402205,0.032469713705645935,-0.31361755012393133,6363468.1,0.03510751677010843,0.01830606231584242,1
2025-10-20,161.0,165.2,159.8,162.43,3690887,160.7,158.897,153.89450000000002,1.0442218532826057,59.37604830593761,4.9322310546064045,4.7343783373083905,0.01830606231584242,0.045498643241421104,0.03259684369703678,0.20651130709938093,6239856.9,0.03324509019269825,-0.005787108292803045,0
2025-10-21,164.5,164.51,160.0,161.49,2312080,160.0,159.602,154.67149999999998,1.0344504320446883,57.905303664045526,4.901160014942349,4.767734672835182,-0.005787108292803045,0.045613701686892404,0.03270416628065181,-0.3735706349178395,5974498.6,0.027927425846801603,-0.0056969471793920645,0
2025-10-22,162.17,164.5,158.0,160.57,3392099,159.972,159.272,155.499,1.0287654582987673,58.12898891501512,4.7475726190238845,4.763702262072923,-0.0056969471793920645,0.04123430598040939,0.03251936506640512,0.4671200823500916,4843652.2,0.04048078719561562,-0.018807996512424374,0
2025-10-23,160.57,161.6,156.31,157.55,1345995,160.31,158.91000000000003,156.21599999999998,1.0262073027090697,53.11975847031198,4.33222554109318,4.677406917876975,-0.018807996512424374,0.04133614911487063,0.03289756496649665,-0.6031970175398772,4056970.5,0.03357664233576637,-0.007489685814027314,0
2025-10-24,157.55,160.29,155.55,156.37,1335780,159.68200000000002,158.94700000000003,156.73000000000002,1.0188349390671856,51.5549642441377,3.8633100180296083,4.514587537907502,-0.007489685814027314,0.04002762924171044,0.03282160257197474,-0.007589181237671716,3896187.9,0.030312719831169538,-0.014580801944106936,0
2025-10-27,157.15,158.2,153.3,154.09,2634181,158.01399999999998,159.35700000000003,157.0775,1.005962025114991,49.719326383319974,3.2700193943412614,4.265673909194254,-0.014580801944106936,0.03807358574970108,0.03306693529512776,0.9720170986240249,3764914.9,0.03179959763774403,-0.007657862288273143,0
2025-10-28,156.15,156.27,152.0,152.91,1497072,156.298,158.14900000000003,157.1605,0.9945119797913597,39.8706099815157,2.6737943257040513,3.9472979924962135,-0.007657862288273143,0.0171932651096454,0.03259833344917881,-0.43167458880008625,3272835.0,0.027924923157412924,-0.01098685501275265,0
2025-10-29,153.99,153.99,150.51,151.23,1534222,154.43,157.201,157.11999999999998,0.9828793279022405,40.63677467972871,2.0421787383022263,3.5662741416574164,-0.01098685501275265,0.01601545552652687,0.03269008505529129,0.024815105753096756,2525835.9,0.023011307280301648,-0.03121073861006418,0
2025-10-30,151.25,153.0,145.0,146.51,2724338,152.22199999999998,156.266,156.901,0.9701786476822963,40.9842295268858,1.1475263124084165,3.0825245758076165,-0.03121073861006418,0.016191340257062866,0.03340635393007665,0.7757130324033941,2352579.4,0.05460378131185585,0.05262439423930121,1
2025-10-31,149.0,155.45,148.36,154.22,2923968,151.792,155.737,156.9205,0.9673178456607008,53.892876863611264,1.0485533142020813,2.6757303234865097,0.05262439423930121,0.023210135621360636,0.03524502610406773,0.07327651708415028,2339062.2,0.045973284917649945,-0.00019452729866420437,0
2025-11-03,154.68,156.3,150.4,154.19,1535083,151.81199999999998,154.913,156.905,0.9675408686784996,36.280487804878035,0.9566678789782941,2.331917834584867,-0.00019452729866420437,0.02201848899252371,0.03523486008075007,-0.47500006840020137,2123481.8,0.0382644788896816,-0.015954342045528258,0
2025-11-04,155.26,155.26,151.0,151.73,852019,151.57599999999996,153.93699999999998,156.7695,0.9668717448228129,38.03942461374532,0.6775363513359878,2.001041537935091,-0.015954342045528258,0.022292989312966197,0.035426232935835786,-0.44496877367543,1977475.7,0.028076187965464912,-0.020101496078560488,0
2025-11-05,152.0,152.74,148.0,148.68,1751746,151.066,152.748,156.01000000000002,0.9683097237356578,39.95523223279238,0.20781750373777186,1.6423967310956271,-0.020101496078560488,0.022732590889693042,0.032559170270331686,1.0559940564705719,1813440.4,0.031880548829701434,-0.002959375840731804,0
2025-11-06,150.0,150.9,146.99,148.24,956562,151.412,151.817,155.3635,0.9745660982148318,32.677528435290554,-0.19766384413819083,1.2743846160488637,-0.002959375840731804,0.02240172586987303,0.032434598881089016,-0.4539379567585712,1774497.1,0.0263761467889908,0.005666486778197477,1
2025-11-07,148.24,150.8,147.0,149.08,654560,150.38400000000001,151.08800000000002,155.01749999999998,0.9701098263099329,28.078817733990178,-0.4460875344212525,0.9302901859548405,0.005666486778197477,0.022679403324550557,0.03178751847977733,-0.31571607485975817,1706375.1,0.025489669975851965,0.025959216528038453,1
2025-11-10,150.0,153.5,149.08,152.95,1303971,150.136,150.974,155.1655,0.9675862224528003,37.207908927501464,-0.3269199124558497,0.6788481662727025,0.025959216528038453,0.02425299365070102,0.031130197588099904,0.9921336470300659,1573354.1,0.02889833278849289,-0.025890813991500394,0
2025-11-11,152.2,152.51,148.0,148.99,2056218,149.58800000000002,150.582,154.3655,0.9690507270083019,34.10214168039539,-0.5457268193210609,0.4339331691539498,-0.025890813991500394,0.02550546336882681,0.02133339814402226,0.576889363337068,1629268.7,0.030270487952211496,-0.015437277669642313,0
2025-11-12,149.97,150.0,146.0,146.69,1118970,149.19,150.12800000000001,153.6645,0.9708813681754731,34.78991596638653,-0.8944134065308731,0.16826385401698524,-0.015437277669642313,0.025711781073088174,0.020912594677402446,-0.45581159196155274,1587743.5,0.02726838911991274,0.00968027813756911,1
2025-11-13,147.21,149.24,147.21,148.11,804704,149.164,150.288,153.277,0.9731662284621959,38.50862548692267,-1.0441318049826407,-0.07421527778293996,0.00968027813756911,0.023868015187247595,0.02020882045458643,-0.28085292724559197,1395780.1,0.013706029302545412,-0.0038484909864291428,0
2025-11-14,148.4,149.0,146.7,147.54,1138137,148.85600000000002,149.62,152.6785,0.9749637309771841,40.43236926672509,-1.1950036920319747,-0.2983729606327469,-0.0038484909864291428,0.015652361497626995,0.01927681298005715,0.4143548435201019,1217197.0,0.015588992815507737,0.004947810763183069,1
2025-11-17,147.99,150.5,147.55,148.27,1225975,147.92000000000002,149.028,151.97050000000002,0.9733468008593773,43.132030787448215,-1.2413562680161476,-0.48696962210942707,0.004947810763183069,0.01588525923067962,0.01869621286920769,0.07717700065985023,1186286.2,0.01989613542860989,-0.002832670128819159,0
2025-11-18,148.8,150.9,147.0,147.85,1348453,147.692,148.64000000000001,151.2885,0.9762275387752539,44.80319803198034,-1.2970301521289116,-0.648981728113324,-0.002832670128819159,0.015300327953614891,0.018696234131578317,0.0999025265604927,1235929.6,0.026378085897869503,-0.010213053770713465,0
2025-11-19,147.85,148.79,145.85,146.34,766579,147.62199999999999,148.406,150.577,0.9803754889524959,49.709996588195175,-1.446324162164501,-0.8084502149235595,-0.010213053770713465,0.014323397670379226,0.01874199048792559,-0.4315122588625633,1137412.9,0.020090200902009005,0.014965149651496423,1
2025-11-20,147.24,149.9,145.0,148.53,2037035,147.70600000000002,148.435,150.126,0.983880207292541,38.04119377889871,-1.372109222310172,-0.921182016400882,0.014965149651496423,0.015213376768655522,0.01890240675285454,1.6573060310809455,1245460.2,0.032989968356561004,-0.006194034875109278,0
2025-11-21,148.98,149.04,146.62,147.61,699175,147.72,148.288,149.688,0.9868526535193203,36.66936790923828,-1.3717173552184647,-1.0112890841643987,-0.006194034875109278,0.015210813493414159,0.018887615185294044,-0.6567682931319294,1249921.7,0.016394553214551775,-0.011787819253438192,0
2025-11-24,147.5,148.3,145.48,145.87,793955,147.24,147.57999999999998,149.277,0.9863542273759522,37.77128547579303,-1.494581649033023,-1.1079475971381236,-0.011787819253438192,0.012192850483304082,0.018805380353087753,0.13555976686809457,1198920.1,0.019332282169054787,0.006581202440529399,1
2025-11-25,146.85,147.27,145.87,146.83,1209489,147.036,147.36399999999998,148.973,0.9869976438683519,45.770461819844556,-1.4972293818047433,-1.1858039540714476,0.006581202440529399,0.010045647721493217,0.018872092933369524,0.5233722314236953,1114247.2,0.009534836205135228,0.000749165701831922,1
2025-11-26,147.0,147.3,145.5,146.94,1890176,147.156,147.38899999999998,148.7585,0.9892275063273696,46.982358402971194,-1.4734664444400778,-1.2433364521451737,0.000749165701831922,0.008756322636675827,0.018755445790054875,0.5627889133344743,1191367.8,0.012249897917517431,0.024499795835034588,1
2025-11-27,147.0,152.01,146.15,150.54,4009406,147.558,147.632,148.95999999999998,0.9905880773361977,53.004115226337404,-1.1508776308986342,-1.2248446878958659,0.024499795835034588,0.011394737438054893,0.018203966202083414,1.1211813079840183,1511838.0,0.038926531154510335,0.03886010362694292,1
2025-11-28,150.95,157.08,150.95,156.39,4612433,149.314,148.517,149.06850000000003,1.0016468938776466,56.544901065449004,-0.41835502620492093,-1.063546755557677,0.03886010362694292,0.01611548975741012,0.016334112697279874,0.15040307716404877,1859267.6,0.03919687959588224,0.0056909009527463805,1
2025-12-01,157.0,159.1,155.02,157.28,2732292,151.596,149.418,149.223,1.015902374298868,67.85868160275737,0.23132342506454506,-0.8045727194332326,0.0056909009527463805,0.016112029249685213,0.01636776343778206,-0.40762456603705677,2009899.3,0.025940996948117905,-0.021363173957273718,0
2025-12-02,155.0,158.41,153.5,153.92,1666921,153.014,150.025,149.3325,1.0246530393584785,64.89493201483307,0.469660406257816,-0.5497260942950228,-0.021363173957273718,0.018177971810558916,0.016705902961191402,-0.38991842745943694,2041746.1,0.03189968814968813,-0.012538981288981121,0
2025-12-03,153.8,156.0,151.7,151.99,828696,154.024,150.59,149.498,1.0302746525037125,57.82889426957221,0.4970792900273864,-0.34036501743054104,-0.012538981288981121,0.01839615238951221,0.016287092046836944,-0.5028582638289397,2047957.8,0.028291334956247194,-0.004802947562339788,0
2025-12-04,152.0,153.0,150.3,151.26,741348,154.168,150.863,149.649,1.0301973284151582,57.45789895749798,0.45466298198329014,-0.18135941754777485,-0.004802947562339788,0.01814086727852782,0.016317219734845425,-0.10540415303078576,1918389.1,0.01785005950019826,0.014081713605712087,1
2025-12-05,152.0,153.95,151.0,153.39,1379274,153.568,151.44099999999997,149.8645,1.0247123234655307,59.71905846621104,0.5861640171968361,-0.02785473059885267,0.014081713605712087,0.018259775484445216,0.0165471121010088,0.860494666472426,1986399.0,0.01923202294804087,0.05098115913684098,1
2025-12-08,154.0,162.0,153.68,161.21,8479872,154.35399999999998,152.975,150.27749999999997,1.0271264826737203,69.7984588026082,1.3063296257863897,0.2389821406781958,0.05098115913684098,0.02252191854291755,0.019219495041200955,5.148069201623462,2754990.7,0.051609701631412395,0.0039079461571862595,1
2025-12-09,161.91,164.49,160.8,161.84,3310901,155.938,154.476,150.92000000000002,1.0332494036575668,73.58490566037734,1.9059314031623558,0.5723719931750278,0.0039079461571862595,0.02258639222566925,0.017993676904175287,-0.6095576678515902,2965131.9,0.02280029658922391,-0.012357884330202684,0
2025-12-10,162.0,162.7,158.16,159.84,1648329,157.50799999999998,155.76600000000002,151.57750000000001,1.039125199980208,67.30945821854912,2.1944406999308796,0.8967857345261983,-0.012357884330202684,0.023543330700832348,0.01782834696986333,-0.5021509250805143,2940947.2,0.028403403403403353,0.0072572572572573435,1
2025-12-11,160.0,163.5,159.1,161.0,2654349,159.456,156.812,152.222,1.0475226971134264,70.34336068064414,2.488008488567999,1.2150302853345585,0.0072572572572573435,0.02287932247362658,0.01779914543373031,0.6103271858955341,2805441.5,0.027329192546583888,0.023913043478260843,1
2025-12-12,162.9,165.6,161.0,164.85,4718546,161.748,157.658,153.0875,1.0565722217685962,77.09880068532264,2.9967808758071044,1.5713804034290677,0.023913043478260843,0.020973436200015606,0.018205698216629984,0.7776660115154412,2816052.8,0.027904155292690292,0.03645738550197164,1
2025-12-15,165.0,172.5,165.0,170.86,6073474,163.678,159.01600000000002,154.217,1.0613486191535304,79.98502620414274,3.8406705709282676,2.025238436928908,0.03645738550197164,0.023151798722730797,0.01945605538256755,0.2871494735878384,3150171.0,0.043895587030317214,-0.021655156268289955,0
2025-12-16,173.5,174.0,166.6,167.16,5515342,164.74200000000002,160.33999999999997,155.1825,1.0616016625586004,73.15620705451211,4.162912690229149,2.4527732875889563,-0.021655156268289955,0.023193866753070516,0.020403773101740123,-0.09189666408385055,3535013.1,0.04426896386695385,-0.0005982292414452584,0
2025-12-17,167.0,167.99,161.55,167.06,3395999,166.186,161.84699999999998,156.2185,1.063804863060393,70.56772908366533,4.359963778681646,2.834211385807494,-0.0005982292414452584,0.022278286340657146,0.020104013120641837,-0.3842632061620114,3791743.4,0.03854902430264574,-0.006105590805698613,0
2025-12-18,167.5,169.1,165.0,166.04,1605060,167.19400000000002,163.325,157.094,1.064292716462755,63.656948768751754,4.383294816316152,3.1440280719092257,-0.006105590805698613,0.022376222294362702,0.02020722090118171,-0.527367351992742,3878114.6,0.024692845097566817,0.009335099975909422,1
2025-12-19,165.0,168.5,165.0,167.59,1063126,167.74200000000002,164.745,158.09300000000002,1.0610336953565307,64.3234231731036,4.4752687652740235,3.4102762105821856,0.009335099975909422,0.02232058576743006,0.020020443197932572,-0.3376409604625372,3846499.8,0.020884300972611732,-0.003639835312369555,0
2025-12-22,169.0,171.01,165.72,166.98,2156265,166.96599999999998,165.322,159.1485,1.0491207897026988,69.64500601684713,4.447666944482933,3.6177543573623354,-0.003639835312369555,0.01698129249982038,0.01970799580070273,1.0282308964318436,3214139.1,0.031680440771349815,-0.01449275362318836,0
2025-12-23,167.0,167.99,164.0,164.56,779839,166.446,165.594,160.03500000000003,1.0400599868778704,68.63326415653715,4.182307490079836,3.730664983905836,-0.01449275362318836,0.017921324071290157,0.02028439908613506,-0.6383380521410866,2961032.9,0.02424647544968406,-0.011242100145843481,0
2025-12-24,164.56,166.48,161.31,162.71,1425977,165.57600000000002,165.881,160.82350000000002,1.0295510295448116,66.42754662840747,3.77916481224176,3.7403649495730207,-0.011242100145843481,0.01782652707013934,0.02061939011590777,0.8285530731343265,2938797.7,0.03177432241411092,0.022432548706287303,1
2025-12-26,162.71,167.25,162.5,166.36,1370708,165.64000000000001,166.417,161.6145,1.024908037335759,67.83062963981304,3.7114129727704324,3.734574554212503,0.022432548706287303,0.018942094848972812,0.020523084472449996,-0.03875868965628482,2810433.6,0.02855253666746814,0.020437605193555974,1
2025-12-29,167.0,171.4,166.29,169.76,2568209,166.074,166.908,162.283,1.0233604259226168,63.38028169014081,3.887260813950803,3.765111806160163,0.020437605193555974,0.018552612539133304,0.019310724514662977,0.8736368358541717,2595399.9,0.030101319509896408,0.0019439208294063093,1
2025-12-30,169.9,171.49,169.0,170.09,2832161,166.696,166.831,162.92350000000002,1.023155039021381,63.03317535545022,4.007058856881798,3.8135012163044903,0.0019439208294063093,0.014402191363337211,0.01931454169779687,0.10277668211582469,2271268.6,0.014639308601328761,0.004644599917690506,1
2025-12-31,170.15,174.4,170.0,170.88,2946496,167.95999999999998,167.203,163.7715,1.0255752679800818,68.13403416557159,4.118273177048479,3.8744556084532884,0.004644599917690506,0.012333878765827689,0.01836215990619287,0.040370233189426674,2014384.0,0.02574906367041202,-0.004915730337078705,0
2026-01-01,171.02,172.25,169.5,170.04,993015,169.426,167.50099999999998,164.67399999999998,1.028857014464943,65.00664010624166,4.091466468608729,3.917857780484377,-0.004915730337078705,0.012519665288273241,0.018046638940361306,-0.6629844398227589,1774085.6,0.016172665255234062,-0.0029992942836979397,0
2026-01-02,170.99,171.34,169.0,169.53,1811519,170.06,167.85,165.5875,1.0270098890314787,58.737864077669904,3.983153902525032,3.930917004892508,-0.0029992942836979397,0.012337841551575478,0.017995409022361054,0.8242614663424017,1794731.5,0.01380286674924794,-0.002182504571462296,0
2026-01-05,169.99,171.5,168.5,169.16,2653903,169.94,168.007,166.376,1.021421358849834,45.97918637653733,3.8233858931714053,3.9094107825482878,-0.002182504571462296,0.012128432043612252,0.01797223190400516,0.4650152717139593,1953809.2,0.017734689051785293,0.006798297469851056,1
2026-01-06,169.9,172.6,168.15,170.31,5995620,169.984,168.34,166.831,1.0188993652258873,58.4722969338354,3.7463780693967124,3.876804239917973,0.006798297469851056,0.012134041960939193,0.014388110843259966,1.259170738342735,2337744.7,0.026128823909341722,0.005812929364100716,1
2026-01-07,170.0,172.0,169.21,171.3,4051907,170.068,169.014,167.304,1.0165208243676183,60.882956878850116,3.7223248961327897,3.8459083711609363,0.005812929364100716,0.010670238393320049,0.014401803401586808,-0.3241888245085579,2664951.5,0.01628721541155862,-0.022767075306479923,0
2026-01-08,171.99,174.35,165.6,167.4,28120369,169.54,169.483,167.682,1.0110804976085686,53.04114490161004,3.3499490493176722,3.746716506792284,-0.022767075306479923,0.012898067720723494,0.015152354636094762,5.940033174502771,5334390.7,0.0522700119474313,0.00011947431302261613,1
2026-01-09,167.99,172.1,166.5,167.42,9678766,169.118,169.589,168.003,1.0066367862478647,49.59193470955349,3.0216209750400935,3.601697400441846,0.00011947431302261613,0.010926934382357052,0.015116484030451396,-0.6558094241224217,6165196.5,0.03344881137259584,-0.03547963206307492,0
2026-01-12,166.1,167.0,160.39,161.48,6460415,167.582,168.76100000000002,167.8345,0.9984955417390347,39.48776758409785,2.2561032988962495,3.332578580132727,-0.03547963206307492,0.013662986118850046,0.016379579087261543,-0.3325166658642228,6554417.1,0.04093386177854851,0.00582115432251662,1
2026-01-13,162.0,163.0,158.51,162.42,5935533,166.004,167.994,167.4125,0.9915866497424027,45.664505672609366,1.7056139138958315,3.007185646885348,0.00582115432251662,0.013931238711888274,0.013954622152219194,-0.08124586423627589,6864754.3,0.02764437877108736,-0.007511390222878944,0
2026-01-14,162.44,163.93,160.66,161.2,2143468,163.98399999999998,167.026,167.1145,0.981267334671737,46.86070686070681,1.157559678765665,2.637260453261412,-0.007511390222878944,0.013568850671537217,0.013271054331267608,-0.638875228222975,6784451.5,0.0202853598014889,-0.023387096774193483,0
2026-01-15,162.0,162.0,155.89,157.43,1999027,161.99,165.765,166.63299999999998,0.9721363715470527,31.52668597434831,0.41424015347828913,2.1926563933047873,-0.023387096774193483,0.014659090233455114,0.014119984500520466,-0.06738659032931682,6885052.7,0.03881090008257647,0.019310169599186855,1
2026-01-16,158.0,161.69,158.0,160.47,2254860,160.59999999999997,164.85899999999998,166.3545,0.9654082095765366,30.491390172196546,0.06965374302833993,1.7680558632494978,0.019310169599186855,0.01695161920784256,0.014933608525033951,0.12797876166755118,6929386.8,0.022994952327537843,-0.0013709727674954264,0
2026-01-19,161.0,162.5,160.0,160.25,3136652,160.35399999999998,163.96800000000002,165.9875,0.9660606973416671,29.24050632911387,-0.21866499727326527,1.3707116911449453,-0.0013709727674954264,0.01697038186108785,0.014711303831027759,0.39106285977843425,6977661.7,0.015600624024960999,0.004992199687987586,1
2026-01-20,161.87,161.87,160.0,161.05,1518799,160.07999999999998,163.04199999999997,165.69099999999997,0.966135758731615,29.27035006326446,-0.378246175603266,1.0209201177953031,0.004992199687987586,0.016836811683789733,0.014791188163737206,-0.5157897656482134,6529979.6,0.011611300838249019,-0.02732070785470353,0
2026-01-21,161.0,161.4,156.0,156.65,3359138,159.17000000000002,161.577,165.2955,0.9629421248612334,25.449211587825445,-0.8499608175928586,0.6467439307176708,-0.02732070785470353,0.01761709403910472,0.015629422778320905,1.2117067498727612,6460702.7,0.034471752314076,-0.003957867858282782,0
2026-01-22,156.9,158.49,155.9,156.03,2206440,158.89000000000001,160.44,164.9615,0.9631944423395763,25.34696859021183,-1.2593103425978711,0.2655330760545624,-0.003957867858282782,0.016946709526300962,0.015495435168205793,-0.3431529160159541,3869309.8,0.016599371915657267,-0.007947189643017438,0
2026-01-23,156.03,157.39,154.0,154.79,1593203,157.754,159.177,164.38299999999998,0.959673445550939,24.56637168141593,-1.6645920463186599,-0.1204919484200821,-0.007947189643017438,0.01676763600002838,0.014428795711814916,-0.2779305124997734,3060753.5,0.021900639576199928,0.023515730990374184,1
2026-01-26,155.0,160.9,154.5,158.43,3939455,157.39000000000001,158.872,163.8165,0.9607701299930106,30.676642810670145,-1.67278036636975,-0.43094963201001574,0.023515730990374184,0.016273007796935524,0.014711197342303872,1.4726635588810715,2808657.5,0.040396389572681976,0.017484062361926345,1
2026-01-27,159.49,163.5,158.45,161.2,4245735,157.42,158.75,163.37199999999999,0.9635678084371863,34.47109471094707,-1.4391640317502947,-0.6325925119580715,0.017484062361926345,0.017266382912387676,0.015399487386800113,0.07774679492467862,2639677.7,0.03132754342431769,-0.007382133995037177,0
2026-01-28,162.0,163.0,159.0,160.01,968962,158.092,158.631,162.82850000000002,0.9709111119982067,37.60483059376044,-1.3346593361738144,-0.77300587680122,-0.007382133995037177,0.017260697670967336,0.015337750529318826,-0.7717799156094293,2522227.1,0.02499843759765015,-0.03706018373851616,0
2026-01-29,159.5,160.0,153.0,154.08,3223833,157.702,158.296,162.0305,0.9732858937051976,31.326987681970905,-1.710621077973741,-0.9605289170357243,-0.03706018373851616,0.019642947728675825,0.0171120504477855,2.327099514738452,2644707.7,0.04543094496365524,0.003180166147455754,1
2026-01-30,155.0,156.49,153.0,154.57,2406348,157.65800000000002,157.706,161.2825,0.977527010059988,38.58605880409645,-1.9465954218001968,-1.157742217988619,0.003180166147455754,0.018318631783390493,0.017201365957993445,-0.2535754798713209,2659856.5,0.022578766901727432,0.03176554311962221,1
2026-02-02,154.57,160.2,153.12,159.48,2549225,157.868,157.629,160.79850000000002,0.9817753275061644,45.70677570093457,-1.7176112704186153,-1.2697160284746183,0.03176554311962221,0.021486994844017403,0.019017695870834257,0.059375036362155464,2601113.8,0.04439428141459734,0.019187358916478603,1
2026-02-03,159.5,163.0,159.14,162.54,2553793,158.136,157.778,160.41,0.9858238264447353,51.85698447893571,-1.2745312512972475,-1.2706790730391442,0.019187358916478603,0.02232600027557756,0.01954032543724482,0.0017919171512910115,2704613.2,0.023748000492186623,-0.011935523563430528,0
2026-02-04,162.54,162.9,159.11,160.6,985575,158.254,158.173,159.875,0.9898608287724785,54.62773722627736,-1.0676220482671681,-1.230067668084749,-0.011935523563430528,0.020610515936122183,0.01956267653261275,-0.6140740459387273,2467256.9,0.023599003735989988,-0.021170610211706187,0
2026-02-06,160.5,160.5,156.0,157.2,1463177,158.878,158.29,159.36499999999998,0.9969441219841245,45.27593181161512,-1.1645721365112252,-1.2169685617700443,-0.021170610211706187,0.02190503435630552,0.019481020570440766,0.4845922431068159,2392930.6,0.028625954198473285,-0.018638676844783597,0
2026-02-09,157.2,158.5,152.33,154.27,2431574,158.81799999999998,158.238,158.70749999999998,1.0006962493896003,41.9882100750268,-1.460990899249282,-1.2657730292658917,-0.018638676844783597,0.022636974857965623,0.019774433249167802,0.6618454226658839,2476767.7,0.03999481428664022,0.004407856355739703,1
2026-02-10,155.99,156.53,154.0,154.95,2857683,157.91199999999998,157.89,158.381,0.9970387862180436,41.80107526881716,-1.6223333384401144,-1.3370850911007364,0.004407856355739703,0.021181210812051,0.018383854743299018,0.17523998858352652,2368590.5,0.01632784769280414,-0.002775088738302567,0
2026-02-11,155.0,156.0,154.0,154.52,757885,156.308,157.22199999999998,157.986,0.9893788057169622,46.79506470057177,-1.7645550974820026,-1.4225790923769897,-0.002775088738302567,0.02004734676166893,0.01829408216973798,-0.7347903878771718,2019805.5,0.012943308309603933,-0.028928294071964733,0
2026-02-12,155.0,155.0,149.0,150.05,3055809,154.198,156.22600000000003,157.42849999999999,0.9794795732665942,41.9363538295577,-2.2124547081560593,-1.5805542155328036,-0.028928294071964733,0.02154789723141422,0.01921684145765582,3.0320220086160825,2228490.2,0.03998667110963012,-0.019926691102965743,0
2026-02-13,149.25,149.25,144.44,147.06,10653452,152.17000000000002,155.524,156.91000000000003,0.9697916002804154,40.04635591037856,-2.776678565998651,-1.819779085625973,-0.019926691102965743,0.0193947610254403,0.019042214176855914,2.486295118575801,2971452.1,0.03270773833809331,-0.035155718754250054,0
2026-02-16,147.5,147.5,139.0,141.89,8172440,149.69400000000002,154.256,155.981,0.9596938088613358,29.509415262636196,-3.5995128869180633,-2.1757258458843913,-0.035155718754250054,0.021397061034912214,0.019537463159772513,-0.23288338840781375,3548061.3,0.05990556064557052,-0.0025371766861652656,0
2026-02-17,142.0,143.5,139.92,141.53,6850899,147.01,152.46099999999998,155.045,0.94817633590248,24.08432147562577,-4.231881510009686,-2.58695697870945,-0.0025371766861652656,0.016430451026750347,0.019524808043871616,-0.16170702996901787,3978228.7,0.025294990461386366,0.009679926517346171,1
2026-02-18,143.0,143.55,141.6,142.9,7700531,144.686,150.497,154.1375,0.9386813721514883,27.563598216627298,-4.569812693229522,-2.983528121613465,0.009679926517346171,0.014616475114901663,0.01969126508407765,0.12401759243567878,4492902.5,0.01364590622813168,-0.04562631210636814,0
2026-02-19,143.2,143.4,135.5,136.38,2227689,141.952,148.075,153.124,0.9270395235234189,27.143595041322257,-5.3026099143478405,-3.44734448016034,-0.04562631210636814,0.017928740326302386,0.02111908518906764,-0.7107096900200778,4617113.9,0.05792638216747328,0.027716673999120145,1
2026-02-20,137.0,143.0,135.0,140.16,1796412,140.572,146.371,152.33049999999997,0.922809286387165,32.84932159009759,-5.514771726741429,-3.8608299294765582,0.027716673999120145,0.02247203661023,0.022478710653682052,-0.19359838828489973,4650437.4,0.05707762557077626,-0.04130993150684925,0
2026-02-23,141.0,141.41,132.0,134.37,2271905,139.068,144.38100000000003,151.3095,0.9190962893935939,20.727442294241072,-6.080029309366125,-4.304669805454472,-0.04130993150684925,0.024371634256254163,0.02389391819814705,0.2646903939630776,4634470.5,0.07003051276326558,-0.015554067128079163,0
2026-02-24,135.0,135.0,128.0,132.28,3397011,137.21800000000002,142.114,150.002,0.9147744696737378,13.907442748091583,-6.620330500204659,-4.76780194440451,-0.015554067128079163,0.023550526920032882,0.022861888692821554,0.49522581269903454,4688403.3,0.05291805261566374,-0.013909888116117375,0
2026-02-25,133.0,134.0,130.0,130.44,1791279,134.72600000000003,139.706,148.464,0.9074657829507492,13.940698230511686,-7.1149786639647346,-5.237237288316555,-0.013909888116117375,0.023144837697855934,0.02202999724736247,-0.4726896674753187,4791742.7,0.030665440049064706,0.026755596442809004,1
2026-02-26,131.0,135.0,128.0,133.93,2297052,134.236,138.094,147.16,0.912177222071215,22.238129324743497,-7.143036585270039,-5.6183971477072525,0.026755596442809004,0.02631815569167945,0.023538698145712973,0.28235300028638766,4715867.0,0.052266109161502275,-0.012469200328529939,0
2026-02-27,133.66,135.0,130.02,132.26,1155616,132.656,136.61399999999998,146.06900000000002,0.9081735344255112,22.92742927429272,-7.216836534038919,-5.938085024973586,-0.012469200328529939,0.026141753954164466,0.02259678956793677,-0.4969134351333796,3766083.4,0.0376531075154997,-0.10003024345985179,0
2026-03-02,119.03,126.0,119.03,119.03,4850528,129.588,134.328,144.29199999999997,0.8980955285116293,16.24060150375942,-8.247798470720653,-6.4000277141229995,-0.10003024345985179,0.038255014291362174,0.0304745690732266,3.1973527538559523,3433892.2,0.05855666638662521,0.029488364277913126,1
2026-03-03,119.03,125.0,116.15,122.54,2630948,127.64000000000001,132.42900000000003,142.445,0.8960651479518412,21.588486140724967,-8.681540176431724,-6.856330206584745,0.029488364277913126,0.040828984810668476,0.030304168119895836,-0.45759554423765825,3011897.1,0.07222131548881992,-0.022033621674555248,0
2026-03-04,122.66,124.99,119.5,119.84,1881880,125.52000000000001,130.123,140.31,0.8945905494975412,22.289488167308775,-9.137815983738903,-7.3126273620155775,-0.022033621674555248,0.04005045362418029,0.029414543623770086,-0.2847141030533481,2430032.0,0.045811081441922516,0.035547396528704756,1
2026-03-05,120.03,124.94,119.7,124.1,3412946,123.554,128.89499999999998,138.48499999999999,0.8921832689460953,29.419146647543926,-9.051333314435567,-7.660368552499576,0.035547396528704756,0.041726686082373336,0.03149209955725938,0.813583225285353,2548557.7,0.04222401289282832,-0.05116841257050764,0
2026-03-06,124.2,124.48,116.5,117.75,2465498,120.652,126.654,136.5125,0.8838165003204835,28.809691011235955,-9.386979846298345,-8.005690811259331,-0.05116841257050764,0.04155866357099852,0.03262946497155259,-0.2776041578155646,2615466.3,0.06777070063694271,-0.09358811040339698,0
2026-03-09,106.52,110.0,105.98,106.73,4460986,118.19200000000001,123.88999999999999,134.1355,0.8811388484032937,24.267968056787936,-10.42206496560624,-8.488965642128713,-0.09358811040339698,0.04784366883426707,0.037196004763976435,0.8093650856743748,2834374.4,0.03766513632530681,0.09997189168930953,1
2026-03-10,116.0,117.4,112.71,117.4,1014832,117.16400000000002,122.402,132.25799999999998,0.8858745784754044,33.424336973478944,-10.263091028133985,-8.843790719329768,0.09997189168930953,0.061492482068297945,0.045401089968771596,-0.7725094855711271,2596156.5,0.03994889267461679,-0.013032367972742764,0
2026-03-11,121.0,121.0,113.9,115.87,3800603,116.37,120.94499999999998,130.32549999999998,0.892918116561993,35.74308355345477,-10.143631777657063,-9.103758930995227,-0.013032367972742764,0.06148713618698652,0.045339866200265935,2.7450563245936275,2797088.9,0.06127556744627595,0.054112367308190246,1
2026-03-12,115.0,123.65,113.1,122.14,3733638,115.978,119.766,128.93,0.8995423873419685,37.89303950550928,-9.434270464290151,-9.169861237654212,0.054112367308190246,0.0638693550369476,0.047580777292744195,-0.017619572473104972,2940747.5,0.08637628950384814,0.0020468315048305374,1
2026-03-13,122.5,123.89,120.02,122.39,934332,116.90599999999999,118.779,127.69649999999999,0.9154988586218104,41.303716608594655,-8.751046979865492,-9.086098386096468,0.0020468315048305374,0.06390427562489603,0.04757261482180961,-0.7497529219490481,2918619.1,0.031620230410981325,0.021488683715989776,1
2026-03-16,122.39,126.5,120.67,125.02,3435292,120.56400000000001,119.37800000000001,126.853,0.9504229304785855,44.77095937770094,-7.906230324206646,-8.850124773718504,0.021488683715989776,0.05493342089489987,0.04756040379222457,2.6767358925949236,2777095.5,0.046632538793792984,0.008958566629339249,1
2026-03-17,125.05,126.9,125.05,126.14,1290847,122.31200000000001,119.73799999999999,126.0835,0.9700872834272527,46.87045123726347,-7.064892712802077,-8.493078361535218,0.008958566629339249,0.05435036691809261,0.04766391887709298,-0.6242395115175071,2643085.4,0.014666243856033047,0.0068178214682099725,1
2026-03-18,126.6,128.17,126.5,127.0,2913835,124.53800000000001,120.454,125.2885,0.9940098253231543,44.755562282427725,-6.256609482068569,-8.04578458564189,0.0068178214682099725,0.0535613057561756,0.04762291646442697,1.257304699937328,2746280.9,0.0131496062992125,-0.004488188976377927,0
2026-03-19,125.01,128.75,124.8,126.43,1366589,125.396,120.68700000000001,124.79100000000001,1.0048481060332877,45.513313837155614,-5.597508837111349,-7.556129435935782,-0.004488188976377927,0.052689137249159225,0.046644706708638725,-0.5309998678717223,2541645.2,0.03124258482954997,0.03377362967650077,1
2026-03-24,130.26,133.0,129.0,130.7,2098375,127.05799999999999,121.98200000000001,124.31800000000001,1.0220402516127993,60.41778253883235,-4.676703387790312,-6.980244226306688,0.03377362967650077,0.04972991446773807,0.04687192721660728,0.5354836018729845,2504932.9,0.030604437643458306,0.08071920428462143,1
2026-03-25,131.99,143.77,131.7,141.25,5694929,130.304,125.43400000000001,124.66199999999999,1.0452583786558856,64.83743061062648,-3.0603834102562644,-6.196272063096604,0.08071920428462143,0.037903489252570165,0.049417894956690876,1.713971049026032,2628327.2,0.08545132743362847,-0.025769911504424647,0
2026-03-26,140.0,140.0,136.0,137.61,3650664,132.598,127.455,124.92850000000001,1.0613911157181908,63.88498202844196,-2.0495300556611653,-5.366923661609516,-0.025769911504424647,0.03218172326711468,0.04967916557034485,-0.3589623329807975,2891910.4,0.02906765496693554,0.019547997965264186,1
2026-03-27,137.99,141.78,137.0,140.3,2665951,135.258,129.898,125.4215,1.0784275423272727,62.97661006087795,-1.0196075692329316,-4.497460443134199,0.019547997965264186,0.030467440156664246,0.04963743087024826,-0.269735313904539,2778445.2,0.03406985032074127,-0.02744119743407003,0
2026-03-30,140.75,140.95,132.65,136.45,3061578,137.262,131.329,125.54750000000001,1.093307313964834,65.60413885180239,-0.5081912899033227,-3.699606612488024,-0.02744119743407003,0.03114614942889746,0.049856484478719494,0.14839995183707422,2711239.2,0.06082814217662135,0.01744228655185065,1
2026-03-31,136.5,140.57,136.5,138.83,2035308,138.888,132.973,125.876,1.103371572023261,81.298751950078,0.08813988381535864,-2.9420573132273478,0.01744228655185065,0.031003544593899066,0.04984436337621134,-0.33520949000809386,2821336.8,0.029316430166390496,0.03363826262335223,1
2026-04-01,141.0,146.0,140.49,143.5,4146969,139.33800000000002,134.821,127.0995,1.096290701379628,78.82067137809186,0.9268820867708598,-2.1682694332277066,0.03363826262335223,0.03160089341643333,0.043811561218764665,1.0375142238914208,2892504.5,0.038397212543553945,-0.025505226480836196,0
2026-04-02,140.0,140.0,134.02,139.84,1028506,139.78400000000002,136.191,127.9645,1.0923654607332505,75.27947690360683,1.2814877205761945,-1.4783180024669265,-0.025505226480836196,0.034036036520609256,0.044267360195948874,-0.7519860891171359,2866270.4,0.04276315789473677,-0.02753146453089239,0
2026-04-03,135.01,139.4,135.01,135.99,919043,138.922,137.09,128.772,1.078821482931072,65.39230940208937,1.2375862915567097,-0.9351371436621992,-0.02753146453089239,0.036157939430585866,0.04447732266797967,-0.10642913118640052,2666791.2,0.032281785425399036,0.016692403853224347,1
2026-04-06,136.0,138.99,133.5,138.26,2141770,139.28400000000002,138.273,129.48000000000002,1.0757182576459685,66.87938736439055,1.3701696586604726,-0.4740757831976649,0.016692403853224347,0.036001689264097386,0.04404427884955925,1.3304350286112836,2744309.3,0.039707796904383114,0.014465499783017588,1
2026-04-07,138.0,141.89,136.0,140.26,2030009,139.57,139.22899999999998,130.6055,1.0686379976340965,66.42949547218629,1.6179752065775403,-0.05566558524262388,0.014465499783017588,0.03506414280150623,0.0419286621873616,-0.0521816068018508,2737472.7,0.0419934407528874,0.09995722230144022,1
2026-04-08,150.0,154.29,148.5,154.28,8888440,141.726,140.53199999999998,132.983,1.0657452456329004,73.73481781376519,2.9120909468934144,0.5378857211845839,0.09995722230144022,0.03973646969121138,0.03909483714886566,3.3785224597526415,3056823.8,0.037529167746953536,-0.020287788436608722,0
2026-04-09,153.0,153.87,147.0,151.15,3003874,143.988,141.88600000000002,134.6705,1.0691873869926969,69.61819658813974,3.6431264591421098,1.158933868776089,-0.020287788436608722,0.03922963709473791,0.03507451250329677,-0.6620471083789732,2992144.8,0.04545153820707909,0.011313264968574321,1
2026-04-10,151.3,154.29,151.3,152.86,2974278,147.362,143.142,136.52,1.0794169352475826,71.07991705216143,4.3107682256145665,1.7893007401437848,0.011313264968574321,0.03909542437528491,0.03453151702127338,-0.009852610329194933,3022977.5,0.019560382048933535,-0.026560251210257735,0
2026-04-13,149.5,151.5,141.01,148.8,2700117,149.47,144.377,137.853,1.0842709262765409,64.48463508322664,4.4608491739834335,2.323610426911715,-0.026560251210257735,0.03900438653303299,0.03437187304950794,-0.09217732841382009,2986831.4,0.07049731182795704,0.022177419354838523,1
2026-04-14,150.5,153.0,150.5,152.1,1959711,151.83800000000002,145.704,139.3385,1.0897060037247424,59.82256020278833,4.790845937816755,2.817057529092723,0.022177419354838523,0.03914187488716614,0.034407148628454225,-0.27421256190009546,2979271.7,0.01643655489809336,0.009796186719263744,1
2026-04-15,155.0,156.0,153.0,153.59,2363465,151.7,146.713,140.767,1.0776673510126662,65.05275056518462,5.113654274862057,3.27637687824659,0.009796186719263744,0.03824683517969898,0.034327208166465964,0.20602731729321322,2800921.3,0.019532521648544826,-0.0027996614362915118,0
2026-04-16,155.5,155.5,152.25,153.16,1925079,152.102,148.04500000000002,142.118,1.0702514811635402,62.65249901613536,5.273989532947553,3.6758994091867825,-0.0027996614362915118,0.03671626878556599,0.03446237590775598,-0.18548444762245264,2890578.6,0.02121963959258292,0.008944894228258171,1
2026-04-17,154.5,155.01,152.2,154.53,2245618,152.436,149.899,143.49450000000002,1.0623124928133134,68.70086884567647,5.44879362936274,4.030478253221974,0.008944894228258171,0.03433894725172714,0.03445435215910669,0.16650693296223174,3023236.1,0.018184171358312316,-0.008930304795185418,0
2026-04-20,152.01,153.99,150.3,153.15,1832730,153.30599999999998,151.388,144.83049999999997,1.0585201321544842,65.12463033375582,5.413568421376198,4.307096286852818,-0.008930304795185418,0.03501282057526663,0.034569532323800584,-0.18386386286536716,2992332.1,0.02409402546523015,0.004505386875612194,1
2026-04-21,154.5,155.0,152.52,153.84,1176877,153.65400000000002,152.746,145.9875,1.0525147701001798,61.92343173431735,5.379319971570482,4.521541023796351,0.004505386875612194,0.03503886203657822,0.034135051748464124,-0.3578557670797117,2907018.9,0.016120644825792965,-0.008970358814352597,0
2026-04-22,154.0,154.0,150.98,152.46,638752,153.42800000000003,152.56400000000002,146.548,1.046947075360974,65.36027263875366,5.181098878741807,4.653452594785442,-0.008970358814352597,0.01523705887652999,0.029793548139234367,-0.4572482935769838,2082050.1,0.019808474353928966,-0.015807424898333977,0
2026-04-23,152.0,152.95,149.8,150.05,1961324,152.80599999999998,152.454,147.17000000000002,1.0382958483386557,67.7346115035318,4.774502878619728,4.6776626515523,-0.015807424898333977,0.014664667507255503,0.029345412543930208,2.0705563348529634,1977795.1,0.02099300233255566,0.015328223925358042,1
2026-04-24,149.0,154.0,146.02,152.35,1938691,152.37,152.403,147.7725,1.0311120133989748,67.75901184774389,4.585010253126711,4.659132171867182,0.015328223925358042,0.01507723955203531,0.029248293128038554,-0.011539653825681007,1874236.4,0.05237938956350502,-0.002888086642599208,0
2026-04-27,151.0,152.89,150.9,151.91,1151505,152.122,152.714,148.5455,1.0240767980181158,65.28470217790607,4.349196825710493,4.597145102635844,-0.002888086642599208,0.012035732730491676,0.028337200769329014,-0.40603995169936824,1719375.2,0.013099861760252655,0.0017115397274700683,1
2026-04-28,150.5,153.74,150.01,152.17,4039995,151.78799999999998,152.721,149.2125,1.0172606182457902,45.66735112936342,4.135619960062911,4.504840074121258,0.0017115397274700683,0.009777246636131082,0.02821360074964103,2.5084476402620917,1927403.6,0.02451205888151422,-0.009923112308602211,0
2026-04-29,152.0,153.57,150.13,150.66,1177979,151.42800000000003,152.428,149.57049999999998,1.012418892762945,48.92212934447864,3.8007022452671038,4.364012508350427,-0.009923112308602211,0.009588652824526176,0.027557155298963666,-0.7084206787384637,1808855.0,0.022832868711004897,-0.035311296960042426,0
2026-04-30,149.0,149.01,145.0,145.34,1160686,150.486,151.64600000000002,149.8455,1.0042744026347137,35.725132877752415,3.0706020157801674,4.105330409836376,-0.035311296960042426,0.014292179748106116,0.028167460621999655,-0.014680227745995422,1732415.7,0.027590477501032,0.012109536259804488,1
2026-05-04,146.0,150.01,146.0,147.1,916354,149.43599999999998,150.903,150.401,0.9935838192565207,46.46422628951742,2.603992411301448,3.8050628101293906,0.012109536259804488,0.014668639046434225,0.02734084837343313,-0.21050654526719548,1599489.3,0.02726036709721272,0.004418762746430938,1
2026-05-05,144.01,148.0,144.01,147.75,573389,148.60399999999998,150.363,150.8755,0.9849445403660634,39.83169705469845,2.260591810512665,3.4961686102060456,0.004418762746430938,0.014858954522789514,0.027184789700498573,-0.37427129690054284,1473555.2,0.02700507614213204,0.0433840947546531,1
2026-05-06,149.0,155.0,149.0,154.16,2296801,149.002,150.395,151.5705,0.9830540903407985,51.08323831242872,2.477123057068326,3.292359499578502,0.0433840947546531,0.020999013126067955,0.02852563949840673,3.005659334239059,1585547.6,0.038920601971977165,0.008108458744161995,1
2026-05-07,155.49,156.0,153.0,155.41,2686131,149.952,150.69,151.627,0.9889531547811405,54.1467010689274,2.71825582223795,3.1775387641103916,0.008108458744161995,0.02084572399302014,0.017846455968383086,0.16950967889686575,1790285.5,0.019303777105720354,-0.009780580400231664,0
2026-05-08,154.0,154.89,151.0,153.89,1478618,151.66199999999998,151.074,151.76399999999998,0.9993279038507156,48.826979472140735,2.7549466687698327,3.09302034504228,-0.009780580400231664,0.02035130457660278,0.017349543068478933,-0.44953615441689176,1742014.9,0.02527779582818888,0.009162388719215153,1
2026-05-11,153.0,157.0,152.0,155.3,1956484,153.302,151.369,151.88600000000002,1.009322781559854,53.93628707433175,2.8647762873487466,3.047371533503574,0.009162388719215153,0.020017390580147128,0.01728908067606114,0.3231842166130805,1743794.2,0.032195750160978746,-0.011654861558274332,0
2026-05-12,156.0,157.0,153.0,153.49,1213738,154.45,151.527,152.1205,1.0153135179019264,49.384453042560686,2.773790646208596,2.9926553560445783,-0.011654861558274332,0.020447434938082723,0.01633655441680012,-0.37963305603316966,1750017.5,0.026060329663170238,-0.009837774447846837,0
2026-05-13,153.49,154.65,151.05,151.98,872693,154.014,151.50799999999998,152.1145,1.0124873039716793,49.159663865546186,2.5504396094610513,2.9042122067278733,-0.009837774447846837,0.020740807984936892,0.01578137362338128,-0.280987330049813,1433287.3,0.023687327279905215,-0.018226082379260267,0
2026-05-14,153.47,153.47,148.07,149.21,490305,152.77400000000003,151.363,151.8955,1.0057835814754224,48.54771784232365,2.125415981132221,2.748452961608743,-0.018226082379260267,0.021342654098609904,0.016113632767500604,-0.4381701239725768,1364519.9,0.03619060384692718,0.0020776087393605813,1
2026-05-15,150.88,151.0,149.1,149.52,1247482,151.9,151.781,151.7135,1.001229290735498,44.74563683624214,1.792928340918678,2.5573480374707303,0.0020776087393605813,0.01755705423810265,0.01612700653559183,1.5442979369983991,1373199.5,0.012707330123060497,-0.013509898341359072,0
2026-05-18,149.3,149.99,146.5,147.5,676792,150.34,151.821,151.362,0.9932479750531839,42.26587162399159,1.3508604935613846,2.3160505286888613,-0.013509898341359072,0.01794122238595913,0.016173998984929272,-0.4574735346882761,1349243.3,0.023661016949152604,-0.0012203389830508504,0
2026-05-19,148.0,151.24,146.16,147.32,989712,149.106,151.778,151.0705,0.9869961375649117,41.47027787548366,0.9747576445656705,2.047791951864223,-0.0012203389830508504,0.017889918097648613,0.016096883025561108,0.4623577110840553,1390875.6,0.034482758620689745,0.01642682595710032,1
2026-05-20,148.0,149.95,147.3,149.74,333256,148.658,151.33599999999998,150.8655,0.9853677613503418,48.43217450579416,0.8620302541038996,1.8106396123121584,0.01642682595710032,0.011486045150906102,0.016557431944489987,-0.6632798228171428,1194521.1,0.017697342059569767,0.013823961533324436,1
2026-05-21,151.0,152.3,150.01,151.81,458856,149.178,150.976,150.833,0.9890276000609945,62.39938673821384,0.9290155720713926,1.6343148042640054,0.013823961533324436,0.012211002709291003,0.016778905272124108,0.37688743788558954,971793.6,0.0150846452802847,-0.011922798234635379,0
2026-05-22,152.41,152.8,148.75,150.0,939084,149.274,150.587,150.83049999999997,0.9896804691358845,55.547054322876804,0.8265224101135118,1.4727563254339067,-0.011922798234635379,0.0123750172520481,0.016608891356498737,1.0465767038025002,917840.2,0.027000000000000076,0.011866666666666692,1
2026-05-25,152.01,153.49,149.0,151.78,1167199,150.13,150.23499999999999,150.802,0.9955438256787046,57.389072240557375,0.8787967429372543,1.3539644089345764,0.011866666666666692,0.012683600863860802,0.016459363721030146,0.24291224214234286,838911.7,0.029582290156805965,-0.01251811832916061,0
2026-05-29,151.5,151.78,148.5,149.88,2761164,150.642,149.874,150.7005,0.9996118128340649,40.59753954305802,0.7581706875377563,1.2348056646552124,-0.01251811832916061,0.012757689225883646,0.01668577498285379,1.3656325956413604,993654.3,0.021884174005871372,-0.014344809180677931,0
2026-06-01,150.01,152.99,146.8,147.73,1628855,150.24,149.449,150.4785,0.9984150559714512,33.77007607776844,0.4835130009707882,1.0845471319183275,-0.014344809180677931,0.01312766268686371,0.01695578700089013,-0.4100839356155592,1069270.5,0.041900764908955515,0.0004738374060788697,1
2026-06-02,147.73,150.01,147.5,147.8,818206,149.438,149.308,150.3355,0.9940300195230002,36.28995947771286,0.2683992807149309,0.9213175616776482,0.0004738374060788697,0.011958775319978888,0.01683787257556798,-0.4976802723385446,1102060.6,0.016982408660351764,0.0071718538565630485,1
2026-06-03,147.5,150.0,147.5,148.86,1329800,149.20999999999998,149.24200000000002,150.5115,0.9913528202163953,35.269899359560895,0.18136261349775396,0.7733265720416694,0.0071718538565630485,0.012204955650964341,0.014816527950319857,0.6252630755579891,1110292.4,0.016794303372296114,0.00020153164046732286,1
2026-06-04,149.4,150.11,148.0,148.89,2987666,148.632,149.381,150.601,0.986925717624717,38.545816733067696,0.1134978444416106,0.6413608265216577,0.00020153164046732286,0.011302225502861696,0.014596938105975557,1.2467032636486688,1341379.8,0.014171536033313278,-0.006179058365236023,0
2026-06-05,149.5,150.0,147.85,147.97,1358190,148.25,149.446,150.61200000000002,0.9843173186731468,39.712673165726045,-0.014356294784022339,0.5102174022605217,-0.006179058365236023,0.011517000718324056,0.014647300356671934,-0.5454009919448828,1378227.6,0.014529972291680784,-0.008853145907954385,0
2026-06-08,147.9,147.93,145.5,146.66,745042,148.036,149.138,150.237,0.985349813960609,42.928452579034925,-0.21886473668689632,0.36440097447103814,-0.008853145907954385,0.010347737617626043,0.010648412335285365,-0.4514449377480323,1419406.2,0.016568934951588756,0.007227601254602423,1
2026-06-09,147.8,148.2,146.9,147.72,431309,148.02,148.72899999999998,149.85250000000002,0.9877713084533124,45.20766773162938,-0.29203955884233324,0.23311286780836388,0.007227601254602423,0.009390960389632675,0.010604230885945925,-0.4210943812563587,1416651.5,0.00880043325209845,-0.008529650690495494,0
2026-06-10,146.0,147.5,146.0,146.46,689354,147.54000000000002,148.375,149.481,0.9870150721496379,47.11431742508327,-0.4465549943334395,0.09717929538000321,-0.008529650690495494,0.00907622569756375,0.010562515647357882,0.5982833652903139,1391678.5,0.010241704219582138,0.003140789294004964,1
2026-06-11,146.0,147.5,146.0,146.92,359474,147.14600000000002,147.88899999999998,149.06199999999998,0.9871462881217213,48.907103825136595,-0.5258299937143818,-0.027422562438873782,0.003140789294004964,0.007901132672597953,0.010297539783259846,-0.4785349762241171,1310906.0,0.01020963789817588,0.00605771848625114,1
2026-06-12,148.0,150.75,147.51,147.81,1984640,147.11399999999998,147.682,148.778,0.9888155506862573,44.24567680381631,-0.5109505203665208,-0.12412815402440319,0.00605771848625114,0.00765216038157634,0.01025016548485321,4.520955618487012,1233253.6,0.021920032474122244,0.03971314525404246,1
2026-06-15,154.0,155.31,151.5,153.68,2487366,148.518,148.277,148.863,0.9976824328409343,54.54545454545456,-0.02520790711258769,-0.1043441046420401,0.03971314525404246,0.01395839909859785,0.013641189271276702,0.25330840857787806,1319104.7,0.024791775117126512,0.01327433628318575,1
2026-06-16,153.99,157.0,153.2,155.72,5696030,150.118,149.06900000000002,149.1885,1.0062303729845128,63.75000000000001,0.5183819797058788,0.0202011122275437,0.01327433628318575,0.014179951759026345,0.013157743071365649,1.2899846665106782,1806887.1,0.0244027742101208,-0.0011559208836373625,0
2026-06-17,156.5,158.0,154.0,155.54,2036077,151.934,149.737,149.4895,1.016352319059198,59.79166666666665,0.9240050308632988,0.2009618959546947,-0.0011559208836373625,0.014303279083828573,0.013179418839232909,-0.6425445441825272,1877514.8,0.025716857400025717,-0.0024431014530024164,0
2026-06-18,155.5,156.0,154.1,155.16,1920778,153.582,150.364,149.8725,1.0247510383826253,64.9321266968326,1.2009575064896012,0.40096101806167606,-0.0024431014530024164,0.014415386285485726,0.012715590131532103,-0.056628015541651866,1770826.0,0.01224542407837075,-0.02565094096416598,0
2026-06-19,155.16,155.69,150.14,151.18,1711788,154.256,150.685,150.0655,1.027924472980132,58.841619682214315,1.0867640613935237,0.5381216267280455,-0.02565094096416598,0.01705107627483513,0.014190865587634084,-0.10880486969342629,1806185.8,0.03671120518587122,-0.007474533668474614,0
2026-06-22,152.75,153.4,149.52,150.05,968922,153.53,151.024,150.08100000000002,1.0229809236345706,55.46912980068062,0.8947690367581913,0.6094511087340747,-0.007474533668474614,0.016956388624602494,0.013860387812483466,-0.4339707954489691,1828573.8,0.025858047317560782,-0.004131956014661764,0
2026-06-23,151.88,151.88,149.0,149.43,3130532,152.272,151.195,149.96200000000002,1.0154039023219215,51.41579731743665,0.6846900968101863,0.6244989063492971,-0.004131956014661764,0.01697871555881501,0.013508112200544225,2.2309432544621757,2098496.1,0.019273238305561102,0.003346048316937633,1
2026-06-24,150.0,150.84,149.25,149.93,1144815,151.15,151.542,149.95850000000002,1.0079455315970751,52.52427184466025,0.5521816384827218,0.610035452775982,0.003346048316937633,0.016628046575139048,0.013270053584719848,-0.6343065651461157,2144042.2,0.01060494897618891,-0.013206162876008953,0
2026-06-29,149.93,150.0,147.7,147.95,1017228,149.70800000000003,151.645,149.767,0.9996060547383605,49.95383194829176,0.28412308408388753,0.5448529790375631,-0.013206162876008953,0.01734268149376661,0.013280246822512509,-0.11144770115695546,2209817.6,0.015545792497465438,-0.0058127745860087066,0
2026-06-30,148.5,150.85,145.0,147.09,4088849,148.89000000000001,151.573,149.6275,0.9950710932148169,51.01367279585102,0.0022638396508227743,0.4363351511602151,-0.0058127745860087066,0.01735156714642318,0.01306216685991197,3.019599342526946,2420238.5,0.03977156842749333,0.016860425589774852,1
2026-07-01,147.9,150.0,147.81,149.57,1614217,148.794,151.16199999999998,149.71949999999998,0.9938184404837047,54.087494476358806,-0.02075709361895406,0.34491670220438125,0.016860425589774852,0.012240275405339143,0.013229137533214358,-0.6052148171771567,2332923.6,0.014641973657819067,-0.0035434913418466163,0
2026-07-02,150.0,150.0,147.95,149.04,2506984,148.71599999999998,150.494,149.7815,0.992886304383385,55.89041095890408,-0.08083609155261229,0.25976614345298255,-0.0035434913418466163,0.010891911230708765,0.013263231147890716,0.5530650463971076,2014019.0,0.013754696725711295,0.002482555018787025,1
2026-07-03,150.0,150.0,148.5,149.41,1276023,148.612,149.881,149.809,0.9920098258449092,55.70839064649246,-0.09746965299291332,0.18831898416380338,0.002482555018787025,0.011068735293177001,0.013180280496008313,-0.4910127069019986,1938013.6,0.010039488655377819,0.0004685094705842996,1
2026-07-06,149.68,149.75,149.3,149.48,1845753,148.91799999999998,149.313,149.8385,0.9938567190675291,53.97808480228678,-0.10380683471402108,0.1298938203882385,0.0004685094705842996,0.011150983494436731,0.013180346780873051,0.4464888172078403,1930511.1,0.0030104361787529348,-0.008027829810007936,0
2026-07-07,149.5,150.0,147.72,148.28,2477174,149.156,149.023,149.85399999999998,0.9953421330094627,33.45588235294113,-0.2033153749831058,0.06325198131396963,-0.008027829810007936,0.008324919768045665,0.013234399378238311,0.34209398548993275,2007049.7,0.015376315079579182,-0.028864310763420553,0
2026-07-08,147.8,148.0,143.0,144.0,2598535,148.042,148.41799999999998,149.721,0.9887858082700489,18.42672413793099,-0.6203854236271695,-0.0734754996742582,-0.028864310763420553,0.01189685876841096,0.014636063134738645,0.04899171394500357,2170011.0,0.034722222222222224,-0.005069444444444349,0
2026-07-09,142.51,145.0,140.91,143.27,1881258,146.888,147.802,149.49849999999998,0.9825382863373213,17.896389324960722,-0.9983134056289202,-0.25844308086519063,-0.005069444444444349,0.011901331454481934,0.014538453521828157,-0.2760313022530002,2045083.6,0.028547497731555824,0.0016751587910937005,1
2026-07-10,144.5,146.0,142.0,143.51,1100955,145.708,147.16,149.351,0.9756077963990867,19.29362150764355,-1.263888737332536,-0.45953221215865975,0.0016751587910937005,0.0117958673641725,0.014454942617071096,-0.41477723948549317,2040697.6,0.027872622116925653,-0.01149745662323165,0
2026-07-13,142.7,143.13,141.0,141.86,1050849,144.18400000000003,146.551,149.098,0.9670418114260421,21.995192307692207,-1.589181219580837,-0.6854620136430953,-0.01149745662323165,0.01166422273434203,0.01460839082762148,-0.04551139692357997,2044059.7,0.01501480332722399,-0.02629352883124214,0
2026-07-14,141.0,141.49,136.36,138.13,1714555,142.15400000000002,145.655,148.614,0.9565316861130178,19.022869022868903,-2.1234795322303057,-0.9730655173605375,-0.02629352883124214,0.013625195566851708,0.01547538097975371,0.6315902665368669,1806630.3,0.03713892709766159,0.006805183522768488,1
2026-07-15,138.0,140.0,138.0,139.07,843235,141.16799999999998,144.60500000000002,147.8835,0.9545892543792917,23.51738241308783,-2.442904369408893,-1.2670332877702086,0.006805183522768488,0.012011280108890294,0.012031172475536497,-0.5081901717938474,1729532.1,0.014381246854102251,0.014740778025454926,1
2026-07-16,139.0,141.99,138.5,141.12,1956544,140.738,143.813,147.1535,0.9564026679623657,29.133112269066757,-2.501793864413088,-1.5139854030987845,0.014740778025454926,0.013874592870928255,0.012151710441591499,1.3202831950761058,1674488.1,0.02473072562358283,-0.028415532879818572,0
2026-07-17,141.12,142.45,136.12,137.11,1431972,139.458,142.58300000000003,146.23200000000003,0.9536763499097323,26.577355229040606,-2.8393079261467165,-1.7790499077083708,-0.028415532879818572,0.01530157181032241,0.013200310802489254,-0.2681115272644009,1690083.0,0.04616731091824071,0.001094012107067055,1
2026-07-20,136.0,139.0,135.0,137.26,1476169,138.53799999999998,141.36100000000002,145.337,0.9532190701610739,28.087382969237524,-3.0594194226486024,-2.035123810696417,0.001094012107067055,0.015343291825546663,0.013276804474644004,0.030864430310089785,1653124.6,0.02914177473408131,0.004152702899606675,1
2026-07-21,137.4,143.0,137.1,137.83,2089646,138.478,140.316,144.6695,0.9572024511040683,21.39376218323585,-3.1515361857466644,-2.258406285706467,0.004152702899606675,0.015849944127427563,0.012614190000325601,0.4155872396724223,1614371.8,0.04280635565551771,-0.016034245084524446,0
2026-07-22,136.5,138.5,135.2,135.62,1926190,137.788,139.478,143.948,0.957206769111068,19.77477477477474,-3.364088792894762,-2.479542787144126,-0.016034245084524446,0.014346453291933512,0.012861931535873752,-0.07822186150190036,1547137.3,0.02433269429287724,-0.008479575283881435,0
2026-07-23,135.62,136.71,134.0,134.47,703067,136.45800000000003,138.598,143.2,0.9529189944134081,17.49347258485635,-3.5840193108267897,-2.7004380918806588,-0.008479575283881435,0.01436545041822686,0.012883857736082987,-0.6349960284291789,1429318.2,0.02015319402097128,-0.01658362460028251,0
2026-07-24,133.25,134.5,131.47,132.24,1132846,135.484,137.471,142.3155,0.9519974985156221,15.71201272871916,-3.8933777586558733,-2.9390260252357017,-0.01658362460028251,0.014410014370449297,0.012960128634044141,0.611291669215025,1432507.3,0.02291288566243195,0.02745009074410154,1
